DiscountedFixedCost,DiscountedVariableCost,DiscountedTotalCost
1.5424396547400808e12,1.0340794226552081e12,2.576519077395289e12
