DiscountedFixedCost,DiscountedVariableCost,DiscountedTotalCost
7.680830528964453e11,6.308526560771882e11,1.3989357089736335e12
