DiscountedFixedCost,DiscountedVariableCost,DiscountedTotalCost
7.680847654966895e11,6.308501345257253e11,1.3989349000224148e12
