FixedCost,VariableCost,TotalCost
1.738382645600153e12,1.177773235322533e12,2.916155880922686e12
