FixedCost,VariableCost,TotalCost
8.748164394013876e11,7.18511932126156e11,1.5933283715275435e12
