FixedCost,VariableCost,TotalCost
8.748144887589683e11,7.185148040678453e11,1.5933292928268135e12
