DiscountedFixedCost,DiscountedVariableCost,DiscountedTotalCost
1.3711715056990417e12,1.1579433770594268e12,2.5291148827584688e12
