FixedCost,VariableCost,TotalCost
3.686949400238319e12,2.832083030834173e12,6.519032431072492e12
