FixedCost,VariableCost,TotalCost
3.406224829279865e12,2.770422221540876e12,6.176647050820741e12
