DiscountedFixedCost,DiscountedVariableCost,DiscountedTotalCost
1.2364276139016304e12,1.7678256844198289e12,3.004253298321459e12
