FixedCost,VariableCost,TotalCost
1.4076405108665894e12,2.0134795550609255e12,3.4211200659275146e12
