time,Region1Beijing_onshore_wind,Region2Tianjin_onshore_wind,Region3Hebei_onshore_wind,Region4Shanxi_onshore_wind,Region5Innermongolia_onshore_wind,Region6Liaoning_onshore_wind,Region7Jilin_onshore_wind,Region8Heilongjiang_onshore_wind,Region9Shanghai_onshore_wind,Region10Jiangsu_onshore_wind,Region11Zhejiang_onshore_wind,Region12Anhui_onshore_wind,Region13Fujian_onshore_wind,Region14Jiangxi_onshore_wind,Region15Shandong_onshore_wind,Region16Henan_onshore_wind,Region17Hubei_onshore_wind,Region18Hunan_onshore_wind,Region19Guangdong_onshore_wind,Region20Guangxi_onshore_wind,Region21Hainan_onshore_wind,Region22Chongqing_onshore_wind,Region23Sichuan_onshore_wind,Region24Guizhou_onshore_wind,Region25Yunnan_onshore_wind,Region26Tibet_onshore_wind,Region27Shaanxi_onshore_wind,Region28Gansu_onshore_wind,Region29Qinghai_onshore_wind,Region30Ningxia_onshore_wind,Region31Xinjiang_onshore_wind,Region1Beijing_offshore_wind,Region2Tianjin_offshore_wind,Region3Hebei_offshore_wind,Region4Shanxi_offshore_wind,Region5Innermongolia_offshore_wind,Region6Liaoning_offshore_wind,Region7Jilin_offshore_wind,Region8Heilongjiang_offshore_wind,Region9Shanghai_offshore_wind,Region10Jiangsu_offshore_wind,Region11Zhejiang_offshore_wind,Region12Anhui_offshore_wind,Region13Fujian_offshore_wind,Region14Jiangxi_offshore_wind,Region15Shandong_offshore_wind,Region16Henan_offshore_wind,Region17Hubei_offshore_wind,Region18Hunan_offshore_wind,Region19Guangdong_offshore_wind,Region20Guangxi_offshore_wind,Region21Hainan_offshore_wind,Region22Chongqing_offshore_wind,Region23Sichuan_offshore_wind,Region24Guizhou_offshore_wind,Region25Yunnan_offshore_wind,Region26Tibet_offshore_wind,Region27Shaanxi_offshore_wind,Region28Gansu_offshore_wind,Region29Qinghai_offshore_wind,Region30Ningxia_offshore_wind,Region31Xinjiang_offshore_wind,Region1Beijing_utility_scale_solar_pv,Region2Tianjin_utility_scale_solar_pv,Region3Hebei_utility_scale_solar_pv,Region4Shanxi_utility_scale_solar_pv,Region5Innermongolia_utility_scale_solar_pv,Region6Liaoning_utility_scale_solar_pv,Region7Jilin_utility_scale_solar_pv,Region8Heilongjiang_utility_scale_solar_pv,Region9Shanghai_utility_scale_solar_pv,Region10Jiangsu_utility_scale_solar_pv,Region11Zhejiang_utility_scale_solar_pv,Region12Anhui_utility_scale_solar_pv,Region13Fujian_utility_scale_solar_pv,Region14Jiangxi_utility_scale_solar_pv,Region15Shandong_utility_scale_solar_pv,Region16Henan_utility_scale_solar_pv,Region17Hubei_utility_scale_solar_pv,Region18Hunan_utility_scale_solar_pv,Region19Guangdong_utility_scale_solar_pv,Region20Guangxi_utility_scale_solar_pv,Region21Hainan_utility_scale_solar_pv,Region22Chongqing_utility_scale_solar_pv,Region23Sichuan_utility_scale_solar_pv,Region24Guizhou_utility_scale_solar_pv,Region25Yunnan_utility_scale_solar_pv,Region26Tibet_utility_scale_solar_pv,Region27Shaanxi_utility_scale_solar_pv,Region28Gansu_utility_scale_solar_pv,Region29Qinghai_utility_scale_solar_pv,Region30Ningxia_utility_scale_solar_pv,Region31Xinjiang_utility_scale_solar_pv,Region1Beijing_distributed_solar_pv,Region2Tianjin_distributed_solar_pv,Region3Hebei_distributed_solar_pv,Region4Shanxi_distributed_solar_pv,Region5Innermongolia_distributed_solar_pv,Region6Liaoning_distributed_solar_pv,Region7Jilin_distributed_solar_pv,Region8Heilongjiang_distributed_solar_pv,Region9Shanghai_distributed_solar_pv,Region10Jiangsu_distributed_solar_pv,Region11Zhejiang_distributed_solar_pv,Region12Anhui_distributed_solar_pv,Region13Fujian_distributed_solar_pv,Region14Jiangxi_distributed_solar_pv,Region15Shandong_distributed_solar_pv,Region16Henan_distributed_solar_pv,Region17Hubei_distributed_solar_pv,Region18Hunan_distributed_solar_pv,Region19Guangdong_distributed_solar_pv,Region20Guangxi_distributed_solar_pv,Region21Hainan_distributed_solar_pv,Region22Chongqing_distributed_solar_pv,Region23Sichuan_distributed_solar_pv,Region24Guizhou_distributed_solar_pv,Region25Yunnan_distributed_solar_pv,Region26Tibet_distributed_solar_pv,Region27Shaanxi_distributed_solar_pv,Region28Gansu_distributed_solar_pv,Region29Qinghai_distributed_solar_pv,Region30Ningxia_distributed_solar_pv,Region31Xinjiang_distributed_solar_pv
1,136.21757565498172,128.0770733594112,141.35755281149187,141.58895138285388,174.72976931952644,146.07343405559448,141.0438945120731,133.3337604036089,104.8145536820848,131.030697618411,134.20566023793333,132.10761900097089,162.93723148818452,168.39102593610278,141.55473803293717,126.6382452306889,126.40834903180465,183.05069760683068,123.23775092941958,140.33251202008046,126.40957545076859,154.49007055093134,165.82167870568298,141.45264372650956,140.69515097094154,139.10214597933202,149.4161360616033,198.8130704507114,173.8681023579236,154.1689564848383,209.1566985245663,0.0,108.61570272155497,88.30475695167358,0.0,0.0,37.29079669897507,0.0,0.0,34.996500396871056,133.85188314069296,136.2606712427734,0.0,165.03481761957062,0.0,116.7736521268633,0.0,0.0,0.0,121.52183926936466,66.84630013380813,23.045043125614583,0.0,0.0,0.0,0.0,0.0,0.0,0.0,0.0,0.0,0.0,0.0,0.0,0.0,0.0,0.0,0.0,0.0,0.0,0.0,0.0,0.0,0.0,0.0,0.0,0.0,0.0,0.0,0.0,0.0,0.0,0.0,0.0,0.0,0.0,0.0,0.0,0.0,0.0,0.0,0.0,0.0,0.0,0.0,0.0,0.0,0.0,0.0,0.0,0.0,0.0,0.0,0.0,0.0,0.0,0.0,0.0,0.0,0.0,0.0,0.0,0.0,0.0,0.0,0.0,0.0,0.0,0.0,0.0,0.0,0.0,0.0,0.0
2,136.57124720442582,129.11367074476044,141.46704444637237,142.8571900351443,174.79230516357802,148.17630105579838,142.5396528747811,133.03575363588038,107.22914660229033,132.95886835560822,139.31323123528205,133.30342075432355,166.35532679208254,172.19902678264987,141.56747604974385,127.39033820431777,128.29193781988968,184.0956030087284,126.48318453530294,142.12142631139102,133.7908143354305,158.33358172272938,168.5813056915748,141.27659742592868,141.2080795714843,137.26043184882997,152.35018935418054,198.23523573046486,173.73677907487294,154.63006074414665,206.91466154977434,0.0,108.72243249817559,94.82576697017254,0.0,0.0,30.63999334487555,0.0,0.0,50.84283128894359,136.24477886449426,141.61703864357378,0.0,168.51236102746725,0.0,121.51406657129814,0.0,0.0,0.0,124.61431785316267,65.87863543738703,35.208208224408814,0.0,0.0,0.0,0.0,0.0,0.0,0.0,0.0,0.0,0.0,0.0,0.0,0.0,0.0,0.0,0.0,0.0,0.0,0.0,0.0,0.0,0.0,0.0,0.0,0.0,0.0,0.0,0.0,0.0,0.0,0.0,0.0,0.0,0.0,0.0,0.0,0.0,0.0,0.0,0.0,0.0,0.0,0.0,0.0,0.0,0.0,0.0,0.0,0.0,0.0,0.0,0.0,0.0,0.0,0.0,0.0,0.0,0.0,0.0,0.0,0.0,0.0,0.0,0.0,0.0,0.0,0.0,0.0,0.0,0.0,0.0,0.0
3,136.8373125146203,130.45217827932422,141.62429439174673,143.78904485917764,174.9580619655262,149.1473921666966,142.51811103595458,132.52409870199244,110.51203040946844,134.90781395737895,142.90582976099486,129.08771522537154,170.8373746983316,176.8446099040233,141.69684188748022,129.8286497675938,129.64192903404648,184.75190135325192,128.51148303327875,142.7228526266049,140.2373821868359,160.09482405281972,169.02427544506793,141.306400795159,141.44992701085357,134.10929991202235,153.93063020945874,197.83871702998113,173.38547169147222,155.90153003228124,203.19503425955077,0.0,108.8774782032369,99.35871560601566,0.0,0.0,35.283935678846326,0.0,0.0,68.41461858045153,138.34681814861938,145.44038835961715,0.0,172.86087545969053,0.0,122.39612235122533,0.0,0.0,0.0,126.44374983653073,63.28319516870452,50.82678171093907,0.0,0.0,0.0,0.0,0.0,0.0,0.0,0.0,0.0,0.0,0.0,0.0,0.0,0.0,0.0,0.0,0.0,0.0,0.0,0.0,0.0,0.0,0.0,0.0,0.0,0.0,0.0,0.0,0.0,0.0,0.0,0.0,0.0,0.0,0.0,0.0,0.0,0.0,0.0,0.0,0.0,0.0,0.0,0.0,0.0,0.0,0.0,0.0,0.0,0.0,0.0,0.0,0.0,0.0,0.0,0.0,0.0,0.0,0.0,0.0,0.0,0.0,0.0,0.0,0.0,0.0,0.0,0.0,0.0,0.0,0.0,0.0
4,137.2909909331472,133.28551051720882,141.94394785710074,144.83224519459446,175.34442762473645,150.4078946271008,141.84076061841466,132.50620724107876,113.57352023194112,137.84371802386806,147.82424317548504,131.8311829617711,177.48297234652455,181.21168386478814,141.83072085941717,131.62905303747064,128.88736630776475,186.5127893151879,129.26227904479504,143.1769267011589,145.2345274080642,161.63826773065182,169.16518744740472,141.58680691888037,141.48575316953327,0.0,155.07107590046587,197.96046036475445,173.1820537723614,158.25545189677115,203.68436929564382,0.0,109.1462944354289,101.68562254304547,0.0,0.0,41.86730665699703,0.0,0.0,78.49045403378128,140.55725689800624,150.22510432088154,0.0,179.0918457017341,0.0,123.87698502327504,0.0,0.0,0.0,127.32335561607312,66.08572416308978,60.95849418474519,0.0,0.0,0.0,0.0,0.0,0.0,0.0,0.0,0.0,0.0,0.0,0.0,0.0,0.0,0.0,0.0,0.0,0.0,0.0,0.0,0.0,0.0,0.0,0.0,0.0,0.0,0.0,0.0,0.0,0.0,0.0,0.0,0.0,0.0,0.0,0.0,0.0,0.0,0.0,0.0,0.0,0.0,0.0,0.0,0.0,0.0,0.0,0.0,0.0,0.0,0.0,0.0,0.0,0.0,0.0,0.0,0.0,0.0,0.0,0.0,0.0,0.0,0.0,0.0,0.0,0.0,0.0,0.0,0.0,0.0,0.0,0.0
5,137.826148394403,135.6850689866764,142.6502440680082,145.92091918269466,176.38369301556622,151.55294969793687,141.5096265424296,132.17682373399242,113.47858478857408,139.52496511211265,155.0649484397546,134.34572145234648,178.23798551780712,182.10018436612074,142.0138469941321,132.85173214304845,125.87172335038532,187.40563784284348,130.11786333743203,144.79955008548018,148.182040452582,163.27343841937392,169.5312473977566,141.66597050689234,141.28533713250135,0.0,157.83028016491585,198.0612725943729,173.27512001866506,159.48958909275035,202.81751901413259,0.0,109.58882406300074,104.88971782118378,0.0,0.0,51.03046002819027,0.0,0.0,80.04976502524237,141.46604700979992,157.4347955960178,0.0,179.7913298073155,0.0,126.56676121222942,0.0,0.0,0.0,128.80669254572652,80.93142378148919,62.5371738261557,0.0,0.0,0.0,0.0,0.0,0.0,0.0,0.0,0.0,0.0,0.0,0.0,0.0,0.0,0.0,0.0,0.0,0.0,0.0,0.0,0.0,0.0,0.0,0.0,0.0,0.0,0.0,0.0,0.0,0.0,0.0,0.0,0.0,0.0,0.0,0.0,0.0,0.0,0.0,0.0,0.0,0.0,0.0,0.0,0.0,0.0,0.0,0.0,0.0,0.0,0.0,0.0,0.0,0.0,0.0,0.0,0.0,0.0,0.0,0.0,0.0,0.0,0.0,0.0,0.0,0.0,0.0,0.0,0.0,0.0,0.0,0.0
6,138.32630895449506,136.73615162180397,143.29620818865862,146.72764878400636,177.5264964482517,152.24464473359944,141.07267600142137,132.03175568755654,109.61872148713402,138.76345195774496,161.6675095812621,70.54349565663625,176.52200447862043,179.15488042592642,142.08071951043166,134.0377321988222,120.80465842431154,185.89129248671554,130.5276226130161,148.26843528243216,149.1914949890365,164.97521444836138,170.0334773514669,142.10401089231084,141.05154537978137,42.448590723316734,161.90846744385112,197.67214838930158,173.30663689649438,158.049675353368,197.84014443101228,0.0,109.86099281801675,107.79120770202228,0.0,0.0,53.131207794505514,0.0,0.0,78.57806668457015,140.29303582837827,164.0789090747461,0.0,178.11345387763566,0.0,127.00812561299912,0.0,0.0,0.0,129.74141947815454,97.98248540572163,61.171472439531456,0.0,0.0,0.0,0.0,0.0,0.0,0.0,0.0,0.0,0.0,0.0,0.0,0.0,0.0,0.0,0.0,0.0,0.0,0.0,0.0,0.0,0.0,0.0,0.0,0.0,0.0,0.0,0.0,0.0,0.0,0.0,0.0,0.0,0.0,0.0,0.0,0.0,0.0,0.0,0.0,0.0,0.0,0.0,0.0,0.0,0.0,0.0,0.0,0.0,0.0,0.0,0.0,0.0,0.0,0.0,0.0,0.0,0.0,0.0,0.0,0.0,0.0,0.0,0.0,0.0,0.0,0.0,0.0,0.0,0.0,0.0,0.0
7,137.92963773476964,135.91794040538298,143.03719673029036,145.93985192609614,179.17287014768135,154.47460719572348,140.9412810198063,131.03623868021685,104.41404758983452,134.04360256425818,158.28266420032656,130.8246861447926,170.48322162057872,172.012844222607,141.99124777422867,135.65049588504684,106.74343223598531,182.3875578361367,130.07393854192628,151.954609467154,148.0941307168031,164.0521463752549,169.77912504388826,141.83163150053701,140.79318764052573,127.91796841939829,160.77166308284063,199.85781912274092,172.64648184666643,156.1716148611758,195.87704265831007,0.0,107.17448957958226,104.0350837896405,0.0,0.0,53.932822586875446,0.0,0.0,69.07891137307438,135.43397744786034,160.68612971484697,0.0,171.7504246480459,0.0,122.24230418657334,0.0,0.0,0.0,129.40644174630123,102.58236827534772,52.220824560248026,0.0,0.0,0.0,0.0,0.0,0.0,0.0,0.0,0.0,0.0,0.0,0.0,0.0,0.0,0.0,0.0,0.0,0.0,0.0,0.0,0.0,0.0,0.0,0.0,0.0,0.0,0.0,0.0,0.0,0.0,0.0,0.0,0.0,0.0,0.0,0.0,0.0,0.0,0.0,0.0,0.0,0.0,0.0,0.0,0.0,0.0,0.0,0.0,0.0,0.0,0.0,0.0,0.0,0.0,0.0,0.0,0.0,0.0,0.0,0.0,0.0,0.0,0.0,0.0,0.0,0.0,0.0,0.0,0.0,0.0,0.0,0.0
8,137.98513896827913,135.57572136184604,143.14783604024228,145.89380146450105,185.52294363149713,178.45376428650184,145.87746716131278,131.24190306336914,102.08866098721614,131.88219652025703,152.81362000038357,133.22638792899522,170.21036018444136,168.4219627416823,142.59386415018582,137.83622682227036,96.35066412227017,177.25489183100507,129.27724898517567,166.40749678001043,147.23557609896787,162.12208983225196,169.4902159046876,141.2906916951897,140.705343619004,136.30340662501038,157.88453988687934,5515.9493120452225,172.51270030427656,156.19285816614692,196.53973745283793,0.0,98.14153775180473,93.60131227875557,0.0,0.0,57.35650753048284,0.0,0.0,61.150142194168865,133.53876887826743,155.25952282449396,0.0,170.97459191438702,0.0,119.81136625002031,0.0,0.0,0.0,128.69453266095832,108.04473778340696,44.78148292380874,0.0,0.0,0.0,0.0,0.0,0.0,0.0,0.0,0.0,0.0,0.0,0.0,0.0,0.0,0.0,0.0,0.0,0.0,0.0,0.0,0.0,0.0,0.0,0.0,0.0,0.0,0.0,0.0,0.0,0.0,0.0,0.0,0.0,0.0,0.0,0.0,0.0,0.0,0.0,0.0,0.0,0.0,0.0,0.0,0.0,0.0,0.0,0.0,0.0,0.0,0.0,0.0,0.0,0.0,0.0,0.0,0.0,0.0,0.0,0.0,0.0,0.0,0.0,0.0,0.0,0.0,0.0,0.0,0.0,0.0,0.0,0.0
9,139.49433474415684,136.9501722481452,144.46031011900118,148.9122640414049,233.34932782842088,262.92109163776445,153.19390112648534,132.5150929949075,103.75047073056504,136.70120567304522,152.9900423177839,138.91054533572955,175.43842780973407,171.33774896870335,146.1540795277756,141.56647683324408,90.10940026710759,179.13940458872446,129.6207778301124,1763.5299111737766,148.60406402146253,161.96630522543032,169.44182788864737,141.0427378952761,140.73307743596786,138.00201164496696,158.53173566398482,35434.17612264807,173.57934753355454,157.65498570956638,197.5196345811696,0.0,89.85904499019887,85.9373286589816,0.0,0.0,62.984257645716305,0.0,0.0,57.96555085041387,138.73103578812618,155.56364327827055,0.0,176.05068287655712,0.0,120.55638237150312,0.0,0.0,0.0,129.09926846317177,194.4218983753588,41.33956294349989,0.0,0.0,0.0,0.0,0.0,0.0,0.0,0.0,0.0,0.0,62.773196780948446,112.71734452182291,61.858446873559636,20.367383487819286,220.01170104601542,245.39206668502533,94.31378197846055,89.8734585271902,123.50856952835044,136.59036385461752,148.7137631640083,139.0532572996186,166.66810860083413,166.06045691295446,145.24484008070715,24.834181570932962,143.53392295356127,86.58267780317213,128.63347671195237,1375.1794630019028,133.35627083965562,0.0,0.0,36.222449718886324,0.0,0.0,0.0,0.0,0.0,0.0,0.0,3.782774160670288,22.978775202777054,9.325237302005373,0.0,0.0,156.97116327934523,0.0,0.0,79.4316180275039,130.42872549922046,144.99685125558193,125.24038566008433,144.89280954838813,134.04225679642644,124.12007295852202,34.96703676749553,111.2676814699632,137.40351263267814,127.05903393026041,4.772225056347227,43.773540032681744,0.0,0.0,0.0,0.0,0.0,0.0,0.0,0.0,0.0,0.0
10,523.1347706099232,490.82707450025345,587.8863666683998,498.51239724642585,4717.202572241604,13726.848561645369,165.37759402395125,132.53991173380797,112.21540981504347,168.1181738583284,176.285769851674,172.80658909740154,194.10409350463453,183.93555573262432,946.4863112134481,174.2297689123351,76.69863002889905,182.63115979246436,129.05040200143958,11910.456913249192,149.0949200831686,178.6326247477703,181.40131659028214,140.63517704408923,140.78798327375353,140.21148567858788,494.0205694311146,121445.25450580778,179.45549186771802,192.9557065664227,202.02706068971565,0.0,71.79435399862045,77.78603360605928,0.0,0.0,76.96744586005228,0.0,0.0,51.28916649139996,172.2525317853041,180.00282200122797,0.0,194.55341283437377,0.0,275.09194362115426,0.0,0.0,0.0,128.74977860225556,203.06492259295018,34.094410287058324,0.0,0.0,0.0,0.0,0.0,0.0,0.0,0.0,0.0,0.0,485.05862293467584,504.3253720594914,586.8649881650185,503.3917296337407,4448.822782099725,7933.730860686516,146.8457194820494,124.55324891001052,147.9684091253204,171.83247338518015,177.0450396869876,174.17088856911533,189.36480793540335,181.7729881620789,944.4050484726034,158.4879867328848,175.9512956559135,146.68478346692825,129.14688208952896,8165.988233728218,143.8847901108815,99.96450724044867,173.6402582840939,132.46100210230694,137.42263200970052,136.0028946049887,473.3490895645005,677.9786303777644,177.41906002492192,191.8148112023239,0.0,104.51006081889564,214.56754163709357,510.41972503434783,0.0,0.0,1032.4335430401768,0.0,0.0,109.11872279922451,169.4129672413638,174.98481252578023,167.16753794325624,174.9510312750213,164.94215294201786,833.1190421361745,168.44428904514518,161.9161021501432,168.60006203386658,128.54288834506633,223.75818402746887,88.28873247865096,73.04593412794807,0.0,30.042656574113284,122.62185217822807,7.383917492401517,0.0,0.0,0.0,0.0,0.0
11,799.5551602155473,696.4729575039614,1003.6524098061079,925.7613075010731,5792.554901093467,31542.244835435555,165.83597089258717,124.0563657547824,127.06368330385459,241.80210913257483,269.27596561801613,258.2058413929698,320.01090523961295,276.9349842817554,1071.4542003239274,260.99528345998203,6.078634443022504,250.69666355661724,128.97248771767167,17933.033612626332,152.5700390486584,258.36629207583604,270.06199753211035,141.63777675203448,141.43671238268496,266.79902196793125,936.6120375662348,140481.26768877928,292.12244284794144,757.3968452723499,305.07074960175373,0.0,6.173845535265352,42.06637711094778,0.0,0.0,85.09781271025486,0.0,0.0,44.80401521774005,259.8258036483543,277.46368352732986,0.0,321.1200779695389,0.0,276.5571285395409,0.0,0.0,0.0,129.06440496512417,191.98372988481776,28.116315067398,0.0,0.0,0.0,0.0,0.0,0.0,0.0,0.0,0.0,0.0,776.555420958454,766.7243932532149,1007.1668010694168,966.0440349703805,5743.551514353584,15079.025192958212,153.90763280623386,120.11143133987323,195.88967278562387,259.49278729838454,273.1941593282965,262.6958052190105,314.1332975256255,274.9839421776645,1074.3018289419979,247.08799688291361,265.068451100241,204.36771449557446,129.73045045129794,11937.742466671896,149.80816436131585,184.2209573663769,266.0800628768758,138.09565222828368,140.33600870613583,278.42648471291653,918.0403063030234,6552.145547219585,321.0090360464193,779.0411582053167,0.0,196.4027932026579,369.6537682569597,896.4146275820771,0.0,0.0,1492.2435155761013,0.0,0.0,168.62361608831822,255.8620001464469,269.561701951595,251.89855048112088,287.59554344812034,249.5744708109675,990.1999826164367,256.57407429380544,242.0425679827254,232.63684005045437,129.27607857786683,520.6749091334492,117.95385894480742,147.5176988742341,0.0,60.11565072764746,133.73380928080536,67.33441839556968,0.0,0.0,0.0,0.0,0.0
12,1281.8518519391127,1229.6381235241665,2905.483532229795,2091.7285760317927,40088.83245875893,38477.45559567218,164.16548748172488,129.58436398546525,144.88430717183675,344.09343967492936,394.43716604347753,392.43211468467007,519.3247417013608,407.13688171379306,3888.3929587651237,357.24897089617434,0.0,319.3564573366956,127.85864839244354,14044.72890038386,153.14294571510345,338.262967703761,374.751868090641,139.54010395367789,141.1488441080877,1004.2859511020255,2052.233665771794,137750.604777236,1157.5933556973218,876.4990054645593,691.4083934910877,0.0,0.0,37.673857104442575,0.0,0.0,118.9735810581789,0.0,0.0,38.24678745976052,372.4915180587516,413.5800544415389,0.0,522.5237022533734,0.0,388.22410552640787,0.0,0.0,0.0,128.51216735895042,173.99424016612693,23.477178250075973,0.0,0.0,0.0,0.0,0.0,0.0,0.0,0.0,0.0,0.0,1287.1412657467297,1317.7654899298582,2953.471425958753,2367.3131222060138,41900.859116281485,18808.62145168423,155.61758674612003,125.2071532129162,227.7249698898416,372.4509499725883,406.12473689208525,396.9380547123649,509.96421446436455,405.22606094615196,3975.822715945185,340.08975109493053,377.51824346079843,257.91714814015785,129.37234277696064,11880.070401677734,151.58271531965005,253.1163502129328,371.3509611731567,137.48483758471153,140.65078364702188,1711.8605449066563,2018.5335692150516,20379.696710558525,2677.2088999853736,915.7661083445845,657.6323344173804,267.3674979495869,529.7950134620866,2278.1454301197605,0.0,0.0,1740.5687357065867,0.0,0.0,197.93696158825935,366.39473732154926,398.76163208457706,378.7831599946907,458.8155090198094,359.1646419430856,3163.744137126013,352.8057971423735,336.4341221044427,295.8048828631323,128.98218204519196,788.688295740505,127.06563910653446,206.03343248369578,0.0,79.57616312297792,136.40646185803362,147.20614148618614,0.0,0.0,0.0,0.0,0.0
13,1345.071204177991,1662.3701555066218,6700.269046972891,3265.170067735772,72166.7700513859,32219.814406182566,162.97890059087194,132.64986098816678,124.1888860229341,313.6931538044143,353.10497663560716,381.03153559495695,457.54164679707543,375.11995916107566,12507.491649241032,334.7082973108062,0.0,315.82520099829736,125.78581000813304,12631.903107305136,151.92931600013182,306.36998294388553,349.4469768489239,137.505386393876,140.6384064506625,1492.8680326334365,3452.9879234617056,194204.51089183986,2131.6854968911302,1870.5803583645952,3923.28051278966,0.0,0.0,40.82466007690784,0.0,0.0,153.331747728316,0.0,0.0,27.217002556601297,335.36737231516156,369.32528332079073,0.0,460.24088700377064,0.0,439.1170562347899,0.0,0.0,0.0,128.03813838191223,152.37419238389293,17.032501580735683,0.0,0.0,0.0,0.0,0.0,0.0,0.0,0.0,0.0,0.0,1412.9250324682162,1778.8189778904914,7020.644606891381,4127.086569094544,85865.76896514816,18617.22469720091,155.8730425457413,127.42904234144925,176.2465243905531,335.73426330404743,364.4152520442958,383.55512299311556,450.57080738838096,375.5683570718418,13523.941288207823,323.5468005178204,359.77919073280873,264.0349013834553,129.09982772006856,11572.847133539788,150.99116782097255,252.95967294268263,347.3992400306187,136.28099927425552,140.5129907716116,2865.514898038072,3418.3929149856594,31328.259534034893,5727.072803857169,2072.2191156640833,3790.4120113068275,301.4855414978322,625.9694070963013,4142.368501456654,0.0,0.0,1810.5415112318117,0.0,0.0,160.37792062877833,331.31423787416026,359.5328823327364,369.0793485750223,413.1528151800898,341.73717986857974,7058.55012829746,333.4139430707168,328.752590533973,296.45555676401705,128.82914521745192,981.1227728800789,129.508541779608,215.95683421397516,0.0,90.48649085872529,137.30114188374375,207.5429056226062,0.0,0.0,0.0,0.0,0.0
14,1316.581375979819,1790.6135002320873,9137.540978122957,3914.589869589104,78948.63694885286,20617.60826900773,162.57894105307003,133.67046508168556,104.77898210282416,268.0526293164514,297.551054434666,325.95213117169664,380.6824415484513,318.854715679727,14727.673558844075,297.0205930014806,0.0,300.98456588969924,0.0,4002.3535327333375,149.87620736116725,253.87589079979645,301.730572375547,133.4662575870098,140.46121106873244,2455.1294549663457,4262.294694607718,235532.89628933166,3552.648379632431,4508.953824767442,7759.90032614115,0.0,0.0,57.35211472709675,0.0,0.0,180.00477852178483,0.0,0.0,22.092366590340408,279.791249207733,308.7639026638982,0.0,382.8569902564709,0.0,458.3416162034946,0.0,0.0,0.0,126.10793699974643,127.06313410309563,13.802977894512473,0.0,0.0,0.0,0.0,0.0,0.0,0.0,0.0,0.0,0.0,1419.5440687341882,1908.500908649561,9747.086092499814,5371.930834050147,101667.32537992323,14642.3843334874,156.2237689418211,126.89371532761106,166.25171573415187,280.2126485484422,305.5460288094878,327.2812560574465,375.4642668816306,321.4950754996977,16005.915216853338,288.9909635437675,314.0382407705573,257.51390713594026,127.40013428653185,3939.6417474217315,149.15100441825402,230.250314405845,300.4362825594242,132.6729549053365,140.46763599011314,8958.210693203768,4217.687848127326,35454.6254805126,16026.854187486577,5907.038490651459,7696.762044731557,306.70911569333634,642.8511733999766,4911.417887476741,0.0,0.0,1694.3113447620456,0.0,0.0,152.00905003002396,276.9830281260539,303.5084858751525,316.85673816120106,350.77311220490867,297.8708686160485,7351.137219787615,295.62625284243893,292.32919799898036,283.96913140734273,127.10883688952634,1005.1213700950376,129.82171267824606,202.38543917533013,0.0,93.57925461332822,137.550780890491,253.74576736338093,0.0,0.0,0.0,0.0,0.0
15,1286.119558756532,1694.216074778412,6624.073954345093,3769.4283000382834,67220.21200085626,5141.586546486962,165.0741860633218,134.63769229122846,66.16101376958106,170.24648092038143,289.51132545614655,311.01038166059425,388.03630137944367,309.5305008364999,7364.587004093508,300.3087195825742,0.0,304.35442508850485,0.0,1471.7993042021362,146.43777667821567,0.0,269.86953253432944,126.31454601463332,140.53743753208892,4870.704850536888,4202.22999907331,264619.95750470605,4064.8013515553653,5798.212831058702,21283.814836731894,0.0,0.0,71.31497824571505,0.0,0.0,188.84505959132224,0.0,0.0,15.829927353179961,173.69841098745553,299.4512504368885,0.0,390.4246536451694,0.0,502.4444421218496,0.0,0.0,0.0,120.95417018814913,105.75983550510017,9.844252995622687,0.0,0.0,0.0,0.0,0.0,0.0,0.0,0.0,0.0,0.0,1430.6905991866402,1778.6622280499992,6919.410310522153,5159.5917433463255,82921.18707597097,4782.963198600995,158.52368015372065,128.5262376631584,156.5339312732945,173.8879731295242,295.5418200864734,312.2121871365806,382.17989905617424,315.3116388185353,7632.689417622658,292.52529232452764,307.91569253815965,256.3743662845708,122.3905960542595,1463.161436741288,145.76478340980083,213.72705851530262,268.83356411111237,125.94153680747056,140.51489302388376,18310.85270729429,4162.450894635157,36448.449747278406,23827.230936764892,8145.050107556926,22208.523228093014,288.0284707890417,593.0780857319595,4081.2722141730724,0.0,0.0,1295.5162514275805,0.0,0.0,140.6983273382014,172.34290654821473,294.0041551735586,302.3667732945352,358.2570823059146,297.349665135596,4886.0295875060165,298.73886747,285.9467117766785,284.6196842304898,122.12181285935486,771.6493516392195,125.18147206658048,189.56026854875395,0.0,92.06632563986255,137.5667178542983,277.3405810099936,0.0,0.0,0.0,0.0,0.0
16,810.0685808840789,995.1734714484335,1800.1989240963921,1822.146848787007,18897.58463576652,1510.1898117302285,163.96666673223592,134.62464202204671,0.0,167.0942895362657,252.3650619994644,258.10393032159595,357.42096847325655,264.24239230788874,1721.0469152525718,260.1644907977345,0.0,261.89938784668954,0.0,160.97147506830822,134.12330925129723,0.0,206.8196000446676,111.72491383545236,140.81312743333285,7496.536670975822,1996.8169405696444,250996.3376705412,4093.093339791655,3946.146672338642,28232.675908796493,0.0,0.0,85.00981769841697,0.0,0.0,170.0086228123241,0.0,0.0,0.0,169.1836619196323,259.4992790296118,0.0,359.3070867711319,0.0,486.2926060359181,0.0,0.0,0.0,105.08154532294168,71.71318785917752,0.0,0.0,0.0,0.0,0.0,0.0,0.0,0.0,0.0,0.0,0.0,895.3917673736971,1009.5327241501088,1817.9186523479416,2068.314573675323,19810.737518243684,1468.2156951016837,152.81117933803245,125.34370332789835,148.60433407209416,169.3325368347658,255.25359974056096,258.7535269502581,350.4423194507513,268.01231473053735,1729.9775456028215,253.26535926711546,260.04491328988877,220.02380409786682,106.23897613101008,160.78433064617315,133.1928660114592,172.31110763244527,206.233472033027,111.45309484500032,140.6077905964196,21407.203554726606,1984.7451360334105,33536.295908934146,17084.543347608218,4681.395881145477,30840.620877497488,229.5495704013164,439.53906827968257,1557.2518588346682,0.0,0.0,728.5626771138245,0.0,0.0,126.39434216298973,167.52073670345345,253.69960607867802,249.79891612359762,327.8186663524747,250.1857551525033,1551.9049402698854,258.6433802811605,240.51266191446797,247.07142007147854,106.01036954845355,148.6384085372685,112.14763293515229,155.42721882334632,0.0,82.4246119836608,137.33882752469296,282.45761320942086,0.0,0.0,0.0,0.0,0.0
17,449.07374473523373,529.3385952341652,623.9226582138002,602.5448360586303,4763.960429822135,157.80448492242982,150.60813475982826,133.29898287626207,0.0,112.30573559894097,178.532822324172,176.9732844938261,289.11932645460325,182.29561557772024,649.4028202526607,178.5029144179635,0.0,181.28926544106605,0.0,146.81255071474197,95.53575232015632,0.0,170.2542137323917,77.73532491162172,141.2428600397817,8515.439043197724,620.2481972915024,206627.477618144,2908.6102321949684,863.6598686461596,18048.79625542327,0.0,0.0,87.70137196413151,0.0,0.0,92.77188909116232,0.0,0.0,0.0,113.22174943917673,181.7876971504262,0.0,290.234776604116,0.0,351.62061731764317,0.0,0.0,0.0,72.4048092446088,68.05357932895684,0.0,0.0,0.0,0.0,0.0,0.0,0.0,0.0,0.0,0.0,0.0,470.3607987680529,511.7199439215314,624.0988858854593,624.6173364539942,4771.545916187961,156.17352242446003,101.1291698229606,65.88914034609405,105.70360172422033,113.19847185905019,177.62864095273656,177.0356362581893,280.8234218289254,182.531946207126,648.6474128503659,171.63715259188095,176.12928647327664,152.9233254211324,72.91742988728345,146.55926387721507,94.60749957514292,139.53609456077655,169.69423130554517,77.54358934016636,140.8284909821802,16403.56408766276,616.30261312569,25396.309618155086,5111.024619669863,885.6762156846116,19328.413984060033,103.1565925703748,204.6060484399355,562.8651808061588,0.0,0.0,117.07443605094292,0.0,0.0,88.18682751860696,111.61374367785103,176.46543242189594,170.96880740662624,260.6818938057147,168.01768069785393,605.8494908490158,176.1246356471329,161.60009405675257,173.06796949120428,72.7691320879984,133.44653168786147,81.10325372132365,124.84722848661222,0.0,60.14477013165354,136.66149018383723,261.8635233644853,0.0,0.0,0.0,0.0,0.0
18,129.8338182547596,137.2172865264325,142.3893782199741,141.0296919129852,175.44946874880907,150.78023653597228,148.02092008861223,133.26022226097223,0.0,51.08256333860339,146.53488439200046,134.35150959564623,179.25770141494723,147.49972413122237,142.3465484030686,135.48454358320862,95.74199232440067,149.9036401597209,0.0,142.695970320176,81.3789103624547,0.0,161.5886482304063,61.52208001978465,141.70239694601605,1973.569637649039,146.00753887182805,155926.0929120373,1766.2961361810883,160.76409623536492,6019.737644041697,0.0,0.0,78.53364069192948,0.0,0.0,83.22133069665286,0.0,0.0,0.0,51.31024009506646,148.62344872359756,0.0,179.66751038836293,0.0,126.75412812157671,0.0,0.0,0.0,33.55767919389585,66.04231133217384,0.0,0.0,0.0,0.0,0.0,0.0,0.0,0.0,0.0,0.0,0.0,93.03108638760382,109.72350483809767,140.74867419400584,140.4838237611017,174.56425859622726,0.0,0.0,0.0,44.71844951437121,50.76426803827161,136.5023144370765,133.41812717079904,167.76884509516466,146.2786074935032,140.23788356258927,113.22693909670434,138.42069193443507,113.87519951521257,33.59981040971505,142.14119390707936,79.96757231010409,101.39589840643615,159.72636596050017,61.10854002163535,140.7122786455517,2089.936654737883,144.53225858401277,13666.388367109268,2261.7112087935993,160.61537304736362,6145.960794595794,8.11028990971243,21.295334137423236,122.37778899109331,0.0,0.0,0.0,0.0,0.0,23.185556641210816,48.76010831637445,135.68626619495316,125.41859528537125,133.8452340482905,126.22820068022233,129.3923567222861,127.1841739462598,123.52429544585152,135.9427405479381,33.541693349263824,121.01878962531399,65.08125769564732,81.8984173247218,0.0,45.07314599575699,134.08492859367894,125.9898797768537,0.0,0.0,0.0,0.0,0.0
19,129.65297568255042,136.4281935136269,141.85552562906878,137.78289700616853,174.9296076705491,151.0519415325362,147.7003505672414,133.75072675912492,0.0,50.50636168592071,139.2904266622743,131.64877735851377,161.48555193276337,142.40735137601845,142.0754991818569,131.98776735941385,104.90674470464334,148.78519320679828,0.0,140.77704832439508,78.23208073650356,0.0,138.9284077675299,74.74570498577293,141.68649563060853,178.3688255977367,142.78008787137253,45296.910102107235,190.96821497389982,154.38232114955852,2180.810103260299,0.0,0.0,88.93506442490894,0.0,0.0,86.43944791483143,0.0,0.0,0.0,50.59880377258352,141.1990144703026,0.0,161.89256996860024,0.0,128.54795378513018,0.0,0.0,0.0,33.28449412287071,59.21857089537759,0.0,0.0,0.0,0.0,0.0,0.0,0.0,0.0,0.0,0.0,0.0,0.0,0.0,0.0,0.0,160.36022749081314,0.0,0.0,0.0,0.0,0.0,0.0,0.0,0.0,0.0,0.0,0.0,0.0,9.537490173763771,30.554772374930206,133.62785610797934,70.24043477693331,12.229845414814186,133.63124202804588,70.38116288882267,137.90023930060968,177.87637740682527,52.13462843387147,3406.3128123293345,193.21997855913864,133.38026577497686,2187.9619594986652,0.0,0.0,0.0,0.0,0.0,0.0,0.0,0.0,0.0,0.0,0.0,0.0,0.0,0.0,0.0,0.0,0.0,37.08136947215419,31.568051247972573,47.3209618989269,24.388329671086332,7.528411796855816,0.0,13.391671191395963,116.76600214467847,37.428625615590285,0.0,0.0,0.0,0.0,0.0
20,131.39476183414533,136.16868186725918,141.69031166009916,137.5621372799003,174.76103829130807,152.23329321450763,150.6758410029505,133.94976954490545,0.0,50.3195534005787,138.49361120273684,131.49473514371834,157.97924342079028,143.49938267732298,142.10576459620938,132.0515316972033,113.60906052582575,151.89985874241074,0.0,141.7476600733636,78.69140058797974,0.0,128.6564637424661,74.85310098152809,141.86386653923932,149.6051508055345,142.58409907833425,20345.056563629554,178.24455000795325,153.68648597528534,201.59188295221497,0.0,0.0,94.02490810030389,0.0,0.0,93.02730010317306,0.0,0.0,0.0,0.0,140.39105314557787,0.0,158.3715713496403,0.0,131.28732390155218,0.0,0.0,0.0,33.2512114915362,52.6012042763034,0.0,0.0,0.0,0.0,0.0,0.0,0.0,0.0,0.0,0.0,0.0,0.0,0.0,0.0,0.0,0.0,0.0,0.0,0.0,0.0,0.0,0.0,0.0,0.0,0.0,0.0,0.0,0.0,0.0,0.0,0.0,0.0,0.0,0.0,0.0,0.0,144.18181641845695,0.0,0.0,0.0,0.0,200.55248063199826,0.0,0.0,0.0,0.0,0.0,0.0,0.0,0.0,0.0,0.0,0.0,0.0,0.0,0.0,0.0,0.0,0.0,0.0,0.0,0.0,0.0,0.0,0.0,0.0,0.0,3.787954170371596,0.0,0.0,0.0,0.0,0.0
21,132.08262664390347,136.32734114094626,141.89610673349762,137.61696500493414,174.68709753671874,156.20653393202133,155.63960219782302,134.21363812085474,0.0,50.69689764849805,139.29654899592236,132.0746899978147,157.6322657472815,145.23437530266392,142.14793856680785,131.03301542511224,117.48472412670974,155.16497850079247,0.0,142.2634373403895,78.66595833621304,0.0,128.45587600398645,75.15509386936614,141.7219229742841,147.8860490303191,142.51470697890056,26031.280995556015,177.1543700461491,153.43221064944856,197.02429993290593,0.0,0.0,99.78602454174485,0.0,0.0,98.62259221288406,0.0,0.0,0.0,0.0,141.13586194463323,0.0,157.89717285124283,0.0,132.7929254362872,0.0,0.0,0.0,33.19453928627869,47.07110573292206,0.0,0.0,0.0,0.0,0.0,0.0,0.0,0.0,0.0,0.0,0.0,0.0,0.0,0.0,0.0,0.0,0.0,0.0,0.0,0.0,0.0,0.0,0.0,0.0,0.0,0.0,0.0,0.0,0.0,0.0,0.0,0.0,0.0,0.0,0.0,0.0,0.0,0.0,0.0,0.0,0.0,193.63075213994918,0.0,0.0,0.0,0.0,0.0,0.0,0.0,0.0,0.0,0.0,0.0,0.0,0.0,0.0,0.0,0.0,0.0,0.0,0.0,0.0,0.0,0.0,0.0,0.0,0.0,0.0,0.0,0.0,0.0,0.0,0.0
22,132.61568808222978,136.70955518445993,142.02507737655878,137.7795490711389,174.67303941634782,160.08434066695543,158.9751562444235,134.3377719542289,0.0,51.10889420193487,139.43983533606996,132.39280833079903,156.74246997420482,145.19462077852197,142.13063063252207,130.073181802139,118.07995586034437,156.87961863272193,33.1296282197,144.28678489755953,78.89384159236279,0.0,132.19260638070907,75.67090008299715,141.59210467809658,149.30945057600553,142.50286840467652,12544.60981919152,176.5964654119081,153.43991528624912,195.8224392882073,0.0,0.0,104.80352859220437,0.0,0.0,105.37858615115864,0.0,0.0,0.0,0.0,141.38043859180982,0.0,156.94642277330217,0.0,133.74085116385004,0.0,0.0,0.0,33.21677139977197,43.13135596066325,0.0,0.0,0.0,0.0,0.0,0.0,0.0,0.0,0.0,0.0,0.0,0.0,0.0,0.0,0.0,0.0,0.0,0.0,0.0,0.0,0.0,0.0,0.0,0.0,0.0,0.0,0.0,0.0,0.0,0.0,0.0,0.0,0.0,0.0,0.0,0.0,0.0,0.0,0.0,0.0,0.0,179.5020835036545,0.0,0.0,0.0,0.0,0.0,0.0,0.0,0.0,0.0,0.0,0.0,0.0,0.0,0.0,0.0,0.0,0.0,0.0,0.0,0.0,0.0,0.0,0.0,0.0,0.0,0.0,0.0,0.0,0.0,0.0,0.0
23,133.3549880153848,137.02406844061875,142.17978370911055,138.2480628981515,174.7284153048554,164.91653108893445,160.6766570575786,135.0496886010788,0.0,51.188632544874935,139.72256517634742,132.6131654788938,155.5749121845551,146.76198471342872,141.9087985569547,130.544784705668,119.35195005886933,158.33161678184382,33.294209493021754,147.51812060393377,79.0715566840241,131.31079774134147,135.58800847076213,79.28704285250632,141.72488363530533,150.47099264278785,142.95199773607692,4351.48040889726,176.35355831314394,153.61005652843573,195.4778963242063,0.0,0.0,109.12284934567818,0.0,0.0,109.98343401022414,0.0,0.0,0.0,0.0,141.91489183505723,0.0,155.77683013734145,0.0,133.33600399533108,0.0,0.0,0.0,33.2558350571297,43.323382273680394,0.0,0.0,0.0,0.0,0.0,0.0,0.0,0.0,0.0,0.0,0.0,0.0,0.0,0.0,0.0,0.0,0.0,0.0,0.0,0.0,0.0,0.0,0.0,0.0,0.0,0.0,0.0,0.0,0.0,0.0,0.0,0.0,0.0,0.0,0.0,0.0,0.0,0.0,0.0,0.0,0.0,0.0,0.0,0.0,0.0,0.0,0.0,0.0,0.0,0.0,0.0,0.0,0.0,0.0,0.0,0.0,0.0,0.0,0.0,0.0,0.0,0.0,0.0,0.0,0.0,0.0,0.0,0.0,0.0,0.0,0.0,0.0,0.0
24,133.9184551177306,137.12528979549887,142.43288902306972,138.9021207100871,174.79690783102342,165.18004742688674,159.7780568947229,135.8848725997106,0.0,51.236195784202465,140.1634165977157,132.5473366635066,154.9892623998801,148.76616617899785,141.78145440548917,131.24552653242637,119.52950096267634,160.41492059849105,33.385066657132256,154.26134207035602,79.10572748656364,141.1357958440629,151.56225834428483,113.60367966373985,141.59578302366072,153.51192916977396,143.8764956617291,493.6326306440719,175.96347133598124,153.75424067337562,194.40731562559677,0.0,0.0,113.30924249703678,0.0,0.0,110.06247930201674,0.0,0.0,0.0,51.188028963503385,142.42920243884782,0.0,155.20925171213662,0.0,132.49894482945933,0.0,0.0,0.0,33.29081307267323,46.53063987305807,0.0,0.0,0.0,0.0,0.0,0.0,0.0,0.0,0.0,0.0,0.0,0.0,0.0,0.0,0.0,0.0,0.0,0.0,0.0,0.0,0.0,0.0,0.0,0.0,0.0,0.0,0.0,0.0,0.0,0.0,0.0,0.0,0.0,0.0,0.0,0.0,0.0,0.0,0.0,0.0,0.0,0.0,0.0,0.0,0.0,0.0,0.0,0.0,0.0,0.0,0.0,0.0,0.0,0.0,0.0,0.0,0.0,0.0,0.0,0.0,0.0,0.0,0.0,0.0,0.0,0.0,0.0,0.0,0.0,0.0,0.0,0.0,0.0
25,101.77650671950333,100.4693075280425,110.30312834073186,109.77669037157068,115.00852175578302,113.41328374516735,112.9713347818111,110.78114340605083,95.81590319930532,108.28158417443845,107.06647024041871,108.69817305631457,111.3133053567843,113.19539123652689,108.29997985034368,108.17587129226203,102.8432456329722,118.95133376241063,155.41119370644196,214.5090631397295,150.94666724992578,110.38839170407088,116.48541226560738,188.73422491789427,80099.1862562677,126.7373154899829,119.55253267896637,127.73311226388273,111.67809587145405,113.30625669752159,122.80944554731832,0.0,29.837978498654735,85.0827166132787,0.0,0.0,76.54094082511828,0.0,0.0,42.73730255694391,108.8405021706933,107.91129072573113,0.0,0.0,0.0,84.57574923607825,0.0,0.0,0.0,152.9995934075057,55.7402723291729,31.28309966471684,0.0,0.0,0.0,0.0,0.0,0.0,0.0,0.0,0.0,0.0,0.0,0.0,0.0,0.0,0.0,0.0,0.0,0.0,0.0,0.0,0.0,0.0,0.0,0.0,0.0,0.0,0.0,0.0,0.0,0.0,0.0,0.0,0.0,0.0,0.0,0.0,0.0,0.0,0.0,0.0,0.0,0.0,0.0,0.0,0.0,0.0,0.0,0.0,0.0,0.0,0.0,0.0,0.0,0.0,0.0,0.0,0.0,0.0,0.0,0.0,0.0,0.0,0.0,0.0,0.0,0.0,0.0,0.0,0.0,0.0,0.0,0.0
26,101.57306138759603,97.30945898416144,110.23878457928049,109.80240260676588,115.02995862755938,113.52834416099711,113.46523823947763,108.42437870645227,95.88620930531211,108.60118903723404,108.0903090434937,109.09984890473723,112.35428618447685,114.90814346308653,108.2413834000846,108.4952119588305,104.70265303484317,122.58052737772829,157.25644242232661,352.7045211343989,151.30969280440442,112.30023756925877,118.23946949326114,184.13280702463908,73101.57039110294,127.24919279251168,119.72760782380476,133.84788292759708,113.1163258520762,113.65843167339307,124.99820762380409,0.0,56.39422418025078,86.94801522841372,0.0,0.0,83.08455160652656,0.0,0.0,41.630973539330846,109.21835775003785,108.92180492916026,0.0,0.0,0.0,75.48628287191639,0.0,0.0,0.0,154.93595828373063,61.37725918827334,30.17602324987924,0.0,0.0,0.0,0.0,0.0,0.0,0.0,0.0,0.0,0.0,0.0,0.0,0.0,0.0,0.0,0.0,0.0,0.0,0.0,0.0,0.0,0.0,0.0,0.0,0.0,0.0,0.0,0.0,0.0,0.0,0.0,0.0,0.0,0.0,0.0,0.0,0.0,0.0,0.0,0.0,0.0,0.0,0.0,0.0,0.0,0.0,0.0,0.0,0.0,0.0,0.0,0.0,0.0,0.0,0.0,0.0,0.0,0.0,0.0,0.0,0.0,0.0,0.0,0.0,0.0,0.0,0.0,0.0,0.0,0.0,0.0,0.0
27,101.18028851021154,101.27482168414126,110.13136145949431,109.3511215607572,115.21480278499041,113.69054359413155,114.9132693403061,108.57484382418647,95.38269252338816,109.10462139430521,109.27181399648234,109.6450240822584,113.23573130130882,116.09256910988819,108.13966888655102,109.70156109970563,105.89194808781156,123.71054473294407,162.32143172384994,789.143139491145,153.47902881741237,113.85471955616299,119.37992232305561,178.78310743232362,40339.66586217289,127.21348568297941,120.07300067440951,138.15270735778995,113.29673318313782,114.24346122359097,125.21629692386682,0.0,74.36386409005094,86.89852748224519,0.0,0.0,86.9736473136961,0.0,0.0,42.93545334998303,109.82916944132626,110.11673088778906,0.0,0.0,0.0,0.0,0.0,0.0,0.0,159.88190884865716,64.40098348940376,31.309636871320517,0.0,0.0,0.0,0.0,0.0,0.0,0.0,0.0,0.0,0.0,0.0,0.0,0.0,0.0,0.0,0.0,0.0,0.0,0.0,0.0,0.0,0.0,0.0,0.0,0.0,0.0,0.0,0.0,0.0,0.0,0.0,0.0,0.0,0.0,0.0,0.0,0.0,0.0,0.0,0.0,0.0,0.0,0.0,0.0,0.0,0.0,0.0,0.0,0.0,0.0,0.0,0.0,0.0,0.0,0.0,0.0,0.0,0.0,0.0,0.0,0.0,0.0,0.0,0.0,0.0,0.0,0.0,0.0,0.0,0.0,0.0,0.0
28,100.65587602206105,102.81424730423838,110.03539676750052,109.29056339400178,115.35400123597128,113.77098465339941,116.40628957074739,108.19458619454281,94.37986046576752,110.32941976963073,110.38553351036917,110.65033377595768,114.29807627738242,117.04878942681773,108.12106707157909,110.97260395629327,106.84147582269566,125.0115949149091,166.84226443110717,1147.0672999799092,154.99064786548013,115.03237470667483,120.5342297840275,177.2930680570255,18825.098083573095,127.38837745989429,119.64788377353841,139.75384334401042,113.6710700877881,114.66777031023057,125.64328296292615,0.0,82.04549878553775,87.43648656614661,0.0,0.0,90.23069312980303,0.0,0.0,43.067717180297215,111.07612397582045,111.30622585265826,0.0,0.0,0.0,0.0,0.0,0.0,0.0,163.79268844884987,58.488906234307365,31.33893718141302,0.0,0.0,0.0,0.0,0.0,0.0,0.0,0.0,0.0,0.0,0.0,0.0,0.0,0.0,0.0,0.0,0.0,0.0,0.0,0.0,0.0,0.0,0.0,0.0,0.0,0.0,0.0,0.0,0.0,0.0,0.0,0.0,0.0,0.0,0.0,0.0,0.0,0.0,0.0,0.0,0.0,0.0,0.0,0.0,0.0,0.0,0.0,0.0,0.0,0.0,0.0,0.0,0.0,0.0,0.0,0.0,0.0,0.0,0.0,0.0,0.0,0.0,0.0,0.0,0.0,0.0,0.0,0.0,0.0,0.0,0.0,0.0
29,99.53820718711759,99.30092283146696,109.97024942599865,108.94766800974453,115.49773907657368,113.6520797942282,116.76119057135992,108.81112978629304,92.26917274507385,110.91681574314904,110.56967225563064,110.63262110501526,114.45071150205166,117.14193253204286,107.94569564975731,111.45185223314957,106.5411351333343,125.40046890865852,167.5657584619792,2374.4913266287995,155.21035159893694,115.09712555116813,120.66986498543741,177.1263431725103,10627.8623112175,127.38828265022306,119.21252804782512,140.09401346726236,113.16497190339336,115.2850618769925,124.28579018200026,0.0,83.44456554052121,86.81993234812579,0.0,0.0,92.3154074316041,0.0,0.0,35.343603016557914,111.73903199264146,111.57755831495564,0.0,0.0,0.0,0.0,0.0,0.0,0.0,163.806887364093,51.00151587919546,24.60395351524327,0.0,0.0,0.0,0.0,0.0,0.0,0.0,0.0,0.0,0.0,0.0,0.0,0.0,0.0,0.0,0.0,0.0,0.0,0.0,0.0,0.0,0.0,0.0,0.0,0.0,0.0,0.0,0.0,0.0,0.0,0.0,0.0,0.0,0.0,0.0,0.0,0.0,0.0,0.0,0.0,0.0,0.0,0.0,0.0,0.0,0.0,0.0,0.0,0.0,0.0,0.0,0.0,0.0,0.0,0.0,0.0,0.0,0.0,0.0,0.0,0.0,0.0,0.0,0.0,0.0,0.0,0.0,0.0,0.0,0.0,0.0,0.0
30,99.84995650032657,3.5642431214668298,109.9146829690838,108.5386264387025,115.68798784358592,113.49250428168745,115.88853710397728,109.98505187726693,86.2956781423817,110.72667766852362,110.34571931115345,109.88991488638788,114.42610033872924,116.43982190804536,107.94592284601379,111.10918514681867,105.84901601628927,124.19460418835371,167.50259395422873,4029.9753320415166,156.5472134591106,115.03149825794256,120.74626614133877,175.83166925473392,7762.520385365903,126.88575831753468,118.62418854047974,134.44232884751273,112.76331395724104,115.31988495835677,121.87433903037004,0.0,84.24676250825081,84.31997979452265,0.0,0.0,93.16560489966363,0.0,0.0,26.734175359257346,111.61015484279346,111.47027464584625,0.0,108.71277833021686,0.0,4.786359493212474,0.0,0.0,0.0,162.93461112868047,43.38631864711332,17.876117153405215,0.0,0.0,0.0,0.0,0.0,0.0,0.0,0.0,0.0,0.0,0.0,0.0,0.0,0.0,0.0,0.0,0.0,0.0,0.0,0.0,0.0,0.0,0.0,0.0,0.0,0.0,0.0,0.0,0.0,0.0,0.0,0.0,0.0,0.0,0.0,0.0,0.0,0.0,0.0,0.0,0.0,0.0,0.0,0.0,0.0,0.0,0.0,0.0,0.0,0.0,0.0,0.0,0.0,0.0,0.0,0.0,0.0,0.0,0.0,0.0,0.0,0.0,0.0,0.0,0.0,0.0,0.0,0.0,0.0,0.0,0.0,0.0
31,98.11596892267782,38.5006063414523,109.842470921663,107.87649112652974,115.95060143045544,112.950914153501,113.65882737617028,108.95137454219395,78.99070123576735,109.64825030676906,109.58788710110312,108.85048142872478,114.47094061634999,114.7967856828842,107.96267611453203,109.84400236655657,105.81787711670776,120.2559939739487,165.07407596029466,4823.574783020831,156.53352089800433,114.60792385572915,120.872359805972,173.24107129240573,4693.935553729858,126.54564071119268,117.2891466892878,128.93401765481372,113.0908036341356,115.60153012546692,118.9278057321701,0.0,83.64507724045778,86.58126921402476,0.0,0.0,92.9527353491103,0.0,0.0,17.51066600683616,110.59801475977338,110.70431190800889,0.0,114.10104810530974,0.0,41.25925513258678,0.0,0.0,0.0,160.02248477470803,39.024925383869075,11.262175311136396,0.0,0.0,0.0,0.0,0.0,0.0,0.0,0.0,0.0,0.0,0.0,0.0,0.0,0.0,0.0,0.0,0.0,0.0,0.0,0.0,0.0,0.0,0.0,0.0,0.0,0.0,0.0,0.0,0.0,0.0,0.0,0.0,0.0,0.0,0.0,0.0,0.0,0.0,0.0,0.0,0.0,0.0,0.0,0.0,0.0,0.0,0.0,0.0,0.0,0.0,0.0,0.0,0.0,0.0,0.0,0.0,0.0,0.0,0.0,0.0,0.0,0.0,0.0,0.0,0.0,0.0,0.0,0.0,0.0,0.0,0.0,0.0
32,94.89428248353904,69.49191833822127,109.72477039923945,106.99499491422193,116.12047146957138,112.57391274378747,111.3608045133887,107.27545042070119,79.41009883248029,110.16167468519811,110.46548140927648,109.19349271032175,115.14788983221536,114.28595554320253,107.9600840401298,109.21088974709825,105.05614065361435,117.93574803422757,165.23383121154822,4689.760128225231,158.59074711361743,114.39903463460865,121.15902076278928,172.50427407218893,3388.0095715674943,126.03630031654234,116.13970682448382,127.74324465578957,114.10428531663008,116.32966408037504,118.49101867997547,0.0,82.09618910274774,87.80963472553715,0.0,0.0,93.0418234386693,0.0,0.0,19.16590260170006,111.23398062841261,111.64207498971024,0.0,115.16499795586199,0.0,70.50395277754731,0.0,0.0,0.0,161.51359918319176,47.313151742591856,12.414247626645412,0.0,0.0,0.0,0.0,0.0,0.0,0.0,0.0,0.0,0.0,0.0,0.0,0.0,0.0,0.0,25.45355925246067,8.68797519536598,13.622919724493611,29.195551412263903,0.0,4.967835179975897,0.0,0.0,0.0,0.0,0.0,0.0,0.0,0.0,0.0,0.0,0.0,0.0,0.0,0.0,0.0,0.0,0.0,0.0,0.0,0.0,0.0,0.0,0.0,0.0,0.0,6.223913622055756,0.0,0.0,5.217524275826639,0.0,0.0,0.0,0.0,0.0,0.0,0.0,0.0,0.0,0.0,0.0,0.0,0.0,0.0,0.0,0.0,0.0,0.0,0.0,0.0,0.0,0.0
33,92.06838603987188,65.38873249203883,110.10982791232493,107.72532155047942,117.74873313964918,113.9460248610682,111.48099909989995,108.0707833484098,83.69925463270839,118.06788457617401,116.27693135342376,114.9244803113838,120.94599597756428,117.65727727999575,110.00313600514744,110.21834023219145,106.81432786640532,119.74042762432902,191.80897365241023,5579.230425082784,183.02572524386918,114.91425093079854,122.10120718059159,174.20992232342059,3404.601290234055,126.30619871785598,115.82285556119132,128.2199185415891,115.23644715995695,118.84927408961232,120.20500955981106,0.0,82.00817637946872,87.9936642469566,0.0,0.0,94.15517521985394,0.0,0.0,21.352924330725884,119.80841017044952,117.615662825024,0.0,121.08100760747931,0.0,78.97724293536761,0.0,0.0,0.0,188.0554148189688,52.82200486463026,13.94027840336037,0.0,0.0,0.0,0.0,0.0,0.0,0.0,0.0,0.0,0.0,98.3608492032062,102.19403304305486,109.72946682197815,111.25256596923182,117.3069412139256,113.30566868856629,98.84509727070167,99.69310346098825,108.09778399551595,118.29698466587146,115.91921050665377,114.67892480506947,117.77439739732554,115.79489745738502,110.39537499313923,87.10415019033674,113.22218124914585,76.8069131929856,190.06814030554153,1361.1385318064417,159.40971036282093,8.311694414994406,0.0,42.78579374633512,0.0,0.0,99.84764910999144,0.0,0.0,0.0,0.0,26.214223587794976,54.81925144915366,101.79854759029783,0.0,0.0,103.7444068023583,0.0,0.0,89.30981917416919,115.85079828014332,114.5370384613944,109.81901989546739,111.17622392892335,106.37715452225804,104.56703556015113,102.04134618717364,97.24918397129801,99.43823836531706,189.18134723405,20.31787030152233,33.22378377396118,5.089008712281144,0.0,2.85708365573977,0.0,0.0,0.0,0.0,0.0,0.0,0.0
34,94.46235111763177,73.98619089625561,202.01319647475913,183.8091560732824,254.20670147076407,128.22510552786426,113.75032173449995,110.24918952335838,143.65076775583097,386.0351061233658,300.36985580598065,357.56812445829667,309.88530688106766,241.0867261316696,233.80797480217376,183.51369373202343,185.52790305501455,227.70054461425104,1340.9609562563887,9406.256768756435,688.6960434407215,203.8493873208509,225.11287058659946,178.16519117237561,6849.030883707428,205.05080465080994,207.87367890426367,240.14329254862332,188.0495739409884,244.0158233506864,200.4574962974317,0.0,117.26167745263194,132.10236213448474,0.0,0.0,104.10745645107677,0.0,0.0,28.13259076056443,397.55270991905434,308.0741418119999,0.0,311.463020139918,0.0,139.26035651381287,0.0,0.0,0.0,1125.5870922988292,64.76868653574081,17.870699285328445,0.0,0.0,0.0,0.0,0.0,0.0,0.0,0.0,0.0,0.0,185.63299478721885,191.30063891575412,202.44788575071482,208.65857637746643,254.1377148928632,128.65203720046026,109.49196527079508,107.5033117819535,267.0875975223419,393.82470828377336,304.32758304349505,358.9796168997097,305.48993382084257,239.3241342839101,237.05713730933553,173.1737303197911,212.14082566488912,175.3193440475186,1440.35309930403,4010.6324259004673,616.0755765940804,67.56947588076075,218.12831503376628,159.9618746894085,2566.9411665627063,199.7652251622428,204.7433600982469,228.66294626969807,198.44823065900562,242.82961583169183,0.0,93.77365735821408,131.08942387208046,193.28753661386867,0.0,0.0,122.68040941332315,0.0,0.0,211.6980504467727,380.863943559957,301.4479304928876,342.72142491337655,284.3015894012022,223.83936737609966,230.60236571371462,183.87414511330124,194.20579909102463,207.6926642567196,1422.0656313258787,154.45929539954204,126.26629329700698,44.39470891752224,0.0,25.31987974597841,410.97754413279165,12.462242695770554,0.0,0.0,0.0,0.0,0.0
35,9.981285848497775,333.1359619119355,654.9515481325727,343.8776591508299,1091.708265846961,192.26168522459375,114.96191838811143,111.53935807217152,137.19106589637957,2759.8848874022297,1718.1274547117766,2628.7298441422067,2224.975072966121,1142.4040266243835,962.6223925930084,520.8056898501848,457.51015187001286,959.2613264295337,2423.9681100307953,11280.50777183185,977.5857834825637,487.6311267559128,869.7226004959049,278.32522514470526,25084.87440932589,1174.2837182393,684.4795928147321,1133.9947859994197,769.919447708582,1750.2931509097407,467.52827903055305,0.0,158.59919422050194,207.98726852383038,0.0,0.0,136.0805482778998,0.0,0.0,34.40466877329358,3217.3567753361,2002.4862189210992,0.0,2332.5921333433184,0.0,227.1560330456609,0.0,0.0,0.0,1921.1680393455842,82.2147143189636,21.21140690735316,0.0,0.0,0.0,0.0,0.0,0.0,0.0,0.0,0.0,0.0,490.5128255853253,562.9198351921101,661.6362852194726,717.0163137609436,1094.7964589824437,193.04794880760312,112.16570522168156,109.61876045977803,801.8745874353215,3166.624209893641,1920.2379605141857,2680.5808359814873,2140.0940214253783,1131.2073651941573,1003.3439824983361,531.7656820613124,836.7110239058064,468.33382465109486,2856.8603117594903,5943.933968208717,943.209580157312,188.9195672606056,835.1677092304648,256.83261131823843,7570.4905678236155,1242.3480362736327,675.6154724545773,1091.1114797982898,984.9723161443791,1791.1450424093402,284.71273866420233,164.81867329719125,317.79566255790405,593.6528092764224,0.0,0.0,183.36888032754393,0.0,0.0,472.3162097981,2692.7804172243855,1799.91843774153,1970.2438821406315,1396.188879917678,890.0247032615764,937.7571685438397,601.9405740070063,627.2530838154187,633.7015184666282,2777.139235972349,272.6308649946721,280.764517014611,123.43030083869988,0.0,48.07032940903475,972.2095500253226,87.97163475439922,0.0,0.0,0.0,0.0,0.0
36,373.92122182842826,493.9004226578243,699.3358612914875,500.96621881799865,1593.69186691805,212.93368470234952,116.07563405564392,111.87841051035008,71.29157822155467,5714.052329342987,2868.155599253729,6369.8108674348505,4522.120120704112,1956.0021048047317,1827.1229725046537,680.1797722119138,438.24726962856295,1296.2846996752687,3328.141525450045,6817.669686689328,1235.715972671585,0.0,1008.1297924606503,744.6438321289861,106319.78948268943,4525.0100089130465,922.1385934121571,1689.5309794662126,1444.4249682112281,2562.1975577756684,487.1113917362635,0.0,163.19579740329863,205.7403110287222,0.0,0.0,136.40194266331596,0.0,0.0,34.69064535360045,9953.419489824753,3556.2995350776346,0.0,4912.070951765059,0.0,215.2181325820673,0.0,0.0,0.0,2330.200022411748,87.67981102008956,21.374813722920088,0.0,0.0,0.0,0.0,0.0,0.0,0.0,0.0,0.0,0.0,517.5843643656855,605.1968119809956,705.5794504042865,912.2055045325084,1603.5118082514828,213.4366792270015,113.70733943936706,110.21192143255388,944.7980321614526,9785.798578762793,3357.1937537966755,6829.368232252122,4266.358534611672,1945.4321128389936,2011.0315711103226,666.7175472425124,1218.8627702796994,620.7725740180372,4004.033877058589,5519.479253602586,1219.8786910030854,329.4525418413208,979.7568665002103,627.3175780181504,12816.991376146036,5829.414889266382,917.0607982951253,1657.9811215427683,2126.055631561684,2694.2691800363577,480.7296815051991,195.30298733767714,370.5297439039308,654.1194969244622,0.0,0.0,204.29861292106733,0.0,0.0,565.5888974990339,6379.740731879388,2922.1750813164604,3199.7894420508983,2136.494688246658,1383.3972181276656,1775.618910231339,752.8453428550143,912.3306891312146,646.1743835468101,3684.6971042313685,384.644098813236,358.89476520598197,228.7685799684874,0.0,81.37873831547655,1349.969119006903,164.99110622896833,0.0,0.0,0.0,0.0,0.0
37,470.3787766698246,646.4833653941641,1046.725830067153,796.1654671977315,20106.28366597058,840.8464329950931,117.07866729431515,112.25259280654143,0.0,6144.392496138384,4003.7130300061267,16866.452128767898,7149.122707949399,3140.7296057034346,4522.445388571668,763.3175443983653,376.07482227875914,1546.7690300571917,3197.9093462364895,5090.66719558146,1460.7092249256261,0.0,1294.4535221718497,961.4871034401845,130173.68954294067,9695.337093939692,1356.8878707861672,1941.946203628433,1776.777995289847,6235.902904774392,500.32085086880505,0.0,172.21553868506368,224.03401488022268,0.0,0.0,192.9081327283058,0.0,0.0,36.722778951106605,17064.090420817975,5370.613402394504,0.0,7837.938006828164,0.0,210.94396508774167,0.0,0.0,0.0,2267.077186370309,87.38020036501614,22.692801932585184,0.0,0.0,0.0,0.0,0.0,0.0,0.0,0.0,0.0,0.0,557.1224598193094,758.0910237676939,1057.194339444436,1386.5086490902313,21072.772301488898,842.1127971032689,114.80688960211083,110.55994889411025,927.7531266215799,16623.80650195253,5040.973293460215,26429.86464621997,6503.318488695385,3084.105536050533,6317.621956112021,714.7610540308498,1420.1155178030547,666.0665208331244,3767.1685806604387,4807.967907248795,1475.5575401347248,429.3980046687237,1261.5489733813447,822.9256921777957,16847.93284418222,18648.139312323892,1353.2546436797404,1925.5890454500743,2974.6436522777058,7299.741077873165,518.7684157720014,193.363108396568,441.56739597883956,939.2713408843694,0.0,0.0,691.7800737911257,0.0,0.0,579.9647543552053,8097.167931442108,4324.386898260654,5997.66776365489,2616.2121738565297,1905.3183576008585,4136.984653284592,801.9772353308632,1094.505477279557,731.1319605371572,3359.219886566148,503.01055713859245,412.7553884811567,304.8763595181797,0.0,123.53212255370397,2120.6753972086926,226.85028674326443,0.0,0.0,0.0,0.0,0.0
38,547.6184803814346,871.5247648417854,2081.1146138033364,1122.1432485924797,36709.01114665998,1811.3814032017358,117.69321486598727,113.24250745570907,0.0,4971.75898701067,4081.242536145616,15037.59341963589,8529.122534896434,4282.083258424507,5273.592139662411,863.6991065991247,352.1539074729502,1714.6072335590502,3059.189574703108,3675.4541003814297,1619.1799353444444,0.0,1609.5968235786415,1627.3040433842566,129652.96547143797,15571.967405933738,1682.3471241262241,2371.956475545531,2545.1551183579054,9503.420010694885,733.5005059504826,0.0,190.30041331707446,270.65294257842373,0.0,0.0,195.83981523114002,0.0,0.0,42.79977792121887,10860.292771949971,5200.68503806312,0.0,9224.247693647776,0.0,198.26623970629961,0.0,0.0,0.0,2106.3112003516862,81.95981605776213,26.59235998612005,0.0,0.0,0.0,0.0,0.0,0.0,0.0,0.0,0.0,0.0,613.0185940696329,1034.447301923663,2114.164947676926,2092.292901834867,40091.88511163171,1800.4070643845935,115.2694400959655,111.2803116277874,855.6349653200996,10734.554052099797,4913.973983243579,23516.6551189845,7424.66275522915,4141.5450595564635,7621.1119561372125,806.9858637396741,1560.2901358349045,716.1836159265426,3474.698830393294,3654.037333303215,1634.6091079861828,418.80424851682085,1565.660653116936,1300.286059519319,19563.244857693564,39629.02962132216,1680.669457681276,2361.1790123074456,7522.863931039751,12818.741337648504,798.57473598328,184.9515468920817,510.7490500583831,1727.850495629813,0.0,0.0,1140.3187173949023,0.0,0.0,527.8918506494476,6513.829565516275,4084.940693821322,6129.3744023027175,2735.4088211462263,2186.7507572574564,4445.428819638005,911.0694179970675,1188.169282402125,804.090008160493,3098.364354091977,567.1269447695597,424.8815525570194,286.5415806393216,0.0,184.15564208324395,2802.068886641113,269.16250217714895,0.0,0.0,0.0,0.0,0.0
39,737.5778968557589,908.7977729573131,3160.0212716795822,1540.435236776655,27111.794335532977,2227.788636017422,118.76510064636392,113.49551588921258,0.0,4779.452526312682,4407.950968340444,10236.57043727643,11207.099020390398,5816.007365478839,5046.857787353219,1297.5653393877521,349.968477974952,2327.3718121350767,3350.572702643058,2489.33202218555,1719.6268182053007,699.157331441202,2774.3752290626844,2472.5189145473223,125824.4439338597,17622.02468763242,2371.2356604539978,3773.3520373835036,3309.3698841645023,9848.109938888922,1664.0084515877938,0.0,203.11631864432272,310.05712402070293,0.0,0.0,203.71066593924817,0.0,0.0,53.622129943146305,8702.797318432304,5549.938581678035,0.0,13549.337668647673,0.0,210.37165976691992,0.0,0.0,0.0,2101.9922179314217,73.74126550206374,33.353614721487276,0.0,0.0,0.0,0.0,0.0,0.0,0.0,0.0,0.0,0.0,839.0884433922139,1076.6908745429973,3219.1131690956636,2946.4485766859525,29335.04570334651,2192.027184661001,115.84672944999896,110.8655820150819,1010.54685513812,8667.668182778485,5048.431572542043,12934.27665902641,7817.888773587363,5389.712891292952,6419.274099073618,1131.7311468019925,2323.9216429081325,842.6917015031279,3995.296813305529,2522.7822391802447,1696.9273112352478,442.8764878643166,2643.034950556512,1742.567814794528,20908.820552381196,52347.30578281291,2376.2272199582453,3736.3940616929626,20791.327857563716,14279.945108315304,1792.1111476207443,213.4827306691266,419.3245158555383,2438.9562048037023,0.0,0.0,1179.7718836419494,0.0,0.0,548.9994477002833,5350.307822999019,3780.5694292043804,4945.949633854995,2698.6304978383055,1790.9350623259663,3912.4019269757573,1390.4005802424297,1521.2058277875258,1150.6284189776889,3414.926081451789,558.2944126423732,364.26219543258094,288.0004618948882,0.0,179.8206949290336,3318.270488247809,290.86732672059884,0.0,0.0,0.0,0.0,0.0
40,585.1824188512804,620.851429705791,1268.3071751476832,1077.9981052943501,2476.455828875487,885.10234100643,120.11373268428116,113.21480398850525,0.0,1753.301399725885,2913.4982696002326,2514.9622209456484,9217.846786619095,3489.9504041869563,1359.5382360043188,994.0552665727331,240.54389354363005,1747.1485145829179,2518.1265228979264,1301.801206466571,1497.377615114358,637.2283561340042,1961.5968106227656,2152.025127601817,134672.0711109016,18140.172211549707,1378.5904562886842,2364.046165287661,3257.0226960495947,3873.903563476599,1652.736750068012,0.0,195.22273765323013,318.32641039221267,0.0,0.0,178.89901916294176,0.0,0.0,62.404796914455716,1985.0922646934919,3261.2252331164555,0.0,10873.592049959463,0.0,209.09062900508488,0.0,0.0,0.0,1720.7088767512614,65.94381643539936,39.11778246101141,0.0,0.0,0.0,0.0,0.0,0.0,0.0,0.0,0.0,0.0,628.1943683408678,701.2169385545466,1273.43133552057,1384.7943463392626,2503.4154695046595,875.0230670606101,116.05254158579913,109.62648627826343,852.7480347543612,1967.0152193442618,3009.374542648132,2607.444350426917,5906.503931675265,3285.509648803643,1429.9963173416756,861.2712135135534,1471.2535564113125,758.0275843395837,2824.0662686559544,1308.8448609005782,1450.3743519986328,373.2180208285131,1887.4599825249802,1559.1444882020812,20117.753997794764,51398.42178478584,1381.4932932755682,2346.6322910119716,12869.622013681208,4408.176552454847,1739.915401619669,176.5549412160872,307.56536528223876,1118.813796594308,0.0,0.0,638.1703697352941,0.0,0.0,456.06256383207347,1730.4791440093509,2565.593515408832,1889.5729167765394,2237.611758762006,1388.239285618225,1282.3180000431194,1016.840314096628,1081.1399497984305,1131.978461993734,2659.00486482332,434.5330313413974,278.04981475244097,244.41618620952266,0.0,142.4760688267371,3186.879937536939,292.8457729158598,0.0,0.0,0.0,0.0,0.0
41,468.13009602760405,484.76495755504834,690.1139174240143,672.3810556928731,1092.7896364723892,203.0673483157841,121.03741468622076,112.324464569582,0.0,979.1968332473218,1496.0809734742675,1147.5194321297408,3916.3800514428963,1635.7255148752472,865.040008778184,673.8782347852404,213.87244662149885,1046.164418033129,1769.3669268870665,667.1997657691761,1059.248863448625,0.0,1111.4709132347969,1207.3621920410744,132955.30947807807,18291.62457027313,756.9285792437981,1628.410796713439,2155.366021223987,1943.920839579942,1082.141323549564,0.0,179.80033486216863,282.46174693100573,0.0,0.0,116.48211215806504,0.0,0.0,61.457933882362276,1056.320187661953,1567.9418559196706,0.0,4121.984273166603,0.0,188.94121422378555,0.0,0.0,0.0,1322.5696422069752,60.003159981828134,38.86188757903833,0.0,0.0,0.0,0.0,0.0,0.0,0.0,0.0,0.0,0.0,479.7300546552483,549.7315090168993,689.7428391740164,754.9775198959096,1097.2457861876137,201.98631530491085,112.18567656116151,103.98401016614977,594.5051185575867,1039.6788833873245,1480.6798982108446,1159.3341655179117,2743.4298080687327,1557.649207119173,897.3852172042882,572.1361832833214,797.6029127505556,508.0868285740475,1888.107602179005,664.8073551643172,997.7267079327614,312.7447407253842,1084.5295162798507,1024.5658444261867,18041.146841638925,46418.93072734571,759.4086605926477,1611.9510564093248,3507.364463176401,2042.5789176876208,1111.152759048025,126.9168996217852,264.11432419724315,600.2870032525589,0.0,0.0,181.43313325346756,0.0,0.0,309.97378664597073,927.3182999207305,1356.8090896671574,879.2157062218213,1465.4129090986078,948.2806811844688,827.4534586614841,664.1405465903221,613.4037648081372,805.4915709092514,1858.5852406769518,296.99063659706826,243.95299314280794,214.34550370721044,0.0,88.25859443209589,2811.5093985902568,281.67343544798933,0.0,0.0,0.0,0.0,0.0
42,118.81612937848817,118.0626827993132,127.16810129218459,125.26492865740568,135.9467635620888,119.99863573822722,116.79045283234757,112.32996041613319,0.0,127.3047440830819,137.7833691892114,130.98566526882394,175.01277082496358,144.47135864776328,123.49724214747226,125.010982451224,88.27342924409781,134.22217709743478,194.76813919727576,155.15459076845417,226.3988351340238,0.0,137.43957512149052,202.81457805272396,118084.4559938163,10528.108379850273,126.37916368585422,149.81885633770275,177.4535544199889,147.6726425685193,145.1427770042102,0.0,86.67557785698054,105.7847937558678,0.0,0.0,85.09543861359565,0.0,0.0,48.2862394830789,129.57713867278642,138.33945111506551,0.0,175.53538436744986,0.0,87.71480364302664,0.0,0.0,0.0,192.06019143446974,51.227359623438105,36.29845902502941,0.0,0.0,0.0,0.0,0.0,0.0,0.0,0.0,0.0,0.0,117.03468246731896,119.67902783787477,126.957583398287,127.05570746122063,135.9332069354764,116.76920404625423,53.562001952465856,21.29681586047183,110.96679217184912,128.5346263457967,135.90659693410868,130.8141187407763,167.1670029293981,142.85246695598985,124.50086340266608,117.73983479994455,126.27132977133115,103.20494071541536,195.2817446597983,154.30031919916232,226.9669882482077,103.14886157685189,136.71785125523073,199.44127401636447,12631.618306810205,13552.956413834238,126.36240622751416,149.4440591235815,182.2396305814067,148.17249581635394,145.4482566692974,50.55376750078808,87.89725113569163,121.35015743429234,0.0,0.0,61.471867413562514,0.0,0.0,72.53580790171108,125.55044618993705,134.78638386311735,121.8630954659301,158.68911436817257,134.17814375819748,122.29888014931412,122.97102414865523,115.53544770156243,122.58659446526066,195.14151781368838,117.5986803301703,130.78482980769778,90.08637577015266,0.0,44.97386356679641,1967.187276506315,206.66981281818,0.0,0.0,0.0,0.0,0.0
43,103.93306175048079,105.04478875970148,110.3531410742562,106.77405184904654,115.58063812319119,114.33424489148791,113.88496924785585,110.95063906389413,0.0,108.29343851727913,111.82331095088571,109.49863271919114,138.609379260064,116.59176035826135,106.34154095110748,108.04979678337823,0.0,113.54275044222817,154.03843616006975,146.33448807768445,159.4869887902579,0.0,120.24884116921442,162.54972500807696,109732.4826788645,1302.171663120241,108.33819375772791,123.1815982825708,122.37273882761635,115.24170480211993,118.27969929206006,0.0,77.32165233619843,92.69127288015954,0.0,0.0,80.43757957876424,0.0,0.0,46.18039214965675,109.69425879561356,112.18299195232362,0.0,139.09627047470252,0.0,77.70392734825087,0.0,0.0,0.0,152.12679872312052,50.34363360955048,34.87427801300022,0.0,0.0,0.0,0.0,0.0,0.0,0.0,0.0,0.0,0.0,0.0,0.0,89.32286437671422,103.46689628006955,115.08429071846393,0.0,0.0,0.0,0.0,11.637329344588107,0.0,89.11663023812194,73.28472927065829,86.9306654813793,72.06676607723247,66.54692648744309,102.73429239707332,17.136012473513034,143.0199948929096,133.42514475715927,150.41259677225872,56.87857016038321,118.43403406378528,150.7055920377247,5036.029054767677,1317.7424918938812,107.02467823487183,122.22652327855599,124.57914963351868,115.52629098751943,118.60114745999795,0.0,0.0,39.09432174886906,0.0,0.0,0.0,0.0,0.0,0.0,0.0,0.0,18.542407462931436,41.329341524957144,36.37666821235767,28.686246703170784,89.53970887675116,29.506555243500024,29.805075446017916,136.98310802450385,31.551806283983566,44.22751361647186,40.620496926304966,0.0,7.056276739527503,776.11746080218,93.14058014023294,0.0,0.0,0.0,0.0,0.0
44,102.86071745336133,104.44716258779252,110.08504214115078,105.48325814944093,115.34066622512285,114.28327879480094,115.69427918762187,110.68319136870741,0.0,108.3714089039951,110.51680726137292,108.79323121125495,138.61150503867847,114.80550520648336,0.0,107.42232151632969,60.70625047758682,113.01672776460947,148.5316322266783,144.8980562906783,151.75156410233546,103.66561543957053,116.72760474839095,156.12024399146662,94469.68051851542,128.8633251969422,107.3521510171922,122.69276839379017,117.42808199126742,113.18850391904789,116.5390423161945,0.0,80.83277472037558,92.13047668855256,0.0,0.0,78.57550259013318,0.0,0.0,49.54742377807797,109.24845948605366,110.79647036002527,0.0,139.125852758184,0.0,75.23008968090905,0.0,0.0,0.0,146.3046138749604,46.023183299990805,38.173722978832345,0.0,0.0,0.0,0.0,0.0,0.0,0.0,0.0,0.0,0.0,0.0,0.0,0.0,0.0,0.0,0.0,0.0,0.0,0.0,0.0,0.0,0.0,0.0,0.0,0.0,0.0,0.0,0.0,0.0,0.0,0.0,0.0,55.74996177767365,16.849544902452166,618.6543845692285,128.5606338507268,0.0,114.497882998303,118.5820859410498,0.0,117.08319831193137,0.0,0.0,0.0,0.0,0.0,0.0,0.0,0.0,0.0,0.0,0.0,0.0,0.0,0.0,0.0,0.0,0.0,0.0,0.0,0.0,0.0,0.0,0.0,0.0,70.5136020612718,29.508795558199527,0.0,0.0,0.0,0.0,0.0
45,101.93204249471499,103.95367491104723,110.04593149030484,106.31669155147793,115.26695415636823,116.40639401264252,118.14142330376853,111.1727822714812,0.0,108.26571236985316,110.03024514096893,108.58509260760485,143.84360365293603,114.39147974977004,107.14071349029552,107.29939090074403,74.53328852653385,113.22785157138071,153.3331426550184,148.761835947397,151.8577503539209,105.8574075162717,115.21088122840695,166.46349756589984,84859.8287995986,124.59261752852413,107.56901092439008,122.67687415777573,116.64177749668703,110.06431975133336,0.0,0.0,84.95865541348941,93.52286315738966,0.0,0.0,78.44468431492848,0.0,0.0,51.82853733099818,108.929550293837,110.26575817191642,0.0,144.3889703958945,0.0,0.0,0.0,0.0,0.0,150.38976985984308,41.92029750082539,40.62725137447282,0.0,0.0,0.0,0.0,0.0,0.0,0.0,0.0,0.0,0.0,0.0,0.0,0.0,0.0,0.0,0.0,0.0,0.0,0.0,0.0,0.0,0.0,0.0,0.0,0.0,0.0,0.0,0.0,0.0,0.0,0.0,0.0,0.0,0.0,0.0,0.0,0.0,0.0,0.0,0.0,116.17332961583315,0.0,0.0,0.0,0.0,0.0,0.0,0.0,0.0,0.0,0.0,0.0,0.0,0.0,0.0,0.0,0.0,0.0,0.0,0.0,0.0,0.0,0.0,0.0,0.0,0.0,0.0,0.0,0.0,0.0,0.0,0.0
46,100.88407338322102,104.3654478298306,110.01489087261973,106.75465379556658,115.19881346325178,118.50158652566734,118.90697356120938,111.96349495490665,0.0,108.2065200097766,109.40165075570008,108.57608873872948,147.34898288685727,114.18223754022705,107.46430859954792,107.20300049177479,95.98798678328978,112.64350371311593,153.30350621350954,149.26784022773631,151.9474706071975,106.87053461521323,115.78336794991628,173.68242343802365,80418.58876305034,123.63698376987209,107.65771127582013,122.46290643182078,116.77789475869903,109.59891236284403,114.58570728038531,0.0,87.7840569158721,94.93500528058286,0.0,0.0,77.0361316291023,0.0,0.0,50.6489758810921,108.91960684281798,109.600992888506,0.0,147.91320209708658,0.0,0.0,0.0,0.0,0.0,149.76840233155642,37.90785196803737,39.336358111256324,0.0,0.0,0.0,0.0,0.0,0.0,0.0,0.0,0.0,0.0,0.0,0.0,0.0,0.0,0.0,0.0,0.0,0.0,0.0,0.0,0.0,0.0,0.0,0.0,0.0,0.0,0.0,0.0,0.0,0.0,0.0,0.0,0.0,0.0,0.0,0.0,0.0,0.0,0.0,0.0,115.06437658222168,0.0,0.0,0.0,0.0,0.0,0.0,0.0,0.0,0.0,0.0,0.0,0.0,0.0,0.0,0.0,0.0,0.0,0.0,0.0,0.0,0.0,0.0,0.0,0.0,0.0,0.0,0.0,0.0,0.0,0.0,0.0
47,99.46685937860389,105.15759695256489,109.93256941945617,106.88864890526872,115.30029798488783,117.89739432050794,119.28372814107036,111.23051575125231,0.0,108.39775163721299,109.51881998813562,108.77819666974631,149.04605506638546,115.36271972926215,107.95589746775036,107.79484373443094,100.45439546276613,112.72510403449587,154.0563016410701,149.6544492991987,151.88912443929502,107.33335902264062,118.97719109221327,186.38708444734675,79318.9128259358,124.20672089549001,107.91530506930158,122.52216765875801,116.82719197599755,108.6623858006588,116.10755976251852,0.0,88.63140603945962,95.3546762114027,0.0,0.0,72.02002045769795,0.0,0.0,48.58545080710007,109.21321392409311,109.5496656564574,0.0,149.62143553283624,0.0,0.0,0.0,0.0,0.0,149.54163851679115,35.1368011618916,37.043293643506495,0.0,0.0,0.0,0.0,0.0,0.0,0.0,0.0,0.0,0.0,0.0,0.0,0.0,0.0,0.0,0.0,0.0,0.0,0.0,0.0,0.0,0.0,0.0,0.0,0.0,0.0,0.0,0.0,0.0,0.0,0.0,0.0,0.0,0.0,0.0,0.0,0.0,0.0,0.0,0.0,0.0,0.0,0.0,0.0,0.0,0.0,0.0,0.0,0.0,0.0,0.0,0.0,0.0,0.0,0.0,0.0,0.0,0.0,0.0,0.0,0.0,0.0,0.0,0.0,0.0,0.0,0.0,0.0,0.0,0.0,0.0,0.0
48,97.91632112155546,105.09542638124536,109.84574836761851,106.99061958595202,115.48296078601084,116.89760378450131,120.72434945629595,109.49537405256393,0.0,108.51800693864888,109.26997409571548,108.7956291554022,148.89949490019916,116.13386514864743,108.11501736593954,107.92943512339104,97.94142223589341,112.35109701945234,154.10011089069542,150.23385211189577,151.29731618348785,104.94750660183772,120.5409092654861,187.04101204387769,67510.79954078983,124.59639730155203,108.27351066520663,122.61700488218708,116.45901112330392,107.31042497923093,116.72509958726351,0.0,88.99714526568081,94.58372526000203,0.0,0.0,63.497393651397644,0.0,0.0,44.95663509608613,109.40024588084896,108.50461059916495,0.0,149.41539036827578,0.0,0.0,0.0,0.0,0.0,148.47458610464147,31.09381086646522,33.39419193318803,0.0,0.0,0.0,0.0,0.0,0.0,0.0,0.0,0.0,0.0,0.0,0.0,0.0,0.0,0.0,0.0,0.0,0.0,0.0,0.0,0.0,0.0,0.0,0.0,0.0,0.0,0.0,0.0,0.0,0.0,0.0,0.0,0.0,0.0,0.0,0.0,0.0,0.0,0.0,0.0,0.0,0.0,0.0,0.0,0.0,0.0,0.0,0.0,0.0,0.0,0.0,0.0,0.0,0.0,0.0,0.0,0.0,0.0,0.0,0.0,0.0,0.0,0.0,0.0,0.0,0.0,0.0,0.0,0.0,0.0,0.0,0.0
49,774.9541674374667,363.5345594518825,1178.0761458108486,824.3328292786156,1554.6680905569588,341.499412950391,375.3451257624647,401.849100018012,214.67652117380453,415.29623474296073,534.2291636792585,461.6800309969804,857.5253207977163,1167.058097077593,1429.4615021021855,622.5242444247714,613.7642286575992,2114.7619560760804,696.8357682088708,17802.177916921435,652.0152816104065,1315.0812511256972,3973.4373856704506,62017.46920498559,45342.80945074619,986.9205405068158,997.9709627691591,1239.7185094406211,438.6120085111016,1076.1549541294073,3463.6223877329257,0.0,268.45708200629775,384.02800896770174,0.0,0.0,34.1272529167056,0.0,0.0,91.4634979582053,421.6598556664266,555.5140047150076,0.0,1066.0753598564838,0.0,647.0972043033707,0.0,0.0,0.0,662.6145998192233,129.58430304191748,61.2654302144232,0.0,0.0,0.0,0.0,0.0,0.0,0.0,0.0,0.0,0.0,0.0,0.0,0.0,0.0,0.0,0.0,0.0,0.0,0.0,0.0,0.0,0.0,0.0,0.0,0.0,0.0,0.0,0.0,0.0,0.0,0.0,0.0,0.0,0.0,0.0,0.0,0.0,0.0,0.0,0.0,0.0,0.0,0.0,0.0,0.0,0.0,0.0,0.0,0.0,0.0,0.0,0.0,0.0,0.0,0.0,0.0,0.0,0.0,0.0,0.0,0.0,0.0,0.0,0.0,0.0,0.0,0.0,0.0,0.0,0.0,0.0,0.0
50,770.823698611709,0.0,1180.481356401657,848.0001882976253,1606.67703468431,345.5784669702666,373.60513498478554,351.82962562117837,231.60834881165076,456.5616518998148,633.3119993847021,503.8729089129497,884.2192552180906,1241.1070349204324,1437.2626202753622,655.651008133816,643.8119547668916,2458.755753452792,721.3733529353874,23801.67172684571,663.0893601436192,1549.0702113883117,3778.258010481636,59234.56572417484,48185.795997389476,964.1412384193657,1008.2026678850156,1270.2319979342178,521.4576839063662,1074.8028752964133,3193.669511814278,0.0,268.2013754238565,382.99255805659493,0.0,0.0,88.25072601929288,0.0,0.0,87.67426243960608,462.43498289084073,663.7845873280952,0.0,1152.3888140963977,0.0,648.2910740959052,0.0,0.0,0.0,689.0759697993972,143.08334220718208,57.81323992600462,0.0,0.0,0.0,0.0,0.0,0.0,0.0,0.0,0.0,0.0,0.0,0.0,0.0,0.0,0.0,0.0,0.0,0.0,0.0,0.0,0.0,0.0,0.0,0.0,0.0,0.0,0.0,0.0,0.0,0.0,0.0,0.0,0.0,0.0,0.0,0.0,0.0,0.0,0.0,0.0,0.0,0.0,0.0,0.0,0.0,0.0,0.0,0.0,0.0,0.0,0.0,0.0,0.0,0.0,0.0,0.0,0.0,0.0,0.0,0.0,0.0,0.0,0.0,0.0,0.0,0.0,0.0,0.0,0.0,0.0,0.0,0.0
51,761.8700527687565,0.0,1182.111557255979,877.8042985218999,1630.6957839759662,351.2246212331007,392.22200399733254,340.5523660595122,231.27101453633782,537.012899070895,786.4604606574908,571.7906508565598,1009.0776882590262,1312.2955349930478,1444.5762254332521,690.3772272579847,701.9609591144418,3069.3099906035427,772.681445551676,29753.294630362234,695.9616651980731,1583.3068323070734,2920.3701054098588,54057.319947694705,47594.802951047146,954.7846378595289,1034.4048517132337,1349.9942712934114,612.1068101654581,1096.001816763028,3027.098533479318,0.0,267.31557314825284,374.9413378480473,0.0,0.0,225.19925142004405,0.0,0.0,83.7582989609158,545.2911335266251,834.3733239878617,0.0,1288.9951754479084,0.0,612.6744384650298,0.0,0.0,0.0,741.0587408505638,160.68222914613446,54.26867598925387,0.0,0.0,0.0,0.0,0.0,0.0,0.0,0.0,0.0,0.0,0.0,0.0,0.0,0.0,0.0,0.0,0.0,0.0,0.0,0.0,0.0,0.0,0.0,0.0,0.0,0.0,0.0,0.0,0.0,0.0,0.0,0.0,0.0,0.0,0.0,0.0,0.0,0.0,0.0,0.0,0.0,0.0,0.0,0.0,0.0,0.0,0.0,0.0,0.0,0.0,0.0,0.0,0.0,0.0,0.0,0.0,0.0,0.0,0.0,0.0,0.0,0.0,0.0,0.0,0.0,0.0,0.0,0.0,0.0,0.0,0.0,0.0
52,771.1017856578896,334.51728422637007,1186.6740337151782,908.73026377664,1604.4879598783837,363.5022908939973,486.48312399035376,378.98969081324196,206.07749656582874,618.2624480530272,892.560951056005,638.4900042837422,1077.8759750388192,1394.2070288561226,1461.2842846854335,727.9700252402224,735.0462197210347,3484.4718453282157,830.344239263077,33881.68938351018,740.3906273799272,1429.875999419572,2105.239560074949,44206.01346606828,43947.00524547113,949.1333455018882,1070.682694249058,1346.7909230471662,673.3991681315974,1106.1714896213743,2538.1547865022185,0.0,258.2534466887895,364.3454566027461,0.0,0.0,240.75700834503255,0.0,0.0,82.06458078302082,634.3300797001916,956.7364605857875,0.0,1417.5112918868108,0.0,627.3951641532125,0.0,0.0,0.0,799.8077749231456,182.18977354445698,52.68198748020456,0.0,0.0,0.0,0.0,0.0,0.0,0.0,0.0,0.0,0.0,0.0,0.0,0.0,0.0,0.0,0.0,0.0,0.0,0.0,0.0,0.0,0.0,0.0,0.0,0.0,0.0,0.0,0.0,0.0,0.0,0.0,0.0,0.0,0.0,0.0,0.0,0.0,0.0,0.0,0.0,0.0,0.0,0.0,0.0,0.0,0.0,0.0,0.0,0.0,0.0,0.0,0.0,0.0,0.0,0.0,0.0,0.0,0.0,0.0,0.0,0.0,0.0,0.0,0.0,0.0,0.0,0.0,0.0,0.0,0.0,0.0,0.0
53,776.4819418636382,533.2273543069455,1196.69038237015,932.2489743579165,1615.5158353756178,362.49001018528304,589.2512266471641,442.27666241023655,179.75653186086427,684.1386809275907,936.3389626341583,692.4697452014783,1080.5132980128383,1439.7898044312071,1479.993064466214,755.0162964176988,756.6171526927769,3842.434611874225,879.1110607198007,35332.08686064543,806.7781729722387,1318.7361440362863,1978.0539554975148,43644.38988468426,39314.97288477243,938.8023590124028,1097.5217286815137,1365.0950684154282,686.0851518740998,1112.50985084574,2093.9459901114506,0.0,232.03013934796707,350.5255853370453,0.0,0.0,240.37004704765508,0.0,0.0,75.09259015436575,710.8770515619085,1005.7755706193916,0.0,1450.7705241009319,0.0,727.1746586480751,0.0,0.0,0.0,848.2415083172637,192.53677010209086,47.87123571977305,0.0,0.0,0.0,0.0,0.0,0.0,0.0,0.0,0.0,0.0,0.0,0.0,0.0,0.0,0.0,0.0,0.0,0.0,0.0,0.0,0.0,0.0,0.0,0.0,0.0,0.0,0.0,0.0,0.0,0.0,0.0,0.0,0.0,0.0,0.0,0.0,0.0,0.0,0.0,0.0,0.0,0.0,0.0,0.0,0.0,0.0,0.0,0.0,0.0,0.0,0.0,0.0,0.0,0.0,0.0,0.0,0.0,0.0,0.0,0.0,0.0,0.0,0.0,0.0,0.0,0.0,0.0,0.0,0.0,0.0,0.0,0.0
54,781.1017104941591,638.2096667056414,1201.8565268673171,938.9740432784758,1620.480419617536,357.7018589405867,668.8274875523064,526.1027424285629,166.50776440575,716.0415675457194,917.7198407719623,721.4556102779,1143.486510916384,1404.2449259237558,1469.8033942752886,769.765619021376,769.9063395414063,3764.724957038325,890.834626679208,32448.20159996543,850.9442816519943,1368.4239613820566,1956.161250907755,45253.046651982826,33008.320774699685,923.3708155180977,1102.888168876305,1386.6919988918767,668.4213407291284,1107.6296820343644,2014.1980404162894,0.0,191.19957310023545,328.6498775228719,0.0,0.0,238.55746283216095,0.0,0.0,72.26584205434163,742.210747767956,982.8623201052693,0.0,1397.2964558396798,0.0,794.9074473842109,0.0,0.0,0.0,858.0369812977367,186.0241988203207,46.01082983100434,0.0,0.0,0.0,0.0,0.0,0.0,0.0,0.0,0.0,0.0,0.0,0.0,0.0,0.0,0.0,0.0,0.0,0.0,0.0,0.0,0.0,0.0,0.0,0.0,0.0,0.0,0.0,0.0,0.0,0.0,0.0,0.0,0.0,0.0,0.0,0.0,0.0,0.0,0.0,0.0,0.0,0.0,0.0,0.0,0.0,0.0,0.0,0.0,0.0,0.0,0.0,0.0,0.0,0.0,0.0,0.0,0.0,0.0,0.0,0.0,0.0,0.0,0.0,0.0,0.0,0.0,0.0,0.0,0.0,0.0,0.0,0.0
55,764.4743589102467,595.930633341003,1202.5510805383703,919.757304366188,1604.9992009344578,349.45776307290544,692.546287289602,517.6094623376173,133.61606933419898,694.9079086992053,819.7577130350471,722.256928641194,1111.0686736079974,1239.4939686326084,1453.4353505469824,770.0323041911652,763.9690410176803,2815.671844050399,878.1552994486717,28249.734431707864,853.6377955290479,1354.814223263631,1826.899626296182,41142.59742847371,22426.71805247565,892.6335069890499,1046.9696716188396,1331.009204473645,636.7260237546641,1093.1151043435818,1962.4489032173926,0.0,153.29610574640398,322.9144750593862,0.0,0.0,234.9020823267952,0.0,0.0,63.362661138214236,723.6045457713658,878.0704662098202,0.0,1229.2627290272478,0.0,847.0202668387196,0.0,0.0,0.0,849.3171381407194,190.80188967477852,40.22643653639659,0.0,0.0,0.0,0.0,0.0,0.0,0.0,0.0,0.0,0.0,0.0,0.0,0.0,0.0,0.0,0.0,0.0,20.532009037857353,0.0,0.0,0.0,0.0,0.0,0.0,0.0,0.0,0.0,0.0,0.0,0.0,0.0,0.0,0.0,0.0,0.0,0.0,0.0,0.0,0.0,0.0,0.0,0.0,0.0,0.0,0.0,0.0,0.0,0.0,0.0,0.0,0.0,0.0,0.0,0.0,0.0,0.0,0.0,0.0,0.0,0.0,0.0,0.0,0.0,0.0,0.0,0.0,0.0,0.0,0.0,0.0,0.0,0.0
56,750.6409997552446,498.20433387231975,1246.2297859317175,906.3041655045279,1658.7011619878353,347.8551668745453,670.3872562146103,519.2137165386725,98.26947580932112,714.9296967926641,714.9045447201204,751.023028443214,1118.124879452429,1171.7275572443455,1486.591553799542,776.2039400978775,760.6366396840034,2081.6341275477157,884.5424649657048,21597.982677590524,893.2482010714757,1296.48188455905,1744.9966383239257,26207.471540087412,13524.756132016364,885.4162786218022,975.0487204450877,1222.6072042754909,608.205609197807,1079.3191742917897,1906.2093718217454,0.0,133.54521557966785,320.056864358699,0.0,0.0,233.3221018978262,0.0,0.0,61.693425266912556,746.9927887567849,780.5402524288354,0.0,1200.4422039879046,0.0,908.3454803467062,0.0,0.0,0.0,859.8571818012762,195.05981413941106,39.165554953119226,0.0,0.0,0.0,0.0,0.0,0.0,0.0,0.0,0.0,0.0,190.7624977875251,232.14196866940145,1080.7959101542276,416.8989987072949,1511.7884077832323,325.471478758125,200.31742838671067,319.4520497873672,381.6722464151028,694.0299912737534,621.3093158901856,690.4026880366185,711.554961578126,678.7939063968329,1405.3780059886947,33.935278375210785,590.0642301507422,14.373391323453163,766.3680730385067,0.0,31.543985593195703,0.0,0.0,0.0,0.0,0.0,0.0,0.0,0.0,0.0,0.0,9.427819165525758,19.624576788458235,181.79473106408213,0.0,0.0,160.00497339948845,0.0,0.0,101.76251689556587,530.9621850915058,520.5098263833838,293.83135405885423,299.5866422920553,222.18935719593085,477.24656446953094,38.25039432192688,66.99921119753613,33.588072391574975,367.5403061388093,0.0,8.840798698510525,0.0,0.0,0.0,0.0,0.0,0.0,0.0,0.0,0.0,0.0
57,959.0297763570823,473.74239293947073,3305.987035698422,1169.2716290196188,8737.157860291347,369.9968314143298,752.0900144688625,644.4524334821438,79.41302169007095,886.3479577918962,689.9488458640759,901.5846799480762,1155.6830709984763,1266.3939678245483,4539.78246480051,863.6831088936514,816.3265381777594,2379.214886708084,917.6843164020631,23954.41710346762,987.9189801538448,1419.302858532113,1796.9695045555056,20053.027736871514,9594.25118126596,917.9282733579619,1133.6067031436698,1242.9209249831529,600.2640058223881,1137.6261210641728,1924.795269681482,0.0,129.09975691447775,350.8851022681662,0.0,0.0,241.95638988684885,0.0,0.0,62.15225109360649,936.5399433839343,777.6994705340669,0.0,1233.1164769981342,0.0,1415.1360029590628,0.0,0.0,0.0,894.4075592162815,197.77514694734242,39.43118659029869,0.0,0.0,0.0,0.0,0.0,0.0,0.0,0.0,0.0,0.0,932.4849411990033,1454.4760448247941,3199.4519427294676,1228.610923379609,8343.144792814528,369.6299729251038,508.71384608080075,567.5633592363205,496.3326036224176,918.2829538922199,647.0483655020236,887.1224900527111,384.8054016244084,976.3691167803827,4474.815122813169,406.968188643148,823.9558537819934,225.33824586086172,863.8396551155107,3846.1866837476286,635.4133449006885,111.28529002104489,1095.9660132496679,873.6518210344944,1551.8889975063767,421.94060413492906,1045.251377826892,624.4067421372381,827.8143135217002,1081.270318020673,0.0,72.29311503095896,295.6957940669163,1577.8929117856953,0.0,0.0,303.33585238397643,0.0,0.0,182.74408203265992,728.2330398857466,533.4585552227389,274.64464408397976,189.63102806904425,466.34789099965957,2231.4402573764214,671.1220682628199,181.4396111406687,598.4524602781174,877.2856744219534,239.51488265522087,102.41068871381898,67.83836614805908,0.0,28.372156689719183,312.37317066401187,0.0,0.0,0.0,0.0,0.0,0.0
58,859.3076097391785,228.03277102548861,8057.760307874389,1459.6607351886828,23957.775776672464,373.5282736080983,818.0201798016213,833.5176379662954,31.242765472435334,1008.8231391247486,511.3488676344045,1049.2128954665461,1162.896147831857,1332.9645988806008,10973.292312046184,943.8869846167979,867.7406376512682,2068.7315088401233,898.1322188454897,19963.7614012065,1069.1500537346706,1382.7571735216857,1820.9758717504485,10582.534632073688,4312.787390009049,1024.4094939033807,1165.5686597247054,1218.2053739269136,587.313163802367,1263.0461701761888,1916.5839515581524,0.0,119.28761685049281,362.8205315302196,0.0,0.0,242.81246349515416,0.0,0.0,63.07088442990624,1075.7546800892328,731.1668532705298,0.0,1227.4792537458054,0.0,1738.420863512232,0.0,0.0,0.0,885.212828268159,203.4687075318725,40.10887857296484,0.0,0.0,0.0,0.0,0.0,0.0,0.0,0.0,0.0,0.0,1453.6864786430438,2123.5999351061514,7823.1942000334275,1599.5043708613323,23656.521369468606,378.9956413827689,641.1506684946842,770.9440242044492,536.7170308854389,1069.0001340753029,689.026384327601,1049.8662554889436,628.2279473756438,1162.3438530476103,11609.897559194678,658.8466821912205,976.2835088849915,486.110060982026,894.6311559539275,8947.64763565305,893.6008769766266,175.06777165964908,1612.0901155326628,2281.993720040334,3024.951257792386,1065.060585777049,1141.0446877064437,1152.6499000193464,1131.3707594612836,1261.7298995106553,309.5817149088488,143.09706572367804,490.589790466453,3231.2259242616656,0.0,0.0,337.1749772271544,0.0,0.0,246.76314899317686,933.4094627148355,663.2248744517843,440.32064012390913,332.69456848569587,519.0716956677028,5154.264853396419,847.4387395128158,430.09829661091794,844.6349168930316,898.2877584075624,752.3532127071959,194.90097546176045,107.81518599054576,0.0,89.31466433699096,840.8912675315956,21.049370111941638,0.0,0.0,0.0,0.0,0.0
59,1043.2634056785862,451.9508992017414,15521.971685137118,1939.381889222645,46753.91954562912,386.18589943278715,1598.3561376303896,4004.783521526676,2.441217986468905,1176.7009204495516,62.96209639907452,1192.7382040792622,1280.0950811131884,1591.898976172345,26031.77734170123,1115.7617037309642,976.4179571922296,2278.5726262533713,928.3539775004001,30331.86376360747,1224.2389761882428,1476.148777282841,1905.4633422789493,11994.242080809301,4382.066249292606,2521.5681137534975,1214.03673450601,1308.9328498995378,771.2794582827469,1767.2761021060523,1970.8697986285983,0.0,142.78924667320402,395.5059054313512,0.0,0.0,233.0143447484633,0.0,0.0,65.42892145589144,1256.3605578041434,733.134503068321,0.0,1365.6165908507135,0.0,1797.5177261543706,0.0,0.0,0.0,908.1391786084279,208.45528614844983,41.78042291116773,0.0,0.0,0.0,0.0,0.0,0.0,0.0,0.0,0.0,0.0,1706.469244821248,2630.9925643944644,15163.187883777113,2170.862298454864,47887.497734824196,399.11579075059933,1075.7638757677398,2389.436685769291,551.060343779322,1257.442391316758,725.744233372776,1192.3837261704407,819.8537166909003,1455.7268712879488,33142.8688198634,816.121219951121,1216.7596534439654,680.0078762136555,924.3134264334998,17397.61907722903,1095.4921565140462,319.1001861337269,1786.5899079277199,4188.521860867552,3585.375756035017,2778.072048014529,1224.229308383876,1334.237738823745,1572.5451556105838,1786.8636178970974,1780.1820666729604,178.040490559743,644.3753466359581,4782.122204582293,0.0,0.0,363.1495374588276,0.0,0.0,279.83450210641416,1165.6006005539723,716.5902718570205,521.140672346437,452.7485086378301,554.0522994694517,8733.40341865287,1032.8518874750926,879.6792870263297,1147.1920346241595,920.6557359967817,1589.1174910522116,281.8331952105824,200.72914368253214,0.0,191.1356847557395,1390.5375938783786,40.7931540803128,0.0,0.0,0.0,0.0,0.0
60,1500.5543848336984,761.6782474906873,31763.117940258468,2920.891088892754,88820.62352226257,415.3331117825552,2766.6781104997967,10864.75770239724,0.0,1440.5553834292011,336.57363621833383,1372.8182456672043,1320.5278100071193,2179.148757033147,32141.005115759184,1254.2614328789234,1166.9113543440014,3421.213771906345,976.8785912082052,13850.325523817119,1563.8157934094786,1438.78283711042,1993.4117978232848,21438.951690967882,18987.064260191106,5804.194522018261,1303.9654502169178,1986.7824363349414,1146.8456210291542,2708.2471607740217,4780.869332911579,0.0,139.83316425123942,411.18357220772947,0.0,0.0,221.51582693774185,0.0,0.0,65.46762756329268,1562.3114667233722,714.6306510317828,0.0,1415.8131002223583,0.0,1788.102072060595,0.0,0.0,0.0,944.5915068854109,207.78726270313936,41.97915380328767,0.0,0.0,0.0,0.0,0.0,0.0,0.0,0.0,0.0,0.0,2025.6711977199213,3010.5423416650724,31460.906823483783,3425.265628464743,98565.76196607694,422.30188249010325,1509.3201279490604,3571.686548024271,581.0776560725843,1579.3689854315005,716.1472967516858,1350.959793653864,953.3070537932673,2015.5865540043596,45388.976022228206,966.4553036369239,1604.2828066011339,1003.5310779396114,969.5416075878818,12892.203354670599,1446.1868913842047,385.2122639116845,1903.2253548818119,6692.43388319709,9992.937159450883,6924.307182194156,1331.686947713692,2017.0510525376103,3161.1911631698604,2793.7909777058535,4517.97557154405,247.64436667466893,763.404941283993,6604.820117738193,0.0,0.0,385.818771595269,0.0,0.0,381.3370778802337,1473.6515507703486,707.3714613331176,646.148973637995,505.6449970521226,637.1825942548079,8548.0894516437,1212.3650776262361,1210.4303921434819,1734.5499671726197,970.3432361258671,1691.806688685677,375.6628199095025,245.4869485555013,0.0,329.15744916789964,2783.017532582257,56.99823218426806,0.0,0.0,0.0,0.0,0.0
61,1797.8184989665467,714.9990773558479,43432.724284937765,3346.1097397517856,101669.50504901908,449.5372730636085,3717.755964809314,16306.494777681095,0.0,1322.874578562235,505.5788676927202,1381.4285369722156,1253.1598162429293,2463.068350093323,30772.104934704286,1179.1050496630646,1188.6924774007523,4293.568980303824,1275.799710218429,22075.508754850525,2040.4320940201792,1409.2092427507587,2033.3924238238126,30086.695622540217,34035.87578834595,9909.252740567119,1395.8685884337,3084.565935007788,1295.399467034702,3852.396860957995,43343.29037434773,0.0,108.84639256581319,410.9305951384326,0.0,0.0,219.56735437540559,0.0,0.0,64.90996579139421,1402.2469078237875,594.7427519039312,0.0,1351.2500239656617,0.0,1851.125389314098,0.0,0.0,0.0,1212.7445578480636,205.50701389380552,42.09465460926968,0.0,0.0,0.0,0.0,0.0,0.0,0.0,0.0,0.0,0.0,2103.4969956073796,3042.629475830367,43673.360263838644,4064.2315718437344,131327.1641683894,453.32132127835223,1733.7259263319504,3821.5262481542077,526.6865024569274,1423.5795012295398,606.1923325840546,1356.213895718831,998.0345479615953,2256.5096645001663,45575.068201879476,924.4609568505542,1779.8444043549182,1151.2295111435512,1272.4443883856295,23427.34324101251,1911.7907551306423,445.94546089443855,1953.9463488523552,7699.589993629681,13966.079118307669,15497.602878492884,1430.5011775531398,3108.2029909945277,7614.153228931911,4074.7570501844307,33442.5014564302,279.66664965714705,800.9725345680761,7374.126799749801,0.0,0.0,412.4087363323756,0.0,0.0,397.3498257284229,1329.5068251504886,597.375992444876,798.8321273111741,480.83112398895565,574.129421700109,9001.012740782726,1188.6604370339767,1306.8882683200611,2135.137299157125,1278.1030497424624,2108.4808801632557,490.9297995369265,288.22630644974606,0.0,289.17588015022386,3414.176027981902,68.41869762271799,0.0,0.0,0.0,0.0,0.0
62,1976.709180179167,663.8104008499894,48116.59261775918,3338.6567022520753,101719.62836495046,569.5286268806612,4276.118097279834,23510.838942915427,0.0,1669.6096602518403,499.29234417271573,1725.2057346015092,1381.2968831587468,2812.890866545466,35860.899960921415,1185.6699419430176,1309.5369982204063,5286.598993478876,2878.1671154596397,22233.388829524683,2721.291440273566,1522.6914143692127,2031.2750686585018,35711.983852658916,49038.17879360095,12055.067899983176,1579.3788914147626,3691.451084047372,1358.806354275484,4770.265668347456,73805.40772295314,0.0,75.03114595544449,397.2128153112516,0.0,0.0,228.85187868485107,0.0,0.0,64.34073380617205,1730.4004924956118,504.24926183538776,0.0,1501.2746270599564,0.0,1865.296301469413,0.0,0.0,0.0,2500.347446229606,199.94115116928077,42.19652486558969,0.0,0.0,0.0,0.0,0.0,0.0,0.0,0.0,0.0,0.0,2185.706516125153,2929.6129056866534,48433.08652677544,4079.7675815453404,137679.8849209763,572.6465436214738,1731.2608639854657,3751.010524081087,466.9141669884915,1782.6147169615324,527.272919777836,1695.6516974330852,1102.329300284159,2516.5327017637705,72731.90708569842,927.1639904256168,2269.7604994946514,1273.5500336996565,2868.0073308926667,24622.682974271727,2588.2936748631328,546.5655355105832,1918.5379150832064,8607.443213361848,16641.456154584248,24082.837455378736,1620.2024163870306,3700.8754881642644,15821.181519601198,5135.009812690072,58101.58015803016,289.32259012253076,760.8238981049211,7066.675565130564,0.0,0.0,492.2623486299549,0.0,0.0,344.3989221874997,1657.4514697976638,514.9666233862487,1231.4152908402862,529.3519302903181,480.22654941385537,12182.193744112987,1211.9701678107394,1574.7381668495414,2265.150461708204,2904.414662063395,2336.178883063308,603.8738621655363,358.01890742258,0.0,377.7498258234241,3714.1389602500653,79.22016555223864,0.0,0.0,0.0,0.0,0.0
63,2161.38151462682,833.084305122636,43462.638063953025,2936.172855052435,77252.64946681964,561.163384926381,4678.039836897298,22000.85902929136,87.6156153119331,1371.05415270808,526.2017126203702,1620.1901418065177,1665.4095833892875,2547.690936425333,31560.835505906824,1146.0581068244417,1102.1922499252676,4626.69929404106,1204.5971119875603,18266.166693094194,1437.2459469525047,1628.6125335635973,2067.9589651731617,25312.18455758605,64015.15817475348,12502.57712549266,1655.7798003440496,4013.7222433211405,1350.6675659407651,4600.1704841678475,91800.22940611215,0.0,55.68819792362617,395.78277922200976,0.0,0.0,227.30842832099407,0.0,0.0,64.41869977025445,1369.2850652978912,0.0,0.0,1790.713849872745,0.0,1829.679726030993,0.0,0.0,0.0,1142.0041065298,199.5266319714006,41.87292725184084,0.0,0.0,0.0,0.0,0.0,0.0,0.0,0.0,0.0,0.0,2276.393534482423,2921.610104918642,42833.241379927415,3536.51513485255,96658.76529190388,562.5846086000834,1566.3352912710127,3224.481088885051,471.3661495132371,1424.4717489311397,538.3585079009912,1607.6948652873284,1218.2258352060544,2218.5379246941393,46764.329455091116,883.7418423388466,1751.0000979404908,973.1467115542285,1190.725811402622,19545.20423309566,1424.0554375931752,549.3731519734861,1939.5815777805437,7449.381182781609,17502.536695886287,27365.81705223746,1686.574240751561,3981.329470689545,16286.11771420384,4901.91792957539,75054.02234329064,257.6041895539252,724.2229956552562,6626.273404920804,0.0,0.0,461.69022122238925,0.0,0.0,321.67296475433096,1293.3729710120758,534.3880772842873,1340.9119019351444,553.1617556855313,359.2933066002662,10176.336947714464,1156.3893045829143,1097.0365974039287,1876.9821951526503,1196.693110569555,2241.392171301747,486.15025989730054,357.7343558047051,0.0,396.0278654160344,3716.4968991698584,96.26382042501106,0.0,0.0,0.0,0.0,0.0
64,2016.8824661764563,1062.3962670758124,33723.76748177339,2242.352066250124,53309.72803357346,455.44264997590034,3099.457700980608,17644.59459105052,148.84913627506177,957.6482791628251,500.83089886532764,1266.289486889903,1981.644333531019,2176.968132766028,23471.892579455627,1034.736014541534,920.3496649664396,4357.483983563803,964.910409946981,14780.11931817982,1129.2227220362515,1738.1290804643647,2124.7578183700994,17470.660139873646,84125.8600657051,12025.108070415072,1557.4990095174571,4277.528990245045,1331.7350885745986,5283.09375775153,91506.73325600542,0.0,48.0881017337805,418.81399411725465,0.0,0.0,222.9379011491836,0.0,0.0,66.30024916080345,931.9763743717289,0.0,0.0,2107.359380130859,0.0,1844.8061600297615,0.0,0.0,0.0,925.7567559650095,199.0794492540155,43.201227824148,0.0,0.0,0.0,0.0,0.0,0.0,0.0,0.0,0.0,0.0,2069.3867876046534,2530.792701188345,32817.63632954159,2591.049870969968,61135.997888257574,455.0319281951794,1149.7902694937104,2447.6505853465296,434.52336864707064,976.5122708852658,499.8713863387909,1259.7613161455854,1199.6228334696366,1566.866043989886,27747.506810024646,718.9229829726122,1324.6643299705668,622.5667553800902,942.0189369585295,14821.258030876535,1116.2161669530733,448.20870724142105,1985.017693215731,6118.186933030765,17754.57988689369,23252.073193189914,1570.4722985546766,4185.924091996632,9273.856234661935,5653.372719607716,81309.75808485902,224.6549852768036,579.944940218905,5711.3351521034365,0.0,0.0,359.7215931933415,0.0,0.0,264.95191016917676,793.7176198203329,499.89865308270254,1129.310489385295,500.8122104884285,272.4648877391356,7959.971818802027,973.3720199019507,624.7818384976796,1181.1970313024806,942.6439238779274,1980.0699131447664,361.0012539484354,285.5021746481092,0.0,358.19011897180343,3434.9155001597064,101.0666092975712,0.0,0.0,0.0,0.0,0.0
65,1705.03169100097,1117.4746756760362,12139.357186101137,1586.0123959756222,22855.544856820954,430.35632363284293,1235.2729734483603,2811.018547354067,189.05648992818658,590.5837464458301,460.6522602005949,967.6280981830843,2140.6361228035566,1961.109450316812,9784.791327619132,890.8250066352297,794.6463611445536,3709.625258330881,902.8649063073929,11862.627756499493,995.2675269265967,1678.0269956016198,2247.200329578604,11956.220535976257,101829.45528995608,8927.184501160913,1224.5540492343068,4040.286524500829,1282.9550799027486,3378.933802085953,77247.10350197756,0.0,50.37427030466266,442.99657393724146,0.0,0.0,239.87502731489462,0.0,0.0,63.60838387538978,0.0,0.0,0.0,2260.9521309527595,0.0,1773.2091032007916,0.0,0.0,0.0,868.9886149773329,198.50243401067732,41.55608787963116,0.0,0.0,0.0,0.0,0.0,0.0,0.0,0.0,0.0,0.0,1741.124992742371,2085.3345058571085,11744.495238384046,1743.3987601648084,23948.505259516936,429.1802401003153,640.3459367609163,1230.3917558376436,270.86907236082504,596.1319923488518,449.39734003082424,958.8430117569046,1105.0074580506375,1086.8444305817134,10123.386951798126,505.09628796309494,980.5323660320049,432.37781560752677,873.2277821458503,11377.527663774039,967.2471387924411,243.554797797974,2103.3421059018665,4819.865375113862,14579.828554680253,12413.28882266221,1214.3385006129145,3865.077655078288,4686.43541135701,3482.6075357339905,75313.70088971432,192.59092157766418,470.5650925226599,3349.0606255745392,0.0,0.0,317.90429590205235,0.0,0.0,71.74386528343089,464.6889006114452,448.71280224194356,863.0282192231622,504.7699017982905,220.50269633429073,4687.293244523561,788.1029388096649,319.95639185137645,813.9252460531228,874.9385135856436,1593.7692753033966,308.15762103359106,150.8487373320702,0.0,291.6397381536314,2880.5760632195825,66.15104238622774,0.0,0.0,0.0,0.0,0.0
66,1166.2416553362566,1047.0499366856277,3684.904613394764,1043.6274210392096,3977.2896910553472,345.79400635821855,114.20794051191052,84.03926072165291,205.16051122070567,405.50323886573733,450.11999090116996,546.4599805988399,1834.083350221974,1742.4637114287336,2815.47875735977,786.6129669957154,758.906376592659,2981.5766716400844,772.5943042723031,4307.281058158338,838.4492912342356,1257.1666748809491,2143.2880295295436,9239.550971483766,112984.97653513392,5245.809325693155,918.0545663312146,3694.9556013476013,1298.7629141182877,2553.4392431611577,59392.477246609415,0.0,65.58376652771288,445.32396660772497,0.0,0.0,227.39060128945687,0.0,0.0,62.98375589814745,0.0,447.3469384611999,0.0,1921.0196160337746,0.0,1371.6517834372537,0.0,0.0,0.0,746.6480179082655,189.1635090447687,41.39201798083101,0.0,0.0,0.0,0.0,0.0,0.0,0.0,0.0,0.0,0.0,1131.7608455643144,1341.8457033729485,3589.231855989766,1096.801165146239,4013.6067911369364,342.1062757450688,98.35562961973665,85.41175001784396,191.3548477880264,403.45007625896653,426.1831865463312,540.651850453056,694.1543732325648,679.9874212186179,2778.928229585489,361.31886255868926,793.9956596212365,203.47331288864777,727.5522748757162,4055.1088066965376,787.9806724172713,138.62338636781158,1951.780456611015,3263.678128925359,10694.905925923513,5942.382147904176,892.7162619376538,3409.8047746666502,3377.287498097985,2580.2786891672654,58724.52553105606,115.15284293173376,262.4342460264231,1619.6726063181104,0.0,0.0,209.37560211137745,0.0,0.0,42.55585456555429,338.76380195961485,425.9744600372413,465.36937410696044,299.92834465622786,140.3141641356548,1667.8527337125036,685.5338327768168,179.92893567021193,410.0799255046725,715.3436378143691,1017.0907258152406,248.1381983408162,85.10208293903253,0.0,202.324607851842,2077.4920655427472,44.48049637168681,0.0,0.0,0.0,0.0,0.0
67,733.1403913917823,857.2298996077592,1329.0714551432927,708.2210329168674,1485.816346081549,337.28758569977657,60.83320450819585,58.417806127785354,187.59684440244285,356.0073639558361,378.5473590677668,402.4383846398365,1362.1866379769294,1380.219961147965,1421.503450044412,662.9134164052424,655.8419380691989,2448.5389209129808,715.6644408390705,1875.1868964882021,707.7669257846928,962.7709877867901,1982.379170855765,7124.082040217544,104804.69970521063,2189.411832002044,671.2099719863289,2965.7885147741754,984.1208540191195,1438.6863757520985,34415.89159039108,0.0,94.3501068383762,400.04048655972935,0.0,0.0,227.18505789406805,0.0,0.0,60.16307699702128,0.0,380.4770285453252,0.0,1424.0732721717677,0.0,973.5592256499914,0.0,0.0,0.0,693.018074093569,177.5104618420978,39.696010105625994,0.0,0.0,0.0,0.0,0.0,0.0,0.0,0.0,0.0,0.0,285.4232964634311,263.26537385980384,1206.23530569555,651.2403171337393,1470.0078213494123,217.45799227836616,11.091880337591586,0.6821319701968035,64.28558811509238,288.2203202010032,222.69694350054948,362.9153386944406,77.63420027896295,54.990727011819004,1055.3579139218696,77.73938200074711,391.0140235613939,38.75428112670004,411.69277136974694,1676.1197332981083,592.4856115697393,28.585353419787292,1634.8929734935514,1899.657231110168,5980.184306947195,2216.1030305310587,568.75598074756,2582.7629174415138,1893.375225290299,1399.9350958407106,32736.86084831951,15.129081760252658,22.554561636082997,267.0585805499313,0.0,0.0,0.16179751966195816,0.0,0.0,10.927698420430922,81.34781573658334,231.0674060222232,72.86546461527085,31.004377212955273,10.089886283615604,184.59641286423516,297.63383925283625,21.952039800692653,94.72050281681628,384.6251844890457,467.5294300241942,123.66885027760837,17.344656769629857,0.0,97.42596003641101,1072.822169099583,10.145970499484875,0.0,0.0,0.0,0.0,0.0
68,672.6963318800952,858.7657458128533,1228.0528430101754,678.4124106689511,1386.5327492424626,338.44466540987383,60.79743204348986,59.10818389018857,189.41449126873795,365.40166349940506,386.25627945858554,387.7641070509892,1104.144231198692,1292.4988763147383,1395.2290188829438,646.5135757239722,623.8348889005199,2873.074175687975,684.249460720757,1532.27685859558,643.802605157557,946.056008141067,1732.910356139513,11530.858978957682,86865.51001640092,1206.6657598165093,647.5157962755347,2587.7613912732613,562.727644488297,1139.5480145621023,13555.225155135047,0.0,110.49242621195633,394.3043857268373,0.0,0.0,230.62982055044588,0.0,0.0,55.99925563619412,0.0,390.3190699120778,0.0,1156.0654435994452,0.0,958.5868984520798,0.0,0.0,0.0,664.5047503237897,169.43428220097584,36.54118595264056,0.0,0.0,0.0,0.0,0.0,0.0,0.0,0.0,0.0,0.0,0.0,0.0,0.0,0.0,1155.397488499223,0.0,0.0,0.0,0.0,0.0,0.0,0.0,0.0,0.0,0.0,0.0,0.0,0.0,0.0,257.51954451457703,58.90127116552381,0.0,789.0363412501105,245.70655772848164,1343.9206650826804,1156.1002870695384,0.0,1751.862569323647,1118.8052931585944,608.198600990695,12887.614242432206,0.0,0.0,0.0,0.0,0.0,0.0,0.0,0.0,0.0,0.0,0.0,0.0,0.0,0.0,0.0,0.0,0.0,0.0,0.0,35.4713785611054,0.03857085931320742,0.0,0.0,9.614206803002585,208.07523907824728,2.9758426796291544,0.0,0.0,0.0,0.0,0.0
69,732.8079187403312,867.0076873785888,1181.5201358499507,695.2700269532315,1374.2683378104914,339.6139150885418,62.00706246995935,62.069298825818464,191.97554147820455,373.8144703712081,409.5386742849349,385.66892970940535,1077.7147811050581,1376.7449195167671,1428.0799726516022,630.911583765906,607.4546322175416,3436.299145000319,678.4107646481984,1431.2323308250966,601.8624889016753,942.3518478655026,1237.7456689385724,32932.25090417145,80181.94005870682,1014.3601120335682,673.1347649732129,2463.0254239658316,415.61532381113295,1096.2985435530895,3175.9359937676945,0.0,107.12429844546679,390.12936383275706,0.0,0.0,231.6751752275591,0.0,0.0,62.61210483059458,0.0,414.9185937962869,0.0,1122.0220273499706,0.0,973.472666332576,0.0,0.0,0.0,659.5769053792892,171.69933933245528,41.00612741328839,0.0,0.0,0.0,0.0,0.0,0.0,0.0,0.0,0.0,0.0,0.0,0.0,0.0,0.0,0.0,0.0,0.0,0.0,0.0,0.0,0.0,0.0,0.0,0.0,0.0,0.0,0.0,0.0,0.0,0.0,0.0,0.0,0.0,0.0,0.0,498.77877824747816,0.0,0.0,60.020688957792345,0.0,3051.9128436966694,0.0,0.0,0.0,0.0,0.0,0.0,0.0,0.0,0.0,0.0,0.0,0.0,0.0,0.0,0.0,0.0,0.0,0.0,0.0,0.0,0.0,0.0,0.0,0.0,0.0,0.0,0.0,0.0,0.0,0.0,0.0
70,766.4349401251504,882.2453992861003,1167.7870747327859,696.6454463653822,1423.9063771416056,343.3223727527661,70.99322719680146,76.37252003306116,191.22359507947988,387.84521463047383,443.33414793321424,409.3454408307551,1091.4708098879657,1396.517572792078,1440.438800128021,611.0587515929158,590.9417209027206,3032.940971098242,681.1176498095151,1454.2083747690526,583.3837053867566,812.9796385300772,884.0836548494906,51114.33793663363,76431.75416446738,973.7056119412664,680.5975315081057,2281.271404583322,276.2486987148403,1079.4283214039096,2258.987137358531,0.0,107.04050288286241,376.6785320559131,0.0,0.0,233.78761381963565,0.0,0.0,69.31630734869711,0.0,451.38402700420954,0.0,1127.3609271163423,0.0,981.4188142457593,0.0,0.0,0.0,661.7592881103374,174.9566886776576,45.55148547426482,0.0,0.0,0.0,0.0,0.0,0.0,0.0,0.0,0.0,0.0,0.0,0.0,0.0,0.0,0.0,0.0,0.0,0.0,0.0,0.0,0.0,0.0,0.0,0.0,0.0,0.0,0.0,0.0,0.0,0.0,0.0,0.0,0.0,0.0,0.0,0.0,0.0,0.0,0.0,0.0,2043.3736999238122,0.0,0.0,0.0,0.0,0.0,0.0,0.0,0.0,0.0,0.0,0.0,0.0,0.0,0.0,0.0,0.0,0.0,0.0,0.0,0.0,0.0,0.0,0.0,0.0,0.0,0.0,0.0,0.0,0.0,0.0,0.0
71,787.3662145065543,890.6416802272847,1167.4368230770824,689.5381788641828,1457.688996193184,359.42990348696924,210.1497149962981,428.65096575587813,192.85034297856495,393.8787854963195,480.354924793378,417.79247466399386,1086.8722113645076,1370.3003389048122,1438.582061319181,611.8858782092947,592.849998991849,2949.7841212054964,692.4888603959545,1519.804311376433,585.6224370303185,850.9890705719627,965.1677184986056,67476.22313167113,70544.17433999151,963.8692028013587,681.2027092548334,1611.187838032322,228.0368197670573,1061.6441343608187,1541.8075723164861,0.0,113.84295918891424,360.7539963835056,0.0,0.0,240.28784264938918,0.0,0.0,69.46632087712304,382.6197196816725,491.4038377044321,0.0,1118.7838411861007,0.0,978.649456158295,0.0,0.0,0.0,673.8279925727984,184.3751225928625,45.55294264949757,0.0,0.0,0.0,0.0,0.0,0.0,0.0,0.0,0.0,0.0,0.0,0.0,0.0,0.0,0.0,0.0,0.0,0.0,0.0,0.0,0.0,0.0,0.0,0.0,0.0,0.0,0.0,0.0,0.0,0.0,0.0,0.0,0.0,0.0,0.0,0.0,0.0,0.0,0.0,0.0,1170.0370595835832,0.0,0.0,0.0,0.0,0.0,0.0,0.0,0.0,0.0,0.0,0.0,0.0,0.0,0.0,0.0,0.0,0.0,0.0,0.0,0.0,0.0,0.0,0.0,0.0,0.0,0.0,0.0,0.0,0.0,0.0,0.0
72,794.0855381004317,879.9294039223593,1176.7228035106712,693.5055705517464,1468.9160993296184,369.42620425557493,263.8286689819864,760.4049592838891,184.88729507933272,392.7545703364146,489.06958159749433,416.6372220151437,1066.4130716299312,1372.3145897328523,1438.379656253204,624.0979263780417,592.1290964180557,3498.987522396064,672.0994632151119,1487.808175749322,577.391359127029,1003.8015754828251,1361.3103151356968,68299.18543774688,57510.94291677734,964.7562500161655,698.6755124440691,1611.473847704758,331.0763716314394,1057.306099670633,1309.744236568392,0.0,113.80481183243046,358.0404020470572,0.0,0.0,246.02317753040037,0.0,0.0,67.1629418546184,386.39473966260243,500.98117752481386,0.0,1097.6053720770835,0.0,974.0742918703402,0.0,0.0,0.0,658.1396279728331,189.25633577447064,43.89346958862745,0.0,0.0,0.0,0.0,0.0,0.0,0.0,0.0,0.0,0.0,0.0,0.0,0.0,0.0,0.0,0.0,0.0,0.0,0.0,0.0,0.0,0.0,0.0,0.0,0.0,0.0,0.0,0.0,0.0,0.0,0.0,0.0,0.0,0.0,0.0,0.0,0.0,0.0,0.0,0.0,0.0,0.0,0.0,0.0,0.0,0.0,0.0,0.0,0.0,0.0,0.0,0.0,0.0,0.0,0.0,0.0,0.0,0.0,0.0,0.0,0.0,0.0,0.0,0.0,0.0,0.0,0.0,0.0,0.0,0.0,0.0,0.0
73,0.0,390.4736010868506,473.4452644449192,518.5354932745394,3454.8016635727663,992.5643721454094,5634.907180993479,897.4033461077227,340.89023216670336,477.9355386026083,1053.1509901094162,948.6515462454008,1897.6637755822967,1821.6734241299334,480.2252739469566,484.11526873552543,632.3809353711689,2170.7264901367153,542.1999526154693,464.11370248737427,567.8115885894588,1516.110175667528,4561.889557482672,53667.98539479163,54693.302737047474,3716.279310156331,843.4302457963838,24989.856998023926,1155.4091828037042,1336.379305996985,1741.6014893687902,0.0,214.6448903958318,234.2079086631504,0.0,0.0,85.02548511898264,0.0,0.0,22.700009142317555,505.54557754394125,1200.628004025859,0.0,2205.8076130576583,0.0,181.3004012412953,0.0,0.0,0.0,499.39434632522773,70.60171871956283,14.072147656093154,0.0,0.0,0.0,0.0,0.0,0.0,0.0,0.0,0.0,0.0,0.0,0.0,0.0,0.0,0.0,0.0,0.0,0.0,0.0,0.0,0.0,0.0,0.0,0.0,0.0,0.0,0.0,0.0,0.0,0.0,0.0,0.0,0.0,0.0,0.0,0.0,0.0,0.0,0.0,0.0,0.0,0.0,0.0,0.0,0.0,0.0,0.0,0.0,0.0,0.0,0.0,0.0,0.0,0.0,0.0,0.0,0.0,0.0,0.0,0.0,0.0,0.0,0.0,0.0,0.0,0.0,0.0,0.0,0.0,0.0,0.0,0.0
74,0.0,401.5573413380098,474.28128210445664,528.2856504051967,3590.1247721716345,1031.4572652570887,3266.1823749410105,1011.9139010964915,338.90716567214383,463.85574470427395,1255.7096216540397,1086.4096718568987,2645.2481073207555,2380.4275758918293,479.5169553784149,497.6944594283967,684.0929934080417,2522.769426895124,545.0707984280996,445.1484397651342,634.3680213921737,1827.233198187848,4282.137692963744,61750.549035781645,51281.05580383209,3449.946459641204,1074.494984180859,29297.024729341843,1065.816203399212,1371.6189813693377,3006.99786100337,0.0,215.4754358988844,255.74508050440338,0.0,0.0,96.57629737047007,0.0,0.0,0.0,491.471431313073,1492.1175907464033,0.0,3128.7074391123183,0.0,205.9087790368546,0.0,0.0,0.0,496.96848451154983,64.10923847561082,0.0,0.0,0.0,0.0,0.0,0.0,0.0,0.0,0.0,0.0,0.0,0.0,0.0,0.0,0.0,0.0,0.0,0.0,0.0,0.0,0.0,0.0,0.0,0.0,0.0,0.0,0.0,0.0,0.0,0.0,0.0,0.0,0.0,0.0,0.0,0.0,0.0,0.0,0.0,0.0,0.0,0.0,0.0,0.0,0.0,0.0,0.0,0.0,0.0,0.0,0.0,0.0,0.0,0.0,0.0,0.0,0.0,0.0,0.0,0.0,0.0,0.0,0.0,0.0,0.0,0.0,0.0,0.0,0.0,0.0,0.0,0.0,0.0
75,0.0,408.4860740552694,473.5878373846205,534.5392069720347,3750.8507248977025,1053.7189684995383,1821.2675444522404,1006.1226955377265,327.68577796799,433.30715883155335,1440.2544295333196,1177.131372845352,3884.607798346494,2901.089706628248,475.4445504184588,515.5934605259009,709.3628025526137,3155.8497235905706,550.1406040463479,442.41147013106996,674.0016731341711,1982.5464396998243,3672.0583859382996,61503.25994462226,51371.15866756827,3275.835577832659,1297.45272099467,25851.426220137397,1048.5579298872137,1406.6260211240617,3854.2060695514238,0.0,215.91783263400106,234.7656531762789,0.0,0.0,111.88402267771747,0.0,0.0,15.972858753618247,458.6859864529842,1794.0835950484484,0.0,4733.016528827662,0.0,240.33738900851316,0.0,0.0,0.0,495.3798991598415,57.97820678468044,9.862732976636794,0.0,0.0,0.0,0.0,0.0,0.0,0.0,0.0,0.0,0.0,0.0,0.0,0.0,0.0,0.0,0.0,0.0,0.0,0.0,0.0,0.0,0.0,0.0,0.0,0.0,0.0,0.0,0.0,0.0,0.0,0.0,0.0,0.0,0.0,0.0,0.0,0.0,0.0,0.0,0.0,0.0,0.0,0.0,0.0,0.0,0.0,0.0,0.0,0.0,0.0,0.0,0.0,0.0,0.0,0.0,0.0,0.0,0.0,0.0,0.0,0.0,0.0,0.0,0.0,0.0,0.0,0.0,0.0,0.0,0.0,0.0,0.0
76,0.0,402.394822500816,472.334896686867,541.7700250715498,3910.69907598137,1076.4427980554528,1521.4250579552697,948.635377735954,312.35995764560886,418.09041455702277,1581.885627078913,1242.1749449410981,4874.705915343132,3186.4994059144465,472.0668858146553,524.5077015573312,712.7147995054113,3159.1426599392066,548.1412350502097,436.37938207998417,678.2602685871417,1978.0899993525693,3073.493828298169,58547.02504383819,50342.91507813345,3100.1408924784073,1321.5995532646332,15542.36851278455,1103.861083402506,1446.3148867614136,4653.643484622904,0.0,216.05913948255719,172.83227326523016,0.0,0.0,132.43614047922298,0.0,0.0,0.0,431.3118339589614,2070.1662810433418,0.0,6356.654358829857,0.0,314.0556697940434,0.0,0.0,0.0,482.1619151027567,48.50398704144532,0.0,0.0,0.0,0.0,0.0,0.0,0.0,0.0,0.0,0.0,0.0,0.0,0.0,0.0,0.0,0.0,0.0,0.0,0.0,0.0,0.0,0.0,0.0,0.0,0.0,0.0,0.0,0.0,0.0,0.0,0.0,0.0,0.0,0.0,0.0,0.0,0.0,0.0,0.0,0.0,0.0,0.0,0.0,0.0,0.0,0.0,0.0,0.0,0.0,0.0,0.0,0.0,0.0,0.0,0.0,0.0,0.0,0.0,0.0,0.0,0.0,0.0,0.0,0.0,0.0,0.0,0.0,0.0,0.0,0.0,0.0,0.0,0.0
77,0.0,388.99797445895643,471.35218802621637,551.5902522767462,4126.66886184519,1122.7233310758038,1554.4423630749266,1003.3167768010287,310.4818064822572,429.2757544280832,1641.9012618310705,1290.7018102006446,5135.673048492752,3570.3768320026797,464.1988473212564,525.0746746208197,722.1232811360361,3482.8593702333706,550.7796670187518,425.38527644624935,694.2211183970759,1874.8891968156017,2598.6466227346696,44085.57277845405,46518.837295264406,2925.2162855291813,1179.7031122477506,11549.628868225625,1129.7636650218244,1483.4919277784024,5588.342682972694,0.0,215.7073240507566,146.2770109890433,0.0,0.0,174.3192725694001,0.0,0.0,0.0,0.0,2221.792547301021,0.0,7070.202797407632,0.0,350.46972266222156,0.0,0.0,0.0,475.6347310149751,43.1623989112629,0.0,0.0,0.0,0.0,0.0,0.0,0.0,0.0,0.0,0.0,0.0,0.0,0.0,0.0,0.0,0.0,0.0,0.0,0.0,0.0,0.0,0.0,0.0,0.0,0.0,0.0,0.0,0.0,0.0,0.0,0.0,0.0,0.0,0.0,0.0,0.0,0.0,0.0,0.0,0.0,0.0,0.0,0.0,0.0,0.0,0.0,0.0,0.0,0.0,0.0,0.0,0.0,0.0,0.0,0.0,0.0,0.0,0.0,0.0,0.0,0.0,0.0,0.0,0.0,0.0,0.0,0.0,0.0,0.0,0.0,0.0,0.0,0.0
78,0.0,375.7666728202254,472.91286077799555,558.9262688434076,4222.025003013982,1154.54001797238,1666.3303767042662,1034.5731143875555,314.9106742406349,440.9407272510002,1616.873787088549,1321.4325004141328,5230.29978918631,3625.6675554104377,461.33813620133424,533.3420832398996,723.5173533748829,3434.495847961749,548.3045296624312,403.27427406857197,721.1852389660578,1790.3408898730006,2344.179913995745,34894.77929673306,38258.370441943865,2690.8058477726017,1075.3310440503299,9349.285942202101,1153.5457659702554,1496.5699974325303,5832.110757889836,0.0,209.1940725728791,158.70020226255835,0.0,0.0,182.5745210994465,0.0,0.0,0.0,359.39331987861055,2153.611903037159,0.0,7254.757055746452,0.0,357.47719858248337,0.0,0.0,0.0,484.085699835981,48.543812533421416,0.0,0.0,0.0,0.0,0.0,0.0,0.0,0.0,0.0,0.0,0.0,0.0,0.0,0.0,0.0,0.0,0.0,0.0,27.095363243827745,0.0,0.0,0.0,0.0,0.0,0.0,0.0,0.0,0.0,0.0,0.0,0.0,0.0,0.0,0.0,0.0,0.0,0.0,0.0,0.0,0.0,0.0,0.0,0.0,0.0,0.0,0.0,0.0,0.0,0.0,0.0,0.0,0.0,0.0,0.0,0.0,0.0,0.0,0.0,0.0,0.0,0.0,0.0,0.0,0.0,0.0,0.0,0.0,0.0,0.0,0.0,0.0,0.0,0.0
79,0.0,392.8537155752423,475.5984067283876,566.5358290911229,4229.641619871245,1219.795232011009,1667.5555695763649,875.156860068941,319.14393441659803,458.1315942992745,1401.3553725792808,1324.9907903641115,4441.83385727459,2962.893397542203,462.6717834641312,533.2226564359814,715.3465172134577,2810.818644332599,546.9303810396866,404.3942686693711,737.4019959376099,1697.0070172831483,2459.045128418865,22403.69268214661,25755.24073046873,2474.777624110125,974.2419296717486,8122.303511867671,1169.0710460990954,1502.9460762462036,5480.681435659818,0.0,209.32241574141037,173.37952801486895,0.0,0.0,139.34241857560465,0.0,0.0,0.0,457.41644365564935,1764.430114901856,0.0,5645.450458905245,0.0,354.0211227576575,0.0,0.0,0.0,492.00745927006653,54.804678246771516,0.0,0.0,0.0,0.0,0.0,0.0,0.0,0.0,0.0,0.0,0.0,104.59897068113519,172.17079194180468,96.12528778626185,0.0,2955.873813068189,838.576012768772,199.90812339417275,261.3057515366077,219.1433215502191,375.301592136231,198.21368650247945,52.05971090736358,0.0,0.0,435.7840222809308,0.0,0.0,0.0,0.0,0.0,0.0,0.0,0.0,0.0,0.0,0.0,0.0,0.0,0.0,0.0,0.0,5.261586751328288,16.49110077220918,0.0,0.0,0.0,129.38147913569907,0.0,0.0,46.59153185136761,206.55929911768183,109.17320344073542,0.0,0.0,0.0,0.0,0.0,0.0,0.0,0.0,0.0,0.0,0.0,0.0,0.0,0.0,0.0,0.0,0.0,0.0,0.0,0.0
80,0.0,469.8709823326497,595.5206776582359,718.7697216928175,4894.433269995887,1480.1115234277945,1629.1789603828022,958.2003548652978,360.6330946690197,625.1808546525126,1302.2634171932177,1520.2736250775786,5215.098232648124,2840.344211869649,612.2447578512151,637.2329033875692,756.9877294413936,2440.690818267065,577.0896510278405,474.8850080347182,842.3190457444819,1695.4349151877218,3124.4984824316616,8368.605709157493,15820.127864826645,2245.4293984906144,950.5272865211225,8230.780689008356,1157.9755293057658,1601.5869109334346,5146.358116930714,0.0,225.1133245982877,186.04934954920049,0.0,0.0,107.86741360896455,0.0,0.0,0.0,634.1460415004434,1578.7772051343154,0.0,6649.287069408984,0.0,437.9570564689821,0.0,0.0,0.0,521.2365099161271,59.16194829822209,0.0,0.0,0.0,0.0,0.0,0.0,0.0,0.0,0.0,0.0,0.0,420.2346858041808,465.2495139070734,591.8473071674555,718.516420616103,4533.7907220560965,1335.5205963237556,466.7370658374032,607.6430033539018,451.3225894649673,625.8443848462427,996.4702814689925,1435.27041747911,1285.3552282692285,1253.1717176391992,611.2205829903701,231.0188878537936,953.9667945142405,111.93970297230062,551.956773620466,449.709157494655,353.6754324794384,40.43678668068738,296.12554751599134,195.04782002004345,123.53429392799984,0.0,830.7427833243546,268.17721053930063,170.95914512589334,1276.900610826023,0.0,57.5705744220471,129.6480672262801,444.06191185013813,0.0,0.0,428.4685228952724,0.0,0.0,151.9384014028559,548.766088658287,791.0993637644006,703.0702055297171,482.27804383620065,317.40934962397716,517.9522679559914,361.4505431727374,307.9815965064705,279.31726378668844,489.44388342768883,29.429862967631614,51.50918542933422,24.417438104549184,0.0,4.256920609781348,25.52677405237058,0.0,0.0,0.0,0.0,0.0,0.0
81,0.0,1004.8258859729491,1945.8107688807331,1880.5438957314582,23462.226612271537,2775.824979036031,2307.353058591744,1861.7729809109278,464.5090846246386,1855.431168681701,1948.351346153137,4607.528984904391,8933.420122494797,5389.671404706234,3448.876048384605,1319.6704926689372,1154.692824562588,3135.5287270269764,783.0075014533833,804.3791964678633,1296.4154683952565,2482.7928059173773,4571.819072314654,5201.233927405681,11727.666207411516,2610.9666978148384,2079.4220990123335,14468.402090926389,1351.032133910406,3409.87651925753,6389.587719183311,0.0,274.28865906961033,215.35571225599307,0.0,0.0,94.35599513151256,0.0,0.0,0.0,1992.0637594176255,2693.8135710840497,0.0,15133.850201711859,0.0,884.0719890542658,0.0,0.0,0.0,684.1352648768311,62.64287408714186,0.0,0.0,0.0,0.0,0.0,0.0,0.0,0.0,0.0,0.0,0.0,1005.8160533614702,1197.5699986563334,1956.3934622391344,2061.53612562467,22703.444452698193,2537.6189876416292,870.2494278497624,1191.8911986887335,983.8745155637296,2000.4630988288454,2307.4443600164755,4529.555787160603,4025.7142300223545,3820.8112557219956,3520.630172259899,840.9811302878392,2151.0275843215113,303.01637458365417,772.6739425092468,774.9549709121908,987.3049572211885,234.73294521181288,2596.5728367180054,1281.448446197656,2479.3478380187885,2102.9998535816026,1958.8120424803676,4321.515497792225,2207.732019035209,3334.4502124717615,239.87285410476946,137.49855212678196,280.40188586622145,1232.3899568537433,0.0,0.0,692.005227982829,0.0,0.0,353.92013853544256,1656.8829282656736,1977.4473401988112,2087.8464493558745,1077.7134572034959,949.6410303191099,2467.5761092430566,1299.1033404686414,862.4402611635525,573.5308053229048,746.4396889094687,395.9121355583557,182.28078809216402,143.14704806016715,0.0,70.3708524787975,257.84917004986227,22.94911231032945,0.0,0.0,0.0,0.0,0.0
82,0.0,1249.8309439922148,4098.784716663446,2810.391796851951,46071.5025054667,4472.854259263222,2470.515112687359,2891.835449115533,437.66889197156945,2304.4828917718814,2093.570765386157,8806.930478883372,11331.431055100762,7969.669178486882,12371.423967248433,1632.850464321068,1326.3246673715628,3232.848118854321,907.5489512212265,2556.9480062121957,1911.4829399559383,2446.142129253575,5235.4519795629385,3522.9146492794143,5937.2998908481095,3120.123726472892,2612.320239491986,23842.871442929434,1480.8923320212575,6122.207234713514,7178.4587708604595,0.0,290.12581402138375,219.96597220903436,0.0,0.0,63.602993850724694,0.0,0.0,0.0,2819.382393261627,2876.4670209301075,0.0,19861.385705899578,0.0,1078.4245221576007,0.0,0.0,0.0,786.2774923651843,69.15439717006224,0.0,0.0,0.0,0.0,0.0,0.0,0.0,0.0,0.0,0.0,0.0,1365.3857848819903,1741.4617201704755,4209.894028250872,3469.1062630339147,49303.27993658898,4197.042332945031,1187.65840953592,1780.2087045875835,1245.8151452200257,2852.8797791838515,2660.331454248464,9332.419577727833,5627.002026759643,5928.420494996647,13560.631862931046,1212.829969145375,3942.7116365093793,466.7077705762965,910.6213996236718,2475.6648766484163,1543.2122162632372,401.62257407629215,3919.0613462597275,2001.9809340344138,3852.9911645955226,3589.8141092127707,2576.9943523614033,8341.223367094653,4619.962393210294,6539.990361572556,3863.4285150321944,165.5560307777046,383.2239180340237,2271.3524604721442,0.0,0.0,1144.5926761956337,0.0,0.0,507.0667130164752,2399.117021307642,2378.773497179672,3583.882600821135,1662.8040088812095,1561.8650479432642,4947.95095368176,1765.2202631860234,1469.005364642033,816.4566196559997,871.7699787474746,921.3277773141817,303.1860832257749,248.19107525723288,0.0,141.84923693440138,735.9651707504238,62.92468347250998,0.0,0.0,0.0,0.0,0.0
83,0.0,1160.3005874394623,9368.647593987134,4056.7015661826244,80977.28498408842,6562.388051230158,4614.6116156692615,6295.129692474774,355.82930602153436,2610.5994730222797,2079.738718204485,15965.25166691039,13791.173358277536,10975.541100969494,36361.69650704673,1771.3684296438564,1208.8160511105957,4655.585005829465,1385.5531091538005,20110.43594369106,3012.723574113078,2586.2053382119702,5686.379899367878,3155.416558389234,12145.72963297529,4608.65339688795,2556.377061804234,30115.658243532776,1520.0089404618388,8921.014409821622,11288.607862723211,0.0,297.26555498181034,227.84645467041761,0.0,0.0,42.180416304816,0.0,0.0,0.0,3710.2334586578963,2720.315578385186,0.0,23551.001200023613,0.0,1348.3528967660968,0.0,0.0,0.0,1167.1186790316676,85.35286111048657,0.0,0.0,0.0,0.0,0.0,0.0,0.0,0.0,0.0,0.0,0.0,1613.62514233383,2159.2380922270386,9710.347790923066,5524.416161810152,102517.66264219276,6221.109721667247,1665.3276911482076,2715.208462803387,1375.73358291095,3816.282308226818,2689.6025497592254,20460.1295727755,7476.667209471852,8282.28177141315,45743.70258262272,1525.0849460363486,7156.111964189136,751.1906959716988,1427.528609917374,18574.605329413076,2412.2605494968166,540.9145658088689,4709.358996908119,2279.6375935593237,7727.549843167008,7358.341047644494,2698.5499633945838,14434.336676972482,8592.379887721861,10042.122454309549,8129.47717289422,195.07296420017337,501.80001557288614,3574.75690132029,0.0,0.0,1552.7359538217859,0.0,0.0,615.3436036778928,3177.4344450623494,2469.778099311144,5214.894259535587,2118.6539772969736,2046.7725813427867,7298.858956840349,2173.471886211326,2054.6053657588554,1485.499183594465,1375.4289701375412,1797.0287646414583,417.5582696043468,337.4722892719332,0.0,220.84036045956483,1779.2768528288868,99.24240563831464,0.0,0.0,0.0,0.0,0.0
84,0.0,877.7399522935898,19506.332622709975,5050.793633662314,108355.86241920202,7550.94680319133,20198.511185836778,15301.763110086427,360.54365267779735,3258.8102001336347,2266.3116261454493,20055.691552335164,14968.103641207314,13592.254627582584,56009.15257654717,1449.7130981563625,1237.4570208299328,7334.837628154211,2115.5413364496026,41568.032436163674,4621.421922390819,2446.238720574268,6335.476318756491,3441.370556404763,38442.68953664812,5290.041257231808,2365.889679473053,49021.47362426558,1691.5993422424199,13376.805389456153,23398.29879303471,0.0,290.9277640966331,241.93879276300584,0.0,0.0,41.20723970492949,0.0,0.0,0.0,4292.314831437373,2869.9027130986997,0.0,24629.584835697195,0.0,1632.3197654308915,0.0,0.0,0.0,1770.6744816761236,109.10469597788595,0.0,0.0,0.0,0.0,0.0,0.0,0.0,0.0,0.0,0.0,0.0,1723.878871997501,2463.7265983793773,20267.744805754402,7343.460920179808,157295.8984178136,7157.020387225551,2225.1932558770495,3488.517022536723,1388.1771184914592,4515.454139715956,2921.6647569060506,32113.955087334347,8675.201530897259,10471.6759733689,78363.3985224489,1605.7234064581846,10890.315642090229,1021.4896325349467,2284.337712352098,39036.80800039677,3590.302039367781,632.4368663668319,5472.016395030444,2803.6539486285205,13764.537378759027,13720.324194712823,2613.915602354545,21159.097759556378,13924.519053226533,17368.333218910153,18122.737091373347,230.68770209740472,640.6035811798301,5109.662973797476,0.0,0.0,1740.9719273405897,0.0,0.0,672.5351687560794,3728.638224044861,2696.256647889438,6311.430758903475,2431.191159051143,2376.5496334860586,8578.971765564456,2249.1321536876912,2494.885603377488,1853.0343987885617,2235.7091461332457,2155.7634273107233,562.583982172357,398.88574757907514,0.0,300.5498977352188,2273.3236177989697,125.09064879250043,0.0,0.0,0.0,0.0,0.0
85,0.0,756.0793587195856,44517.00290663595,5427.623892720478,116137.00948760638,9727.348552167072,34159.33643955701,26597.154332886945,379.77566324679657,3557.365316240391,2065.8966900942273,21251.145204446268,14926.113260084432,14913.58976220352,67074.31000143739,1177.0431265930488,1355.2534382281365,10009.995051976226,2626.9239579244754,44358.666600844175,5709.623310020714,2397.730479045482,8051.506225297715,3380.1698829458646,86921.27398292905,5622.80355623224,2412.8324799046936,68991.66060125122,1602.7201546485492,15832.063988328284,27793.989915174338,0.0,242.49318624803024,255.02598233790636,0.0,0.0,53.61280860340171,0.0,0.0,16.477889079973785,4463.158549079047,2408.093513142223,0.0,23743.942595984783,0.0,1789.1960945400808,0.0,0.0,0.0,2222.12726053996,124.6317576191108,10.143028697192419,0.0,0.0,0.0,0.0,0.0,0.0,0.0,0.0,0.0,0.0,1730.157200539443,2507.904111758066,47528.33161073792,8438.004383391217,180959.6520465269,8952.38190382726,2342.7097957927876,3713.6688241692827,1243.7155981775322,4755.501813948925,2451.866079980324,38040.917770641005,9225.612582907173,11844.523382939125,89531.65372737104,1642.8351044756653,12500.004514737157,1049.6434483243315,3010.084940581592,40607.894701335834,4296.721313157955,669.1843205828748,6889.715733185007,2848.117576815639,17610.607591874526,26842.002669462032,2706.521188860634,27620.884930707543,26279.594502976906,25364.71504713347,27107.20629820993,267.54031537704384,675.4528671152557,5474.959409919012,0.0,0.0,1837.4135514262396,0.0,0.0,662.3963551527388,3922.65359893354,2306.2861740768208,6799.831274368543,2501.075896603434,2551.967187445905,8988.50504068006,2126.746538029948,2747.2709782461625,1967.8580783385012,2904.0804961937,1880.3126090513765,620.9344033861759,424.50595005855774,0.0,333.8498858696653,2645.3437537309937,175.11767997493482,0.0,0.0,0.0,0.0,0.0
86,0.0,870.7916052195452,68621.70344947925,4735.949985725462,115412.5120936414,9975.45074209434,44580.1711682759,33250.87824482715,366.1821298005902,3711.9207210812438,2025.9986942156268,19252.04706659097,14671.989243314056,13632.091769621706,69874.51380876853,999.1761751146054,1459.7494732293014,14121.213225397569,2740.6367874331395,48397.929798410034,6187.0376070497105,2054.733664942846,6798.850970882611,2999.353237991272,118358.8186796188,6193.056109142989,2090.2727481451125,76378.30458095825,1289.5390413858863,16561.341568892884,20984.391952464888,0.0,130.1276888850935,248.11307639358063,0.0,0.0,70.37777953833567,0.0,0.0,18.261466271514614,4361.5116722716675,2234.397856017694,0.0,22537.90894273125,0.0,1852.7133461000067,0.0,0.0,0.0,2436.486497128509,131.20572058524778,11.257465731449242,0.0,0.0,0.0,0.0,0.0,0.0,0.0,0.0,0.0,0.0,1758.4146535696304,2393.312093647417,71026.2701491314,7328.966088104395,181820.85218534473,8699.751882731904,2243.2136193555984,3510.5205918026204,1172.776036090486,4674.444727802324,2266.007061656282,32866.97954117972,9082.454386421256,11470.734326814461,85435.87818221499,1426.751564342235,10825.568255436296,1346.4743802454648,3370.7654973865288,38333.6735128977,4653.963798281845,647.6120029376382,6061.710686726037,2624.308897048147,18893.063151895094,39288.79545259385,2485.2295294961805,31446.723705204095,24558.810312442743,27862.009032019472,24637.939007396228,282.5962802389004,625.5801864029889,7843.444929177098,0.0,0.0,1759.5676616518294,0.0,0.0,636.0209294034993,3848.7525202305155,2140.346404535315,6603.647785982198,2399.6801561869834,2565.1117781572784,9092.941977050374,1837.7933779620275,2723.9150905289857,3100.0126874656758,3245.1363503329135,1991.2528996047288,615.06226096515,414.3834716907383,0.0,318.79508309999494,2811.3704622955142,234.19790597246282,0.0,0.0,0.0,0.0,0.0
87,0.0,1031.0593170612722,74008.46880354865,4183.576312496393,107132.20676220121,11290.905082194158,48244.948051669424,34956.464850829434,344.21892281491176,3654.1222344076764,2408.949734617087,15257.879483436724,15602.581166645034,12431.969416178412,64441.165306382674,935.3192235152151,1286.716277225748,17388.739261990544,4209.0020924982155,55133.77582884152,5607.758126358959,2003.4471778894804,7161.744823926597,2763.701223172049,145981.88792990314,8910.808253357563,1717.2073646006468,63323.90458931047,1092.738253676637,13342.233625969218,17426.201647529888,0.0,39.56044750688921,253.87074780448472,0.0,0.0,96.50558906001123,0.0,0.0,18.251325301666434,4103.32873525774,2678.4877090955065,0.0,24546.36991698517,0.0,1910.0993800377184,0.0,0.0,0.0,3703.264087839539,134.42362391963636,11.243006405947456,0.0,0.0,0.0,0.0,0.0,0.0,0.0,0.0,0.0,0.0,1788.6976034305117,2451.371414663635,67990.18674793252,6053.9759423379,160133.06298215082,9397.91478919198,1880.1674021703343,3011.1112041339693,1237.8092408768814,4432.758634781791,2637.293239184665,22881.602988527575,8375.923951534078,10336.487536383029,72505.62002728251,1478.633441949567,7287.7278284031345,1144.7238098325458,7280.276734469069,39699.59689173747,3723.1211136908487,602.1836236389012,6189.74961413889,2438.4826858126553,19208.647863973558,35751.01078905543,2311.3959957278353,31055.463704932376,27079.306541945698,18589.24661168331,22091.604232324742,240.98720280315922,614.6878861972051,7758.026279092977,0.0,0.0,1581.3018635552296,0.0,0.0,609.4136704079586,3598.040090284,2443.997660709883,5804.44556003286,2263.781221177422,2384.9680220445953,8528.098862605946,1979.411505419689,1880.10026706513,3398.773990402849,6877.802674479959,2542.156183689457,547.4182359255508,383.73362472524826,0.0,290.4464623884018,2967.7469170896456,148.60870854340106,0.0,0.0,0.0,0.0,0.0
88,0.0,1211.8879403566955,56621.48537163572,3615.279005650164,82282.94047720914,10293.860981370259,46835.00070228352,30594.75981914818,357.6614356062688,2383.8954677848214,2484.0597817066764,8023.423117106901,15226.136100029837,8819.263693030656,57109.51731155309,830.5024636210187,1146.039302041382,17445.13079511318,3068.0527078045243,50185.703337951694,4188.837223476291,1889.7742350729486,6585.9295766274645,2475.0553505444086,147125.86252455827,12591.84499806172,1586.9255711732935,52490.518784252374,963.4629113587163,11005.391725962174,15245.384253649461,0.0,0.0,295.08096389201194,0.0,0.0,126.37447619051484,0.0,0.0,21.661089321097677,2502.4254970306074,2835.582964602338,0.0,23143.976689794064,0.0,1932.2598342692904,0.0,0.0,0.0,2869.4287324980614,134.27004333822725,13.365825235831824,0.0,0.0,0.0,0.0,0.0,0.0,0.0,0.0,0.0,0.0,1945.2978938000526,2351.314994924156,48733.79884298814,4816.342589767388,104174.92064237525,8009.046153692253,1385.496468655654,2267.0124220782322,1122.667595784467,2632.265995537182,2661.773943573916,9461.603064753106,6930.036523934781,7178.834933634605,63070.4497530964,1306.5481199657493,3641.642981803962,740.8547598228281,4314.094321305731,30876.93894936703,2803.368183839594,532.8522928709591,5531.201165170437,2195.5510637366124,17749.843359638566,33314.696930231825,1919.0665685147792,27715.88375794859,22341.828344381254,14113.243966180093,18903.17840121972,278.63269932247243,566.1525662149921,6738.140933086684,0.0,0.0,1262.1486439619066,0.0,0.0,515.3781647777932,2279.324544452109,2415.978302309787,4090.9476042884403,2053.847115906255,1921.5459372471257,10379.991243655737,1754.068746696559,992.0217415752006,2741.667127106614,4158.484317048419,2295.7661043512503,504.14831702630556,338.6184754144258,0.0,269.045842154417,2802.69412207397,149.93412843987582,0.0,0.0,0.0,0.0,0.0
89,612.6785544545534,1165.6089439206094,28920.925494850708,2494.9263427484425,50722.594251880226,7311.83133330714,34143.43730037025,21347.253635278248,394.22430027548006,1827.2987715342347,2271.4442134914757,3800.1127667640517,13068.332154234697,5546.632697518433,30370.225596191518,660.497341694038,960.4003475706946,14672.81925108246,1571.3360577689332,34203.118920962326,2798.8470513889147,1683.3058242339353,5735.963390309493,1994.0351278010125,138884.81975455917,13464.823944054913,1300.8440976550464,53255.92425737602,780.4281747075428,8773.908980510754,15890.571357729044,0.0,30.448512221774887,342.0854734188098,0.0,0.0,164.81312710014294,0.0,0.0,30.761373223512454,1878.736618917344,2618.531491409456,0.0,18136.95214822951,0.0,1831.5861825427955,0.0,0.0,0.0,1517.7800196438955,140.50959953949445,19.087288968851897,0.0,0.0,0.0,0.0,0.0,0.0,0.0,0.0,0.0,0.0,1450.3604132802827,1860.3301407885376,25672.322360768718,2899.367503229122,54823.249077837434,5524.581305854763,936.8084033448439,1458.3016755073706,907.8324114816745,1973.5747183373178,2324.5144656230873,4040.7227624397706,5292.09960600988,4262.981582150088,31144.440580606868,1043.5005707976334,2162.258091567267,612.3280405629548,1755.1089262075407,18904.422165237782,1976.7500314889928,409.7967578453626,4601.4090336886575,1726.2694101012776,14135.849667010327,22405.18848982176,1427.254863031159,23075.26305533333,13779.804975761139,10284.264273304587,19311.966789236438,162.3643372355168,386.29402623770306,5059.761955125651,0.0,0.0,850.5372712506701,0.0,0.0,378.5535656894616,1684.7015951992307,2056.3202634318304,2386.1424184348775,1463.764583802985,1274.951073795292,7711.238189106599,1355.1441185633787,440.328659867554,1785.8207012276955,1716.2112088767358,1689.9646448470992,440.03435795902544,258.7874356621854,0.0,241.3557428632826,2257.402298977058,126.06163624328553,0.0,0.0,0.0,0.0,0.0
90,850.2613380722619,1047.3925590165147,9373.839278621148,1248.6767290020707,21988.375431547298,3929.6065583668137,3867.2610727291926,5100.6010841911975,366.89150789044913,814.2373053167536,1574.9277329374856,1283.3487994952222,8044.068479076277,3144.8319355781036,9945.03347371949,504.5661301544719,669.801395433616,9586.652837995473,830.8230866763324,19442.24705026865,1813.0077258009294,1262.0107975260453,4985.599869313589,1709.8914490294278,130568.04321679403,11036.161732144194,786.4334649197016,66325.11429735163,713.6113059066703,5586.076931297569,14464.742409031956,0.0,46.18360431559351,350.24180714177186,0.0,0.0,173.46240677223307,0.0,0.0,40.22869396349422,827.2592205756517,1753.9735302082563,0.0,9469.702788170252,0.0,1400.5492069814263,0.0,0.0,0.0,814.1487888875538,167.83703060962216,25.24849149592358,0.0,0.0,0.0,0.0,0.0,0.0,0.0,0.0,0.0,0.0,885.626568274534,1346.5657268180769,8695.442054790292,1318.359967507611,21760.485665917684,3019.3539967057764,459.0147843845014,698.8756004557202,548.8589080806121,843.3897706858816,1470.8395955082265,1300.0350915989643,3252.4605158004993,2567.7128779966456,9876.607590452593,636.7797345926712,1108.9920049277673,316.1731051405466,853.8968711885389,9870.008117692074,1276.4742722442716,261.74682318046644,3566.9769748157714,1364.2688625273581,9602.164754066513,12297.833122099873,832.6547224823138,18772.259022946484,6977.085149337853,5882.27424307366,16026.862473490923,71.84958781137243,251.7576104131241,2845.0490943108002,0.0,0.0,410.13211638948906,0.0,0.0,207.97190657936753,742.8253612747291,1267.600143719826,949.6992433041478,851.615691166195,996.8101066884716,4328.346350757091,828.9792639484217,367.1707434728907,895.6551837484764,835.4928565204922,939.7780552630862,274.9027646538261,163.95700017435865,0.0,163.78437130065728,1524.5442199672514,84.22491756111567,0.0,0.0,0.0,0.0,0.0
91,485.9271542548602,474.6595520751162,701.1099228339788,522.2360523996858,2793.8254499324557,671.4289191541383,117.49242012341199,111.33095190162123,276.8259658981439,431.73544556622187,1082.8700425156264,718.6808466225898,3596.756325273898,1700.492938087212,545.105658734137,327.61973702463564,482.42393535738313,4458.906591049981,592.4138500823019,11316.350632665986,1324.5060412140467,1026.2008846066592,4678.261968188536,1711.345184982747,124827.18248998703,6967.671621456227,451.2292065178638,59023.41532223187,780.8764205164455,2131.001584057671,13485.263883784668,0.0,63.960819574708324,264.91767663535956,0.0,0.0,163.24866068775444,0.0,0.0,41.47198812810937,430.6249733101115,1194.8405835337041,0.0,3891.022608722153,0.0,410.1889537677141,0.0,0.0,0.0,577.3318885709831,163.4991467823329,26.440775515227738,0.0,0.0,0.0,0.0,0.0,0.0,0.0,0.0,0.0,0.0,355.41732763670365,494.4242622397397,692.7078563454785,527.8110845936794,2704.116860282923,583.8306690132212,82.32930617199646,83.03057756405563,252.20987487458845,432.23455375523304,830.1574766474884,714.5631690829432,1401.4467195210632,1306.132811592378,544.751573467913,286.92678352378977,713.9935879701849,121.34732186313035,584.023712289433,4653.967518892314,804.3085951900375,125.28638791896019,2529.1198634418556,1095.0505184129825,4925.865946742153,6477.390870069265,466.6765946510445,10646.865196183364,3617.7647896854596,2100.6807621756884,13823.459221516856,28.77644867401282,161.25257681070204,583.8761120582597,0.0,0.0,137.19584660970563,0.0,0.0,62.25267236023024,342.89555835164265,592.4781115070099,534.4583913205843,383.4639973061655,505.3333770331845,486.73920506751944,411.57343299453044,139.49015454512383,281.87069445259397,557.7517858646966,478.8488400450133,100.47230138725179,76.76495795443384,0.0,80.95488828256732,773.7239340378716,69.81616170089889,0.0,0.0,0.0,0.0,0.0
92,391.8601329889158,392.10049964517646,483.9747763840023,427.54249689228453,2536.7823781188863,551.143878294404,85.10359971559467,69.00243270646911,247.0309262499256,399.6924276630232,963.9795815033505,617.5853022021762,2078.5265635564656,1262.1699356398929,440.20051884612246,312.53694036452816,421.42278455340687,3256.519965967186,553.3536061986268,10429.03387906574,1124.8497332275456,1121.9801132411078,5055.288059131115,1548.9502530199388,122192.72037332636,5405.756567417804,379.94295224228483,55477.594949393424,802.2131937943661,1394.178604804587,12492.142956662463,0.0,78.0603688794312,232.08601280987966,0.0,0.0,173.51701143744452,0.0,0.0,39.403039706224504,393.5476310404695,1069.2437905973406,0.0,2212.7472822185296,0.0,340.2241618825954,0.0,0.0,0.0,536.9015605868927,156.29141776386,25.12450168131539,0.0,0.0,0.0,0.0,0.0,0.0,0.0,0.0,0.0,0.0,4.052058228649125,0.0,371.6270230771324,360.23310311877265,2359.450090633647,0.0,0.0,0.0,0.0,0.0,0.0,0.0,0.0,0.0,4.927167542306207,28.10705498215349,122.60854131382956,0.24909608969381863,14.297894605446134,384.20756400352667,23.686777341425735,24.97081657022368,579.4687225125177,462.41273256382567,2149.032200762535,4466.132737994968,317.7867753655268,4580.505140416423,1827.1043021180908,1189.7531064902776,12161.173636512971,0.0878046555201884,0.0,84.0926229245084,0.0,0.0,0.0,0.0,0.0,0.0,0.0,0.0,0.0,0.0,0.0,1.1604211677198086,70.55025445289985,0.3039170618726468,0.0,22.874127642745993,49.42680912723295,0.0,15.099763650234973,0.0,23.66228867655914,268.3666624831643,21.245129322968655,0.0,0.0,0.0,0.0,0.0
93,391.28974987381594,380.30227994963406,479.28305626209067,435.39845502052367,1279.455304305685,582.3710549533416,80.94589924829165,68.28393522705767,224.04387078749045,405.1410640157336,1001.7431624157078,663.0894667397981,1800.9200662237995,1157.2921552868322,427.6230187787604,315.0125378334292,451.07946096588705,2369.825159621051,551.5298365389185,10818.578295516203,996.9919925484767,1280.7078670216754,18358.2637978798,1587.924421048065,113488.48481071534,4438.488771773208,406.51834163894307,70675.01726609285,806.7005036796018,1301.1756912311653,10936.579152429147,0.0,69.73813203770237,231.58302510558087,0.0,0.0,204.14179592856024,0.0,0.0,45.0829312769587,396.8800552762168,1133.1882015241206,0.0,1930.8624535511144,0.0,321.3865194664063,0.0,0.0,0.0,536.1223551109582,166.71849930410835,28.86844056305875,0.0,0.0,0.0,0.0,0.0,0.0,0.0,0.0,0.0,0.0,0.0,0.0,0.0,0.0,0.0,0.0,0.0,0.0,0.0,0.0,0.0,0.0,0.0,0.0,0.0,0.0,0.0,0.0,0.0,0.0,0.0,0.0,0.0,0.0,0.0,1043.9013423511985,0.0,647.7728062369251,1187.1447651527487,0.0,9953.649234727507,0.0,0.0,0.0,0.0,0.0,0.0,0.0,0.0,0.0,0.0,0.0,0.0,0.0,0.0,0.0,0.0,0.0,0.0,0.0,0.0,0.0,0.0,0.0,0.0,0.0,1.7978737963541087,0.0,0.0,0.0,0.0,0.0
94,388.4325501035333,362.0390794989281,480.03128821019914,450.24427843871354,790.454759800113,528.5419353374791,85.33215810276573,68.27268858747004,200.95218546187587,412.33896012284174,973.6941085416051,668.2317246033733,1577.8368785725086,1061.4893423278388,430.6409861643328,356.69603283424857,411.2221235950768,1847.5139239100713,548.7568900393143,13378.400301923535,873.0685502162032,1551.7646341201826,52618.46226605425,1634.5889070408148,97975.02767780446,4279.522573694749,439.7049202427894,112113.66661627125,911.3982186012639,1287.0838287080808,10079.78365111495,0.0,65.13460280412363,246.79539173231424,0.0,0.0,199.36511780236816,0.0,0.0,55.22747321589483,402.1498469500369,1111.2631955401894,0.0,1698.5149596670653,0.0,307.4111156422781,0.0,0.0,0.0,533.4467849966949,167.02388563441457,35.658102079046365,0.0,0.0,0.0,0.0,0.0,0.0,0.0,0.0,0.0,0.0,0.0,0.0,0.0,0.0,0.0,0.0,0.0,0.0,0.0,0.0,0.0,0.0,0.0,0.0,0.0,0.0,0.0,0.0,0.0,0.0,0.0,0.0,0.0,0.0,0.0,0.0,0.0,0.0,0.0,0.0,7446.019745629275,0.0,0.0,0.0,0.0,0.0,0.0,0.0,0.0,0.0,0.0,0.0,0.0,0.0,0.0,0.0,0.0,0.0,0.0,0.0,0.0,0.0,0.0,0.0,0.0,0.0,0.0,0.0,0.0,0.0,0.0,0.0
95,386.4130785544635,337.01647796236944,480.3795571124283,461.89811144256157,654.3500514793976,495.6359086596507,94.61758700830813,69.61181872810585,192.5761532429071,415.25160545348785,950.3325619888008,635.0603672136046,1426.7565779745937,1053.3038534268294,443.1502012711661,393.3569803387602,350.1810218317368,1545.1854995894364,550.9766642407641,13446.28101156826,789.56529289513,2213.920989277497,50512.48873463515,1930.4247476854216,80681.96928028282,4109.3750612071035,465.71842178718015,142657.6150538959,908.7393344560742,1287.9875930792296,9565.606384176732,0.0,67.4301131690302,266.9932252889365,0.0,0.0,184.77514504145992,0.0,0.0,66.26049145403914,402.5827738769294,1099.3082787973094,0.0,1543.7282990320823,0.0,314.128168906165,0.0,0.0,0.0,536.3240876057116,174.0196117684196,43.19559908477468,0.0,0.0,0.0,0.0,0.0,0.0,0.0,0.0,0.0,0.0,0.0,0.0,0.0,0.0,0.0,0.0,0.0,0.0,0.0,0.0,0.0,0.0,0.0,0.0,0.0,0.0,0.0,0.0,0.0,0.0,0.0,0.0,0.0,0.0,0.0,0.0,0.0,0.0,0.0,0.0,3278.496597332582,0.0,0.0,0.0,0.0,0.0,0.0,0.0,0.0,0.0,0.0,0.0,0.0,0.0,0.0,0.0,0.0,0.0,0.0,0.0,0.0,0.0,0.0,0.0,0.0,0.0,0.0,0.0,0.0,0.0,0.0,0.0
96,388.7330300516543,264.54202956726533,482.5858461408643,473.3400476330356,701.1065366131959,495.42108241060134,331.26323486910536,72.70214854972323,177.83530378352873,409.1080047576945,938.8523890600906,641.2441205895902,1326.1170346828858,1041.8888684390558,448.211439021847,413.27409708241805,290.3318134374395,1388.8218805087433,550.1032578311253,10794.492033648936,744.8062519114912,2811.076251190279,42560.94877637406,2365.1796772201124,67744.01423141509,3844.3581821447738,492.57479947279137,176185.1734793179,824.6089916838378,1272.1366911874234,6111.388660995914,0.0,55.361655332199234,276.3675613043696,0.0,0.0,170.25286211405339,0.0,0.0,70.8050056738344,396.43327235493155,1099.8442065281893,0.0,1444.8580003394582,0.0,326.30645610905276,0.0,0.0,0.0,536.0798622953932,180.43575173200168,46.381945709308134,0.0,0.0,0.0,0.0,0.0,0.0,0.0,0.0,0.0,0.0,0.0,0.0,0.0,0.0,0.0,0.0,0.0,0.0,0.0,0.0,0.0,0.0,0.0,0.0,0.0,0.0,0.0,0.0,0.0,0.0,0.0,0.0,0.0,0.0,0.0,0.0,0.0,0.0,0.0,0.0,0.0,0.0,0.0,0.0,0.0,0.0,0.0,0.0,0.0,0.0,0.0,0.0,0.0,0.0,0.0,0.0,0.0,0.0,0.0,0.0,0.0,0.0,0.0,0.0,0.0,0.0,0.0,0.0,0.0,0.0,0.0,0.0
97,53.71721287618292,56.328171441442976,57.76423046663126,57.42087732717138,58.988019978642114,57.71832732076376,53.41643595345502,52.9971902594184,47.41117743690615,54.724649624326105,49.87555416419143,55.12945598128738,53.524004345208986,55.88920001421371,59.29995218463091,55.78533712162326,54.38403478012277,56.84519776513142,29.120651419262344,75.83811954251019,30.14573052988112,92.30498090369821,189.8972867634825,84.39764111902548,73.31954485741221,4972.1737031763805,92.39140831434156,23181.225046456744,60.368816574899675,64.8862729173203,61.65769459833825,0.0,47.26529870339774,53.67862724268812,0.0,0.0,48.61793745788018,0.0,0.0,38.73193838047703,54.75018956082778,52.95612893686297,0.0,53.82443421412475,0.0,54.59077111941413,0.0,0.0,0.0,29.012978408347045,42.52938437965211,22.69163050500253,0.0,0.0,0.0,0.0,0.0,0.0,0.0,0.0,0.0,0.0,0.0,0.0,0.0,0.0,0.0,0.0,0.0,0.0,0.0,0.0,0.0,0.0,0.0,0.0,0.0,0.0,0.0,0.0,0.0,0.0,0.0,0.0,0.0,0.0,0.0,0.0,0.0,0.0,0.0,0.0,0.0,0.0,0.0,0.0,0.0,0.0,0.0,0.0,0.0,0.0,0.0,0.0,0.0,0.0,0.0,0.0,0.0,0.0,0.0,0.0,0.0,0.0,0.0,0.0,0.0,0.0,0.0,0.0,0.0,0.0,0.0,0.0
98,54.87247213277291,56.660841523372696,57.842564753656234,57.48469497563491,59.04148697555911,58.09963470503021,53.57590907899734,52.71825021984,47.166879895286115,54.707288918589114,50.46014915806174,55.052796345083976,53.7377108831425,56.03416674730255,59.30524786722913,55.95815837935714,54.19919059450407,56.98029543516725,29.13934000417484,76.27533976170753,30.203770082231074,94.26193046495968,188.90921037581165,84.47794140170117,73.23543537577848,4833.143996505484,95.05689300399922,43215.49131080246,60.34315735717222,64.80147811983983,61.698077917739624,0.0,47.60310261037948,53.375001402672375,0.0,0.0,47.994668406256935,0.0,0.0,40.243732241124455,54.76613980270173,53.125302513617356,0.0,54.00560426322798,0.0,52.45461088575443,0.0,0.0,0.0,29.070359271796242,47.642905802584316,23.52147635395725,0.0,0.0,0.0,0.0,0.0,0.0,0.0,0.0,0.0,0.0,0.0,0.0,0.0,0.0,0.0,0.0,0.0,0.0,0.0,0.0,0.0,0.0,0.0,0.0,0.0,0.0,0.0,0.0,0.0,0.0,0.0,0.0,0.0,0.0,0.0,0.0,0.0,0.0,0.0,0.0,0.0,0.0,0.0,0.0,0.0,0.0,0.0,0.0,0.0,0.0,0.0,0.0,0.0,0.0,0.0,0.0,0.0,0.0,0.0,0.0,0.0,0.0,0.0,0.0,0.0,0.0,0.0,0.0,0.0,0.0,0.0,0.0
99,55.253444804995056,56.92939282115894,57.796881301769076,57.500979273857666,59.041085318398245,58.46358812841146,53.51856703849123,53.29731262304449,47.13302238305622,54.75672401215803,49.63777278825654,54.96180773961967,53.96728706171672,56.05969282481027,59.3041870991442,56.16868139761255,54.15347947077809,56.859428741173446,29.13275144331351,75.91507552120902,30.294099574879496,95.07298584001944,188.45849619923172,84.35997655973893,73.14418686451063,4644.050348728171,100.22302844501496,53276.818015627556,60.115181734889056,64.76497070438825,61.7441467018125,0.0,48.817148418644706,52.87264422738114,0.0,0.0,47.884003790175264,0.0,0.0,41.013987645267704,54.838546201899874,53.25295267572372,0.0,54.33956745488189,0.0,49.762050786710475,0.0,0.0,0.0,29.02082594007105,40.17405981021974,23.932767888892883,0.0,0.0,0.0,0.0,0.0,0.0,0.0,0.0,0.0,0.0,0.0,0.0,0.0,0.0,0.0,0.0,0.0,0.0,0.0,0.0,0.0,0.0,0.0,0.0,0.0,0.0,0.0,0.0,0.0,0.0,0.0,0.0,0.0,0.0,0.0,0.0,0.0,0.0,0.0,0.0,0.0,0.0,0.0,0.0,0.0,0.0,0.0,0.0,0.0,0.0,0.0,0.0,0.0,0.0,0.0,0.0,0.0,0.0,0.0,0.0,0.0,0.0,0.0,0.0,0.0,0.0,0.0,0.0,0.0,0.0,0.0,0.0
100,55.279152732243375,56.72912305538702,57.785245539989205,57.460691359624505,59.018291839407766,59.13343088941758,53.5629895190155,53.314246287513356,46.74462939150398,54.76856788897422,0.0,54.999382673294406,54.30220917786155,56.21623658354835,59.30619898336431,56.411858127098036,54.28739660024085,56.93192594646135,29.123218412461682,75.15542519237783,30.420664348724813,95.0799137309346,188.76674141679928,83.01686602545999,73.11240855489132,4404.516364136079,99.37389811960884,52495.5325612176,59.862297886549065,64.74468619877172,61.858176015888944,0.0,49.9421252338923,52.76755731803462,0.0,0.0,48.95600645152115,0.0,0.0,42.64527889914035,54.86186868638043,53.571839547498,0.0,54.95101793592383,0.0,0.0,0.0,0.0,0.0,28.969660620649318,33.954160841277584,24.801806467395494,0.0,0.0,0.0,0.0,0.0,0.0,0.0,0.0,0.0,0.0,0.0,0.0,0.0,0.0,0.0,0.0,0.0,0.0,0.0,0.0,0.0,0.0,0.0,0.0,0.0,0.0,0.0,0.0,0.0,0.0,0.0,0.0,0.0,0.0,0.0,0.0,0.0,0.0,0.0,0.0,0.0,0.0,0.0,0.0,0.0,0.0,0.0,0.0,0.0,0.0,0.0,0.0,0.0,0.0,0.0,0.0,0.0,0.0,0.0,0.0,0.0,0.0,0.0,0.0,0.0,0.0,0.0,0.0,0.0,0.0,0.0,0.0
101,54.798641718914574,56.2799670919123,57.869553500651705,57.34335443738647,58.955315545318854,61.18184288048667,53.52152034785007,52.867133276748746,46.088560895318096,54.77934322744815,0.0,55.12983405970573,53.96210627712317,56.34436118005226,59.31650544846434,56.48051159905343,53.95143606771402,56.967617529032566,29.14986370972983,73.74371985405048,30.499475635068052,93.86010616145057,189.2513328148624,82.35671907171138,73.04779403125394,4183.0554304559655,93.68019078394241,46349.00686179594,59.64366804286803,64.7445646972642,61.83808448017203,0.0,49.89330249009216,51.96269364339812,0.0,0.0,51.62321043668161,0.0,0.0,42.21200391863608,54.87694803186116,53.8247540347605,0.0,55.776976212115414,0.0,0.0,0.0,0.0,0.0,28.96236614108272,30.245159974491642,24.547209852628676,0.0,0.0,0.0,0.0,0.0,0.0,0.0,0.0,0.0,0.0,0.0,0.0,0.0,0.0,0.0,0.0,0.0,7.495951346168503,0.0,0.0,0.0,0.0,0.0,0.0,0.0,0.0,0.0,0.0,0.0,0.0,0.0,0.0,0.0,0.0,0.0,0.0,0.0,0.0,0.0,0.0,0.0,0.0,0.0,0.0,0.0,0.0,0.0,0.0,0.0,0.0,0.0,0.0,0.0,0.0,0.0,0.0,0.0,0.0,0.0,0.0,0.0,0.0,0.0,0.0,0.0,0.0,0.0,0.0,0.0,0.0,0.0,0.0
102,53.779236662102605,55.65927882964816,58.00284958310442,57.33416183677953,58.927952464472355,61.857462844187694,53.385269257990586,52.36609433659112,44.37554536343124,54.7777486142067,0.0,55.159234045287775,9.20395952103915,56.544750606349226,59.313957330175526,56.569007022863715,52.82835903401018,57.04292109825815,29.144678637374355,72.7181614116148,30.538463739208765,86.61926115477314,189.56392843099934,80.41479096364412,72.95585736329713,4044.3319202267317,84.95641880284666,50425.78635856745,59.18423286572882,64.72289565635236,61.78074497012176,0.0,48.49214672180052,51.1817223732301,0.0,0.0,53.5611080507894,0.0,0.0,40.52687951630998,54.887396422657275,53.72892691682907,0.0,57.014760873059345,0.0,0.0,0.0,0.0,0.0,28.92323731129265,26.963359037307455,23.636742813538948,0.0,0.0,0.0,0.0,0.0,0.0,0.0,0.0,0.0,0.0,0.0,0.0,0.0,0.0,58.18502180602625,59.58205926589333,43.48500791679857,47.67645470789,0.0,0.0,0.0,0.0,0.0,0.0,56.08528900059739,0.0,0.0,0.0,0.0,0.0,0.0,0.0,0.0,0.0,0.0,0.0,0.0,0.0,0.0,0.0,0.0,0.0,0.0,0.0,0.0,0.0,34.75599553674174,0.0,0.0,0.0,0.0,0.0,0.0,0.0,0.0,0.0,0.0,0.0,0.0,0.0,0.0,0.0,0.0,0.0,0.0,0.0,0.0,0.0,0.0,0.0,0.0,0.0
103,53.719005267629846,55.04961357189231,58.32371829282579,57.44691430151061,58.96760911127785,60.722121541914476,52.463289201902796,52.17499940910386,43.18415350529833,54.82258097364223,0.0,55.20279478079715,47.29138967674162,56.46091003651321,59.33808080102665,56.581486078461474,48.224033630344664,56.96369001214663,29.137817499202967,69.41903787902959,30.54593144650397,74.59783493865046,189.47586544913975,73.64609626998231,71.36993088802512,4043.3989870100077,67.20590112946923,57790.08747159196,58.448911341248746,64.73423012548807,61.77858569979833,0.0,47.22249529651601,49.44143752547703,0.0,0.0,52.263557306513555,0.0,0.0,37.086877748889776,54.94906682834966,52.72974649059314,0.0,57.118644068637536,0.0,0.0,0.0,0.0,0.0,28.628814140188474,15.41171238815824,21.75881450229321,0.0,0.0,0.0,0.0,0.0,0.0,0.0,0.0,0.0,0.0,53.73580154110469,55.39640804982526,58.201770474177295,57.75036993644633,58.95155511606731,59.710386932879004,47.354120308222555,50.33884815229484,50.22589228965724,54.704771362557025,52.43389995430769,55.02710181884929,54.89938289845675,54.4096109460408,59.2083723604766,51.14871897464901,56.00856626629103,16.68279385602907,28.79446944393793,48.059623265473775,0.0,1.083207155554746,0.0,0.0,0.0,0.0,65.17954644122214,36.161505520715565,0.0,61.66333271120394,0.0,18.615927477404703,36.19310354287963,56.55349649926799,0.0,0.0,47.04048009330838,0.0,0.0,37.37207754395755,53.14195177050118,51.74900156099693,51.99188416153366,49.9141692874962,47.49112738675926,58.297116903088586,54.401318218861185,20.512642840093935,39.80383013680097,26.790156188094937,0.0,0.0,0.631766604551595,0.0,0.0,0.0,0.0,0.0,0.0,0.0,0.0,0.0
104,53.544353221744664,56.130836703903285,59.563730677496096,57.88683923166715,59.17430229446552,61.83692777644012,51.9362497530631,51.949063728272904,44.2509278922133,55.108485267815865,0.0,55.73303272821306,53.74840200476305,56.454040150025975,60.51687720656673,56.831296959136246,44.079085415897914,56.81778535154791,29.82322472917076,68.71858011784582,31.419795070849688,65.25350652011497,188.0156393039698,71.8374106139521,67.0424293627292,4181.036825039144,60.96016861400244,64838.99891965922,58.79278682648348,64.87114621292989,61.891589333953334,0.0,47.25591347456773,47.33735304684822,0.0,0.0,53.30912296354001,0.0,0.0,36.4019716327115,55.26628677273493,53.333537535898756,0.0,57.32291207176843,0.0,0.0,0.0,0.0,0.0,28.899102500898,9.936958894963315,21.68630208531744,0.0,0.0,0.0,0.0,0.0,0.0,0.0,0.0,0.0,0.0,56.943800972894195,57.695642575636086,59.51005479654725,58.47880251690896,59.2550880272853,61.58736268337606,50.12059889766074,50.94636390232843,52.10918827079425,55.19742370321978,53.56523298036642,55.74060062665254,56.51428514751,56.12349487226442,60.48274598786918,55.15300196856576,56.808554288075186,45.047876029096294,29.82206347700611,68.42175076621615,30.965813864455072,12.778117451355737,173.48147764193422,68.11754716127561,64.7766996522312,244.4011684928383,60.68243634736348,2591.862730514301,61.0912307896303,64.4623000132949,53.10011236720613,38.33282611473726,49.56890322073232,58.55496670086158,0.0,0.0,58.83852035781156,0.0,0.0,46.713119147254346,54.66617261438689,53.368006555362335,54.84056304230434,54.60385083690955,54.513432642584235,59.969417287088156,56.1391922146437,47.30601942593054,53.94788228972713,29.747546814355985,51.894139502320165,27.383554177610346,8.042751242875653,0.0,15.83592721283051,50.38830337192954,0.03099544157213958,0.0,0.0,0.0,0.0,0.0
105,136.85464458307135,184.44630133425943,215.41793354198546,182.76149192019054,203.28408396360942,235.37961445717315,52.3984457897706,52.00590144546169,64.55172816160525,113.62340799686876,0.0,112.37529018180581,96.81921979907627,106.22747973479285,728.3523003681296,109.37092528529124,58.37965801166494,105.60271695220891,66.03527356738681,71.55419325476942,68.97924870310135,176.70302349437605,187.9739691003124,72.78986830733913,70.96544427064089,5116.104971538448,189.15851080726043,78794.67477619284,109.41981496525055,884.0081814468306,120.18705307302469,0.0,99.55944562694357,84.82182277080133,0.0,0.0,123.20700284435354,0.0,0.0,46.34559990659656,114.22000189424608,84.82883177626022,0.0,105.81169375016941,0.0,0.0,0.0,0.0,0.0,59.96243120764644,7.75829481483661,31.485494748086165,0.0,0.0,0.0,0.0,0.0,0.0,0.0,0.0,0.0,0.0,197.02405112166232,206.51147362071853,215.28553113864746,191.26632876062644,204.63858334750284,233.84253132461552,51.6188690642132,51.40870110792362,83.88716205960822,114.11808164286441,85.243151208795,112.61106057369119,104.49436422795877,106.12850605908974,729.7620602328436,105.92570303909254,110.11219172733888,95.53520980750285,66.18424471265172,71.42105898122963,68.24913761391826,120.28386751374536,185.04251514058012,71.59005399586337,70.24604362875931,3757.896729288607,188.1994423838904,6584.153848086653,119.05764548784958,889.9369753679451,118.39463754469826,98.18329444938301,150.8310420553165,207.05238502392655,0.0,0.0,204.83015930666838,0.0,0.0,76.8589800043844,112.08901009122042,85.26811302506232,110.42425383611132,101.04988937265658,92.20944658198127,673.376335720091,109.21727490025023,105.26625230959353,102.29488511388408,66.09419862199317,58.76318128782815,58.25381786744399,94.34020154639744,0.0,25.40789407633156,67.63567269689852,24.33025282189416,0.0,0.0,0.0,0.0,0.0
106,96.58699599497746,800.5853036477865,3120.277474297808,736.8461256612666,3044.6210527291128,3046.248618773603,52.288871514321045,51.82803275113912,112.26130397273398,431.1688280443562,0.0,430.11081926532665,218.46113824183067,247.01885999705553,6863.515518950706,261.9414416538084,40.32175360954158,245.37065828151228,67.15935747477886,72.8667950889701,70.72377630449012,225.96734116652328,215.07962579428153,72.28483993046808,72.07271115844094,8201.155135779323,734.0064535941976,101037.0102185575,270.9843379307055,2830.801343044339,296.1398323921287,0.0,134.3014510290994,43.04710173893429,0.0,0.0,186.45483462259287,0.0,0.0,57.48003601735004,440.2179293802817,188.27992074769995,0.0,245.32674504970942,0.0,0.0,0.0,0.0,0.0,51.26473997829975,3.114220101716634,30.841910631080534,0.0,0.0,0.0,0.0,0.0,0.0,0.0,0.0,0.0,0.0,1169.1932827736443,1492.406266852294,3128.2616191936654,1042.6511654879532,3154.0283026517955,2848.304698672706,51.8973013617905,51.42515727268471,180.9139361122787,440.42401430900213,190.1039990914324,434.2628839720817,241.84925352650845,249.99977446302245,7149.7278133757045,257.8405629344136,275.14234289433404,211.62479196224092,67.29686526406908,72.82184094020039,70.41444596200196,162.7163041635702,213.49725390287944,71.64605387696898,71.7317941005522,6968.888282066175,730.4125805556652,11360.404219605178,332.75626450983964,3008.9781035743995,291.88706604666237,195.20768376854258,429.271145778047,2136.2093070231563,0.0,0.0,906.7085347836302,0.0,0.0,149.57572979584532,420.2573516879751,189.4701268043999,411.92589995943683,227.84868011228187,191.22530563185015,4144.36491126141,270.9712340208412,255.68685414961533,234.45329300819395,67.25361663134066,67.72340438460145,63.99641320949401,130.89139453951603,0.0,33.549147117019295,70.26736448608739,49.93835914782117,0.0,0.0,0.0,0.0,0.0
107,7.343757610773776,1175.5347487464426,4203.678656710195,1044.320688898853,4342.846028555215,4301.604331994796,52.82613412073189,51.90915918002048,137.5416958882752,928.4446387912463,0.0,1044.8683903608894,391.2322294062034,429.52459290508926,9264.819563113022,483.08479427752314,155.99677961344275,437.44662912918386,67.60575779719957,75.58117967677447,71.67346843013078,200.3122114436735,194.19546730294002,72.63027555944035,72.35870498826813,13010.138349539666,791.9867092283894,86578.66867406864,777.430472066941,3629.432194840799,652.6371713871697,0.0,137.16222506743648,3.566807341249837,0.0,0.0,203.43231975047058,0.0,0.0,59.659638150731276,973.1063952412526,225.74214126408876,0.0,434.7143454508995,0.0,0.0,0.0,0.0,0.0,10.53055221094908,0.19470631910099492,31.260757799809753,0.0,0.0,0.0,0.0,0.0,0.0,0.0,0.0,0.0,0.0,1418.6589008420149,1878.176068391813,4239.727134257464,1575.1946824237139,4553.987223584216,4007.7999761156348,52.37275934961838,51.57866587544291,208.67371665528634,976.3163831262887,226.1004550712471,1066.2001683165413,425.3923419776413,451.15306426436774,9840.571315531604,494.4690075898093,558.1590417100415,352.9358559376761,67.73249920233582,75.57324497938112,71.54073679246764,164.34504209117185,194.5199294675426,72.23644743951496,72.20433158429884,12629.342271062043,796.433396332688,16703.86280843694,1839.6165640909317,4028.4014266468375,647.8527613181698,245.5462554525949,540.9350634427675,2828.8220305113255,0.0,0.0,1177.0257498717021,0.0,0.0,165.1479622522035,894.4598263391565,224.8680942925336,968.9884246832072,391.396540721459,286.7148313466719,5496.380297792833,535.0547682720777,496.52914748387553,404.808000013726,67.68660778459434,72.50225403855626,66.65913376292643,142.26266860966774,0.0,32.15640685765162,71.36176347685242,64.02031854491922,0.0,0.0,0.0,0.0,0.0
108,0.0,1363.7112941692305,6174.339119173055,1562.2194224546631,5265.855437846312,6077.257114192136,53.134147742797566,51.916072346053,156.63528797129422,1318.730746464901,214.36858935196602,1826.5435256310454,442.3387533552887,466.9795872848899,21320.844586912743,571.1108998780347,221.7298751099437,502.34330784967085,67.68192466868328,75.95597532973386,72.23363017725504,182.3649211144578,186.32474408765455,72.90990336468894,72.40362899918296,17246.269852891437,881.3093479145629,28582.590429147673,824.4214232396814,4971.060037066724,2399.8109058246373,0.0,126.03587534928326,66.21058320385283,0.0,0.0,241.35538395875506,0.0,0.0,60.572029937631655,1410.1347423824677,260.06167719716444,0.0,491.8435330898916,0.0,0.0,0.0,0.0,0.0,0.0,0.0,31.35326082149016,0.0,0.0,0.0,0.0,0.0,0.0,0.0,0.0,0.0,0.0,1503.48378362356,2116.8408090852326,6286.559084951648,2263.9325480741377,5497.317131183479,5610.482791678522,52.62700200913262,51.61585655690981,229.54781568853912,1415.1875708042212,259.91182321391193,1886.5508426599717,481.3020976543321,524.7650183887878,24550.467344552148,596.2888056372337,706.2685148334964,404.4557812235683,67.7952601963625,75.97020875405747,72.19580687408822,162.76848245727328,187.97619872603377,72.59639282277952,72.3545363126128,18778.841303627963,892.8959031740362,16252.194658843177,2554.148539430585,5951.270672371094,2389.332252820438,278.5765564522815,615.9934682316784,3746.3030025118496,0.0,0.0,1434.5696333071758,0.0,0.0,189.98702446271488,1277.1638668692465,258.4754154329971,1620.392809703878,439.88822635486537,355.9972890233885,8181.631277643497,647.1346147810309,621.4133252323614,462.2595391105797,67.73529559188773,73.43206038343864,68.01972807792178,145.74265129336084,0.0,32.291095608144424,71.68956665479075,77.98269049172605,0.0,0.0,0.0,0.0,0.0
109,495.42807799308906,1496.6192093721124,10578.984168174302,2059.9059290085247,31526.38524079998,9720.253011412027,53.42002581348382,51.88833157212258,164.70589570757454,2460.558530620137,226.8658419147913,4345.537626816231,502.02010400529406,495.5545089158253,41750.341928881026,566.2200823996919,263.55497550789914,533.5922756885125,67.92966057225414,75.5715887767252,72.22400372178228,0.0,186.48447139124258,73.2357704303439,72.6470879973462,19169.61068894098,842.2377441990427,9654.756863975308,910.5108577862073,5264.545455633673,5957.295761413406,0.0,114.4356922422337,131.597484641449,0.0,0.0,300.50676788004137,0.0,0.0,58.68211380744476,2809.411623643996,254.84245874146083,0.0,544.5432832445789,0.0,0.0,0.0,0.0,0.0,0.0,0.0,30.585047810132693,0.0,0.0,0.0,0.0,0.0,0.0,0.0,0.0,0.0,0.0,1511.0659497100994,2267.116326011841,11009.800387059244,3444.9585998560083,36388.43384736026,8495.486045267455,52.80890777856406,51.63732505399121,231.8025126563956,2809.7102730761917,254.0786919574387,4711.721656498554,533.7245644647126,571.1409266792593,52365.41457083092,589.8676325794216,730.5491883436872,432.38150739969103,68.04626083058452,75.59514892685115,72.24271568962592,162.75769728090017,187.56038930869323,72.98430187810645,72.65716554822887,24066.86990255411,857.3474843589253,8609.522847484406,4698.870387074123,6584.2097395805295,5966.430518618409,292.2809588111904,651.5374231900067,4910.909425043162,0.0,0.0,1562.0322299228449,0.0,0.0,207.12240134361238,2289.547245515111,252.8714102424754,3246.002227000316,498.40878925260677,458.91383370171866,9705.632653208648,635.436775664882,645.9848848864018,495.1537578391454,67.9867061858559,71.97449582353421,68.39783115011389,147.64192861937985,0.0,44.63988223243527,72.04233687929218,60.702008192060624,0.0,0.0,0.0,0.0,0.0
110,684.410983144822,1688.913275853218,9991.43993511629,2222.706568516962,45139.23320195167,10749.959329334644,53.602181650337144,51.946271275653544,172.04779239236768,3933.90077806691,239.65116136327057,6119.018849677701,557.6484769345384,520.6075748367577,48774.114943036184,548.9540320361499,261.1397576033594,555.8283441447287,68.51178857355222,75.79306110949346,72.26788445413135,0.0,187.29925475317089,75.04410478244239,72.83210472466806,19124.856197627436,782.0349708524432,6228.652969841704,1022.8115251817471,4970.8825550832535,11084.890067137223,0.0,107.4143911933036,206.21032988258784,0.0,0.0,339.0361550090498,0.0,0.0,58.68362430770384,5008.509322423592,257.0841589845685,0.0,583.7415937000827,0.0,147.09458671956386,0.0,0.0,0.0,0.0,0.0,30.59234519388878,0.0,0.0,0.0,0.0,0.0,0.0,0.0,0.0,0.0,0.0,1494.9942845768494,2282.3851366970584,10419.250919269529,3829.988225433354,53702.361908104765,9086.03445589565,52.89518818233585,51.65848884511259,232.03732351779038,4982.585104505744,255.9316125423834,7000.648941613988,571.50086948295,597.6928230304211,58791.01699205017,571.5606356519825,713.4053793904371,449.6814353558727,68.62579756827358,75.80299702715365,72.29863613042298,163.0057577094337,187.91334730429554,74.76027330923252,72.8141886269853,26900.40078368757,797.8937492637215,5942.983176569925,5620.317174087205,6096.300894968067,11301.627237808774,285.56064651767844,642.9452687795032,4789.22683195241,0.0,0.0,1491.4614442662948,0.0,0.0,207.90236646199767,3751.9055002920522,254.3137601217076,4011.429530274551,531.4238268994025,509.48373276263624,9706.112654122044,614.3386838700433,632.7452384040422,517.4026100984034,68.5755802122614,70.30199542187565,68.47248635982007,148.14748448420056,0.0,59.638006536108016,72.22731374750336,61.784964080708505,0.0,0.0,0.0,0.0,0.0
111,840.0837032213728,2052.477180925087,8916.804992584375,2035.1121338636,33308.17201763975,8814.03614795795,53.64776476494271,52.019670199456414,185.2811637036569,3027.930396339645,309.4572210375075,3926.6423019936133,742.5083663618697,662.2622581672255,44062.74419618114,629.3132478787488,329.9692054338868,721.1211269430322,68.2133386688406,75.94938264368523,71.80267741837199,0.0,212.73984594395756,77.26148010451084,72.96220911581486,18890.72813002323,777.0773577277837,4958.028194833588,900.8670808750845,4141.7834080176735,10997.048264694002,0.0,90.4899778432206,283.28031486049866,0.0,0.0,361.60504930595425,0.0,0.0,68.49689269891587,3524.6701545237756,328.4299203140151,0.0,784.40642143633,0.0,0.0,0.0,0.0,0.0,0.0,0.0,33.606396395012325,0.0,0.0,0.0,0.0,0.0,0.0,0.0,0.0,0.0,0.0,1514.6575829868957,2361.190636429216,9204.475404135224,3140.001084383343,37209.98790919487,7486.109355497178,52.8822840596459,51.61056935401653,280.3998815554429,3483.770428085364,326.4714889500766,4297.759730822534,760.3131695516403,764.5114677883811,48950.68494395017,650.812167520208,839.4135619888203,530.3727563540634,68.31253372375556,75.95594321415433,71.81605490883491,178.62189976439558,212.65625298310908,76.96969530311115,72.90217725695669,28077.79897399586,794.7218952599542,4777.584080316217,4675.443939782326,4824.284936466853,11254.327016403551,243.76766752570768,598.7158808053584,4347.986541124503,0.0,0.0,1268.1700914192547,0.0,0.0,239.96841460466922,2648.5574905966905,323.186864486825,2953.2893578306075,688.4860387003541,669.2874053482702,8808.487068405639,714.1980454209751,719.7369283009856,642.2048978325208,68.25938707608259,66.29728173041055,67.76638434807269,159.24417184073326,0.0,65.218046332642,72.2521940220906,89.84712107847682,0.0,0.0,0.0,0.0,0.0
112,840.0684126273328,2013.1780599926703,4707.490486785645,1410.8439146478772,6652.093314266211,4513.579599993037,53.68451599850843,51.97448777683178,185.35516177827333,1614.498588887443,315.75830596487276,1651.9800429388063,560.7141415855672,511.5667753117137,20216.503372948493,498.1877372066963,340.26683106995705,564.680978575467,67.9085863942177,75.68949457404983,71.06804998730709,0.0,292.6289260096766,78.06500509508396,73.01879631661734,17657.299402601708,604.8061469005894,3146.008358969397,852.4458778292716,3012.0264549088774,5425.727529897017,0.0,103.56341116182838,291.7340564709215,0.0,0.0,359.6660409248794,0.0,0.0,81.55949408656728,1735.9110523983077,332.79863256974096,0.0,584.0570162118155,0.0,0.0,0.0,0.0,0.0,0.0,0.0,37.82815790061306,0.0,0.0,0.0,0.0,0.0,0.0,0.0,0.0,0.0,0.0,1383.946941195326,2062.2645003061084,4748.344289321893,1776.6374350423462,6840.341186061834,4051.1038852300844,52.7826286666615,51.499983136863214,286.46551385854303,1721.1712150029116,330.71049941364447,1711.1843474795733,565.9710383557392,551.9053111425052,20434.725214305814,502.50130967688824,597.6572118897678,415.6636936676541,67.98196740513163,75.68740094714599,71.01941075801577,217.34444761670568,291.46271341654284,77.81782514439506,72.89480092751432,25188.617005366857,615.2628757572671,3061.542841532145,2697.7605852946454,3298.293616866303,5479.207680947894,214.555353833612,502.8700406664225,2929.528918406274,0.0,0.0,947.2840322565148,0.0,0.0,239.16351072980513,1539.387215181499,326.44230081674766,1441.1935020650565,508.7256903600612,448.56624123712095,6638.880162524565,546.3025854600598,526.2538377653261,489.7369557875786,67.91185417991841,63.315549054643206,66.28067705135976,182.54389248064373,0.0,68.54153029534177,72.10872755757603,121.41673327882054,0.0,0.0,0.0,0.0,0.0
113,783.1632134516453,1737.921264938878,3574.036897637143,970.8809637719336,4456.42084315108,3033.2253300020966,53.781777025818656,51.88489065265145,166.56237123790507,940.0221020201905,252.8195333147325,941.4973858027231,382.41623682311143,345.50601379858927,7543.879066779653,343.41605591948456,276.5850321876898,366.59810620896496,66.53207484658452,75.59794009732457,70.00109070480676,0.0,252.84452679338187,81.11746011934429,73.10272938352114,18729.531646337393,298.8337602313962,1788.432003322157,820.0298066486326,1967.0283461679717,2897.8053018064998,0.0,163.38708373879763,243.53516720188273,0.0,0.0,362.2117359869255,0.0,0.0,93.32085608692856,983.6065023590663,263.41152583164984,0.0,394.4328504249768,0.0,186.6532305043329,0.0,0.0,0.0,0.0,0.0,42.53787142478445,0.0,0.0,0.0,0.0,0.0,0.0,0.0,0.0,0.0,0.0,1156.116783774351,1665.852163748335,3581.1545010774353,1106.4930343978076,4493.933228757498,2717.123671859998,52.393541365117315,51.2036305428234,227.53722240077855,973.8133016934328,261.22120423541514,960.1642714671215,382.6556961258234,359.86189501953095,7464.745146174835,332.7004383339398,367.86364871341704,276.9112222277976,66.5673123189805,75.56730021072866,69.76781031253765,180.2168182688584,251.29505749493575,80.84900908458437,72.90744334592958,23278.24970469691,301.97720671480965,1752.8176117626658,1867.7262164769813,2064.4938778242904,2907.1531309694765,165.9102764752547,374.84325839299817,2550.1950929658683,0.0,0.0,669.1263746048583,0.0,0.0,180.15179174816686,894.6050864234056,257.7439137638482,845.4226978496573,346.45697818331735,308.8665519142204,3942.1415869311654,357.9670407042812,332.2906781246999,313.6442306196097,66.3823595529287,68.57480406419015,63.67034138694416,148.59965162862582,0.0,70.03250538209632,71.89377655253537,175.26876822268142,0.0,0.0,0.0,0.0,0.0
114,626.5996140455948,1146.1090658839605,1683.0649947453082,188.73825326846827,2289.875321054893,1454.741469146782,54.004367190628955,51.92204976876269,108.60745020177998,184.98663780644975,136.97766455960635,180.15862190283372,151.294361600927,139.23424214157797,1966.535824164282,136.91351693053954,126.28950880432211,139.52588119275333,31.440044516862997,73.8486411843553,33.5455913784557,0.0,188.6745836442003,81.29497708824829,73.11935673493508,15154.813638445808,129.81860971151173,341.04002793657173,295.0279850387729,326.2937801521275,778.6493574707833,0.0,179.93114140637388,223.6908277589965,0.0,0.0,355.74345582256296,0.0,0.0,80.54303928429496,186.9590165117927,140.44077830298818,0.0,153.0625747917469,0.0,323.50566020007136,0.0,0.0,0.0,0.0,0.0,27.43956122731109,0.0,0.0,0.0,0.0,0.0,0.0,0.0,0.0,0.0,0.0,762.5890293581637,1035.6223768439215,1672.6162879664344,192.4219235895137,2294.5595620198847,1323.8171641625343,51.27277723586876,50.72127233325752,126.96586049019798,186.00314714478117,139.08818683095524,180.38477346807724,150.2299589277012,141.14476940746277,1943.5912114759333,131.24693721798718,139.29436680305685,120.0733560207048,31.435732401313032,73.77782971350655,33.35456887776367,102.23959268366379,186.97435577245258,81.3685856741655,72.78775713442442,14297.662462279313,131.19784848584004,338.8275481154004,348.25999796042595,327.37930497899015,778.0123704728652,98.22206795025441,232.26601825043414,1347.4654658547936,0.0,0.0,378.58188677989233,0.0,0.0,98.08502692142757,181.41565842395212,137.89682220495703,173.6638383742539,143.57949488486275,131.7732307433517,1466.3691984802254,137.47056386258905,130.90107656185057,131.6898507046731,31.356812965876557,68.98891526053197,31.15922976013863,85.7115834007757,0.0,64.4116597655602,71.27704163540072,131.76741844377622,0.0,0.0,0.0,0.0,0.0
115,55.13566600326669,57.5737690435556,58.48151960725545,56.34301162666944,59.280671042586164,59.07757184826323,53.5477453441473,50.871212243734476,49.07449748387827,55.61965998303542,53.99601020984157,55.93000925706093,57.625347868055954,55.50214606998338,59.35901931178478,55.52368387196438,54.034258874525506,56.606578265562035,29.562428295726306,55.42026058566307,30.912062059565315,0.0,170.03227596586612,79.80260834982289,73.08677341339376,9086.339739519446,54.911386822932506,191.01925600699587,143.1882183914488,65.03843633591089,189.7255747684028,0.0,49.042196302364005,51.444725625952756,0.0,0.0,55.42109755633318,0.0,0.0,40.87279328600746,55.96522178102248,54.764543406434996,0.0,57.9916222287693,0.0,54.44460828257203,0.0,0.0,0.0,0.0,0.0,23.914863214655817,0.0,0.0,0.0,0.0,0.0,0.0,0.0,0.0,0.0,0.0,55.26215672591883,57.34205529847003,58.40386448490875,56.431693784311676,59.278429791746134,58.41244571365056,45.241058971096095,48.13020796531309,51.21771960127597,55.61436317920254,54.18810658541684,55.77232267779664,57.165268346576426,55.63192360884894,59.21645010094423,51.703743310295145,55.9965488429377,51.10754087427327,29.5352015008703,55.337780407818116,30.60576902027412,41.90258282093545,165.78227050766347,79.54713808614456,72.39977264218567,6384.328563773916,55.012943933555825,189.25213339147007,154.07658340530617,64.76988020522079,189.50228900069988,29.34497726926949,51.2703357321912,57.60886725965708,0.0,0.0,46.686543333756184,0.0,0.0,39.97396162454703,54.76200614056381,53.947376837194305,54.11233213716815,54.03799347031513,52.24485233382492,57.84603190148019,54.50315056280086,53.365084951252804,54.64592210000752,29.466364233835307,53.87407218103868,26.79460531783623,34.539673097507325,0.0,48.41603804366053,69.4159999315942,59.19923435137712,0.0,0.0,0.0,0.0,0.0
116,54.461025827506006,56.67911670855652,57.86773796958755,56.00327274164574,59.02322035623797,58.770151704891305,53.78992828708107,50.24815847216502,47.98642620302063,55.387702306028075,53.11732068004371,55.4910794937129,55.79555575414563,54.67207181831979,59.1915946113204,55.389577867043904,53.40367565812265,56.354236262709634,29.142911622610512,50.752341110637644,30.49049426784478,0.0,175.7335739137318,83.7697634299559,73.23512078357908,11206.444523754477,54.66636673318348,217.36405932725233,65.2306085804808,64.86349895406107,182.84265012266587,0.0,42.8360926385527,51.33784127768365,0.0,0.0,55.23938569305598,0.0,0.0,35.463123540343325,55.70386617459633,54.024548663420546,0.0,56.36860639742736,0.0,52.83753678800029,0.0,0.0,0.0,0.0,0.0,20.816652657387053,0.0,0.0,0.0,0.0,0.0,0.0,0.0,0.0,0.0,0.0,54.194800284665504,56.12030152507774,57.464131014608455,55.52649087450234,59.00771965291085,57.1378327177916,36.87924795657613,40.16212341314454,25.746026214556114,54.755877467886904,45.077286102077395,55.087762094905735,43.12335226791872,53.24326314937578,58.89826500976092,46.50392872870191,55.38383411437131,37.18177218613733,28.784907507598323,50.37016538239225,28.886978189973213,41.3975390099843,172.6667654964462,83.81372276161825,72.33272601024154,9289.231614544778,54.59921168699822,213.08616380266798,67.41024946168395,63.71107561498724,182.55402814971688,23.49853876416394,44.133589605952125,53.149185657249355,0.0,0.0,31.960375761929935,0.0,0.0,5.50869823809573,46.95354257775186,42.221990876886274,51.02547249582834,9.750096828830154,41.35767675816357,56.34674264294182,52.443257598827955,47.06955200048269,42.4094597437111,28.45489392796341,46.430225520446236,14.454916806730973,33.90555075557097,0.0,35.76422019785159,64.73428985174723,82.62253154611933,0.0,0.0,0.0,0.0,0.0
117,54.4857294633414,56.512220773759836,57.783133132588205,55.91057875069971,59.01067245753211,58.820772981860614,53.75110937550431,51.06826421942401,48.535761012565516,55.523770978535225,52.92831679731691,55.26534440779329,55.602211011728464,54.7258764682903,59.1163787153306,55.106018237659704,53.61061710199255,56.488785435288236,29.11464517909579,50.86151620123047,30.391272097713085,54.734279848496215,81.89257421412321,84.3619816349701,73.27670771479688,6968.931365420232,0.0,221.1770796381245,59.508223000980685,64.87258063707202,64.06869030206508,0.0,16.449868472713376,52.44486772456058,0.0,0.0,55.27279435020282,0.0,0.0,33.7387793335904,55.7719992035004,53.921060012221744,0.0,56.09205145313467,0.0,52.36682907047757,0.0,0.0,0.0,28.39368165903533,11.94790665963836,19.83509329753188,0.0,0.0,0.0,0.0,0.0,0.0,0.0,0.0,0.0,0.0,0.0,0.0,49.355679539657196,5.675566635340328,58.68183682609995,0.0,0.0,0.0,0.0,0.0,0.0,0.0,0.0,0.0,0.0,0.0,0.0,0.0,0.0,0.0,0.0,0.0,75.8805035888197,0.0,47.440413719653904,4227.927456366617,43.14549358699282,212.7351954556591,61.5098071091964,63.406641352880655,63.98990367566171,0.0,0.0,0.0,0.0,0.0,0.0,0.0,0.0,0.0,0.0,0.0,0.0,0.0,0.0,0.0,0.0,0.0,0.0,0.0,0.0,0.0,0.0,0.0,0.0,0.0,26.37536608802901,0.0,0.0,0.0,0.0,0.0
118,53.421836808692724,56.464235155631926,57.69341268862149,56.10183727499418,59.03087260747952,58.84173354864686,54.27761668374842,51.577845334009,49.858297525731345,55.96140113675574,52.81073946789583,55.25012028373766,55.68595841906365,55.25245462070316,59.16253843146535,54.891088965074,53.763026039063575,56.649500057730506,29.141261598098822,54.387947767509104,30.351678263993875,55.36548802267882,77.10953294800049,112.60764598227979,73.17097168314035,5734.048888770516,54.90105981857418,221.7456706689518,59.21014683277459,64.88957860708666,61.77113761174269,0.0,0.0,53.44002823520111,0.0,0.0,55.28626697888883,0.0,0.0,35.4696164508507,56.170444476137504,53.994079851079846,0.0,56.13351680220546,0.0,52.81480349840473,0.0,0.0,0.0,28.620935497249533,16.1346828004748,20.757397978245105,0.0,0.0,0.0,0.0,0.0,0.0,0.0,0.0,0.0,0.0,0.0,0.0,0.0,0.0,0.0,0.0,0.0,0.0,0.0,0.0,0.0,0.0,0.0,0.0,0.0,0.0,0.0,0.0,0.0,0.0,0.0,0.0,0.0,0.0,0.0,0.0,0.0,8.2166375800182,58.70559043086621,0.0,61.643849544015694,0.0,0.0,0.0,0.0,0.0,0.0,0.0,0.0,0.0,0.0,0.0,0.0,0.0,0.0,0.0,0.0,0.0,0.0,0.0,0.0,0.0,0.0,0.0,0.0,0.0,0.0,0.0,0.0,0.0,0.0,0.0
119,0.0,56.21933910373045,57.59678409428659,56.17617809577169,59.07618400965475,58.64036512384985,54.59930423182158,51.63762444322373,50.523505238584846,55.99362148553766,52.744110022353574,55.138306732320785,55.470412824801585,55.64578216130478,59.193441517862766,54.835611334863366,53.795890100986064,57.07355237984757,29.22214579434268,55.13131825074424,30.348825902574816,56.29844272323581,82.58420982302539,10457.044406706444,73.3915222319581,5391.395116895509,55.11827584589213,222.02093674059142,59.98359070011805,64.9156124011725,61.31151627938891,0.0,0.0,53.92291951003458,0.0,0.0,55.11327600712968,0.0,0.0,37.906344360826125,56.20166865793408,53.995032124177555,0.0,55.97758557453858,0.0,53.19208037919587,0.0,0.0,0.0,28.857979615802165,21.897631179082076,22.103580714524824,0.0,0.0,0.0,0.0,0.0,0.0,0.0,0.0,0.0,0.0,0.0,0.0,0.0,0.0,0.0,0.0,0.0,0.0,0.0,0.0,0.0,0.0,0.0,0.0,0.0,0.0,0.0,0.0,0.0,0.0,0.0,0.0,0.0,0.0,0.0,0.0,0.0,0.0,0.0,0.0,60.9492321015086,0.0,0.0,0.0,0.0,0.0,0.0,0.0,0.0,0.0,0.0,0.0,0.0,0.0,0.0,0.0,0.0,0.0,0.0,0.0,0.0,0.0,0.0,0.0,0.0,0.0,0.0,0.0,0.0,0.0,0.0,0.0
120,0.0,56.03720257862932,57.59330022300446,56.16269397340368,59.139112049706455,58.52698815516533,54.604296514206396,50.875070694566205,50.456370655201695,55.40738436745585,51.11054680898586,54.96472661056728,55.19879137169781,55.641178325366525,59.22051699710096,54.709923702154214,53.50437326582691,57.42139462434892,29.24114483531781,55.64152845916226,30.35435044082746,56.784624091296365,82.56599228558059,24148.112012305857,79.37364331280605,5121.395990936435,55.431101361687496,222.3148255814067,60.369890532799175,64.87625686603593,61.633915378280335,0.0,0.0,54.017476140325705,0.0,0.0,55.019763799641794,0.0,0.0,37.292630612488274,55.640643262620415,53.52519929377664,0.0,55.59347069282694,0.0,53.211944280793674,0.0,0.0,0.0,28.98227130702047,27.924140467003394,21.864960820037886,0.0,0.0,0.0,0.0,0.0,0.0,0.0,0.0,0.0,0.0,0.0,0.0,0.0,0.0,0.0,0.0,0.0,0.0,0.0,0.0,0.0,0.0,0.0,0.0,0.0,0.0,0.0,0.0,0.0,0.0,0.0,0.0,0.0,0.0,0.0,0.0,0.0,0.0,0.0,0.0,60.01052132566187,0.0,0.0,0.0,0.0,0.0,0.0,0.0,0.0,0.0,0.0,0.0,0.0,0.0,0.0,0.0,0.0,0.0,0.0,0.0,0.0,0.0,0.0,0.0,0.0,0.0,0.0,0.0,0.0,0.0,0.0,0.0
121,59.72443203671496,61.726346560939675,64.08456795120543,64.87374478650132,77.45546959782246,76.14744977557564,74.44904475482517,75.46564608925621,47.721614590628654,61.7458043450867,65.62979601563512,64.61938344641283,66.80875736864067,68.97793221342852,62.994440596980894,63.08543642230635,66.03396683727868,73.4643705315321,18.801280158292855,81.17948598933822,21.95767155742523,73.6079096373885,74.98740854484964,68.85344710968866,3953.571940961325,66.38696161288671,67.95109596084359,1241.0632308975096,99.13430854014038,68.40801610922931,7541.067844502436,0.0,54.1445947755535,47.18477356323284,0.0,0.0,41.92373614857196,0.0,0.0,46.38148379911655,61.77430919871085,66.0855140209975,0.0,66.90859936231774,0.0,61.29412592962136,0.0,0.0,0.0,18.579368990013112,16.087904299736188,18.702083992237856,0.0,0.0,0.0,0.0,0.0,0.0,0.0,0.0,0.0,0.0,0.0,0.0,0.0,0.0,0.0,0.0,0.0,0.0,0.0,0.0,0.0,0.0,0.0,0.0,0.0,0.0,0.0,0.0,0.0,0.0,0.0,0.0,0.0,0.0,0.0,0.0,0.0,0.0,0.0,0.0,0.0,0.0,0.0,0.0,0.0,0.0,0.0,0.0,0.0,0.0,0.0,0.0,0.0,0.0,0.0,0.0,0.0,0.0,0.0,0.0,0.0,0.0,0.0,0.0,0.0,0.0,0.0,0.0,0.0,0.0,0.0,0.0
122,0.0,61.8789156498849,64.10133997233913,64.97703755226337,77.46662950086147,76.36039471869083,74.83683032850408,75.63707398199426,49.438234522702295,61.82388111488635,66.30289910635767,65.18566277665627,67.39101969020567,69.51683212537318,62.97220943958948,63.233948258421435,66.52397853703195,73.16689679625199,18.801858212142974,78.76132302895655,22.03055698944567,73.97241777667318,75.08790269298515,68.82007939407941,8692.150911963723,66.30333563564861,67.82034292156425,1326.5078861525694,99.20267384341219,68.51638124294013,7271.006492302718,0.0,53.41628278458172,47.745287832978796,0.0,0.0,45.38963458393229,0.0,0.0,45.28204985769163,61.875300759556495,66.75783013579917,0.0,67.43351672342612,0.0,61.29210630226112,0.0,0.0,0.0,18.683463894460406,23.615513407340263,18.453349641036883,0.0,0.0,0.0,0.0,0.0,0.0,0.0,0.0,0.0,0.0,0.0,0.0,0.0,0.0,0.0,0.0,0.0,0.0,0.0,0.0,0.0,0.0,0.0,0.0,0.0,0.0,0.0,0.0,0.0,0.0,0.0,0.0,0.0,0.0,0.0,0.0,0.0,0.0,0.0,0.0,0.0,0.0,0.0,0.0,0.0,0.0,0.0,0.0,0.0,0.0,0.0,0.0,0.0,0.0,0.0,0.0,0.0,0.0,0.0,0.0,0.0,0.0,0.0,0.0,0.0,0.0,0.0,0.0,0.0,0.0,0.0,0.0
123,0.0,61.9373703272057,64.10942714442314,65.13916926886677,77.45013073494533,77.6085725122897,75.53069930328249,75.79224498920212,51.01350333182309,61.90844146712848,66.25715995156156,65.04802213514438,67.31756270822586,69.82218136590035,62.948413147971394,63.51040067692004,66.7479327012348,73.04688959849415,18.82894592435491,78.45703127028969,22.1254266492803,74.36702958403174,75.21604919484304,69.14034905579314,2380.240145069479,66.20137610202192,67.76267047473539,1327.6030532924779,98.77040340148157,68.5913226742656,7421.3510124787945,0.0,52.29012922668858,48.903821159771766,0.0,0.0,48.59897580532419,0.0,0.0,44.10585661841285,61.96386706841395,66.70693092956981,0.0,67.36015368565518,0.0,61.29139633672431,0.0,0.0,0.0,18.743349246176155,26.890261034273887,18.19779218859205,0.0,0.0,0.0,0.0,0.0,0.0,0.0,0.0,0.0,0.0,0.0,0.0,0.0,0.0,0.0,0.0,0.0,0.0,0.0,0.0,0.0,0.0,0.0,0.0,0.0,0.0,0.0,0.0,0.0,0.0,0.0,0.0,0.0,0.0,0.0,0.0,0.0,0.0,0.0,0.0,0.0,0.0,0.0,0.0,0.0,0.0,0.0,0.0,0.0,0.0,0.0,0.0,0.0,0.0,0.0,0.0,0.0,0.0,0.0,0.0,0.0,0.0,0.0,0.0,0.0,0.0,0.0,0.0,0.0,0.0,0.0,0.0
124,60.9609733677674,61.928246743702786,64.1163056098435,65.24814190984517,77.41527973666962,78.55738114766098,76.01696992225726,75.69098942096275,50.74505976538896,62.09251366447788,66.45274675645041,65.09350779111145,67.51123273021165,70.2958085843548,62.88916262104394,63.74908836743387,66.98793501142308,73.09951340712217,19.10986036642548,78.40377828112821,22.46186741954581,74.38724926726792,75.04410302711761,69.13617212083523,162.73261342706746,66.13059183984049,67.70492889223334,1329.947804507242,98.263095790041,68.61721691799616,8767.258799745548,0.0,52.04405623249203,50.32716986176106,0.0,0.0,48.95164421026946,0.0,0.0,43.24993718233633,62.15254682778948,66.94945809591957,0.0,67.60123875642066,0.0,61.39058816873843,0.0,0.0,0.0,19.054807066634094,31.86268785933294,18.171536714497822,0.0,0.0,0.0,0.0,0.0,0.0,0.0,0.0,0.0,0.0,0.0,0.0,0.0,0.0,0.0,0.0,0.0,0.0,0.0,0.0,0.0,0.0,0.0,0.0,0.0,0.0,0.0,0.0,0.0,0.0,0.0,0.0,0.0,0.0,0.0,0.0,0.0,0.0,0.0,0.0,0.0,0.0,0.0,0.0,0.0,0.0,0.0,0.0,0.0,0.0,0.0,0.0,0.0,0.0,0.0,0.0,0.0,0.0,0.0,0.0,0.0,0.0,0.0,0.0,0.0,0.0,0.0,0.0,0.0,0.0,0.0,0.0
125,60.56315634140197,61.90879762708068,64.12551609282957,65.37011497032185,77.36570353586103,78.10249565304161,75.74801340534876,75.37913143904973,49.81042081648651,62.20112476718498,65.942343700506,64.81455154037263,67.05733172008088,70.62920674133011,62.80998022011097,63.712821700771194,67.0712088137586,72.9725122664675,19.274200047807,78.25633471429683,23.089975410769625,74.18085496484395,74.83382359695412,69.41620093323309,160.4858761814114,66.0615638506421,67.97876633338973,1409.6639357508707,97.96199433249075,68.61430519514045,11689.488765870465,0.0,52.55433877734356,47.28491840689428,0.0,0.0,44.90979224505137,0.0,0.0,42.241144919882565,62.30270997328091,66.51872888372168,0.0,67.25024433685789,0.0,61.48378725826653,0.0,0.0,0.0,19.239539753503898,37.429129957306,18.285952664977,0.0,0.0,0.0,0.0,0.0,0.0,0.0,0.0,0.0,0.0,0.0,0.0,0.0,0.0,0.0,0.0,0.0,14.536577454846977,0.0,0.0,0.0,0.0,0.0,0.0,0.0,0.0,0.0,0.0,0.0,0.0,0.0,0.0,0.0,0.0,0.0,0.0,0.0,0.0,0.0,0.0,0.0,0.0,0.0,0.0,0.0,0.0,0.0,0.0,0.0,0.0,0.0,0.0,0.0,0.0,0.0,0.0,0.0,0.0,0.0,0.0,0.0,0.0,0.0,0.0,0.0,0.0,0.0,0.0,0.0,0.0,0.0,0.0
126,0.0,61.87934450042665,64.05682040893979,65.38804711475964,77.2896077963594,77.5450875244843,75.21367523078482,75.3467197306037,52.07474439102705,62.27989039198789,65.09858123296209,64.44152111936674,66.32688220280336,70.6688884348452,62.56076478240935,63.673730623904135,67.09345497784457,72.73117929825901,19.288996958351845,77.70544753589093,23.306064329705833,74.31098000633796,75.27241751321867,69.3430837139033,159.83760725100638,65.69597116673353,68.07783473878715,1433.9979160792495,97.61283920412956,68.56099297252172,10027.828767289748,0.0,52.98958115239266,43.184735377650995,0.0,0.0,41.232972776086136,0.0,0.0,43.30501349829222,62.459725302261404,65.77190150089507,0.0,66.62028036310375,0.0,61.43865556057193,0.0,0.0,0.0,19.2602857578148,38.62645489156535,18.700295836590456,0.0,0.0,0.0,0.0,0.0,0.0,0.0,0.0,0.0,0.0,0.0,0.0,0.0,0.0,75.42501921554168,72.95282473397103,43.46470350727494,64.46569421728843,0.0,0.0,0.0,0.0,0.0,0.0,10.577092294947082,0.0,0.0,0.0,0.0,0.0,0.0,0.0,0.0,0.0,0.0,0.0,0.0,0.0,0.0,0.0,0.0,0.0,0.0,0.0,0.0,0.0,40.219389570491316,0.0,0.0,0.0,0.0,0.0,0.0,0.0,0.0,0.0,0.0,0.0,0.0,0.0,0.0,0.0,0.0,0.0,0.0,0.0,0.0,0.0,0.0,0.0,0.0,0.0
127,0.0,62.09579117166708,64.05941733974174,65.6486443665587,77.2992265835768,76.35531011990793,73.02584163015169,75.10736084768155,50.76549609136216,62.02171531158207,63.868391132380076,64.28779862651623,65.04274112822728,70.33135945764712,62.90159436455767,63.54531981964273,67.14277162475213,72.5085740075464,19.21372401818111,76.58701606565188,22.743088817504642,74.3648751113497,75.73356956228139,67.82573767749511,159.09693629171784,65.46795633589397,68.37902125865725,1391.2896951405287,97.0808116275661,68.56521892790823,7625.215376772814,0.0,52.09612978042688,37.09662684474588,0.0,0.0,39.547715921830026,0.0,0.0,42.53031628180251,62.29279927291742,64.69898911238658,0.0,65.44929037414704,0.0,61.57031544301805,0.0,0.0,0.0,19.10200996031497,23.972631252811926,18.167468326868413,0.0,0.0,0.0,0.0,0.0,0.0,0.0,0.0,0.0,0.0,58.692718048774296,61.564250995691964,64.04678946100262,65.93447696717192,77.10395820403448,75.18180141184504,60.84349965692104,69.79063896382975,58.97000458233048,61.869556969069706,62.85712966342905,64.0162434905438,60.23644068786771,66.59827790739837,63.08951127952156,44.037151078019726,66.65118351706579,20.264347168962132,18.893780279905627,0.0,0.0,3.7979978049727805,0.0,0.0,0.0,0.0,66.32635526445796,0.0,0.0,65.90591617166908,0.0,18.420468714678996,45.9043922465453,61.68588002311748,0.0,0.0,66.83545930570922,0.0,0.0,46.87874689521182,60.43309821775811,61.21196353551994,60.6016915671882,48.923693751291744,53.16373136888708,61.1869412247168,54.65968199702509,43.60116925910493,23.894958703167656,0.0,0.0,0.0,2.2975391018160245,0.0,0.0,0.0,0.0,0.0,0.0,0.0,0.0,0.0
128,0.0,62.74388627411831,65.0606879505311,66.59642810947997,77.44744242603474,78.14106200452642,73.43120566892125,75.44930196087307,49.49224681959985,62.403560239248534,64.17851345229231,65.03744133879863,65.57311136692334,70.80942630978626,63.97460971307112,64.27417791407608,67.78629341124099,72.7194192122198,17.913401244335603,78.10026722128782,24.023646778713825,75.0780611281705,76.6708189005243,67.15573984703838,158.79527849668307,65.49085408357547,69.90757516661006,1382.445820168357,97.03274293942331,69.19002989532075,5938.615301861262,0.0,52.17244568673218,37.153690026998866,0.0,0.0,38.812189738672565,0.0,0.0,42.146785527902686,62.70475505989026,65.13162320223387,0.0,65.99264661735305,0.0,62.52706312987088,0.0,0.0,0.0,17.710714483254897,16.01919789481619,18.869976704411123,0.0,0.0,0.0,0.0,0.0,0.0,0.0,0.0,0.0,0.0,62.045970192917906,62.829865307025834,65.14632783893859,67.31675516299518,77.4372543286006,77.78869653991016,68.35062187859175,72.92845951515136,60.32907623388173,62.64510818152047,64.55069574713247,65.1204258650786,64.99056549305804,70.06833091748189,64.18271655945773,59.94501487323445,68.4220584745141,62.03337215259219,17.92411378239578,77.74563411555313,23.40978446579678,54.68151169485341,71.60827689214977,64.02057910718129,137.8438633153698,60.61403013365663,69.59755707923243,1019.2507616979665,100.41482767520016,69.17918343659224,10.593690306671052,38.52954481376526,52.29431515960076,63.8285708747417,0.0,0.0,73.77317960602659,0.0,0.0,52.69202293934799,61.94712018694837,64.10513672122731,63.83744978086803,62.09814540017688,65.93670742323621,63.371628792380896,63.222492592790005,63.63741444326354,67.72743896567457,17.88997853700014,66.21437185656676,19.35481283421299,44.53870897409504,0.0,25.2692091218267,82.21554590641206,0.0,0.0,0.0,0.0,0.0,0.0
129,0.0,72.67310315068354,75.51060518625619,75.55683713690308,82.94202234577597,82.64286510555507,76.00761259162248,78.9391212465631,53.63962873779615,71.29440691735844,71.71606380072859,74.5337243135964,72.97014564208304,77.26319533738035,73.92745085012109,72.14058649319632,75.12715925715696,77.30045473755354,21.49385444455376,78.51164633549956,27.9298595497135,78.20367701460995,77.91904842621022,67.82629947178975,158.8312586063978,66.63402736206025,78.18514754586658,1405.4105763805183,98.10434738374374,79.56273972067152,5079.46729096102,0.0,58.47527397254731,40.46165996923591,0.0,0.0,38.771291243911946,0.0,0.0,45.0550362056199,71.67724947658982,72.9361369365904,0.0,73.46324623718914,0.0,71.8911330412113,0.0,0.0,0.0,21.169984801794108,12.638954663276097,20.897062819035902,0.0,0.0,0.0,0.0,0.0,0.0,0.0,0.0,0.0,0.0,72.48079589870127,73.6865958445101,75.6591549548773,76.79052333327974,82.91349877470111,82.44117092018755,72.92990227885765,74.66716560010855,68.84852376271766,71.73323893431416,72.54231661012511,74.81674388657211,73.03092582752946,76.95897987833611,74.17900669649669,70.46795089333679,76.1562824061599,71.17016621750427,21.533685508806855,78.39508230402004,27.728097612580438,65.2629668612858,77.1536889484441,67.02990288297795,152.50102443486037,67.57411030705107,78.13156602581373,1250.1035670857182,102.48315286489884,79.74113067951549,641.2235598164643,54.82994359424534,68.58805042110971,74.53649838714327,0.0,0.0,78.62925505286734,0.0,0.0,63.74035295631142,71.19844047423562,72.31977132229161,74.00515570405818,71.29334237044338,74.90674042809698,72.24873017324596,72.3669764337731,74.14146691957369,74.82492048207767,21.51295393510466,73.16432011764262,25.815252379139896,57.679761042210956,0.0,50.10256060593954,131.39778688472924,14.304345578398468,0.0,0.0,0.0,0.0,0.0
130,0.0,75.28121794413067,80.0821005808956,79.20268511834738,96.81585950238514,87.5729781478185,77.50256297156177,86.7755684896423,53.520588779644136,72.97190427061828,77.55169982048483,80.43534613003267,79.45293050587665,84.97300791739804,76.07448665213568,74.69614083099296,80.66397664580194,86.50524789780434,21.51628214042134,79.30677427609112,28.224889358487104,80.52480139178897,79.09776318383877,68.67414493196122,159.1574933688662,76.63802164770273,81.38046997787995,1405.4131373210907,131.7322100087561,96.08654634888225,2056.942638245715,0.0,59.59150948757508,43.88606531345629,0.0,0.0,37.324432698708925,0.0,0.0,45.13703129256924,73.38182804427973,79.12520774192444,0.0,79.99832140671259,0.0,73.79295502785466,0.0,0.0,0.0,20.59859413401066,5.221143320534733,20.858225384092737,0.0,0.0,0.0,0.0,0.0,0.0,0.0,0.0,0.0,0.0,76.07287403468099,76.50809208836407,80.23002208074104,81.23137359038424,96.8842427864729,87.48167075065894,75.5991439686996,82.6614746824319,70.96816604419764,73.52428410862899,78.83894305238215,80.9423207612241,79.76586417701803,84.77782801641709,76.31038427832948,74.03303288929818,81.9778528252968,81.59433412430728,21.572693388321795,79.27920608892691,28.17013753070796,71.83183568658158,78.69090143261559,68.19848129804296,156.367822880064,78.23460282825323,81.37771021665685,1330.4120184151493,140.695217753823,96.41483292664077,1480.3969019755573,61.80020471320036,72.1106064324657,79.3870266003589,0.0,0.0,84.40372636538518,0.0,0.0,66.6543864945065,73.16094768071224,78.66498639690356,80.17564045340109,78.40133130854588,82.82184571499852,75.34944590960092,75.4639686334091,80.00736431619826,84.60971214199064,21.554946824387855,76.60206533519131,26.971099141792966,66.4870562158571,0.0,55.301861886183964,144.4838560820887,36.066141970346536,0.0,0.0,0.0,0.0,0.0
131,0.0,75.22931775663454,80.63823627811217,79.5865258757189,97.24602425032458,87.92255850873687,77.50238008130772,91.2770886177583,53.094971751358216,73.08746938610078,81.15104405988038,82.47279379053296,83.29920961681658,88.12871361385533,76.23773151326318,75.60998031331056,83.74118966004929,89.78708768231769,21.513909078467286,81.25035003794778,28.33044603760193,80.30453973997354,78.53845538560478,69.78057768512969,159.21142479521677,78.75400707712376,81.74847032301358,1403.0356713261938,503.8030209005908,96.72805341530832,5423.584075712541,0.0,56.42724329937596,50.44939077430666,0.0,0.0,40.76165774072912,0.0,0.0,44.30805156721003,73.49227531476288,82.7255081737519,0.0,83.73588275432553,0.0,74.08239873859435,0.0,0.0,0.0,11.905054533034885,0.3920270662502209,20.62546229938829,0.0,0.0,0.0,0.0,0.0,0.0,0.0,0.0,0.0,0.0,76.28700506378117,76.3799907557754,80.75186109994092,82.1719271349508,97.35847704303069,87.89012337902591,76.07315927605241,87.33032349432523,71.368423343241,73.68689702107645,82.50221689927173,83.27191041149717,83.58845736954379,88.02204879909326,76.41527084282984,75.58500935770995,84.89148381697476,85.8525310835594,21.61174709270597,81.26887753581968,28.345260964156793,73.9659442946079,78.3132587092652,69.47687818658643,157.75192496669987,80.43066735975657,81.74001278238308,1348.7047961819983,752.5789941733763,97.07379946505057,4702.895839365354,63.35652153748489,71.08174899758446,80.07844313499923,0.0,0.0,85.33610643652345,0.0,0.0,67.92220822041716,73.39736192962931,82.3469721316421,82.61542260281729,82.4220894321872,86.41012115314427,75.64279635239934,76.7602395908824,83.30438226195547,88.26244048809606,21.59381249518333,79.05221675851904,27.425412272107263,70.00297315951387,0.0,59.62962259903759,150.29936776361728,38.19841072380036,0.0,0.0,0.0,0.0,0.0
132,0.0,75.19703756936158,81.30206385335015,80.27859740953191,97.38462140830961,88.4587604588205,77.83112636241185,93.82337686606945,53.845988164746785,73.14037933116424,83.73743676126199,83.88325014281594,85.97118525891645,89.33666150639397,76.38389065902373,76.12339993302174,85.52935184288302,90.50366980230251,21.378853166081235,81.56781564460402,28.421117009168384,79.91801147541722,78.18046777026666,70.32421903262076,159.5081134300358,79.35345953874685,82.30743679031605,1269.8548441653372,487.1441860065999,97.33729361630239,10755.338806295185,0.0,54.05905013828158,55.41649804660537,0.0,0.0,45.04847325228671,0.0,0.0,43.43717767508902,73.58975530465983,85.24027678707569,0.0,86.18216943042967,0.0,74.4857493287654,0.0,0.0,0.0,0.0,0.0,20.40231807217059,0.0,0.0,0.0,0.0,0.0,0.0,0.0,0.0,0.0,0.0,76.55093151243264,76.80320509726712,81.4351634707009,82.99619972653716,97.55198323477998,88.44658965949748,76.45116098308868,90.23678898632603,71.30725639298596,73.70185893704218,85.04534660591645,85.19093518080467,86.0494457744636,89.30608832064735,76.54603983979769,76.39088080955902,86.53564815794823,87.15351004548388,21.621720239906494,81.63693331916022,28.46920042031975,74.77474810091311,78.05934072895226,70.11336098543808,158.68651667208766,80.96020016562022,82.33781570572773,1243.1370310802522,804.9476683476513,97.71546708293499,9531.781726881136,65.42371592596919,72.87880920989176,80.82547957013908,0.0,0.0,86.09193204875388,0.0,0.0,68.32438022187847,73.46160236632926,84.8975104048808,84.58977359664743,84.98710222214712,87.89286876612312,75.96888159666193,77.31846346438687,85.14852269080197,89.20893535245256,21.603155459118284,79.89420577584916,27.679489879107066,71.51172943569884,0.0,62.073922040655646,153.78808919705378,42.08013238825439,0.0,0.0,0.0,0.0,0.0
133,0.0,74.13001456374514,81.53172905142725,80.44833091439952,97.53215548767002,89.03658254492086,78.19631985141129,93.84696722645458,53.639727298064265,73.39258253393055,82.78009539980414,81.60205038237756,85.67504551902161,88.60649198565795,76.29324941034099,74.67063712175204,85.05146918883977,89.96447795204432,21.568013361311422,81.09781894036416,28.506182955400305,79.79105990905211,78.07337621393629,70.61434861598315,159.79020105004338,79.929267848728,82.45847322982769,1189.9315487703177,401.4969420912986,98.5664130969397,22377.40606794719,0.0,53.39046687228669,58.68042150364056,0.0,0.0,51.41080592274716,0.0,0.0,44.82768767014603,73.88769135764761,84.03069274449138,0.0,85.83450347343557,0.0,74.52984845744793,0.0,0.0,0.0,0.0,0.0,20.933657628229795,0.0,0.0,0.0,0.0,0.0,0.0,0.0,0.0,0.0,0.0,76.5173218967945,76.75407980217841,81.6998480150346,83.31079936240826,97.68287377022489,89.01952174617378,76.85835745461623,90.59485909460152,70.96893093198453,73.96892833297386,83.86019264843014,84.51187158128448,85.67857716968774,88.66534995258846,76.44690451115821,74.7054793079669,86.18756241449432,86.92740847850766,21.735238232565735,81.22686054598205,28.570061287121362,75.17421103292321,78.00245718254928,70.44459395350877,159.18026180317213,81.2968260087672,82.52215109921224,1173.1126330587429,838.7496542180912,99.03171904019814,19063.907975132723,66.97075253067175,73.06339896486969,81.12714356427198,0.0,0.0,86.68343659174394,0.0,0.0,68.09073540115307,73.72623780620913,83.72558248084871,83.9608235796252,84.68258217176938,87.37808153583693,75.8086252750978,75.06501590130287,84.9265374597552,88.79008515379283,21.716333229967688,79.69188601996713,27.836984987458013,72.24562523738621,0.0,63.14575149737789,154.9711236959803,46.75735281384781,0.0,0.0,0.0,0.0,0.0
134,0.0,0.0,81.45485532261176,80.57947116849951,99.07642985675125,89.31626620635313,78.47607443913773,94.48252206632901,54.58605864874719,74.69578744774985,82.37117783912763,80.73855960797971,85.84143529561317,88.8181401919077,76.5472019425033,74.6805770454757,85.10992159528197,90.61819381467728,23.41125153106116,80.5769954945248,28.501113196494288,79.85008439989016,78.01253943066655,70.4029596338529,160.05495568154515,80.37540201697891,82.75552037075329,1123.4948588069926,396.7976677181443,103.3838084745824,39351.1549493536,0.0,52.04926482685745,57.91077207741449,0.0,0.0,52.53616566162284,0.0,0.0,46.90149267059399,75.33946155023585,83.36544292065184,0.0,86.02499442012856,0.0,74.81585819799541,0.0,0.0,0.0,0.0,0.0,21.551355429495487,0.0,0.0,0.0,0.0,0.0,0.0,0.0,0.0,0.0,0.0,76.52662928286169,76.62125952233367,81.64691129439916,83.45476494362458,99.23608562041863,89.27464668008156,76.97428101739678,91.1018097873213,71.2754142670331,75.3947354174187,83.18935342346379,83.90914281814332,85.8192060531735,88.88610234200556,76.66073570939602,74.49809893148895,86.53104364860553,87.54883827367132,23.569504303296185,80.73384747676471,28.571040571753414,75.32089496355843,77.85307796436669,70.25400456395303,159.4832296047244,81.57121415493407,82.8183282855548,1111.747112493795,894.1946477957714,104.14769717559125,32413.15937840399,67.59998236705212,72.90275560847404,81.09245533910858,0.0,0.0,86.85423010407601,0.0,0.0,68.20110613072816,75.12042817435471,83.06052282523524,83.38008161825172,84.8028381267385,87.58657520727286,76.15801202164008,74.59670996322964,85.23082757989809,89.43715923766771,23.550390619377026,79.2644836796521,27.851393091044674,72.45650739385067,0.0,63.28843284180952,155.6203836268706,50.415842999431945,0.0,0.0,0.0,0.0,0.0
135,0.0,0.0,81.51804243837546,80.76727132402128,98.69543241404699,89.0798791689491,78.69229676276746,95.31963812008826,55.393052200280266,77.10587992395813,82.54007503419025,82.71542104933172,86.32666337770445,89.35742685621761,79.77791726837324,75.99656153311773,85.72197117271463,91.64562338941096,21.556998172425068,80.42224902446549,28.459373065444993,80.34997645775022,78.37712498395888,70.37169850850944,160.22126236921963,80.66201077180236,82.77336967885418,1137.0904817356973,441.3323386382538,96.86886882109214,45575.37949428655,0.0,52.99631587317949,58.67689954239727,0.0,0.0,45.113754374019045,0.0,0.0,48.19101765827089,77.84974015631008,83.38444153022806,0.0,86.5773739798783,0.0,77.91605779558131,0.0,0.0,0.0,21.309428260892773,13.959059149699058,21.744451510390256,0.0,0.0,0.0,0.0,0.0,0.0,0.0,0.0,0.0,0.0,76.90405757919372,77.30370545438703,81.72073336353947,83.61793424512598,98.83615329141549,88.99871410574889,76.96243978432848,91.87524132665503,72.72914458708435,77.89874828125676,83.18280357223173,83.9098269541978,86.30480539497043,89.39086219404757,79.88820029814292,75.54189599725004,87.34544944533695,88.3233247760451,21.67555343905292,80.55206614436372,28.52331020137555,75.27018904873195,78.08177450084841,70.20913789698824,159.6426435197671,81.74177521624415,82.81184162247968,1125.8589755495764,1020.508473555708,97.86520415099176,39385.85630453187,67.11984550817435,73.17281469400316,81.12929527705859,0.0,0.0,86.26282550193932,0.0,0.0,69.38653481088197,77.55567826490406,83.03921366134581,83.34657575901083,85.17464680718057,87.96895914771508,79.62076451503464,75.4824059559529,86.09060716830363,90.3265915287177,21.657968072233302,79.01864785375335,27.775598940302572,72.0802440028493,0.0,63.00212078392286,155.65573115566434,50.03561745959478,0.0,0.0,0.0,0.0,0.0
136,0.0,0.0,80.3681215368357,79.17513524861431,97.37929829140057,88.25375542764391,78.3953771138215,94.71879743503564,56.00640071608268,73.80146020179623,81.88185431694883,82.66890356792622,85.51914080579337,88.46340787879114,76.31083136290329,74.90761088922193,84.51776550197776,91.10977659724284,21.51666434580335,79.19974577804823,28.38961496343373,81.24357927373893,79.89332020962081,70.96486959490989,160.30752916347524,80.54621870431866,82.12325991506475,1007.2824753299585,424.68303524765514,96.17371764828064,22556.433847545322,0.0,54.96144300284114,61.28406473238934,0.0,0.0,35.79584120368909,0.0,0.0,48.900084658859285,74.47993836679245,82.61177904910255,0.0,85.78057969869946,0.0,74.47443171056678,0.0,0.0,0.0,21.354489969079626,19.473571214520025,22.08332504584963,0.0,0.0,0.0,0.0,0.0,0.0,0.0,0.0,0.0,0.0,76.24233215996234,76.13189377575225,80.51230292383593,82.15225531893111,97.4804663421196,88.12503165787078,76.26199501494213,90.38086445559168,71.23289538017997,74.48385735901297,82.35536177890879,83.27488996287968,85.4165357598653,88.46004312914602,76.37055650431535,74.54764682536386,86.25165985323235,87.35885701668789,21.602759728736487,79.29930888272452,28.424148405882477,76.42573821580179,79.4710956796667,70.7366788090873,159.63207589351214,81.46623422256027,82.12263356759308,997.3911004670911,890.8896949063205,97.13204207839965,22207.01983629152,64.87627219918413,71.3923421305489,79.84451347811294,0.0,0.0,84.79182629289417,0.0,0.0,67.41951171539395,74.12121321555354,82.183789818977,82.61557204117231,84.09880239531064,86.78542042907056,75.95134519839064,75.23898605978374,85.0115725754952,89.55316275128489,21.58666862990799,77.60608264819169,27.59359920707316,73.40699416201346,0.0,62.51520109432984,155.26365583485102,48.52696192750576,0.0,0.0,0.0,0.0,0.0
137,0.0,74.34876814901115,79.97880797874757,78.54971981134939,97.04346879817649,87.26745735651775,78.64086065493225,92.333842514293,56.891033134204186,72.99667392863007,80.62006604263416,81.60440576088845,83.69522841432087,86.50554077924255,75.94951497144109,74.59795850196471,82.52614492655485,89.4993209976036,20.828453212052622,78.55250806819924,28.25703125368406,82.88410335302387,83.19935881087304,70.81911209239422,160.38950715025635,80.53651863313327,81.7333182879949,901.5473759130259,420.0943474526203,95.47252822806662,11180.89656765767,0.0,59.18464694084691,63.12824860164501,0.0,0.0,32.60433401101516,0.0,0.0,49.15090677751729,73.65773754534644,81.38142470777154,0.0,83.95138712102579,0.0,74.01804600775375,0.0,0.0,0.0,20.694224831140584,23.659467461039988,22.176790475512203,0.0,0.0,0.0,0.0,0.0,0.0,0.0,0.0,0.0,0.0,75.51438929767241,75.65710741743814,80.07155725530879,81.27893044054701,97.06750020217214,87.04677155283136,75.58219970075753,87.73965093356107,70.22979767947658,73.5973734650841,81.00025323287419,82.04464808515866,83.42394553706711,86.42834409873856,75.98751020627503,74.1094186261475,84.15860444883094,84.57580095194616,20.88346411377273,78.59528595725607,28.241733411075387,77.3144203601146,82.61123198665032,70.47819058040439,159.46898562659584,81.32010076736407,81.67644665650187,890.5318577668453,818.3420844255664,96.33087931602802,11288.83608813726,60.711245229194965,69.37609660852651,79.21556119493277,0.0,0.0,82.5566419968009,0.0,0.0,65.09989997865884,73.16125904677584,80.78447538566458,81.2242368694447,81.71476426875346,84.269093559044,75.18278913310183,75.23346921962127,82.67005719975806,87.49249293929174,20.869264204769422,76.49067059079772,27.22968229090139,73.84654541977287,0.0,60.27702437359217,154.00441723149072,52.896363743688305,0.0,0.0,0.0,0.0,0.0
138,0.0,73.09893775398102,75.49006120053292,74.1323658859936,88.91519052855301,82.2131300969744,78.92713993238942,85.8232887060808,56.835940326265934,70.66663705065412,73.64082910142233,73.64210217598988,75.69124423224416,77.98491711908184,73.27772035572622,72.58152462458068,75.27116123704403,80.4950983037358,18.933627758800142,78.37238693200277,27.61548315235629,80.72784461948146,81.40615322012934,71.33421567332476,160.36580958160584,79.72464981636129,79.11131838991992,850.512837578151,385.06675509653587,79.45377353957994,7864.641018823846,0.0,60.71157290928553,62.05556881905555,0.0,0.0,33.56289461664011,0.0,0.0,46.31414016387264,71.45226989555908,74.40825452245292,0.0,75.96664684842125,0.0,71.44231121830202,0.0,0.0,0.0,18.843245559261756,26.926461057753986,21.261234079247114,0.0,0.0,0.0,0.0,0.0,0.0,0.0,0.0,0.0,0.0,71.6662590720123,72.75592250395934,75.5264492878922,77.28098167189756,88.85918418440042,81.80995333376373,73.18600392045471,80.63752201080577,67.25667617167818,71.29359765503196,73.83505795932699,74.21096257522208,75.12876141328739,77.81429187255107,73.31578455261223,71.29185800421011,76.77767602117314,74.92300778784022,18.966640901929566,78.3143668050883,27.508208551664914,73.37835678927563,80.84447294521269,70.76180326678826,158.91829360714382,80.45909302684606,78.9190940638207,834.8000608300695,760.1890230422299,80.0347276203297,7926.992299715039,50.13115810021523,63.04710872982267,74.32287989469,0.0,0.0,75.30571708569511,0.0,0.0,60.03854067821135,70.58543119410743,73.60063144502504,73.23080610523024,72.73428080477862,74.81951443254698,72.12370193875195,72.26610445378823,74.96160545481257,77.78015894907809,18.952426583499715,75.11238748185045,26.065573128242757,68.86268165840565,0.0,55.54862138245592,151.10398173694728,57.329630264117945,0.0,0.0,0.0,0.0,0.0
139,0.0,63.221522835485544,64.38498419570493,61.79897453742278,77.62206277709538,74.44970161781583,74.82288688207817,76.12484762081806,52.411903188449294,61.95464804263118,63.58216118051807,64.05257325319447,65.72800567785109,68.61803952703482,63.24431112707529,63.95239768414696,66.91201131699565,72.38216740669401,18.846355027111628,78.17021176317951,22.047538646429388,75.66431108397609,78.14226502262045,67.40709683663226,160.20048603198234,69.9511698810884,68.98283418466633,568.0005959865753,258.94074039399686,68.43949775393376,6079.004591631502,0.0,54.202245195652196,54.79446343980965,0.0,0.0,28.05473169632005,0.0,0.0,39.71775816526553,62.50138068391209,64.51391413435204,0.0,66.0790916242675,0.0,61.792470479906214,0.0,0.0,0.0,18.687222256471124,20.540580926529653,17.054170774939497,0.0,0.0,0.0,0.0,0.0,0.0,0.0,0.0,0.0,0.0,59.619772698948694,61.598722860083384,64.25570463530406,65.88920165320111,77.57383622514169,72.95150850831477,60.57240846572898,67.05850924857664,59.56612828451657,62.21678683326104,63.59967334094829,64.69596735595928,64.39982021145818,68.22354345440561,63.27632172796882,62.51164550635768,68.26293823780816,65.07566548640497,18.840193760127022,77.89036096982827,21.888410909597145,64.91873683508808,77.49782468365396,66.58168475565596,157.49468657300804,70.51063611420005,68.38596580249678,553.3637474188886,407.56239829247676,68.5530299833026,6069.578863867761,22.313187659958267,42.24140456665081,61.524465782482494,0.0,0.0,51.99817865261169,0.0,0.0,51.75502964497758,60.877236297582904,63.57558667843976,63.810676624215915,59.93686234165363,63.0876436172847,62.33924572095084,63.198889481047345,65.92091589944937,67.12020288671539,18.817157773872495,71.58426917446192,20.07338782585591,58.49091147044594,0.0,41.43509369467667,143.8753082605464,49.1943194679414,0.0,0.0,0.0,0.0,0.0
140,58.55611548864936,63.0045937911472,64.17988185847179,61.742796615579906,77.46040113809727,72.88513849770695,75.71557945264118,75.3250165367092,52.38606068697044,61.807215516230585,62.434504476507335,63.141754653424975,64.67825874787181,67.29891635532326,63.14737051327057,62.87351274833508,65.05318268024452,71.45113716025264,18.806372368388224,77.15816010737342,21.853802365623842,75.65183877448334,78.05327675815477,65.84410814997455,160.31309392985804,67.09240609926859,67.94924021011184,745.7480056701513,92.12536348995903,68.3505398555333,5223.045471584726,0.0,54.23613416766665,54.66326971882302,0.0,0.0,32.354058242059565,0.0,0.0,37.68559864126107,62.16527468367161,63.40745695803207,0.0,65.01854381286876,0.0,61.658212476019884,0.0,0.0,0.0,0.0,0.0,16.471143655058196,0.0,0.0,0.0,0.0,0.0,0.0,0.0,0.0,0.0,0.0,55.88975832218357,59.950322477258396,63.703023102914536,64.60443082818523,76.90288034443782,69.719601746846,48.725203850320945,44.22613280580418,41.0987333103997,61.20143992952887,57.15809950397244,62.94206621552867,58.53494408716686,65.14331457807398,62.975868772074506,58.34079233489553,65.74100664940642,46.444475947896414,18.75724597087647,76.58389835236612,21.51280667073019,36.375712664109095,75.98783149161336,64.02163894370139,156.21968982379641,67.05649068910091,66.6133312742958,699.6305594145405,104.95554992802525,68.15167109907705,5103.59585934178,11.528602328495476,31.001328583581788,58.38410034438202,0.0,0.0,33.926545612836364,0.0,0.0,11.644428063394447,54.17285232366042,53.82108159137366,52.560073763462725,41.87546534489814,50.878876168792054,61.70626250241939,61.45321942984938,55.59916732334907,59.95581106551651,18.735307897955522,67.3430772304211,17.528541668691915,25.445904743460186,0.0,35.635513878510245,136.133460607334,21.401291286473388,0.0,0.0,0.0,0.0,0.0
141,60.4341626751268,62.8831268508101,64.20585964961134,59.37801077226379,77.43731499374462,73.48231596233035,77.23520223908054,75.58324131204586,52.655663301772016,61.848285996561,62.396753535642446,63.35791065527552,64.58631646338375,67.48604266450542,63.14668872813911,62.744734299170716,64.76459236410336,71.56940520131627,18.763573587627036,73.34744083748745,21.861073836596745,75.87148642267749,77.97754978059857,68.27017731335872,159.61760639370937,66.55642807151274,67.43401020546003,848.6945017774872,90.10228801334242,68.4558694709203,4656.770806782788,0.0,55.7736924408046,54.921881250292735,0.0,0.0,44.71430286602768,0.0,0.0,40.126192449907215,62.117903576648814,63.18691359508932,0.0,64.86638848332404,0.0,61.659311205466416,0.0,0.0,0.0,0.0,0.0,17.12002698205281,0.0,0.0,0.0,0.0,0.0,0.0,0.0,0.0,0.0,0.0,0.0,0.0,61.02197017153799,57.79209044051375,77.08723751549584,0.0,0.0,0.0,0.0,0.0,0.0,0.0,0.0,0.0,0.0,0.0,0.0,0.0,0.0,0.0,0.0,0.0,67.55075353399454,16.17764384600225,104.7151209962881,64.91404631189556,60.41117048750222,690.2210434635227,101.17540986044737,67.39788556543269,4383.5165193105395,0.0,0.0,4.20266766577272,0.0,0.0,0.0,0.0,0.0,0.0,0.0,0.0,0.0,0.0,0.0,0.0,0.0,0.0,0.0,0.0,0.0,0.0,0.0,0.0,0.0,0.5762732650495758,6.86298941748285,0.0,0.0,0.0,0.0,0.0
142,61.20220351688799,62.798698109519435,64.22428975108119,60.249488878931444,77.47361776361572,74.16153851766438,77.36362420798315,75.8072600841615,52.657421675497304,61.918397324436825,62.36860705171221,63.77835829812284,64.4066197619022,67.57342376744191,63.165560467453474,62.7987927190361,64.66002761170841,71.43215688363114,18.781919337836683,73.25734764671665,21.91370332677245,75.97468387079687,77.94710624114032,69.69140859391132,158.439659551874,66.32924522575223,67.54717480514927,1039.2262948835196,93.12321988353656,68.62093076060916,4729.219635829509,0.0,56.79577986942963,54.39607261667639,0.0,0.0,53.10313700782257,0.0,0.0,40.716311105662065,62.16422471665339,63.02138600569407,0.0,64.70598815161566,0.0,61.481783283865,0.0,0.0,0.0,0.0,0.0,17.294352462959754,0.0,0.0,0.0,0.0,0.0,0.0,0.0,0.0,0.0,0.0,0.0,0.0,0.0,0.0,0.0,0.0,0.0,0.0,0.0,0.0,0.0,0.0,0.0,0.0,0.0,0.0,0.0,0.0,0.0,0.0,0.0,0.0,0.0,0.0,0.0,10.184391437342995,0.0,108.48958978252662,93.20394097985441,0.0,4010.231908442716,0.0,0.0,0.0,0.0,0.0,0.0,0.0,0.0,0.0,0.0,0.0,0.0,0.0,0.0,0.0,0.0,0.0,0.0,0.0,0.0,0.0,0.0,0.0,0.0,0.0,0.0,0.0,0.0,0.0,0.0,0.0
143,61.58139368432369,62.71322548772851,64.22900852496127,63.872160879019816,77.52501588561245,74.74425871129853,77.50072764468285,76.22853334567026,52.36483122030416,61.90957579022793,62.53473781676355,64.00384588921781,64.40728460510847,67.76585153251347,63.18426474503269,62.86263348597654,64.78800514651972,71.31596731558432,18.805642178573834,73.47776846179244,21.901990852644104,76.24462089785311,77.9833413358233,70.39515900262927,159.0118307777857,66.14322188553068,68.0984244072107,1347.3114531969372,94.46017038308318,68.65224592512931,5747.2897867434085,0.0,56.843495281249105,50.904877916193996,0.0,0.0,53.348279550409885,0.0,0.0,41.279341999195616,62.18269956258382,63.06036934873305,0.0,64.705408498277,0.0,61.105767065682045,0.0,0.0,0.0,18.5551646055655,14.908066264836318,17.43172741001879,0.0,0.0,0.0,0.0,0.0,0.0,0.0,0.0,0.0,0.0,0.0,0.0,0.0,0.0,0.0,0.0,0.0,0.0,0.0,0.0,0.0,0.0,0.0,0.0,0.0,0.0,0.0,0.0,0.0,0.0,0.0,0.0,0.0,0.0,0.0,0.0,0.0,0.0,0.0,0.0,3973.7576106110027,0.0,0.0,0.0,0.0,0.0,0.0,0.0,0.0,0.0,0.0,0.0,0.0,0.0,0.0,0.0,0.0,0.0,0.0,0.0,0.0,0.0,0.0,0.0,0.0,0.0,0.0,0.0,0.0,0.0,0.0,0.0
144,61.77640107311788,62.55436137609216,64.23194513914154,64.94607086395332,77.52140521085948,75.13187127436538,78.88401274213663,76.43437057403446,51.30291008920918,61.83545532093149,62.67509032247709,64.12163112048574,64.31226259336142,68.00825237206709,63.171449101176336,62.901378763590365,64.98713651588695,71.39591470675555,18.81197691539782,74.2517624645842,21.878120883823016,76.42222379057273,77.95419591649022,71.21622781014025,159.1520508143276,66.08551222968018,70.5875959239961,1385.0211364618872,94.73543381064209,68.6224641971549,7489.005719570173,0.0,56.78559702429475,45.683213643212426,0.0,0.0,44.18071587121748,0.0,0.0,40.71899136034241,62.12972646133608,63.11378957261837,0.0,64.6159130813686,0.0,60.81055845288152,0.0,0.0,0.0,18.638893729965744,20.36928566523402,17.27870567857097,0.0,0.0,0.0,0.0,0.0,0.0,0.0,0.0,0.0,0.0,0.0,0.0,0.0,0.0,0.0,0.0,0.0,0.0,0.0,0.0,0.0,0.0,0.0,0.0,0.0,0.0,0.0,0.0,0.0,0.0,0.0,0.0,0.0,0.0,0.0,0.0,0.0,0.0,0.0,0.0,2018.9643609198083,0.0,0.0,0.0,0.0,0.0,0.0,0.0,0.0,0.0,0.0,0.0,0.0,0.0,0.0,0.0,0.0,0.0,0.0,0.0,0.0,0.0,0.0,0.0,0.0,0.0,0.0,0.0,0.0,0.0,0.0,0.0
145,25.488460727281392,26.048500864260582,26.73208735063426,27.30379978797437,43.59433744414787,28.3524049387065,29.88448046879455,28.84680292990538,0.0,26.779780453571433,27.282846122334448,27.19428661454515,27.83982148205766,28.280264047458203,26.454375960284437,26.69683301192949,27.370118520789966,38.57658746517956,27.119519063859343,29.02057675301961,30.153767529842668,28.5153274850245,29.437407553608352,29.049895182282626,29.642944127928672,29.739337457051818,28.007443454441727,108.15993295557291,34.04783800860434,29.143078492300134,41.64745360074562,0.0,23.326046290415682,26.036831290123573,0.0,0.0,24.831551990574297,0.0,0.0,23.577639154475527,26.928253115144685,27.376335290909992,0.0,27.877933836002455,0.0,0.0,0.0,0.0,0.0,26.941720080841502,20.646227773116255,23.830919630416254,0.0,0.0,0.0,0.0,0.0,0.0,0.0,0.0,0.0,0.0,0.0,0.0,0.0,0.0,0.0,0.0,0.0,0.0,0.0,0.0,0.0,0.0,0.0,0.0,0.0,0.0,0.0,0.0,0.0,0.0,0.0,0.0,0.0,0.0,0.0,0.0,0.0,0.0,0.0,0.0,0.0,0.0,0.0,0.0,0.0,0.0,0.0,0.0,0.0,0.0,0.0,0.0,0.0,0.0,0.0,0.0,0.0,0.0,0.0,0.0,0.0,0.0,0.0,0.0,0.0,0.0,0.0,0.0,0.0,0.0,0.0,0.0
146,0.0,26.07338021487493,26.71980589358114,27.335331009008534,43.59939946971281,28.349847120260563,29.6139238269717,28.814015823876105,0.0,26.835736060538906,27.416066114295035,27.296831177743286,27.93613267071926,28.50142209141282,26.454208337014506,26.64097848974878,27.473589575476076,39.27181361685683,27.40723388031796,29.391285075710982,30.34611421166744,28.76892132011477,29.636643866858492,29.324560802990618,29.948186162570778,29.74747013443846,28.11680043118514,107.45668977079958,31.471813626156255,29.14823777999409,42.686665110920785,0.0,23.24255444799045,26.033511918086006,0.0,0.0,24.829733257146685,0.0,0.0,23.29232070737325,27.006223615671843,27.517130737223283,0.0,27.98233807633821,0.0,0.0,0.0,0.0,0.0,27.077880683762157,16.513915857647373,23.198890465877724,0.0,0.0,0.0,0.0,0.0,0.0,0.0,0.0,0.0,0.0,0.0,0.0,0.0,0.0,0.0,0.0,0.0,0.0,0.0,0.0,0.0,0.0,0.0,0.0,0.0,0.0,0.0,0.0,0.0,0.0,0.0,0.0,0.0,0.0,0.0,0.0,0.0,0.0,0.0,0.0,0.0,0.0,0.0,0.0,0.0,0.0,0.0,0.0,0.0,0.0,0.0,0.0,0.0,0.0,0.0,0.0,0.0,0.0,0.0,0.0,0.0,0.0,0.0,0.0,0.0,0.0,0.0,0.0,0.0,0.0,0.0,0.0
147,0.0,26.049423160241947,26.68456170260569,27.521072619623332,43.604863395898974,28.32088427147106,29.5601482832204,28.66398939548276,0.0,27.062812205993936,27.597594784916524,27.56191294831467,28.123743470093387,28.87603164520769,26.461011950864588,26.604695307949733,27.643569978728078,40.01747277268208,27.453680794330637,29.410355947966593,30.363895652548933,29.0347508285258,29.69140805715398,29.37760276393675,29.721234865334623,29.758942325948112,28.506204554766157,105.30560991298898,30.740384210273586,29.160921981203458,43.9963575524871,0.0,22.586777213798868,26.027370554910444,0.0,0.0,24.213594940154987,0.0,0.0,23.896000199497948,27.278500812613515,27.714952481886712,0.0,28.170726965615955,0.0,0.0,0.0,0.0,0.0,0.0,0.0,23.955589143291878,0.0,0.0,0.0,0.0,0.0,0.0,0.0,0.0,0.0,0.0,0.0,0.0,0.0,0.0,0.0,0.0,0.0,0.0,0.0,0.0,0.0,0.0,0.0,0.0,0.0,0.0,0.0,0.0,0.0,0.0,0.0,0.0,0.0,0.0,0.0,0.0,0.0,0.0,0.0,0.0,0.0,0.0,0.0,0.0,0.0,0.0,0.0,0.0,0.0,0.0,0.0,0.0,0.0,0.0,0.0,0.0,0.0,0.0,0.0,0.0,0.0,0.0,0.0,0.0,0.0,0.0,0.0,0.0,0.0,0.0,0.0,0.0
148,0.0,26.010458821720484,26.685256344920916,27.762114966850326,43.612347694647724,28.313481361450954,29.48861236249911,28.479228662405376,20.948765436939244,27.33508885246838,27.7113623477927,27.796949044336827,28.24638754843356,29.27080382822922,26.469292925504817,26.605595780258785,27.730450045928777,40.49931113964789,27.462931643345456,29.463912147306814,30.423967918405737,29.147904587730977,29.727057026768477,29.37064390674493,29.66248818422912,29.736330172152492,28.684218690209207,104.2176332837812,0.0,29.181502495852385,44.7097065874118,0.0,21.190839034098616,26.03127543103789,0.0,0.0,23.460640247040754,0.0,0.0,24.538880691857027,27.595269896607988,27.836023463251536,0.0,28.279690992299322,0.0,0.0,0.0,0.0,0.0,0.0,0.0,24.929333722793405,0.0,0.0,0.0,0.0,0.0,0.0,0.0,0.0,0.0,0.0,0.0,0.0,0.0,0.0,0.0,0.0,0.0,0.0,0.0,0.0,0.0,0.0,0.0,0.0,0.0,0.0,0.0,0.0,0.0,0.0,0.0,0.0,0.0,0.0,0.0,0.0,0.0,0.0,0.0,0.0,0.0,0.0,0.0,0.0,0.0,0.0,0.0,0.0,0.0,0.0,0.0,0.0,0.0,0.0,0.0,0.0,0.0,0.0,0.0,0.0,0.0,0.0,0.0,0.0,0.0,0.0,0.0,0.0,0.0,0.0,0.0,0.0
149,0.0,26.003746167789554,26.662333813391115,27.753133997443946,43.608192013550706,28.310023416079133,29.487955527486065,28.442630744279995,0.0,27.281206406109426,27.667763548697266,27.718738525109643,28.19693383497679,29.567431851248216,26.471841255848005,26.484455414444774,27.66426477474915,40.32254687110992,27.491591277520655,29.440739136958882,30.44113965584927,29.169329633335295,29.73189858108327,29.35223594418801,29.627231501422102,29.719350576343118,28.600537428992823,103.43815390882583,0.0,29.201242736757393,44.68206194667346,0.0,18.88656963028597,26.038759086133624,0.0,0.0,22.990477673696233,0.0,0.0,24.906638368227206,27.53009763497971,27.804723505880702,0.0,28.224637914469497,0.0,0.0,0.0,0.0,0.0,0.0,0.0,25.689493471825863,0.0,0.0,0.0,0.0,0.0,0.0,0.0,0.0,0.0,0.0,0.0,0.0,0.0,0.0,0.0,0.0,0.0,0.0,0.0,0.0,0.0,0.0,0.0,0.0,0.0,0.0,0.0,0.0,0.0,0.0,0.0,0.0,0.0,0.0,0.0,0.0,0.0,0.0,0.0,0.0,0.0,0.0,0.0,0.0,0.0,0.0,0.0,0.0,0.0,0.0,0.0,0.0,0.0,0.0,0.0,0.0,0.0,0.0,0.0,0.0,0.0,0.0,0.0,0.0,0.0,0.0,0.0,0.0,0.0,0.0,0.0,0.0
150,0.0,25.99110293339324,24.03774213094831,27.562654068248094,43.60384582315646,28.327863481740323,29.60119142656481,28.36758003647688,1.2658482650183438,26.940932284833963,27.510547307118216,27.418256047820222,28.06550904994154,29.05825442332244,26.46988769632941,26.361501026762934,27.551564729741962,40.16143213409151,27.468950572853146,29.41041947865841,30.431599639360485,29.12909337936931,29.71639564191264,29.330988623129883,29.612684747334583,29.680398870524982,28.34713443029102,102.95617638973908,33.26708697513631,29.196038379982525,44.83670188037081,0.0,0.9266860038956869,26.035044099929628,0.0,0.0,22.12316874032036,0.0,0.0,24.644454828487483,27.179200825358407,27.670924866939117,0.0,28.088315732318847,0.0,6.396982267525055,0.0,0.0,0.0,7.046755996706048,0.13079701434798366,25.42456594840381,0.0,0.0,0.0,0.0,0.0,0.0,0.0,0.0,0.0,0.0,0.0,0.0,0.0,0.0,0.0,26.270946180987686,15.939902083738147,19.949247665860288,0.0,0.0,0.0,0.0,0.0,0.0,0.0,0.0,0.0,0.0,0.0,0.0,0.0,0.0,0.0,0.0,0.0,0.0,0.0,0.0,0.0,0.0,0.0,0.0,0.0,0.0,0.0,0.0,16.851365907233024,0.0,0.0,0.0,0.0,0.0,0.0,0.0,0.0,0.0,0.0,0.0,0.0,0.0,0.0,0.0,0.0,0.0,0.0,0.0,0.0,0.0,0.0,0.0,0.0,0.0
151,0.0,25.976439307634713,26.516659302067147,27.469399772094505,43.62153015557624,28.4247254054506,29.703503697028566,22.48993501890162,12.115131379733537,26.759575340992825,27.17120475571111,27.28902031958924,27.689259316565185,28.770258041891594,26.48659952212995,26.15471695576399,27.440122733399352,40.24174957223181,27.418182687309667,29.171279321744237,29.954846991303796,29.01469161018788,29.67238962577312,29.13115743727701,29.59428507165285,29.61804095631848,28.25521905825923,102.52093292081099,33.91002929990861,29.18401184368946,44.954962985485736,0.0,9.645359875814604,26.00008513808605,0.0,0.0,20.37469913451076,0.0,0.0,24.118057582110026,26.996336767837192,27.363129267200748,0.0,27.7338605276487,0.0,22.227165230332997,0.0,0.0,0.0,23.538905059078242,2.218037851957277,24.530323445782347,0.0,0.0,0.0,0.0,0.0,0.0,0.0,0.0,0.0,0.0,25.735788271506355,25.95661908342084,26.70777178590278,27.392876069921357,43.351531171655466,28.281434487658075,26.164777846850757,20.934449589658342,25.752816675750022,26.81672769102761,26.942485241617575,27.152521515254158,25.071824235854468,25.693641405075766,26.475180416987598,23.142257995210247,26.519386442763082,0.0,0.0,0.0,0.0,0.0,0.0,0.0,0.0,0.0,24.606119027649754,0.0,0.0,0.0,0.0,17.818369933148357,22.525306868719785,25.801442944151876,0.0,0.0,25.703900148420665,0.0,0.0,20.994369325728165,26.357058113143594,26.885215279362605,25.823729651833883,22.61963172258319,21.036660424178066,25.99347651162209,25.825546111523323,0.0,0.0,0.0,0.0,0.0,0.0,0.0,0.0,0.0,0.0,0.0,0.0,0.0,0.0,0.0
152,0.0,26.648325812405282,27.285591245099994,27.82965981399954,43.722988246258865,29.518229709584176,37.907543933570764,22.33022658132633,19.516449775253825,27.12303598792598,27.266816783670933,27.719643648200787,27.728095541643683,29.26032416692692,27.38227122996051,25.66932112847048,27.533481390470737,40.37091416550709,27.54282841464928,29.408101475254966,29.30903344695146,28.99587450284269,29.627037860151972,28.94112374590918,29.562325902098507,29.678950964314055,28.59617775259693,46.14645646375948,33.256473720376874,29.321132419127593,43.62633493607859,0.0,17.164734405390078,26.41016820514519,0.0,0.0,20.51941374553366,0.0,0.0,23.766030535286614,27.345135263473708,27.476135791076217,0.0,27.809924137425668,0.0,25.56662206307975,0.0,0.0,0.0,25.994243261255324,5.373476099000215,23.28952292552648,0.0,0.0,0.0,0.0,0.0,0.0,0.0,0.0,0.0,0.0,26.54617396467529,26.822218760994332,27.381996620903237,28.04595018590561,43.67265949461796,29.49527987033207,35.925619713703114,22.038287012004165,26.544045833762908,27.270821271194734,27.32114770643701,27.719008170159043,27.664462187895644,29.08580200710098,27.414474799869026,27.2162398332898,28.269740668704912,36.124326922716335,27.505133082462052,29.31822784229965,28.48308265350674,24.544469341133357,29.145782570215495,28.21808437755169,28.665217462149784,26.461571502077536,28.534264905861306,44.755967820150566,35.12486890405286,29.265297440160154,0.0,22.713677605748188,25.614365058392096,27.14046328461439,0.0,0.0,28.503449203794773,0.0,0.0,24.918139007811757,27.05535097558265,27.309297136025812,27.39598762779627,27.078726910249262,28.24258352333009,27.25872005633523,27.50991098085187,27.328326744350484,38.814479905955544,27.433099608831668,26.465265258006465,21.83748273481835,21.899093644733817,0.0,14.893172631691296,23.307756074519972,0.0,0.0,0.0,0.0,0.0,0.0
153,0.0,30.009147970297967,30.79673219281176,31.012428141306003,122.8929336422766,78.88537767095727,91.27709440714682,22.69720454341595,22.196784912891925,29.24989168591985,29.09470671334713,30.025324505654538,29.476727066525044,31.96620637780967,30.727424334223485,27.043536088830756,29.846402144713124,39.4855091963251,27.583305283421566,30.001490943320164,29.837383723076982,30.688992578316032,30.422073317826204,28.982248311212544,29.574662375658534,31.915105396869592,31.681514092227303,41.75469793634079,32.6436750476764,32.89338656507468,40.18480113930423,0.0,20.565786362496898,29.469805233274137,0.0,0.0,32.35198082786874,0.0,0.0,24.76183006378527,29.483075113972745,29.336808166135597,0.0,29.611777113061066,0.0,29.000027315090048,0.0,0.0,0.0,25.554354129607436,4.220756223642974,22.96817451259464,0.0,0.0,0.0,0.0,0.0,0.0,0.0,0.0,0.0,0.0,29.955706946102723,30.197421885111098,30.907621110017658,31.40313158366581,122.86979728236247,78.91405215517011,87.3717956753841,22.640730207656556,28.548565088446942,29.42665306252934,29.237712011640937,30.059847166370446,29.63022249045011,31.87645256698346,30.78059471084771,29.897371634558525,30.95311112864607,37.88563599632011,27.587883585546535,29.983621060530652,29.665399825699268,28.744111604584067,30.35153626007947,28.825403711467246,29.465287831703435,31.866993603234306,31.690310635227092,41.367407051788874,36.19855235401559,32.937698990515685,39.589015412755835,26.72925201361001,28.8292696778083,30.656025518733365,0.0,0.0,74.94049754881593,0.0,0.0,27.597009896512816,29.310795595316463,29.142303129683356,29.88620137752651,29.462183953596455,30.66202518626515,30.630299232797142,30.1226298778432,30.41062000980532,39.03145531985075,27.568138526934405,28.769427136536297,27.402509631551887,27.460048342555748,0.0,25.175503140874994,28.916886662627483,12.756074736981933,0.0,0.0,0.0,0.0,0.0
154,0.0,36.5638206662382,37.758806024832836,37.42736604031771,122.36342469532246,91.58906375796505,103.9330850634883,23.063035280873834,27.847900071924116,35.3639130268526,34.79373049337919,36.459914308828445,33.87051776180794,37.282502220513436,37.23126123205489,23.2927224572156,34.58832358390418,39.603735074905444,27.58515126802763,30.825548438947692,29.54532249794628,32.18870436572985,31.975775978980714,28.89403990273287,29.533020162045176,38.367273093367515,37.86792624680402,41.503886582546556,28.32609446769087,39.71434401661256,40.0338910747422,0.0,25.896566653648797,34.938203751268716,0.0,0.0,31.261519426164835,0.0,0.0,26.94365798785128,35.64205811780141,35.13019744990231,0.0,34.440784400642244,0.0,35.36270289685128,0.0,0.0,0.0,22.500072284407853,1.7019914532761888,20.906518880917698,0.0,0.0,0.0,0.0,0.0,0.0,0.0,0.0,0.0,0.0,36.39833514836077,36.845824848827036,37.89149501932343,38.37120048385145,122.49034049034435,91.62855513108781,100.0931106377645,23.06097373343441,34.099067398399185,35.608196327217456,35.041266021455186,36.53656736224775,34.71052097832228,37.21103850115348,37.34131648477046,35.673206068890465,36.62688730589991,38.33531251342159,27.595555093512303,30.83501807357436,29.634827856833468,31.272803716964393,32.11456961384407,28.870836446552417,29.522798468653022,38.43040186947988,37.957369751566716,41.317382024612215,39.94417585621335,39.810266396209215,39.738306372459675,33.25936250778061,35.4772738653375,37.64030706349253,0.0,0.0,87.929317694877,0.0,0.0,33.13552568371448,35.491029274068,35.00000445949425,36.36810944968882,34.56269935648493,36.125372468811754,37.193434598460584,35.84966742791185,35.90843049991044,39.294297741980344,27.5778229371042,30.30049416725422,28.277224283317025,30.372017786026884,0.0,27.047260135729225,29.236283370575045,24.564989378914714,0.0,0.0,0.0,0.0,0.0
155,0.0,36.66277538874141,37.911886376580384,37.758564439541956,123.02754066450916,92.41019097427028,103.93352300287972,23.285359435462283,30.06411202372955,35.457108162040285,35.442112694823,36.82056741811479,23.624026978070713,37.489136331487316,37.28763173805305,2.6302451031839067,34.9275440645338,39.34412830551537,27.629281088870528,31.580741345646146,29.905550599349517,25.2163752044222,31.73038675988593,28.878223734661645,29.455900354117937,38.36633330169015,38.0779832883249,40.92671485554433,3.783540590472604,39.796399565517504,39.47644262106209,0.0,24.47456778712216,33.81194798135789,0.0,0.0,34.81465299561508,0.0,0.0,24.265329818860536,35.7512997738354,35.72450050491227,0.0,33.156334605241035,0.0,35.15127830468534,0.0,0.0,0.0,5.613184765623095,0.08886948524074952,18.13195159290034,0.0,0.0,0.0,0.0,0.0,0.0,0.0,0.0,0.0,0.0,36.52723799661217,36.98475949308033,38.0214720241554,38.63271593760942,123.22633551673334,92.47485322794802,100.91828855718265,23.313886750463197,34.36948924094185,35.73100202324042,35.67414444293249,36.92057385079295,35.07795639227851,37.42437678510235,37.41379452833371,36.06234904298722,36.983317808690686,38.20249575808643,27.647303196829398,31.632456476771154,30.118980115716454,31.592722312963506,31.974346819865218,28.917353471380025,29.562038516552036,38.58710863973869,38.226265605864285,40.83166202751087,40.16260869843791,39.91549321507648,39.429399651091046,34.07562758416061,35.89156921581682,37.81684173227973,0.0,0.0,89.19891720575279,0.0,0.0,33.545199920477444,35.631643286309966,35.6317681581082,36.78167729846571,34.9723185495181,36.50571717911211,37.29540571926648,36.16117922902884,36.54211226413562,39.088597641853795,27.625205503241546,31.322894523432954,29.05887878570834,31.006947816109133,0.0,27.511433214316263,29.361798742604694,27.524185154651466,0.0,0.0,0.0,0.0,0.0
156,0.0,36.78131297045528,38.15745989806629,38.30034791393766,123.35240355946553,92.88988982911661,102.41987152532772,22.06598837401952,30.151764856552383,35.51682692578151,35.95153462714151,36.917365258155144,34.858838316789154,37.638229796485234,37.508916851123786,0.0,35.60291253918824,38.48675465211926,27.62676123985841,32.12007877108647,30.184986354687027,0.0,31.224771649828398,28.911969033464047,29.4916077120142,38.22331223234343,38.29016866774637,40.54898895770975,0.0,39.881087138088134,0.0,0.0,24.450122564521408,32.790771868259434,0.0,0.0,44.70323828865108,0.0,0.0,22.863020286219506,35.880740224499164,36.18664561409446,0.0,35.529731583206825,0.0,35.337860971220266,0.0,0.0,0.0,0.0,0.0,16.81267316697517,0.0,0.0,0.0,0.0,0.0,0.0,0.0,0.0,0.0,0.0,36.58174903980793,37.117184684781535,38.286352800497525,39.027359047736354,123.57761958128322,92.97980377168358,100.00559274052945,22.115877475743062,34.44791046432094,35.86928505703213,36.146882287070525,37.041609656341734,35.66394000090156,37.577577851015675,37.48181190809419,36.272933705223664,37.151934500798234,37.56783115129059,27.659283402570622,32.18643486869155,30.414120466261352,31.17353037470716,31.37146403809865,28.98582138587713,29.598510695581837,38.67149150898541,38.51589529207189,40.50758129729104,40.23935721976102,40.01823900662771,39.52308400387494,34.461394857445256,36.15460739392717,38.10385187761334,0.0,0.0,89.88853400371744,0.0,0.0,33.70573125449838,35.778478074327325,36.092001917721106,36.9130782529421,35.572540676778175,36.66795260492517,37.5403275148507,36.389494462365946,36.82989602537745,38.28892489274427,27.636347060791877,31.938057557135302,29.482847512614097,30.728144388640686,0.0,27.709087507035825,29.440752907317957,28.40366167004221,0.0,0.0,0.0,0.0,0.0
157,0.0,37.138967694566816,38.75404564449525,38.56091695266662,123.10429923934407,92.81109284421518,101.93634252178185,22.031591469812817,27.050949472322436,35.946888247017306,36.18272533380562,37.322247139741194,35.56002101239475,37.657934503968704,38.13833042066861,33.39059159480323,35.838908405101066,38.05262804853271,27.652372893811616,32.27583064135331,30.350082456515715,0.0,31.31668696988754,28.90480559594799,29.51310513211247,38.16891204848627,38.26306016747161,40.0560574660247,0.0,40.040561041710276,39.94081968883023,0.0,27.169624604983845,32.084586002134266,0.0,0.0,52.63241848762784,0.0,0.0,18.358906040322324,36.45122451422367,36.382510536853374,0.0,36.04568082705839,0.0,36.880906728227856,0.0,0.0,0.0,0.0,0.0,12.842946261899396,0.0,0.0,0.0,0.0,0.0,0.0,0.0,0.0,0.0,0.0,36.61055764518295,37.4637462994869,38.88724918863318,39.243041608045814,123.56121102862971,92.91810303233206,99.61445017078319,22.089314242736968,34.38144669015486,36.44066320615025,36.33944126403321,37.46772912094798,36.09408547734816,37.62359906779977,38.087353192111095,36.162890238498505,37.252650121615716,37.27755148763645,27.69178403019623,32.34156763640783,30.55749956619458,31.22231138014331,31.444595917960783,29.001161196028136,29.615158942910114,38.7583679818988,38.65601603047253,40.0811539983863,40.296174853182265,40.200677681497154,39.92493451227119,34.62360056102387,36.54192736739081,38.711615743505234,0.0,0.0,90.00196383258174,0.0,0.0,33.67787942274458,36.34980589423975,36.29549730397663,37.34179661568682,36.00350047441925,36.90041175608228,38.150051493961,36.2791007105816,36.97386184226126,37.8599717672401,27.669426662228602,32.11239278622546,29.695012372658923,30.8141261365239,0.0,27.826944398984033,29.46920340839121,30.204499144624116,0.0,0.0,0.0,0.0,0.0
158,0.0,37.447885208248266,39.23338332945292,38.850629137760166,170.55367051904113,93.48871460306185,101.47172365552848,22.17508200635976,0.0,36.23109147638104,36.42763570208274,37.53975013948363,36.27800342603127,37.72497246504969,38.59091248619961,33.9458622644504,35.9840004255294,38.069237970447034,27.667667363161286,32.292301153511005,30.38147915875644,0.0,30.661519844795038,29.01848656378725,29.51653882199956,38.094701856815405,38.54150136515777,39.600915898724054,0.0,39.93820466226161,40.27565613939288,0.0,26.107646318871385,31.522360052312848,0.0,0.0,66.6705149422179,0.0,0.0,0.0,36.89601232784412,36.60136983663165,0.0,36.55643796345487,0.0,37.861977506921995,0.0,0.0,0.0,0.0,0.0,0.0,0.0,0.0,0.0,0.0,0.0,0.0,0.0,0.0,0.0,0.0,36.69619018707593,37.77407319744697,39.35174563525834,39.47916074338309,172.03271540034848,93.5768146721685,99.01689515979496,22.221507950743735,34.352940283429945,36.88310400744399,36.55783245590172,37.6821566580503,36.564334827318135,37.712187881442816,38.51689372271494,36.27661802300697,37.263132910240415,37.34548795427273,27.705813781864208,32.36079470011077,30.58411167343067,30.510252972755005,30.76698189689253,29.082103389248104,29.61875013938453,38.81296677309365,38.84778412458445,39.82430607594267,40.291365359806264,40.11937634777496,40.11900075330743,34.65035016354556,36.833405524153264,39.17399632196883,0.0,0.0,90.452938099006,0.0,0.0,33.638287612395956,36.78986349167346,36.530737115436196,37.55738475140902,36.45592576885637,37.16157544886434,38.57833749810524,36.37941161259306,36.98572944639267,37.88196210588879,27.684600196941744,32.150495575187676,29.746131962783863,30.094720874823345,0.0,27.855019554653527,29.476556871546933,31.58685944083092,0.0,0.0,0.0,0.0,0.0
159,0.0,36.81425273722283,38.24672583050415,38.33601639595274,123.25139620588743,95.83336529762221,102.13086002711691,22.9117341021432,0.0,35.624702819331944,36.617992770791474,37.52568488371466,36.84826697078769,37.85826222677002,37.536471076229816,34.299873614474286,36.108689781496174,38.298447425297866,27.6638818659265,67.4062036361569,30.384694591660377,0.0,32.04347493435478,29.19756543051122,29.499941665815044,38.290406717977454,38.06518113092494,39.68306223879381,0.0,39.81414869053346,40.926797718185526,0.0,20.897635434609708,30.286505060287517,0.0,0.0,74.09333096137205,0.0,0.0,0.0,36.34986759833225,36.79075596085113,0.0,37.01685953047118,0.0,37.04861739501952,0.0,0.0,0.0,0.0,0.0,0.0,0.0,0.0,0.0,0.0,0.0,0.0,0.0,0.0,0.0,0.0,36.56872228838104,37.106800971688614,38.3430173690158,38.949616774260676,123.74096885486097,95.85067358400323,99.15901636028268,22.931964003721994,34.482334862904196,36.328182072495,36.72212078416237,37.64520949071937,37.009915630250134,37.82085425733328,37.60623193244328,36.2472408620782,37.29675459268833,37.55056294690551,27.705706959707754,67.63488482191349,30.57269730518719,31.78064626798438,32.11716318397961,29.21354763184425,29.605536850759506,38.841938796650766,38.38055260235507,39.8816960422721,40.32522291952034,39.99842872002546,40.79149434144824,34.346401355778156,36.12592593566188,38.162907534736945,0.0,0.0,92.37750111053256,0.0,0.0,33.70571079924489,36.22834753474535,36.71017917332087,37.519516377109596,36.85803192008752,37.042479538215375,37.506478769778084,36.310093036375335,36.99264120587831,38.13310701286987,27.684140854780992,66.40246292609397,29.702358000153197,31.319720858695945,0.0,27.873694616152413,29.467795330803348,30.83810648462057,0.0,0.0,0.0,0.0,0.0
160,35.43460271140053,36.77101271558403,37.944299465493714,38.00362375695387,123.1263829200202,91.84545440118086,101.252639568429,23.341862877144237,0.0,35.057257436346134,36.27451459990283,36.9715407048794,36.76659390681536,37.797689741353224,37.313101425780815,35.16184465056493,35.94752392577916,38.52866999380211,27.645524267136068,32.861158225180986,30.38159254412598,0.0,32.109672764846664,29.144333694425484,29.501714449324368,38.418614410151264,37.70372340195394,39.678138395789375,0.0,39.68044308311924,43.582041262936855,0.0,0.0,30.98535768750768,0.0,0.0,70.00470405537513,0.0,0.0,12.536167954259467,35.73206925119621,36.460896298251555,0.0,36.929674334594154,0.0,36.83233619854054,0.0,0.0,0.0,0.0,0.0,8.285087038746399,0.0,0.0,0.0,0.0,0.0,0.0,0.0,0.0,0.0,0.0,36.47627988496005,36.95102765653324,38.01719889841593,38.55522487775431,123.32836785469681,91.83923326605381,97.78620195282217,23.321865318735036,34.22365216464218,35.69410692632857,36.36130963806394,37.05373061617934,36.89880669693579,37.741692538041605,37.37636452370907,36.1030154053541,37.05464743752884,37.63860005042496,27.686507923050385,32.93727632528487,30.515558770630946,31.713284405510578,32.15924175464124,29.13263166130342,29.609476035883375,38.81685724320505,38.022440194588114,39.826570479498,40.44847812744479,39.867470946347794,43.501184634124,33.83194767312669,35.815326592821165,37.81658305472213,0.0,0.0,88.0261663947648,0.0,0.0,33.31532721666042,35.58034782926711,36.35843034337327,36.91624883889766,36.75485554995905,36.88477261713396,37.26235600533556,36.18739770435475,36.68400475469635,38.38545545861205,27.679993919313972,32.687217702738636,29.542561326236005,31.18276365413031,0.0,27.674699558009497,29.44125776322082,31.59806232709575,0.0,0.0,0.0,0.0,0.0
161,35.86832795062378,36.70159626837055,37.79291774893068,37.519621657768894,122.56551925730719,88.91016746085967,98.40325804224648,21.944862928384268,0.0,34.929049894138586,36.03262751150638,36.68458782026107,36.444698576582724,37.5035464871587,37.15560669980533,35.35829115253364,35.63655610525629,38.1373038512649,27.606426192026134,31.58880849160184,30.196069490173727,0.0,31.61435210206065,28.900271949165557,29.519533425197864,38.371198828956565,37.30260905864213,39.40128205270099,32.77692640377011,39.375811920919546,45.066685620284375,0.0,0.0,33.14260519396478,0.0,0.0,65.29454176875241,0.0,0.0,20.12072242471884,35.598213228837494,36.23163677312391,0.0,36.592670647856096,0.0,36.71348519291273,0.0,0.0,0.0,0.0,0.0,14.402754020562494,0.0,0.0,0.0,0.0,0.0,0.0,0.0,0.0,0.0,0.0,36.30578036578669,36.76859951554867,37.848469099884596,38.02394577870416,122.68505573695165,88.82504015186399,93.78587876320199,21.898008527523327,33.94397663471693,35.535633792427745,36.09481155437244,36.73514321467053,36.518986227422445,37.44126411421789,37.205605713637624,35.84819130344607,36.68261502500769,37.02358950719664,27.642088102240336,31.654004445513806,30.284899828414424,31.040980969923247,31.63936162112435,28.85073714319475,29.585219994679335,38.629658496098784,37.462473395521556,39.49549707975564,40.25433620908814,39.58609078986797,44.99824022664711,32.89175942466493,35.2908255833021,37.60268276414536,0.0,0.0,83.7277953019422,0.0,0.0,32.784105294965336,35.394877117100876,36.12207661029565,36.56136066326443,36.32359870732582,36.42253020295527,37.06493236659192,35.97099832173534,36.33201207092984,37.940190471555724,27.6340982629506,31.398606706732224,29.09545768420163,30.380898470730443,0.0,27.146866513518887,29.379471830981885,32.298383406800994,0.0,0.0,0.0,0.0,0.0
162,28.07141508849842,28.3782080043391,29.01901153689579,29.263210682992646,121.47018777312724,42.66383645311578,49.675087861842826,22.06971328779339,0.0,27.649751099511732,29.84987507642245,29.40769702310675,30.326012177567918,31.401003097393243,28.528634700101918,28.622458078379374,29.03669037977763,32.254048667496704,27.550063091208443,29.662997357963405,29.050574671032336,0.0,29.69200240432812,28.606756876405015,29.501112564098264,31.181421358226658,29.433462284512046,34.22551240912597,33.30111637261379,32.496359552787624,45.06761747242649,0.0,0.0,27.412282220586448,0.0,0.0,36.01485717440436,0.0,0.0,14.754115867406318,28.249078891604995,30.01342396613893,0.0,30.434798558417242,0.0,28.372910222032477,0.0,0.0,0.0,0.0,0.0,10.898864836829802,0.0,0.0,0.0,0.0,0.0,0.0,0.0,0.0,0.0,0.0,28.13035041085854,28.32883034523359,29.038151993106,29.513618625472304,121.42659829157765,42.57930803292709,47.61936543962442,21.862669206825114,27.37962642100955,28.16044664332651,29.84801524218028,29.42316870354489,30.33290117842391,31.309667134559405,28.56042667269776,28.687528822028963,29.68843099465346,31.065420473038728,27.571173417939576,29.70519523359627,29.091393994248094,27.910560288555875,29.70666352660878,28.523167178322595,29.520456673829187,31.292753247214478,29.48714971325117,34.27736730209929,36.324906132364276,32.658259343889995,44.99163533247952,24.69454926911868,26.871206797108805,28.806556182950693,0.0,0.0,40.63985023222638,0.0,0.0,26.329574955969882,28.01240860340304,29.88982954121333,29.234957335440015,30.14617979727152,30.358892946658944,28.4276160555903,28.821678521059546,29.403825619573443,31.97001001437849,27.55902398755694,29.39127291817778,27.5209851365652,27.104310009308684,0.0,26.454883275738695,29.263966819641496,26.52789469738817,0.0,0.0,0.0,0.0,0.0
163,25.980937997787112,26.21788667551961,26.801796227196917,27.211712012007006,43.88708095768834,28.75676395890636,40.74392942777649,22.13616394049467,0.0,26.154808171453325,27.40496909714274,27.232240445879796,27.78377048476699,28.686271650450124,26.461008357770766,26.79188107109587,27.46875438222429,32.149810982517124,26.635272367297347,27.962902154342828,27.63785876485514,0.0,28.987053991732736,27.41578958536195,28.55840147636357,30.153266111224042,27.815716679583602,34.66810770143525,34.13410526977023,29.27676475348573,45.21243223925353,0.0,0.0,25.702998977576776,0.0,0.0,25.070128628662395,0.0,0.0,0.0,26.82780541456964,27.581327745750173,0.0,27.896757631083346,0.0,26.34093815866878,0.0,0.0,0.0,0.0,0.0,0.0,0.0,0.0,0.0,0.0,0.0,0.0,0.0,0.0,0.0,0.0,25.758717219909187,26.007072091749794,26.77747489030935,27.377034936510114,43.84588970975756,28.64429636306909,37.498792658597516,21.060186948556048,26.008712472023852,26.688349309834436,27.305165795635133,27.231788487480202,27.70532945161719,28.545002193946623,26.471401604183598,26.34449243399939,27.996257080108222,30.374785612849344,26.638951143439726,27.99109298499758,27.60698319687238,25.97778418762409,28.987092289288086,27.25632817351853,28.54817619480876,30.166184159494236,27.8069093911526,34.604885910791694,36.03317818304674,29.4687501738764,45.14574949179462,17.94438878841926,22.766190410442004,26.317170469053906,0.0,0.0,27.338517361655267,0.0,0.0,24.08464272167904,26.382173632669037,27.38135106540085,26.876352682253966,27.417117158023974,27.23255617413145,26.199367335169477,26.772416363936458,27.61790424865085,31.573991930867518,26.614380264994963,27.55728608974306,25.719007005078232,24.55601743781857,0.0,24.695992922865422,28.289199742141058,24.505077511988272,0.0,0.0,0.0,0.0,0.0
164,25.80023258430031,26.080370216364557,26.75329439980345,27.048751563060858,43.668160926529254,28.539242920615493,40.61282525592702,28.008012118956316,0.0,0.0,26.96775662936446,27.01907210460419,27.189301509984,28.228019304926022,26.450528301822374,26.717351333948702,27.11769895944216,34.24103461445327,24.869240935572634,25.93175274237325,27.117434488304504,0.0,28.521093279568532,26.345202509467924,26.679146362994288,29.928005977978955,27.669859764824167,36.881313970624774,34.66118916739802,28.898867834633357,45.21547189199282,0.0,0.0,25.689101741189436,0.0,0.0,24.11303463316916,0.0,0.0,0.0,26.58975263638297,27.188777994709312,0.0,27.340828044664534,0.0,26.307803771590255,0.0,0.0,0.0,0.0,0.0,0.0,0.0,0.0,0.0,0.0,0.0,0.0,0.0,0.0,0.0,0.0,25.100103262578056,25.63637514642325,26.66706846246214,27.146307194612085,43.57656074625993,28.132158195470325,28.160938114553836,22.551890819210595,16.42093683600565,26.298453452117343,24.573833867809647,26.884017526161763,23.0223557085604,26.602029986001806,26.395922596350374,25.767495016116193,27.520789150571545,22.59063251595976,24.68651070340755,25.811518808464662,26.10867294298391,23.66365224745945,28.427953757616642,25.964141646503734,26.470757147689206,29.79737206406874,27.61604089313341,36.711601066446775,35.91169443275177,29.18415993459078,45.14214035295083,11.037442593844812,19.212041988727098,25.75984846373092,0.0,0.0,20.246076403320934,0.0,0.0,4.284287686129768,24.03462737194717,23.889274417050522,25.6617129748129,15.697301953821178,11.379235232216262,26.02628036306953,26.385992373324285,24.820415029138704,29.872776210164627,24.611138935648036,23.770217284158125,14.75809628080453,21.13277862318082,0.0,17.441857908343177,25.67538902897548,11.158368419506504,0.0,0.0,0.0,0.0,0.0
165,25.64671165671184,26.15428070335213,26.74312242047705,27.007158212244864,43.62456435052309,28.52457811776077,42.44118482445458,28.4705270583423,0.0,25.637111425433233,26.846461354579354,26.73247907272369,27.037322911680484,28.257758561473167,26.454405480059506,26.659843695269192,27.07918779571483,36.92492695323324,24.86093827353031,25.94675580164818,27.195075786786482,0.0,28.14878384885411,26.31762133315263,26.818540738673846,29.87814806052569,27.629005060020972,39.66407516270465,34.95066822299853,28.98624476951195,44.8905041775447,0.0,0.0,25.898161624505313,0.0,0.0,23.73520455470146,0.0,0.0,0.0,26.253179344273292,27.06872629408963,0.0,27.240591431720418,0.0,26.33912149148232,0.0,0.0,0.0,24.52366786194404,13.54856668037912,0.0,0.0,0.0,0.0,0.0,0.0,0.0,0.0,0.0,0.0,0.0,0.0,0.0,0.0,0.0,42.80095992518351,0.0,0.0,0.0,0.0,0.0,0.0,0.0,0.0,0.0,0.0,0.0,0.0,0.0,0.0,0.0,0.0,0.0,25.977636102707148,0.0,20.634985283826126,29.509951313580363,13.53044563258676,39.22265788618695,35.574172056445974,28.461174552875114,44.786547423733225,0.0,0.0,0.0,0.0,0.0,0.0,0.0,0.0,0.0,0.0,0.0,0.0,0.0,0.0,0.0,0.0,0.0,0.0,0.0,0.0,0.0,0.0,0.0,0.0,0.0,2.1234027503772057,0.0,0.0,0.0,0.0,0.0
166,25.644893674453108,26.182691028488136,26.749240669296626,27.135153247024757,43.61502221729552,28.52154093140058,44.23509441144802,28.574167432253716,21.592270391309633,26.016808294667015,26.954652070291907,27.074958296736895,26.831232971609165,28.32061121736018,26.465463200203487,26.71251924000373,27.195927562092326,39.54334992755548,24.863096828873665,26.019945041795722,27.24790467201288,0.0,28.29590242384228,26.401260310933594,28.005432602775215,29.868656477383126,27.879685183485492,44.407861286998696,34.857522309904795,29.108497588532956,45.17453087478884,0.0,0.0,26.03443896988167,0.0,0.0,23.295854704498687,0.0,0.0,0.0,26.612651287919675,27.15791050553662,0.0,27.169788204197687,0.0,26.365363625869165,0.0,0.0,0.0,24.526142129117858,13.570290752956627,0.0,0.0,0.0,0.0,0.0,0.0,0.0,0.0,0.0,0.0,0.0,0.0,0.0,0.0,0.0,0.0,0.0,0.0,0.0,0.0,0.0,0.0,0.0,0.0,0.0,0.0,0.0,0.0,0.0,0.0,0.0,0.0,0.0,0.0,0.0,0.0,0.0,0.0,0.0,34.073983384382615,0.0,44.960138312358566,0.0,0.0,0.0,0.0,0.0,0.0,0.0,0.0,0.0,0.0,0.0,0.0,0.0,0.0,0.0,0.0,0.0,0.0,0.0,0.0,0.0,0.0,0.0,0.0,0.0,0.0,0.0,0.0,0.0,0.0,0.0
167,25.653629437181856,26.201325898204786,26.75026601308872,27.245084725592505,43.60367292392198,28.510126891749366,44.950421159029474,28.715898163873987,23.34602145633141,26.012947221062397,27.06490743073431,27.1567850888772,26.806203770219028,28.443452237596034,26.458500456726597,26.764270567644743,27.278764988586612,40.145083655083624,24.880555743042265,26.007554900186136,27.275770679626277,0.0,28.540746424250862,26.429359726947155,29.272123934809713,29.8100550559397,28.08070808139007,87.68771130650066,34.533711953939395,29.159422494860365,84.75491701301507,0.0,0.0,26.039530544949784,0.0,0.0,23.033609092804927,0.0,0.0,0.0,26.80179298103269,27.260456088939122,0.0,27.073258220244867,0.0,26.34262697039791,0.0,0.0,0.0,24.589318271207805,14.656832080903285,0.0,0.0,0.0,0.0,0.0,0.0,0.0,0.0,0.0,0.0,0.0,0.0,0.0,0.0,0.0,0.0,0.0,0.0,0.0,0.0,0.0,0.0,0.0,0.0,0.0,0.0,0.0,0.0,0.0,0.0,0.0,0.0,0.0,0.0,0.0,0.0,0.0,0.0,0.0,0.0,0.0,83.58364127258078,0.0,0.0,0.0,0.0,0.0,0.0,0.0,0.0,0.0,0.0,0.0,0.0,0.0,0.0,0.0,0.0,0.0,0.0,0.0,0.0,0.0,0.0,0.0,0.0,0.0,0.0,0.0,0.0,0.0,0.0,0.0
168,25.58730157463529,26.194032283967772,26.751070469032356,27.36385620601478,43.596027143507854,28.525859008784238,45.12401533850152,28.688118032178522,24.056822998407167,0.0,27.098558692800978,27.171462192910667,26.88471164567341,28.586752328209286,26.451511067385525,26.782920220362882,27.249325344201438,40.39445133032871,24.889567376909838,26.02707783304936,27.297017135985868,0.0,28.78899226800158,26.448764296233662,29.526379073018916,29.73628285884189,28.724533373960526,101.26401466544621,34.29187657264299,29.18737113052927,83.31493597398776,0.0,0.0,26.042770048078978,0.0,0.0,22.49762161157344,0.0,0.0,0.0,26.844921934937815,27.27703156081418,0.0,27.070418566987442,0.0,26.297760233178202,0.0,0.0,0.0,24.514665744141073,12.99864095473556,0.0,0.0,0.0,0.0,0.0,0.0,0.0,0.0,0.0,0.0,0.0,0.0,0.0,0.0,0.0,0.0,0.0,0.0,0.0,0.0,0.0,0.0,0.0,0.0,0.0,0.0,0.0,0.0,0.0,0.0,0.0,0.0,0.0,0.0,0.0,0.0,0.0,0.0,0.0,0.0,0.0,78.87757719526877,0.0,0.0,0.0,0.0,0.0,0.0,0.0,0.0,0.0,0.0,0.0,0.0,0.0,0.0,0.0,0.0,0.0,0.0,0.0,0.0,0.0,0.0,0.0,0.0,0.0,0.0,0.0,0.0,0.0,0.0,0.0
169,70.22443005850887,72.81101545663127,74.84000719297512,69.58406500076097,81.10262305572746,75.16758520604583,142.8280466022258,428.2160862344142,59.78667855510778,70.95387437027512,77.45621520346901,75.52929507928496,79.14074264625093,82.44180758379116,73.60198823552366,73.17666065569296,73.59569288739954,158.62545225976987,64.45302201576908,154.50192892977554,65.03176145359335,78.15199968043451,84.76632942154083,92.87620762415827,77.91517318771923,81.17065926406042,78.73865961057902,175.6259338100108,80.7056655453916,83.27225293964347,95.55162357020208,0.0,22.89892282991445,49.11035400019273,0.0,0.0,0.0,0.0,0.0,49.225574001605935,71.41326554169325,78.23694867981601,0.0,79.63061729777365,0.0,71.52442535806847,0.0,0.0,0.0,63.51983483444501,39.88823232294864,38.10031832674064,0.0,0.0,0.0,0.0,0.0,0.0,0.0,0.0,0.0,0.0,0.0,0.0,0.0,0.0,0.0,0.0,0.0,0.0,0.0,0.0,0.0,0.0,0.0,0.0,0.0,0.0,0.0,0.0,0.0,0.0,0.0,0.0,0.0,0.0,0.0,0.0,0.0,0.0,0.0,0.0,0.0,0.0,0.0,0.0,0.0,0.0,0.0,0.0,0.0,0.0,0.0,0.0,0.0,0.0,0.0,0.0,0.0,0.0,0.0,0.0,0.0,0.0,0.0,0.0,0.0,0.0,0.0,0.0,0.0,0.0,0.0,0.0
170,69.500823228003,72.67521561495194,74.88968534084961,70.41901437727071,81.11149532227557,75.24437368923742,142.54535911865673,310.66685968718843,62.626786268684675,70.81142756443093,77.91982118891738,75.55595305765195,79.51061068418852,83.48601990086024,73.60331213355664,73.49058375133622,73.41291888947698,160.2239807819359,64.52716597450348,155.26276077355305,65.18718980009241,79.10913248463736,84.83840299138024,125.10573964343052,77.85772880597364,80.90448407722306,78.77676182027926,174.64700006931366,80.29369887660643,83.27583214000356,99.94855151677484,0.0,0.0,48.17894463637815,0.0,0.0,0.0,0.0,0.0,49.26272556958847,71.27561809124927,78.7538966781085,0.0,80.02849433036374,0.0,71.8790061785599,0.0,0.0,0.0,63.11536682599828,29.091398131229976,38.124567308865416,0.0,0.0,0.0,0.0,0.0,0.0,0.0,0.0,0.0,0.0,0.0,0.0,0.0,0.0,0.0,0.0,0.0,0.0,0.0,0.0,0.0,0.0,0.0,0.0,0.0,0.0,0.0,0.0,0.0,0.0,0.0,0.0,0.0,0.0,0.0,0.0,0.0,0.0,0.0,0.0,0.0,0.0,0.0,0.0,0.0,0.0,0.0,0.0,0.0,0.0,0.0,0.0,0.0,0.0,0.0,0.0,0.0,0.0,0.0,0.0,0.0,0.0,0.0,0.0,0.0,0.0,0.0,0.0,0.0,0.0,0.0,0.0
171,0.0,72.63714399629961,74.8753329807954,72.10509645997143,81.14276483198068,75.34130299318775,141.7635284608778,316.2571769532576,64.19947846031826,70.84059342300542,78.36195862192952,75.40320384705268,80.26965450008028,83.52984912187367,73.60987021418453,73.56547712632944,73.17482551402543,160.60349919439432,64.59183899208654,154.92627291635586,64.89117381566167,79.21990914544796,84.81230778935611,126.68576726686354,77.90955328322013,80.79033667385005,79.2072447207488,173.46442034403253,73.10205510971096,82.82316224938668,94.11219378105784,0.0,0.0,43.374574533451934,0.0,0.0,0.0,0.0,0.0,46.9235419502293,71.33275123754856,79.2769541646976,0.0,80.91726943591482,0.0,72.11363167654739,0.0,0.0,0.0,62.17058087960359,18.311806059918133,35.49578022191256,0.0,0.0,0.0,0.0,0.0,0.0,0.0,0.0,0.0,0.0,0.0,0.0,0.0,0.0,0.0,0.0,0.0,0.0,0.0,0.0,0.0,0.0,0.0,0.0,0.0,0.0,0.0,0.0,0.0,0.0,0.0,0.0,0.0,0.0,0.0,0.0,0.0,0.0,0.0,0.0,0.0,0.0,0.0,0.0,0.0,0.0,0.0,0.0,0.0,0.0,0.0,0.0,0.0,0.0,0.0,0.0,0.0,0.0,0.0,0.0,0.0,0.0,0.0,0.0,0.0,0.0,0.0,0.0,0.0,0.0,0.0,0.0
172,0.0,72.68173570826342,74.7991482758863,72.96300747255447,81.18865618843074,75.1656125999709,139.4704158591864,302.59601368564404,64.17852630492304,70.80842239110297,78.8797770662999,75.43847478352461,81.42785108494444,83.96811625902956,73.60312828488702,73.67620487143833,72.61521357896595,161.2601897780337,64.58713511693404,153.70763822495803,64.87456043487994,79.07076121110367,84.67068575006209,127.69005281684542,78.01182765122405,80.49222237941933,79.50247571659474,174.74862509601508,77.2686050713559,82.74590123559378,92.20999614251468,0.0,0.0,41.11893795885398,0.0,0.0,0.0,0.0,0.0,40.414153765872015,71.3769769687147,79.85879522964012,0.0,82.18190620804222,0.0,72.18396752152944,0.0,0.0,0.0,0.0,0.0,29.123489380219976,0.0,0.0,0.0,0.0,0.0,0.0,0.0,0.0,0.0,0.0,0.0,0.0,0.0,0.0,0.0,0.0,0.0,0.0,0.0,0.0,0.0,0.0,0.0,0.0,0.0,0.0,0.0,0.0,0.0,0.0,0.0,0.0,0.0,0.0,0.0,0.0,0.0,0.0,0.0,0.0,0.0,0.0,0.0,0.0,0.0,0.0,0.0,0.0,0.0,0.0,0.0,0.0,0.0,0.0,0.0,0.0,0.0,0.0,0.0,0.0,0.0,0.0,0.0,0.0,0.0,0.0,0.0,0.0,0.0,0.0,0.0,0.0
173,0.0,72.74983912873978,74.72214100153707,73.0949482585641,81.24670708815529,75.18047051274479,130.7226266314956,293.33786839788445,63.70324649430603,70.79625071658846,78.41199749258188,75.34775415195583,81.6598407081841,84.45558860807267,73.63295340931586,73.64415843863893,70.80728442177909,165.63228269728825,64.77377528174699,141.77153428734357,65.39814128484345,78.74805283123808,84.22758548793752,128.0845868581224,77.99060943722225,80.34942801156575,79.46601055866154,217.86508067611976,78.44988753751802,82.72262461866475,91.73652842312663,0.0,0.0,50.013158613810674,0.0,0.0,0.0,0.0,0.0,30.143558576018762,71.39044603833611,79.42702817983616,0.0,82.47991337167804,0.0,72.20320832060345,0.0,0.0,0.0,0.0,0.0,20.439694336946918,0.0,0.0,0.0,0.0,0.0,0.0,0.0,0.0,0.0,0.0,0.0,0.0,0.0,0.0,0.0,0.0,0.0,0.0,0.0,0.0,0.0,0.0,0.0,0.0,0.0,0.0,0.0,0.0,0.0,0.0,0.0,0.0,0.0,0.0,0.0,0.0,0.0,0.0,0.0,0.0,0.0,0.0,0.0,0.0,0.0,0.0,0.0,0.0,0.0,0.0,0.0,0.0,0.0,0.0,0.0,0.0,0.0,0.0,0.0,0.0,0.0,0.0,0.0,0.0,0.0,0.0,0.0,0.0,0.0,0.0,0.0,0.0
174,0.7793028150790344,72.79659023761376,74.6596868691185,73.06499020255997,81.24745619841178,75.31366916080273,129.04916675493183,276.4581464088707,62.79974429952906,70.86454402192999,77.21018847953064,75.1702547261246,80.60268200860321,84.13222507626728,73.64641199883692,73.64963298674266,69.98728745498472,163.05225794199174,64.69186620931922,140.332436971903,65.04801916382786,77.75683475067696,83.21293599746227,128.33295335474304,77.91449669937833,80.16262222356119,78.47558695003443,221.71578985262386,80.00803579578798,82.30504868024369,91.41515037561021,0.0,0.7393281376830949,52.02968423944798,0.0,0.0,1.5943331557714298,0.0,0.0,20.633039663080268,71.33856429014429,78.21482331097229,0.0,81.35813144075144,0.0,72.1313554128109,0.0,0.0,0.0,28.985931840536377,0.9241188214306564,13.42086714798154,0.0,0.0,0.0,0.0,0.0,0.0,0.0,0.0,0.0,0.0,0.0,0.0,0.0,0.0,0.0,30.19188411302863,34.51258027114092,62.32787659221444,0.0,0.0,0.0,0.0,0.0,0.0,0.0,0.0,0.0,0.0,0.0,0.0,0.0,0.0,0.0,0.0,0.0,0.0,0.0,0.0,0.0,0.0,0.0,0.0,0.0,0.0,0.0,0.0,5.03682522869972,0.0,0.0,0.0,0.0,0.0,0.0,0.0,0.0,0.0,0.0,0.0,0.0,0.0,0.0,0.0,0.0,0.0,0.0,0.0,0.0,0.0,0.0,0.0,0.0,0.0
175,10.845255660224474,72.92397488381397,74.64909683060483,72.2248268790775,81.34204613762108,75.49962871126326,109.0446899663533,261.6523190548605,62.54269150753578,70.90671160738893,75.90374546270517,74.95084793723095,78.18678028167092,82.90693467182564,73.58668702877935,73.35422822447856,71.0587726482882,160.23814629444644,64.4761238636864,139.28506517299866,65.63146165211009,76.86741280362774,81.46537344680027,126.42187744330613,77.77471776677913,79.87522366090616,77.6915979759778,207.0012833900705,83.48285741973594,81.97612895716588,91.34673827891504,0.0,9.433157796927318,42.056321436007984,0.0,0.0,16.88692163615382,0.0,0.0,18.797055589914557,71.29637194759297,76.93434582459702,0.0,78.87106555060086,0.0,71.55575325832642,0.0,0.0,0.0,60.39788858342155,10.99722723242098,12.146741054163737,0.0,0.0,0.0,0.0,0.0,0.0,0.0,0.0,0.0,0.0,68.23452051033586,70.26622493016998,74.37383990263946,74.39506385701745,80.98819231679855,74.43962552368788,85.80742283022546,150.8530822688548,55.16032837465801,70.31915857696714,73.36968669203503,73.42680686306436,53.92775496296001,54.27984444732633,73.20719561537814,35.47063885089906,57.8951297177279,0.0,0.0,0.0,0.0,0.0,0.0,0.0,0.0,0.0,62.75484874575066,0.0,0.0,0.0,0.0,22.514728134009086,41.03640367798066,68.75478963072578,0.0,0.0,39.28484893414434,0.0,0.0,19.345274439220066,65.99884632061482,70.97170147610288,60.17711458492858,34.36796217710344,39.196092330508314,67.75383703986593,60.256693344158954,0.0,0.0,0.0,0.0,0.0,0.0,0.0,0.0,0.0,0.0,0.0,0.0,0.0,0.0,0.0
176,25.3783147964941,73.41198863828069,75.21399392186368,72.48857519763274,86.86910558273553,80.38941941490307,112.2493200671606,256.18658751646706,65.75698411028863,71.44746188339113,75.92356704146574,75.54995217092397,77.9376581292901,83.45983224619147,73.71683750670499,73.92721322793206,69.58693633855772,165.2392437367638,65.68552370065817,148.21187304525552,67.93742351780274,77.1714860228636,81.3586630854104,125.82141616897502,77.61398726718483,79.72240455567636,78.25645521980817,199.4803499622435,86.25697204301174,81.88670442673995,90.93287030931663,0.0,21.951400346335912,33.18692016571856,0.0,0.0,35.48576349228095,0.0,0.0,35.39035213992088,71.81596895998865,76.86034108739648,0.0,78.58496251557412,0.0,71.29875071972846,0.0,0.0,0.0,64.27062275497076,26.405122230296417,24.82552210726141,0.0,0.0,0.0,0.0,0.0,0.0,0.0,0.0,0.0,0.0,71.80863302417518,72.85112535931759,75.33321231946388,76.58705072935135,86.74675737567838,80.06915163836226,98.08462705201848,225.26397748983152,70.46951357170173,71.59271597474515,75.77240002738694,75.41298788453332,76.74981439205375,82.36787707948956,73.85581947215769,68.94344548074972,77.41616255756156,107.46104650725619,65.81249183832938,146.76199921346188,65.91233048133893,46.82292836206471,78.61184217312255,112.03863681887883,72.66245737428024,46.28404011415661,77.76175848128375,182.63954468968092,88.7745559843296,81.95821991981056,0.0,49.172105141763176,60.94093357629981,73.74863289178046,0.0,0.0,60.3540245740268,0.0,0.0,63.06411940234796,70.43750290403317,75.20857143390324,73.0778261403553,73.44819895455457,75.44060148359854,72.32961390329694,72.96985929076305,70.49282738190388,145.07523461799332,65.60221340676442,108.71023806722746,46.197387132997534,34.81966629269904,0.0,24.217290389698416,53.09237585127813,0.0,0.0,0.0,0.0,0.0,0.0
177,31.948715637763705,79.75112226702485,82.09836913444235,78.77150616477024,275.0530841013301,140.00940742765167,197.88795700468143,264.45596525140047,70.44459854595775,76.91369157405603,79.21859504771689,81.19603164233524,80.95360734206025,87.88557825028676,79.81290527741436,79.54469948304244,72.07542899573355,182.11264008995443,67.97010681858673,176.39961024390516,72.08647343291207,80.34061668480108,83.90997738476003,125.54902287921266,77.54822323978772,81.15899924793624,85.14696481531203,200.68463467066522,89.5210766086978,85.5110416410092,91.6384260829659,0.0,26.775380055184623,28.03196543021381,0.0,0.0,50.422353376812666,0.0,0.0,42.09705531676659,77.32386550565451,80.16712127221126,0.0,81.55976924597041,0.0,76.82815543839028,0.0,0.0,0.0,66.9423617854834,34.090639242223105,30.362033334728046,0.0,0.0,0.0,0.0,0.0,0.0,0.0,0.0,0.0,0.0,78.1890610931546,79.61038926675724,82.28097914778232,84.1758768403551,274.99610433815747,139.6683818836486,176.35892667010623,244.80036685331586,75.3085635049171,77.11581395337319,79.5384674769366,81.25086111408564,80.85673988933628,87.3917555877135,80.13539206832831,78.30718592806285,83.15899920161485,147.0798052582606,68.25432256935926,175.43229448702746,71.42558434211965,68.93847696496097,83.88202771790532,121.76928209959748,76.8024333649926,81.49753820091021,85.15319571495539,196.0211889592838,93.33844365309574,86.38289042146852,88.01455858998386,55.988131425453865,70.11788486805438,80.7673212948865,0.0,0.0,113.91089279172783,0.0,0.0,70.01685987710049,76.51550262191265,79.27981591785205,80.01655378146566,78.72727415595415,84.02300289464316,79.25008710244796,79.90633316519347,79.84274103321853,166.90048112820688,68.0789971571194,147.11677503955156,58.53605845790544,60.57284339824701,0.0,61.38598242819239,73.14905520140447,7.770090300167067,0.0,0.0,0.0,0.0,0.0
178,52.000319158770125,117.78320932281439,124.35337100184896,113.92269803984445,352.14808613926607,171.5813082609685,218.68085156134853,264.32024970713996,91.86808225703214,106.00582372842737,101.94947804066956,109.07636902274476,102.46544412568781,117.94137794770165,112.69141584972253,105.97116313765653,84.27621881884556,189.9023513449123,71.63580796019886,261.64120491331744,82.59703393215467,80.87774089035015,87.10621934666251,124.21922698503352,77.43369624721552,92.55280959083123,123.95496878069068,202.6286821124188,121.31861411307642,141.75913972318543,114.96591593066796,0.0,37.726680745101746,12.874951165818665,0.0,0.0,68.48038090484012,0.0,0.0,55.796700155118586,106.64226188313819,103.31550499189746,0.0,102.60807152788587,0.0,106.66723775514741,0.0,0.0,0.0,70.89660000286236,45.01040918324359,38.567060083468846,0.0,0.0,0.0,0.0,0.0,0.0,0.0,0.0,0.0,0.0,117.32007950337575,118.37116663974889,124.8474381200424,126.35746410538218,352.7809485753437,171.33079013823505,201.10633711876557,250.9898547212357,98.45798772008152,106.55357000638332,102.64318936189909,109.33276729107888,102.92553941761717,117.53734284263473,114.71117832086009,105.90279185257057,112.22360600854842,165.18376482192588,72.04429464152184,260.92310848937217,82.36908844841383,81.85881391309735,89.23020134907844,122.2926002475635,77.27666534044886,94.7490215062885,124.41783377867921,200.29672349743421,126.6931712396584,147.88429135261794,112.5341732063525,85.4666616429911,104.42821071846875,122.69008225334943,0.0,0.0,148.58744746897412,0.0,0.0,91.07388966940977,105.6045011552289,102.40833176187358,107.87825197278434,100.66087718931183,113.78860457395623,113.37859988273635,107.44210506386587,108.46777065597246,179.9462614873364,71.92643890430972,228.73869765119892,72.65971839628071,75.4128746753323,0.0,83.52420609665361,75.32393037799822,28.389216768186987,0.0,0.0,0.0,0.0,0.0
179,113.12472436239862,122.18035062482801,156.48963654820847,151.51990771376077,355.7414296896013,174.18459661892172,234.2602462702814,264.65323845334865,107.71956296191564,129.2222671785268,127.18471281174892,154.4370329225373,127.10119141050136,168.35626876361687,88.7990406330726,137.28731163582887,109.80890248168006,220.35872015858615,71.9700759471511,265.28587839025874,86.30239648698002,20.393635430901824,59.228231856616745,84.62395310279192,77.51276448939137,139.34143639680929,166.93081036754975,236.0230361850313,209.0992900325852,87.44430722183368,164.26826558594598,0.0,43.58498848979429,1.0558319641766798,0.0,0.0,73.71526695385053,0.0,0.0,67.9238886868441,130.01935306253642,129.22291659754137,0.0,117.10579395099808,0.0,109.35297031613622,0.0,0.0,0.0,71.20918128247267,44.02607821917134,44.8870652924261,0.0,0.0,0.0,0.0,0.0,0.0,0.0,0.0,0.0,0.0,127.12098783431003,123.4220923113103,157.19123951109282,166.94347684168065,356.59830141764814,174.33605620157522,219.62467025903098,254.64990407831323,116.52401873759466,129.844154068806,128.52631718048002,154.89714011542333,127.60543762012588,167.8875224824452,117.21042985701047,137.29805803792462,156.21714193851233,195.62286764910007,72.43271352675151,265.12546691328964,86.20462765113324,88.0360247758436,93.8090057297103,84.06428079636186,77.54174585592821,150.45988635070984,167.65734303218238,233.9068233429451,223.46322720561318,182.45441449775512,162.97565158406258,97.7488716921861,111.0344222483608,154.6081932527521,0.0,0.0,160.356652396074,0.0,0.0,107.51277180175633,128.7593979240267,128.21381046071778,152.70657776478558,124.92023568777188,162.25912091458162,116.25895555805421,139.17742886286888,150.84633645829547,210.40154755065376,72.34081948377025,242.3557562960288,78.44200149525938,82.85149902831068,0.0,70.43740391999742,76.40336861864361,66.50127911574204,0.0,0.0,0.0,0.0,0.0
180,121.75250712626618,121.90400352627861,158.02843144519585,165.6014623836688,357.86152784322667,173.7982003200642,244.82717390775122,260.13428537845584,108.46190990785965,130.14223664345081,166.49678159410897,186.39122628626126,167.0091044299955,207.0218821093519,0.0,139.90892059769644,136.72439964613469,236.19825303224218,72.18106787005851,266.45232074436365,87.5357682604978,88.53965667882369,0.0,79.0787135572728,77.76458349609072,0.0,180.78654124302318,307.3800689977588,278.98437910935183,165.31130557759545,224.27588857756575,0.0,42.3436102318441,0.0,0.0,0.0,69.61827598230768,0.0,0.0,72.35679465501352,131.01390970047078,169.86462025406013,0.0,165.46291550237947,0.0,109.83207630464898,0.0,0.0,0.0,71.34772654730126,44.00567946560629,48.37693615199094,0.0,0.0,0.0,0.0,0.0,0.0,0.0,0.0,0.0,0.0,127.62753233128699,123.5103872904304,158.63236886619347,179.23781888356416,359.38423204436276,173.95402065128707,230.6954581944982,251.67319162264778,117.18285397533812,130.8079354266738,168.84382464430203,186.98848464785556,167.4433568031759,206.69998804982725,116.75176502785689,140.79590665466225,184.70850973534425,212.2650100651793,72.59547900208929,266.63824196383246,87.68174798065154,86.13370193123338,90.04654032991866,78.8473726649368,77.76709194831355,155.14813266437955,181.6126669329634,305.051978306345,308.3269550687078,185.24202711112991,223.2537923752389,101.92087063886368,112.19417962439616,156.37938268637797,0.0,0.0,161.7353472778178,0.0,0.0,108.3209711477524,129.80031492705635,168.3676266071643,184.23124954743565,163.39501244417588,199.32840321755575,115.9935255904827,142.3587851909307,178.299055217515,226.7859782394126,72.51657477761597,247.7628111857313,80.95595177304116,82.22474282936764,0.0,69.06864718673233,76.88943355494172,73.16521613279376,0.0,0.0,0.0,0.0,0.0
181,124.2367179443753,122.22298751389538,178.81622000320618,193.760891855407,370.6120187858346,192.34910377642933,256.8824983018274,268.1505661115864,109.62808149533454,187.32947730674354,177.15099522330746,254.48900444954603,177.60817155058106,236.5420315934159,0.0,139.1491885263072,160.92994326263633,263.76355302612353,72.35263248854196,266.90009622758026,89.48781289310581,109.43091944648798,109.99176981414749,77.37218237666355,77.97500443476935,0.0,209.10313508422718,345.85258803460306,293.6377568347206,177.699201494524,303.22810439679415,0.0,40.851938881546275,0.0,0.0,0.0,69.20058878661499,0.0,0.0,75.47453300809481,189.29167309454442,180.29331112900593,0.0,177.11783108463663,0.0,110.8261490239042,0.0,0.0,0.0,71.43510217082127,42.52892102715867,51.13859574955973,0.0,0.0,0.0,0.0,0.0,0.0,0.0,0.0,0.0,0.0,127.68706762858884,123.97275141769981,179.49954003543667,209.25465892425166,372.6324739546385,192.5971293758053,241.73014554225736,259.43944044106,117.85438235664358,189.07363162374224,179.23505000366546,255.45560081049246,178.0284334807476,236.22293428404362,116.67408943409896,140.4875665987886,225.04713569703938,236.1319365144934,72.74645240754296,267.2901148018667,89.69973227738137,104.27644824412164,111.01403469904625,77.53638602263457,77.98861324140205,157.4650418423289,210.4186820328522,343.8687941362417,329.31187781846916,196.25325679621142,301.7968421354169,103.42356011014753,113.81108613338431,176.60989848523556,0.0,0.0,179.9333583100542,0.0,0.0,109.53996288722733,186.87888436473798,178.7112811070628,250.66619733796003,173.72766741230538,227.73633832429317,116.04490468336337,141.83669639645126,216.05127267646208,253.07710921396963,72.67332729767162,250.27562912417966,83.2469429976206,98.95260886618718,0.0,69.05936317244698,77.21997374081369,87.48269678504487,0.0,0.0,0.0,0.0,0.0
182,125.38835569864703,122.70685312337548,221.28959677682758,248.3235047849517,564.2322491215737,227.17725138623024,265.9854843787173,274.041705542615,109.96124993209256,277.10200928818904,195.5132619998068,321.63806341016965,196.49366897829879,266.53012299712486,114.69765893637086,139.32945596438674,187.4695855243611,291.325248337742,72.44015969586215,267.15940579587283,89.23257963120612,109.37714909680096,111.71176256493354,0.0,78.02616342461732,0.0,267.2091845148472,436.47474467596226,375.51726362578773,194.78832136045997,543.8699424364586,0.0,43.82566215226905,0.0,0.0,0.0,65.0513602601088,0.0,0.0,76.91300179058949,280.4367669283181,198.78123949028748,0.0,196.66845207773775,0.0,112.10491805115464,0.0,0.0,0.0,71.40440035755758,40.992398788499884,52.43843858799832,0.0,0.0,0.0,0.0,0.0,0.0,0.0,0.0,0.0,0.0,128.2790310105426,124.43576139614265,222.00173779586407,275.06951633722565,569.3665084987174,227.1993129586889,248.82862367216774,264.4442914511451,117.34179066654349,280.17672941997773,197.51543457010357,322.80428290523844,196.8216029119496,265.891592833718,116.65808440713477,140.88965294400336,255.66987939897956,258.1298053082488,72.77348098615732,267.6195865317226,89.50310637320236,105.1686338057205,112.17985958962728,76.63595606946672,78.04781983591624,161.20247221438433,268.74667652785433,434.23556795344354,438.79603781462606,217.37480004544807,538.6810188055478,103.13688107159152,114.7715166602068,217.57333870565708,0.0,0.0,206.22528127596152,0.0,0.0,109.30723241365658,275.60019709795114,196.8065642502843,315.317703613367,191.46001241809074,255.2865100834687,116.09311145245726,142.27485795812277,244.1064591616966,278.5978211829434,72.70203982457701,251.22701774669355,83.22450969998107,99.83007355210694,0.0,68.60293030966602,77.31051234585884,97.80213651826102,0.0,0.0,0.0,0.0,0.0
183,125.73385746316035,123.9067440246524,228.5861192498686,231.48696441383353,374.31320517197264,233.89971216933958,264.78102239831713,274.3194420022945,120.8139665196637,236.02889587413145,214.0421460215265,274.00214206095086,217.7619220665754,261.6120316575774,118.40320905064061,152.46401679331535,195.06382935047185,274.04612322461475,72.48804746859605,266.67682350631594,88.35450745756468,128.88448736148007,137.40225436905718,0.0,77.98237662633767,0.0,250.10649257593798,369.2339585506659,318.9205335070109,207.16881369624306,6485.0174898868145,0.0,51.3645719409323,0.0,0.0,0.0,55.342171479593844,0.0,0.0,82.20946749653851,238.56907042311093,218.07608160645486,0.0,218.19670285618287,0.0,114.92126607408926,0.0,0.0,0.0,71.27837576144636,39.43266341811081,52.83764353396519,0.0,0.0,0.0,0.0,0.0,0.0,0.0,0.0,0.0,0.0,129.03416772467224,125.26290569319443,229.0894921155484,252.37527385210967,376.62577703974875,233.7583232300844,245.40916372705192,263.1995068785749,129.04892153545154,238.19752630372193,216.37639317478374,274.81006082410886,217.5055368202976,260.8623207034597,119.05866652571717,154.14004945497516,244.15959929170583,243.50111617661207,72.6993778849021,267.01428922990544,88.61703009381827,124.21790581778835,137.2882386052865,76.29428120439563,78.00587862033126,181.18414019465945,251.26668974353805,367.84548559628405,369.92703888736855,233.2922182956736,6424.877580971866,98.18327142376127,114.75028962548772,224.5623015932594,0.0,0.0,210.96530849261575,0.0,0.0,118.818957900227,234.59576245336143,215.38355363932382,268.8722576874909,210.26457676485677,249.07331367547857,118.42082988785663,156.09679923066898,233.36641620014476,262.2253312506784,72.62583263181455,250.0410125045671,82.23360142901659,115.85287991016746,0.0,68.0209672584956,77.24159572977297,113.33871518189692,0.0,0.0,0.0,0.0,0.0
184,123.8429562522394,123.09941094724053,163.32173916983095,168.11231080826784,354.69477470365973,175.43852775484226,261.0008218458262,270.9612735344109,117.81576487898349,159.46508760783829,174.24409513025017,186.73393815551975,179.89084442604764,223.40873514790616,116.1176737281302,140.72561713406583,157.20049523427005,251.32578416666007,72.25679299047627,266.99100218165484,87.01704992133052,129.72005427240862,139.11808040140272,0.0,77.75440353701413,0.0,179.9001158760305,358.4051550000993,295.57856240274293,178.7510228457938,5988.797826691979,0.0,52.60353737762674,0.0,0.0,0.0,45.829676313958466,0.0,0.0,84.47640175236576,160.75096866696015,176.95282997291883,0.0,180.2140807950643,0.0,112.42678791831251,0.0,0.0,0.0,71.22509571193802,45.65853150107318,54.974963263262346,0.0,0.0,0.0,0.0,0.0,0.0,0.0,0.0,0.0,0.0,127.39838046432794,123.74563398069505,163.49428465127858,177.91512694002165,356.5500433029456,175.28588072334372,236.58954622403837,256.9970407105098,125.23216252121028,160.4169166914602,175.48615701014114,187.11679442789375,179.07557774177718,222.39334815223444,116.59397265512439,140.87115268544358,184.42794260619166,221.81805256213184,72.40112450017477,267.02176327071925,87.14634158097923,122.81034223621302,138.70819346883323,75.6001378825637,77.76508662822224,161.17815449294426,180.401196651097,356.78478983007267,341.58045350731925,187.83079097637767,6011.710026937493,95.19129104173612,111.3628017881536,160.74704478656622,0.0,0.0,159.13647025515652,0.0,0.0,113.77069100281712,158.40360016578893,174.79870757965088,183.85280293388996,173.3409325353663,212.52966833678232,115.86395854600084,142.76742168682154,177.34313693674153,239.7233282655389,72.32065686227429,247.7045614591389,80.25182863515701,113.12338044090397,0.0,66.36434073853637,76.91436656420603,105.52720578737801,0.0,0.0,0.0,0.0,0.0
185,121.45262114916599,122.30877335457535,156.75551833128054,154.41287145689532,349.8627084753423,165.87748270668357,251.92435904814658,257.6902704078634,110.71760106640261,132.1340119102672,164.09404956979932,164.36338586025556,170.87799664012238,204.37571333500415,115.69517985274302,135.79850663969407,141.4531618876864,249.5853589643815,71.75900355026954,263.38933458885094,85.54474422663816,0.0,137.75498069022518,0.0,77.71727616721336,151.3027367050297,163.7314697634551,356.06201245272473,284.48196214057873,175.83778970120179,7248.968046145251,0.0,55.18280271110769,33.11628284149731,0.0,0.0,31.955888330116824,0.0,0.0,80.34915243817778,133.09309615129905,166.34412875720272,0.0,171.25207214856175,0.0,111.6840398427601,0.0,0.0,0.0,71.11038423631567,64.59001467297702,53.85413980127987,0.0,0.0,0.0,0.0,0.0,0.0,0.0,0.0,0.0,0.0,124.31718374642654,122.23631678187274,156.82343375038954,162.93443132092023,351.2633602366577,165.60765438419622,219.06732579109,238.51636927328857,116.42708117059364,132.68644420777775,164.46292516199713,164.68359449531533,169.22908808764348,203.0770679442746,116.15578217629263,134.0730764945408,159.8596817173359,211.66560287193502,71.83120212263105,263.071306825303,85.40390337196868,116.2548665529014,137.08625892230586,74.65142002020109,77.64294310626951,158.76188784767464,164.02671147601922,353.62599171496356,326.11663064780316,182.11051188448835,7287.921105548634,81.70479884590532,106.25990384910989,153.49914939595698,0.0,0.0,133.36204210592385,0.0,0.0,102.73813890771655,130.85358387804467,163.6179473905077,161.33413612466185,162.28399191845,191.7913561637423,115.16293968461966,136.61671140732778,152.99551478856844,234.34466832710177,71.73520274968581,239.727656642009,77.16628887651001,104.62421421551737,0.0,63.457919285120454,76.6051757375088,107.75947771587707,0.0,0.0,0.0,0.0,0.0
186,105.421440240411,111.56742863203561,117.19721039460751,113.91108232536773,256.5409804644787,89.68016105257348,226.9964476932671,253.19944431197428,98.52799274132585,112.93882419400703,119.95554811919718,116.79236565272788,125.12307821289426,136.90831270019999,110.61820193636862,110.37821901687828,107.19993927489901,224.5581145568707,66.97897197239655,256.2474107613326,82.3593787528143,0.0,114.5981811660235,72.31874709322383,77.65413360787932,150.45992770110672,117.79746072893005,352.18193722201363,275.77691813263436,129.19859736977557,11674.17456392954,0.0,58.50978300419615,39.37597172138333,0.0,0.0,0.0,0.0,0.0,70.6961925069553,113.71929918304602,121.37755365287717,0.0,125.44854429928876,0.0,103.44476110923728,0.0,0.0,0.0,66.58556614057699,80.82320196003454,49.679286525856234,0.0,0.0,0.0,0.0,0.0,0.0,0.0,0.0,0.0,0.0,109.31872207836778,110.60989849039603,117.15546731508653,118.3471031176353,256.86816341675467,89.55046805193234,183.74022406866996,215.03253743311367,101.38677740591362,113.06850963799775,119.34269079188375,116.87989020849443,122.8485832858004,135.68106891567666,111.01993652705744,106.78017264765893,115.11099902905642,176.63311933565285,66.97851651757247,255.3806037846087,81.64248868853986,90.79247230627551,114.03993026191728,72.76680096999843,77.42197412439467,153.8005437229728,117.78706968785357,348.4414525775179,317.94860279224224,131.2923939854258,11598.616715993416,75.54505926161595,88.8930930532783,114.07654628262165,0.0,0.0,74.91679437170868,0.0,0.0,82.94294147243508,110.88049455008431,118.7058760470201,114.04323036221875,116.86269895744128,127.56560815304296,109.43029963180263,109.83711832914534,109.47851093947625,203.9505866874065,66.85453265265906,228.35040090957492,70.27541116088676,79.20259018306952,0.0,58.24162250388925,75.94728674552576,98.34786612914121,0.0,0.0,0.0,0.0,0.0
187,67.63393525542405,72.99463560277886,74.99055775222985,73.87034858869379,81.58773834438193,74.85796532280631,93.7075844662445,223.31675278024932,69.03942505869031,74.13843302991552,77.81937368917902,75.67356055779939,80.64089063746138,81.42210493318913,73.30411199690623,74.15836497024574,73.88992773931125,168.68294094081193,65.51004749569955,200.5847995215646,74.74426323911842,0.0,84.88971842299975,73.1748303483375,77.5855596263213,108.27371799593877,76.9995894713702,346.53944170946716,250.4083457294701,82.34380826172583,6633.451202676525,0.0,49.45751967141965,40.1996953676096,0.0,0.0,0.0,0.0,0.0,52.60358199715554,74.70771598886472,78.70204659383262,0.0,80.90251391354997,0.0,65.16634597405735,0.0,0.0,0.0,65.07225519876947,71.82579917176243,43.5135308117721,0.0,0.0,0.0,0.0,0.0,0.0,0.0,0.0,0.0,0.0,70.60608517672983,71.26701031347605,74.80017443153386,75.65612104343877,81.59019549545121,74.38232589920801,78.87612080111495,118.00369987438609,67.9258830092182,74.0120631023089,76.6165243600132,75.46518457469986,78.15372639528428,80.3509051595892,73.65533572282601,68.46668775301,77.11283681016923,113.2405876628259,65.33446374008989,199.04665460231286,73.17469479088201,55.93817927417696,84.34292494110984,72.14557027631629,77.01242872430214,109.198342386442,76.62974710746973,340.35435726059757,285.091327624059,82.80947091084911,6527.313005420524,39.542492098679254,48.46539829091959,71.61246909130713,0.0,0.0,51.84288341565904,0.0,0.0,47.010494620699866,71.71702545470326,75.5339583340724,72.54313349788566,72.16716832662351,73.02101626419066,71.72223648324527,72.48560503453928,71.42053332258835,143.21348882822892,65.09961185114577,176.7622981154615,55.381161247042485,45.62366906978924,0.0,49.14294857256174,74.26169025494467,66.78494439511454,0.0,0.0,0.0,0.0,0.0
188,66.90922280133505,72.65397439484467,74.74019842436519,72.52090701830305,81.21359399000028,74.91139275256486,88.90309604568714,224.65143320944492,67.77001122491532,73.40502396438353,76.52759251376828,75.053656489942,78.85225826105824,79.4155243950776,73.44163610822108,73.28733054315073,72.52252275750948,136.97194507761878,64.80285268451524,148.31714635585058,71.37892002402424,0.0,84.8675694382024,73.40848680874856,77.31383696084748,84.74864397433635,76.6624581846358,341.26613464877664,91.00505988509444,81.73691063200117,3845.9827839780587,0.0,52.37762656679185,40.15425495228296,0.0,0.0,0.0,0.0,0.0,48.413132098013065,74.01699605667034,77.43743685657023,0.0,79.16376772850953,0.0,62.88227466295321,0.0,0.0,0.0,64.29627504892377,60.36951996341808,37.96055560981543,0.0,0.0,0.0,0.0,0.0,0.0,0.0,0.0,0.0,0.0,65.99125132431504,68.58458678569868,74.12341725633631,74.72426395580189,81.04379533469341,71.58775839990116,47.98734710430169,52.0568209135137,16.204050463332475,71.6127732825389,56.07555824707377,74.07844726659718,61.15294823415185,75.29852970217554,73.09729575495538,65.67708320113135,75.89528325624784,61.76749028065331,63.85878139525847,144.7164401924095,67.29566249037578,48.57925493789375,83.56112354162005,71.37048317543915,76.41706688024729,85.02414603227137,76.03657840227652,331.9431048143198,95.31114354069103,82.39253207816688,3738.466275497956,16.185230713158905,31.644380014162547,67.51272585003132,0.0,0.0,15.847646990699117,0.0,0.0,2.775063759874358,51.07166706749397,50.347134011853754,65.23180060525891,28.818246648631966,50.16027687095423,70.34654278776276,71.03289086255438,63.65414949136039,87.16840465161735,63.64298593438677,100.2104773434036,32.43723138724688,37.12083739419783,0.0,32.88681014158407,71.95835282184537,40.80167980038217,0.0,0.0,0.0,0.0,0.0
189,68.29159124557683,72.57622762640814,74.72257037277075,72.48323017155744,81.17956512330693,74.94300523659803,97.72974850328708,224.46506790873855,68.10919917252134,73.3058352189957,76.2516060806977,74.87375812311825,78.147409174818,78.84799764599393,73.59354914888172,72.88483910335853,72.2091984387867,89.36466324784931,64.59074862799241,138.6815879032497,69.8367333985761,0.0,84.96059278826351,74.01319995162936,71.21261699632697,81.35325499536705,76.87531729173713,323.93677390879816,85.93488426414208,81.73373435960052,1544.7573323418737,0.0,56.34684890269026,36.12580889872577,0.0,0.0,0.0,0.0,0.0,48.97890713858488,73.83289678506344,77.07826065052359,0.0,78.49954978146911,0.0,57.46142140045324,0.0,0.0,0.0,64.12640498831391,61.624255239763876,38.2645623465234,0.0,0.0,0.0,0.0,0.0,0.0,0.0,0.0,0.0,0.0,0.0,0.0,0.0,0.0,80.2750825926477,0.0,0.0,0.0,0.0,0.0,0.0,0.0,0.0,0.0,0.0,0.0,0.0,0.0,0.0,0.0,0.0,0.0,71.31871151084995,0.0,45.06496502281406,80.68162781757415,2.6149007778168984,295.57876531142745,89.92370679080075,77.77659687360838,1503.1424270145592,0.0,0.0,0.0,0.0,0.0,0.0,0.0,0.0,0.0,0.0,0.0,0.0,0.0,0.0,0.0,0.0,0.0,0.0,0.0,0.0,0.0,0.0,0.0,0.0,0.0,15.88905529091416,0.0,0.0,0.0,0.0,0.0
190,0.0,72.66085279203516,74.71584533165299,72.74407136001227,81.16841981001244,74.65638518425877,101.75295712665644,216.76219306091582,68.75693586024224,73.7931314170801,76.30924863331678,75.24715492248646,77.71246081751215,78.62164482071066,73.71688461036285,72.83918398431233,72.7320249874861,84.40002956179171,64.5674515415422,124.6005644408541,68.71013595227815,0.0,84.80878208770548,74.42507881192739,72.03806459854434,80.85610894533346,77.85448622138347,176.67165162382048,85.81912234621547,81.87365096541477,155.27731417773794,0.0,56.3562220275024,36.123798878616306,0.0,0.0,0.0,0.0,0.0,50.82142465356332,74.2062736800051,77.06454562330123,0.0,78.16605555656508,0.0,0.0,0.0,0.0,0.0,64.24876977181704,69.33966311733874,39.87568199313176,0.0,0.0,0.0,0.0,0.0,0.0,0.0,0.0,0.0,0.0,0.0,0.0,0.0,0.0,0.0,0.0,0.0,0.0,0.0,0.0,0.0,0.0,0.0,0.0,0.0,0.0,0.0,0.0,0.0,0.0,0.0,0.0,0.0,0.0,0.0,0.0,0.0,0.0,79.89583332630434,0.0,153.55123880628696,0.0,0.0,0.0,0.0,0.0,0.0,0.0,0.0,0.0,0.0,0.0,0.0,0.0,0.0,0.0,0.0,0.0,0.0,0.0,0.0,0.0,0.0,0.0,0.0,0.0,0.0,0.0,0.0,0.0,0.0,0.0
191,0.0,72.82304477817902,74.66646337222471,72.99377705189802,81.11152088245888,74.16097377209674,126.54075471031945,206.72148602328377,69.25337562341171,74.2819890475559,76.50242400919893,75.61898385080212,77.5144925979987,79.04946232279997,73.79429728537445,72.87635542340621,73.67166170077199,86.76095474858414,64.63451434727574,132.27213841061314,68.15658970815619,74.36530604099545,84.1820463394427,75.08035667939339,76.84053756862141,80.67426649359177,80.07169733322428,176.48343279680034,85.72010640124606,81.82515756802822,95.25819213101272,0.0,51.23905236778648,36.136351724316384,0.0,0.0,0.0,0.0,0.0,51.00998294749465,74.64531648257378,77.26161400583464,0.0,78.05266284792367,0.0,0.0,0.0,0.0,0.0,64.38603927835551,77.55067583116923,39.73443647548555,0.0,0.0,0.0,0.0,0.0,0.0,0.0,0.0,0.0,0.0,0.0,0.0,0.0,0.0,0.0,0.0,0.0,0.0,0.0,0.0,0.0,0.0,0.0,0.0,0.0,0.0,0.0,0.0,0.0,0.0,0.0,0.0,0.0,0.0,0.0,0.0,0.0,0.0,0.0,0.0,93.87544341656628,0.0,0.0,0.0,0.0,0.0,0.0,0.0,0.0,0.0,0.0,0.0,0.0,0.0,0.0,0.0,0.0,0.0,0.0,0.0,0.0,0.0,0.0,0.0,0.0,0.0,0.0,0.0,0.0,0.0,0.0,0.0
192,0.0,72.94412697112129,74.66715628083165,73.75480763559582,81.00778534557662,73.97759653624192,149.5932366618149,170.11723806618306,68.99528810024869,73.93405757688498,76.28510864483573,75.56121558995699,76.71535047721001,78.92860656630774,73.7428960130444,72.4416084708146,73.89702730784808,89.46011513850038,64.54293684316781,138.6335655723343,67.18360946966051,78.28023930788852,83.69888595371577,75.43074042872888,76.8185711571796,80.50986852679642,81.3232222964615,177.37982751407344,86.0579177134384,81.62331903456277,93.08481708650618,0.0,44.136038106409714,24.9613052604582,0.0,0.0,0.0,0.0,0.0,50.891281603306304,74.26067726970587,77.01246360574032,0.0,77.480265671511,0.0,0.0,0.0,0.0,0.0,64.31452275875849,80.44091377126244,39.521951189947075,0.0,0.0,0.0,0.0,0.0,0.0,0.0,0.0,0.0,0.0,0.0,0.0,0.0,0.0,0.0,0.0,0.0,0.0,0.0,0.0,0.0,0.0,0.0,0.0,0.0,0.0,0.0,0.0,0.0,0.0,0.0,0.0,0.0,0.0,0.0,0.0,0.0,0.0,0.0,0.0,89.4791193281943,0.0,0.0,0.0,0.0,0.0,0.0,0.0,0.0,0.0,0.0,0.0,0.0,0.0,0.0,0.0,0.0,0.0,0.0,0.0,0.0,0.0,0.0,0.0,0.0,0.0,0.0,0.0,0.0,0.0,0.0,0.0
193,0.0,13.240448192101795,13.50112854971286,0.0,14.263322871386208,14.65876483535311,101.33700709205584,54.13438575131835,12.936465332228032,13.220147725572673,13.493600947343865,13.310288015418337,13.287953792112006,13.391738010771093,13.236337699652267,13.210269199539493,13.25317663559189,13.349621326437244,12.534574956315936,12.890785820406592,36.32345679841009,13.980556688196089,14.450596581539799,13.568719605615343,13.489172046469378,14.799928545031094,0.0,14.39404000267075,13.993877448798653,14.50226828971779,14.254786295282429,0.0,12.79223803573637,12.817740732529614,0.0,0.0,13.300325881558495,0.0,0.0,12.1442280554461,13.25528856791891,13.578368649064032,0.0,13.256734517671731,0.0,12.688364257628038,0.0,0.0,0.0,12.499044502962242,10.684127406511742,23.928890083945014,0.0,0.0,0.0,0.0,0.0,0.0,0.0,0.0,0.0,0.0,0.0,0.0,0.0,0.0,0.0,0.0,0.0,0.0,0.0,0.0,0.0,0.0,0.0,0.0,0.0,0.0,0.0,0.0,0.0,0.0,0.0,0.0,0.0,0.0,0.0,0.0,0.0,0.0,0.0,0.0,0.0,0.0,0.0,0.0,0.0,0.0,0.0,0.0,0.0,0.0,0.0,0.0,0.0,0.0,0.0,0.0,0.0,0.0,0.0,0.0,0.0,0.0,0.0,0.0,0.0,0.0,0.0,0.0,0.0,0.0,0.0,0.0
194,0.0,13.240737833410066,13.49163149185273,0.0,14.268561254482393,14.686885549309636,100.94744246113407,84.02181093914152,12.914852361334717,13.219724696948987,13.505469020603122,13.312011219937858,13.28913399771281,13.41134897341334,13.23774194408145,13.199916899068409,13.281808422389574,13.351690736193689,12.558832575557233,12.934188109763767,36.32619615551569,14.075661164131503,14.465623779614134,13.604212658364645,13.476121470560543,14.79316170255629,0.0,14.399246584602565,13.959504507074394,14.497028243859233,14.242476809336324,0.0,12.816390736470783,12.84033008734764,0.0,0.0,12.760901473588104,0.0,0.0,11.92544360417902,13.260638459392737,13.592332805203,0.0,0.0,0.0,12.771394710718365,0.0,0.0,0.0,0.0,0.0,22.026407529217995,0.0,0.0,0.0,0.0,0.0,0.0,0.0,0.0,0.0,0.0,0.0,0.0,0.0,0.0,0.0,0.0,0.0,0.0,0.0,0.0,0.0,0.0,0.0,0.0,0.0,0.0,0.0,0.0,0.0,0.0,0.0,0.0,0.0,0.0,0.0,0.0,0.0,0.0,0.0,0.0,0.0,0.0,0.0,0.0,0.0,0.0,0.0,0.0,0.0,0.0,0.0,0.0,0.0,0.0,0.0,0.0,0.0,0.0,0.0,0.0,0.0,0.0,0.0,0.0,0.0,0.0,0.0,0.0,0.0,0.0,0.0,0.0
195,0.0,13.22608568268624,13.488894180280653,0.0,14.268589476500892,14.72416532665477,100.93516980728623,88.09502372217537,12.891754417799884,13.224469192184785,13.520674586602333,13.316601958610619,13.303432792074688,13.449833994076954,13.237629451822386,13.184586767371886,13.277647214656296,13.355279129893205,12.56812296815113,12.922814009268535,36.750219400639494,14.111462544285303,14.41196921608423,13.578669546646438,13.485771648511502,14.780982134155352,13.687332454752621,14.40908040004274,13.903884409974365,14.486655990261,14.234370859966816,0.0,12.791912657680538,12.840202414146573,0.0,0.0,11.902017182378128,0.0,0.0,11.636946570991999,13.271610999019856,13.606356931447294,0.0,0.0,0.0,12.83083818683095,0.0,0.0,0.0,0.0,0.0,19.912636303314176,0.0,0.0,0.0,0.0,0.0,0.0,0.0,0.0,0.0,0.0,0.0,0.0,0.0,0.0,0.0,0.0,0.0,0.0,0.0,0.0,0.0,0.0,0.0,0.0,0.0,0.0,0.0,0.0,0.0,0.0,0.0,0.0,0.0,0.0,0.0,0.0,0.0,0.0,0.0,0.0,0.0,0.0,0.0,0.0,0.0,0.0,0.0,0.0,0.0,0.0,0.0,0.0,0.0,0.0,0.0,0.0,0.0,0.0,0.0,0.0,0.0,0.0,0.0,0.0,0.0,0.0,0.0,0.0,0.0,0.0,0.0,0.0
196,0.0,13.215145288202557,13.48971072584959,0.0,14.268488578608185,14.876132294332933,101.15851738579806,91.23097072956199,12.85933474087475,13.235887503521226,13.540832218189358,13.323091447073665,13.32769898035302,13.486466183842083,13.23593839699555,13.146084025648985,13.278124916475287,13.338134827986181,12.571456924595381,12.92211927646747,36.951021095759984,14.114963899977795,14.368472407738864,13.570723215785563,13.491426790075423,14.767795660375782,13.711215792213238,14.411804035560749,13.961143887317839,14.480227195768691,14.21562994901393,0.0,12.74081451836423,12.817310849495833,0.0,0.0,11.487585939177759,0.0,0.0,10.590944940032182,13.291800102592788,13.624055845298244,0.0,0.0,0.0,12.956658702190872,0.0,0.0,0.0,0.0,0.0,14.3640112147729,0.0,0.0,0.0,0.0,0.0,0.0,0.0,0.0,0.0,0.0,0.0,0.0,0.0,0.0,0.0,0.0,0.0,0.0,0.0,0.0,0.0,0.0,0.0,0.0,0.0,0.0,0.0,0.0,0.0,0.0,0.0,0.0,0.0,0.0,0.0,0.0,0.0,0.0,0.0,0.0,0.0,0.0,0.0,0.0,0.0,0.0,0.0,0.0,0.0,0.0,0.0,0.0,0.0,0.0,0.0,0.0,0.0,0.0,0.0,0.0,0.0,0.0,0.0,0.0,0.0,0.0,0.0,0.0,0.0,0.0,0.0,0.0
197,0.0,13.206090566426631,13.49019251798822,0.0,14.267513602860049,14.693469643297874,99.5084146434948,91.41887089275968,12.831317848244261,13.250037982952989,13.55434059925642,13.325054792282742,13.341071157892515,13.495148873481355,13.234774480650913,13.155650858104995,13.30162840162874,13.340084582146972,12.564782132722385,12.931095552605854,37.019581530907786,14.119972991174734,14.361955619822453,13.542001265037129,13.484779739286523,14.763467239482964,13.70217142076946,14.698738491006225,14.086159148158028,14.476104488245767,14.233142461979043,0.0,12.695444047404747,12.764506222779303,0.0,0.0,11.656917110064418,0.0,0.0,0.0,13.312752553090945,13.636070738400008,0.0,0.0,0.0,12.998549288723126,0.0,0.0,0.0,0.0,0.0,0.0,0.0,0.0,0.0,0.0,0.0,0.0,0.0,0.0,0.0,0.0,0.0,0.0,0.0,0.0,0.0,0.0,0.0,0.0,0.0,0.0,0.0,0.0,0.0,0.0,0.0,0.0,0.0,0.0,0.0,0.0,0.0,0.0,0.0,0.0,0.0,0.0,0.0,0.0,0.0,0.0,0.0,0.0,0.0,0.0,0.0,0.0,0.0,0.0,0.0,0.0,0.0,0.0,0.0,0.0,0.0,0.0,0.0,0.0,0.0,0.0,0.0,0.0,0.0,0.0,0.0,0.0,0.0,0.0,0.0,0.0,0.0,0.0
198,0.0,13.192080117837346,13.48925332978368,0.48830021762323933,14.26434069253446,15.282149783033105,99.14137117112887,91.25657284385369,12.835052039117,13.262788442107265,13.557394575286708,13.323160629621356,13.343979447963505,13.442703648127718,13.234703405743176,13.166674556640112,13.290843646051487,13.306358958859121,12.540586694218092,12.931877105785361,37.2063897666699,14.156702905616214,14.392808081161945,13.552869353993913,13.476024859116364,14.752758083453443,13.708557616388006,14.958013530190328,14.156321524895432,14.521707907768189,14.22733598707282,0.0,12.676144908796704,12.731616232619785,0.0,0.0,0.9754956515870941,0.0,0.0,0.0,13.333712121877284,13.636208573217345,0.0,0.0,0.0,13.018762522897243,0.0,0.0,0.0,0.0,0.0,0.0,0.0,0.0,0.0,0.0,0.0,0.0,0.0,0.0,0.0,0.0,0.0,0.0,0.0,0.0,0.0,0.0,0.0,0.0,0.0,0.0,0.0,0.0,0.0,0.0,0.0,0.0,0.0,0.0,0.0,0.0,0.0,0.0,0.0,0.0,0.0,0.0,0.0,0.0,0.0,0.0,0.0,0.0,0.0,0.0,0.0,0.0,0.0,0.0,0.0,0.0,0.0,0.0,0.0,0.0,0.0,0.0,0.0,0.0,0.0,0.0,0.0,0.0,0.0,0.0,0.0,0.0,0.0,0.0,0.0,0.0,0.0,0.0
199,0.0,13.156776951487092,13.49364637874828,5.859827603737039,14.262586385626719,16.791348501030257,99.48823871226864,91.19135899689468,12.814421025355072,13.242290611787055,13.525336466164717,13.315720411320342,13.313216431622976,13.391528659919771,13.230648857671667,13.120896785622005,13.258767570920593,13.288529577987873,12.525778243475116,12.920133908554732,37.32061651914087,14.113800664560472,14.342283098940811,13.533984508775632,13.456035278586853,14.737989661092854,13.675396408341811,14.81447796030011,14.175265467005094,14.473232502879796,14.232715675387198,0.0,12.570234778448985,12.651782382433085,0.0,0.0,8.24530249353126,0.0,0.0,0.0,13.309463555117418,13.601703192620107,0.0,0.0,0.0,12.922612637502716,0.0,0.0,0.0,0.0,0.0,0.0,0.0,0.0,0.0,0.0,0.0,0.0,0.0,0.0,0.0,0.0,0.0,0.0,0.0,0.0,14.051390940257535,16.287675456940654,45.962678419666375,70.77734534381486,11.77340500732578,0.0,0.0,0.0,0.0,0.0,11.694811154408665,0.0,0.0,0.0,0.0,0.0,0.0,0.0,0.0,0.0,0.0,0.0,0.0,0.0,0.0,0.0,0.0,0.0,0.0,0.0,0.0,0.0,9.901729876658608,0.0,0.0,6.333028584571616,0.0,0.0,0.0,0.0,0.0,0.0,0.0,0.0,0.0,0.0,0.0,0.0,0.0,0.0,0.0,0.0,0.0,0.0,0.0,0.0,0.0,0.0
200,0.0,13.15618016800002,13.504036313413792,9.876560701329765,14.263346186211834,18.92340462939046,99.52188954648022,91.91926881238999,12.811612998864852,13.253847301063715,13.534505936627639,13.324779362413608,13.336355782914922,13.397592178435502,13.233688844053404,13.144716959613723,13.262995827825419,13.279837000371941,12.532741248383772,12.939946462164897,38.39492168536296,14.114217778768534,14.32912679756626,13.530354455888016,13.458134151502321,14.728800305856993,13.64955750944885,14.834065896025095,14.164097736196535,14.48141222553545,14.239410844130163,0.0,12.44075620903004,12.578498989371273,0.0,0.0,13.589301750808323,0.0,0.0,0.0,13.320636524909446,13.61008152167642,0.0,0.0,0.0,12.879853297929511,0.0,0.0,0.0,0.0,0.0,0.0,0.0,0.0,0.0,0.0,0.0,0.0,0.0,0.0,0.0,0.0,13.120628258140643,13.180229426041912,13.497972908503186,13.53546647877657,14.257089720437932,18.82569651325916,84.85736315434411,87.63128840401447,13.208450880750178,13.25505770999591,13.506243456401279,13.304351713072649,13.210283889938168,13.331507448576918,13.216296406399763,12.8978898750457,13.360073890082091,11.71954778405948,12.547833444982004,12.896854802237456,36.90658501127619,2.168510548989111,0.0,10.351010697144837,0.0,0.0,13.657669040750609,0.0,0.0,14.242199235711128,0.0,11.286442045721824,12.430440104281432,13.338611446769733,0.0,0.0,16.035377385571884,0.0,0.0,12.81139644041912,13.217996099238682,13.483140789571024,13.184276900672476,13.103158664085512,13.078995910345558,13.142759706957552,13.144316841837478,12.99685348942814,12.7777733660564,12.506437431112793,6.654658693558607,27.954631568988336,1.338018210908632,0.0,0.0,0.0,0.0,0.0,0.0,0.0,0.0,0.0
201,0.0,13.418367382413532,13.782478538246323,10.89950592464871,14.496751405928876,26.75597634714677,99.89508789875856,93.77984313904619,12.93029099551618,13.488016430105887,13.687816645099105,13.501004489969048,13.491617313100335,13.540915056161396,13.663904047291453,13.311879219663592,13.326395036184158,13.388977843098893,12.56520533431349,13.095765776402146,45.65845936447133,14.253190228082246,14.468609684758604,13.567873575894396,13.475768177798386,14.761272908671685,13.800029568211247,15.074171852035079,14.308392006726622,14.717468219416219,14.33536430494442,0.0,12.58297467133984,12.79013945288865,0.0,0.0,18.756158040635405,0.0,0.0,0.0,13.555412940320366,13.764650954399826,0.0,0.0,0.0,13.260089098081796,0.0,0.0,0.0,0.0,0.0,0.0,0.0,0.0,0.0,0.0,0.0,0.0,0.0,0.0,0.0,0.0,13.393459228654425,13.535235705687043,13.785610183724373,13.813662796625437,14.523158223795463,26.72721985367943,95.00726701806062,91.79102942234519,13.30625697079002,13.519583177398431,13.704749481785683,13.513261865927717,13.464203370679328,13.526000390250204,13.684222280502922,13.30133556830626,13.479659367316543,13.041760274538683,12.61231688759068,13.102800926226621,44.923935900188724,12.575439070146146,14.419542990911083,13.456395996168435,13.442463300769703,14.67095107811911,13.896290472152018,14.963003306612599,14.451650173310071,14.684764710974463,0.0,11.898047415386886,13.269609710910402,13.57955503717223,0.0,0.0,26.319156929619723,0.0,0.0,12.772931727557946,13.454512229908566,13.689325705951383,13.432922290981253,13.4137518929891,13.361033205127715,13.634893936976589,13.3936005823303,13.281403408617054,13.234227914723284,12.5897764628089,12.790124423459726,36.913952974364754,11.614992234787055,0.0,11.204958209943063,13.298235136139148,8.562076897357162,0.0,0.0,0.0,0.0,0.0
202,0.0,24.875630119795655,25.678499846740976,19.805315561357588,26.78313804595689,27.58618770788246,99.72266321109657,94.15017183221153,22.735940302392123,24.74591162300044,24.782150349791365,24.982212094409206,24.470677513178885,24.63727457432796,25.759209036436914,24.11214203501566,24.100520545631387,24.060386313862203,12.652065720335948,13.460118185868453,139.0090156017969,24.698341055994888,24.153895905239864,13.703040463532545,13.47327942943366,26.50592096207305,24.52099588740264,30.778057466079645,25.87253383506272,30.659049523151793,25.77219086616722,0.0,21.0439633305097,22.13265173005749,0.0,0.0,22.085915503914837,0.0,0.0,0.0,24.84789620501715,24.91486102614715,0.0,0.0,0.0,24.16394001891331,0.0,0.0,0.0,0.0,0.0,0.0,0.0,0.0,0.0,0.0,0.0,0.0,0.0,0.0,0.0,0.0,24.716952643343504,25.225648802797096,25.708476165462457,25.34350318822476,26.71095143446678,27.59027109671308,96.50572807157332,92.79359544374,24.093799093612756,24.824533921524505,24.838181422312644,25.055667698680395,24.449026882850333,24.654701048191896,25.812808386262986,24.227508468214864,24.747770146653636,23.58002727225328,12.726644683027644,13.487259046378597,136.73587703735367,21.389661981831313,24.156451750323882,13.652557785712283,13.485569605096615,26.586366277040696,24.97784759286148,30.619277507826226,26.48341873917559,30.659778091042256,25.582162954752796,21.376656185316868,24.584923575585282,25.272691759765653,0.0,0.0,27.284479501370917,0.0,0.0,23.084738314860243,24.695494144062025,24.77672900541794,24.949219948211088,24.346770677680762,24.432568359196605,25.738767137680085,24.42544637417221,24.53626695061706,23.872349377425994,12.704618335124707,13.380593964672949,110.58284584834787,19.458361460076414,0.0,12.572490658682433,13.398421188899778,21.95966989913556,0.0,0.0,0.0,0.0,0.0
203,0.0,25.155550558467965,26.132097179868197,25.31322949674264,26.775928673380633,27.730598391443095,100.02205051986834,94.85421383033099,22.492838342893894,24.837942989215378,25.139073098443987,25.290490631924456,24.91711553981446,25.229595748342604,25.80732758768889,25.028014712258575,25.08553420663473,24.68785242006355,16.179263561876045,17.26100649669604,152.5851336604127,25.423793735342315,25.017908780959885,17.58046851099948,13.723407850102731,29.7510049795342,25.734419981935375,32.36863021601266,28.50886217876125,30.9215476730742,26.71517204472096,0.0,20.042520968329132,22.098449437756155,0.0,0.0,24.25806631402505,0.0,0.0,0.0,24.917021895006997,25.27938112314132,0.0,0.0,0.0,23.991683692386356,0.0,0.0,0.0,0.0,0.0,0.0,0.0,0.0,0.0,0.0,0.0,0.0,0.0,0.0,0.0,0.0,24.937855586198765,25.506762956943874,26.168541162263637,26.063517878078812,26.455011048426513,27.756619693271034,97.54292775196794,93.79279531525864,24.29333008053902,24.909795600393636,25.216458899041783,25.374030869869557,24.909941524860812,25.275139837226845,25.877294135483453,25.155658221866606,25.640792494712628,24.498144676387,16.298569049979506,17.307237898052108,151.2181072197638,23.35768479654865,25.046821490704474,17.55438184199498,13.754280729703083,29.977564867735396,25.8736760460323,32.305304183907424,29.42644300618724,30.932010343526883,26.669044134180808,23.443982414027566,25.001616269825444,25.836597831349284,0.0,0.0,27.50470326425125,0.0,0.0,23.65304337345031,24.79622892067823,25.160337333653082,25.29964731416179,24.836463365318195,25.122420700999015,25.815863726375454,25.29077853021988,25.475533401489336,24.686183944587548,16.27483564722354,17.18236849154975,130.78144089504852,22.12695194796138,0.0,16.697189219675334,13.69066973376798,26.557406516891756,0.0,0.0,0.0,0.0,0.0
204,0.0,25.273819443436096,26.160875215836654,25.75305768544056,26.780482761857627,27.212624544965536,100.07736762612751,96.03791627112912,22.524224718134477,24.919122478340938,25.271252561228863,25.380116125186092,24.96731318611367,25.390161472575556,26.098031367730812,25.231510822302017,25.245044231458014,24.78813251498213,16.38083913100541,17.4608319580436,153.57597198304518,25.613294967193667,25.31308820271505,17.703373871427175,14.254561018834266,41.6975679766356,26.165501716238992,52.479887797062474,29.029653061105385,31.160293455343435,0.0,0.0,18.364268778647567,20.452361961175473,0.0,0.0,24.27963469846911,0.0,0.0,0.0,24.97434741027149,25.40829114964538,0.0,0.0,0.0,24.483774765201417,0.0,0.0,0.0,0.0,0.0,0.0,0.0,0.0,0.0,0.0,0.0,0.0,0.0,0.0,0.0,0.0,24.99866166764697,25.586885021930073,26.196467767846343,26.19736229037528,26.487606190187307,27.26521007710403,97.91077224278143,95.07480436195337,24.42745536733959,24.986207612215594,25.36141162927663,25.4692613928853,24.975926111288516,25.453478740224966,25.997754341062773,25.297109326617218,25.780887962866927,24.698008492397562,16.512208665446337,17.531064761087123,152.35465768000012,24.41812583868952,25.350901050291696,17.69195675477242,14.322357070525982,42.2951386983641,26.261983576659986,52.433732647024556,29.552541599954907,31.194132939290853,27.021522231969186,24.0028592641216,25.15136887066727,25.92436174428636,0.0,0.0,27.043397251755863,0.0,0.0,24.0498487676184,24.91124576406989,25.312992735878836,25.4016393397567,24.916139167075357,25.32895428276749,26.09972969712615,25.402156190516223,25.612425550463946,24.888187085101876,16.499098985747196,17.4308241611576,131.40372754948294,23.723945394681976,0.0,17.025294087011865,14.263528858142305,37.31056888657902,0.0,0.0,0.0,0.0,0.0
205,0.0,25.432032397975313,26.50877317299205,26.443592549841632,27.42886861069138,26.97645451781483,98.89758801374171,96.37206384780939,22.69669603173735,25.424519055267325,25.382734808156115,25.91498879487375,25.05920564123798,25.566135087593977,26.293909982200603,25.344953941830006,25.324589033147717,24.921435932448333,16.230336893846342,17.520660277625666,156.22108807634305,25.700614900816987,25.411264975801373,17.712361507562946,0.0,41.496680996989,26.556786823675793,57.31087407150426,50.18079402393916,54.26616844830079,0.0,0.0,0.0,18.173195552206707,0.0,0.0,24.104299275359704,0.0,0.0,0.0,25.470428613807883,25.521103949103008,0.0,0.0,0.0,25.035378919947615,0.0,0.0,0.0,0.0,0.0,0.0,0.0,0.0,0.0,0.0,0.0,0.0,0.0,0.0,0.0,0.0,24.93485996863498,25.718045416159185,26.540435168158183,26.867604333361328,27.143511574365675,27.047355689873598,96.91480621332983,95.39899255773233,24.749094780100123,25.491650021947976,25.48798564079746,26.017722013250477,25.073879883112937,25.630980806543135,26.193552589973024,25.389485339161855,25.93941166634295,24.888125401788308,16.347396947324455,17.58795112414191,155.52052447748997,24.847168249467977,25.459665779273166,17.70967442466187,14.07332322040844,42.505247990050066,26.64945155309084,57.29470170275874,51.35646021813045,54.31896090335897,27.23152175987309,23.70419483320041,25.26582315326742,26.339888636655928,0.0,0.0,26.83250618179933,0.0,0.0,24.38516690740733,25.421161938114167,25.44179778860034,25.961970708427984,25.018629402230985,25.46663461815335,26.290078815666362,25.487321865591994,25.785677076840763,25.025897365378746,16.32420228143161,17.492951714498606,138.14190682653526,24.36014738587383,0.0,17.15497677820943,14.032946103341715,38.17975480850366,0.0,0.0,0.0,0.0,0.0
206,24.542703665968226,25.618354257847642,27.029141644433707,26.757615873324923,27.639206038479358,26.789071300441947,96.26975753243272,96.47489059442194,22.347645726866013,25.50670328797011,25.378530123839838,25.915701417970283,25.070823518763774,25.71089014947603,26.588179065232254,25.582310725604795,25.514579281585846,25.070589510041152,18.827604268022213,19.90509183197453,177.41564749604066,25.832904058187722,25.554708409757154,20.36214090350086,16.87462576354548,41.575520818728066,26.854331952073096,47.322543475871726,45.09680515595438,45.49328230294236,0.0,0.0,0.0,0.0,0.0,0.0,23.624654643975756,0.0,0.0,0.0,25.550846156036755,25.518486710467414,0.0,0.0,0.0,25.669279358197073,0.0,0.0,0.0,0.0,0.0,0.0,0.0,0.0,0.0,0.0,0.0,0.0,0.0,0.0,0.0,0.0,25.024287257094713,25.86660594084833,27.05798740237242,27.16385634192875,27.355854980839922,26.87375259395708,94.38258094310382,95.48571271150675,24.736477120294253,25.57093928720633,25.482945916078137,26.024911421458796,25.087041624011874,25.780770776123063,26.497605078134256,25.609637084255787,26.118658370521075,25.017979035627302,18.959777933318378,19.977154766706917,176.55342287402397,25.197482952807437,25.595400109498456,20.35321405463897,16.961627548468527,42.82533283641499,26.931461993406458,47.35657786594771,45.868855072029646,45.54121362997421,27.544487237435078,23.888039746210566,25.33711925684767,26.958373277267356,0.0,0.0,26.651190671303393,0.0,0.0,24.335371204437184,25.49918028323006,25.449546655311295,25.956503800358632,25.030083580093176,25.636711227551956,26.602704002385735,25.72051528765229,25.979613056031248,25.156596494005257,18.941164346593098,19.856836137447154,156.83770547685128,24.837660627116897,0.0,19.70361806870258,16.881518727517086,38.69654414939383,0.0,0.0,0.0,0.0,0.0
207,24.65047493719741,25.344222188957488,26.45433064884628,26.16677236124909,27.007145030047752,26.67210547645027,91.48205573402635,96.56797015199459,22.190370414462063,25.13177839255576,25.328155210711856,25.642150574000766,25.137545535855566,25.70635318366854,25.98767097475374,25.583887196213517,25.605040889978614,25.09153254987684,18.13316060197856,19.709350594055763,220.75683065886054,25.79239797181998,25.656322079207428,20.044426686098404,18.927906196205768,43.44480718441179,26.623721934925015,32.627971188759375,31.267922349377475,31.32985665887844,27.444383760521163,0.0,0.0,0.0,0.0,0.0,23.004046545749613,0.0,0.0,0.0,25.174908383036154,25.483869442524565,0.0,25.060640846161775,0.0,25.33081300121287,0.0,0.0,0.0,0.0,0.0,0.0,0.0,0.0,0.0,0.0,0.0,0.0,0.0,0.0,0.0,0.0,24.941124195052566,25.55741668559719,26.477770290171065,26.515662665957507,26.706292920948727,26.758698050258545,89.56882555531065,95.29608821216051,24.519888117960242,25.186804540808794,25.446185294462964,25.755974188655273,25.150895849456845,25.763216165607616,25.902176685917766,25.610330283455163,26.146592829491055,25.003195675858958,18.242050939832666,19.782530641649032,218.71391351456458,25.28995399932832,25.681746688942297,20.03142601257224,18.989563233592577,44.46239224300541,26.68789191099563,32.68575677179797,31.56928365785916,31.372451960152148,27.583310820290308,23.46085281417498,25.026692840214082,26.387378019073537,0.0,0.0,26.47597685761882,0.0,0.0,24.036978359901042,25.109330205840052,25.415479308520617,25.672752783393094,25.084309947627226,25.63037780265809,26.014451849196263,25.69730227851963,26.03554968297317,25.14319382725194,18.225978308869628,19.681544293593145,188.22742869981025,25.006467953767597,0.0,19.43111642210349,18.876693088579533,39.958869709956325,0.0,0.0,0.0,0.0,0.0
208,24.65008707984495,25.312523780876006,26.231179708361196,25.861753905379814,26.77132834563878,26.449577566349802,85.19551880439025,98.20144820267274,22.646135157107004,24.888340255444064,25.172529125212506,25.36529845185065,25.02052246041231,25.56833833789085,25.756933510404423,25.370230453843234,25.326697374107532,24.93942018016959,16.250077021754628,17.489212678384547,159.6394068619844,25.627883448930078,25.593045928147262,17.83911270928229,16.896765300307592,41.768584771978645,26.416664798187384,31.71178370200778,29.876536007579446,30.919942580830195,27.31142175850465,0.0,0.0,0.0,0.0,0.0,22.67397860562856,0.0,0.0,0.0,24.937911393699608,25.32390419639796,0.0,24.967009785767047,0.0,25.186254347079107,0.0,0.0,0.0,0.0,0.0,0.0,0.0,0.0,0.0,0.0,0.0,0.0,0.0,0.0,0.0,0.0,24.89388628910838,25.437637933691803,26.24716698758789,26.172368216741404,26.460541832022955,26.516556354994947,82.96903266338163,96.14105647291282,24.3307974892355,24.94202810295576,25.26375625402011,25.46817908688581,25.017257705675533,25.592992855791863,25.825055201266878,25.319181808730384,25.777837324469033,24.77064958109154,16.322115382507718,17.548659290980595,158.1933877249444,25.01614966131416,25.590319663809424,17.823342585016277,16.951713483752684,42.62976751746805,26.46764706666005,31.751402788600558,30.261485632280483,30.951931556572276,27.41799407888834,22.99285152096192,24.73831763697365,26.15498525201332,0.0,0.0,26.124539816627212,0.0,0.0,23.805696046252265,24.88251733622704,25.204073736711408,25.38753918885739,24.931057988071714,25.439547504497284,25.753471566005715,25.410116169608088,25.651712079254096,24.941718610445474,16.309245905219427,17.461581094389445,138.1124522611411,24.66509742236145,0.0,17.313401809178952,16.873606143807063,38.04868445722093,0.0,0.0,0.0,0.0,0.0
209,24.52242910130287,25.26101642618528,26.167161058211263,25.768785558429652,26.748225132472214,25.958205563469505,43.99010793463276,92.48894018969622,22.907410828017728,24.79325798616827,25.06559946012743,25.235509874301343,24.87174544314641,25.43977568049627,25.682257880486503,25.298592453584234,25.094406666250624,24.908220828592675,16.200771685403126,17.314375476200183,152.4995923488177,25.45886374911177,25.49482822956861,17.684892761081983,16.88492922335527,41.87100455333237,26.170514801403755,28.084864789917674,28.03488543831767,28.144486074957342,27.181099952699128,0.0,0.0,0.0,0.0,0.0,22.488275094097176,0.0,0.0,0.0,24.84682218152301,25.2152726824022,0.0,24.805280219933223,0.0,25.063863402753128,0.0,0.0,0.0,0.0,0.0,0.0,0.0,0.0,0.0,0.0,0.0,0.0,0.0,0.0,0.0,0.0,24.7586365700192,25.28093938822007,26.174205407272666,26.055451446687528,26.727552905072116,26.014115798751902,43.00666955886556,89.65150124382859,24.224377950472054,24.834553813782634,25.121330923230545,25.312745384567847,24.83610986164919,25.43082068039837,25.73435318402062,25.176017775134785,25.51057111963928,24.62098631025489,16.25511115412337,17.360228203003203,150.41603889282663,24.50321216511353,25.46632521630876,17.657748804204232,16.92583234188305,42.39777023165914,26.206510684716022,28.111572520984396,28.40164443526305,28.155970795388896,27.262022496813643,21.76644315116652,24.04435606643185,26.054638992831336,0.0,0.0,25.472357683781198,0.0,0.0,23.60765584203206,24.756681670762504,24.989301753080895,25.21397829310512,24.708297911343102,25.229788670140696,25.654339904853884,25.277069694396026,25.329382262990308,24.808138187323525,16.24309350518871,17.25899539763498,125.01465612433493,23.94145336781789,0.0,17.051737164827497,16.861894918163145,36.25670638672601,0.0,0.0,0.0,0.0,0.0
210,13.736791119459912,13.8367900742562,14.247415718926959,14.100356728605323,14.536985837871441,14.587177146957231,35.05685020692795,79.27434082655793,12.900558868941648,13.477873687094188,13.785238118849463,13.721535429709775,13.64111085558406,13.906196024102258,13.64564496024201,13.837301517035883,13.615349210963412,13.609145577452963,12.582126036138064,13.19226870194612,146.70357310585302,14.25334302793857,14.519374313046285,13.690633093872862,13.48752197793246,41.91380775069575,14.386687093690398,14.79600989758012,14.901639592949323,14.834119595491302,14.869357046610077,0.0,9.95745663618365,0.0,0.0,0.0,13.516304980146,0.0,0.0,0.0,13.512605661482269,13.869853293499546,0.0,13.596855793592155,0.0,13.443669573580674,0.0,0.0,0.0,0.0,0.0,0.0,0.0,0.0,0.0,0.0,0.0,0.0,0.0,0.0,0.0,0.0,13.769132730522493,13.751426417356605,14.238047413371646,14.186994029461886,14.426635277999367,14.598269835992994,33.52924550464942,74.43529009224426,13.350458696127276,13.484006504626223,13.772148504092918,13.737114999365474,13.593843896525293,13.879445669690682,13.667358624530834,13.74665111307749,13.748371809697346,13.434606999101483,12.60621470313339,13.213524844296387,143.89536285435068,13.870144562416197,14.493524904906963,13.651554074460392,13.503211159587636,42.220458419791385,14.396549336066045,14.797786042350936,15.033161397695949,14.824547054672621,14.91476446862805,11.899702223976128,12.62085967854662,14.16320490676437,0.0,0.0,14.122834616706214,0.0,0.0,12.959979966089552,13.419675875341763,13.671289599780367,13.676433056636572,13.52149710206163,13.754613001878857,13.624344011013534,13.781569197469423,13.625188910685093,13.534270343992683,12.59778908651299,13.124777798986242,113.58835739924905,13.664599635849816,0.0,13.112198181076895,13.453836878215775,35.71189076465048,0.0,0.0,0.0,0.0,0.0
211,13.035794893805797,13.217167119900175,13.547942810475888,13.514431643866898,14.250422394425755,14.491452445255959,34.538379094094296,89.11183871137496,12.53864175733757,13.224583837363468,13.531372920414952,13.384993946072399,13.329837761105523,13.542233871874032,13.226238379139943,13.357009056493396,13.208259757951923,13.317902370994616,12.522689163908751,12.911756912258099,81.69487138418319,14.113053937819586,14.525275679275751,13.506739638231124,13.454507279387684,17.705733955214242,13.83202697370578,14.40739877838837,14.287321030615807,14.478062833973127,14.465772157802093,0.0,10.648140003478336,0.0,0.0,0.0,13.560286537736221,0.0,0.0,0.0,13.257381797600942,13.612851563465256,0.0,0.0,0.0,12.910094153717576,0.0,0.0,0.0,0.0,0.0,0.0,0.0,0.0,0.0,0.0,0.0,0.0,0.0,0.0,0.0,0.0,12.91336965549139,12.956755007240028,13.519899538440683,13.582419844766491,14.271804823415835,14.350305608123337,21.547646206907363,16.53095169808436,12.762887495948727,13.171871449151773,13.287707656831959,13.355921523746872,13.162194238860225,13.448326682292233,13.222367471787067,13.062336353558468,13.396320357148994,12.789143717922446,12.52633943723147,12.913301775586916,79.63302325976952,13.170868203449565,14.455142388513309,13.42676336977,13.442317785246516,17.76818195114771,13.811140031943836,14.3844996226008,14.417776909020574,14.449048659123775,14.494104423150134,7.803260085169069,9.809059474941602,13.365417827116088,0.0,0.0,10.40768180251301,0.0,0.0,10.362734176015548,12.801822459795332,13.083060716983507,13.184397213434673,12.835161972422181,13.079200471325548,13.15202607179522,13.24129523845441,13.123338783082472,13.064223032605904,12.515399579798192,12.72339774782516,59.813373250533594,12.624295269471258,0.0,12.266101778257543,13.347531019930692,15.929080011170772,0.0,0.0,0.0,0.0,0.0
212,0.0,13.204036339801384,13.524578494497064,13.510039944524266,14.258319162152588,14.522043900797144,34.974477685612015,115.20402044909872,12.27837949726543,13.225754133895151,13.504973821081734,13.357619869264425,13.287999628762037,13.491947355809941,13.219977446318865,13.292724701594594,13.204750539007936,13.29218017004763,12.495669060538006,12.861751763221463,39.36707840052023,14.083397303689793,14.538518159042724,13.443647506981904,13.425409177976633,14.970463147392365,13.819043385204566,14.363153831546072,14.089259292975775,14.448224988154124,14.382026024733818,0.0,11.36687450900474,0.0,0.0,0.0,13.767670860559079,0.0,0.0,0.0,13.256430322407198,13.583814976300346,0.0,0.0,0.0,12.772670540167564,0.0,0.0,0.0,0.0,0.0,0.0,0.0,0.0,0.0,0.0,0.0,0.0,0.0,0.0,0.0,0.0,0.0,0.0,0.0,0.0,14.220631670905703,0.0,0.0,0.0,0.0,0.0,0.0,0.0,0.0,0.0,0.0,0.0,0.0,0.0,0.0,12.351158388311244,5.846134647529734,0.0,14.257962977737847,12.910894565997866,13.304831662070526,14.946354565005038,6.139559322792395,14.29207740385774,14.276926279601199,14.262476798929224,14.389275420313652,0.0,0.0,0.0,0.0,0.0,0.0,0.0,0.0,0.0,0.0,0.0,0.0,0.0,0.0,0.0,0.0,0.0,0.0,0.0,9.21169214031798,0.0,0.0,0.0,5.220014438076707,12.759856951406523,11.959498301457803,0.0,0.0,0.0,0.0,0.0
213,0.0,13.205533292826033,13.521961069869803,13.545301784694264,14.270441672465495,14.561770576722921,35.05289808747847,91.6190538360695,12.133885010002704,13.22536287878151,13.504983446440022,13.34799701307432,13.283217971871153,13.511652483522596,13.224576575360913,13.265713444497784,13.250495490692238,13.328075525294025,12.51524779554991,12.863337770454564,37.91230812944946,14.108422220882488,14.543823476856232,13.452394715002924,13.487220713180648,14.816161657478233,13.85519464430729,14.40835325067269,13.583314382789148,14.435000191443947,14.33093717067635,0.0,11.808356937554414,0.0,0.0,0.0,13.956653192096658,0.0,0.0,0.0,13.254312919187328,13.583579724866013,0.0,0.0,0.0,12.734645575971593,0.0,0.0,0.0,0.0,0.0,0.0,0.0,0.0,0.0,0.0,0.0,0.0,0.0,0.0,0.0,0.0,0.0,0.0,0.0,0.0,0.0,0.0,0.0,0.0,0.0,0.0,0.0,0.0,0.0,0.0,0.0,0.0,0.0,0.0,0.0,0.0,0.0,0.0,0.0,0.0,0.0,14.431731243828017,0.0,0.0,13.89323809228693,0.0,14.32939083021978,0.0,0.0,0.0,0.0,0.0,0.0,0.0,0.0,0.0,0.0,0.0,0.0,0.0,0.0,0.0,0.0,0.0,0.0,0.0,0.0,0.0,0.0,0.0,0.0,0.0,0.0,0.0,0.0,0.0,0.0,0.0
214,0.0,13.210307065365079,13.518847130939093,13.61275571014886,14.275876934107146,14.587566307952216,35.091363817571164,91.93720322340937,11.858786492777066,13.226624108490626,13.49839343639303,13.346118465364043,13.279079590702736,13.545674987206269,13.227310838907158,13.245009883447345,13.27487281440276,13.402660121961674,12.521638812305724,12.867797022433791,37.44953977756893,14.162166717532898,14.545698886678338,13.45847058009042,13.499490416762683,14.796044356756965,13.941607015929947,14.708852480623591,13.59012216045713,14.435430654312853,14.416013425432084,0.0,12.066781631005579,0.0,0.0,0.0,13.991947230668323,0.0,0.0,0.0,13.256234315598192,13.584112623362898,0.0,0.0,0.0,0.0,0.0,0.0,0.0,0.0,0.0,0.0,0.0,0.0,0.0,0.0,0.0,0.0,0.0,0.0,0.0,0.0,0.0,0.0,0.0,0.0,0.0,0.0,0.0,0.0,0.0,0.0,0.0,0.0,0.0,0.0,0.0,0.0,0.0,0.0,0.0,0.0,0.0,0.0,0.0,0.0,0.0,0.0,0.0,0.0,0.0,0.0,14.385528799262914,0.0,0.0,0.0,0.0,0.0,0.0,0.0,0.0,0.0,0.0,0.0,0.0,0.0,0.0,0.0,0.0,0.0,0.0,0.0,0.0,0.0,0.0,0.0,0.0,0.0,0.0,0.0,0.0,0.0,0.0,0.0
215,0.0,13.21829461671431,13.51593478148061,13.66045283505013,14.286570572124901,14.605680296661205,36.23221081085859,91.62231963222212,11.739572109699767,13.229038212394073,13.51361768684356,13.346549242207573,13.30389036076518,13.64327877574567,13.23013499522574,13.243103180715643,13.308972787594131,13.437596927261097,12.524763996989208,12.859918475619736,37.23765947837876,14.225625407124909,14.552063021227468,13.465415846752649,13.509785440163569,14.78065236279491,14.0046476028175,15.035831244460951,13.778098396007854,14.453116132479238,15.184962777595956,0.0,12.200531765199363,0.0,0.0,0.0,13.960120229380701,0.0,0.0,0.0,13.260337862782023,13.604475157308116,0.0,0.0,0.0,0.0,0.0,0.0,0.0,0.0,0.0,0.0,0.0,0.0,0.0,0.0,0.0,0.0,0.0,0.0,0.0,0.0,0.0,0.0,0.0,0.0,0.0,0.0,0.0,0.0,0.0,0.0,0.0,0.0,0.0,0.0,0.0,0.0,0.0,0.0,0.0,0.0,0.0,0.0,0.0,0.0,0.0,0.0,0.0,0.0,0.0,0.0,15.015341713631614,0.0,0.0,0.0,0.0,0.0,0.0,0.0,0.0,0.0,0.0,0.0,0.0,0.0,0.0,0.0,0.0,0.0,0.0,0.0,0.0,0.0,0.0,0.0,0.0,0.0,0.0,0.0,0.0,0.0,0.0,0.0
216,0.0,13.220164886932118,13.513857897223147,13.668685682987292,14.289796958706802,14.626647417181005,88.84603652888501,144.3928473742062,11.73493148892385,13.22776901520939,13.50153343017002,13.345040244868045,13.289400522626948,13.639537771055643,13.227575726979524,13.215213113430213,13.30243922217722,13.41821945892896,12.524447905430947,12.850969775680454,37.08441934790585,14.269379061410348,14.555728758310238,13.476807834770455,13.51620330999026,14.759601168819358,14.008873722950455,15.469004785131801,13.697004529012846,14.47561076961179,15.404609259576318,0.0,12.271872622554248,0.0,0.0,0.0,13.800130073687134,0.0,0.0,0.0,13.261807975972317,13.597271435983771,0.0,0.0,0.0,0.0,0.0,0.0,0.0,0.0,0.0,0.0,0.0,0.0,0.0,0.0,0.0,0.0,0.0,0.0,0.0,0.0,0.0,0.0,0.0,0.0,0.0,0.0,0.0,0.0,0.0,0.0,0.0,0.0,0.0,0.0,0.0,0.0,0.0,0.0,0.0,0.0,0.0,0.0,0.0,0.0,0.0,0.0,0.0,0.0,0.0,0.0,0.0,0.0,0.0,0.0,0.0,0.0,0.0,0.0,0.0,0.0,0.0,0.0,0.0,0.0,0.0,0.0,0.0,0.0,0.0,0.0,0.0,0.0,0.0,0.0,0.0,0.0,0.0,0.0,0.0,0.0,0.0,0.0
217,31.891749550177593,32.73920149018483,33.71070803434861,34.240457781279154,36.337225403769935,37.527353250169426,38.68396266741314,38.91975445343121,27.999069867625515,30.62669503498583,32.99521005376782,33.22484224895206,33.90699227418459,35.30819080945946,32.62044454343993,32.41648558607313,32.666654718602416,36.76491747233257,14.135507343461029,19.095813780332094,85.14835838503032,35.78596966274716,35.54524956924254,19.133598368895832,18.930652681994786,30.913169187122058,35.15926844932693,40.67558120411263,37.16723800510336,35.59684653534134,225.3378903800467,0.0,26.572208044281037,28.997611810491403,0.0,0.0,33.81445765036178,0.0,0.0,18.026510096600646,30.835447329408794,33.1566749840988,0.0,34.01007337604511,0.0,29.388859125587974,0.0,0.0,0.0,14.179350477821373,18.18167591248582,16.834609398206496,0.0,0.0,0.0,0.0,0.0,0.0,0.0,0.0,0.0,0.0,0.0,0.0,0.0,0.0,0.0,0.0,0.0,0.0,0.0,0.0,0.0,0.0,0.0,0.0,0.0,0.0,0.0,0.0,0.0,0.0,0.0,0.0,0.0,0.0,0.0,0.0,0.0,0.0,0.0,0.0,0.0,0.0,0.0,0.0,0.0,0.0,0.0,0.0,0.0,0.0,0.0,0.0,0.0,0.0,0.0,0.0,0.0,0.0,0.0,0.0,0.0,0.0,0.0,0.0,0.0,0.0,0.0,0.0,0.0,0.0,0.0,0.0
218,31.93654837144111,32.72374676852596,33.74207915901195,34.308944301806754,36.32531263356498,38.368243102510746,39.44186244636683,39.05595202019185,27.289491067758075,29.821483678363236,33.00165113885534,33.23121049666611,33.82986553005374,35.27027961548157,32.61409941513449,32.458370582431726,32.91762713973123,36.59430835320876,14.146623311223294,19.370415405703056,81.59180442092762,36.0207509449566,35.63617443734479,19.140054598686618,19.702167840186746,30.86128480269501,35.41213018013423,102.55379885524007,36.98640499158601,35.58854655654642,112.51475818102108,0.0,26.586652312820426,28.85094424543608,0.0,0.0,33.35588225843572,0.0,0.0,15.961410949565671,30.07625734571917,33.1591521814687,0.0,33.924704203833755,0.0,29.385111219052686,0.0,0.0,0.0,14.204200139161571,18.506959982118655,13.828159039871897,0.0,0.0,0.0,0.0,0.0,0.0,0.0,0.0,0.0,0.0,0.0,0.0,0.0,0.0,0.0,0.0,0.0,0.0,0.0,0.0,0.0,0.0,0.0,0.0,0.0,0.0,0.0,0.0,0.0,0.0,0.0,0.0,0.0,0.0,0.0,0.0,0.0,0.0,0.0,0.0,0.0,0.0,0.0,0.0,0.0,0.0,0.0,0.0,0.0,0.0,0.0,0.0,0.0,0.0,0.0,0.0,0.0,0.0,0.0,0.0,0.0,0.0,0.0,0.0,0.0,0.0,0.0,0.0,0.0,0.0,0.0,0.0
219,32.02541763462219,32.74195238977384,33.83387096801016,34.3988018781296,36.32924413338401,38.943362603362175,39.93858680185269,39.05816395243278,27.265854082356768,29.71116347721292,33.02248909254324,33.22687987540718,33.81503966793176,35.308462937493346,32.61008153840095,32.58539939806915,33.37358521416234,36.65352384430065,14.160812456609051,19.387270665845335,80.87064669438604,36.06934951899632,35.73201309566798,19.136572791865092,19.681969743523098,30.84075260552055,35.53033887286716,103.93942647249332,36.51098034929123,35.5911886134308,111.13639298622502,0.0,27.235811554144064,28.916138804200546,0.0,0.0,32.569165925731,0.0,0.0,14.690914762157618,29.919415845283126,33.17703646403913,0.0,33.891001727937464,0.0,0.0,0.0,0.0,0.0,14.226881616707487,18.55594568526936,12.129726309891494,0.0,0.0,0.0,0.0,0.0,0.0,0.0,0.0,0.0,0.0,0.0,0.0,0.0,0.0,0.0,0.0,0.0,0.0,0.0,0.0,0.0,0.0,0.0,0.0,0.0,0.0,0.0,0.0,0.0,0.0,0.0,0.0,0.0,0.0,0.0,0.0,0.0,0.0,0.0,0.0,0.0,0.0,0.0,0.0,0.0,0.0,0.0,0.0,0.0,0.0,0.0,0.0,0.0,0.0,0.0,0.0,0.0,0.0,0.0,0.0,0.0,0.0,0.0,0.0,0.0,0.0,0.0,0.0,0.0,0.0,0.0,0.0
220,32.31083099598475,32.8304025658257,34.09184460574011,34.55920442252136,36.342791957764575,39.1974536493791,40.34289198006036,39.02762718863073,27.196804500458416,29.745507447839437,33.08886227496188,33.21505239587097,33.87062245836958,35.285392285636874,32.60584079145801,32.75839916107381,33.4696773862353,36.553457432347614,14.175243344304533,19.391583011568514,83.83199163951005,36.05697281141573,36.04236639827718,19.111863717334643,19.65478423511513,30.841768877204245,35.558522477231236,104.05956850524944,35.91360545193956,35.605696260933684,111.1024675242902,0.0,27.121009688969327,29.10112803674775,0.0,0.0,30.77595230338473,0.0,0.0,15.361894316463433,0.0,33.23903442844056,0.0,33.922152417915186,0.0,0.0,0.0,0.0,0.0,14.245899481750257,18.578050725496897,13.031130179015394,0.0,0.0,0.0,0.0,0.0,0.0,0.0,0.0,0.0,0.0,0.0,0.0,0.0,0.0,0.0,0.0,0.0,0.0,0.0,0.0,0.0,0.0,0.0,0.0,0.0,0.0,0.0,0.0,0.0,0.0,0.0,0.0,0.0,0.0,0.0,0.0,0.0,0.0,0.0,0.0,0.0,0.0,0.0,0.0,0.0,0.0,0.0,0.0,0.0,0.0,0.0,0.0,0.0,0.0,0.0,0.0,0.0,0.0,0.0,0.0,0.0,0.0,0.0,0.0,0.0,0.0,0.0,0.0,0.0,0.0,0.0,0.0
221,32.60080405745502,32.90249365056841,34.350314172229446,34.66546464289433,36.34933212674696,39.1681007066893,40.46881495044374,38.999047823793376,27.232193002977134,29.78434803774377,33.136650205550566,33.206546442279716,33.890565117035365,35.225778596554846,32.603586647148575,32.861844557698475,33.53747757232206,36.56994696168425,14.295254906528498,19.403923503212184,84.45234588616302,36.025994560322516,36.0379067043759,19.0960684772854,19.8578914143539,30.842544873507904,35.599585695415215,104.2436315899522,36.202303458278685,35.618202044592095,110.65345304973562,0.0,26.74162959542897,29.104919843267187,0.0,0.0,29.271482704434277,0.0,0.0,17.28264737730865,0.0,33.28587405479766,0.0,33.921326318431255,0.0,29.38665635763138,0.0,0.0,0.0,14.366298988409909,18.59045959555833,15.86047536795552,0.0,0.0,0.0,0.0,0.0,0.0,0.0,0.0,0.0,0.0,0.0,0.0,0.0,0.0,0.0,0.0,0.0,0.0,0.0,0.0,0.0,0.0,0.0,0.0,0.0,0.0,0.0,0.0,0.0,0.0,0.0,0.0,0.0,0.0,0.0,0.0,0.0,0.0,0.0,0.0,0.0,0.0,0.0,0.0,0.0,0.0,0.0,0.0,0.0,0.0,0.0,0.0,0.0,0.0,0.0,0.0,0.0,0.0,0.0,0.0,0.0,0.0,0.0,0.0,0.0,0.0,0.0,0.0,0.0,0.0,0.0,0.0
222,32.82929293922599,32.93573554693463,34.4988109649762,34.70275503548326,36.344250819780655,38.817592853519045,40.38570686510923,39.00124019266116,27.53453474679912,29.766853281690153,33.14658982426799,33.19385558196686,33.889103131519605,35.04654707529653,32.608663864458265,32.9531630975155,33.5323355405841,36.39746669944799,14.323978781149549,19.378056935302368,84.854889193128,35.89762332017088,32.56214231518939,19.00014511446102,19.48553676946574,30.801850780495688,35.635981616302104,104.35741141839117,36.298858391969006,35.6140326618295,110.05318624359006,0.0,26.459586588830184,28.268642204526323,0.0,0.0,28.714861121303866,0.0,0.0,18.829084771993223,24.72081671846263,33.29393998446051,0.0,33.909906863971884,0.0,30.22607439190783,0.0,0.0,0.0,14.395842342981524,18.558263243708627,18.584817381452936,0.0,0.0,0.0,0.0,0.0,0.0,0.0,0.0,0.0,0.0,0.0,0.0,0.0,0.0,0.0,0.0,0.0,0.0,0.0,0.0,0.0,0.0,0.0,0.0,0.0,0.0,0.0,0.0,0.0,0.0,0.0,0.0,0.0,0.0,0.0,0.0,0.0,0.0,0.0,0.0,0.0,0.0,0.0,0.0,0.0,0.0,0.0,0.0,0.0,0.0,0.0,0.0,0.0,0.0,0.0,0.0,0.0,0.0,0.0,0.0,0.0,0.0,0.0,0.0,0.0,0.0,0.0,0.0,0.0,0.0,0.0,0.0
223,32.359927986137514,32.732724701728166,34.15689724789672,34.502801641701275,36.34266950744802,37.90660674823698,40.28199793262388,39.10694414031468,27.269275999146856,29.773212256025694,33.169957965316854,33.17780782168711,33.90199987597953,34.838714402070536,32.599909236999736,32.844745203346015,33.40310728275986,35.821206652570936,14.282565863574348,19.35715559921647,86.33681003867721,36.09621894643311,35.730216944876325,18.975273939961568,18.82566672293251,30.513469069254782,35.68940501766349,104.56704019190965,36.37874438071875,35.60355028202267,110.30510802424942,0.0,24.2640964385073,26.993992319168434,0.0,0.0,29.9888058184829,0.0,0.0,24.013387849545182,29.47221433045155,33.3005680242735,0.0,33.93091299774653,0.0,31.634088730990605,0.0,0.0,0.0,14.354065085186107,18.523276261039555,34.153342137839594,0.0,0.0,0.0,0.0,0.0,0.0,0.0,0.0,0.0,0.0,0.0,0.0,0.0,0.0,33.42281818263165,34.52549695731755,17.763384279620173,33.31722613359756,20.34735445101203,15.62524383821287,2.062656446482064,0.0,0.0,0.0,28.35196125444048,0.0,0.0,0.0,0.0,0.0,0.0,0.0,0.0,0.0,0.0,0.0,0.0,0.0,0.0,0.0,0.0,0.0,0.0,0.0,0.0,0.0,11.692052306146502,0.0,0.0,5.9266796220959375,10.008357712908017,0.0,0.0,0.0,0.0,0.0,0.0,0.0,0.0,0.0,0.0,0.0,0.0,0.0,0.0,0.0,0.0,0.0,0.0,0.0,0.0,0.0
224,32.50251188983677,32.78378818966132,34.328308364905524,34.702946625106534,36.34389106450442,37.88688302334009,40.41443388169341,39.98829554446104,27.723888727770873,29.900635928485464,33.337956271328295,33.350666611877244,34.022710846709714,34.9798830710526,32.66602108572059,32.897797882790236,33.587700492336836,35.692398165135586,18.42421949780615,20.41239294395325,222.35109259808894,37.3898844970455,36.648629471912386,20.077045306358343,19.744207237870626,30.170880969611737,36.85507251239528,104.39205553507236,35.94841226990286,35.633878920492634,104.63781001047323,0.0,21.700142495171633,26.685374944695624,0.0,0.0,29.555188233582662,0.0,0.0,27.050897973897314,29.90501373281873,33.438760404578716,0.0,34.04002569899589,0.0,32.27413296938053,0.0,0.0,0.0,18.48183764514033,19.446780837630683,75.82173135377161,0.0,0.0,0.0,0.0,0.0,0.0,0.0,0.0,0.0,0.0,32.699679499354815,32.80846892309653,34.26836666743327,34.70815060235477,36.32358096440669,37.702243730477036,37.66882097099688,38.97077126237214,29.47289036354972,30.044565376520893,33.149694795477025,33.31643456138522,33.360617172106366,34.72135921694619,32.688507776420295,30.39407823522078,34.39159613934706,30.70684197778359,18.39031475294206,20.31904205184709,141.69095498434154,19.002955880748434,0.0,18.22505640154676,0.0,0.0,36.36876353002228,0.0,0.0,32.834233980223225,0.0,21.998182708514488,28.171518202658202,33.62150950345488,0.0,0.0,34.52030780281523,0.0,0.0,27.42202484589279,29.85484569352348,33.09819992548712,32.7845662420081,32.16478458382488,33.38246993700433,32.26691472962928,32.21336983275103,32.54225635544661,33.86431028810188,18.344361723924507,15.02084169234652,34.74217087472467,13.446165852199085,0.0,2.391953767930238,0.0,0.0,0.0,0.0,0.0,0.0,0.0
225,36.05825232693904,36.30369367104258,38.17391726120434,38.0347041950424,39.19292135307728,40.69831985394501,42.11846629164029,43.910465305870616,31.183172938745287,34.026838693009154,35.31856480674911,36.077585006957236,35.801795416425364,36.44759399098518,36.461662770030046,35.241554876265454,35.37291027492606,36.664062118052954,18.90483770602458,38.53251984126871,1754.1175524208406,38.396297370347554,37.25012831615082,36.312693846767274,20.18106875900827,29.953553084135386,39.06908177556545,104.29338167210744,36.27411202772102,38.761309600335636,98.91075957378348,0.0,20.63027516819236,28.699424164155996,0.0,0.0,30.478447294591774,0.0,0.0,30.891857207506813,34.10403297747244,35.41559336306932,0.0,35.80684250570343,0.0,36.109668032581425,0.0,0.0,0.0,18.95420912456558,35.06317367610373,117.04943698315815,0.0,0.0,0.0,0.0,0.0,0.0,0.0,0.0,0.0,0.0,36.734141122301445,36.71046930303756,38.1784472039044,38.34510186276674,39.26332631365881,40.67104137524069,41.328995464883,43.47963026863022,33.49857402965828,34.2740210914485,35.317111554064695,36.106868295469496,35.68976018143122,36.3753997360412,36.524938670098095,35.09147676950008,36.45770476017063,34.70586435473844,18.890727787102435,38.45349283663779,1043.402173050474,18.888776095329817,36.134107933451844,35.43551657136179,20.00885553789189,30.938750048583152,38.98935610123644,102.45687643804402,38.453892302589665,38.783592550093005,0.0,31.983703609011066,34.03315187668687,37.862971637484755,0.0,0.0,39.87618246749625,0.0,0.0,32.28959097128548,34.11012252444667,35.23715188533583,35.79416112749456,35.20915914264289,35.8078014932055,36.30022271756328,35.58225609180754,35.82174584032538,35.948914947166344,18.868282571146366,33.368675825244416,164.54867936206452,13.256834103864922,0.0,14.001399552814163,19.13820110571035,9.776925997209544,0.0,0.0,0.0,0.0,0.0
226,44.75329369872338,44.9719823030732,48.090227966469,48.41222862230809,50.49483792650733,47.193921000378225,54.22862559179009,258.1908753170694,32.03740128268079,34.56319916241313,43.72370175386209,44.772716366519916,43.99408262191784,44.668210849216905,47.16523261518901,42.60841073388399,42.747420864635345,43.525103617323424,18.927818035436417,40.56181933655978,5651.908670564062,47.21084692587141,37.339062803342316,40.28024272840014,20.182266787575287,32.11538353377291,49.93304074805849,104.23521250254453,45.68734537108743,53.629117579639285,55.66633841641533,0.0,11.127306230235323,33.19028033284066,0.0,0.0,29.228175807285194,0.0,0.0,32.10064489382769,34.729167673692274,43.83713406939194,0.0,43.9360759922689,0.0,46.75317503531096,0.0,0.0,0.0,18.963362745381573,36.486290798834865,158.24303016405665,0.0,0.0,0.0,0.0,0.0,0.0,0.0,0.0,0.0,0.0,45.750145903875605,46.37745765474932,48.17720042393603,49.19170391366379,50.96985322512637,47.22407602795897,53.37054748351466,245.02165020485654,34.11462172775259,34.88029947769178,43.730628410767025,44.84536729957256,43.951769590142575,44.65167799111747,47.277242019134746,43.85408591715123,44.8478937402399,42.12770735321758,18.916810300936504,40.51785236355698,2520.1622489248025,32.66594723948192,37.15244588078015,39.814649323126176,20.133333574281487,36.59753311909952,49.89242352122858,103.69028310933004,51.28904434845083,53.755058176427895,54.78375576804684,41.29058079907549,44.237787608982224,47.88345214715051,0.0,0.0,46.46424306573227,0.0,0.0,33.02982942344279,34.723802180024244,43.692372290934145,44.565881358093584,43.55656912557349,43.96110154070065,47.097875584132254,44.19423709730452,44.12014325252534,43.04256321438204,18.908353520213694,37.87347215129466,281.71135763598505,25.867656582788037,0.0,24.361994155942494,19.820953270833996,28.070367548953286,0.0,0.0,0.0,0.0,0.0
227,45.38918890963339,29.300273852072802,48.09637289083213,49.39154154717285,50.99531467269003,44.50211845151131,57.47763787505278,9057.0383196318,32.20193082458,34.56403933728236,45.89359702909235,46.944639307461955,46.34442389093962,47.01606644357881,47.30705738295171,44.19337003907342,43.77839406708117,46.18356647204536,18.944356145063068,40.67753320524048,8971.182662350266,48.854282502347246,37.345753105503476,40.63587683822334,20.19946336022116,9.96390251179619,52.36491057556236,56.63097565548014,12.771433473103562,53.87363540392087,55.12502458958579,0.0,0.9559599007381026,33.04733252348671,0.0,0.0,4.33596615617199,0.0,0.0,32.27271101139917,33.217756936499754,46.00287731256003,0.0,46.321667562782665,0.0,46.9443047702005,0.0,0.0,0.0,18.975542420651692,36.48430576931477,173.11802863933505,0.0,0.0,0.0,0.0,0.0,0.0,0.0,0.0,0.0,0.0,45.98352586373622,46.6071032190456,48.28614568168632,50.13313783472029,52.555000419886255,44.5908062092073,56.730999576419364,3006.722976780413,34.18282398559391,34.84345247473186,45.92942501323449,47.036924012274994,46.33163873004875,47.017132746056234,47.449856288267256,46.235384789858,47.50287910221118,45.00294777226266,18.9420278676522,40.648882574785716,3896.170297198525,38.738248805850084,37.35694755320296,40.28287017837151,20.185404199668966,50.16204907420985,52.35401903102854,56.5685085640979,54.29402476615053,54.034590107832514,54.99288060566698,42.552704540279926,45.10494973169443,48.056234874698234,0.0,0.0,44.03160080318847,0.0,0.0,33.44276402433266,34.64839962224975,45.89271615128254,46.82360529563212,45.89065142757009,46.463360501572296,47.31366206337029,46.500277366112286,47.000924462588856,45.883536341447595,18.940903245415086,38.92235397178301,424.68694277959764,33.07478939622178,0.0,29.20392520680298,19.965198665848227,41.37406330614665,0.0,0.0,0.0,0.0,0.0
228,45.780579203665184,0.0,49.131684985983526,50.312797236897744,51.73526443384446,42.91314395668522,58.03380151746751,20019.286466420766,32.144206423457945,34.58401886588014,47.243939129362644,48.24491583831758,47.946759733200395,48.33476544944659,48.45616571477862,45.127560003628275,42.34743323459167,47.48039974121454,18.95761843228172,40.72516462132114,9659.121305851639,48.796100239464124,37.373690011589744,40.735806170872024,20.200892548967175,0.0,53.38748098337476,55.59601387304269,0.0,54.454848784757814,55.63526540447583,0.0,0.0,31.33459444373414,0.0,0.0,23.38766283266562,0.0,0.0,32.29399312251346,0.0,47.359837210521505,0.0,47.992391232430265,0.0,48.07006914824407,0.0,0.0,0.0,18.97184272601926,35.72628574609088,173.80666302378174,0.0,0.0,0.0,0.0,0.0,0.0,0.0,0.0,0.0,0.0,46.15958265831388,46.993143709403995,49.35236275059651,50.94320352324644,53.768150419728045,43.06143009702623,57.369086542290226,4046.4517753497357,34.232530542128714,34.91063903356917,47.28441163302932,48.35195967184802,47.973121595649815,48.37605205257134,48.540465333360316,46.92356205708137,48.23305637572162,46.3289229815671,18.96453814697452,40.71105281412457,4659.850516606591,41.124963188961026,37.400627180122825,40.42272442425965,20.209047076225062,50.97381293299463,53.40201413181944,55.55426066304392,54.60461780283765,54.60620740586819,55.58377148960858,43.18394590397112,45.67805754712118,49.14417607739452,0.0,0.0,42.585469661038374,0.0,0.0,33.62203269996389,34.77511833232505,47.237106835263276,48.17650556383235,47.68082521986017,47.96511183694374,48.50991190816245,47.12094935438671,47.79302292629861,47.180266687028904,18.967958282644304,39.53755614538257,504.06861001390104,36.520332442643856,0.0,32.30205787496837,20.03213110251867,44.30198435397015,0.0,0.0,0.0,0.0,0.0
229,47.4450958676238,0.0,55.539371534246484,56.811801874647294,59.19841238417689,42.44698841800698,59.48614479719083,20324.069994297104,32.1789223243194,34.34829962850383,50.062585069760246,51.63802809557794,51.046383868538214,51.370915321079735,54.841547574568494,47.89441433483388,43.38282337908056,49.877072696546065,18.973043500729148,40.89044581485268,10250.539692556316,50.6756779200046,37.35525507685189,40.93672786463287,20.220593713382584,0.0,59.413963473133435,59.46805615016615,0.0,59.61628120207152,60.08812779987238,0.0,0.0,28.018297373259045,0.0,0.0,24.24283276936999,0.0,0.0,32.25280807724196,0.0,50.18751936405863,0.0,51.14912498103763,0.0,54.279358406045475,0.0,0.0,0.0,18.979712157427997,35.38753698491548,173.90192297059204,0.0,0.0,0.0,0.0,0.0,0.0,0.0,0.0,0.0,0.0,47.73557939715367,50.286779249805846,55.90483107118871,57.75736788874042,61.681116554609616,42.66656614117181,58.8108480510936,3933.2200656078785,34.20588826071835,34.928846307835215,50.11443530573345,51.78305518695936,51.1036333583057,51.43252653348185,54.95384145126536,49.17575414081288,50.84425834901651,48.673341777458965,18.986813543108383,40.89205457528067,5336.473500363929,43.52442207352403,37.40791522114684,40.68289509566192,20.245828094505924,53.12736902529025,59.42998058733906,59.42268690502317,58.89160856102649,59.78473242265636,60.11226186953422,44.740550208280936,48.87151814468105,55.66468017370063,0.0,0.0,42.20451582777596,0.0,0.0,33.66583355337638,34.78670782176607,50.0785321426882,51.604976610716946,50.79312934007074,50.954948931216215,54.89688821946359,49.364431596153224,50.29965767523237,49.55219421385593,18.988868415441118,40.192465066640096,599.6563783527555,39.15287270331122,0.0,34.16292271976021,20.117325107686046,47.037381062495996,0.0,0.0,0.0,0.0,0.0
230,49.32157278696536,0.0,58.30177135588244,60.26650658013821,66.21830477865842,42.19614660673887,65.09408363646685,14783.073296137929,32.092384065771974,34.417614880345226,53.63312795745401,55.13758879120445,55.789114886078295,55.90835283431517,57.297386621133484,52.480011116426304,46.8050986824447,54.33128938177134,18.955319400326687,40.95905387299581,9859.707259183708,53.036332449266865,37.34946177451626,41.06385516654143,20.216029347579934,0.0,62.96271685427257,61.38899245766538,52.37190721634699,62.16342451940449,60.97046395800021,0.0,19.164767561096095,0.0,0.0,0.0,20.890522654842396,0.0,0.0,32.2445368170694,34.9098848388838,53.76505137843424,0.0,55.93159663152392,0.0,56.6474891931521,0.0,0.0,0.0,18.950414156497786,34.592348565166766,173.83935924786854,0.0,0.0,0.0,0.0,0.0,0.0,0.0,0.0,0.0,0.0,49.58471295820743,52.106226066737094,58.69193723418675,61.529451529580115,69.08228464408239,42.51047016673226,64.20895594671006,3236.21001330856,34.165344402811826,35.042216864354714,53.66804107404732,55.30051647696155,55.830663101321676,55.98119532832513,57.468740413753494,53.75408149758698,55.73546028612952,52.984162685766776,18.974125747973858,40.967828571979226,5235.672281861374,45.331482649898724,37.448331175170324,40.82289077177492,20.249053122046945,62.10725563477126,62.97893612160976,61.35264493843806,61.22469423596044,62.33966048466755,61.05128994155962,46.295397630403244,50.56867891806904,58.432820606327596,0.0,0.0,42.02298599543974,0.0,0.0,33.51197566784836,34.86368913537685,53.603679132104176,55.10271920943488,55.426897126742425,55.310750278217746,57.39829938791274,53.98176475764416,55.24355899273026,53.88675908702556,18.96421435616702,40.476959615866726,615.7950491471316,40.62619152808317,0.0,35.24601578261369,20.14292230142667,54.47627239537789,0.0,0.0,0.0,0.0,0.0
231,46.05082101536606,0.0,49.21104164851009,53.65976893911784,63.94955164270755,41.77123593587284,62.11946521385414,10282.891793772791,31.938628579496143,34.56323664857264,47.01875217913454,47.986554035997386,50.48147671612924,50.15586468374522,48.448921905158926,46.55003676837111,42.956826162209914,49.41906997269996,18.974077026250313,41.02305156153818,9468.967391520206,48.30300053338732,37.43766478055299,41.1441702663069,20.249499765640167,0.0,56.14688721885841,55.19394788824172,48.84657635623824,54.67259160643323,58.70672766295115,0.0,21.5120518675678,0.0,0.0,0.0,23.148173633491385,0.0,0.0,32.34805110764716,35.04495411751307,47.11624802561687,0.0,50.59231244334228,0.0,47.94740850154788,0.0,0.0,0.0,18.95904634387513,33.77273976822867,173.76564064261413,0.0,0.0,0.0,0.0,0.0,0.0,0.0,0.0,0.0,0.0,46.25329559211799,46.971505857040796,49.51059913503286,54.76034249733175,66.32476661980036,42.376813754408715,61.16292741693563,2472.592697904291,34.24134490109498,35.14672079175796,47.015617555789646,48.096409223077785,50.46377118316059,50.207197909013956,48.533662978400116,47.51411211531753,49.234504648595134,48.2674195090751,18.994345537137747,41.038851852050584,4667.894520590837,41.49619110102443,37.49782901532939,40.909384269122384,20.280904930871202,52.9606214094116,56.15473747397459,55.155708249230884,55.89691972232913,54.82429193611438,58.79302338050252,43.09312420923583,45.58448291868666,49.30218176874668,0.0,0.0,41.81913752161481,0.0,0.0,33.41957825893527,34.98613991048494,46.91262004947205,47.89076475629095,49.97812841076899,49.69877576499382,48.509431713014806,47.704292612188226,48.74587783285822,49.02429830467536,18.980555388615983,40.665456710999415,585.6392156662276,37.32229379358554,0.0,36.76808419706862,20.1909727682148,47.02079123044833,0.0,0.0,0.0,0.0,0.0
232,45.89360336724013,0.0,47.9224667397915,49.80509724190752,52.37051476595411,0.0,54.617492808432644,9876.925969247197,31.62075880720061,34.55080965906632,45.596370214582294,46.8926868264532,48.87779665047631,48.453007933424885,47.26738441419087,45.54941179350269,42.630525920709985,48.13054065992617,19.018323320771913,40.90197222375025,8617.862128343788,46.73684142703394,37.34679809100605,41.17051421843598,20.321698195552074,0.0,52.894035975015186,52.837359864625455,50.74212242237542,53.76238633304098,59.367060065895316,0.0,25.05727116402124,0.0,0.0,0.0,26.501488388784995,0.0,0.0,32.21678393941252,34.82120494840757,45.67750252330427,0.0,48.99052322728892,0.0,46.70304043484697,0.0,0.0,0.0,18.996611489436432,33.284835503497646,173.60052627447342,0.0,0.0,0.0,0.0,0.0,0.0,0.0,0.0,0.0,0.0,45.99563859603428,46.46470450901319,48.22193252653051,50.74596554065636,53.705769291696015,42.24726192254735,53.61313516690069,1702.568471321738,34.087083717790456,34.89888035552724,45.54526644272805,46.97140201842842,48.81469774860747,48.44397612763984,47.38985898219994,46.35064849906456,47.81748931256402,47.00242320786896,19.03447014394999,40.908800536286094,4125.321197492403,40.54256530079275,37.39795860334638,40.94089315603888,20.340298422478753,51.2974052203532,52.87733470760969,52.78047440561551,54.422047243349425,53.90499261461912,59.462960346792215,42.204590428989775,44.82110238121262,47.99194404284002,0.0,0.0,41.527266324870915,0.0,0.0,33.24610441276832,34.70951719002624,45.33700394353346,46.75065223484154,48.085733392718936,47.8753009166728,47.2485404031211,46.572328598443846,47.34934531967294,47.718638209855335,19.016778740720497,40.4859861677358,504.8971678111354,36.70896014557637,0.0,38.082415640876334,20.260848513113494,45.23353892605403,0.0,0.0,0.0,0.0,0.0
233,45.64771642773646,0.0,47.68408983002992,48.8154683957891,51.078145409036324,0.0,52.1563852570921,1719.782808232992,31.37203018216711,34.46626069147296,45.12743829481636,46.138428333378556,47.99026338596235,47.473396323979955,47.17566710269239,45.04183289268826,42.095025350732676,47.099006291219325,18.930394978561083,40.74474065090783,6959.904113808115,46.07278802800607,37.326128635223554,41.16740380280248,20.26270862119617,0.0,51.72355910457327,52.32853381174607,50.993670889340706,53.045382264723884,57.8804567839768,0.0,31.880884598599167,0.0,0.0,0.0,28.249035040077157,0.0,0.0,32.04221885190728,34.720095270866835,45.212256551110386,0.0,48.111505077031325,0.0,46.55882709509251,0.0,0.0,0.0,18.902759694288562,32.96426198849778,170.71876705910384,0.0,0.0,0.0,0.0,0.0,0.0,0.0,0.0,0.0,0.0,45.65866149256337,46.123549566338795,48.010200465455455,49.665391639891254,51.41209189514484,38.93135861502728,50.64203462773942,710.4824935154586,33.79373139774611,34.774870578367256,44.994137039120474,46.1677965466194,47.884242268160904,47.42944859874676,47.23734940284885,45.613013463002616,46.88147754690419,45.63792557477653,18.93064942171918,40.730229595467904,3193.428646256219,40.67480484173558,37.336078691405206,40.82825080596386,20.267013194075645,50.90245780067448,51.66625006989278,52.25734188550746,54.04447340090712,53.15950505043077,57.96501375411367,40.420420601185334,43.842752473290616,47.71577336924793,0.0,0.0,37.95299238167327,0.0,0.0,32.37719998534805,34.562656380813905,44.50858132872915,45.81069572828245,47.05846699670646,46.75651769950573,47.05446412933867,45.91979497356746,46.30984023989315,46.52740869779137,18.91451952043255,40.18450341579127,389.4312937515902,37.29966670633683,0.0,36.702186582379056,20.17078788902138,43.55243403057874,0.0,0.0,0.0,0.0,0.0
234,33.941401163432694,0.0,34.972071312108,35.66558359334459,37.09359889596442,35.06091083033169,41.12335302590964,43.25370014242935,27.935253559008167,30.4571852763571,35.48450945901749,35.4029214674938,36.769130245641435,36.6090856643666,34.53435483571354,34.50985914346649,33.37922028999557,36.823282407361546,14.559458903121936,40.49225177715243,5011.572837796632,38.20510248996101,37.29677495157091,41.11006685488405,20.22783295235797,37.38083247950641,39.23733617401126,39.41556114104117,38.61161536396418,38.78388368382346,42.05148849777629,0.0,29.204130959055302,21.538960703560686,0.0,0.0,26.772109758413183,0.0,0.0,28.623723544810133,30.70614046936626,35.54781479525104,0.0,36.84936822322982,0.0,34.1885682837999,0.0,0.0,0.0,14.535604385156553,31.92272140517599,165.9119322984778,0.0,0.0,0.0,0.0,0.0,0.0,0.0,0.0,0.0,0.0,33.79644827764672,33.930231295779656,35.101278024029625,36.09426746011479,37.182527168511115,35.17189969018908,38.33533789609012,40.743868719548715,29.780355375726764,30.724880199048954,35.249962306693305,35.38599950495325,36.58309401050008,36.50879150049313,34.530609591797656,34.55675957466076,36.01692016712832,35.26756427680111,14.537857825366984,40.43484486721738,2061.442833490219,34.280236092421866,37.2041524914275,40.47140834318785,20.20549967746632,38.12550659576175,39.1625887939,39.41108590896647,40.116174761067214,38.82740864539613,42.11014815510339,28.044701108925846,31.400865481443496,34.812617005525404,0.0,0.0,32.87371137221906,0.0,0.0,27.429902015067785,30.501027486351973,34.35654953725176,35.02945818635528,35.91532314350743,35.77548348291759,34.34674289443773,34.917373644802296,35.40032642973179,36.18008527014083,14.525533521283052,39.372532394539526,244.1793847234709,31.817354222445886,0.0,34.008810881988815,20.047047645078475,32.19412332783614,0.0,0.0,0.0,0.0,0.0
235,32.665029218082786,0.0,33.503769038533804,34.03723438997641,36.33506938581377,35.106524531073546,40.46676170567309,39.328235434567205,26.656832937119677,29.575040045935808,34.004674901179754,33.63507452943537,35.20657544111572,35.37643188582962,32.731993169875295,32.54662404189146,28.011416142286027,36.156947718716026,14.149140341771727,40.102482602691225,3758.2987772182646,38.20401452757949,37.31697499195974,41.03673419828624,20.214610651976272,35.57532096519722,38.758123648591436,39.06047235246035,37.34649197997864,36.39766871659589,41.58551719000059,0.0,28.821923553059598,25.77484590961586,0.0,0.0,26.331310215837263,0.0,0.0,27.987476912158304,29.883636749257647,34.07015015713455,0.0,35.30334278502778,0.0,32.40403556271821,0.0,0.0,0.0,14.121724451444884,31.199435274110844,166.5841008394513,0.0,0.0,0.0,0.0,0.0,0.0,0.0,0.0,0.0,0.0,31.394508837017444,31.647167605051262,33.59305000204316,34.33264879492626,36.357447803283094,31.932482422324938,0.0,0.0,11.981201905897663,29.608764055964354,29.228053908812,33.38776300568558,33.6907603707266,34.834961189175615,32.587084797139454,31.45347580004537,34.54904639709966,31.056092964038662,14.080684097992346,39.91283843091864,711.0099803623345,19.323812525396804,36.87072079716059,39.02865802813593,20.12248573771469,35.99273900780986,38.58149035175629,38.97065585829296,38.51975001268926,36.369915559134824,41.61208665094307,13.008891620841643,19.555111449267034,32.673641908419484,0.0,0.0,0.0,0.0,0.0,2.374477690947338,25.687372983070528,10.325985277663316,31.792794844309192,24.759625697227186,31.312483965090898,31.914683772058527,32.59466026718805,32.583548389099604,33.70902313325514,14.06947288273841,36.27680632283259,90.88110920491744,13.653494161351885,0.0,25.498005964393514,19.473004156769,27.33856987642931,0.0,0.0,0.0,0.0,0.0
236,32.51041820691469,31.615239922221484,33.52619501609411,33.84172352429182,36.33960845418471,35.07966311051547,40.58120084175698,39.06561064371772,26.508901304045263,29.559136217372384,33.85730808339815,33.47975992625862,35.04949993027928,35.32080147365946,32.68686730250181,32.250626898212566,27.697918266797434,36.11865698250227,14.129820345203825,39.83541979198435,2978.741694908077,38.17981573782703,37.406557109903815,40.831136062138285,20.216893083158993,32.06745930290378,38.124231113798146,38.70775953797079,36.63714452280331,35.75072238163912,41.49478093401626,0.0,28.774978721374687,27.290262473532113,0.0,0.0,21.951884755755692,0.0,0.0,27.898496304348043,29.855753139100827,33.93228628024758,0.0,35.15007952290716,0.0,32.31489480870842,0.0,0.0,0.0,14.100268569715801,30.790310126007054,159.1228620065375,0.0,0.0,0.0,0.0,0.0,0.0,0.0,0.0,0.0,0.0,0.0,0.0,0.0,0.0,35.795622122290816,0.0,0.0,0.0,0.0,0.0,0.0,0.0,0.0,0.0,0.0,0.0,0.0,0.0,0.0,0.0,0.0,0.0,32.58028320040929,0.6766752514514021,19.55739560682701,32.30361280188632,0.0,38.18823082661282,37.89636697634613,0.0,41.46127023660995,0.0,0.0,0.0,0.0,0.0,0.0,0.0,0.0,0.0,0.0,0.0,0.0,0.0,0.0,0.0,0.0,0.0,0.0,0.0,0.0,0.0,0.0,0.0,0.0,10.066400514416717,16.348225636904765,0.0,0.0,0.0,0.0,0.0
237,32.54407524392544,32.25863624614189,33.63113434814835,33.842641973095496,36.36916663742795,35.01896409195915,40.60280304879882,39.070810272491485,26.379875257019155,29.66676240067745,33.74605504703965,33.40960927147307,35.08915699337578,35.35871686397485,32.663160021172644,32.34051399878513,31.7424369018941,36.34422225738376,14.126430677741553,39.874220027101615,2308.746140491131,38.345621482974934,37.488852450280774,40.802763869919545,20.213237128885453,30.95243933245584,38.362116177452776,38.82241881508719,37.02879130638736,35.69640596653656,41.42270505923307,0.0,28.394756359622658,28.495703893993333,0.0,0.0,19.30656373608268,0.0,0.0,27.694675427401062,29.855306637781354,33.816602723774736,0.0,35.17431882832511,0.0,32.25852856465794,0.0,0.0,0.0,14.09882839964105,31.05311422146992,139.69614351133808,0.0,0.0,0.0,0.0,0.0,0.0,0.0,0.0,0.0,0.0,0.0,0.0,0.0,0.0,0.0,0.0,0.0,0.0,0.0,0.0,0.0,0.0,0.0,0.0,0.0,0.0,0.0,0.0,0.0,0.0,0.0,0.0,0.0,0.0,0.0,14.393284545043738,0.0,0.0,0.0,0.0,41.32713272291255,0.0,0.0,0.0,0.0,0.0,0.0,0.0,0.0,0.0,0.0,0.0,0.0,0.0,0.0,0.0,0.0,0.0,0.0,0.0,0.0,0.0,0.0,0.0,0.0,0.0,0.0,0.0,0.0,0.0,0.0,0.0
238,32.57772006382087,32.34846930917623,33.66735962053724,33.88676958599524,36.39309902223431,34.84889060102425,40.64434279483464,39.010001473329226,25.83911801503347,29.70185250859636,33.546461937255856,33.350693420054256,34.99823123568291,35.28975285487945,32.64935122162882,32.403859846317886,31.892472252185943,36.39495657090919,14.122220296258092,39.8823809354667,1669.0511165472585,38.516360471092526,37.58356170199306,40.79031375363229,20.23254680786124,30.857112424601763,38.89405809181312,39.03234301722591,37.2404231106136,35.70935946587994,41.37672781169499,0.0,27.97246863418912,29.05606098430341,0.0,0.0,19.286842104216653,0.0,0.0,27.516352775030118,29.840646942448146,33.611718722752926,0.0,35.07975389000251,0.0,32.30867222947076,0.0,0.0,0.0,14.0832205761523,29.39003615903081,126.23137762458056,0.0,0.0,0.0,0.0,0.0,0.0,0.0,0.0,0.0,0.0,0.0,0.0,0.0,0.0,0.0,0.0,0.0,0.0,0.0,0.0,0.0,0.0,0.0,0.0,0.0,0.0,0.0,0.0,0.0,0.0,0.0,0.0,0.0,0.0,0.0,0.0,0.0,0.0,0.0,0.0,41.136900488300654,0.0,0.0,0.0,0.0,0.0,0.0,0.0,0.0,0.0,0.0,0.0,0.0,0.0,0.0,0.0,0.0,0.0,0.0,0.0,0.0,0.0,0.0,0.0,0.0,0.0,0.0,0.0,0.0,0.0,0.0,0.0
239,32.530413817108084,31.74416465555041,33.68662174710835,33.96439232545667,39.5604524090345,0.0,40.93360485275355,39.09689609177747,25.835771013709902,29.677794580682093,33.71545927396369,33.43375442709373,35.198426880615585,35.59367376288236,32.63406459601015,32.58201286323148,32.03541099750629,36.666479569539945,14.122321149038441,39.80029452566214,1109.443622882438,38.793214421311006,37.77392086428222,40.66441017478439,20.319526624589912,30.795249168002137,39.54021691791354,39.193485539783524,37.21564790644849,35.756595366859045,41.39241993934206,0.0,27.971169550136064,29.06783232632207,0.0,0.0,21.90151540327425,0.0,0.0,27.590729535746984,29.8628826764471,33.788670701412116,0.0,35.268854122008975,0.0,32.34103142632172,0.0,0.0,0.0,14.06800271648656,26.902911768692306,128.3418665387369,0.0,0.0,0.0,0.0,0.0,0.0,0.0,0.0,0.0,0.0,0.0,0.0,0.0,0.0,0.0,0.0,0.0,0.0,0.0,0.0,0.0,0.0,0.0,0.0,0.0,0.0,0.0,0.0,0.0,0.0,0.0,0.0,0.0,0.0,0.0,0.0,0.0,0.0,0.0,0.0,39.84711193418144,0.0,0.0,0.0,0.0,0.0,0.0,0.0,0.0,0.0,0.0,0.0,0.0,0.0,0.0,0.0,0.0,0.0,0.0,0.0,0.0,0.0,0.0,0.0,0.0,0.0,0.0,0.0,0.0,0.0,0.0,0.0
240,32.44642626180428,0.0,33.70232972845599,34.12364482402719,40.293898635979986,0.0,42.34118845214141,39.174968957183864,26.197443895796287,29.643339136884883,33.54747816062442,33.399422592530925,35.31197339562553,35.60099445225262,32.61879038206672,32.54390334727786,32.425885991597845,37.03978612279002,14.118308388361811,39.7297219980004,615.4592998698477,39.00451705917618,37.97335979213301,40.45275562373263,20.282713050050916,30.802586141641886,40.006648344473206,39.688059313505164,37.38661555865974,35.76513210474275,41.379066920427476,0.0,27.635753008300597,28.898463743749716,0.0,0.0,19.29019396374887,0.0,0.0,27.667427376564248,29.84174656241123,33.62883055031318,0.0,35.36651649774569,0.0,32.35238815720898,0.0,0.0,0.0,14.058958122697973,26.03457358065192,127.70941150345,0.0,0.0,0.0,0.0,0.0,0.0,0.0,0.0,0.0,0.0,0.0,0.0,0.0,0.0,0.0,0.0,0.0,0.0,0.0,0.0,0.0,0.0,0.0,0.0,0.0,0.0,0.0,0.0,0.0,0.0,0.0,0.0,0.0,0.0,0.0,0.0,0.0,0.0,0.0,0.0,0.0,0.0,0.0,0.0,0.0,0.0,0.0,0.0,0.0,0.0,0.0,0.0,0.0,0.0,0.0,0.0,0.0,0.0,0.0,0.0,0.0,0.0,0.0,0.0,0.0,0.0,0.0,0.0,0.0,0.0,0.0,0.0
241,31.37935997576946,30.69719616255351,32.28669700499154,31.383763062233783,33.891741003486686,34.166740848959876,40.12156632774122,41.61221440608642,28.262484698235113,29.60151034524472,29.486672157343463,30.412084767014846,32.86294438743198,31.78482382651282,31.420414948087227,30.139659871202262,30.223554534927644,31.460388131577588,28.84659851665461,34.0060962542168,58.207885852386454,31.779840340309562,33.385839687426255,23407.752620794385,32.279705240611634,30.611418519590483,32.131028291900066,32.74305886148454,32.437989519406685,32.89586918725007,33.39675028180977,0.0,0.0,29.617815100545787,0.0,0.0,0.0,0.0,0.0,24.407682106949963,29.633555721737537,0.0,0.0,32.88931834393338,0.0,30.622716000443972,0.0,0.0,0.0,28.912928972680163,30.562390057416955,32.959445766301,0.0,0.0,0.0,0.0,0.0,0.0,0.0,0.0,0.0,0.0,0.0,0.0,0.0,0.0,0.0,0.0,0.0,0.0,0.0,0.0,0.0,0.0,0.0,0.0,0.0,0.0,0.0,0.0,0.0,0.0,0.0,0.0,0.0,0.0,0.0,0.0,0.0,0.0,0.0,0.0,0.0,0.0,0.0,0.0,0.0,0.0,0.0,0.0,0.0,0.0,0.0,0.0,0.0,0.0,0.0,0.0,0.0,0.0,0.0,0.0,0.0,0.0,0.0,0.0,0.0,0.0,0.0,0.0,0.0,0.0,0.0,0.0
242,31.44049538775473,30.65536501534738,32.33810310658214,31.473603089855917,33.895977643283004,34.2437786110068,43.55132953315888,44.76355295309986,28.39690271246964,29.723381097028323,29.930901798320697,30.617156953795188,33.12549082377103,31.79719883112142,31.411955301351213,30.18269235707649,30.25657848450436,31.468942519907728,29.011660948313533,33.95451261062021,58.72657225591027,31.951051954377974,33.95847542167019,26203.830302627382,32.27967133260279,0.0,32.28342444111831,32.79432834106899,32.431014076513605,32.89479858808164,33.383800286316045,0.0,0.0,30.091056819181784,0.0,0.0,0.0,0.0,0.0,24.084210228708464,29.7414020301332,29.96207893310121,0.0,33.15213060967892,0.0,30.61855394252655,0.0,0.0,0.0,29.097359525410482,30.90574831403736,31.310418275557293,0.0,0.0,0.0,0.0,0.0,0.0,0.0,0.0,0.0,0.0,0.0,0.0,0.0,0.0,0.0,0.0,0.0,0.0,0.0,0.0,0.0,0.0,0.0,0.0,0.0,0.0,0.0,0.0,0.0,0.0,0.0,0.0,0.0,0.0,0.0,0.0,0.0,0.0,0.0,0.0,0.0,0.0,0.0,0.0,0.0,0.0,0.0,0.0,0.0,0.0,0.0,0.0,0.0,0.0,0.0,0.0,0.0,0.0,0.0,0.0,0.0,0.0,0.0,0.0,0.0,0.0,0.0,0.0,0.0,0.0,0.0,0.0
243,31.575067145724667,30.53571572330005,32.46225363577082,31.663913633226848,33.89586651221066,34.40098298072769,48.70812105535549,50.93347530112169,28.42542606873355,29.82535934186359,30.700989497495,30.67944418092239,33.814912752909265,31.881181712272166,31.40692080107499,30.24839644934385,30.323398984966722,31.461980400909084,29.414028623047983,33.96530758132599,59.194796402419314,32.06528311804302,34.16909739266316,25825.889606420304,32.26965356810041,0.0,32.46690384678175,32.88719567217413,32.45035483630909,32.95001180839563,33.349826370056235,0.0,0.0,30.48407156915911,0.0,0.0,0.0,0.0,0.0,22.53671095467416,29.834712373151717,30.832716686070682,0.0,33.84193565604221,0.0,30.585848905465784,0.0,0.0,0.0,29.509824129558382,31.283523890889896,25.969296938242376,0.0,0.0,0.0,0.0,0.0,0.0,0.0,0.0,0.0,0.0,0.0,0.0,0.0,0.0,0.0,0.0,0.0,0.0,0.0,0.0,0.0,0.0,0.0,0.0,0.0,0.0,0.0,0.0,0.0,0.0,0.0,0.0,0.0,0.0,0.0,0.0,0.0,0.0,0.0,0.0,0.0,0.0,0.0,0.0,0.0,0.0,0.0,0.0,0.0,0.0,0.0,0.0,0.0,0.0,0.0,0.0,0.0,0.0,0.0,0.0,0.0,0.0,0.0,0.0,0.0,0.0,0.0,0.0,0.0,0.0,0.0,0.0
244,31.67452330605336,0.0,32.57075707176682,31.81778027290072,33.91412232542734,34.659587820712545,49.00745517714711,50.92820143582344,28.528191180550277,30.07494406083211,32.54969370434502,31.07104126100424,34.62860489300823,32.377114750303804,31.413469228326107,30.325646608359236,30.45568497966933,31.59957974591876,29.97587945746716,34.00363817799246,59.95480375392148,32.025692333293776,34.2419656338393,17990.26120495941,32.27575931200022,0.0,32.53951094836793,33.01318458248659,32.48325475240943,33.04015364545876,33.40771019179556,0.0,16.714067225322676,30.57929684653471,0.0,0.0,0.0,0.0,0.0,20.179160943619863,30.085032189262506,32.75136100209863,0.0,34.657041565992586,0.0,30.48532486285449,0.0,0.0,0.0,30.074589173796795,31.4691392561251,20.15578004482669,0.0,0.0,0.0,0.0,0.0,0.0,0.0,0.0,0.0,0.0,0.0,0.0,0.0,0.0,0.0,0.0,0.0,0.0,0.0,0.0,0.0,0.0,0.0,0.0,0.0,0.0,0.0,0.0,0.0,0.0,0.0,0.0,0.0,0.0,0.0,0.0,0.0,0.0,0.0,0.0,0.0,0.0,0.0,0.0,0.0,0.0,0.0,0.0,0.0,0.0,0.0,0.0,0.0,0.0,0.0,0.0,0.0,0.0,0.0,0.0,0.0,0.0,0.0,0.0,0.0,0.0,0.0,0.0,0.0,0.0,0.0,0.0
245,31.79459788627703,0.0,32.69901125696606,31.980990660490427,33.929227239809734,34.882031274477754,49.137507019594295,50.95376801151019,28.344972894807306,30.114186996819114,32.54064028074133,31.21974251173043,34.67286358003463,32.38366333823706,31.41573460550262,30.36029407468188,30.535902483369348,31.633331739076453,30.134988011933928,34.01723784361366,60.76389107735736,31.98366653896123,34.23953029496829,6112.805433942612,32.27019636169359,0.0,32.64117368138386,33.15152445793501,32.532102728983325,33.009287848159374,33.43937604921621,0.0,15.08834295110303,30.523213601495957,0.0,0.0,0.0,0.0,0.0,20.190005147441987,30.122887681788058,32.757976831902624,0.0,34.70229792347368,0.0,30.366808051484064,0.0,0.0,0.0,30.247721161853036,31.526635418573925,20.211026519505776,0.0,0.0,0.0,0.0,0.0,0.0,0.0,0.0,0.0,0.0,0.0,0.0,0.0,0.0,0.0,0.0,0.0,0.0,0.0,0.0,0.0,0.0,0.0,0.0,0.0,0.0,0.0,0.0,0.0,0.0,0.0,0.0,0.0,0.0,0.0,0.0,0.0,0.0,0.0,0.0,0.0,0.0,0.0,0.0,0.0,0.0,0.0,0.0,0.0,0.0,0.0,0.0,0.0,0.0,0.0,0.0,0.0,0.0,0.0,0.0,0.0,0.0,0.0,0.0,0.0,0.0,0.0,0.0,0.0,0.0,0.0,0.0
246,31.89266854663586,17.773744140891473,32.769361618534276,32.032409777556836,33.92122676058307,34.988106447578105,48.9239069734424,50.510234477343374,28.152407310990448,30.080004238854485,32.268824569119836,31.126507396848524,34.63262687586166,32.18021316414621,31.409331223727577,30.414601063318614,30.58099805666736,31.58855200457822,30.13887306558516,34.062214283054004,62.74940790785877,32.01726988899489,34.228112778862396,1474.8121449362657,32.251136240617484,0.0,32.64026583377699,33.27637937482564,32.574855701937636,32.97854937167699,33.49389050060836,0.0,1.423600220692848,30.46664148715006,0.0,0.0,6.40158828217015,0.0,0.0,20.530195089650928,30.072825117684943,32.49212383030908,0.0,34.662040620332846,0.0,30.218393887948558,0.0,0.0,0.0,30.26435553461937,31.58034934411186,21.09228181984621,0.0,0.0,0.0,0.0,0.0,0.0,0.0,0.0,0.0,0.0,0.0,0.0,0.0,0.0,0.0,0.0,0.0,0.0,0.0,0.0,0.0,0.0,0.0,0.0,0.0,0.0,0.0,0.0,0.0,0.0,0.0,0.0,0.0,0.0,0.0,0.0,0.0,0.0,0.0,0.0,0.0,0.0,0.0,0.0,0.0,0.0,0.0,0.0,0.0,0.0,0.0,0.0,0.0,0.0,0.0,0.0,0.0,0.0,0.0,0.0,0.0,0.0,0.0,0.0,0.0,0.0,0.0,0.0,0.0,0.0,0.0,0.0
247,31.740699738712408,30.329159303063125,32.587633042538755,31.829088770981784,33.897545448638766,34.83628901728508,47.89839380494243,47.761604971867655,27.63118229385897,29.675945848090635,31.796735922508645,30.77048055822118,34.24227502534194,31.8820920131202,31.40700056420087,30.394097836826006,30.544678310095552,31.46094327728477,29.97283337636958,33.99822235321892,63.566643806602485,31.821465409189287,34.200299516186305,154.81528834060043,32.1681316609812,0.0,32.40610329955018,33.29445306772527,32.57241237285324,32.967266579824184,33.495324511562785,0.0,13.604293939767423,30.38314609817916,0.0,0.0,27.741876694264423,0.0,0.0,19.624079571585344,29.65344898184341,32.027037508242984,0.0,34.27154180475611,0.0,30.209207521268098,0.0,0.0,0.0,30.10903644277363,31.517161334857768,19.629131663703845,0.0,0.0,0.0,0.0,0.0,0.0,0.0,0.0,0.0,0.0,0.0,0.0,0.0,0.0,0.0,0.0,0.0,0.0,0.0,0.0,0.0,0.0,0.0,0.0,0.0,0.0,0.0,0.0,0.0,0.0,0.0,0.0,0.0,0.0,0.0,0.0,0.0,0.0,0.0,0.0,0.0,0.0,0.0,0.0,0.0,0.0,0.0,0.0,0.0,0.0,0.0,0.0,0.0,0.0,0.0,0.0,0.0,0.0,0.0,0.0,0.0,0.0,0.0,0.0,0.0,0.0,0.0,0.0,0.0,0.0,0.0,0.0
248,31.72164122909571,31.14596784671564,32.55086427193987,31.689949612632162,33.903349733350296,34.85074240983721,45.52490080044436,44.408742275322766,27.387645378018853,29.683150664453706,31.336904520483877,30.770489009498192,34.26996575611696,31.757063701896016,31.435371726772132,30.36232018980911,30.507657024086754,31.350074298870823,29.783684766355734,33.91754292405835,74.56712925450404,31.735843029508715,34.16340192723055,149.6585237028114,31.945262925372475,0.0,32.24585635614119,33.15910094281094,32.56809282797768,32.94670007586831,33.50991175145168,0.0,22.2909410806761,30.093441703866354,0.0,0.0,32.01789911952419,0.0,0.0,19.4778017326915,29.66202887060021,31.576115515107972,0.0,34.299384344933515,0.0,30.310738560826444,0.0,0.0,0.0,29.94440305656454,31.42522348337523,19.932938358956303,0.0,0.0,0.0,0.0,0.0,0.0,0.0,0.0,0.0,0.0,0.0,0.0,0.0,0.0,0.0,9.038706066713878,2.1452386077406955,0.11973314335536313,26.599181691308928,28.491619421368796,30.177579618878458,0.0,31.153664127339386,0.0,0.0,0.0,0.0,0.0,26.994757527685877,0.0,0.0,0.0,0.0,0.0,0.0,0.0,0.0,0.0,0.0,0.0,0.0,0.0,0.0,0.0,0.0,0.0,1.8996829259247248,0.0,0.0,15.53514207349748,27.516122186475478,28.90294636860069,0.0,24.18125921574317,0.0,0.0,0.0,0.0,0.0,0.0,0.0,0.0,0.0,0.0,0.0,0.0,0.0,0.0,0.0,0.0,0.0,0.0
249,32.21641559515476,31.75619061461843,33.047445175242274,32.099462784037414,33.949314919141216,35.238970615999676,45.582430883357006,44.15428869414484,28.14749297414698,30.87239272479181,31.71818216772504,31.56949606305659,34.54265866535167,32.0024959892109,32.002544937256516,30.59428981300716,30.765920182059148,31.41245267035231,30.280007214056326,33.99982140877,183.78508058346554,31.96988333583617,34.17676134191083,148.2717300044527,32.24809676013152,0.0,32.58460533435681,33.26723837786005,32.71151691137586,33.01968148517176,33.72681453544146,0.0,24.55043516946896,30.279150326860016,0.0,0.0,33.040814668462424,0.0,0.0,19.982761051397762,30.85188515376558,31.975443048665397,0.0,34.57247472570657,0.0,30.896384929607777,0.0,0.0,0.0,30.47230756771313,31.48640153518334,22.349519460352468,0.0,0.0,0.0,0.0,0.0,0.0,0.0,0.0,0.0,0.0,31.60460173384738,31.829191779770394,32.899650376068124,32.02477548690297,33.879021953278965,35.09836281201828,42.8195585807859,42.567138107295285,30.085548256448824,30.87038078149007,31.801719473446788,31.557912598682236,33.82678862221034,31.863539896984427,31.963628186559845,28.81759500753156,31.305115314193444,29.462871733726416,30.36689190001951,33.90487457910574,171.72491627853148,22.849034845697584,23.11422297939722,117.65293386288023,30.11824386968015,0.0,32.21187905294221,0.0,0.0,16.156144314341912,0.0,19.789205312390667,28.182515316904134,31.800021030187196,0.0,0.0,34.034556965798046,0.0,0.0,28.397895552629006,30.723216976772605,31.75747450564348,31.31895666871287,30.50719650559619,30.720012115362128,31.583922024351896,29.875384277727512,30.581111098854308,30.69004606475079,30.26915759984128,30.480796294089064,87.58851784116348,18.245128687591166,0.0,9.632660547052387,24.0910884931788,0.0,0.0,0.0,0.0,0.0,0.0
250,36.03972501603714,35.83158085608229,37.03248805246062,34.98965049403502,37.61850147705559,38.01515602602734,45.25179099100285,43.43502397661325,29.92872010854597,33.98216051257563,34.019900898024424,34.83591526724439,35.97879348440358,34.62148469343873,37.23701036182092,32.8953506972427,33.30061273277796,32.9927106591672,32.324181343124536,34.16680963731267,212.28893526402715,33.92208094170579,35.31767466013491,149.26915215153258,32.283994001538474,0.0,34.65178087822807,35.1497384038737,34.78485068107062,35.475810491046644,36.1750797968341,0.0,28.7259940815974,32.59024941145433,0.0,0.0,36.327215117932134,0.0,0.0,21.000965457331578,33.966304043850926,34.34546432593777,0.0,36.0106317644977,0.0,35.99349473214342,0.0,0.0,0.0,32.58556404098556,31.60435624486263,22.502521875179063,0.0,0.0,0.0,0.0,0.0,0.0,0.0,0.0,0.0,0.0,35.86384748524463,36.033726573761804,36.99634491864856,35.20660864438696,37.605312913584044,37.96834269574134,44.05372114761863,42.82253931523128,33.037512845320194,34.01067264345414,34.24593974678913,34.87596191185105,35.54564399872318,34.585499547020504,37.21895540408582,32.65374512881958,34.01404177561318,32.28264471796783,32.544106892842706,34.15384490851636,207.23596407804212,31.64062261945766,35.17054197514469,135.21729603889642,32.18100249062772,33.99964360691321,34.61033233475774,34.85150670218484,34.96469947750924,35.42411414203883,0.0,30.536290261231862,33.969613364890016,36.77027570347757,0.0,0.0,37.46649512911971,0.0,0.0,31.85973898429262,33.89209821721906,34.21918701856619,34.73974927345935,33.72722957644891,34.22354063717936,37.09123463403863,32.941620242607605,33.686641446176054,32.75525526145495,32.4924525809287,33.44606288966312,147.95728859073392,29.88745599246964,0.0,42.18679026703006,31.29645468695985,17.656562226368326,0.0,0.0,0.0,0.0,0.0
251,36.15913854380892,35.91741301898832,37.06409691963586,35.583532084500824,37.7218116314566,38.071924997701956,44.35064936322419,42.253756513758844,30.66186291688089,34.30030493623093,36.17835204355835,37.048009520496805,38.85753814316928,36.76063651780481,37.32125930883967,34.98373733484472,35.163192080469145,34.44547704340373,41.069196796828855,80.7226660766247,225.82032929113538,34.67620551968209,36.603453598146984,156.8439794937433,32.35872552438579,0.0,35.41646191919767,36.87871628204675,37.74644447166153,38.45571891444877,38.21588961275779,0.0,29.909154951905798,30.96337873055638,0.0,0.0,36.5636046665272,0.0,0.0,20.1961966450774,34.28170051756396,36.55245398908846,0.0,38.89050213028611,0.0,36.51756454795119,0.0,0.0,0.0,41.4727033819382,67.10570413752764,20.496244282445147,0.0,0.0,0.0,0.0,0.0,0.0,0.0,0.0,0.0,0.0,36.13040940564716,36.1978318641647,37.052749192611145,36.01409831679803,37.673355786864704,38.06742887531556,43.42245432088055,41.89035480167913,33.60557059970137,34.341571601061105,36.48051336160307,37.09603314833032,38.53525832938942,36.75544076284609,37.311294593564526,35.07594740530884,36.18872925265748,34.009468486418285,41.479951075075405,80.7250622070228,222.88261231722652,33.30591235496772,36.563905129050056,148.08137439373414,32.34751316365703,39.64564682638638,35.418388556728075,36.84400997309112,38.08272547783531,38.48649165487217,36.29463192604454,33.70122567432388,34.87113522978114,36.91097091505746,0.0,0.0,37.57320533554598,0.0,0.0,32.65776369178297,34.223757892522855,36.4504264199077,36.981578565029594,37.11572108105332,36.481580037164285,37.223692574364975,35.254498650886035,35.93118219892588,34.345257646102745,41.42510400463806,78.62177792829472,175.15992730232432,31.979757860583767,0.0,72.74274074920304,31.907749098077474,32.404593944264704,0.0,0.0,0.0,0.0,0.0
252,40.91954543496534,40.4088255299726,42.4221799432587,37.012937367339575,43.645485241739834,43.20787276951421,46.64599443175632,45.738290742193044,31.780839895248825,35.73462498433955,39.000104812616065,39.98017517127295,40.89682114631188,39.30805133808235,42.14456950842305,36.18873656357291,37.47181042843817,35.351178502295966,41.24054899216567,82.44901311802266,253.17935129843505,36.65550162120201,37.95933133294227,156.65562546303136,32.72415643359494,0.0,36.59244898103253,37.82208303600498,40.18182243467994,38.59826513077991,40.55097819883713,0.0,35.36081493925247,36.16421646191739,0.0,0.0,40.784318049228105,0.0,0.0,19.34230397099745,35.68687377962121,39.419736030154695,0.0,40.9242812705628,0.0,41.4565695286293,0.0,0.0,0.0,41.81260792077879,67.98998094916847,18.390521065960733,0.0,0.0,0.0,0.0,0.0,0.0,0.0,0.0,0.0,0.0,40.905624735332324,40.832235370487524,42.439578027256175,37.348473137697624,43.978188232927096,43.202896556948645,45.787965772158486,45.36031727817669,34.787365605756015,35.797171818174434,39.36633054656724,40.03529665635597,40.64211755138114,39.3220680648696,42.13301009212955,36.44410094945716,38.27667767291132,35.024664823192886,41.84209664570915,82.45232306110495,250.79478323810278,35.64693256308682,37.959598352607316,150.9437476304072,32.74515396250521,46.050638399307786,36.62435171766276,37.870814078736714,40.43668268658962,38.67584644234512,40.44530693559878,38.34897505488377,39.739218796750464,42.26025401631439,0.0,0.0,42.43659230445074,0.0,0.0,33.78671336338401,35.69657512263902,39.3047080831721,39.91771141044431,39.53539137075835,39.06584635435362,42.04773369242787,36.55904523694353,38.03563507795982,35.304967022462996,41.79182397822956,79.69066673935265,201.13179743349264,34.761690861796254,0.0,102.8750981025276,32.497909750874854,39.86750536213257,0.0,0.0,0.0,0.0,0.0
253,42.00469019774644,42.0352944696627,43.89014331565022,37.7764522031212,47.857308842225166,45.98558538123143,49.2922523802406,48.99849185970595,30.133013872756464,35.18239322321293,41.94679686459768,43.46987982985695,43.66230043586938,42.608704425369126,45.102956064567934,36.491793858981495,40.749473596086276,35.58048495603394,43.122749030767515,131.44214358084128,298.6949102565468,37.29459070377761,38.30056721382391,154.10138959472874,36.47183034308199,45.6546037328267,37.17217264278361,37.98155931797709,42.91832457899236,39.06637041831118,45.811769623981036,0.0,37.711908329435,38.9063072860546,0.0,0.0,42.458227915731285,0.0,0.0,17.80216680789052,0.0,42.37693140012766,0.0,43.68590030155417,0.0,44.53177855373936,0.0,0.0,0.0,43.632079362030396,93.54601516597639,16.198425105768347,0.0,0.0,0.0,0.0,0.0,0.0,0.0,0.0,0.0,0.0,42.005759268020526,42.48328263671297,43.88872705632707,38.02642710296311,48.289566364530856,45.98409715088536,48.42015016674361,48.542994089056265,34.25494004460905,35.26243907032267,42.331474739039976,43.537855201265074,43.40917094833063,42.63364482082821,45.10029390996806,36.82751463688039,41.46407707777655,35.27650831595474,43.68337959947155,131.53428341642837,295.8612046905955,36.43918709449223,38.3096284877098,149.95005356703572,36.49405953724383,46.92427899453833,37.2362037522862,38.057977522974795,43.16644715936491,39.15353935036592,45.79631699907338,39.42601041491145,41.378356022152786,43.57156865430323,0.0,0.0,45.01197803427148,0.0,0.0,33.37907909113369,35.175062072250185,42.25868116185261,43.40685249043297,42.492178479218936,42.349475136267856,45.004244231854784,36.934457727236136,41.202542761369365,35.533313486700635,43.63215153338018,127.02029605190378,231.96604133803177,35.74459605095181,0.0,112.94272693014746,36.108148576455164,41.81245974123588,0.0,0.0,0.0,0.0,0.0
254,96.69282836494197,98.22726409015381,106.31146211338205,44.51086530999682,113.16223303538209,45.42247858330484,111.62138658414733,115.20249724640053,32.816881609293915,42.02266849727465,49.680574768038,51.336714605213274,52.75687590675204,50.67538050575138,176.87088174017163,41.64694639085509,47.41196559032712,41.76211226700133,90.13787862626899,104.08344141239922,255.90251560769062,43.62155711628457,44.97665797219952,135.46444591344198,57.80658180999865,109.49930932057717,43.66076872656777,44.82632612553061,54.09680788829618,52.80465971691228,54.76382893422738,0.0,76.59521637532185,83.27028011222743,0.0,0.0,42.025947932740394,0.0,0.0,20.702279752212817,0.0,50.28470979533495,0.0,52.78588014454044,0.0,169.51495135858607,0.0,0.0,0.0,91.28676542096414,80.05575861092662,18.369438208855595,0.0,0.0,0.0,0.0,0.0,0.0,0.0,0.0,0.0,0.0,96.66968016498068,100.2129142305428,106.3147581579642,44.73135121226335,115.82365328473543,45.42212152540159,107.80379294377384,111.48500467348654,40.38106998532509,42.146747427565856,50.21481504232028,51.43034047708284,52.455459759373824,50.69851696566019,177.3488675049748,41.757430184739434,48.16682133800043,41.3021139301013,91.64714037369492,104.16425923594375,254.242453985265,42.647325244874466,44.97416587448555,133.85586333301092,57.79471537616132,113.69537105997551,43.72831046860881,44.93200799703345,54.463045992179104,52.91737632668969,54.83888787384217,81.81870278285957,93.95176108805802,105.1673210461086,0.0,0.0,44.478707556183,0.0,0.0,39.1621687564212,42.01915755605157,50.119894557330014,51.250921145143735,51.6767496177204,50.2973555695041,175.56552044491625,41.92809193524916,47.821586954168716,41.65675479449682,91.52505425993951,101.52953041462042,208.99344025648415,41.87547056031404,0.0,109.4936327717903,57.11598388241068,89.64574490480936,0.0,0.0,0.0,0.0,0.0
255,49.21934094269176,50.36534779128132,53.039333576919034,46.93296539622516,55.139011854208775,38.02618943948488,54.48172587563249,57.254818324111056,33.13264673564681,43.076911695074216,51.37832750494464,52.00894678493029,55.991678692201674,52.3862207478345,55.736710078093665,44.24601414646867,46.71462722862163,44.59400299058913,89.4954256211129,100.35837146673288,227.89937432266782,45.22970023822381,46.64910865766103,104.64074541343393,96.2665923130146,206.89038400790506,46.0042143837569,47.76192826217596,58.19567729265884,53.908577253061196,193.2978439329247,0.0,44.33603134030722,46.96770172438547,0.0,0.0,35.66828249432707,0.0,0.0,23.214274086923947,0.0,52.09899589057443,0.0,56.02167511540301,0.0,55.05927018857637,0.0,0.0,0.0,90.63600585841947,76.96692748645195,21.529475614754706,0.0,0.0,0.0,0.0,0.0,0.0,0.0,0.0,0.0,0.0,49.01830963997256,50.74753586810843,53.042702457929636,47.157655301660384,55.81860543304629,38.012266969442265,53.33378126486377,55.12577354387904,41.64267219105611,43.19210673340024,52.02237204969151,52.10719768129479,55.676917156199934,52.3917355218515,55.72675587160347,44.252938863426294,47.2964836719143,43.99079404830131,90.98666427196633,100.45612351531474,226.08651363881904,44.16580837075457,46.61882481848423,104.1587287685406,96.10686574375649,218.42905145527425,46.07618199423058,47.864666848930426,58.618534825853885,54.005071889335454,193.91749140311276,41.146492119945755,48.91590475102237,52.671502355270405,0.0,0.0,37.2937641259703,0.0,0.0,40.13923654234419,43.049601488023725,51.95296890716783,51.89975153366433,55.09016440943526,51.90871706362454,55.554516008580634,44.440616346737016,46.94202364273892,44.42642845992939,90.85805153825532,98.22639914929087,188.42875872023467,43.2670893456133,0.0,84.40610829925576,93.7220541876469,142.2725606116032,0.0,0.0,0.0,0.0,0.0
256,35.92373833534346,36.075371861252314,37.007019952000064,36.13674461053762,37.94196995022503,36.70729860174049,38.95927107392083,40.70094470193908,28.748879803835976,34.070814866737464,37.91754758079868,37.44462430442397,41.1386393962303,38.52608243316524,37.349039783777016,35.30694209355989,36.41822518307292,35.374324419887415,42.6198702768934,46.56472186383098,210.40603859291096,35.34134528527311,36.649556434781516,47.14162435099922,45.794579669959035,92.67853282596583,35.48630607983938,37.91589588283273,41.32142095224545,39.04763354954355,55.839078907155226,0.0,33.340260854782976,34.25342460823849,0.0,0.0,34.439189025087025,0.0,0.0,22.125696100465067,0.0,38.34969918577258,0.0,41.15491934869908,0.0,37.07762911982382,0.0,0.0,0.0,43.077283453914816,41.32347366672329,24.915968828349612,0.0,0.0,0.0,0.0,0.0,0.0,0.0,0.0,0.0,0.0,35.728386907948995,36.191783642923525,36.99839381988568,36.26082196979041,38.1631332737129,36.661768470658274,37.85938992448257,38.77895927680308,33.31117911956838,34.138724658177466,38.27933122902749,37.49858301877396,40.897653765413544,38.51286186322511,37.32114960470767,35.219781598018415,36.73041543140698,34.9027502206356,43.107266720241455,46.605874060446695,207.95796267418254,34.61348032128697,36.620224156205694,47.033209810683374,45.76538039856004,95.34019218818912,35.56317766364003,37.99135163121292,41.526999805199694,39.09579101399174,55.977891084921794,29.60558973770744,34.962246148307344,36.718595589034564,0.0,0.0,35.55345576204494,0.0,0.0,32.10255714946641,34.05001154789922,38.23783049030283,37.36687005367223,40.457712961873504,38.19248449398582,37.223207021606086,35.37011501619425,36.47240565598864,35.23725074043682,43.05860953155616,46.08392897883817,171.16945508564064,34.00554902262809,0.0,41.5628045135783,45.27044792440105,78.30856565489569,0.0,0.0,0.0,0.0,0.0
257,34.71482664715175,35.01863930187277,35.76686823232933,34.86144935825486,37.56389511639213,34.974178347539464,36.28427601024953,37.88206532976801,27.47816468451872,32.661765010495,36.017848595168985,35.63653778186904,38.96972835284629,36.86951349101264,36.36922502258244,34.07615962021859,34.92630160084609,34.84824036704737,35.51706956752643,37.096819133616066,188.8817663104163,34.167448741432516,35.16326712262696,38.18131530414348,38.1443450725385,46.065394647710534,34.177946013100424,37.68418800297013,40.24948528042849,38.60855668919072,46.96623628032626,0.0,32.50188547344091,33.52081613033619,0.0,0.0,32.76193021881368,0.0,0.0,23.438598462354367,0.0,36.48067498153296,0.0,38.98501050051095,0.0,36.11956694537355,0.0,0.0,0.0,35.84166686424162,33.59745335509301,30.497657452964045,0.0,0.0,0.0,0.0,0.0,0.0,0.0,0.0,0.0,0.0,34.44317893612148,34.7927364511098,35.73805962705734,34.93733344649996,37.47697114852144,34.71697500885185,28.72962822317665,16.26137871307883,31.685920755807118,32.69331939416986,36.33517592547797,35.662855148288486,38.59815797977273,36.812018749234454,36.313142586067215,33.9166756821716,35.1983241740399,34.149800879767824,35.83472143913724,37.11187104682523,185.5809396615582,33.22275043861755,35.091227892026566,38.074169838077765,38.10536092793626,46.82235820750691,34.28952555857023,37.72340725330281,40.421175504533835,38.64488169851654,47.05286302373679,26.2237931620348,30.895229798224484,35.32608466838694,0.0,0.0,29.816478538800318,0.0,0.0,29.359600095875294,32.55129019912584,36.272825501415085,35.47731146027555,37.84488241911244,36.36608657392193,36.131762920533106,34.258063977675945,34.86231779161297,34.61788208304162,35.79710483686682,36.616301598179746,147.43683477548487,32.427460107642304,0.0,32.78249532781993,37.61472307263381,42.10489406734197,0.0,0.0,0.0,0.0,0.0
258,31.3321598174916,31.62009025986734,32.25160435044927,31.401911167790786,33.91923452929291,34.10907409263331,34.71161371945186,35.48524591235491,24.470792062235375,29.521054153160975,31.449110395713742,30.896001733346168,33.6686827754491,32.134781724941774,31.670693367260583,30.18346078117462,31.00575844434017,31.3111287082819,28.93990590019957,31.332991131328924,67.57190530111501,31.330166358051414,34.04160770142539,31.72996598384259,32.41918901582608,36.070937816196746,30.912290852782576,33.390577987091774,34.341576717722866,33.34966711664222,46.81689188942073,0.0,28.832240358367788,30.424796648813146,0.0,0.0,31.877031243159216,0.0,0.0,22.365624591059465,0.0,31.856863063438823,0.0,33.68545211729668,0.0,31.489065129020943,0.0,0.0,0.0,29.17027557072771,28.80694902791181,27.057339283514377,0.0,0.0,0.0,0.0,0.0,0.0,0.0,0.0,0.0,0.0,0.0,1.1050123462160595,31.63791087911183,31.25346618067315,33.861259942625566,0.0,0.0,0.0,16.777459831086798,29.024734624587545,30.507957613149838,30.78893990115894,32.83405638742609,31.87117078123336,31.105093509515847,28.65621994816886,31.147054591357914,29.425056167529327,29.083690778755056,31.304541317453527,66.58063964727434,28.734104369809444,33.872346694070465,31.514051671052812,32.33535028232204,36.56933522874084,30.971641027753627,33.365965422284205,34.422901069788736,33.30299706027873,46.86298661363253,0.0,0.060145688725318815,26.23805665980006,0.0,0.0,0.0,0.0,0.0,4.0514184767698955,26.94668045478499,29.63077674102321,29.92583876242072,30.670952427940268,30.133081119316618,29.50735339362587,29.889076360506415,30.100329398811798,30.65321981858915,29.036837467176113,30.540358171719628,56.066306121004,26.810253138818823,0.0,25.300138167112795,31.886896815077613,31.883693304491867,0.0,0.0,0.0,0.0,0.0
259,31.240915185092533,31.56498645581074,32.215649987549,31.22444435546612,33.897700407521825,34.1388087045118,34.733066406950286,35.501318069790955,21.7853099902144,29.528425420952686,30.968407405535192,30.69587518205452,32.94602675278213,31.75028982064987,31.61062400087644,29.925623243241883,30.662837735457416,31.093205037656446,28.59932337023796,29.76929658618843,58.5684569999394,0.0,31.90182442968137,31.171431163798502,32.368415025274544,31.32526323559759,30.819020514732287,32.709228439102844,32.81344404969122,32.882818871843966,46.20325990745755,0.0,26.1975092061191,29.810146182101704,0.0,0.0,32.07432563019408,0.0,0.0,21.566647940625085,29.532532307712245,31.38896648829359,0.0,32.96856355440525,0.0,31.408136581673407,0.0,0.0,0.0,28.813054282160522,27.171106277685762,23.773550139531302,0.0,0.0,0.0,0.0,0.0,0.0,0.0,0.0,0.0,0.0,0.0,0.0,0.0,0.0,0.0,0.0,0.0,0.0,0.0,0.0,0.0,0.0,0.0,0.0,0.0,0.0,0.0,0.0,0.0,28.96243754489514,50.917808139665844,0.0,30.721486834144773,29.403822943434132,31.982596504371408,31.587562142945558,0.0,32.29588866777044,32.805054275087286,0.0,46.209343635680966,0.0,0.0,0.0,0.0,0.0,0.0,0.0,0.0,0.0,0.0,0.0,0.0,0.0,0.0,0.0,0.0,0.0,0.0,0.0,23.711330098351123,7.8774303342260925,0.0,0.0,8.796921268194817,29.840278568542043,21.7276966754259,0.0,0.0,0.0,0.0,0.0
260,31.28616156937092,31.560036062801444,32.23263278896127,31.236249811290584,33.887759920872895,34.202166342168994,34.85798528305395,35.65179524562723,0.0,29.562490931290597,30.815359305440104,30.694377273675855,32.83444389305146,31.692911984151806,31.574246697175568,30.00712288337537,30.722261452440947,31.161185043593775,28.561658549412172,29.633844553096367,58.11015360692906,0.0,31.747355527933507,31.049176750265417,32.323758622112564,30.944974881801812,30.915372537215546,32.66826625660002,32.58808908283495,32.84617505653742,33.962127399036035,0.0,25.57457698033491,28.81394973195528,0.0,0.0,32.40509995603003,0.0,0.0,20.93066298031554,29.575585087130207,31.29271688794688,0.0,32.86075470788319,0.0,31.319563688595675,0.0,0.0,0.0,28.769451019179826,26.698548718963544,22.179081296130185,0.0,0.0,0.0,0.0,0.0,0.0,0.0,0.0,0.0,0.0,0.0,0.0,0.0,0.0,0.0,0.0,0.0,0.0,0.0,0.0,0.0,0.0,0.0,0.0,0.0,0.0,0.0,0.0,0.0,0.0,0.0,0.0,0.0,0.0,0.0,30.431837536150752,0.0,0.0,0.0,0.0,33.92156230584931,0.0,0.0,0.0,0.0,0.0,0.0,0.0,0.0,0.0,0.0,0.0,0.0,0.0,0.0,0.0,0.0,0.0,0.0,0.0,0.0,0.0,0.0,0.0,0.0,0.0,0.0,0.0,0.0,0.0,0.0,0.0
261,31.32989058861657,31.558224541516466,32.23197375476161,31.2497781120884,33.880459034833166,34.2428376444488,35.00014033613752,35.84982272489867,0.0,29.527090841430237,30.47935882894315,30.724169279530145,32.78342641911536,31.651296246060667,31.534413374458836,29.931353237864666,30.71613880722701,31.166297618263172,28.59265267720623,29.56059333549277,57.81872939745014,0.0,31.607181148281427,31.003723840854036,32.29362703679328,30.87893714688228,30.955670175167427,32.69715491353509,32.52451607563245,32.8259618988298,33.51228531511197,0.0,30.036696861409972,30.531842933268827,0.0,0.0,32.689703302866576,0.0,0.0,21.253285495836675,29.50729455063339,31.291779607172998,0.0,32.810541073430954,0.0,31.20468988116709,0.0,0.0,0.0,28.76524139628245,26.714856282786915,22.93477793449565,0.0,0.0,0.0,0.0,0.0,0.0,0.0,0.0,0.0,0.0,0.0,0.0,0.0,0.0,0.0,0.0,0.0,0.0,0.0,0.0,0.0,0.0,0.0,0.0,0.0,0.0,0.0,0.0,0.0,0.0,0.0,0.0,0.0,0.0,0.0,0.0,0.0,0.0,0.0,0.0,33.448712326912045,0.0,0.0,0.0,0.0,0.0,0.0,0.0,0.0,0.0,0.0,0.0,0.0,0.0,0.0,0.0,0.0,0.0,0.0,0.0,0.0,0.0,0.0,0.0,0.0,0.0,0.0,0.0,0.0,0.0,0.0,0.0
262,31.337387797916172,31.55188413241916,32.228209877132485,31.263453428055143,33.87728716549532,34.30169858230414,35.18141226766147,36.309051468634834,23.727605940317336,29.475160739504958,30.35209397713301,30.8678670353828,32.72146231333295,31.688645642333313,31.52125229357239,29.787631114614577,30.695175542282627,31.200737963690273,28.655284533625647,29.52228689994385,57.49182261723362,0.0,31.504132048478795,31.041169873070373,32.310256193824216,30.80418869874313,31.023796817642335,32.70999828424692,32.49647372993758,32.82105047764716,33.37151882939793,0.0,30.053719025870286,31.148294921765185,0.0,0.0,32.79263813183508,0.0,0.0,21.82552497652711,0.0,31.38522662847265,0.0,32.75026556310934,0.0,31.10433077757735,0.0,0.0,0.0,28.777227851996656,26.7518280443233,24.364233090541823,0.0,0.0,0.0,0.0,0.0,0.0,0.0,0.0,0.0,0.0,0.0,0.0,0.0,0.0,0.0,0.0,0.0,0.0,0.0,0.0,0.0,0.0,0.0,0.0,0.0,0.0,0.0,0.0,0.0,0.0,0.0,0.0,0.0,0.0,0.0,0.0,0.0,0.0,0.0,0.0,29.79291503322218,0.0,0.0,0.0,0.0,0.0,0.0,0.0,0.0,0.0,0.0,0.0,0.0,0.0,0.0,0.0,0.0,0.0,0.0,0.0,0.0,0.0,0.0,0.0,0.0,0.0,0.0,0.0,0.0,0.0,0.0,0.0
263,31.35284210758016,31.55518469394103,32.23167890678269,31.27655851222677,33.877521762576635,34.438776476186206,35.602618562847965,37.13038517611267,25.224548084312097,29.482969854193186,29.770553777002217,31.222856741791816,32.81698211230122,31.883146763462378,31.514952440517163,29.602509208170424,30.803038472776656,31.299564843237704,28.684676910307516,29.547008129277685,57.16370786738878,0.0,31.565165739916523,31.060126424094392,32.31585118534497,30.75312498390037,31.146346795964064,32.77217394543186,32.50472813252525,32.82401290714532,33.3744172331194,0.0,30.057429452685636,31.15211107134963,0.0,0.0,32.85860536486429,0.0,0.0,22.315815945599546,0.0,31.695990979329736,0.0,32.844781908934806,0.0,31.014602519381818,0.0,0.0,0.0,28.794206223683005,26.82834830510955,25.65072390384234,0.0,0.0,0.0,0.0,0.0,0.0,0.0,0.0,0.0,0.0,0.0,0.0,0.0,0.0,0.0,0.0,0.0,0.0,0.0,0.0,0.0,0.0,0.0,0.0,0.0,0.0,0.0,0.0,0.0,0.0,0.0,0.0,0.0,0.0,0.0,0.0,0.0,0.0,0.0,0.0,0.0,0.0,0.0,0.0,0.0,0.0,0.0,0.0,0.0,0.0,0.0,0.0,0.0,0.0,0.0,0.0,0.0,0.0,0.0,0.0,0.0,0.0,0.0,0.0,0.0,0.0,0.0,0.0,0.0,0.0,0.0,0.0
264,31.353945722741194,31.557824199264672,32.24236070539632,31.2918118854979,33.884918130496544,34.63313753574937,36.549591664154946,39.74673890749614,25.387052678833648,29.40483405213712,30.295967485873042,31.235151952813567,32.85184901421445,31.875729924486507,31.499398465143713,29.38587308609497,30.84184751004404,31.319226490921892,28.69881228291149,29.60249698924855,56.81905929305486,0.0,31.554608508443494,30.88531018795493,32.26793755698054,30.725238672482114,31.358973955029512,32.88311078620154,32.52153856020179,32.82282460586572,33.376898247297504,0.0,30.060418452564576,31.161036966193546,0.0,0.0,32.93200953633602,0.0,0.0,22.28407790767968,0.0,31.66550195851414,0.0,32.87753799045845,0.0,30.971886519014724,0.0,0.0,0.0,28.799407779613873,26.986788985731536,25.597736324691347,0.0,0.0,0.0,0.0,0.0,0.0,0.0,0.0,0.0,0.0,0.0,0.0,0.0,0.0,0.0,0.0,0.0,0.0,0.0,0.0,0.0,0.0,0.0,0.0,0.0,0.0,0.0,0.0,0.0,0.0,0.0,0.0,0.0,0.0,0.0,0.0,0.0,0.0,0.0,0.0,0.0,0.0,0.0,0.0,0.0,0.0,0.0,0.0,0.0,0.0,0.0,0.0,0.0,0.0,0.0,0.0,0.0,0.0,0.0,0.0,0.0,0.0,0.0,0.0,0.0,0.0,0.0,0.0,0.0,0.0,0.0,0.0
265,341.23828134155485,415.2191767096385,515.5573505399218,444.64671156913573,1848.8073938313505,863.5114664847379,957.5681720966145,864.1431239800568,51.57043845463557,373.40646564718224,370.35762823753873,422.4147810791834,577.2973524641216,508.780019774683,486.4575270707121,337.65977132268966,337.63153667045833,603.3471768628118,99.83991410024728,282.6777713877817,109.82173756890568,346.8971613724427,434.2752843198596,261.7039496421114,330.4798362067629,289.83136678398404,497.0447833514129,659.7242206254919,209.56228588360602,444.25412012178356,534.8576920821984,0.0,38.61282795048254,223.3808540410605,0.0,0.0,139.91468545498304,0.0,0.0,175.57541617278665,391.85763026470966,420.9392313258036,0.0,571.8905299436976,0.0,419.3408781531427,0.0,0.0,0.0,93.35620077782548,15.4219537582275,77.27572064060095,0.0,0.0,0.0,0.0,0.0,0.0,0.0,0.0,0.0,0.0,0.0,0.0,0.0,0.0,0.0,0.0,0.0,0.0,0.0,0.0,0.0,0.0,0.0,0.0,0.0,0.0,0.0,0.0,0.0,0.0,0.0,0.0,0.0,0.0,0.0,0.0,0.0,0.0,0.0,0.0,0.0,0.0,0.0,0.0,0.0,0.0,0.0,0.0,0.0,0.0,0.0,0.0,0.0,0.0,0.0,0.0,0.0,0.0,0.0,0.0,0.0,0.0,0.0,0.0,0.0,0.0,0.0,0.0,0.0,0.0,0.0,0.0
266,373.0923253186811,430.03026374049114,519.4349641136569,450.9752982948445,1840.2648032140405,883.6327769850669,1004.6298951266692,891.0021794212497,51.68576933386095,384.3761917856767,388.0231743834366,425.25303117940183,596.2300154772252,518.042701404255,485.8915415136096,344.71801412940727,341.43507744395276,551.1998209442836,100.9083865372915,294.8134536742941,111.62796057129576,364.4606225342413,447.1818306768114,276.36193789080465,342.70541763254414,294.73479139268386,504.9319533490291,590.8492127077238,254.80794029869813,454.3310686675781,542.5655671941456,0.0,0.0,237.65357231683066,0.0,0.0,99.37196194107284,0.0,0.0,172.54001719083766,398.0619050626615,438.9458951304164,0.0,591.0542413526584,0.0,424.1906832947393,0.0,0.0,0.0,95.70062580553417,19.280129770913426,76.83837408216007,0.0,0.0,0.0,0.0,0.0,0.0,0.0,0.0,0.0,0.0,0.0,0.0,0.0,0.0,0.0,0.0,0.0,0.0,0.0,0.0,0.0,0.0,0.0,0.0,0.0,0.0,0.0,0.0,0.0,0.0,0.0,0.0,0.0,0.0,0.0,0.0,0.0,0.0,0.0,0.0,0.0,0.0,0.0,0.0,0.0,0.0,0.0,0.0,0.0,0.0,0.0,0.0,0.0,0.0,0.0,0.0,0.0,0.0,0.0,0.0,0.0,0.0,0.0,0.0,0.0,0.0,0.0,0.0,0.0,0.0,0.0,0.0
267,388.86754974527224,440.63834078002094,527.2373655388947,458.3470882013678,1836.4865996051662,878.3533653649158,1045.7538503341225,967.7225891028343,0.0,396.58149356179354,410.2155309092952,428.30213335939504,623.50852480197,525.3772948682354,485.06819971893833,348.93425739054607,349.3724330764718,531.5544150082801,106.3051019076866,342.6191777759158,113.96400698238995,371.39306656116224,453.85273871576715,330.59028659786804,384.9150366354195,291.58672767027707,507.18192638689175,572.3201643234859,292.79955342104194,458.5939758353348,549.7606146583678,0.0,0.0,249.10826680735448,0.0,0.0,67.54823190277294,0.0,0.0,170.18054608591638,405.893780886629,458.57723346320256,0.0,617.8893071378191,0.0,429.50578916568463,0.0,0.0,0.0,101.69968347898805,22.462027622546543,76.90577826824027,0.0,0.0,0.0,0.0,0.0,0.0,0.0,0.0,0.0,0.0,0.0,0.0,0.0,0.0,0.0,0.0,0.0,0.0,0.0,0.0,0.0,0.0,0.0,0.0,0.0,0.0,0.0,0.0,0.0,0.0,0.0,0.0,0.0,0.0,0.0,0.0,0.0,0.0,0.0,0.0,0.0,0.0,0.0,0.0,0.0,0.0,0.0,0.0,0.0,0.0,0.0,0.0,0.0,0.0,0.0,0.0,0.0,0.0,0.0,0.0,0.0,0.0,0.0,0.0,0.0,0.0,0.0,0.0,0.0,0.0,0.0,0.0
268,403.21526823536715,445.0073319194896,536.3394159077473,456.5405127805704,1833.340439860308,867.0808523918367,1038.7553038199399,1035.1154421680917,0.0,403.43163771886736,424.03323372193927,429.5736917579518,662.3763899359076,526.2842345780001,484.1632932076294,351.67564476645373,363.2009674727903,515.3359015821977,121.94650068493473,403.1662956122659,119.41687670385326,349.1644286483322,451.8844159331792,421.7380073667272,492.72937921216453,283.6134345502561,501.4023860574639,553.6505370338887,346.5024140323514,461.3171919018484,550.8754786547456,0.0,0.0,247.40983571905474,0.0,0.0,33.55828094915385,0.0,0.0,165.43123965064783,410.6775239254148,472.1290237656319,0.0,656.1106883030093,0.0,432.3758141260954,0.0,0.0,0.0,116.988048199961,26.945559617003724,77.28287401308631,0.0,0.0,0.0,0.0,0.0,0.0,0.0,0.0,0.0,0.0,0.0,0.0,0.0,0.0,0.0,0.0,0.0,0.0,0.0,0.0,0.0,0.0,0.0,0.0,0.0,0.0,0.0,0.0,0.0,0.0,0.0,0.0,0.0,0.0,0.0,0.0,0.0,0.0,0.0,0.0,0.0,0.0,0.0,0.0,0.0,0.0,0.0,0.0,0.0,0.0,0.0,0.0,0.0,0.0,0.0,0.0,0.0,0.0,0.0,0.0,0.0,0.0,0.0,0.0,0.0,0.0,0.0,0.0,0.0,0.0,0.0,0.0
269,410.5950541654404,449.0351257299698,554.7786628108042,457.4243816859829,1832.4691746720418,856.5336510006318,1030.627012148088,1116.5131161498891,0.0,406.7285792314692,423.48972592608015,428.9171951921418,662.2476477401235,510.62839244272595,485.1874102701288,348.7757672283305,365.2874644209692,505.62890208581024,134.35666150773073,424.48232816055054,126.74146991866931,0.0,454.1437024740205,468.74972304924256,455.9819148211659,276.4711459790261,509.3668525881583,545.0899257978108,371.56699404928474,464.0240810669809,543.8624238822172,0.0,0.0,243.44360286501066,0.0,0.0,0.0,0.0,0.0,161.73150345435428,412.858429988205,478.4946660285101,0.0,654.973020278625,0.0,433.4743382243027,0.0,0.0,0.0,129.42618514405967,31.800214097803238,78.33462577233338,0.0,0.0,0.0,0.0,0.0,0.0,0.0,0.0,0.0,0.0,0.0,0.0,0.0,0.0,0.0,0.0,0.0,0.0,0.0,0.0,0.0,0.0,0.0,0.0,0.0,0.0,0.0,0.0,0.0,0.0,0.0,0.0,0.0,0.0,0.0,0.0,0.0,0.0,0.0,0.0,0.0,0.0,0.0,0.0,0.0,0.0,0.0,0.0,0.0,0.0,0.0,0.0,0.0,0.0,0.0,0.0,0.0,0.0,0.0,0.0,0.0,0.0,0.0,0.0,0.0,0.0,0.0,0.0,0.0,0.0,0.0,0.0
270,430.70857477523464,451.5194471533555,570.7752191571274,460.8341960847691,1828.039653175665,844.592277372513,1011.8052685083683,1149.067920454982,5.153729029706632,411.45476506569526,422.93466388830757,430.1775647263213,650.2756120288922,492.306213996045,484.7830271085911,348.9194074534554,357.6588473697737,499.7051043742289,139.92210442049213,419.4240226504178,131.76633848159813,44.161294261183016,464.01132186259986,509.1567879255905,367.70228132617433,279.05681331419885,524.40912447031,538.9442735512375,381.9469548943442,465.80720261660247,536.5671698947949,0.0,30.59319205528753,235.09798076709475,0.0,0.0,7.736215195728594,0.0,0.0,159.32102039097384,416.3285425056955,482.0357490290519,0.0,643.5317035856372,0.0,433.4350165690362,0.0,0.0,0.0,135.44598939018027,36.535482654191334,78.80414440119604,0.0,0.0,0.0,0.0,0.0,0.0,0.0,0.0,0.0,0.0,0.0,0.0,0.0,0.0,0.0,0.0,0.0,0.0,0.0,0.0,0.0,0.0,0.0,0.0,0.0,0.0,0.0,0.0,0.0,0.0,0.0,0.0,0.0,0.0,0.0,0.0,0.0,0.0,0.0,0.0,0.0,0.0,0.0,0.0,0.0,0.0,0.0,0.0,0.0,0.0,0.0,0.0,0.0,0.0,0.0,0.0,0.0,0.0,0.0,0.0,0.0,0.0,0.0,0.0,0.0,0.0,0.0,0.0,0.0,0.0,0.0,0.0
271,476.8071184323697,460.46910103104733,590.2085852704886,470.08136711464044,1829.765384719792,850.8019277692114,1060.5297538045022,1138.8256591959448,60.84480465756663,416.354165852745,412.8945332066931,430.92860872234695,628.9763923255265,484.93936591788156,485.91334410369313,346.9663572065223,357.08809097407016,502.34544761018896,139.89381882434415,457.38488736724037,131.04150771920064,313.6884691240796,470.44426368852044,2195.860547499635,479.18328226549534,276.8885374861565,530.489891019414,530.2052138983413,389.21865415601565,469.17132760465563,531.7769517722013,0.0,48.678386074260835,242.33598414156904,0.0,0.0,85.51437353015031,0.0,0.0,145.2352632765284,420.7371013877861,467.2363450124237,0.0,623.9127165144964,0.0,434.0381673324809,0.0,0.0,0.0,135.87029119703286,39.62295835072978,73.56298637002911,0.0,0.0,0.0,0.0,0.0,0.0,0.0,0.0,0.0,0.0,0.0,0.0,0.0,0.0,0.0,0.0,0.0,0.0,0.0,0.0,0.0,0.0,0.0,0.0,0.0,0.0,0.0,0.0,0.0,0.0,0.0,0.0,0.0,0.0,0.0,0.0,0.0,0.0,0.0,0.0,0.0,0.0,0.0,0.0,0.0,0.0,0.0,0.0,0.0,0.0,0.0,0.0,0.0,0.0,0.0,0.0,0.0,0.0,0.0,0.0,0.0,0.0,0.0,0.0,0.0,0.0,0.0,0.0,0.0,0.0,0.0,0.0
272,524.7089982333026,490.98842960584756,639.6997052944187,478.82757516254327,1850.110637165642,992.0671156033336,1521.49103974547,1620.5259731441542,138.18299821491607,432.5949344195692,419.81539205645737,443.2479152892981,669.877429761236,511.6800487502218,505.94897611421175,353.89171496351855,371.5778472414835,529.5720375400776,143.95181819770997,1158.1434376518446,137.17047489456834,394.49486161918526,479.23433429937745,24974.97103997341,10016.286309720328,277.5832383871406,529.7010842241718,523.597298609431,393.67606034687384,479.1551351216725,535.2433470206392,0.0,64.82095798640431,276.0703417018881,0.0,0.0,204.31219180047157,0.0,0.0,115.69310509862844,437.1032649168001,474.42893131729136,0.0,666.5916530704337,0.0,448.970549113473,0.0,0.0,0.0,139.79661738568748,40.50716429848115,61.94747492356052,0.0,0.0,0.0,0.0,0.0,0.0,0.0,0.0,0.0,0.0,0.0,0.0,0.0,0.0,0.0,0.0,0.0,0.0,0.0,0.0,0.0,0.0,0.0,0.0,0.0,0.0,0.0,0.0,0.0,0.0,0.0,0.0,0.0,0.0,0.0,0.0,0.0,0.0,0.0,0.0,0.0,0.0,0.0,0.0,0.0,0.0,0.0,0.0,0.0,0.0,0.0,0.0,0.0,0.0,0.0,0.0,0.0,0.0,0.0,0.0,0.0,0.0,0.0,0.0,0.0,0.0,0.0,0.0,0.0,0.0,0.0,0.0
273,899.5497527284897,862.5375239105005,1315.2815826316555,561.2613432326388,1936.554074172136,1765.0817580706785,3102.892039351602,3639.8591796838955,181.12317829154978,620.8468652274206,538.440114419648,610.520549754476,996.0577127956683,688.7581955405651,1131.001440331886,380.78598127297704,411.67649023675244,745.9417897708676,328.0947660303255,2734.6887819148405,260.9004238950092,454.1769305833521,549.9417146137375,46745.09204398032,17227.732525235922,285.86849176280225,604.6002536097319,553.058467234635,406.2645187262537,535.6253900326777,599.5538955317841,0.0,76.14732549866312,348.2609346179047,0.0,0.0,275.6142880603674,0.0,0.0,96.16449596830594,629.7910829973148,632.7234672287005,0.0,990.9804973123357,0.0,834.8001762834798,0.0,0.0,0.0,300.81139510923816,40.297601535707535,58.01717339589328,0.0,0.0,0.0,0.0,0.0,0.0,0.0,0.0,0.0,0.0,80.65735694369964,281.62787835675624,71.76201622276572,42.94923525436226,1215.4378330084298,1097.7574515443064,135.81329614897925,138.39069044572187,399.72212026942566,598.502583396952,574.2126161983397,590.558494709791,727.6780451991427,588.4152787104533,1082.3263187568734,30.681076150562475,419.26616586906107,87.08357682254568,325.81066173957754,1498.606012281115,127.6946353753925,0.4280361343787654,0.0,48.581563246112474,0.0,0.0,0.0,0.0,0.0,0.0,0.0,3.670888900588065,25.156764703504106,9.73175557578122,0.0,0.0,247.09947427074107,0.0,0.0,158.06434706573367,518.9876689928603,538.1961293655633,422.5189421867008,310.1149298013872,286.56418977287694,353.9987263745368,52.41185350383419,183.9428398896973,226.46189880975786,311.39508415845984,24.462537378958167,14.474838746459168,0.2234348907229043,0.0,0.05415028567597722,0.0,0.0,0.0,0.0,0.0,0.0,0.0
274,1909.9670415030232,1935.4180424735414,11873.064410468061,1471.3963653291264,20309.20783983953,8692.746379897058,14699.418448824588,21448.909357688437,273.94128850570667,4511.032571553286,1208.5698125428555,4867.656812548219,5564.56887896406,2942.7924416449046,20936.620433890537,561.6643607804655,907.9345177528753,5013.52262517058,2544.258016897512,18211.07430715976,364.86838912223794,834.2661906392177,1092.9876398088822,89504.94316457854,52246.637117794424,328.1238499952663,1669.087900671201,918.2159853709635,530.9616994774125,1112.7896743628369,1100.9667120319762,0.0,97.54796285182849,455.4146784022917,0.0,0.0,401.3393092308257,0.0,0.0,42.01090073732308,4885.400694954228,1998.8438763426898,0.0,5492.7194623234145,0.0,1922.1344416062677,0.0,0.0,0.0,1182.8181884435567,38.27831409218685,25.202234577682695,0.0,0.0,0.0,0.0,0.0,0.0,0.0,0.0,0.0,0.0,1419.3053591768314,1789.5906222861804,10421.662413007623,1730.761983068227,16683.50116005631,6356.91557919677,878.5262224604628,789.9313536486654,865.9049096994815,4598.424657035644,1789.2437564443142,4770.745650103933,3366.053753298446,2548.2339407734125,19536.048777417393,429.5203813538504,1080.3137889224672,534.6535099682372,2899.5577028883945,11695.836243063666,275.06316194704607,175.20008618821413,782.0465193229422,1768.7920540612843,2304.0477823862834,320.30172467819096,1532.8810676696917,608.6053394546356,531.7774696843243,1075.4171585526037,0.0,114.38867338179898,285.22660612139526,2050.912371657038,0.0,0.0,1019.372778734531,0.0,0.0,331.7526847139311,2572.893826506234,1676.2379431729073,2393.2426786099904,1143.927295994628,1082.2668556092492,4026.0385163626484,514.995205488991,725.8249493252107,1171.4537812949075,2693.9063042218763,626.4943629516804,47.71377029391508,110.87535136263202,0.0,62.06182227016024,177.85603863978812,6.2429521076683745,0.0,0.0,0.0,0.0,0.0
275,2379.1515075423727,2428.714838060339,48977.469012113856,2592.1128961984828,64909.44284732319,15088.052721555627,17091.48468358049,25480.50755363536,270.59243803175355,12926.28820568568,1789.4675886963248,24127.168996866167,12948.017928333187,6446.295439544421,66005.5286213402,1215.5990635174714,1491.070621309698,15141.153679901548,2733.806700602437,30853.082026714248,391.989894904226,1048.6652434166044,2049.6574625457524,101608.75957229602,76223.09813009204,1030.539749407916,3719.4124515553713,1882.4363483236084,1055.0122516546119,3655.7416210290794,2208.9221877962755,0.0,124.76895626419768,482.1670740560603,0.0,0.0,438.3449985600418,0.0,0.0,3.7863194087801233,19231.9219718337,3280.923693757629,0.0,12865.463064782503,0.0,1983.4776542624907,0.0,0.0,0.0,1124.3172196514347,31.44934871784131,2.258002167679928,0.0,0.0,0.0,0.0,0.0,0.0,0.0,0.0,0.0,0.0,2188.0318186601517,2609.73673017066,41094.168638421404,4306.983695293695,60184.08070244888,11343.859691048607,1500.102545899608,1553.6393977748335,1159.331536400722,17553.557571418296,3005.1125967890825,25896.598839315702,6516.263341059989,5226.00733283727,66182.15754216019,938.3587894753202,2682.7113924973814,938.3448596070677,4978.251004974254,22962.089031089585,330.0426410176376,292.49082285973356,1729.6527321210622,4387.182959841306,5940.3285747892,1716.765336705471,3512.7837632292726,1680.1310456179604,1681.1624017103527,3772.138762259438,0.0,222.08451269075422,501.53864884387224,4432.845516347041,0.0,0.0,1502.4555475208892,0.0,0.0,483.8945742138345,7012.683025461815,2715.5958729572517,4881.236698245991,1970.5854664976127,1828.638966009927,7494.453314794769,1171.345864636173,1485.0634734280138,2088.1814637353114,4630.096330990227,1268.005723665905,81.507859282337,185.91714744115157,0.0,145.15638061417874,438.5265417665007,78.44184625349234,0.0,0.0,0.0,0.0,0.0
276,2332.876072539069,2981.07306204923,76316.30104952479,3138.588822523891,130169.11701456155,15811.035695107876,16063.91618472871,28779.420295146112,229.56043972901742,16868.974881408954,2279.967879973242,38014.67832887954,18804.29804053817,8638.386408727634,82565.60653737401,1545.2903323483351,1900.501409331174,17086.44860766037,2407.9023624939173,35840.63228897187,416.0146630658037,886.6628391291314,1707.6721670495658,84815.0985568244,93271.59066280905,988.2663635547237,6609.530030262959,2209.337677512167,1189.835555006704,6498.312538536283,3261.0653725413954,0.0,142.48886365036452,483.28583796352143,0.0,0.0,416.14531418074125,0.0,0.0,21.905666144971494,29737.94375937554,4501.574517607679,0.0,18519.926918762067,0.0,1965.5902973629077,0.0,0.0,0.0,826.5526861975426,21.50198341371375,13.190471405525594,0.0,0.0,0.0,0.0,0.0,0.0,0.0,0.0,0.0,0.0,2378.4068816566464,3203.308735997066,68042.2646957436,8122.588723102538,141572.63744452992,12871.098728204004,1738.8752183515437,1888.9393824895815,1276.3284516293486,27502.45379850125,4066.3967115925993,47575.57018167114,8760.300480532107,7218.815913923564,99164.96122814274,1246.4589578365883,4881.876864292664,1220.0264460839742,8125.126029133682,31423.28705523133,371.6383650151056,351.05118675552944,1587.1189924735772,6654.782479571223,7563.660848669596,3769.8392671399715,6210.789205279234,2168.108544755306,3329.257734231433,7096.596707697643,2692.021777661674,287.4522817357634,643.7808454366113,6059.2526224913945,0.0,0.0,1726.6028134841274,0.0,0.0,614.5393704957904,8954.888187936704,3629.4790080703497,6215.040232565084,2534.862965579403,2327.553706487445,9778.636807922789,1544.1724944146192,2184.4797802886433,2679.7535959265033,7401.53139105908,1767.840223032703,107.73936460872935,226.941360594676,0.0,229.50153575706463,679.7751948776656,152.5745293618376,0.0,0.0,0.0,0.0,0.0
277,1935.4379520446062,3016.5019797752725,89584.8434813652,3257.5936161624018,157006.13390014938,16801.67798337338,10221.65546083673,35435.41667295464,225.89913598928075,16970.990237212023,2281.1606097765116,39727.66818584634,19570.042761257006,8340.825423197013,87370.43313929877,1485.725949936274,2116.0643497561186,19587.84123527653,1968.882624498388,35020.42792554391,439.4897641150095,704.7182284221163,1363.080141342536,48742.48197689498,102190.41541804188,1207.040737980692,9869.369304029547,2296.2512997461813,1226.44767086195,12267.989448175967,6150.408184231623,0.0,151.22996317360216,483.68995304260517,0.0,0.0,380.6206082171656,0.0,0.0,27.254791345651267,30959.95202658095,4083.0224316412114,0.0,20400.766497362198,0.0,1926.5361366760285,0.0,0.0,0.0,0.0,0.0,16.440649558228856,0.0,0.0,0.0,0.0,0.0,0.0,0.0,0.0,0.0,0.0,2137.6320286847167,3320.0958712673696,86563.07179585335,11526.667962731508,206783.46356926084,13802.97427019905,1721.5703144803033,1906.9639798290516,1128.1956495591796,29462.33211953576,3789.2220616792365,58440.64012355628,9713.678398707802,7626.350848589457,115580.4515674171,1270.7722868616713,6768.009801716388,1394.3767529814133,8619.299489874295,34959.29637006319,418.14019859003616,374.42413679386345,1320.1224549665794,7848.4672171952625,8505.96229256844,8123.558418705698,9136.137181368176,2396.00080618785,5495.931046580097,15328.78170013673,5737.468724467312,318.2682773386377,712.177625067936,7000.647530927146,0.0,0.0,1794.294900855987,0.0,0.0,608.8534528466205,9616.126064879372,3417.4483338792766,6972.062687752493,2808.0136243234497,2550.9432202672624,11007.212821196235,1509.8940163474185,2624.2421480897438,3054.7194147643004,7911.971350511223,2101.5936105499127,157.74590920016394,247.2647411880939,0.0,285.5484573929001,927.4829955258421,211.8606964291879,0.0,0.0,0.0,0.0,0.0
278,1672.280249557379,3002.84187035116,94457.85450907679,3349.0114290134647,169098.97982477368,16610.888152414518,7155.86520636937,40271.64723105523,247.99983727982334,16382.897806501564,1953.1587884063501,41266.94751595873,18561.696286486636,7154.7599197513955,84001.41072263134,1538.5970605763166,2066.6048067800402,24586.5928341545,1723.5314613961461,32634.605765943255,468.9824052357885,671.1659489346031,1178.429966044675,13290.45823493432,100019.52349542307,1099.5274311227265,10341.13465704388,2477.8726783796046,1682.5515234287445,16259.249652552227,14533.399224382152,0.0,159.7437708483178,484.297761599966,0.0,0.0,349.9966517215287,0.0,0.0,31.051373488455706,28090.908075952982,3124.0713655564605,0.0,20030.40693349626,0.0,1885.377947953067,0.0,0.0,0.0,0.0,0.0,18.778810909539818,0.0,0.0,0.0,0.0,0.0,0.0,0.0,0.0,0.0,0.0,2008.2405408269165,3307.750955144698,95018.55249019199,13271.423519333837,233746.04793683405,13269.22185505601,1557.112734399341,1741.519161965008,1050.3439721937245,26745.439466093343,2989.6543442147026,60748.26382303927,9650.635509471742,7182.603778605316,108504.75656008616,1331.1445140785308,6800.382411734674,1456.4177196939838,8334.855462485579,34779.56274256708,453.026798986615,406.33837054164457,1155.916794524117,6448.1770199266975,9705.840188038783,16896.299768607976,9682.661793542436,2574.7145589257484,11791.08161317103,22935.791400839633,14030.631892812366,320.85467031011575,716.0931790939864,7251.652772365212,0.0,0.0,1661.3122150064535,0.0,0.0,576.4412166531682,9222.797010472801,2752.740425673167,7095.011288382686,2802.8617415922054,2535.969400495811,11133.268068725401,1585.6790598140087,2679.2566216298646,3219.6368148001748,7703.970464645543,2255.139581941593,176.55360352684917,274.43906078292866,0.0,298.7544605455543,1195.2485456579084,253.15709451755797,0.0,0.0,0.0,0.0,0.0
279,1517.4969430385356,2988.476123322936,81177.8936889277,3369.4517413502263,181762.8705493328,15676.512478818495,4721.9726339778845,44064.836615768625,258.40762827622336,16774.21999522572,1815.2281164075098,39877.05558422013,18359.091316286183,7249.488891097617,76971.02071459453,1726.2522691414954,1904.1418636711294,30193.64555973229,1425.89140015719,28559.83062007496,441.21790343374556,657.6642751372692,1227.0040985631,3844.8338732456477,106652.48855847256,1105.217480968962,9311.687692900463,2999.289244188205,2089.4625702954345,17073.41317844324,28809.25196630497,0.0,168.91847900477921,482.870565968725,0.0,0.0,322.5674172561735,0.0,0.0,29.158258089396426,28237.05518680454,2809.106255424979,0.0,19933.251724024594,0.0,1861.0644253290757,0.0,0.0,0.0,0.0,0.0,17.595301977962787,0.0,0.0,0.0,0.0,0.0,0.0,0.0,0.0,0.0,0.0,2011.5264316310243,3225.09735971434,80843.46303349576,12839.29357846452,227196.10287398263,11809.78518880562,1230.093584183689,1224.995515716818,1121.9059174454085,25944.17771670942,2707.3732162285078,54516.32822640478,9026.76217843415,7377.125487304525,89996.07887006644,1450.3482704494086,6373.036150472288,1400.9803898146902,5907.883823475941,30067.44595148834,419.94553118886114,457.61769159532975,1204.0245075732087,3168.8809257248495,9773.474743720995,25082.563179927576,8815.645946519468,3020.904057468769,18068.072029164625,25030.00477796971,29566.947685638253,298.7883697765696,659.0856181343044,6798.000210751845,0.0,0.0,1396.8689607399533,0.0,0.0,561.4194988594438,8459.852951300547,2461.5723732808874,6500.217448566495,2580.7454455007783,2411.8647188375608,10234.977791298463,1815.5755052821867,2519.768455385516,3131.025872088721,5590.7901098387,2226.2092533199293,164.45913607552248,312.87997072963395,0.0,282.1656875456793,1245.7344141870294,274.44822066034044,0.0,0.0,0.0,0.0,0.0
280,1247.2543544584212,2654.7617700571086,48232.628735903,3125.226843844101,149211.30041280718,8562.494126091948,2483.985245973756,42024.29931229476,232.5436228373688,13500.006039151589,1712.7254850416423,30539.479861099167,17285.588347834895,6758.488983125308,54235.736163609145,1570.5341333234965,1437.7543546679751,29686.67775569287,1351.781676748382,19534.58198016952,413.7303729062403,794.6322315038902,1096.6237674179665,1609.3927045480143,103297.59205053427,1975.9882837141238,6536.834422127726,3119.7650835706695,2156.7382607763843,15264.486361706993,30594.087197778776,0.0,177.45336298843094,477.23507082413875,0.0,0.0,313.0356763961898,0.0,0.0,23.43350511251515,19617.409693907517,2439.634241003816,0.0,18716.502583161655,0.0,1827.1006842002746,0.0,0.0,0.0,0.0,0.0,14.141439414639812,0.0,0.0,0.0,0.0,0.0,0.0,0.0,0.0,0.0,0.0,1719.7590711440362,2725.313024763583,45906.82222243331,8945.502310707638,154003.3473818027,6579.6125119107,607.5959002346692,522.5042948077731,1029.495788900018,17450.55090447285,2326.66172024139,33895.329771471734,7559.580030810892,6266.968554285104,54479.24665503871,1296.904571983816,4271.052686568169,1229.842894688996,3322.3066071424228,19593.324719704655,387.79872259467083,491.79572409035745,1075.1449913607125,1497.2432875233376,9305.088407320873,27212.84951473588,6277.108096424776,3091.989014496562,18143.841932367934,20875.600289271842,31976.366213901,236.58952872716694,534.3491462249141,5681.133856649701,0.0,0.0,881.0627069957011,0.0,0.0,466.7818253755164,6472.815756615678,2140.856254509881,5266.467673379622,2139.9444904579123,2031.3541054746008,8315.758675808567,1643.060925363388,2008.848398879859,2764.6322488128817,3212.8484731835415,2020.0975839194202,195.1302184849466,345.31708218298485,0.0,245.6299920522857,1122.044858102637,279.1713106273482,0.0,0.0,0.0,0.0,0.0
281,823.9645874376056,1664.8506770498166,7778.992034677458,1929.7177309238807,26346.221758240576,3408.8119127570453,1267.8766818280067,34787.50734019144,180.856074394954,4610.167677415888,1166.3404829230358,5613.28402574901,11091.35017110497,3359.3273225497883,11438.770479290952,1073.8301551362488,940.234186726088,16502.4902189994,855.0857708404731,6953.853583489164,371.4039002384393,686.1047773970884,921.0026888414262,659.3126178437601,94945.00571225485,3786.3796549572603,2419.0064317119495,2116.362166801096,1613.414680962691,3850.5744550867007,17961.1008275607,0.0,174.1354359050037,450.1077667572631,0.0,0.0,304.4330303835694,0.0,0.0,16.45932021851628,5163.459594864122,1389.8235591443324,0.0,11660.888951594821,0.0,1743.159153066618,0.0,0.0,0.0,0.0,0.0,9.963615120337671,0.0,0.0,0.0,0.0,0.0,0.0,0.0,0.0,0.0,0.0,1015.1305691796862,1441.930283354097,7378.757037748286,2748.44596260737,24837.62185987203,1981.964219503828,112.8786188025223,38.87033321945749,699.7362335711008,4690.326889053431,1293.7134702206235,5461.698876639495,4929.432676302215,3077.2675437215203,10623.890352360135,817.7644636191261,1837.477864045752,917.7242725583201,1291.3314703128976,6846.6463860494005,340.34963985369114,388.395352549637,896.0148017420089,638.2370188529017,10335.322937368535,16871.170673935794,2349.018610748274,2073.185815099066,4035.9823830278,4026.1131538169084,18240.63265566079,97.71874589910486,221.68727975193215,2331.1584331868394,0.0,0.0,160.142596421295,0.0,0.0,265.4708183651505,2748.5375949527092,1199.9483880746009,2540.411913378172,1445.4402454487763,1269.3007081657724,3687.182829299596,1054.561198853742,1146.078180536541,2126.5174437629908,1271.412433705656,1603.410457554371,174.03683476301256,270.4640208567017,0.0,175.1667155134574,946.9096707925659,260.6801102409419,0.0,0.0,0.0,0.0,0.0
282,344.2457364865521,444.6162387548576,540.131040019844,454.36200429220276,1953.1369059095027,1054.2538183612605,701.6064350089052,20752.658694044443,131.04973036903877,509.19638039991355,428.2956883373776,514.187194235646,2328.449642776178,643.2637292381501,533.3189535278393,382.87669742243315,356.6524322538245,1682.0491724539152,135.23802884768,399.13759069291643,136.81688346215992,364.84002088102983,474.15017451443475,250.3654716771777,69429.34229662143,1642.6700067426232,472.1227815109188,498.69668263522016,520.8517896956688,489.2642963404725,5338.9134267337395,0.0,142.81680214297162,279.68680713849204,0.0,0.0,243.67422263557347,0.0,0.0,0.0,522.6969084076529,450.24308216495257,0.0,2355.9314751758507,0.0,468.872540972376,0.0,0.0,0.0,129.09815476371088,16.747923919345183,0.0,0.0,0.0,0.0,0.0,0.0,0.0,0.0,0.0,0.0,0.0,45.501449918081974,99.57254812341638,500.59687601445813,454.1674776374167,1833.7308806353149,0.0,0.0,0.0,114.62766511954483,451.3534575590263,346.42992211738834,490.6403895521674,1192.5800468560967,591.9772454453067,490.5378051455056,214.77821240992344,416.00993694255453,325.53519907796726,140.70926019097385,396.50347081702364,121.13757710964612,124.57765135438048,458.3172461159428,243.1399998116639,6419.672796309648,1850.1862164129293,452.9250044008961,488.8486644451504,628.4847910857252,484.54045870338547,5321.826374905584,2.0488245568558554,8.258878289508452,235.61834568533746,0.0,0.0,0.0,0.0,0.0,20.892702778733366,259.65917012195484,268.7777073889899,336.86614059413125,365.2489197001721,305.4451231748271,320.5460501469474,317.6958636090208,302.7970134808722,696.0015647890169,140.1155032438055,323.10042004372065,37.99858900705878,81.46516841613258,0.0,81.2102471345506,674.9058969650002,158.2206678548438,0.0,0.0,0.0,0.0,0.0
283,336.6069119994315,391.0322194510627,508.127547695608,402.1683515216736,1889.4469191048984,880.4524532202436,551.00738948763,14722.456414621432,109.91747574429442,448.3181390018345,373.729139813193,451.842883955905,1340.4622665685863,508.64660401480677,493.0702416220072,330.0213530568472,332.3814262903006,1001.9481060640203,98.89283080601707,268.2846219616124,112.48730684029962,350.7342578718005,430.92810735444687,218.2663905014408,56755.09544655907,414.30018519440284,411.464509967459,442.4237790390748,344.81669923573975,433.4439693233385,1844.3593197551706,0.0,131.80910150952226,230.93727599842822,0.0,0.0,193.24396940205926,0.0,0.0,0.0,458.75732372707034,392.467752150111,0.0,1353.4211042355082,0.0,436.55801771662397,0.0,0.0,0.0,94.60733375949282,16.578775878257208,0.0,0.0,0.0,0.0,0.0,0.0,0.0,0.0,0.0,0.0,0.0,0.0,0.0,0.0,0.0,0.0,0.0,0.0,0.0,0.0,0.0,0.0,0.0,0.0,0.0,0.0,0.0,0.0,1.5203107631187411,15.746327838027288,250.99491676492568,21.406973749823496,1.8486936544983614,358.5138127783458,180.93149542014976,1733.9305063348231,417.1331346727669,0.0,404.55610736228033,438.02503359413333,42.45981332669796,1828.4398695367513,0.0,0.0,0.0,0.0,0.0,0.0,0.0,0.0,0.0,0.0,0.0,0.0,0.0,0.0,0.0,0.0,0.0,11.055171897519013,23.744511592541848,115.36049192019654,0.9236067446855121,1.0882865256718643,0.0,21.98715969517043,180.43922347545382,52.23136273461654,0.0,0.0,0.0,0.0,0.0
284,345.0814367821362,333.92608671205505,503.4353945721932,385.3295357908495,1888.4083711737958,832.1149494778979,499.5157110556576,7446.9850332855285,95.44666998157594,440.2064911249184,349.9856279754274,441.55099391024066,1234.5241174950702,488.1184387538582,489.28211418572687,316.69092786225315,328.3539050126687,642.6436274070539,98.87413957604795,266.6820319941934,121.77458069855795,348.95165847134103,391.4941279527113,236.2146309279325,41627.65216442881,345.3105944139452,389.21236067115217,426.6918415217802,317.2474880696834,422.4166466411923,569.8508711884926,0.0,122.37444963085137,158.892224667325,0.0,0.0,146.28002083407307,0.0,0.0,0.0,449.2202410333732,366.65748274182874,0.0,1247.2411940485415,0.0,434.97925318788555,0.0,0.0,0.0,0.0,0.0,0.0,0.0,0.0,0.0,0.0,0.0,0.0,0.0,0.0,0.0,0.0,0.0,0.0,0.0,0.0,0.0,0.0,0.0,0.0,0.0,0.0,0.0,0.0,0.0,0.0,0.0,0.0,0.0,0.0,0.0,0.0,0.0,0.0,0.0,0.0,0.0,307.3186273688693,0.0,0.0,0.0,0.0,562.5246973092076,0.0,0.0,0.0,0.0,0.0,0.0,0.0,0.0,0.0,0.0,0.0,0.0,0.0,0.0,0.0,0.0,0.0,0.0,0.0,0.0,0.0,0.0,0.0,0.0,0.0,2.503496734125517,0.0,0.0,0.0,0.0,0.0
285,366.7649749826487,0.0,506.9726157374532,397.5017667369345,1927.791143063871,820.1173776111403,517.7689067081062,4984.230327778874,109.52146530426451,441.0500936230832,355.74559481905777,441.8943827327837,1276.3228953111961,500.4131262135445,488.22595902959165,319.6142666227031,335.4483190201658,627.3800433282872,98.90825651634216,268.3068710677077,126.98866361622052,359.50148861807565,390.1595714436965,251.4919848586885,31627.290603902595,339.9044137545708,398.790743108961,438.8306760542946,320.54738557396735,425.36858218625537,529.74023109158,0.0,116.18464206196613,83.82331125047486,0.0,0.0,128.71382326707163,0.0,0.0,18.004753376688537,449.4202933477709,374.0465096803476,0.0,1289.9714784801404,0.0,434.81059367178784,0.0,0.0,0.0,0.0,0.0,10.74483924659265,0.0,0.0,0.0,0.0,0.0,0.0,0.0,0.0,0.0,0.0,0.0,0.0,0.0,0.0,0.0,0.0,0.0,0.0,0.0,0.0,0.0,0.0,0.0,0.0,0.0,0.0,0.0,0.0,0.0,0.0,0.0,0.0,0.0,0.0,0.0,0.0,0.0,0.0,0.0,0.0,513.6376342690703,0.0,0.0,0.0,0.0,0.0,0.0,0.0,0.0,0.0,0.0,0.0,0.0,0.0,0.0,0.0,0.0,0.0,0.0,0.0,0.0,0.0,0.0,0.0,0.0,0.0,0.0,0.0,0.0,0.0,0.0,0.0
286,378.27600855132414,0.0,506.2817705220084,412.1027834117292,2004.3880381795134,817.5059642751421,575.8338259185081,3387.8790234043945,135.59075769130118,437.79018073366416,357.18992925710415,440.98689626360965,1273.9478081539205,515.176995380557,486.9854284900441,323.2209612427983,338.8142796679623,642.8117911116971,98.8007167521836,268.7027588857376,127.57023285419677,368.95011390721425,387.4805664841716,257.4595260869046,22759.155312131043,342.59401660569466,413.95082867892086,449.88603602767796,334.8433686858672,428.8307475212782,514.2203236686669,0.0,113.33757739646208,33.944680749290896,0.0,0.0,159.21124274382632,0.0,0.0,22.899072738019104,445.87949944096295,378.6058904623246,0.0,1286.5098390211501,0.0,433.8027657880987,0.0,0.0,0.0,0.0,0.0,13.599429678817325,0.0,0.0,0.0,0.0,0.0,0.0,0.0,0.0,0.0,0.0,0.0,0.0,0.0,0.0,0.0,0.0,0.0,0.0,0.0,0.0,0.0,0.0,0.0,0.0,0.0,0.0,0.0,0.0,0.0,0.0,0.0,0.0,0.0,0.0,0.0,0.0,0.0,0.0,0.0,0.0,120.50408258661005,0.0,0.0,0.0,0.0,0.0,0.0,0.0,0.0,0.0,0.0,0.0,0.0,0.0,0.0,0.0,0.0,0.0,0.0,0.0,0.0,0.0,0.0,0.0,0.0,0.0,0.0,0.0,0.0,0.0,0.0,0.0
287,384.8748220986655,0.0,506.92796536338847,426.0832345877947,1999.4791181346727,806.7241334027244,612.4680134279856,1842.5025320000543,165.83713085221214,433.52320449970705,366.8550638990897,441.82127453746034,1258.633753155749,558.5559259485465,485.7218749081653,329.7631232310998,345.33504626643065,696.8873105662539,99.34953856799123,269.62652767561224,128.24583207779128,387.4324046404105,404.02214859994245,267.00420236595335,19389.11602349688,342.8958939300273,439.06288346943256,456.5131053317799,356.43409872397405,431.6361211691273,516.4296421463064,0.0,110.4922641408311,0.0,0.0,0.0,186.32971505629376,0.0,0.0,28.304246599963488,441.0495444036684,393.23424784917904,0.0,1271.267545367948,0.0,432.39193612177604,0.0,0.0,0.0,0.0,0.0,16.713937689880694,0.0,0.0,0.0,0.0,0.0,0.0,0.0,0.0,0.0,0.0,0.0,0.0,0.0,0.0,0.0,0.0,0.0,0.0,0.0,0.0,0.0,0.0,0.0,0.0,0.0,0.0,0.0,0.0,0.0,0.0,0.0,0.0,0.0,0.0,0.0,0.0,0.0,0.0,0.0,0.0,0.0,0.0,0.0,0.0,0.0,0.0,0.0,0.0,0.0,0.0,0.0,0.0,0.0,0.0,0.0,0.0,0.0,0.0,0.0,0.0,0.0,0.0,0.0,0.0,0.0,0.0,0.0,0.0,0.0,0.0,0.0,0.0
288,381.6527988757192,0.0,506.2018284504859,430.30561970439686,1942.2056571541475,809.4901676897166,650.7961581302411,1033.279035398607,190.02663854177942,428.9820125814856,373.7338764687563,445.0051277199094,1161.573177398303,594.3708139552016,484.3249191779222,333.8460080231815,347.56225401608543,726.9877252069392,99.91654372013059,271.79987594092836,127.79073655797646,405.2217758186032,420.59531481809387,281.1324437366949,16612.76313666741,343.8688356168989,448.8111278048734,459.36187831240716,373.5727947889398,435.40593527733404,517.8215083547855,0.0,104.55018034434858,0.0,0.0,0.0,168.32273116360855,0.0,0.0,33.53375427998524,434.949639654846,411.1279460110424,0.0,1172.1919387094317,0.0,430.8834480356696,0.0,0.0,0.0,0.0,0.0,19.67473185702709,0.0,0.0,0.0,0.0,0.0,0.0,0.0,0.0,0.0,0.0,0.0,0.0,0.0,0.0,0.0,0.0,0.0,0.0,0.0,0.0,0.0,0.0,0.0,0.0,0.0,0.0,0.0,0.0,0.0,0.0,0.0,0.0,0.0,0.0,0.0,0.0,0.0,0.0,0.0,0.0,0.0,0.0,0.0,0.0,0.0,0.0,0.0,0.0,0.0,0.0,0.0,0.0,0.0,0.0,0.0,0.0,0.0,0.0,0.0,0.0,0.0,0.0,0.0,0.0,0.0,0.0,0.0,0.0,0.0,0.0,0.0,0.0
