time,elec_Region1Beijing_seg1,elec_Region1Beijing_seg2,elec_Region1Beijing_seg3,elec_Region1Beijing_seg4,elec_Region2Tianjin_seg1,elec_Region2Tianjin_seg2,elec_Region2Tianjin_seg3,elec_Region2Tianjin_seg4,elec_Region3Hebei_seg1,elec_Region3Hebei_seg2,elec_Region3Hebei_seg3,elec_Region3Hebei_seg4,elec_Region4Shanxi_seg1,elec_Region4Shanxi_seg2,elec_Region4Shanxi_seg3,elec_Region4Shanxi_seg4,elec_Region5Innermongolia_seg1,elec_Region5Innermongolia_seg2,elec_Region5Innermongolia_seg3,elec_Region5Innermongolia_seg4,elec_Region6Liaoning_seg1,elec_Region6Liaoning_seg2,elec_Region6Liaoning_seg3,elec_Region6Liaoning_seg4,elec_Region7Jilin_seg1,elec_Region7Jilin_seg2,elec_Region7Jilin_seg3,elec_Region7Jilin_seg4,elec_Region8Heilongjiang_seg1,elec_Region8Heilongjiang_seg2,elec_Region8Heilongjiang_seg3,elec_Region8Heilongjiang_seg4,elec_Region9Shanghai_seg1,elec_Region9Shanghai_seg2,elec_Region9Shanghai_seg3,elec_Region9Shanghai_seg4,elec_Region10Jiangsu_seg1,elec_Region10Jiangsu_seg2,elec_Region10Jiangsu_seg3,elec_Region10Jiangsu_seg4,elec_Region11Zhejiang_seg1,elec_Region11Zhejiang_seg2,elec_Region11Zhejiang_seg3,elec_Region11Zhejiang_seg4,elec_Region12Anhui_seg1,elec_Region12Anhui_seg2,elec_Region12Anhui_seg3,elec_Region12Anhui_seg4,elec_Region13Fujian_seg1,elec_Region13Fujian_seg2,elec_Region13Fujian_seg3,elec_Region13Fujian_seg4,elec_Region14Jiangxi_seg1,elec_Region14Jiangxi_seg2,elec_Region14Jiangxi_seg3,elec_Region14Jiangxi_seg4,elec_Region15Shandong_seg1,elec_Region15Shandong_seg2,elec_Region15Shandong_seg3,elec_Region15Shandong_seg4,elec_Region16Henan_seg1,elec_Region16Henan_seg2,elec_Region16Henan_seg3,elec_Region16Henan_seg4,elec_Region17Hubei_seg1,elec_Region17Hubei_seg2,elec_Region17Hubei_seg3,elec_Region17Hubei_seg4,elec_Region18Hunan_seg1,elec_Region18Hunan_seg2,elec_Region18Hunan_seg3,elec_Region18Hunan_seg4,elec_Region19Guangdong_seg1,elec_Region19Guangdong_seg2,elec_Region19Guangdong_seg3,elec_Region19Guangdong_seg4,elec_Region20Guangxi_seg1,elec_Region20Guangxi_seg2,elec_Region20Guangxi_seg3,elec_Region20Guangxi_seg4,elec_Region21Hainan_seg1,elec_Region21Hainan_seg2,elec_Region21Hainan_seg3,elec_Region21Hainan_seg4,elec_Region22Chongqing_seg1,elec_Region22Chongqing_seg2,elec_Region22Chongqing_seg3,elec_Region22Chongqing_seg4,elec_Region23Sichuan_seg1,elec_Region23Sichuan_seg2,elec_Region23Sichuan_seg3,elec_Region23Sichuan_seg4,elec_Region24Guizhou_seg1,elec_Region24Guizhou_seg2,elec_Region24Guizhou_seg3,elec_Region24Guizhou_seg4,elec_Region25Yunnan_seg1,elec_Region25Yunnan_seg2,elec_Region25Yunnan_seg3,elec_Region25Yunnan_seg4,elec_Region26Tibet_seg1,elec_Region26Tibet_seg2,elec_Region26Tibet_seg3,elec_Region26Tibet_seg4,elec_Region27Shaanxi_seg1,elec_Region27Shaanxi_seg2,elec_Region27Shaanxi_seg3,elec_Region27Shaanxi_seg4,elec_Region28Gansu_seg1,elec_Region28Gansu_seg2,elec_Region28Gansu_seg3,elec_Region28Gansu_seg4,elec_Region29Qinghai_seg1,elec_Region29Qinghai_seg2,elec_Region29Qinghai_seg3,elec_Region29Qinghai_seg4,elec_Region30Ningxia_seg1,elec_Region30Ningxia_seg2,elec_Region30Ningxia_seg3,elec_Region30Ningxia_seg4,elec_Region31Xinjiang_seg1,elec_Region31Xinjiang_seg2,elec_Region31Xinjiang_seg3,elec_Region31Xinjiang_seg4,h2_Region1Beijing_seg1,h2_Region2Tianjin_seg1,h2_Region3Hebei_seg1,h2_Region4Shanxi_seg1,h2_Region5Innermongolia_seg1,h2_Region6Liaoning_seg1,h2_Region7Jilin_seg1,h2_Region8Heilongjiang_seg1,h2_Region9Shanghai_seg1,h2_Region10Jiangsu_seg1,h2_Region11Zhejiang_seg1,h2_Region12Anhui_seg1,h2_Region13Fujian_seg1,h2_Region14Jiangxi_seg1,h2_Region15Shandong_seg1,h2_Region16Henan_seg1,h2_Region17Hubei_seg1,h2_Region18Hunan_seg1,h2_Region19Guangdong_seg1,h2_Region20Guangxi_seg1,h2_Region21Hainan_seg1,h2_Region22Chongqing_seg1,h2_Region23Sichuan_seg1,h2_Region24Guizhou_seg1,h2_Region25Yunnan_seg1,h2_Region26Tibet_seg1,h2_Region27Shaanxi_seg1,h2_Region28Gansu_seg1,h2_Region29Qinghai_seg1,h2_Region30Ningxia_seg1,h2_Region31Xinjiang_seg1,heat_Region1Beijing_seg1,heat_Region2Tianjin_seg1,heat_Region3Hebei_seg1,heat_Region4Shanxi_seg1,heat_Region5Innermongolia_seg1,heat_Region6Liaoning_seg1,heat_Region7Jilin_seg1,heat_Region8Heilongjiang_seg1,heat_Region9Shanghai_seg1,heat_Region10Jiangsu_seg1,heat_Region11Zhejiang_seg1,heat_Region12Anhui_seg1,heat_Region13Fujian_seg1,heat_Region14Jiangxi_seg1,heat_Region15Shandong_seg1,heat_Region16Henan_seg1,heat_Region17Hubei_seg1,heat_Region18Hunan_seg1,heat_Region19Guangdong_seg1,heat_Region20Guangxi_seg1,heat_Region21Hainan_seg1,heat_Region22Chongqing_seg1,heat_Region23Sichuan_seg1,heat_Region24Guizhou_seg1,heat_Region25Yunnan_seg1,heat_Region26Tibet_seg1,heat_Region27Shaanxi_seg1,heat_Region28Gansu_seg1,heat_Region29Qinghai_seg1,heat_Region30Ningxia_seg1,heat_Region31Xinjiang_seg1
1,0.0042747809840675294,0.003322919917697473,0.005904993514699522,0.014739495103283703,0.00420534784700557,0.003280045666471064,0.0058062926272833765,0.013869308278379323,0.004289105359594697,0.0037919411733428245,0.005991425458263613,0.016056800809655193,0.004255962827012655,0.0035772282990193085,0.005949464379447181,0.015431108886711419,0.0033575749391138846,0.0037057266513448152,0.006020649803380554,0.01587305017498356,0.004188806971917056,0.0035161558923175,0.005930827657861594,0.015171478462181396,0.0039283343229528315,0.0032917031768339763,0.005762678046979063,0.013650588875043095,0.00416987789729718,0.0032776564513273617,0.005789441619497137,0.013894061116989508,0.004324381556951765,0.003402153189398763,0.0060521083768364636,0.015970991444397845,0.004362687404291587,0.004181896349309559,0.006361722150351979,0.018032801967462868,0.004327642794838631,0.004005808604924588,0.006156273457752431,0.017404431560081243,0.004383721509470044,0.0035445809469534222,0.0060489286179344435,0.016324178588000275,0.004151905037932923,0.0035103078007412913,0.00592138166451773,0.015104774755860938,0.004270846044458298,0.0033056231164621374,0.0058677160117681535,0.01435486229928221,0.004311167128599758,0.004154651859553411,0.006318497025726796,0.016927281119766106,0.004297481178925253,0.0036979340070105293,0.0059809150267488755,0.015869399273286355,0.004307588038035779,0.0034618783783770834,0.005918227162927007,0.015179733971157235,0.004277169422505672,0.0033697128500092236,0.005878800178428331,0.01468843593784438,0.004292515842417922,0.004184609990074442,0.006335065099618477,0.016954152985632267,0.004237303940399672,0.003387179721282328,0.0058794462773543305,0.01463377234658516,0.00354088565197137,0.003292204115338486,0.005606826388031935,0.012571024833883993,0.004258172348161693,0.0032692899297999864,0.005842673332908249,0.014223023416949776,0.0043052970399313295,0.003650728519550916,0.005906973068087764,0.015611467102856033,0.004274303740775467,0.0032853699121073465,0.005867367007374009,0.014374892300691819,0.004249931034981506,0.0033392458295118926,0.005854769045772578,0.014463787546920884,0.002968174689898472,0.0032788847140128976,0.0055056180091520406,0.012185602646322341,0.004231490808832044,0.0034220959683484453,0.005888551866285735,0.014797746125528073,0.003310000994285357,0.003314460788408914,0.005747995140384949,0.014021295546915715,0.0032963325721453757,0.0032982598507041733,0.005724293463966896,0.013709953603044167,0.004239279774359374,0.003282126366641904,0.005839350557061302,0.014166095811500813,0.003390007185145397,0.0035228135791873475,0.0058763200969706,0.015161824469436263,0.0015153115558609789,0.0015143709896042945,0.0015101130971290305,0.0015192717713849741,0.0015477594100985225,0.001523875774423246,0.0015155546401871209,0.0015204967679080575,0.0015190908983776957,0.0015126752190470886,0.0015264807497015634,0.0015103542114303023,0.0015146978884598501,0.0015089182995614452,0.0015155957831718863,0.001514461662361388,0.0015106898926352378,0.0015122095457890483,0.0015232401690620937,0.0015140787750084934,0.0015107515573490038,0.0015058669381061735,0.0015148210710482634,0.0015133925872583042,0.0015111496928712333,0.0015308534587309152,0.001515431258177807,0.0015328183547169403,0.0015350827474234518,0.0015117156700207289,0.001553019567829134,0.0,0.0,0.0,0.0,0.0,0.0,0.0,0.0,0.0,0.0,0.0,0.0,0.0,0.0,0.0,0.0,0.0,0.0,0.0,0.0,0.0,0.0,0.0,0.0,0.0,0.0,0.0,0.0,0.0,0.0,0.0
2,0.004270762297483102,0.003314651892071878,0.005901619696637178,0.014683934280770304,0.004198818224900707,0.003282081079941463,0.0057992985285958195,0.013803400808610571,0.00428699337483449,0.0037721307792395724,0.00598717746887358,0.01601052024022187,0.00425396038207641,0.0035718442508339368,0.005949136540502044,0.015408005529525723,0.0033636119291976245,0.0037021658344344116,0.006018155232729926,0.01585788236258866,0.00417998297198103,0.003499474376332414,0.005925254682222908,0.015112878724768207,0.003910853271414625,0.0032921114512126926,0.005755577375438166,0.013587086080438644,0.00416176471353513,0.0032779184989888722,0.0057825638669776105,0.013828222752045176,0.004298299779667903,0.0033764562285864296,0.005995661607900789,0.01549723810916472,0.004337664867370532,0.004150286718608166,0.006291269168789338,0.01751372951778872,0.004296488124747922,0.00392853739341104,0.006073732711684232,0.016849774326939678,0.004351431003031606,0.003492232279593347,0.005997263181435117,0.015803377179425267,0.0041335099363711434,0.0034829954178865613,0.00591533368461097,0.015013500798032962,0.0042658291120824384,0.0032978383092745513,0.005863606374007674,0.014285623841913446,0.004306928142742436,0.004136266827720032,0.0062937265075311485,0.016881789978585107,0.004294030497387581,0.0036741940297620435,0.005979963537374387,0.01580837171298976,0.004303017239053541,0.0034392543813494374,0.00591939495337159,0.015097682686582146,0.004272816788337281,0.0033466982612968357,0.005872845108010315,0.014576315553934786,0.004287670135141564,0.004160984740366749,0.006293501277969994,0.01687823302329636,0.0042262903341216546,0.0033427461074130123,0.005859001474237719,0.014411490677038586,0.0034868961641690995,0.00329350459545748,0.00558550879687971,0.012439580653630853,0.004246781061284277,0.0032635945695775577,0.0058303985833693455,0.014094215236125229,0.00430240382974998,0.0036073761939232115,0.005906236370417267,0.015497831841962049,0.004265277810525165,0.003274540389406232,0.0058601825958630935,0.014269225045291049,0.004245722701206928,0.003328986542181643,0.005851063153689408,0.014402114004536882,0.0029782115710119197,0.0032785477009430212,0.005509542169088672,0.012210585088087525,0.004227944389780825,0.003405331256166129,0.005883383587020051,0.014728291979927123,0.003313154549874119,0.0033126487313361584,0.0057465194135526785,0.01399426747518584,0.003299468876493537,0.0032980085585264016,0.005723619146889748,0.013693544770565898,0.004237282961464704,0.0032827013931185133,0.005838010567566876,0.014144281578713249,0.0033952225092283086,0.003516180914912724,0.005873049228880907,0.01513823502765816,0.001515378644417136,0.001514206726688246,0.0015078736213910743,0.0015188232019437231,0.0015466723511649613,0.0015235004972009513,0.0015152078622962836,0.001520262906297321,0.0015189568958011049,0.0015108580776063603,0.00152639931181203,0.0015081291512836453,0.001514089547753364,0.0015077074003009847,0.0015136082616777795,0.0015136228237604694,0.0015100608642908062,0.0015099399038643333,0.0015207265042301204,0.001513644527361815,0.001509604681356664,0.0015052226535401557,0.0015124747499398901,0.001512877709428869,0.0015088798558309665,0.0015307698662440307,0.0015137078579436725,0.001530375818363048,0.001534388215948149,0.001511833626272178,0.0015527218570190531,0.0,0.0,0.0,0.0,0.0,0.0,0.0,0.0,0.0,0.0,0.0,0.0,0.0,0.0,0.0,0.0,0.0,0.0,0.0,0.0,0.0,0.0,0.0,0.0,0.0,0.0,0.0,0.0,0.0,0.0,0.0
3,0.0042625998330715715,0.0033010385173759503,0.005891065028999063,0.014573373645259367,0.004190884245167618,0.0032829741294193686,0.005790502055725542,0.013728559679578829,0.004283290196752182,0.0037537324949458743,0.00598187909438215,0.01594459965999229,0.0042505728450782715,0.003563566053612606,0.005944651539528487,0.015358111905330145,0.003366554098017786,0.003700201566204576,0.006014456039600245,0.015826724833059247,0.004171667636801333,0.0034899220721119834,0.00592083454469831,0.015064830753595382,0.0038975465107793108,0.003291901886961016,0.005749009525829507,0.013532571010182879,0.004150893858423306,0.003277547682341609,0.00577286579656185,0.01374536791373415,0.0042793614466803825,0.0033505667661766214,0.005961344155158729,0.01518313362609492,0.004321000999280207,0.004114451261094167,0.006230046436725253,0.017185434138648675,0.004277534349606798,0.0038777374580450793,0.006025857545127297,0.016520531055678238,0.004334833222436698,0.0034640913757850358,0.0059654554813015044,0.015504276086,0.004111551648985027,0.0034523254700519644,0.005905966979450551,0.014899884915724386,0.004258242439280374,0.0032884338233080523,0.005854061367993876,0.014183376061551173,0.004299578019955813,0.004112016872237319,0.006260721040246417,0.016795819985747643,0.0042854058365441785,0.003629776912892106,0.00597254525745237,0.01566735794103095,0.0042998212521371286,0.0034252465655700004,0.005918543446560831,0.015039576622561678,0.004267323491228408,0.003324175615652173,0.005863451991802194,0.01444708864536581,0.004281344796551924,0.004132293303966585,0.006243311241576161,0.016783126498238463,0.004218735194592828,0.0033184748343038093,0.005845114864713811,0.014270884188582349,0.0034313972455181597,0.003294308421369563,0.0055629708607149,0.012309422205352576,0.004235234019646781,0.0032630126409219505,0.005813855883095821,0.01395135788339974,0.004299480111868742,0.0035659850791674493,0.005904209657214376,0.015388523904873615,0.004262401458058456,0.0032719827895667086,0.005858386948531028,0.014238721845067102,0.004242803504077963,0.0033227246672051696,0.005848472183720935,0.014361653653816238,0.00297929680009754,0.0032782327237407052,0.00550755759256652,0.012200387791447574,0.00422362278622714,0.0033834336568550347,0.005875495513864758,0.0146362970532362,0.003319821850933588,0.0033130340541815202,0.005747297023494424,0.01399340525260096,0.0033046369350205732,0.0032987501601566675,0.00572498674288076,0.013699192375923774,0.0042342642107072205,0.0032822205501979976,0.005834258484541529,0.01410974630375876,0.003399807221299484,0.0035126680219598784,0.005871552893444566,0.01512608854243198,0.0015141170719167882,0.0015135944442995826,0.0015103334021101037,0.0015181046431650947,0.0015502730321999047,0.0015238346812794282,0.0015154040788710817,0.0015200846788075077,0.0015197927045883669,0.001513854400466946,0.001526945649650399,0.0015110509422230577,0.0015146356632572838,0.0015099287959318732,0.0015164712003860625,0.0015164285479698613,0.0015131028672199938,0.0015126965116351524,0.0015236703194042793,0.0015143340177936272,0.0015104435204760002,0.0015085644775634872,0.0015154765030611238,0.001513984755860846,0.0015117411273455248,0.0015317377395179213,0.001514750450387413,0.0015334291210771292,0.0015354028564691711,0.0015108524507422654,0.001553945911269202,0.0,0.0,0.0,0.0,0.0,0.0,0.0,0.0,0.0,0.0,0.0,0.0,0.0,0.0,0.0,0.0,0.0,0.0,0.0,0.0,0.0,0.0,0.0,0.0,0.0,0.0,0.0,0.0,0.0,0.0,0.0
4,0.004249042435030698,0.0032878219283936565,0.00586429920689479,0.014363171771660483,0.004173010103742758,0.0032760960285900713,0.005759691706067783,0.01351367854369952,0.00427097720089186,0.0037256226038420107,0.005955259116021303,0.01571738505793308,0.004238750461900482,0.0035453038363588377,0.005920310359101633,0.015157382705258725,0.003372272982415602,0.0036825226407268836,0.0059847360443667005,0.015630777573674745,0.004155679052689409,0.0034766355503829003,0.005897134638151284,0.014878763850137,0.003877853386472979,0.0032851807398818554,0.005723364447677107,0.01335100431592764,0.004137097191501075,0.0032709010651898076,0.005748210529765232,0.013568088472679343,0.004269985043706053,0.003336164074546248,0.005950388219559635,0.015050032839092151,0.0043139017795993445,0.004088114027157635,0.006193532285349258,0.017043557629056152,0.0042536161911267386,0.003828645319590397,0.005973135270868624,0.01609180336171115,0.004320773709948165,0.0034349640358601946,0.005943047730272729,0.015254979623283638,0.00407094171752349,0.0034118551023948297,0.005872288654860596,0.014607762787252884,0.004245175285520462,0.00327893031888844,0.0058285415689832846,0.013983455437818537,0.004282281314791803,0.004073896183859804,0.0062002018113197195,0.01652988142968703,0.004268442160816228,0.003577678413609054,0.00594466520150475,0.015375633304578022,0.004297088954995754,0.003415013120697056,0.00591512068825063,0.014979839478449246,0.00425496828478529,0.0033066932683820617,0.005837796840436393,0.01423233816834184,0.004276720092228516,0.004112901877165456,0.006217469891805849,0.016729373588421012,0.0042099648742826646,0.003299910431002502,0.005831970956060388,0.014133048347535843,0.0033578444745242554,0.0032944248866346847,0.0055348563485981776,0.012141650904413227,0.0042252842744423145,0.0032638122068870297,0.005800638948892302,0.013831293295385828,0.0042977671855130295,0.0035401730376669193,0.005903072069589877,0.015318616706622138,0.004258428302078452,0.0032708507148645665,0.005856573980552814,0.014197406887455874,0.004240012952606681,0.003315649068782173,0.005845586387216116,0.014316397298628268,0.0029749529513267434,0.003277630347468758,0.005498629622870981,0.012151072057239126,0.004221312240743948,0.0033758260077877437,0.0058732744270898266,0.01460196730148678,0.0033268533412345582,0.003314233996866374,0.0057491392963706185,0.014000776399805315,0.0033111811537058114,0.0032999809002281005,0.005727289088702725,0.013711176184027842,0.004224468654190615,0.0032753040748719165,0.005812764499826749,0.013956160525382448,0.003405105675151792,0.0035081575104546113,0.0058694889361802375,0.01510931419524104,0.0015116356654015812,0.0015108121267603748,0.001510474997534465,0.0015146519457876727,0.0015499043845109742,0.0015194876621501352,0.0015110825798509767,0.0015164300160136097,0.001518632119829918,0.001514716849295385,0.001523229113072255,0.0015118334662087938,0.0015135781342444268,0.0015114423653305867,0.0015166955902066155,0.001515607200608866,0.001513405563262854,0.001513586906775949,0.0015250632645499008,0.001513336133414085,0.001509097674845817,0.0015088439570795534,0.0015161280781610142,0.0015131237252170252,0.0015125747916865933,0.0015305244111708514,0.0015131971105151838,0.0015341813937876838,0.001533839018930438,0.0015080796505608964,0.00155224245524113,0.0,0.0,0.0,0.0,0.0,0.0,0.0,0.0,0.0,0.0,0.0,0.0,0.0,0.0,0.0,0.0,0.0,0.0,0.0,0.0,0.0,0.0,0.0,0.0,0.0,0.0,0.0,0.0,0.0,0.0,0.0
5,0.004248909166465257,0.0032852438195514655,0.005859577525431525,0.014347281578388747,0.004175006786412103,0.0032727102715030478,0.005755802970346225,0.013509971694980076,0.00426825548130042,0.0037085982114157603,0.0059480253810801145,0.01566330554925888,0.004237638050503817,0.0035391183469258404,0.005914313235814372,0.015130883804298754,0.003347603482473149,0.0036702752190725784,0.005954175889952952,0.015419270267973087,0.004144037378016136,0.003466942267971785,0.005866310827016541,0.014674805628031274,0.0038704019779111525,0.0032736937255567955,0.00569591912133435,0.013189465238237925,0.0041334611084086975,0.0032690015043727277,0.005743929052782509,0.013550275790009305,0.004269054818421351,0.0033301680576950346,0.005944840644945755,0.015019751000477808,0.0043153993027311,0.004084671795321333,0.006186177820706892,0.017022661048211436,0.0042535877131334495,0.0038336537095960592,0.005969082521363773,0.016090973788567563,0.00432130875901554,0.0034313786462108363,0.005937404449531503,0.015236418028714343,0.0040593009874487634,0.0034007000151997915,0.005858009734995919,0.014526353770176989,0.004243818976308376,0.003274156981419869,0.005817806436868256,0.013942753526609022,0.004281159434740127,0.004067249027043319,0.006189917076404681,0.016498403711471685,0.004267590552734772,0.0035717013322328598,0.005940416257152309,0.01535517166497747,0.0042948055845353425,0.00339155558528369,0.005906231832869099,0.014887947839073306,0.004252140228071771,0.003300298348141082,0.005825845945593297,0.014172871340573826,0.004268833353394397,0.0040723165801347565,0.006167302733747701,0.016614029464055546,0.004204603966320179,0.0032889250549317,0.0058164071898008304,0.014029762034962987,0.003321090177639321,0.0032931903695277757,0.005523124488119282,0.01208290846221988,0.004220280664412433,0.003262815577582164,0.005789321213589108,0.013752593742223904,0.004297455275418929,0.0035253852796593285,0.005898091298678739,0.015276424951339698,0.004260736276387565,0.0032696510314035795,0.005854988551244934,0.014215377253986305,0.004240958186499704,0.0033133517854656534,0.005842276263101089,0.014310872861454837,0.002965249357494262,0.00327825489912754,0.005498302028210134,0.012144261330264548,0.004221422914329077,0.0033756844646525663,0.005870694799182363,0.01459866394524673,0.0033110436983081813,0.00331257473503765,0.0057461723825533596,0.013989375196773665,0.003293276909572968,0.0032977983420624914,0.005723009230343241,0.013684373653553631,0.00422439174038578,0.0032733674461301663,0.005809437139570537,0.013943558673112068,0.003391135237426894,0.0035090077599534576,0.0058686098078144415,0.015110627365923418,0.001510978135832508,0.0015108777286743265,0.0015130962961063454,0.0015146878603108955,0.001553174893781006,0.0015198201743648978,0.0015116107906887463,0.0015168918200204246,0.0015191397851909397,0.0015170216051294699,0.0015220264859169635,0.0015141801268194273,0.0015140648773942786,0.001513465628292792,0.0015192113962865957,0.0015187539076502764,0.0015163322598975841,0.0015160169015785143,0.0015273528014412131,0.0015140761681085855,0.001509664395812457,0.001511765495020888,0.001518565788492074,0.0015139170368386342,0.0015152635886587923,0.0015308931139429672,0.0015135142705568368,0.0015366243265673022,0.001534279033340106,0.001507419364114069,0.0015528269188777766,0.0,0.0,0.0,0.0,0.0,0.0,0.0,0.0,0.0,0.0,0.0,0.0,0.0,0.0,0.0,0.0,0.0,0.0,0.0,0.0,0.0,0.0,0.0,0.0,0.0,0.0,0.0,0.0,0.0,0.0,0.0
6,0.004248032848137834,0.003285846343112368,0.005858908780622084,0.014340235395597275,0.004170799617503648,0.003273008777104384,0.005752263806687997,0.01348099322258359,0.0042677827672723155,0.0037160995232338348,0.005948422925099562,0.01566839045902552,0.004236487810108622,0.0035361320026814696,0.005913450700382173,0.015114775487212451,0.0033522624142247846,0.0036762582025082887,0.005958819648399477,0.015440228790302775,0.004143083639650285,0.0034681462254027387,0.005867498529446727,0.01467865994386578,0.003897940771328148,0.0032743702784452555,0.005706421773689749,0.013265228087554095,0.004150720990018803,0.003268487101703449,0.005755023582258726,0.013643317889527225,0.004268215160343839,0.003329588371807241,0.005945088401784836,0.015014763593717883,0.0043165349358036,0.004091615583566282,0.00619387934174293,0.01703999992999476,0.004252479760726537,0.0038652185683220796,0.005977221770566524,0.016110041236848345,0.004330212930417532,0.003459581423109549,0.005951646772118792,0.0154131383148337,0.004057353005769353,0.003399148070648004,0.005864803580503395,0.014561984661079054,0.004255254009574661,0.003293427278168768,0.00583811247846975,0.014121509514834693,0.004281816633836412,0.004076888457515396,0.00620171029597143,0.016514120040193998,0.004265099757957205,0.003559747758445928,0.005938881643738346,0.015317420395628677,0.0042928372860497315,0.0033816729616472385,0.005903670131528715,0.014843397001629118,0.004249810615623205,0.0032950927019570106,0.005824485827682735,0.01414021070286912,0.004262860799536302,0.0040664780737597345,0.006165297090497238,0.016598329815129282,0.004200866885160855,0.003287738001442797,0.005814054801986419,0.013998336320348559,0.0033195956615856286,0.003293295393206755,0.005521102554489469,0.012071182139623599,0.0042134341958286175,0.0032654780877122832,0.005778876908171179,0.01365998370287389,0.0042968801144090615,0.0035287235037913586,0.005899213200987819,0.0152837812789832,0.0042667199336028526,0.0032768234590674376,0.005862450772858354,0.014289346535879432,0.004246393926786381,0.003329831506784222,0.00585295085747236,0.014407731433603016,0.002972737140360022,0.003277969082197135,0.005501119197174007,0.01216256256037128,0.004222764685208867,0.0033864792752254314,0.0058749106595119205,0.014638158864633223,0.0033187859785314103,0.0033148590922915063,0.005748773513843242,0.014014095860971888,0.003302321577523732,0.0032989991563275914,0.0057254081773059975,0.01370394327127184,0.0042258225733226755,0.0032737566060462436,0.005812152432017708,0.013966747725857445,0.003393473344947613,0.003510484940092609,0.005870967347707981,0.015117659963621695,0.0015113339283968524,0.0015118229660276289,0.0015104591094143387,0.0015156808806740046,0.001550186799186597,0.0015206901009490548,0.0015124961251863956,0.0015180229756168566,0.0015198045817873145,0.0015148912709270186,0.0015225858785308884,0.0015120850110351878,0.0015146176705575028,0.001510960183271353,0.0015160777201701915,0.0015156169011413955,0.0015133447577805308,0.001513734501275535,0.0015251494012691442,0.001514740428316493,0.0015104768573264268,0.001508726141708032,0.0015164932906874655,0.0015145080695127696,0.0015128367200190154,0.0015319611467190402,0.0015146024836637782,0.0015344596500807594,0.0015353807150640377,0.0015087733347149187,0.001553861911580843,0.0,0.0,0.0,0.0,0.0,0.0,0.0,0.0,0.0,0.0,0.0,0.0,0.0,0.0,0.0,0.0,0.0,0.0,0.0,0.0,0.0,0.0,0.0,0.0,0.0,0.0,0.0,0.0,0.0,0.0,0.0
7,0.004254245280604454,0.003299434687846204,0.0058699573631316474,0.014433800109435336,0.00418317381226452,0.0032720328642329923,0.005764632607288093,0.013571276939644052,0.0042737337008865945,0.0037710797183376516,0.005962800325907292,0.015804275913652827,0.004239291468422591,0.0035574982584774114,0.00591939234157543,0.015170543862039917,0.0033489670033536806,0.00369161548742425,0.005970499368201779,0.015485710577743237,0.0041487101511808845,0.003480417029422623,0.005872217773276688,0.0147214509938078,0.003941025336221285,0.0032767831170122967,0.005726242559695675,0.013406982856618923,0.004185986903416281,0.0032738853359026163,0.005792215601377328,0.013959236150803012,0.00427819020090395,0.003352029415028521,0.005965093623069644,0.015182260270381958,0.004328077643463136,0.004143653229576558,0.006261699477763566,0.017248190517505632,0.004259889262591295,0.0039157637482254955,0.006009101507332264,0.016226928121913092,0.004351839884615793,0.003541605800565812,0.005968353305991457,0.015740271656009573,0.004096784010867491,0.0034342279131490913,0.005900127189332715,0.01482500357015328,0.004279264375936775,0.0033362269925229096,0.005888809636751346,0.014526790815476438,0.00428846218539965,0.004105630372854043,0.0062388901415124185,0.016594213870105453,0.004267256785875798,0.003576362474420067,0.00594176964171244,0.015365320368296602,0.004293092107114197,0.003382738150993983,0.005905614254751258,0.014848787186144494,0.004256618479660768,0.0033178390859844847,0.005839531614870895,0.014276070560332164,0.0042648667907137965,0.0040824903205786646,0.006186407760381535,0.016646012627508762,0.004207057152020771,0.0032984681686798706,0.005827907145667515,0.014122248523643324,0.0033585162439879533,0.0032937741358905447,0.005535750188504988,0.012148844279727927,0.00421603462347705,0.0032655070064364113,0.005784277861276352,0.01369653865217681,0.004298371599858472,0.0035636896162805293,0.005904671340195667,0.015376267269624537,0.004286432572362244,0.0033069602648632956,0.005883363679034172,0.014527041890077861,0.0042563091940986866,0.003374225804924185,0.005875706625355855,0.014625840498568833,0.002966413403657297,0.003277995905135463,0.005496281888161342,0.012133733466519135,0.0042257803480392495,0.003407223060355047,0.005883638711807216,0.014718239902383488,0.0033268955044544295,0.0033199398936134086,0.0057544705897360805,0.014060439541581631,0.0033075948654450052,0.003300521074379937,0.005728280316068844,0.013722222162443773,0.0042270788981981465,0.0032747762870790247,0.005815155826747613,0.01398318214654071,0.0033981710348719584,0.003504527018567445,0.005868841581185879,0.015101693383212472,0.0015106772867811231,0.0015103524076465456,0.001511592091823285,0.001514409681873114,0.0015510967392635725,0.0015194852076591883,0.0015109965439736505,0.00151647994781175,0.001518635817788707,0.001515614311432609,0.0015217770946000199,0.001512543255199044,0.0015135867908315599,0.0015122844738004473,0.0015172893044801414,0.0015169661208251969,0.0015143841201293309,0.0015143362877572302,0.0015262472352098994,0.0015138166356843243,0.0015093667035187516,0.0015098352683720142,0.001516864632264207,0.0015135176601628014,0.001513414003643502,0.0015305754577908922,0.0015130729070586197,0.0015348724195351762,0.0015338689458043572,0.001507418930595359,0.0015522598217343228,0.0,0.0,0.0,0.0,0.0,0.0,0.0,0.0,0.0,0.0,0.0,0.0,0.0,0.0,0.0,0.0,0.0,0.0,0.0,0.0,0.0,0.0,0.0,0.0,0.0,0.0,0.0,0.0,0.0,0.0,0.0
8,0.004254895023500207,0.0033035890042862493,0.005872070712956973,0.014448556567514849,0.004185884826084809,0.0032734335594716167,0.005773262621615543,0.013613513165583402,0.004275717668414872,0.003798417754952347,0.005971483212193408,0.015855036032941805,0.004228954565471686,0.003572513129703929,0.005890568362929976,0.014988077199366009,0.0033465804650012507,0.0036959823919942465,0.005964139822797993,0.015420018714724676,0.0041332897176566755,0.0034707582603664415,0.005858906433814672,0.014614774099895474,0.003948499493004055,0.0032745710285037553,0.005721549744420005,0.013377221369311488,0.004188328060254473,0.0032751191172250838,0.005795530957271345,0.013983471491718533,0.004280373891499412,0.003358625957432565,0.005968718710512524,0.015216696833566697,0.004334591921687064,0.0041868614927824555,0.006322196599826616,0.017366129430725595,0.004273153513706651,0.004015579944449838,0.006079177570417961,0.016478998504587335,0.004344587996343413,0.0035251059565549144,0.005969178925008102,0.01567793447500164,0.0040964532504719885,0.003436588697256543,0.00590294035594738,0.014832682488724625,0.004285967808596734,0.0033590977170512826,0.005903320774922647,0.014651145257260547,0.004282189118824793,0.004095913625220858,0.00622623100918899,0.016546986448596458,0.004266257229300555,0.00358168803153178,0.005942668752379383,0.015377018462465399,0.004295083966815443,0.003396355339572413,0.005909899279178922,0.01490335510041291,0.004260469876316389,0.0033526012936870076,0.005851305318629968,0.014412016012605474,0.004267226164529325,0.0040935194818158185,0.0062006911704871265,0.01668280972145235,0.004199190613591397,0.0033082122409663958,0.005810385523230746,0.01402671111750335,0.0033481716507919217,0.003293910614157738,0.0055307101553524335,0.012119788562031466,0.004213862634611593,0.0032683813289972885,0.005783393315034202,0.013668003144461973,0.004299005670212984,0.00357884152193509,0.0059071996947179465,0.01541470791017564,0.004294788754959145,0.0033282417334862357,0.005894458834591501,0.014652226952325965,0.00425868610206556,0.003392316024026353,0.00588415601738789,0.014702492786735926,0.0029768994207372253,0.003278356017724781,0.005503858448712628,0.012175962033144121,0.004213942455703817,0.0034123535638125356,0.005854837436472603,0.014538095051874443,0.0033264421054349765,0.003307219833178032,0.0057173240726424435,0.01382313277961104,0.0033171672549714946,0.003302331980620539,0.00573160627722305,0.01374913874242893,0.004228354089516874,0.003276565282954077,0.005819183183121245,0.014004710593580503,0.0034037571059050845,0.003505806902560422,0.00587011225019385,0.015106592708985274,0.0015106009849479882,0.0015097995174757762,0.0015129985614257178,0.0015143930429320149,0.0015523178877290143,0.0015194378670281173,0.0015108641429695448,0.0015163192509059266,0.0015184184925130242,0.0015168333622837555,0.0015215937665071016,0.0015136289461177327,0.001513475152263194,0.0015135186077406535,0.0015189306303503751,0.001518344901964258,0.0015155272287029975,0.0015155897826346983,0.0015271447503042482,0.001513393783183771,0.0015092091940002307,0.001510793809322249,0.001518064457529787,0.0015133024485109634,0.0015146174880227748,0.0015304243443954187,0.0015129037377208563,0.0015361755350052192,0.0015337163842860692,0.001507517746197033,0.0015520173515792587,0.0,0.0,0.0,0.0,0.0,0.0,0.0,0.0,0.0,0.0,0.0,0.0,0.0,0.0,0.0,0.0,0.0,0.0,0.0,0.0,0.0,0.0,0.0,0.0,0.0,0.0,0.0,0.0,0.0,0.0,0.0
9,0.0042354578741407595,0.0032812222950029937,0.005826032069659393,0.01412654868776675,0.004168403305706585,0.0032592839708921557,0.005731836955767799,0.013346699945646384,0.004258707454358388,0.0037766727294549244,0.005927837678961927,0.015544286469261656,0.004225691421924059,0.0035547579807503997,0.00588164739781276,0.014930202429239849,0.003334304578080489,0.003682690414464072,0.005952633472096867,0.015378282544461382,0.0041226029327219955,0.0034644172571243,0.005857934315365193,0.014587876854968842,0.003925595722263931,0.0032734120967356645,0.005715845531944003,0.013339988434473597,0.004165183647164255,0.003260521332540084,0.005750626952579125,0.01366603538047206,0.004282026738474114,0.0033622059966857518,0.005971852208302447,0.015231741723123835,0.004335401937998747,0.004187659204410399,0.00632073968300795,0.017347448545081978,0.00428244730895245,0.004075904800949421,0.006128811558528543,0.016614148880676822,0.004328488110646668,0.003491851618389326,0.005944033080476239,0.01542003440789274,0.004101321330641441,0.003439250963758862,0.005901519752689986,0.014841198744424466,0.004289935332477324,0.003369434236161197,0.005905058121703595,0.014706889442179643,0.004266527612572586,0.004093626451404684,0.006203046570216644,0.01626085089454926,0.004259770754133809,0.003552151709834798,0.005934181309990436,0.015277192310182739,0.004294735622786415,0.0033940355531429482,0.005907417979144619,0.014886980371086883,0.004283481848896736,0.0034108035974200024,0.0059018835094632625,0.0148591451634881,0.0042729968302803005,0.004122514146217797,0.006238072878702285,0.016759313534214906,0.004196490845025292,0.0033033168597865242,0.005806514864458103,0.013996826306954722,0.0033191477538664776,0.003294795022464374,0.005525742858544806,0.012087382118043357,0.004214948678028167,0.003266410639522625,0.005782576838064411,0.01367720637039216,0.004300909080971979,0.003603384520444099,0.005906007316606352,0.0154748891265954,0.0043024990791244696,0.003351209944882426,0.0059010096236942,0.014765062424220193,0.00426179197041961,0.003415312874527198,0.005889855181408858,0.014794606258382886,0.002975637255784913,0.0032790398211091504,0.005510729678771603,0.012211554315521891,0.004216453861779469,0.003426275671296973,0.005857306680001468,0.014588068414120903,0.00330367997365602,0.003300069092715007,0.00570740057703823,0.013757200811352198,0.0033023282481482205,0.003300826856616549,0.005728662616195368,0.01373811534091549,0.004225344860459398,0.003274225539752406,0.005811090932889678,0.01394940732692467,0.0033888553935450764,0.003509698967451696,0.005871280988418196,0.01511996333158411,0.00151127983078937,0.0015115989942051243,0.0015150389239458695,0.0015159435147657834,0.001555528104644653,0.0015208284313522817,0.0015123113227273827,0.0015181452783210566,0.0015192887247883835,0.0015190818979140164,0.0015224595426807153,0.001514873597666696,0.001514625822830284,0.0015148582238044641,0.001521335867463911,0.0015215836564309783,0.0015185696002957617,0.0015175788599780774,0.0015288311150000438,0.0015146946937952305,0.0015103975834519366,0.0015140335469583086,0.0015209098150981613,0.0015147874503773993,0.0015175411694440717,0.0015318508929608313,0.0015147138308868365,0.0015389641627249506,0.001535525563351888,0.001509173751094982,0.001553977186735044,0.0,0.0,0.0,0.0,0.0,0.0,0.0,0.0,0.0,0.0,0.0,0.0,0.0,0.0,0.0,0.0,0.0,0.0,0.0,0.0,0.0,0.0,0.0,0.0,0.0,0.0,0.0,0.0,0.0,0.0,0.0
10,0.004229443823293311,0.0032758687354155843,0.005825442713940164,0.014072088762887364,0.00416965945282337,0.0032620301023419786,0.005740222639280622,0.01337490812194932,0.004258454822264942,0.003808022254211207,0.005946005678896247,0.015604248880135885,0.004222236586147729,0.0035471371663911414,0.0058858044875054315,0.014903772534846853,0.003338073382238195,0.0036814603322314447,0.005952616777058661,0.015371628189935729,0.004117747476273591,0.0034755979733406034,0.005865374313770677,0.01462666181786784,0.003925916984681461,0.0032772102310928575,0.005725135958496292,0.013387868990038,0.004154594946981891,0.003263710063934264,0.005750988255015175,0.01364539927939386,0.004278323158225342,0.003380057770988318,0.005963009936014587,0.015191132600430266,0.004321250988086987,0.004175172372047683,0.0062988921328983125,0.01713279575963631,0.004283246300594136,0.004091911056363916,0.0061490228281427094,0.016656820780183403,0.004311924348069199,0.003484521889323109,0.005931862704771496,0.015255278980410666,0.004125583288766228,0.0034789033790894154,0.005920728369556262,0.01498374304637945,0.00429088078211216,0.0033801065417772384,0.005915242149402195,0.01475510961147572,0.0042592524685654805,0.004105440698608114,0.006228427718970124,0.01629246434863417,0.004260794896175762,0.003606263052198983,0.005953172389704025,0.015430396854970545,0.004295881640995488,0.0034210715446368186,0.005919460044830364,0.014984040446296547,0.004286589279163161,0.0034395610224077005,0.005913602995522844,0.01497372108809016,0.00428327768125658,0.004198111305481629,0.0063768075147690425,0.01700598834419351,0.0042110395334076485,0.0033652898591732495,0.005845460719258494,0.014309792366088762,0.00337805827623775,0.0032968631957956207,0.005549451428012747,0.012209272663650754,0.004228628572901245,0.0032681329288107184,0.005812513991031429,0.013872036813544396,0.004301984076966281,0.0036643729098202915,0.005916991242167192,0.015617498981209552,0.004305221719630226,0.003366098786135274,0.005915318533845305,0.014827672972842407,0.004262567699407724,0.0034313002665739417,0.005904802215602699,0.014851557871819729,0.002979330119224154,0.0032791956079639556,0.005515511352077617,0.01223307742818675,0.004217559438011075,0.0034412140580017125,0.005865573933217331,0.014637076056399119,0.0033109371431671213,0.0033063058752224213,0.00571414773552173,0.01381516410341307,0.0033039525894272056,0.003301211358376223,0.005729003594942927,0.013729177142683251,0.004223546731347497,0.0032776709116363587,0.005815088047198431,0.013944640056825996,0.003391434078967126,0.0035169429669758582,0.005877354370356259,0.01514858479443187,0.0015108898175216498,0.0015099621900290386,0.0015111434466122075,0.0015144709559276768,0.0015493932615595796,0.001519689395682163,0.0015107695593797668,0.0015166355732488142,0.0015180815771318379,0.0015150231986114323,0.0015217379280750537,0.001509501140717263,0.001513687129131686,0.001512088069804339,0.0015172176362388107,0.001515777420701807,0.0015131794875778975,0.0015135478813354053,0.0015257296291258566,0.0015134474913189701,0.0015091281098795369,0.001508371072758209,0.001516085251415466,0.001513198240630419,0.0015122538814897211,0.001530520734239824,0.0015130939980303076,0.0015341404086801579,0.001533984139194082,0.0015073324818210706,0.0015521926785461394,0.0,0.0,0.0,0.0,0.0,0.0,0.0,0.0,0.0,0.0,0.0,0.0,0.0,0.0,0.0,0.0,0.0,0.0,0.0,0.0,0.0,0.0,0.0,0.0,0.0,0.0,0.0,0.0,0.0,0.0,0.0
11,0.004229146105993043,0.0032757791126477712,0.0058238631684520105,0.014071113712275665,0.004173407500731036,0.003258872652708188,0.005740852337316891,0.013407147896188215,0.004258734414233263,0.003812372036984463,0.005950632357601888,0.015603474906733935,0.004219262626013055,0.003533863916335577,0.005884771771001045,0.01486732087026684,0.0033496060179889404,0.0036850535536985204,0.005952718456149608,0.015377009777629309,0.004133634494008815,0.003488992052340413,0.005867731581016602,0.014672087008358911,0.003937074140363385,0.003278709755343018,0.005732117049960421,0.013445289604174581,0.004154468556369064,0.0032643725356495167,0.005752302243741442,0.013665035062583382,0.004281694597994573,0.003390759899185408,0.005960012199092746,0.015234623098787679,0.004320472365721602,0.004194538608080334,0.0063369201561297266,0.017179412543624362,0.004277583690734423,0.0040787638712506055,0.006132660086612814,0.016572590082514903,0.004301401006119332,0.0034603454355425197,0.005925763894321036,0.015118168852093748,0.004145972183520212,0.003515969062977741,0.005933286802492091,0.015101746454356288,0.004291842802859779,0.0033937898136093703,0.005919847083963361,0.01481392282116693,0.004259814901665981,0.004131120438626061,0.006269002463021775,0.016358693274069795,0.0042641529354174555,0.0036424586120083298,0.005960657548696931,0.01552715083155762,0.004297410539997926,0.0034560771005341866,0.0059246392574107305,0.015101226738924018,0.0042873190655442275,0.003455896108466541,0.005918525102379388,0.015029903757472951,0.004283647157204638,0.004220878048860483,0.006421762414467513,0.017076405693793976,0.004214986447153702,0.003403561050327371,0.005864806985519397,0.014467389251518007,0.003440336725117612,0.003298488663485798,0.005575501444723883,0.012351860686450581,0.004241012944983792,0.0032663891389882642,0.005827804040197367,0.01402204246357144,0.004305795699902368,0.00370907952406715,0.005917359132086716,0.015701269066807338,0.004306539465996121,0.0033741952047394797,0.005918103062481215,0.01486105157809368,0.004263040888651647,0.0034439972510373236,0.005907208964349937,0.014892101579764595,0.002982990398230403,0.0032720408084305616,0.005502036499409781,0.012133915183185691,0.004218076995930256,0.0034566355824593538,0.005871105339504309,0.014686896216829545,0.0033175120461802076,0.003310430776521568,0.005719015102492762,0.013847897491790448,0.0033032248098965123,0.003302328477564583,0.005729691935828392,0.013715485361494546,0.004217683733043597,0.0032757543912506223,0.005806354216519833,0.013889448556118148,0.0033928167641717783,0.003526871844361955,0.00588414461709285,0.015182252652732275,0.0015111993053054107,0.0015104531023581095,0.0015127487844188907,0.0015146043251248044,0.0015512590182852175,0.001520190668509596,0.0015108137796488264,0.0015167508032954114,0.0015185491035827827,0.0015164464682989862,0.0015218494254947649,0.0015110484816396842,0.0015138941300004327,0.001513178636152255,0.001518829462440935,0.0015175136254869117,0.0015146702842288762,0.0015148404782943633,0.0015268084301127988,0.0015133401533561524,0.0015092015693066038,0.0015102293758896877,0.0015174276839254011,0.0015131564183552735,0.0015136223314206822,0.001526846508434188,0.0015132655949313015,0.0015350892954285207,0.0015334723516138248,0.0015071037448231494,0.001551969222733979,0.0,0.0,0.0,0.0,0.0,0.0,0.0,0.0,0.0,0.0,0.0,0.0,0.0,0.0,0.0,0.0,0.0,0.0,0.0,0.0,0.0,0.0,0.0,0.0,0.0,0.0,0.0,0.0,0.0,0.0,0.0
12,0.0042350484790117625,0.0032907241092617616,0.005834242030878849,0.014166904423861452,0.004181269855602813,0.00325580037102077,0.005748045355829897,0.013492428796099212,0.004267457596798242,0.0038586028079331093,0.0059813029434318,0.0157011008211597,0.0042197403764132795,0.0035403249171654565,0.005888220264755728,0.01488617862717142,0.0033521915079990907,0.0036912287870702965,0.005956676836051153,0.01539237213731038,0.004146118014354857,0.003506508036088774,0.005875438880372652,0.01472862645172889,0.003952470217896381,0.003281310402931641,0.005740775664150772,0.013509069981819666,0.0041627367985494846,0.0032686116788744955,0.005764683900091463,0.01376988584905491,0.004286784007897857,0.0034208210871540918,0.005966440337367297,0.01535103360514496,0.004325874603784476,0.004217401945107933,0.006374704804983405,0.017248426471857446,0.004273296764608426,0.004063956324945562,0.006118187089847369,0.016524944178947138,0.004301329286852568,0.0035157168771605732,0.005932971580289042,0.015277356514927289,0.004168222545499801,0.0035579757162501843,0.005943279252396873,0.015222874621744141,0.00428765061933332,0.003385003711596087,0.005915763033935151,0.014762369792305469,0.004255067600430077,0.004159172009227877,0.006323905570672335,0.016446425147734554,0.004274047260390068,0.0037297842624530553,0.005975403729649666,0.0157466080659363,0.0042991027453171725,0.0034954981821125313,0.005927519008128858,0.015218049459225304,0.004287877235235375,0.0034932503419526015,0.005926636668263511,0.015140041361185514,0.00428700294224113,0.004253711441827206,0.0064965986623247126,0.017185208891311726,0.004217805436328029,0.0034223579374082704,0.005869743615620237,0.01454381728106048,0.003497550202814788,0.003298197179475189,0.005595945219797225,0.01246527667765872,0.004256166176899989,0.003272949291055198,0.005845232279421912,0.014207131400447642,0.004318790238652055,0.0037757511234360517,0.005929643656838431,0.01582963785432307,0.004304733402133019,0.0033647068563116295,0.0059155685208538596,0.014828310113096477,0.004261127810028912,0.0034269555191750157,0.005903152971791327,0.014832212862366231,0.0029939978917499005,0.003268708752352469,0.0054976266857245815,0.012125202295398861,0.00421897426346436,0.0034718928079806384,0.005875715863825343,0.014735177268594572,0.0033338103907208723,0.0033174416787140073,0.005724874225575576,0.013917402231656533,0.0033063823034484583,0.0033003403701769973,0.005724365982386515,0.01368774583185196,0.004215724749003705,0.0032753735569365948,0.005804690376521236,0.013893368870687548,0.003393865264857502,0.003531744464080149,0.005887623170517132,0.015190184270884064,0.0015116624157188892,0.0015117205734572687,0.0015142554811854844,0.0015156366411367595,0.0015532495871332925,0.001521292875014774,0.0015115466047507355,0.0015178148116532148,0.0015192135462096777,0.0015177068454018281,0.0015223213540363479,0.0015123819126028923,0.0015143765962124965,0.0015136272172048503,0.0015206352491673558,0.0015191830894625876,0.0015162925329411372,0.0015162384798919797,0.001527592845338064,0.00151399054160736,0.001510201822486556,0.0015119569918269657,0.0015193570934482646,0.0015136404682518651,0.0015154549219419848,0.0015286112384957995,0.0015144556604726079,0.0015367596759921257,0.0015345080438664152,0.001508432994710959,0.0015527075621484577,0.0,0.0,0.0,0.0,0.0,0.0,0.0,0.0,0.0,0.0,0.0,0.0,0.0,0.0,0.0,0.0,0.0,0.0,0.0,0.0,0.0,0.0,0.0,0.0,0.0,0.0,0.0,0.0,0.0,0.0,0.0
13,0.004246868323354449,0.0033154654140910103,0.005843233122661481,0.014318148067601464,0.0041881518876698085,0.003253959950484912,0.005754821997771485,0.013564887446235767,0.004266910004222166,0.0038542534043438373,0.005976478405004556,0.015686311774984623,0.004224298773242482,0.0035654101402067505,0.005891376293641729,0.014955366465179995,0.003341736333396365,0.0036907507562753804,0.0059540205612414855,0.015388813817823978,0.004151200547477184,0.0035272064882806865,0.005883338854021568,0.014790315551316883,0.003923332350617343,0.0032785212070695225,0.005731905390562975,0.0134520488051149,0.004156741471273628,0.0032656909850756785,0.005757503900695683,0.013714912494842628,0.004294941391393597,0.003456854871827374,0.005964545639911078,0.015473948813743985,0.004328293008994047,0.004203837181854215,0.006343668809450337,0.01722430456717954,0.004284395359899411,0.0041264420868281125,0.006185851884525015,0.01668959255513253,0.00429655578000345,0.003464137592782104,0.005921918517875447,0.01510900555508231,0.004173696367754048,0.003568220900013153,0.0059419002764457655,0.015248014431489633,0.004286573682115721,0.0033728989360453728,0.005907921942610431,0.014708276804463684,0.00425411242423545,0.004169601049373558,0.0063455594406120405,0.016474723723824053,0.004280033565064725,0.0037940506516581764,0.005990450861523047,0.015909250714517868,0.004302445497101836,0.003524471485664704,0.005924099904233552,0.015310663724433494,0.0042885702583690165,0.003511903138822286,0.005922614223424475,0.015194028304078086,0.0042938215596712,0.004254659589010461,0.00649536528397883,0.017189011545949526,0.0042347277849894786,0.003438071729588626,0.005908556991813337,0.014833301227971458,0.003531631904118676,0.00329498782995383,0.005607524928307945,0.01255294433402108,0.00426953304522799,0.003290614400720821,0.005860235799352245,0.014384237772165253,0.004320171454344367,0.003779227627200371,0.005925345033340108,0.01582014751434056,0.0043054354612061365,0.003355470657249746,0.005906971023596951,0.014804245167410444,0.004259891800154757,0.0033985811093046364,0.005887251379897016,0.01473197718866221,0.002977442795104104,0.0032650262533915958,0.0054851990840126584,0.01206001868851931,0.004223759426975485,0.0035049895071313855,0.005882056090750598,0.014836885139368185,0.0033175050332462735,0.0033099161516543752,0.005715636725674201,0.013863124634499678,0.0033012216916404867,0.003295819824344004,0.005714902177866698,0.013664521599514649,0.004209016958617852,0.0032692416714516174,0.005789677578484386,0.01381081050566807,0.003385614499497391,0.003521629555880796,0.005876658037137463,0.015150638302769897,0.0015113230579284777,0.0015110943081705994,0.0015150980485151284,0.001514875425050864,0.0015541594749381915,0.0015203955717700878,0.0015110744508606017,0.0015170315600755975,0.0015189422158824542,0.0015181886410809567,0.00152233162604577,0.001513317331277073,0.0015143049240281075,0.001515039452890572,0.0015215377659992192,0.0015203060900887094,0.0015175817975615579,0.001517146288240739,0.0015285976223469596,0.0015140353396065603,0.0015101061487304069,0.0015131512224296718,0.0015198296015512189,0.0015134675895608445,0.0015164344040974184,0.0015283967286171306,0.0015137494957540435,0.001537554087137755,0.0015340609648528056,0.0015075881156345115,0.0015523117196965623,0.0,0.0,0.0,0.0,0.0,0.0,0.0,0.0,0.0,0.0,0.0,0.0,0.0,0.0,0.0,0.0,0.0,0.0,0.0,0.0,0.0,0.0,0.0,0.0,0.0,0.0,0.0,0.0,0.0,0.0,0.0
14,0.004245754599115506,0.0033154051472567402,0.005845396135239048,0.014314638139604432,0.004187578007520046,0.0032547109672514804,0.0057555746672784645,0.013564067951023941,0.004266828623272476,0.003854371174551557,0.0059779712311271264,0.01568772231558256,0.0042206626161094,0.0035440012442982094,0.0058866316016572395,0.01489647288529344,0.003346637468708731,0.003685874963448399,0.005951900624834822,0.015377575617981466,0.004152793250493312,0.0035243586593738433,0.005880747300636863,0.01478275156357891,0.003933659374179866,0.0032785104072667096,0.00573328666164581,0.013470950694980808,0.004157012926279409,0.003265686931662975,0.005757043601569309,0.013701103143719326,0.004296865150949679,0.003469652988166684,0.005965980132708726,0.015515965816947053,0.004320675068659158,0.004162472755939198,0.0062715995974627105,0.01705090783827374,0.004286566845934477,0.0041473430956836714,0.006215987375126074,0.01675369221840335,0.0042980335344067365,0.0034911785073220678,0.005927376518016709,0.015194333032065722,0.004176119618559019,0.003575578744192033,0.0059457519533889,0.015272609022905127,0.004288613137045916,0.0033818430429358474,0.0059128640677853905,0.01475220258361405,0.004254693070891017,0.004179210600645693,0.00636525588701253,0.01650662768165633,0.004282093417984261,0.0038141427717754777,0.0059978215915962646,0.01595952847398943,0.004304469671980812,0.0035552273840850136,0.0059269136988387835,0.015398349449071732,0.004286861230921845,0.00350110048980594,0.0059245004377207955,0.015158377321261698,0.004296458715551361,0.004244305210577354,0.00646545326542171,0.017170288066033008,0.004235097468524321,0.0034299791694849375,0.0059040720629035415,0.014784188196259146,0.0035698393297975257,0.003295628448984809,0.005622372700975998,0.012636969690848647,0.004275244411282507,0.003302772292141157,0.0058687841118026315,0.014473110169012076,0.004324169746902118,0.003790265635691969,0.00593090842192368,0.015840592265591556,0.004306250522726118,0.0033537822883345832,0.005908604213600878,0.014810375334305471,0.0042605735274532566,0.003407117602428333,0.005890898744466197,0.014764156309812548,0.002973439255304355,0.0032532608211752537,0.005452254094222591,0.011866368435617697,0.0042250328217610395,0.003513310622505481,0.0058852459760613375,0.014862368050602578,0.0033184217513685115,0.003308081388739015,0.005714223424991461,0.013842962036065188,0.003294511138287473,0.0032844021694756354,0.005682477308207291,0.013448533805562395,0.004201324322952105,0.0032634434719882545,0.005772196887873327,0.01369962485542185,0.003377851054835877,0.003506429355605746,0.00584187988889039,0.01490605716078661,0.0015113799275303555,0.0015109694892431536,0.0015118782404215777,0.0015145637668339267,0.0015495260650336695,0.0015204013185692138,0.0015111362989516392,0.0015168133260682047,0.0015186830326552538,0.001515135572470537,0.0015220820213948422,0.0015104254426981604,0.001514227387466429,0.0015122861009956281,0.0015178828411419449,0.001516213178704326,0.0015136082944117689,0.0015142274173007945,0.0015253009584580929,0.0015138312104699928,0.0015100121257580913,0.0015092832096649557,0.0015168378967926307,0.0015136240619611728,0.0015133510475599716,0.0015282183075708132,0.0015136915226903603,0.0015341889030178431,0.0015339842806409956,0.001507388789709738,0.0015524468667523941,0.0,0.0,0.0,0.0,0.0,0.0,0.0,0.0,0.0,0.0,0.0,0.0,0.0,0.0,0.0,0.0,0.0,0.0,0.0,0.0,0.0,0.0,0.0,0.0,0.0,0.0,0.0,0.0,0.0,0.0,0.0
15,0.0042377314331967005,0.003292714629484773,0.005834348741594036,0.014187690184474319,0.004180805085117178,0.0032552194302361004,0.005746767336778324,0.013488620219262042,0.00426702397352219,0.003855763457207364,0.005979936347268281,0.01569397027346066,0.00421645220192973,0.0035234980629975953,0.0058834336540861745,0.01483909582693813,0.0033576093498297573,0.00367355067541096,0.0059438418756884315,0.015347260358164314,0.004149364166444035,0.0035084461921466954,0.00587563789608435,0.01473791475797189,0.003926236681570592,0.0032781671161318817,0.00573022589970342,0.013441955605502185,0.0041507505282959755,0.003265605059061128,0.005753911374031322,0.01366288109910588,0.004291283030287755,0.0034364474757533504,0.0059652172865462295,0.015413496726450038,0.0043285331130795135,0.0041849409856124994,0.0062971642879617665,0.017131432299695718,0.0042821949903008,0.004114347507214588,0.006170805327371191,0.01665983380189488,0.004297901877539612,0.00349348191171731,0.005928793032863445,0.015201960166131014,0.004166405126129405,0.00355454796986976,0.0059407533722295,0.015212393707230161,0.0042869448435331305,0.003374744983654945,0.005909957775004974,0.014718283346279714,0.00425703991000136,0.004177629759447209,0.006360630767953861,0.016504778139177785,0.0042775381970649486,0.003769910431543149,0.0059850408405465365,0.01585357035569216,0.004302152094593698,0.0035266379955427975,0.005927540927110548,0.01531882522662298,0.004284512527372961,0.0034652195140058356,0.005919756224862018,0.015045174521747386,0.0043027552698395415,0.004253782972302226,0.006482489079342185,0.01726230404022698,0.004236083397188244,0.0034329585061966747,0.005910803874851867,0.01480366772109611,0.0035378642986438977,0.003297477360267297,0.005613215888508953,0.012585212362413865,0.004270543764233698,0.0032926069710857418,0.0058622177520408995,0.014406195366592984,0.004319111312928423,0.0037689159151697614,0.00592434624150149,0.015794933433831437,0.004309559950003,0.0033536396438886146,0.005914136140196863,0.014848829393403679,0.004258761303339084,0.0033960387113074596,0.0058871571004217044,0.014717659244540581,0.002964537961120055,0.003253218985592864,0.0054446424672858285,0.011819375156245444,0.004223674024260322,0.0035063435332461997,0.005884395614483938,0.014842633781103594,0.00332096255539695,0.0033060159689718687,0.005712471722635218,0.013820454336926802,0.003297650060882377,0.003284303025353354,0.005682197382672796,0.013444224595847903,0.004200521220701776,0.003264376727271622,0.005773588301503978,0.013703909354499165,0.003387600788202876,0.0035047590631278208,0.005840464333685512,0.014903131542994814,0.0015116567908311335,0.001512098501471748,0.001513267349273727,0.0015157818160801925,0.0015521648996421429,0.0015213331711528655,0.001511934054150193,0.001517811133881662,0.0015193035194588076,0.0015164306924534245,0.001522647498683402,0.0015117825530716542,0.0015147611903852999,0.0015129673822707305,0.0015194287063670592,0.0015184084398853902,0.0015156879342243428,0.0015156399527880616,0.0015272035552214497,0.0015144229977416377,0.0015114910879396497,0.0015114129356975812,0.0015187485077482645,0.0015141312719444552,0.0015151741168747028,0.0015288496668221573,0.0015148769051574287,0.0015361572022246006,0.0015350761562910433,0.001508505707202929,0.0015538056545552422,0.0,0.0,0.0,0.0,0.0,0.0,0.0,0.0,0.0,0.0,0.0,0.0,0.0,0.0,0.0,0.0,0.0,0.0,0.0,0.0,0.0,0.0,0.0,0.0,0.0,0.0,0.0,0.0,0.0,0.0,0.0
16,0.0042335624559323454,0.003285639193985188,0.00583381365054398,0.014139079378541525,0.004178021381279253,0.0032581207656616163,0.005747099507890792,0.013462766553832153,0.004270749105133073,0.003876901606931566,0.00599577629578568,0.01575017287129041,0.004217930454895882,0.0035307642105102573,0.005888331078271256,0.014865586608796874,0.003365778258736533,0.003672774441460403,0.0059451480624231594,0.015351659283029815,0.004148541943814622,0.0035057217262060127,0.005878961082718919,0.014737950235864938,0.003930397144926657,0.00327901152075485,0.005730545954152802,0.013425425453727591,0.004153697641230447,0.0032664341625540305,0.005756098172700916,0.013662310401329907,0.004288870416108547,0.0034220835592629183,0.005964597820317692,0.015368933317952888,0.004334800757286513,0.004207834777691079,0.006327147526152671,0.017191721495823355,0.004280925601878103,0.004100306368198219,0.006155164075993324,0.01662890714551459,0.004301796338441596,0.003518460708364918,0.005931959900792856,0.01528793783033798,0.004161667086982933,0.003543571269305468,0.005940295850860254,0.01518419611217943,0.004288870337576651,0.0033760341269953803,0.00591398406019249,0.014729951569628938,0.004262122934777983,0.00417891510146942,0.00636165280978312,0.016516577482771428,0.004275910222226945,0.003747069767948259,0.005981466243726641,0.015801377981735622,0.004302370933792057,0.0035147676077926155,0.005930636005239454,0.015291454753861337,0.004283747771804256,0.003449004045361989,0.005921154448264976,0.014995312397632807,0.004330882171433968,0.004278181735306709,0.006536825120680359,0.017803105016080723,0.004237764848271671,0.0034271437642535837,0.005911807034119598,0.01479442809709778,0.0035230998454176287,0.0033192411883488197,0.005658593231203702,0.012878578372871244,0.004266658316540025,0.0032848286104691475,0.005858087400280366,0.01434939403554971,0.004317720322621913,0.0037662268054746355,0.005924985176681535,0.015795163114628256,0.0043364902225329575,0.003380012540653984,0.00597872293912542,0.015311778395101842,0.00425893043466361,0.0034048004460394635,0.005891754734428946,0.0147474437123878,0.0029686480606898142,0.0032529423252847926,0.005444014590647886,0.011818468916013541,0.004224026327677296,0.0035065968766509886,0.005886022098584219,0.014847247281643921,0.003327927875921417,0.003307225560502074,0.0057143914432128745,0.013827081915821125,0.0033020634420277257,0.003284578339971927,0.005682676658056722,0.013440270234421223,0.004201388191118822,0.0032654013508631586,0.00577599263959223,0.013713892809697514,0.0033910595688140576,0.003506388155127171,0.005841712317925799,0.014907315953061296,0.0015109472062373693,0.0015106698971713616,0.0015136890441658898,0.0015142837863560978,0.001551544470835999,0.0015196714030421025,0.0015108247913364061,0.0015163052438621554,0.001518182778910792,0.0015163419049686146,0.0015216763360932201,0.001512185834175923,0.0015142183794295688,0.0015138820457843809,0.0015198551562779386,0.0015183163747555573,0.0015156127807178254,0.0015158614285119346,0.0015285070386499664,0.0015134224646257647,0.0015167499279380475,0.0015112434035689398,0.0015184187815643698,0.0015255253440051512,0.0015150496105102182,0.0015281506568147292,0.0015132668922897667,0.001536147897247337,0.0015337647452898023,0.0015066330147887063,0.0015523790489396926,0.0,0.0,0.0,0.0,0.0,0.0,0.0,0.0,0.0,0.0,0.0,0.0,0.0,0.0,0.0,0.0,0.0,0.0,0.0,0.0,0.0,0.0,0.0,0.0,0.0,0.0,0.0,0.0,0.0,0.0,0.0
17,0.004252465272931408,0.0032991786078277975,0.0058748616726296225,0.014415547607302882,0.004194982948643112,0.0032709695254287616,0.005785128539743544,0.013714859511591113,0.004285831469534778,0.0038995697994789903,0.006034289553294594,0.01607366654661313,0.004238393933694415,0.0035549882191028897,0.0059240283102464705,0.015173681057060635,0.0033507322440327948,0.0036986400151984237,0.005993428570318165,0.015669101682716922,0.004171896969984598,0.003527207941064348,0.005920538700480395,0.015036815302457441,0.003967812817274757,0.0032887733213457187,0.0057660244552566135,0.01368185487351282,0.004186573019165734,0.003276447612114637,0.005798100623819736,0.013995373225543006,0.0043010250192510625,0.003427919363668245,0.005987091995538083,0.0155414501394222,0.004351048590631335,0.004228417531498672,0.006360295477522652,0.01743692992691711,0.004280081701526406,0.004069101225713202,0.00611801766212775,0.016552309524538757,0.004310714083963753,0.003546850205733758,0.00592963177192081,0.015392651893309012,0.004163766530663191,0.003545530920674653,0.005940443102511584,0.015194835050415228,0.004295662078628835,0.003385726329291603,0.005916494980712369,0.014799464451783033,0.004292746816239511,0.004196576177976346,0.00639457826010406,0.01683033353435741,0.0042766860508524985,0.0037298428089676894,0.00597401314518527,0.015760975047579045,0.004306763336376036,0.0035089629636761107,0.005924939273256384,0.015288694915609271,0.004288323317425188,0.0034517696942731125,0.005915432780304701,0.01502750695354016,0.00433844060832766,0.004278724226629474,0.0065314956633614266,0.017865915698222927,0.004240768089795335,0.0034326894340273462,0.005910714598859057,0.014820419907926964,0.00349693619586454,0.003317247551503849,0.005647905255103503,0.012836982913086508,0.004267274604218959,0.003280678104976182,0.0058539977213801124,0.014333280360242152,0.004315015144870128,0.003763046570392155,0.0059222090243161996,0.0158002383766618,0.004348628618215959,0.003402642976408995,0.0059916834453659475,0.015463621015050145,0.004260679333073602,0.003426335360465197,0.0058966725563149875,0.014823491893344403,0.00297134739111422,0.0032533933813035376,0.005453213937969296,0.011870378756900132,0.0042435071748335275,0.0035280693750763623,0.0059212949692500835,0.015139228943636961,0.003317313497453048,0.0033100388401637844,0.005716053635490681,0.01386340441839669,0.003283028880779931,0.0032845006152884444,0.005682883810418449,0.01344180120872146,0.004222197415507733,0.0032768911675427714,0.005814824750508785,0.013985170997053454,0.0033773903940747503,0.003510697856499438,0.005843148124292338,0.014927352425710909,0.0015113860673568013,0.001511010042245745,0.00151424699757072,0.0015163422547798768,0.001554192105574464,0.00151927823104059,0.0015112511824391386,0.001516751906554598,0.0015187908420225685,0.0015177091649657443,0.0015221940091284364,0.0015130977223149146,0.0015144726222180013,0.0015151613942914388,0.0015208505140093427,0.0015200273613637178,0.0015172970128105778,0.001517033528113737,0.0015298142339347826,0.001513802659645772,0.0015172020929188866,0.001513977535221897,0.0015204613862951264,0.001525829681901077,0.0015166758236756501,0.001528183764614437,0.0015155029128437769,0.001537852615314281,0.0015342164784633598,0.0015082631034709889,0.0015531164226735888,0.0,0.0,0.0,0.0,0.0,0.0,0.0,0.0,0.0,0.0,0.0,0.0,0.0,0.0,0.0,0.0,0.0,0.0,0.0,0.0,0.0,0.0,0.0,0.0,0.0,0.0,0.0,0.0,0.0,0.0,0.0
18,0.004270319785734234,0.003317191569057575,0.0059083977860876526,0.014688340838578997,0.004211849736137938,0.0032793489327467345,0.005817247307115002,0.013958905864094585,0.0042983436806156745,0.003917502763687161,0.006063766664381674,0.01633951257808452,0.00426253336458583,0.0036152992509609558,0.005965242024153935,0.01554274868707626,0.003349561044650818,0.003729775652792869,0.006039024931446926,0.015935719898404904,0.004188318284696087,0.0035361702997820732,0.005941123718973846,0.015226757390801543,0.004003792045936908,0.003297651020256577,0.0057961345062897416,0.013903767337490802,0.004208542784817662,0.0032931420792057125,0.005835393918755543,0.014296513041911757,0.00433648828511529,0.00346028251180436,0.0060595439034887375,0.016177159097102503,0.004394386285738027,0.004280308584939608,0.006472522335175961,0.01819733259507798,0.00428574846006142,0.004029403709090134,0.006103500717702787,0.01666158789198504,0.004335498122438541,0.0035726199630084976,0.005952266066304019,0.015665185724307737,0.00418707846862754,0.0035763485851077535,0.00597148346719991,0.01546950259674177,0.004314465646927426,0.0034174187769055865,0.005948091323532387,0.015110842311696468,0.004313312945471349,0.004209185183813223,0.006416139437663857,0.01707234114841963,0.004292642923442808,0.0037254823470962866,0.005992075489440711,0.01593794561894898,0.004322634615989975,0.0035186740192887506,0.005953439316239902,0.015508062303859337,0.004304841051936052,0.00350679688119772,0.005952126356982001,0.015383650594369157,0.0043749028425207415,0.004321584219060432,0.006634336991476258,0.018572692568269274,0.004244259446625055,0.003446405432175589,0.005914758195750693,0.014873061257053451,0.0035101824576559866,0.0033192004319093278,0.005655981985098643,0.012870169444791751,0.004279813736965184,0.003293372660137777,0.005884482649695603,0.01453590520915945,0.004320014843850613,0.003776925769634909,0.005943924179949048,0.01601190556978518,0.004384291358842292,0.00344054103241006,0.006062692090503993,0.016044340841971958,0.004260952210588488,0.003440518697999523,0.005902657401090924,0.01486715725604924,0.002973983313638341,0.0032669140880975606,0.005486821651707744,0.012063786935567812,0.004255263147534998,0.00352289726982443,0.005948405456523564,0.015310462455259787,0.0033249497157609347,0.003319132458745649,0.005725448721651934,0.013938755715919682,0.003304856101387162,0.003297954473661384,0.005721000350502384,0.013700202911472078,0.004239459132390917,0.0032865403774266734,0.0058474634834771696,0.014204845100139817,0.003395816899373591,0.003525538772680907,0.00588032458373015,0.01519170407177262,0.0015135639428771343,0.0015140281208113563,0.001512676352610536,0.0015178407889632117,0.0015512008951313768,0.0015244611280704641,0.0015154103637817055,0.0015206235179716465,0.0015199738637373663,0.0015153818148649918,0.0015245910236305685,0.0015120366569545186,0.0015176968003312555,0.0015128359986063373,0.0015184709792107412,0.0015178627246879139,0.0015150992210008062,0.0015158665892149687,0.0015270306661811783,0.001514204618136737,0.001517371497025266,0.0015105568451875358,0.001518794698475139,0.0015255302301071172,0.0015139789149685254,0.001528367723641944,0.0015173932754617132,0.0015355666377752466,0.0015354099293502035,0.0015108802897343238,0.0015541668911915967,0.0,0.0,0.0,0.0,0.0,0.0,0.0,0.0,0.0,0.0,0.0,0.0,0.0,0.0,0.0,0.0,0.0,0.0,0.0,0.0,0.0,0.0,0.0,0.0,0.0,0.0,0.0,0.0,0.0,0.0,0.0
19,0.0042765687977030595,0.003332333243213825,0.0059158968912079515,0.014784223934571296,0.004216136125429594,0.003278394477763147,0.005821335058434405,0.014002931138320893,0.004300415325071925,0.003926446212034695,0.006067614795180286,0.016366007003822177,0.004272469482675621,0.0036607517185607216,0.005972614591934082,0.01567166310300819,0.0033495525052285096,0.003743674139461674,0.006049414701737723,0.015975167485480234,0.004191344972184822,0.0035439474005362097,0.005944330984022564,0.015248827205741323,0.004008998348234082,0.003298790602181749,0.005799061215481302,0.013919822317688001,0.004210216861689465,0.003297106085907526,0.005840256247544479,0.014336388324416523,0.004333161446270774,0.0034538305616628514,0.006031292783544499,0.015986986477032655,0.004396063993213069,0.00428189729090823,0.006467091604525234,0.017987297475616826,0.004287140262020121,0.004040921208820435,0.00611232468499567,0.016700660327343353,0.004342326812689257,0.0035803183927719156,0.005950099355757949,0.015703194385719266,0.004186613266331746,0.0035695180318849797,0.005967879445622118,0.015455025402817332,0.0043199085571989536,0.0034323071027722325,0.005947745403457411,0.015181517827803501,0.004311255780477099,0.00420388235356292,0.006407247200189578,0.017061893589758848,0.004297885487518161,0.0037426830146492533,0.005993205776762271,0.01599802729494746,0.004320483085014548,0.0034845848093827832,0.005949977147523237,0.0154121420539181,0.004306832211724058,0.0035299118494887963,0.00595069477021362,0.01545386412057196,0.004373000902174525,0.0042933892922517826,0.006571289159890153,0.018503704191968704,0.004246528408182593,0.0034531217692348555,0.005912946055559662,0.014897588316985712,0.003529555782464609,0.003317105259955342,0.005658887840552565,0.01289911484634569,0.004280292017758801,0.0032925866043831443,0.00588520551053825,0.01454127049828401,0.004319047162116544,0.0037694665394721162,0.005947492326273929,0.01605441649544762,0.004383563717289086,0.0034428088231166724,0.006065263180234427,0.016048689905894843,0.0042589988327819475,0.0034309500820212677,0.005902941579624207,0.014829771318745117,0.0029879821486740597,0.0032790782554499107,0.00552005284778115,0.012273113333589212,0.004256665954040601,0.0035221099548230967,0.005946604285371625,0.015311631812032666,0.0033252643398859034,0.003314971047129796,0.005722697628574409,0.013896864360310164,0.0033067194674951442,0.0032987861645803838,0.005723954245037013,0.013710423799702562,0.00424326600408766,0.003288259528323099,0.005852839456919969,0.014244537558646528,0.00339715308540288,0.0035263101109992293,0.0058843128514181504,0.015214507129669631,0.0015147833916910952,0.001514509573687421,0.0015143422767783061,0.0015191688389001533,0.0015523244529089327,0.0015230055870210975,0.0015149119145079757,0.0015200240262092522,0.001519139399308973,0.0015162243216111228,0.0015253131397729874,0.0015138018730429291,0.001517629881040969,0.0015146307926650628,0.0015200635153377003,0.0015197109256231186,0.0015169439900490273,0.0015167986982126081,0.0015282612346039016,0.0015136766075282298,0.0015165961253791654,0.0015120675610435649,0.0015195602484222638,0.0015245850838943708,0.001514419590969761,0.0015308900440165125,0.0015182312131882696,0.0015361512211337115,0.0015361388553888464,0.0015118153111134695,0.0015531722793615643,0.0,0.0,0.0,0.0,0.0,0.0,0.0,0.0,0.0,0.0,0.0,0.0,0.0,0.0,0.0,0.0,0.0,0.0,0.0,0.0,0.0,0.0,0.0,0.0,0.0,0.0,0.0,0.0,0.0,0.0,0.0
20,0.004273980455078048,0.0033265059644762836,0.005913555292820264,0.014749097681498367,0.0042125364829395376,0.0032790979101684093,0.005816840639765329,0.013960375780550476,0.004298844732630248,0.003913409124510899,0.006060067469556523,0.016338598103878634,0.0042712789300614305,0.0036537520932325976,0.005971901203561688,0.01565464803882462,0.0033537021748873534,0.0037499528549595506,0.006054575364149739,0.015992938797814476,0.004185619334054853,0.003533479887936247,0.005939401038910824,0.015215583726647487,0.0039878356771174935,0.0032975562397544304,0.005791007471301826,0.013847338599842246,0.004207474238558178,0.00329281578780825,0.0058353082430898685,0.014282362485583854,0.004334440533116802,0.003449532845321695,0.006056889028036683,0.016140989367195095,0.0043935227602918655,0.00425705994802867,0.006428795210885892,0.01813086714510233,0.004289089387822932,0.004064142970560122,0.006132220715816466,0.016757912026053617,0.004341723216798608,0.0035848093153739258,0.005951260844257058,0.015717259293004715,0.004183591764598158,0.0035607776925937486,0.00596591258987342,0.015432443245888092,0.00431592143511909,0.003419459930552035,0.005945988440802853,0.015128102205206799,0.00430783898599955,0.00419362432628367,0.006391184086978955,0.017032367161943656,0.0042949752300075325,0.0037218079962434373,0.005991341983723577,0.015947017100336865,0.004314394878445675,0.003449713376564214,0.005948494718140902,0.015288182865657262,0.00430522243416257,0.003528352901946209,0.005950165914187041,0.015443100406091773,0.0043723937510087305,0.004284076655619706,0.006553303032720046,0.01848166944526769,0.00424123265861561,0.0034285327183714697,0.00590251629710734,0.014802252414851148,0.0034751404795618536,0.003315461499417374,0.005631930287995825,0.012758019515455592,0.004274288384566317,0.003282680773576441,0.0058762326979981995,0.014460026630948152,0.004322778183959232,0.0037307049290626385,0.005932421805622987,0.015983585089188793,0.004383957393111864,0.003443502106890561,0.006060751297287863,0.01605294027867233,0.0042572917203735836,0.003415438999970513,0.005891758040324622,0.014772036234282427,0.003002969769491445,0.0032786539258249825,0.005524731542606485,0.012312878214239363,0.004256403772392048,0.003520298374077758,0.005945736777926423,0.01530536991845106,0.0033333841188588572,0.0033132761524081525,0.005721689696384803,0.013887195115754791,0.003320854278437299,0.0033060209688559727,0.005746218876614858,0.013864275817836934,0.004241150110031761,0.0032859487563319124,0.00584802690168242,0.014204974062728809,0.0033986320866541435,0.0035286200641277323,0.005887195865948113,0.0152202901149163,0.001514549764170378,0.0015141502460539389,0.0015158221343814402,0.0015189551124689064,0.0015537893773226175,0.001522974219415029,0.001514697668007878,0.0015197883508262287,0.0015188150873021804,0.0015175830636778532,0.0015249778192912185,0.0015151149598191574,0.0015173718556032042,0.0015158785209482854,0.0015219986181341865,0.0015210892830224976,0.0015183032435172458,0.0015181993430245368,0.0015294289722885715,0.0015136005965879504,0.0015166209057939513,0.001513455588905366,0.0015211380118320252,0.0015247009867417594,0.0015161207990650773,0.0015308888266249137,0.0015173454953951874,0.0015376811144877571,0.0015361676128299575,0.0015113332974070073,0.001552691845399042,0.0,0.0,0.0,0.0,0.0,0.0,0.0,0.0,0.0,0.0,0.0,0.0,0.0,0.0,0.0,0.0,0.0,0.0,0.0,0.0,0.0,0.0,0.0,0.0,0.0,0.0,0.0,0.0,0.0,0.0,0.0
21,0.004273262054574482,0.003320114187251702,0.005907137843677393,0.014719040024850617,0.0042118943623927,0.0032769543460782545,0.005812389415005556,0.013945313241285513,0.0042955479455639295,0.003884322809262031,0.006038532272427158,0.016267791550267606,0.004269646072787677,0.0036420642159649477,0.005964905704901404,0.015621512504408843,0.0033445851006699903,0.003737644534351981,0.006044179006476921,0.015959407556318184,0.004177343565245888,0.003519109196534586,0.005927546907626578,0.015152213328977662,0.0039881900349929,0.003296305947229733,0.005791140740718261,0.013869561263413474,0.004203433680851461,0.0032868762288880684,0.005826713018165675,0.014224155150207361,0.00433277201730186,0.0034335591163322365,0.006049642254407611,0.01608201243869143,0.004394535894046288,0.004257679843066997,0.006429259473236329,0.018128406212429178,0.0042900323720676,0.0040531890149553135,0.006118640522359119,0.016728126821274582,0.004346999843338882,0.003615894816741758,0.005944231898239823,0.015798108761829667,0.0041859753803115745,0.0035607964339637336,0.005959958224678376,0.015432368006329652,0.00431007511562777,0.003383979440076038,0.005930522991922427,0.014973889212765898,0.004307922922759304,0.004195605774375472,0.006396202502644962,0.017033975482633426,0.004299728792065016,0.0037509170301204572,0.005990572608592057,0.01601850661066615,0.004320291054891356,0.0034818044881227543,0.005945767895886896,0.015404837783080622,0.004294950158431415,0.003498191758440992,0.005914472438809622,0.015199836390510648,0.004374384574621733,0.004282453240401436,0.0065482801495656915,0.01846958482471696,0.00424346401445529,0.003439779613832726,0.005895691428910154,0.014830187475916412,0.003529065906319211,0.003313225371159329,0.005653576925348875,0.012894643150499669,0.0042691704634763,0.003275026411796432,0.00586461199514557,0.014376376509364037,0.004323504770333758,0.0037212088622219806,0.005926016325696597,0.015962543206115468,0.004385384794501499,0.003441083039226038,0.006053774115700149,0.016043656736576633,0.004258434872975128,0.003417929333747108,0.005887413662270016,0.01478401152305808,0.003006385099002538,0.0032782647370364244,0.0055299133364546385,0.012345329177364136,0.0042573631880771555,0.0035232715978070115,0.00594280295818162,0.015314036007171355,0.003316278630009422,0.003308461253838932,0.005716186992261773,0.013849266168666396,0.0033102493203959623,0.003305468431778853,0.005745954159186444,0.013874840302889362,0.004242504497998793,0.0032842362910863333,0.005846517140602315,0.014214682334944419,0.0033837600872743522,0.0035284151021121963,0.005885807481828302,0.015214359698414663,0.0015151266035282737,0.0015158732124825854,0.0015183178078518988,0.0015205173126080585,0.0015576977584913125,0.0015244125296483184,0.001516362339507041,0.0015215835537673622,0.00152066869100326,0.0015208928739966678,0.0015264058558089948,0.0015180923266262776,0.001518820892777669,0.0015182249957809773,0.0015247742025452074,0.0015247248779604234,0.001522001360620136,0.001519998513129259,0.0015321970334399198,0.0015148915590330787,0.0015184991977673168,0.0015172254906573638,0.001524501980481539,0.0015263840597494645,0.0015194166787983023,0.0015322789707772943,0.0015190866529153448,0.0015410046035864164,0.00154023778285759,0.0015130485421542346,0.001554536825204168,0.0,0.0,0.0,0.0,0.0,0.0,0.0,0.0,0.0,0.0,0.0,0.0,0.0,0.0,0.0,0.0,0.0,0.0,0.0,0.0,0.0,0.0,0.0,0.0,0.0,0.0,0.0,0.0,0.0,0.0,0.0
22,0.00427363442632692,0.0033204976288851162,0.005906485337806732,0.01472334539047739,0.0042118087884279575,0.0032777611414046143,0.005813841908255159,0.013949361501368222,0.004294459259968176,0.0038748368560666277,0.006034344265552726,0.016245758785020128,0.004268339103029866,0.0036357175567617805,0.005964726483816629,0.015604211357706493,0.0033520817185641733,0.0037337234795394273,0.006041636541326612,0.015949539832249733,0.004182332928362638,0.0035290625369228013,0.005931393157481365,0.015181807022211584,0.003987810527676931,0.003296672177876648,0.005791108396324891,0.01386407782148151,0.004196142850625211,0.003283469674479897,0.005819424677182137,0.014150093133394754,0.004332019096540748,0.0034322702923571735,0.006049973869131395,0.016074272690356738,0.004389374837277078,0.004234760855077275,0.006394722489439477,0.018063550513320377,0.0042877182005368044,0.004036946954248867,0.006107531218194374,0.01669704500156137,0.004340058388286017,0.0035870352662602427,0.005947217585330596,0.0157204379330495,0.004191005985759007,0.003574242219646499,0.005965629764969166,0.015477426794639607,0.0043067715873691724,0.0033732009084968856,0.005929410392897379,0.01491726450370626,0.004307143289648283,0.004196313346027429,0.00639942616312885,0.0170388138676554,0.004302181770289279,0.0037687642070480024,0.00599415962212316,0.016064471188665844,0.004327670329723607,0.0035412869317159377,0.005947825603257861,0.01559152229122119,0.004291908077543172,0.003473708427691727,0.005910119003995342,0.01510352717497372,0.0043745553144706305,0.004288812029995243,0.006559870920359256,0.018492008668182573,0.004243478694432842,0.003452998890622654,0.005901489220446482,0.014871014505188613,0.0035519733341199218,0.0033136244104194175,0.005662127300372426,0.012940947846109609,0.004277413633727944,0.003284000363818712,0.005876642523529985,0.014491028036345818,0.004321902358699854,0.0037338339061359633,0.0059310546259296925,0.01599010691493997,0.004377901846832458,0.003418451914924782,0.006049641817471335,0.015949694274704294,0.004256643539720447,0.0034021442746625117,0.0058828244868060625,0.01472559169393103,0.0030069056640363227,0.0032782881510740654,0.005528220054774564,0.01233522300070096,0.004255731055771048,0.0035133734982954563,0.005941107744527423,0.015283279776800197,0.003319582277283023,0.0033083411992233165,0.005717004171246204,0.01384579940492296,0.003311911546848244,0.003305110628722473,0.005745441840402411,0.013861712866014878,0.00424085204352906,0.0032840544382267676,0.005844413373892016,0.014190868555792628,0.0033908035605204464,0.0035305552460818436,0.005886047325658351,0.015219395178110792,0.0015146891739914615,0.0015142910716838237,0.001515116656246083,0.001519038312330643,0.0015527289079809918,0.0015230591990713263,0.0015151052951166016,0.0015201138437723498,0.0015193540241786878,0.001516994409181425,0.001525424822345498,0.0015146279051712673,0.001517858658449631,0.0015153813357993461,0.0015209036813852734,0.001519528513922041,0.0015170743379084321,0.001516623777157851,0.0015290714015351752,0.0015136974126191013,0.001517036023131335,0.0015120464205736074,0.0015205752010836273,0.001525681347411036,0.001515537449170128,0.0015310598648506743,0.0015176242977445592,0.0015371549520348158,0.0015386625408437863,0.0015115487913749536,0.0015531680820139908,0.0,0.0,0.0,0.0,0.0,0.0,0.0,0.0,0.0,0.0,0.0,0.0,0.0,0.0,0.0,0.0,0.0,0.0,0.0,0.0,0.0,0.0,0.0,0.0,0.0,0.0,0.0,0.0,0.0,0.0,0.0
23,0.004269325434070623,0.003312155583617225,0.005899955578893862,0.014659032003325256,0.0042082178932352984,0.003277388092632877,0.005806443328760636,0.013891908256476057,0.004292227532244223,0.003859633017717306,0.006024441032308866,0.016195759595006333,0.004262807403801886,0.0036128748968133604,0.00595836063844862,0.015527767886143516,0.003359922003429821,0.0037250748772283127,0.0060340403536299795,0.015912902940533442,0.00418595674126101,0.003538624163118463,0.005930053332521081,0.01517678740268915,0.003955172697622603,0.003292806049043432,0.005772996215572138,0.013723197063545921,0.004183446760126124,0.0032802202353240167,0.005803991575874289,0.01401022124781262,0.004329850456233747,0.0034242798634992982,0.006048680223628424,0.016038730442342716,0.004388474190009694,0.0042314222089501734,0.00639022533899555,0.018053351255793187,0.004283660487226285,0.004008544602891995,0.006085964336677236,0.016623344850067345,0.004334877253536237,0.0035626407987239816,0.0059454038504000335,0.015639034112806528,0.004192124873816656,0.0035779565691983536,0.005965401800109102,0.015477993551465351,0.004297939868980304,0.003346495440825603,0.005917249842877507,0.014758317489096858,0.004304910711519646,0.004186568500971756,0.006377994808874039,0.016995841456474314,0.004300446650927559,0.003761536949366438,0.005990488859224017,0.016031728420684233,0.004322709316659806,0.0035154495391684967,0.005946064745489829,0.015499199096773364,0.004288745431641163,0.003435096310766125,0.00590407310112019,0.014973724354696228,0.004371631991887555,0.0042749447405788475,0.006533664815935254,0.018446431540572922,0.004242321580010738,0.0034531005967073074,0.005900870096490698,0.014867128150629412,0.0035798238997695854,0.003313580609851683,0.005672065850728861,0.012999590509112093,0.00427701189235759,0.003286232076821502,0.005877617857560808,0.014491892628327412,0.004321566751964658,0.003703776809831826,0.005928703702703606,0.01590441476838508,0.004363465261026537,0.0033818438633697982,0.006040043992594838,0.015778291480999254,0.004251918898813361,0.0033700600399176484,0.005870640131823148,0.01459370178100993,0.0030008065814599847,0.0032779315825305303,0.005521426547787112,0.012293588686764473,0.004251546391355347,0.003487514560747565,0.005933086658449658,0.015186837721421504,0.003339164285616524,0.003322410654581362,0.0057547939829759726,0.014101020249599359,0.0033141530063879247,0.003304468732264597,0.005743861736091084,0.013846217852222788,0.004239038375365446,0.0032836627207817235,0.005841864444556536,0.014167569735000014,0.003395529204602755,0.003536079930763887,0.005889269153070936,0.015237443230294932,0.0015146288880450714,0.0015137911714873894,0.0015176353309356856,0.0015187671176877372,0.0015554425045051625,0.0015219057756787752,0.0015138642583476052,0.0015199295168756264,0.001519329892601408,0.0015192986658856015,0.00152496656402988,0.0015167682558683013,0.0015173147807749233,0.0015175628434088602,0.0015233172953279862,0.0015221477986236992,0.0015196567111804755,0.0015188358740244616,0.001531193973905609,0.001513589711456661,0.0015173099205884112,0.0015144406464767694,0.001522720264783334,0.0015256490749734975,0.0015176948510519709,0.0015308145730672264,0.0015180775843368927,0.001539276492636245,0.0015384956674429628,0.0015113002858748704,0.00155306732949407,0.0,0.0,0.0,0.0,0.0,0.0,0.0,0.0,0.0,0.0,0.0,0.0,0.0,0.0,0.0,0.0,0.0,0.0,0.0,0.0,0.0,0.0,0.0,0.0,0.0,0.0,0.0,0.0,0.0,0.0,0.0
24,0.004268396137021778,0.003314172908747026,0.0058968561090822465,0.014650332559164288,0.004206679953899372,0.0032762984761218377,0.00580310211175828,0.013867064525344577,0.004287845289828766,0.0038247018453988584,0.006000368567107779,0.01608663655458032,0.00425558196702493,0.003584161733338267,0.005947867099607148,0.015420467059925502,0.003365333864117119,0.0037138175682333483,0.0060225697560750075,0.01585498415001536,0.00418434600523169,0.00353409280523842,0.005927709237508306,0.015164240543965216,0.003936534595735149,0.003291409085754038,0.005763002780685989,0.013648656233934868,0.004178237753109168,0.003278152252524845,0.005795443574123819,0.013946164264592997,0.004329717592754609,0.0034258263614390942,0.006049164617206875,0.016044551983499706,0.004393536455708404,0.0042661091886957835,0.006447442251463531,0.01816069168676105,0.004282586777321443,0.0040140070248647405,0.006086812704887904,0.016611795962464187,0.004334498384444739,0.0035533914995762635,0.005940664414029844,0.015594244033011226,0.004188376668253226,0.0035674172911826342,0.005958522300029049,0.015426601293262187,0.0042899705197053176,0.003328028359159152,0.0059029902541557775,0.014624880726880276,0.004301834616223361,0.004167263999496292,0.00634223245073164,0.016919513222125045,0.0042973754630068785,0.0037423429396177825,0.005983423279323823,0.01595928357574668,0.004319958150651959,0.0035043331262763124,0.0059406808186621704,0.015437565554115207,0.004285779762343896,0.0034059787186258945,0.005896462927164184,0.014866444454503157,0.004372061400718876,0.004279442048042091,0.006542905970194726,0.018452068078638514,0.004236188577997179,0.0034311525632441885,0.005891691805954762,0.01477261250053287,0.0035951999139483466,0.003312852801818421,0.005674903705293586,0.013020058983703325,0.004270441237693473,0.0032797199462661765,0.005867776586036883,0.014402259633843822,0.004315502170955305,0.00366645622685979,0.005923502552459678,0.015765943232927383,0.004297893676395467,0.0033204828793242814,0.005895687684471897,0.0146803259960325,0.004251699916877361,0.0033615561250519028,0.005866161493476996,0.014560255707176343,0.0030002268402781296,0.0032772093864046076,0.005515042331590962,0.012258375907094266,0.00424745256986718,0.0034686804098931,0.005923541032814152,0.015098324789936954,0.003338837649775488,0.0033172561148843652,0.005749652854216587,0.014052961083758406,0.0033184683704582654,0.0033020476786914535,0.005738048152611173,0.01380339599024017,0.004237333455445136,0.003281052441807243,0.005835703650402594,0.014140126127401353,0.0034044173321511255,0.0035340795564284136,0.005888134884090077,0.015231659294254926,0.0015144187970408882,0.0015141215816130383,0.0015196493560377979,0.0015190703251690774,0.0015593136110182105,0.0015230090160036859,0.0015150170269600783,0.0015203465750468722,0.001520226704927513,0.0015212700893807852,0.001524687091631986,0.0015181737605454533,0.0015176105103640568,0.0015187045397135033,0.0015255038037501546,0.0015257250077238044,0.0015229063251697664,0.0015206097863121586,0.001532693385495481,0.0015140788438250735,0.0015182936559584737,0.001517548371735259,0.0015239909798018007,0.0015135721282538662,0.0015196503354166098,0.0015316075377892163,0.0015160978819593995,0.001541302403096311,0.001537484653432462,0.0015120874863855098,0.0015543421025505473,0.0,0.0,0.0,0.0,0.0,0.0,0.0,0.0,0.0,0.0,0.0,0.0,0.0,0.0,0.0,0.0,0.0,0.0,0.0,0.0,0.0,0.0,0.0,0.0,0.0,0.0,0.0,0.0,0.0,0.0,0.0
25,0.00343175654605219,0.0025868712480885203,0.004569993684771116,0.012217970783535806,0.003370762508536812,0.0025142743502827125,0.004541568728226927,0.01134343324753741,0.0034246919528713683,0.0029070844267216327,0.004566725215604382,0.01304062009689351,0.003427089246724331,0.0027632269006970453,0.004537674849562591,0.01262674572462827,0.0025456451198028066,0.0029053158201582056,0.004681607575755132,0.013054737634014804,0.003319874809679361,0.002730594021031556,0.004569633485663842,0.012340857138651278,0.003015824705702611,0.002538698705311904,0.00450775018465139,0.011145682523355429,0.0030028635062948174,0.002546862210454361,0.004528774135132602,0.011396031224584529,0.003425023502011676,0.0026474919642516135,0.004550069071126218,0.012385984946331294,0.0033362324588147524,0.0033752946822750395,0.005156166354530032,0.013964162691755702,0.0034337271175570784,0.0030533785739929546,0.0046856539978017584,0.013369046738841494,0.0034259741881759267,0.0027976036961263797,0.004559176349307634,0.012723372020262767,0.003294829546646862,0.0026661265190063036,0.004562152472638728,0.012206608595954814,0.0033829176912317347,0.002563191692772272,0.00455865429283419,0.011723860932014017,0.0034662440354320994,0.003046489665808935,0.0046337915322524695,0.013450492167144865,0.0033857870004934906,0.0027610228049670194,0.004571571903757001,0.012539891294169471,0.0034151936537964805,0.0027153443604583253,0.004554745649484488,0.012425527195504533,0.0034051404640172015,0.0026591325683266156,0.004553717306958465,0.012153950285181347,0.0033977794272839696,0.00315344958045484,0.004788503835501072,0.012907486784087058,0.003337542050212936,0.002551287423577521,0.00444321230911208,0.011097002661111055,0.0028165466749268436,0.0025159225524066884,0.00434319670407597,0.009820347858528596,0.0033850689792336366,0.0025090328289566564,0.004524186718190669,0.011250220714967452,0.003403968379323779,0.002755018145280002,0.004539234982536344,0.012452720267731898,0.003373853925327804,0.0025005192465044996,0.004442637606201152,0.011050847406402383,0.0031516845239719267,0.00257478385304896,0.0044257150872219295,0.011113674749208234,0.002273050616480414,0.0025380509671496364,0.004352685836641422,0.010054748075827936,0.0033986138446778632,0.002644511878871505,0.004542795675561854,0.012129893792659595,0.0025101127648124956,0.0025603684212943717,0.0044784405086116435,0.011515124699696774,0.0025160566347434774,0.0025613878627482566,0.004490885181205875,0.011428565340715794,0.003380363740959297,0.0025234095776381056,0.004532682208840204,0.01150886457753526,0.002564274377313068,0.002748342500363442,0.004572346870952781,0.01252942217408742,0.0012228934027886504,0.0012267736204206272,0.001223343874979243,0.001231830585216471,0.0012524296781457412,0.001232076662743658,0.001224817193660539,0.0012300950685311175,0.0012321891550774308,0.0012259561535902944,0.001240612791794772,0.0012223745301328192,0.001236377117973359,0.001220634114434665,0.0012271468829717926,0.0012234755123621066,0.0012206009975723672,0.0012249844980208044,0.0012293349847547035,0.0012243442352181905,0.00122190076908095,0.0012157400728499718,0.0012290715256678872,0.0012238309300536317,0.0012224175284109534,0.0012420378264950513,0.0012234208427072772,0.0012458952450579192,0.0012519368898661356,0.0012244605944777113,0.001261769894440341,0.0,0.0,0.0,0.0,0.0,0.0,0.0,0.0,0.0,0.0,0.0,0.0,0.0,0.0,0.0,0.0,0.0,0.0,0.0,0.0,0.0,0.0,0.0,0.0,0.0,0.0,0.0,0.0,0.0,0.0,0.0
26,0.0034164755530234235,0.0025673137133984834,0.004544646549382669,0.011952268829099649,0.0033517511628374523,0.0025077685753199627,0.004510572386808531,0.0110803200002288,0.00341146219137641,0.0028822981318454687,0.004533523251471501,0.012776819106489175,0.0034142849202993216,0.0027427675788156743,0.004513519952988281,0.012380131540647023,0.002543483454600798,0.0028903045662025963,0.004650905392218459,0.012821810991897152,0.003296967004863571,0.002703914321723244,0.004541825569168872,0.01209927487148453,0.002996328793587867,0.0025308256999794776,0.004480907208348687,0.010930641154172948,0.002986482235623226,0.0025369704938023496,0.0045008834536367955,0.011164832008933721,0.0034099191620121125,0.002627004707603231,0.004526319548371844,0.012116378621792972,0.003301255533753002,0.003344287934045699,0.005101494317345873,0.01367497307302769,0.0034154630716082017,0.0030022409474750955,0.0046260048521951395,0.013031974647491378,0.0034113864010297612,0.0027749651947861476,0.004532284583732761,0.012453533327429937,0.0032546976512231743,0.002629395988277391,0.004532534911278605,0.01188305163609439,0.0033650317456101354,0.0025404361416882983,0.004526058732146051,0.011401532549665697,0.0034491165435525,0.0030069601581208315,0.004584218422609952,0.013142130130815841,0.003371880408480274,0.0027404053625441752,0.004549762264943564,0.012302007144296804,0.0033984991383399317,0.0026672181292341254,0.004532713759520895,0.012084528650542346,0.0033823652160653375,0.0026068664555234885,0.004527763611165278,0.011775020915667695,0.003390011023804968,0.0031241615585661736,0.0047430437672434855,0.012829945504593529,0.0033318360704071917,0.002532476580409322,0.004440968628594342,0.010994452650305953,0.00278020564534344,0.00251858325673048,0.004332640771144233,0.0097417978965093,0.003363544205978121,0.002505107663794252,0.004492179472921848,0.010952116124775774,0.0033855667250059346,0.0027164957445103364,0.004515857316367894,0.012168669028177346,0.0033672328973429096,0.0024926051336308084,0.004444757984793165,0.010985987961038826,0.0031219452107174293,0.002561603711222594,0.004424819868855869,0.011049686970667908,0.002264731462194826,0.0025297353645297766,0.0043261028058269166,0.009874256421216313,0.003384159257727746,0.0026198287299141485,0.00451695133961294,0.011861484101099367,0.0025026255982152764,0.00254666822221281,0.004449019893831044,0.011268150039530026,0.0025119209558730404,0.002553517824426553,0.004468194356996521,0.01125338164757889,0.0033690778638403598,0.0025156031267073286,0.00450687558190538,0.011318862312691828,0.0025607731900069617,0.0027358350340091347,0.004546612923258948,0.012326092377844343,0.001222961705732731,0.0012266876613766346,0.001221486229378632,0.0012316840649114788,0.0012512919909925305,0.0012320777496834016,0.0012245860401093138,0.0012299790195190513,0.0012323306201899894,0.0012243768568169732,0.0012404388341252155,0.0012205268769744891,0.0012351649102553778,0.0012194193942592895,0.0012252449855493545,0.00122245624096502,0.0012196913279564395,0.0012230830685713604,0.0012280367528245874,0.0012240211216533803,0.0012215961987569633,0.0012148152840966936,0.0012268713862569644,0.0012234921869563103,0.001220560640437753,0.001242011129298653,0.0012234315061021323,0.001243840040786515,0.001251772696515605,0.001224407770951193,0.001261545931816389,0.0,0.0,0.0,0.0,0.0,0.0,0.0,0.0,0.0,0.0,0.0,0.0,0.0,0.0,0.0,0.0,0.0,0.0,0.0,0.0,0.0,0.0,0.0,0.0,0.0,0.0,0.0,0.0,0.0,0.0,0.0
27,0.0034088582676257257,0.002554741719672134,0.004546959229141432,0.011862635958610441,0.003343104072503901,0.0025088051413238105,0.004503835736806761,0.011006167622852269,0.0034062473632663357,0.0028533965201412684,0.0045204743855313196,0.012679221355968683,0.0034113636035666994,0.0027262847967192364,0.004512778270693959,0.012313124012125441,0.0025455847598353214,0.0028852054494416463,0.004644939158772024,0.012783347295594247,0.003285616242487651,0.002694202754857315,0.004538279822520982,0.012045106654438309,0.002980898976522751,0.0025305163287042943,0.004474805208271771,0.010860037152978883,0.002974352736604721,0.002535041323110664,0.004495010740570137,0.011092686315776904,0.0034039198208337617,0.002607478165909156,0.004528037458447356,0.012020769878293178,0.003240863255811103,0.0032957067351702643,0.005039676295268003,0.013577846106750202,0.003406982642181931,0.002961226679374055,0.004596380676440904,0.012912408530393453,0.0034061151201772357,0.0027550511513765386,0.00453169385168465,0.012374234900536685,0.0032238437879156413,0.002613075364309078,0.004529468676046772,0.01178594626738523,0.003362002123161162,0.0025360485269673586,0.0045257220816510265,0.011358102151712256,0.0034430439753395897,0.0029807523195931824,0.004563699208416351,0.013054279467079837,0.0033676542904067996,0.0027263518455799742,0.004546657663277987,0.012240980635848001,0.0033950285266816376,0.002643033853350322,0.004535788014244896,0.01199530641656227,0.003379542733077234,0.0025941135224287304,0.0045280693381643256,0.01171635345921401,0.003382814636141227,0.003090493297755675,0.004692674972628508,0.01273069100400303,0.003323966174162833,0.002509921948127914,0.004435695108980826,0.01084819160659127,0.00273965350165772,0.002521082578242432,0.0043213027870052,0.009652481027020944,0.0033523056162317027,0.0025105262299317914,0.004485001021423714,0.010843994677272284,0.0033789885276122754,0.0026914363727822627,0.004517184525148401,0.012088084359018241,0.0033628111730002715,0.002487895778606283,0.004445933940533738,0.010939980879461277,0.003111438022854466,0.002552343565639262,0.004423647006314745,0.011003649323969767,0.0022642726478765726,0.0025300807652388724,0.004325314040228857,0.009867329487326739,0.003381652904056679,0.002606150866279176,0.0045182102991930635,0.011805553327622516,0.0025053596281074285,0.0025465088791017396,0.0044495467468904145,0.011261117229208278,0.0025100843467377788,0.002551572558473357,0.004465501428199476,0.011214584338313537,0.0033667813201666676,0.0025154042319529227,0.004505686538842388,0.011300484548046896,0.002563192238259074,0.0027343651091212926,0.00454637248234035,0.012320526101568308,0.0012230799443289416,0.0012270529924179347,0.0012241105153039538,0.0012319034449309835,0.001253700868123617,0.0012322880124530902,0.0012247878396226947,0.0012302766102641827,0.0012325003630597176,0.0012269180561413039,0.0012406436055493572,0.0012230523296609022,0.001235009893523174,0.0012216812543745085,0.0012281895055674657,0.0012254308853506834,0.0012224012358316616,0.0012256203192568265,0.0012303553769773623,0.0012242271046104707,0.0012217984784387956,0.001217554161973877,0.0012294452874014106,0.0012237087938913413,0.0012231155097398323,0.0012422613811107568,0.0012236801590786149,0.0012465251614034345,0.0012520266729792633,0.001224737176911449,0.0012617634916583609,0.0,0.0,0.0,0.0,0.0,0.0,0.0,0.0,0.0,0.0,0.0,0.0,0.0,0.0,0.0,0.0,0.0,0.0,0.0,0.0,0.0,0.0,0.0,0.0,0.0,0.0,0.0,0.0,0.0,0.0,0.0
28,0.003404908793634436,0.002547578817651873,0.004548735580442792,0.011819178070134313,0.003339185441427918,0.002510670522386741,0.0045005077908567,0.010963267574658054,0.0034041271166856003,0.0028351841433340956,0.004518644273470957,0.012632530956124967,0.0034108720639504197,0.0027216285599206335,0.004514531096907785,0.012300901081099689,0.0025492662473648345,0.0028866229590689893,0.004646546829426302,0.012788740658203939,0.0032816066651829307,0.0026922534264760905,0.004539065066593394,0.012040656450865937,0.002979701730244926,0.00253130054257626,0.004475628557254046,0.010858632701023059,0.002968843384353205,0.0025347905832994303,0.004493483906414522,0.01106243484382065,0.003399943811585472,0.00259253215231755,0.004530357065890297,0.011954053302382377,0.003174892159998336,0.0032656679104450374,0.005001524423286833,0.013526128254695825,0.0034017109709688458,0.002932185661329986,0.004578447844673841,0.012837803934450527,0.0034034406361022674,0.002738830669186517,0.0045333747572066105,0.012321939470227548,0.0031857226684907686,0.002594357415333084,0.004526993380803937,0.011691898365508262,0.0033598186454306847,0.0025333393693669688,0.004525535945516519,0.011327428292677664,0.0034395904368958083,0.002962258609838845,0.004553530618940724,0.013009333917972099,0.0033641214668263773,0.0027149794403812273,0.004548267216114212,0.012203756250040694,0.0033920040751732623,0.002622605124404321,0.004537307195412323,0.011913632247534764,0.0033750701254790898,0.0025759172427811576,0.00452707400847572,0.01162639254378681,0.0033766030539091234,0.003051131717757913,0.004645220619717714,0.012629184599514056,0.003317874972404697,0.0024964887436722738,0.004428918565668373,0.01074448161158403,0.002708307990741891,0.002523069850389337,0.004311575148629318,0.00958142006216261,0.0033405945128885646,0.0025154237810276316,0.0044789866841937025,0.010760375539605238,0.0033740230076613467,0.002673365399154516,0.004518557629736544,0.012026229031342102,0.0033621025556637607,0.0024866106294166323,0.004452582397547131,0.010945467041060357,0.0031012564489365647,0.0025451653333125033,0.004424644981708485,0.01096366060609636,0.00227083437618993,0.0025295171265667434,0.004328305334905605,0.009890641832237056,0.0033813556938107076,0.0026023246121191527,0.004519015497307517,0.011790811869076257,0.002508912495095711,0.0025458753141746285,0.00444952904567654,0.01124965912760556,0.002514882553667926,0.0025524368210002864,0.004466686761977582,0.011223016547019727,0.0033663297005603918,0.002516502258966232,0.004506467437186435,0.011304137685600717,0.002567321520670667,0.002732979139150681,0.004546058361860428,0.012315685390848995,0.0012224837682713867,0.0012265715944572218,0.0012252396396297935,0.0012312234375520704,0.0012544698183328427,0.0012317157888256576,0.0012241674945501625,0.0012296812377478972,0.0012318484837651176,0.0012279503221374261,0.0012399095158312724,0.0012240004175354017,0.001234187901962548,0.0012224611383196474,0.0012292333313794492,0.0012263885445214211,0.001223302859483926,0.0012266530193160321,0.0012311807589548364,0.001223538133677486,0.001221146271312979,0.0012183969680228364,0.00123049063196536,0.0012229686759917225,0.0012241998816920584,0.0012417882533733258,0.0012231108384957402,0.0012474745129541266,0.0012514523241750795,0.0012240813679945475,0.001261163279999426,0.0,0.0,0.0,0.0,0.0,0.0,0.0,0.0,0.0,0.0,0.0,0.0,0.0,0.0,0.0,0.0,0.0,0.0,0.0,0.0,0.0,0.0,0.0,0.0,0.0,0.0,0.0,0.0,0.0,0.0,0.0
29,0.003405252581466882,0.0025456160123340787,0.0045460383134563985,0.011811596003768328,0.0033399022012938215,0.002508416870006883,0.00449784139438425,0.01096247643144409,0.0034035298641396095,0.0028252256196217456,0.004514004500222912,0.012604395962085117,0.0034115988635571187,0.0027207177299836045,0.004513188542260106,0.01229974246407616,0.002537455676948948,0.002888374268436289,0.004647517217681613,0.012794581881805272,0.00328344350447974,0.0026933600826287143,0.004537664518012067,0.012043505360871296,0.0029778747877994838,0.0025302899785444115,0.004474756616704527,0.01086334182969273,0.002972283135263222,0.002534599137481351,0.004494408642319465,0.011092472331683971,0.003401067422955487,0.0025908418456022904,0.004527010573712096,0.011948806424350736,0.003163905077071448,0.0032581503195239104,0.004991511259849427,0.013510330044636622,0.0034004369344495704,0.002915141076924159,0.004565612027609199,0.012791768324913962,0.0034022022653934945,0.0027395019323420097,0.004531953919825706,0.012324153641860628,0.0031846875872974453,0.0025922827695431766,0.0045242989992008075,0.011682113329837263,0.003363074025492274,0.002537948691017414,0.004525246253184115,0.011376434177315283,0.0034381513488620564,0.0029474108611830443,0.004542775029874533,0.01297038204361973,0.003363659078217928,0.0027123947220148567,0.00454439742105491,0.01219333276903426,0.003392456968499989,0.002620712742587519,0.004534225315947327,0.011907814854536396,0.003374968060700688,0.002572831528364226,0.004523703417576085,0.011614566339739847,0.0033767341630906167,0.0030405485245284082,0.00463267829043351,0.012599830859588464,0.0033160628123420056,0.002493335187405029,0.004426952263063759,0.010715379943446806,0.0026892436271423684,0.0025229917855540424,0.004305650345376441,0.009547962685876182,0.0033387000829280377,0.0025152152656564017,0.0044762158861466695,0.010742066948889045,0.0033722823497731496,0.0026669748828252494,0.004517042627062909,0.012003300904423248,0.0033624436131036613,0.002485801403465016,0.004450708758631263,0.010948512917555409,0.0031051364458210937,0.0025424010954785267,0.004422160192354789,0.01095092356412835,0.002257357175143155,0.0025306770886686135,0.004323310984537742,0.009850041578178455,0.0033827337340434564,0.002598682629151007,0.004518841101374087,0.011790162142109787,0.0024987307271524296,0.0025450960487635676,0.004448464055116082,0.011246181534477713,0.002504896679002046,0.002551621396189596,0.004465304478355223,0.011218846807199593,0.0033660641291528427,0.0025155084437412357,0.004505332199570248,0.011294835685149497,0.002557410981698925,0.0027340175137506263,0.004546125848408186,0.012320360822946456,0.001222983250850016,0.0012271600639900803,0.0012271962937527561,0.0012314317140568309,0.0012570408234156226,0.001232098760894914,0.0012245769380950593,0.0012300829521914827,0.0012323856439120453,0.001230027094351816,0.0012405953654579163,0.001226052345107921,0.001234709642603508,0.0012244571945819807,0.0012312764617181807,0.0012289758506518827,0.001225754231876238,0.001228803604271455,0.0012332224210440273,0.0012239998858880482,0.0012217650977024814,0.0012208144958605841,0.0012326992807729104,0.001223723883926137,0.0012264144007542229,0.0012421182666325803,0.0012234664458772436,0.0012496310437402358,0.0012518278431293453,0.0012243508830490594,0.0012616719494387132,0.0,0.0,0.0,0.0,0.0,0.0,0.0,0.0,0.0,0.0,0.0,0.0,0.0,0.0,0.0,0.0,0.0,0.0,0.0,0.0,0.0,0.0,0.0,0.0,0.0,0.0,0.0,0.0,0.0,0.0,0.0
30,0.0034062269361353347,0.0025484206616477054,0.0045466026682249045,0.011827888087027824,0.0033402040990053376,0.002507909173991572,0.004497366444694971,0.010965310179363117,0.003403377879028258,0.0028224179987297844,0.0045142603618608355,0.012598888924713503,0.003411433862189603,0.002719257060347466,0.004514072903860811,0.012295103851682554,0.002539664087044528,0.0028924803636237984,0.004651210111269977,0.012810492077576473,0.003285256680877148,0.0026987229403175996,0.0045390419124514275,0.012061278115955306,0.0029846735709486124,0.002530527623560889,0.0044765987081476725,0.010880052611770823,0.0029846211939863975,0.00253630811042715,0.004498442809099711,0.011144068938320373,0.0034022026036755804,0.0025994343710208723,0.004528481967754884,0.011983966127531236,0.003147343339679319,0.0032562853900551707,0.004990022402477948,0.013511575876220793,0.003397976539831551,0.0029022852275294468,0.004559082613727674,0.012759654834835507,0.0034021858884818916,0.002739079928771427,0.004532568722358815,0.012324327713362535,0.0031774366155499934,0.002590836814027902,0.004525505148385994,0.011673007479828044,0.003367972470798419,0.0025531312979237297,0.004532647414334252,0.011488619024733937,0.003440628387921034,0.0029630884705252086,0.004551931620375019,0.013012092758293967,0.0033632247776459387,0.00271139403239293,0.00454506367779984,0.012189688001139218,0.0033933731005415463,0.0026278993084627115,0.004534987925303639,0.011936461135034541,0.0033704883718052854,0.002557647210340637,0.004521411841333958,0.011523923598822256,0.0033721421605362695,0.0030138048074695055,0.0046074135488808204,0.012539638957042753,0.0033124322997042446,0.002490743289977253,0.004425054865408858,0.01067387815713462,0.002687917907348741,0.002523124975007516,0.004304432066720437,0.009540150437995101,0.003332087650648008,0.002518199776966801,0.0044722717767175435,0.01069271219809454,0.0033716510774565106,0.0026650524424118825,0.004517889702547419,0.011995040884429884,0.0033654418866214206,0.0024896388748258335,0.0044520007650247564,0.01098851816526815,0.003118600576754656,0.0025472139669606908,0.004423887782370198,0.010977743926326848,0.0022584951528454014,0.0025305552692321525,0.004322235908335778,0.00984427494337736,0.0033837232000477665,0.0026021371678617944,0.0045192983761813636,0.011805654327585364,0.002506277633365466,0.0025486980048817567,0.004451840997433683,0.011293116301035465,0.0025114193102159475,0.002553404097444927,0.004466963762924655,0.011241230727414224,0.0033662587333045647,0.0025169646013469818,0.004506411192576212,0.011305344590111661,0.0025614663258443585,0.002734130726603268,0.004547747322794343,0.012330280317413329,0.0012232626998474208,0.0012275798242575955,0.0012242555823598756,0.0012316545835446451,0.0012527775637697393,0.0012323642072065086,0.001224833839184373,0.0012303573135852308,0.0012324140586870817,0.0012272158497007443,0.001240752704971407,0.001223210644875627,0.001234774392998324,0.0012219388370425944,0.0012282694625028478,0.0012248706296039632,0.0012216858139931998,0.0012258121451593075,0.0012306392986463825,0.001224125121358964,0.0012219163481777889,0.0012167205692594765,0.0012296404367615425,0.0012238869789789617,0.0012233033975400651,0.0012423873927333688,0.001223756301303912,0.0012467356714367813,0.0012520623215464843,0.0012246522468607301,0.0012618755029358327,0.0,0.0,0.0,0.0,0.0,0.0,0.0,0.0,0.0,0.0,0.0,0.0,0.0,0.0,0.0,0.0,0.0,0.0,0.0,0.0,0.0,0.0,0.0,0.0,0.0,0.0,0.0,0.0,0.0,0.0,0.0
31,0.00341281407606318,0.002563241453778362,0.004546504596022989,0.011916270800927548,0.003345352005649339,0.0025070220421165206,0.0045031546195323565,0.011022725837767203,0.0034069649744312928,0.002851258720613332,0.0045210919803264265,0.012684792238975513,0.003412830384224774,0.0027294358744497506,0.004515573915012978,0.012335515029564103,0.0025368962812708654,0.002904109091385802,0.004661031465179068,0.012848169994814376,0.0032964599377845027,0.0027172002721599815,0.0045433623791162015,0.012123642074572701,0.003018102022273284,0.0025315932098980273,0.004486808292036154,0.010995030362029362,0.0030323732484429603,0.002549383968146991,0.004511566541308388,0.011337564549363053,0.0034083347687463767,0.002630067175660642,0.0045261481394904424,0.012112582345431475,0.0031969972721054888,0.0032833552584689836,0.0050254440491662895,0.013573610079962117,0.003401727707041893,0.002928925543763693,0.004576102035859965,0.012831125332459089,0.0034095249753221964,0.0027759209689314974,0.004533852021129552,0.012439916747379412,0.003214208803377778,0.002611868064735359,0.0045319595746948094,0.011776575129726371,0.003372963430042018,0.0025738985658038394,0.004539963883642955,0.011618862319990628,0.003449699706809581,0.0030137535737272806,0.004586067446621132,0.013148235684994654,0.003369171800877141,0.002736217790180304,0.004548602485387874,0.01227999340519869,0.0033947304164780824,0.0026405421493289815,0.004538618701893195,0.011992294258576208,0.003376637349586707,0.002582120244084875,0.004528760593889933,0.011661813291579214,0.0033742812514328518,0.0030273246265467672,0.004620513594498156,0.012572308606149791,0.0033192333845228844,0.0025035494596330164,0.004432456019498661,0.010793205228696277,0.0027077879902358444,0.002522378032912278,0.004310833774119975,0.009580973208562236,0.0033519331274790114,0.002511667947542764,0.004486784864980679,0.010847401401018284,0.0033814877151920075,0.0027006035219996113,0.004517058170875673,0.012111715666192928,0.0033801932802516163,0.0025118665565305853,0.004453235701095683,0.01116862155646382,0.003171696081932001,0.0025682000970011186,0.004428901255867305,0.011084633261815581,0.002256313731645091,0.002530864198392968,0.004318948965058432,0.009821507973956922,0.0033888585927321097,0.0026283443350894973,0.004525410988039075,0.01192997234871198,0.0025123963196090173,0.0025538458835059554,0.004458457496054073,0.01135009007785704,0.0025154367025935426,0.002555075455716355,0.004469760581158647,0.0112625021568695,0.0033656209593391244,0.002515943153763087,0.0045057874904602495,0.01129927352510679,0.0025652323892869327,0.002730892323749382,0.0045479152835366556,0.012329721869804033,0.0012228073138957148,0.0012269786776288195,0.0012253913777018571,0.0012311287061402673,0.0012543785206339413,0.0012318924879011132,0.0012243119190051177,0.0012298079455329589,0.0012319584877707487,0.001228219214438807,0.0012402113220951624,0.001224189229296515,0.0012340966524488231,0.0012228885411322843,0.0012293807611601043,0.0012264513634689205,0.0012232513504072235,0.0012268580425574631,0.0012316249622803452,0.0012235918657813479,0.0012214160949085172,0.0012183496786130283,0.001230734607585824,0.0012233316302835996,0.0012244582001207861,0.001241960060029282,0.001223079079875126,0.0012476586115278386,0.001251512260246,0.001224239342558769,0.0012613108162088653,0.0,0.0,0.0,0.0,0.0,0.0,0.0,0.0,0.0,0.0,0.0,0.0,0.0,0.0,0.0,0.0,0.0,0.0,0.0,0.0,0.0,0.0,0.0,0.0,0.0,0.0,0.0,0.0,0.0,0.0,0.0
32,0.003415590369563635,0.002566607095387124,0.004553581763192181,0.01196990680807655,0.0033520916607524256,0.0025087013572899584,0.0045133185618341665,0.011104659360780058,0.003417574152537883,0.0029352133794523856,0.004566075394220403,0.01295398796257329,0.00341595784390115,0.0027356207254195233,0.004522250838406583,0.012397121855160523,0.0025394595012239525,0.0029088690735909225,0.004665852706720706,0.012872924857855857,0.0032923169283778325,0.002711340584892201,0.0045461188242758585,0.012124621062819186,0.00303208334060124,0.0025335125480803796,0.00449347804469947,0.011054752501285691,0.003047820630693716,0.002555875638872063,0.004518634231490382,0.011412725810199784,0.0034097698210891203,0.0026338564228200996,0.004532266135444739,0.012150651153540061,0.0031385722361158643,0.003251280349111758,0.004988447607972738,0.013550508505883796,0.0033972559573712574,0.0028972227395401913,0.004562311665565142,0.01277710162142959,0.0034215993049497087,0.0028269699167080007,0.004540552862734363,0.012606805337125425,0.0032502900423114,0.0026377272278462274,0.004541215697633734,0.011911195043711156,0.0033768238142222653,0.0025845491103456877,0.004548409794205333,0.011703900158945676,0.003454361458096884,0.0030285982251415035,0.004602782458039637,0.01323412931715058,0.003373395665213868,0.002748759253908736,0.004556914515260314,0.012355419284494027,0.003400982630345216,0.002679172261319409,0.004544375089826097,0.01216363179908172,0.003401045793619254,0.0026729579093445425,0.00454153227572709,0.012073274788682522,0.0033706192287125416,0.0030099686243749302,0.004605592237207962,0.01253353623370507,0.0033256668011205867,0.00252309177361177,0.004440177189546329,0.010923975124962952,0.002725913274099119,0.002522200382969698,0.004316661388204709,0.009616792705770856,0.003362200066564712,0.0025100974715531552,0.004498647340799223,0.01096420524868529,0.003383109753545636,0.0027037970089555034,0.004521428199487846,0.012142091827588632,0.003391495163703908,0.00253397167251784,0.004451960275310885,0.011298644312672442,0.0032148194518771414,0.002592700453672351,0.004433645110549215,0.011194719582167383,0.0022651834108193855,0.0025319793734964223,0.004330788329554852,0.009898320011562578,0.0033940349077790457,0.0026565373565699225,0.004529453658872886,0.012061407565996007,0.0025204895730703628,0.0025564706378104823,0.004463284330091511,0.011391001985529371,0.0025221719320630874,0.002558326793851382,0.004476286536897453,0.011313859673838498,0.0033662142349570523,0.0025174667638745646,0.0045103618951687794,0.011322528767569888,0.002571184894918248,0.002729127234396991,0.004551526283158872,0.012357033811887068,0.001223183959717156,0.0012267938186692117,0.0012262881380122042,0.0012316547073694226,0.0012555543306597917,0.0012317813141345382,0.0012241490894624118,0.0012296745763724832,0.0012323454850826057,0.0012292348078575587,0.0012401457456055645,0.0012250757084118309,0.0012340449303501343,0.001223677185264457,0.0012305197122168203,0.0012275809408794488,0.0012245617003934055,0.0012277469576524908,0.0012324099954197421,0.0012233267803365058,0.0012211677291790667,0.0012196052633810098,0.001231795035709202,0.0012230548916552651,0.001225332938406731,0.0012421762853837759,0.0012229881042331368,0.001248528122523085,0.001251344330546346,0.0012240880227715192,0.0012611066504966584,0.0,0.0,0.0,0.0,0.0,0.0,0.0,0.0,0.0,0.0,0.0,0.0,0.0,0.0,0.0,0.0,0.0,0.0,0.0,0.0,0.0,0.0,0.0,0.0,0.0,0.0,0.0,0.0,0.0,0.0,0.0
33,0.003409314810070729,0.0025571532446390763,0.004548849660215532,0.011872532389160995,0.0033420695549376076,0.002510497655258341,0.004506255217603607,0.011001813888056225,0.003411180432079373,0.0029059471275889375,0.004546045258624267,0.012819739579524612,0.0034130431544764075,0.0027347492311622177,0.004513682050125106,0.012342122732824128,0.002526468323588568,0.0029010513567570765,0.004655898482566405,0.012820930314780108,0.0032703060345996835,0.0026894878662432455,0.004542056715170179,0.01201938572210724,0.0030127675784402484,0.002532867142021472,0.004489759309527323,0.011016556964946333,0.0030062628782114766,0.00254846531629586,0.004509585247495616,0.011312206853039242,0.0034055968497782346,0.002623860677650571,0.004534951045068376,0.012076522109910472,0.002953277916651396,0.0030849055020750163,0.004791784564528466,0.013138301816889353,0.0033854624198888282,0.0028364641445187,0.004536794596640794,0.012573989320591616,0.003409309979644319,0.002772914171609976,0.004534664895362293,0.01239475241061972,0.0032609329938024434,0.0026476316914512132,0.004538992280493183,0.011916739134178974,0.003374692001832334,0.0025890903264119184,0.0045437925971577985,0.01168670396669167,0.003443197384220531,0.0030062078013653785,0.004587277377693403,0.013120711351539147,0.0033779447018615102,0.002783109516950493,0.004551647511290531,0.012414926041387872,0.003398699661166798,0.002685179582190345,0.004537958291412575,0.012140049965023901,0.0033902420409913526,0.0026420984485539755,0.004537359234935406,0.011921557179883604,0.003360434423097986,0.002948681012552095,0.004553591329108665,0.012380205407206036,0.003325898209626178,0.002523430374118359,0.004440337705815524,0.01092647163591436,0.002708118949150013,0.00252358018339933,0.004315001171220733,0.009593348816932057,0.003360226067366156,0.002508703029178137,0.004493802909400266,0.010928419978820117,0.00338364495235176,0.002711518682223765,0.004516829277927894,0.012138437947628127,0.0034011179122598865,0.002555620176291966,0.004447605487648299,0.011394229762122478,0.003234723939777199,0.002607702941423181,0.004434926358194308,0.011255337339168687,0.0022579183696096283,0.002531055754673504,0.00432789790081837,0.009875705027002529,0.0033923320305696823,0.00264883808667189,0.004525600569613598,0.012013933241238051,0.0025060335338064647,0.0025530720036155115,0.004457384632256912,0.011339450569865154,0.002505487841077883,0.0025517683746219743,0.0044654108661952505,0.011222147163506835,0.0033634395138124286,0.002513934471362134,0.004504627867355948,0.011270174863230387,0.0025583072174493126,0.002729269203677267,0.004547456661825001,0.012326103662077034,0.0012243962132616553,0.001227630222358702,0.0012278420634436109,0.0012322603620526214,0.001257881591895802,0.0012323257694138545,0.0012249470400757252,0.0012306661381844325,0.0012335120983548425,0.0012310020892449215,0.001241273902761669,0.0012266874678545578,0.0012348893090410038,0.0012254231889574309,0.001232255390663215,0.0012299020319146115,0.0012268943979332988,0.001229323381443608,0.001234127885057797,0.001224053804019085,0.0012217327700318774,0.0012220621153439825,0.0012339410442349019,0.0012239208339625668,0.0012274424646625708,0.0012429164586693214,0.0012244480470651074,0.001250489593745193,0.0012525977565326953,0.001225372793446065,0.001262090837087622,0.0,0.0,0.0,0.0,0.0,0.0,0.0,0.0,0.0,0.0,0.0,0.0,0.0,0.0,0.0,0.0,0.0,0.0,0.0,0.0,0.0,0.0,0.0,0.0,0.0,0.0,0.0,0.0,0.0,0.0,0.0
34,0.0034017493671875064,0.0025476210046502194,0.004549579482238119,0.011800147343195849,0.0033362131924923395,0.0025120898821801136,0.004502878699152201,0.0109494693676811,0.003407163658303146,0.0028994923195958177,0.004545722291075632,0.012779688003633332,0.003410117454219149,0.0027490392898181447,0.004514989583830052,0.012360835540982886,0.002531666369875097,0.0028992665369302916,0.004649086343413326,0.012783669104429931,0.0032621555795154457,0.0026900684315983897,0.004538546411472502,0.012003505294854024,0.002987244015396565,0.002533090947197431,0.004486604025920885,0.010978698315057149,0.0029724907922486624,0.0025470839579866925,0.004507820363184529,0.011292239326976341,0.003402652616871601,0.0026220993501503338,0.004532095330953389,0.012053408770632369,0.0028808749923763897,0.0030389688383216165,0.004744112427692756,0.01299995822140413,0.003379619803025871,0.002825505693502348,0.004533659386489668,0.012519556565810405,0.003397956321682282,0.002717914856855336,0.0045343983519070125,0.012187086894061946,0.0032613981114767627,0.0026520156572255047,0.004538373452010233,0.011917592087296596,0.0033729633371872903,0.0025979422272317757,0.0045473790379478825,0.011712439512061877,0.0034294224473698292,0.0029919404825706755,0.004594047359101289,0.013075529916347941,0.0033730767563587855,0.0027772241563062457,0.004556159911723085,0.012390390563382411,0.0033956243312087703,0.0026833680710156116,0.004541184239683844,0.01212057928681859,0.003386782905680614,0.0026343180632687198,0.004539072197733703,0.011882978373357129,0.0033521776911657327,0.002929047020113722,0.004534871763251817,0.012274418065902924,0.003328052059165537,0.0025336083226482797,0.004444740531911076,0.010982551735871595,0.002713092241703249,0.0025220547170513707,0.0043121349047431975,0.009565228432330885,0.0033595256963846977,0.0025100122893294925,0.004496824787399979,0.010936800378415153,0.003387020965969931,0.002736542389434052,0.004517569435140126,0.012200555512988872,0.0034004886891772232,0.002560523132149301,0.004445327338504306,0.011373843987556158,0.0032386217753884203,0.0026186677263089686,0.004442858601023779,0.011295973849581944,0.002262021909270419,0.002530966165247525,0.004332660523840313,0.009905237652424157,0.003388841361017555,0.002644486078454758,0.004527644057409281,0.01198705130846563,0.002508067850659268,0.0025556661514366374,0.004459852517860271,0.011357336063954532,0.002501230608938689,0.0025502689971842064,0.004464485339437503,0.011182846988500745,0.003357935451486243,0.0025132136082162975,0.004503933566224363,0.01122942897129034,0.002560098247958318,0.002735225389816848,0.004551208457040881,0.012344094565251353,0.0012178083010922329,0.0012191507551028808,0.0012233114511346992,0.0012227135674702674,0.001252429618818684,0.001231601838677933,0.001224359790104924,0.0012301606078022225,0.001225568309056014,0.0012265496798082975,0.0012319346257702592,0.001222127098600118,0.0012252939250079675,0.0012216517610024312,0.0012276290492513966,0.001223920355531361,0.0012211203346676998,0.001224879724368402,0.0012310482012451154,0.0012232614618989085,0.0012209296233506438,0.0012160384302862225,0.0012289420476602692,0.0012226612363296068,0.00122311041051857,0.0012343791897069,0.001221617754177041,0.001246152328741578,0.0012456146930276335,0.0012190486853158554,0.0012595210434634021,0.0,0.0,0.0,0.0,0.0,0.0,0.0,0.0,0.0,0.0,0.0,0.0,0.0,0.0,0.0,0.0,0.0,0.0,0.0,0.0,0.0,0.0,0.0,0.0,0.0,0.0,0.0,0.0,0.0,0.0,0.0
35,0.003371415162963112,0.0025273049988842103,0.004472280616755305,0.011292384925304436,0.0033057964577319753,0.002486271258303824,0.004430880749757436,0.010470679130428207,0.0033751554947523245,0.002879559501186176,0.004480843508338863,0.012225240930315726,0.0033762401000029057,0.002713123000100436,0.004446747672571592,0.011788642508122432,0.0025181598768965513,0.002873819875415365,0.004577659616384497,0.012242422117640738,0.0032394663245108807,0.0026833847609936297,0.004491795566321089,0.011672330615584467,0.0029647789699171613,0.0025161243300220433,0.004437116785157237,0.01064569196318319,0.002952900794381625,0.0025329751982313604,0.004458800488166351,0.010971160311869486,0.0033721162212681038,0.002615534311046532,0.004453259154879848,0.011566323229653485,0.0028108031426992757,0.0030329197780791187,0.004689136899363061,0.012453790928313028,0.0033526888121491287,0.0028335668432455607,0.004469000848362555,0.012036804862829396,0.0033635638891572296,0.0026793109370986863,0.004462404936486422,0.011599195844371198,0.0032387099440844952,0.002639711135841259,0.0044667229629112805,0.011433263342303285,0.0033420614196552362,0.0025817316315341586,0.0044735624027036494,0.011224548795050086,0.003392101047056532,0.0029535417657713925,0.004516526469467256,0.012453837039892595,0.0033370978868800284,0.0027429768256489523,0.004482401140580912,0.01180148180275817,0.0033649875973221187,0.002670888238755292,0.004466779826337749,0.011613716980638305,0.0033548332783548762,0.0026088800648256297,0.004469587275772093,0.01135853015461891,0.0033545569757968343,0.0029673902077755826,0.004566755164773374,0.012354734873681744,0.0033311456594350194,0.002548876659080894,0.004450951267934114,0.011060351184499601,0.002757213782883464,0.002520034323260785,0.004322994014541986,0.009647261055866167,0.00333608810646058,0.0024814228300536123,0.004430152737697924,0.010540327840435106,0.0033595664273556695,0.0027399957158227174,0.004442827043239357,0.011736504213896314,0.003395015817842029,0.002555292660477496,0.004451648430482952,0.011338057612900548,0.0032361475632030384,0.002623176851460873,0.004441813722651576,0.011313816639863208,0.002249263992932336,0.0025066759303198896,0.004271659642005431,0.009510233049597678,0.0033567448910492206,0.0026237457879490092,0.004458538622620918,0.011483384747946966,0.0024903165841818607,0.0025310629682551745,0.004390513654501645,0.010871860734817374,0.0024814743916775025,0.002525902539927706,0.004394221340375299,0.010691555845463522,0.003323947040009184,0.0024891596846879204,0.00443049698010887,0.010732631074355306,0.002538841118477321,0.002717074454775486,0.004485508082783069,0.01184130800486798,0.0012182274088091147,0.0012197177361069947,0.0012231600385818602,0.0012229610388402466,0.0012537413456433161,0.0012280353205467995,0.0012222418323883928,0.0012256279448098458,0.0012261846713460028,0.0012270518824688116,0.0012324910393653507,0.0012225888712483891,0.001225991331094006,0.001222099088747362,0.001228378729098058,0.0012250707086237517,0.0012222870158465364,0.001225310448169108,0.0012320617919958634,0.0012230143762560538,0.0012209834948975484,0.0012175537818314777,0.0012296318613921613,0.00122217280980059,0.0012243072695341476,0.0012340681866986835,0.0012213355626163078,0.0012465161424016842,0.001244853248344341,0.0012164588280683454,0.0012572233389286556,0.0,0.0,0.0,0.0,0.0,0.0,0.0,0.0,0.0,0.0,0.0,0.0,0.0,0.0,0.0,0.0,0.0,0.0,0.0,0.0,0.0,0.0,0.0,0.0,0.0,0.0,0.0,0.0,0.0,0.0,0.0
36,0.00337223602817446,0.00253803633509812,0.004471561637191227,0.011324255177132724,0.003310265486216999,0.002484424006943365,0.004435042511135242,0.01051634707056661,0.0033782812728573044,0.0029127036467754643,0.004499417534090571,0.01227910781507251,0.003372987970769977,0.0027138819286250115,0.00444458355469743,0.011765125732168428,0.002517150353832499,0.0028814342011736103,0.004583063801233304,0.012244597749084157,0.003222669092507205,0.0026786578080443746,0.0044678718313841456,0.011499485778702974,0.0029626915718936227,0.0025088863655126203,0.004416558806222512,0.010526161502850323,0.0029535776112046786,0.0025310767166273076,0.004437546254389392,0.010862138031487377,0.003372756370452714,0.002638868435745132,0.004445409750146685,0.011625322950266288,0.002803620189375703,0.0030638017058691107,0.0047196515211457785,0.012493972860969656,0.0033537640498693664,0.002853172791690944,0.004474047356971839,0.01206417649351009,0.0033647386763755393,0.002694794805408288,0.004461077516465183,0.011626765559321751,0.0032553449559882654,0.0026669853956799304,0.004468586005194742,0.011509388620695298,0.0033380620238309595,0.0025785802711943842,0.00447178206380802,0.011187747419507755,0.003390015415532661,0.0029659931304071956,0.004524157198646811,0.012461166092857434,0.0033387204274586287,0.0027695885348694854,0.004482359878340325,0.011855978264316648,0.0033673223979169167,0.0026947635731090908,0.004462252644097739,0.01166747953568407,0.0033664911250846003,0.0026580516937837716,0.0044669239990866765,0.011514054719093312,0.0033630503674968466,0.0030359453171678683,0.00463025137184142,0.012505621516126539,0.003337248029092292,0.0025722924094665283,0.0044555715156980895,0.011173139735342806,0.002779734635579616,0.002519975893315807,0.0043313896905360265,0.009695274194931337,0.0033441273625661946,0.002478303346592662,0.004433869538711884,0.01064252378117948,0.003365202702671358,0.00279761691850235,0.004445096002787613,0.011863799280209,0.0033914303985702107,0.0025522437286816767,0.004451343784070771,0.011312683615190756,0.003223798017051027,0.0026257004506030617,0.004442817780035689,0.011321977302840378,0.002256527558642689,0.0025022279086762316,0.004263036101225921,0.009477988732483874,0.0033532545066980715,0.002636817746209207,0.004456836857900489,0.011504565227439967,0.002504256708912109,0.0025331315255207407,0.004387726142174843,0.010889638272427598,0.002491206735566217,0.0025249688816866575,0.004389362695715119,0.010678067815369284,0.003320008362732535,0.002489782340442016,0.004428288278372714,0.010721448115339257,0.0025407639761922296,0.002717671024837247,0.004486263989720692,0.011839210252045138,0.0012169842765883995,0.0012189586163437096,0.0012251947279725173,0.0012213081687286612,0.0012548432597283556,0.0012270309551980386,0.0012205462558495662,0.0012260825307396626,0.0012255147543302131,0.0012286254636059183,0.0012317146739780295,0.0012241519903902348,0.0012254729412061317,0.0012232823911731692,0.001229872098075511,0.0012267964332405964,0.0012239081005299612,0.0012266860738230144,0.0012328970080315292,0.0012231262834000304,0.0012212132915115567,0.0012192883718334605,0.0012309346026353305,0.0012224201464234136,0.0012254860349635026,0.0012339048651241722,0.001220505897978137,0.0012477248380778057,0.0012439216970304336,0.001215768487909238,0.0012565025807089309,0.0,0.0,0.0,0.0,0.0,0.0,0.0,0.0,0.0,0.0,0.0,0.0,0.0,0.0,0.0,0.0,0.0,0.0,0.0,0.0,0.0,0.0,0.0,0.0,0.0,0.0,0.0,0.0,0.0,0.0,0.0
37,0.0033800102802715886,0.0025612190699524024,0.004463720884947639,0.011428236615652808,0.0033200512108506044,0.002478446243545632,0.004434805558582931,0.010585918257010454,0.003374924390284932,0.002890029008365864,0.004483498772511539,0.012214670134277301,0.003373974811394797,0.0027263931217201016,0.004438935977243716,0.011792838181416743,0.002509070649483698,0.0028856045940828406,0.004585490223779446,0.01225033272428878,0.0032262965935840157,0.0026866116836456377,0.004467475251775733,0.011520133654079027,0.0029612075377477664,0.002508358840521101,0.0044164435659227765,0.010548147156250432,0.002943787522921113,0.002528656138428839,0.004434924878156273,0.010842167204077713,0.0033770370684341926,0.0026672505542516163,0.004433252289233733,0.011712010207208245,0.002842533585988539,0.0030872243595799053,0.004744677004070675,0.012534875915409945,0.0033575115342758745,0.0028739203124863383,0.004481544864274595,0.012108686448859408,0.0033573085040296668,0.002659439284999494,0.004455554025097372,0.011512345003300527,0.0032632640263084043,0.0026650334690849443,0.0044610544030366335,0.011500556211479987,0.0033390283390613597,0.0025822294918984613,0.0044670752663636655,0.011203546492087754,0.003387937174429807,0.002948645117820594,0.004510369699182347,0.012412141098424609,0.0033499815623792735,0.002834880467775806,0.004493248161093215,0.012027118262081958,0.0033711297337552914,0.002710975948471658,0.004457756703322284,0.011713123054144662,0.0033673311007968924,0.002659853028948566,0.004463303923235291,0.011519358272651409,0.0033741904328511963,0.00309951010673116,0.004704412136828804,0.012654147995346764,0.003342321980271761,0.0025893382428411028,0.004458741194995383,0.011249730697263035,0.0028021767749330947,0.002516698464853659,0.004335847997156459,0.009742564193403377,0.003352174689206472,0.00248017340904225,0.004436999130992362,0.010736497348420557,0.0033643662314021107,0.002796843553550672,0.00444205177867281,0.011851507849957268,0.0033908538950025826,0.0025513619898138336,0.004448455209259246,0.011302143172864912,0.0032036136911303046,0.0026123923720249714,0.004437597423201905,0.011271464597566373,0.0022500749762893804,0.0025014913382943277,0.004259920059757047,0.009463538277201526,0.003354046211406278,0.002652055495216346,0.004454703973720298,0.011552538814444771,0.002493028851332334,0.002531782426323497,0.0043853510072115465,0.0108821888184257,0.002489466789782165,0.002524839478367475,0.004386367311979119,0.010697160781801102,0.003320289279993937,0.002490661205067848,0.004426287703969736,0.010736488086458107,0.0025333016360982153,0.0027101914211272496,0.0044796937935075365,0.011814577956224303,0.0012179648382409558,0.001219360644564484,0.0012265634133627019,0.0012223122189073973,0.0012568233990584343,0.0012270610616375726,0.001220519919008473,0.001226012872954895,0.0012268223592380918,0.001229905357742019,0.0012329053797910576,0.00122558904121993,0.0012265988956253573,0.0012245155297890473,0.0012310641473441686,0.0012286055826294373,0.0012256651683384158,0.0012280730552608544,0.0012341131065531847,0.001223310982510013,0.0012214411510809839,0.001221062983309701,0.001232421437287641,0.001222789046062679,0.0012270039823598468,0.0012342176449629194,0.0012209632329356207,0.0012491736449091696,0.0012450731919177618,0.0012169763340354606,0.0012576015686564172,0.0,0.0,0.0,0.0,0.0,0.0,0.0,0.0,0.0,0.0,0.0,0.0,0.0,0.0,0.0,0.0,0.0,0.0,0.0,0.0,0.0,0.0,0.0,0.0,0.0,0.0,0.0,0.0,0.0,0.0,0.0
38,0.003380580236996028,0.002566082838526504,0.004464319082797599,0.01144665385739704,0.003318223367552883,0.0024796569564475516,0.004434991920256371,0.010573455597568445,0.00336522702589199,0.0028293144684875893,0.004455566727170533,0.01205949045287006,0.0033710490750053813,0.002712314067030543,0.004442520212116097,0.011750720684521095,0.002514034923349782,0.0028825021353108492,0.004582722270156151,0.01224185552437947,0.0032254456795983728,0.0026875747839697622,0.004468563446659537,0.011523523520016614,0.0029649653673548336,0.002508982020586314,0.0044177003774396924,0.010556001179752505,0.002943577091937128,0.002527176713484715,0.004434801356481198,0.010824455578213661,0.0033775985315563,0.002674853017692567,0.004432707741062664,0.011734748272601958,0.0028983274648909504,0.003124752180936808,0.004787334971613653,0.012607606097776876,0.003356985588567258,0.002869210523656876,0.004479146940508491,0.01209960863880259,0.003355406925184612,0.0026512779924724086,0.004456643538251475,0.011486641374137053,0.003254186926859593,0.0026564870464562676,0.004461347839405993,0.011472344574109611,0.0033376820455259353,0.0025788291287526244,0.004468202960841589,0.011186582804846367,0.0033894735943348613,0.002963550514585855,0.004521069297988146,0.012449971577725226,0.003348133776358994,0.0028273657617278623,0.004491469846597505,0.012008186576346384,0.0033741328577133163,0.0027269472155644664,0.0044574148992880085,0.011759899038866536,0.0033590200656402553,0.0026306291267023784,0.004464837521467825,0.011421291303578492,0.0033765319281141887,0.003116162062763932,0.004729158570514425,0.012700120158794861,0.003340895840455846,0.0025810844752536494,0.004458352269674072,0.011221235517794852,0.002812736417636039,0.0025169831459861893,0.004339647399207104,0.009762228974987304,0.00334982251607835,0.0024792950700837633,0.004435984177226939,0.010707102208420837,0.003363232629966651,0.0027893545233321744,0.0044393666665818315,0.011829687131105828,0.0033895898172954355,0.0025508026860745015,0.004448409288270931,0.011295873079002802,0.003204228393289108,0.0026124232557781664,0.004437396997107124,0.011272217814448149,0.00225511901081318,0.002500196410953697,0.004254025671240823,0.009436239524345047,0.0033545329362161653,0.0026538688457736085,0.004455399254065034,0.011560635580869127,0.0024913686858269455,0.0025291106317652003,0.004384439135759418,0.010853775163309449,0.002491880613719259,0.0025247000711002593,0.004386280845045309,0.010692236558080666,0.0033195925962393406,0.0024911244316709264,0.004426789470974449,0.010737137816924024,0.002540952719432632,0.0027018937709391002,0.004471054960025765,0.011766124018317422,0.0012179702679210385,0.0012192856325944476,0.0012236376195794364,0.001222315858429073,0.0012522908587689373,0.0012269254548202362,0.0012203236587655123,0.0012258346599460356,0.001226759551522459,0.0012268967737703847,0.00123281939829336,0.0012226221390614044,0.0012265604683305428,0.0012219213581357768,0.0012278631800139786,0.0012243047168909696,0.0012213236538364592,0.0012250842104300835,0.0012313978807739691,0.0012231881875352053,0.0012212052720650863,0.0012167042710882012,0.00122910513071509,0.0012226994843095248,0.0012239356496513995,0.0012343013888513985,0.0012209196578530817,0.0012459994273667351,0.0012450179372523076,0.0012170189675736625,0.0012577595543466391,0.0,0.0,0.0,0.0,0.0,0.0,0.0,0.0,0.0,0.0,0.0,0.0,0.0,0.0,0.0,0.0,0.0,0.0,0.0,0.0,0.0,0.0,0.0,0.0,0.0,0.0,0.0,0.0,0.0,0.0,0.0
39,0.003373427979664101,0.0025420318661064107,0.004469286728726433,0.011340951331577231,0.0033090723718134226,0.002482912655079184,0.004430917713439916,0.01049795817755893,0.0033646337085751444,0.0028270333429759875,0.004455410450316404,0.012053998168352018,0.003367892878804971,0.0026943065549707708,0.0044441729693446156,0.011698104911645867,0.002519103285906003,0.002879151207373578,0.004580281718413486,0.012237683417903787,0.0032154932368154126,0.0026709712858358674,0.00446619460270258,0.011471255146689018,0.002949912797972461,0.0025081761865481797,0.004413223952586709,0.010487618132814487,0.0029379815925772894,0.0025241908593559882,0.004434527919825631,0.010787487123231108,0.0033731175551575806,0.002638968290159263,0.004441801492676295,0.011626513827067723,0.0028960101238038227,0.0030811509207262578,0.004738061143391838,0.012524489788151282,0.003345781035748816,0.002803702200380373,0.004455884867229868,0.011940869576968062,0.003352298963266384,0.0026371919580796747,0.004459473528661731,0.011442059679661044,0.0032320661056310226,0.0026378061037143348,0.00446316931600983,0.011407064716995758,0.0033305241346509064,0.00254526803735917,0.004464561334052815,0.011021200103113112,0.0033892928132827575,0.002959656038839111,0.0045188871498320566,0.012442765821123995,0.003338553078535648,0.0027761536485891103,0.0044820151718577535,0.01187393640842389,0.0033691040198221647,0.002704251698635832,0.004461966243262343,0.011696489633883237,0.0033500192157617384,0.0025986671320124685,0.004464314340609119,0.011302184075887118,0.0033720847871898116,0.0030868496202388416,0.004686645640793752,0.012623218611284933,0.0033388418815021347,0.0025674138839345963,0.0044577002128906714,0.011166604094786701,0.0027865879538848926,0.0025197763106379434,0.004335094048911431,0.009717785636154741,0.0033402574782933144,0.002478071777165885,0.004431708382705133,0.010603538726936541,0.0033600235889893254,0.002770373429002127,0.004437613716398876,0.01178192143335686,0.0033853818795907716,0.0025433496917228455,0.0044506962989866415,0.011257029581502008,0.0031751247438239166,0.0025979204737178662,0.004435983903550872,0.011213427047799861,0.002251187582963395,0.0025006880788349976,0.004250583586719371,0.009411182874088257,0.003352741446296975,0.002641685342050916,0.004457124289503579,0.011521714042644186,0.002492182555705455,0.002527705595910896,0.00438443177537991,0.01083664771556734,0.0024956517668526658,0.0025256375215385583,0.004387352787667327,0.010702005734607084,0.0033186925052864284,0.002489729104891473,0.004426651574901996,0.010723018592117842,0.002547773238987865,0.002702718051283468,0.004473480017382252,0.01178587267752949,0.0012181541001855013,0.0012197193696776858,0.0012250123468844506,0.0012225665202191588,0.0012541637706131002,0.0012271690021228032,0.0012205895182560227,0.0012262393455175153,0.001226828226282379,0.0012280373108301235,0.0012327521332618184,0.0012237449294834294,0.0012265275616649292,0.0012229687142115515,0.0012292464141311276,0.0012261049373875753,0.001223008239966408,0.001226393944230654,0.0012324838163112583,0.001223451586858421,0.0012213589455263272,0.0012184973956122877,0.0012304449378298075,0.0012229435072446957,0.0012252545593098366,0.0012345579837940593,0.0012211805950021494,0.0012473088249832153,0.0012452506265398424,0.0012172553859372756,0.0012579345027705837,0.0,0.0,0.0,0.0,0.0,0.0,0.0,0.0,0.0,0.0,0.0,0.0,0.0,0.0,0.0,0.0,0.0,0.0,0.0,0.0,0.0,0.0,0.0,0.0,0.0,0.0,0.0,0.0,0.0,0.0,0.0
40,0.003369261641404519,0.0025294127314236976,0.004469868956701091,0.011280495965756953,0.0033042349008551137,0.0024847770917144894,0.004428444499762721,0.010459176470844309,0.003367219309692226,0.00284356056203578,0.0044619995660701295,0.012098927784498292,0.0033668626443839507,0.0026853932182715323,0.004446005232755011,0.011673307211770817,0.002519478119764998,0.0028781625013625774,0.004580233934691331,0.012238083975157063,0.0032208300562865623,0.0026652929265485415,0.004465653060716541,0.011454897927373444,0.002957011804944716,0.0025084036613014986,0.004413639529517177,0.01048510555821694,0.002949111935757303,0.0025241484098173254,0.004435152366187937,0.010786477798834213,0.003370212359904477,0.002618507428626098,0.004446717382973116,0.011559299079280824,0.002937009841997728,0.0030730753134857918,0.004729508320561806,0.012513293859436359,0.003340949619478977,0.002780604492073125,0.004456052922342909,0.011885181558984015,0.0033554777094952316,0.00265189827549857,0.004461408741828478,0.01149748518287996,0.0032181487283135116,0.002625673465479764,0.004462616377820686,0.011363486761552435,0.003328725289913447,0.0025390248245108016,0.004465501139682995,0.010982583058680441,0.0033922340446228046,0.0029774848882452385,0.004531441286495988,0.012491146750490437,0.003336271895970249,0.0027597610498865345,0.004481019168237181,0.01183000192006615,0.0033700810492998273,0.0027069601500149454,0.004461980035952552,0.011707419811402772,0.003345512516466401,0.0025836493548667566,0.00446438011205276,0.011240158546536982,0.0033686649524660274,0.003066353961693819,0.004660587431615887,0.012576090764533967,0.0033405978430518517,0.002570555500681034,0.004459539673957877,0.01118508411912068,0.002779837781642566,0.0025206954874708396,0.004332669136883132,0.009697983188504946,0.00333250728619008,0.0024807409384292162,0.0044260739812449264,0.01051280141112485,0.003359667304905305,0.0027665084256125313,0.004438255493253987,0.011773595999491182,0.0033854371166811463,0.0025462875261926744,0.004452850183890214,0.01126880960876775,0.0031806848830200846,0.0026016688112833575,0.004437238433172259,0.011229210345232776,0.0022529107508491553,0.002500738137088233,0.00424981059862361,0.009406056530505927,0.0033528890562962497,0.0026433006571443224,0.0044580687778555655,0.011529051590002982,0.002494685724278156,0.002526176560868368,0.004384212831253999,0.010817605740965405,0.0024995070072428944,0.002525803427218505,0.0043878627716089245,0.010701408230307869,0.0033197207068129766,0.0024901369385449106,0.00442725274050676,0.010729003182771878,0.0025505978277543403,0.002705200641988788,0.004474413775540396,0.011790264815685613,0.001216683815846312,0.0012186388284705883,0.0012253642397473104,0.001220856883381412,0.0012547493706802733,0.00122658845054698,0.0012200949793835295,0.0012256928045152008,0.0012251414553236448,0.001228344481219767,0.0012310695623828204,0.001223915654212964,0.0012250441663144813,0.0012232201826850044,0.0012296313461073666,0.0012268106291605943,0.001223693617741428,0.0012267400055337436,0.0012328573503016492,0.0012228656233278343,0.0012207595617383577,0.0012191704233766249,0.0012307702588098906,0.001222318756783738,0.0012256644568363372,0.0012340939908225604,0.001220150288770321,0.001247671845273963,0.0012437125064328981,0.0012153790910517442,0.0012568290722281134,0.0,0.0,0.0,0.0,0.0,0.0,0.0,0.0,0.0,0.0,0.0,0.0,0.0,0.0,0.0,0.0,0.0,0.0,0.0,0.0,0.0,0.0,0.0,0.0,0.0,0.0,0.0,0.0,0.0,0.0,0.0
41,0.0033725772765835463,0.0025333656899408545,0.00446942589308272,0.011308798817395393,0.003307037346671897,0.002483394255579859,0.00442863756439229,0.010473387577355723,0.0033715363105898326,0.00286697657722974,0.004471831708772973,0.012163542280863991,0.003369192802351287,0.002690792304585796,0.004443388810553019,0.011693775752956062,0.0025097684083949514,0.0028766375930292286,0.004578266786670787,0.012235224675353963,0.0032406449958998864,0.0026740160010588856,0.00446683729957671,0.01148948428257568,0.0029790798019163206,0.002507888100876855,0.004416228940772386,0.010527396981936582,0.0029831704198526334,0.0025294853266818154,0.004438544791723492,0.010849101791311502,0.0033718468858055985,0.0026176845749735786,0.004445790760963639,0.011561720400464283,0.003015547222805977,0.003097365256802948,0.004755917107050624,0.012572485059784682,0.003348721367243322,0.00280750962346467,0.004455222021445666,0.011960171860872039,0.0033635718991459817,0.0026896570830704076,0.004460381922248067,0.011630461086626829,0.0032309466865621124,0.0026334098720332227,0.004462271322626994,0.011396069234512408,0.003335039019941281,0.002557500988624792,0.004466776493352631,0.011097956951522547,0.0033966362029446903,0.002980365521507704,0.004527601272036842,0.012503122043287948,0.003334929256401875,0.002744781827007049,0.004479926655072399,0.011789534623425243,0.0033718505275151757,0.0027095081634010386,0.004456429197056366,0.011721440339010514,0.003351339507527884,0.002599893963744936,0.004462817092066419,0.011312213230415159,0.003371074550564169,0.0030654928117184975,0.004657564647355945,0.012580278976297226,0.003343041103393407,0.0025683760748399175,0.004454640215639134,0.011185939474270332,0.002765673781013458,0.0025195656004679957,0.004327368883269521,0.009675566371942794,0.0033383428974244943,0.002477205264959502,0.004427011055635486,0.010563292084388342,0.0033613117658566785,0.002771875279873292,0.004438585139106358,0.011795605499119264,0.0033922145445884123,0.002556972928478884,0.004446048856762283,0.011324898100872215,0.003214967719725171,0.002618625329114308,0.004436835164920015,0.011296591425087108,0.0022523114687081655,0.0025003799133976115,0.004253976074516415,0.009434300785496005,0.0033556133875591422,0.002649700763875839,0.004455100684295396,0.01155699208269785,0.0024935221930399033,0.0025316671023550225,0.004385923328757195,0.01088372725901597,0.002490574923435142,0.002525184110722574,0.004386815581610777,0.010703573553093789,0.003322512556302493,0.002490730560277474,0.0044277227580038665,0.010744942909639333,0.0025420500758771714,0.0027055925065559237,0.004473901674423224,0.011794654796850566,0.0012182016721727282,0.0012199233821291388,0.0012261897686514144,0.0012234526917103718,0.001256885386280968,0.001226921854752884,0.0012206318302775351,0.0012262368237387947,0.001226518432279587,0.0012293405136598891,0.0012326637355763964,0.001225109742885936,0.0012259365794845905,0.0012243960935557937,0.0012309808973561631,0.0012283785381087028,0.0012256197457534595,0.001228117208593955,0.0012343601973524492,0.0012235204829723564,0.0012212911400298297,0.0012210980788691546,0.0012325433330951682,0.001222890305494675,0.0012273276344336819,0.001234427461876109,0.0012216638196354648,0.001249218241592951,0.0012455885738384322,0.0012168007498122376,0.0012581711084646934,0.0,0.0,0.0,0.0,0.0,0.0,0.0,0.0,0.0,0.0,0.0,0.0,0.0,0.0,0.0,0.0,0.0,0.0,0.0,0.0,0.0,0.0,0.0,0.0,0.0,0.0,0.0,0.0,0.0,0.0,0.0
42,0.0034128200890265114,0.002573537493642683,0.004548749115817729,0.011942047740950285,0.0033488433683680086,0.00250897825553112,0.004512202023102675,0.011063856604894564,0.0034137899048516398,0.0029434478780501153,0.004572441153295146,0.012887245731238863,0.0034092040202982734,0.0027465299101190072,0.004514860700739906,0.01234299418196188,0.002524637383470371,0.002916333539407345,0.004665310199203184,0.0128346302201979,0.0032990890534995133,0.00272224209872873,0.004543225391175231,0.012107182321456429,0.003041140291191978,0.0025331218841443673,0.004492900659297868,0.011078509340622699,0.003070302510354161,0.0025712789382166586,0.004518634711747819,0.011484213328677193,0.00341288531629516,0.0026728467336205436,0.004520622366416796,0.01225103710223064,0.00309075737886412,0.0031805658265921504,0.004899176449544112,0.01332933821856175,0.003391143896041918,0.0028756374076179905,0.004544136955593088,0.012658126943893056,0.0034054795799879946,0.0027515940452338744,0.004534793452007573,0.012328489567845637,0.0032892824981314737,0.0026915974942964987,0.004539784217315305,0.012050869898271928,0.0033789612149210564,0.0026293778417380764,0.00455226072715732,0.011844592494503765,0.00344730851641919,0.0030483644146257786,0.004618903231458816,0.013213786324614417,0.00337685723914661,0.0027956048446512267,0.004555878494873397,0.012437499708957118,0.0034123851179119783,0.0027679428108088088,0.004531188301117111,0.012393391207374302,0.0034013647743981012,0.0026871813109674253,0.0045406921785675364,0.012082612542696016,0.003375549828634395,0.003083385664800339,0.004680704543792524,0.012650897963541453,0.0033494997977256114,0.0025970467537075478,0.004458007088132609,0.011312214650717549,0.0028008919676912655,0.0025198324554580624,0.004341751052183147,0.009758539862571523,0.0033815881294599797,0.002504099794157383,0.004510924979904498,0.011185396753715073,0.003400525920854995,0.0028211780552643726,0.004518642834924214,0.012432043228718161,0.0034014541466116095,0.002574104935196824,0.004445979720256061,0.011407777080113908,0.00323708099382267,0.0026388468616549325,0.004441679794123498,0.01137100485647458,0.002254466364934725,0.0025011734778374282,0.0042575355725291975,0.009451526700993543,0.003395529834844367,0.002687608130766687,0.00452526270271657,0.012149604242517787,0.002515034246870126,0.0025591180276256058,0.004458789035238167,0.01140152745440153,0.0025133244979676827,0.0025517963577875802,0.004461067487205081,0.011213284416109633,0.003360580285216719,0.0025199889040600602,0.004506241306428566,0.01129293091414011,0.002563200946896483,0.002730590902752738,0.004546080290033977,0.01233003559635432,0.0012178981554459617,0.0012191974363421722,0.0012245241336848905,0.0012232654766402634,0.0012533254539775292,0.0012280544008750477,0.0012230630241641916,0.0012279670328394282,0.0012260903057394732,0.0012272666185703651,0.00123191000194857,0.0012231895553705707,0.0012253177827241132,0.0012226716811492312,0.001228407617317253,0.0012250541524879955,0.0012220072750443727,0.0012258484767160643,0.0012319394061129703,0.001223847414717394,0.0012212978244546826,0.0012173109211154325,0.001229981586092473,0.0012229482423397177,0.0012245060550940949,0.0012330826198405911,0.0012221021499027051,0.0012470609866917582,0.0012454868532200934,0.0012191038782661356,0.0012595074486242471,0.0,0.0,0.0,0.0,0.0,0.0,0.0,0.0,0.0,0.0,0.0,0.0,0.0,0.0,0.0,0.0,0.0,0.0,0.0,0.0,0.0,0.0,0.0,0.0,0.0,0.0,0.0,0.0,0.0,0.0,0.0
43,0.003434088963428507,0.002594290917338197,0.004580446708203046,0.012278308497329827,0.0033755678934892946,0.002516920085949596,0.004551056656897304,0.011416868216762611,0.0034399254572024885,0.0030202324562161095,0.004644099136567083,0.013377072838422065,0.0034342523440533896,0.002798195042573934,0.004543605997319117,0.012772589654002454,0.0025342415696355813,0.0029380922314726065,0.0047119554405055785,0.013151125798734863,0.0033290526665130282,0.0027525609215510675,0.004577804618295299,0.012428398017052821,0.0030772202751717607,0.002545302758129902,0.004527550775212232,0.011368564102576313,0.0030881503172308657,0.0025818966475165362,0.00455134486229357,0.011729373155465236,0.003432253991769221,0.002706479165654538,0.004544595370513576,0.012594649836577845,0.0031893443643491,0.0032362907849128506,0.004986205646207054,0.013742792496704806,0.0034149844626599262,0.0029273962850876164,0.004599647557059598,0.013060719286841162,0.0034279117787572528,0.0027963807630586135,0.0045697744511722805,0.012728576411471997,0.0033305451006657794,0.0027342710577221378,0.004581163257200315,0.012467203765255876,0.003403284165782885,0.002663052767573201,0.004584397606259327,0.012226537068583773,0.0034848828364025,0.003110194681107983,0.00468688010413786,0.013654669583323833,0.0034103757911575112,0.002880157516413356,0.004604323944098641,0.012952833104671964,0.003430768874487354,0.0027866667850903995,0.004563363319791002,0.012710518856087014,0.0034292049069194392,0.002738090038859241,0.004570891196165141,0.012496931428578013,0.0033877590884399448,0.0031207370671496393,0.004737817563718078,0.012821513496584558,0.0033569511445882753,0.0026129471901179518,0.004462551286199415,0.011417117239993297,0.002837786433038025,0.0025198650711492757,0.00435710508038035,0.009871040039494527,0.0034073820778184457,0.0025207725224132213,0.004555679934393927,0.011570494509550364,0.003420791726279578,0.002837453602260399,0.0045538496869128205,0.012717914255356365,0.0034139015233233877,0.0025911678321832235,0.004447828310892996,0.011522705791498798,0.00323713817334443,0.0026394682390715445,0.004443067512406472,0.011372913531241643,0.002251127266262099,0.002505851274805355,0.004268545693710376,0.009505609909107484,0.003418626036717793,0.0027153019793344103,0.004559954305414022,0.012502499010979896,0.0025314544248276833,0.0025735191528390064,0.004496195839759626,0.011680858801523792,0.002524285048380331,0.002563868947492106,0.004498691478369738,0.011466582611881843,0.0033817741023590966,0.002530824532408232,0.004542490859881431,0.011570730847902489,0.0025795451542409906,0.0027440171404765597,0.0045818990569533435,0.01261138081982276,0.0012242938587998498,0.0012272521627970639,0.0012266262728022758,0.0012320670767239073,0.0012552950585798602,0.0012322355000590056,0.0012244970509815445,0.0012300036182460226,0.0012340513977774407,0.001229556758531379,0.0012410701391913866,0.0012252886398565511,0.0012351597994597306,0.0012242210414713814,0.0012305884138340984,0.001227570817363276,0.0012245425734249968,0.0012277910360521537,0.0012329305011052616,0.0012239227569918905,0.0012210139892049178,0.0012196077904383952,0.001231858971519358,0.0012228488784717672,0.0012252746510773428,0.0012338397424188241,0.0012240291631562916,0.001248437467316302,0.0012519646237891986,0.0012246757220421476,0.001261721845497565,0.0,0.0,0.0,0.0,0.0,0.0,0.0,0.0,0.0,0.0,0.0,0.0,0.0,0.0,0.0,0.0,0.0,0.0,0.0,0.0,0.0,0.0,0.0,0.0,0.0,0.0,0.0,0.0,0.0,0.0,0.0
44,0.003434246247684099,0.002593966017881578,0.0045808299864034865,0.012280951250980235,0.0033757246183510536,0.0025174057566453136,0.004551900635567014,0.011421643746574877,0.0034396038451596864,0.0030142702570497186,0.004639955100831337,0.013368156309219467,0.0034378067884348958,0.0028211138934870895,0.004542316547680726,0.012845338132684255,0.0025413416840815205,0.0029372010539827327,0.004711548170360516,0.013153242266078755,0.0033308865584505526,0.0027555558290743285,0.004578922804826442,0.012442871050194173,0.003065985363005413,0.002544443639359315,0.004525711581930684,0.011334861298073016,0.003090012009154095,0.002581300169459981,0.0045516329564983275,0.011729677082664003,0.00343150322554729,0.0027008312667099396,0.004546185063657826,0.012576767217814666,0.0031815730645769454,0.0032233417267206153,0.0049715929411346185,0.013723448190876881,0.0034131276031307504,0.002912235083387297,0.00459184110988679,0.013032608328064174,0.0034408789263114066,0.002854316557583195,0.00457281734706186,0.012896588613259315,0.0033198095300397946,0.002720040485336908,0.004574846346666496,0.012393191235815408,0.00340458737657318,0.0026672985965506867,0.004586076914051837,0.012246080371936866,0.003475941747441045,0.0030687009881613797,0.004652895537241138,0.013563199456877404,0.003408130285496653,0.0028628212800010542,0.004598580984135606,0.012910293492663809,0.00343481721795054,0.0028046445436745882,0.004563703043063308,0.012776049852865443,0.003444347690552805,0.002789629470547251,0.004569939288031709,0.01266577394510107,0.003400573098824934,0.0031321730784125957,0.004768012519459909,0.013066162064897129,0.0033701884840434543,0.0026285489406635085,0.0044926732683897115,0.011646716903120028,0.0028634949605333424,0.002527397441167991,0.0043856977649846425,0.010072243301558148,0.0034089190646771758,0.0025210926836291303,0.00455591383413093,0.011593342670787644,0.0034205845343063188,0.0028126261406312796,0.004552948838072823,0.012673539130509346,0.0034224058326897235,0.0025921924029724684,0.004476287102162292,0.011703889496736338,0.0032336554455417495,0.002631578295789333,0.004439122682531302,0.011345150751841348,0.002277128558024076,0.0025403459495939276,0.0043626237609240524,0.010110244032245105,0.00342135877612747,0.0027278179291260448,0.004557597581766384,0.01255405886005186,0.0025368266986604353,0.002571671010699183,0.004495086572710383,0.011669657221976546,0.0025278739865027466,0.0025659831024295128,0.004501847809556509,0.011501984337708954,0.003383642045602266,0.0025292802023458164,0.004540596003050584,0.011574651238671933,0.002579280962430639,0.0027491303614120303,0.004586969564770263,0.012640301540351798,0.0012236181606581048,0.0012263710853812025,0.0012277454893961154,0.0012318983778618724,0.001256715534087184,0.0012320837335885759,0.0012243212419728725,0.0012298902975114046,0.0012326210716581514,0.0012304614832178227,0.0012404856645064095,0.0012263641782981893,0.0012349820931678909,0.0012251986378026703,0.0012317909432815514,0.0012289099277371237,0.0012258283164303689,0.0012289029173367214,0.0012340318381299448,0.0012248305704218323,0.0012218117052697549,0.0012209834562803233,0.0012328715936326456,0.001224672483258308,0.0012265133437506797,0.0012418156240445487,0.0012230411109251348,0.001249752610271086,0.0012514316364890094,0.0012240665866644787,0.0012611921638870603,0.0,0.0,0.0,0.0,0.0,0.0,0.0,0.0,0.0,0.0,0.0,0.0,0.0,0.0,0.0,0.0,0.0,0.0,0.0,0.0,0.0,0.0,0.0,0.0,0.0,0.0,0.0,0.0,0.0,0.0,0.0
45,0.00343276413906382,0.002584839314525382,0.00457606717668191,0.01223184704335253,0.0033719820481340665,0.002515221731832321,0.0045434934704399145,0.011362146910230892,0.003435300259065939,0.0029898491954212345,0.004618825571973408,0.013289281926129243,0.0034354114640484327,0.002801435112300997,0.004538975921705367,0.012785782547102394,0.0025327539773801885,0.002932896699886801,0.004706778309268315,0.013138929982617464,0.0033237965969254617,0.0027432447333270785,0.0045724102439629695,0.012386290120936934,0.0030535233536336435,0.0025423370470185817,0.004520637315508988,0.011300145055243871,0.003074263237268471,0.0025738165107379663,0.0045457755974968456,0.011672982279972334,0.00343063303270603,0.002685726781903006,0.004545135881167047,0.012527814277514626,0.0032239016998260495,0.0032117755367878633,0.004955746242063247,0.013685073297373996,0.003413237393230451,0.002901223699186593,0.004582505308178651,0.013003934749560792,0.0034419325913564672,0.0028643391608075084,0.00457218567054842,0.012922370488529435,0.0032914858295717895,0.0026868257102969136,0.00453327045629515,0.012047680911340302,0.003404301018094851,0.0026642930740909602,0.0045801502894263196,0.012235560804188923,0.003469763090445206,0.00303815020274987,0.004625703301771534,0.013467883872528801,0.00340411013288751,0.0028378558558233005,0.00458782005463806,0.01283646555228528,0.0034311488958781765,0.0027830989463813113,0.004560725525351799,0.012712022593772092,0.0034447990357250064,0.002791082235214395,0.004564223301001551,0.012664842825851168,0.0033895320183732814,0.003111804900892595,0.004723548411704658,0.012803916458270715,0.0033570379953736717,0.002612698819424935,0.0044593024432583,0.011416017161665034,0.0028434103709732116,0.002515821482910509,0.004353237259162269,0.009879316915926603,0.0034088165470270246,0.0025185412388128653,0.004552452070550574,0.011576419688288623,0.003422864557898825,0.0028149000141572734,0.004550280996636026,0.012686299647269764,0.0034029534564701137,0.0025664588517902236,0.004445910668055274,0.011424190970691979,0.0032161114017877955,0.002613977988815739,0.004432296210093959,0.011279486150822094,0.0022772911674610328,0.0025396377326556896,0.0043636976677743815,0.01012155337824639,0.0034203252722204464,0.0027150445760091907,0.004554994157929236,0.012510429376030363,0.0025270013339030103,0.002569644584482499,0.004492431347191297,0.011655116876594587,0.002516587797304419,0.002563124251855527,0.004498347401683213,0.011477106959087128,0.003383581998037368,0.002525980085521619,0.004537308923454626,0.011552852398486697,0.0025706328057073066,0.0027525841677317003,0.004587558861715052,0.012650984973538084,0.0012233232298986376,0.0012273680589278033,0.0012299918704712877,0.0012322302010617416,0.001259639318109513,0.001232533337080882,0.001224937233952856,0.0012303945689509717,0.0012327318351614191,0.0012327061106774415,0.0012412023507538308,0.0012287274545359716,0.0012352326639007596,0.0012272866114916335,0.0012340189182334833,0.001231645874016965,0.0012285177930393587,0.001231354145405142,0.0012361532876680843,0.001224975743630149,0.001222237849283503,0.0012235875012797089,0.001235374749325629,0.0012243677476432087,0.001229153248207244,0.0012428508426846022,0.0012238283861263919,0.0012522838424312086,0.0012523070423972708,0.001224946032715751,0.0012622317686470372,0.0,0.0,0.0,0.0,0.0,0.0,0.0,0.0,0.0,0.0,0.0,0.0,0.0,0.0,0.0,0.0,0.0,0.0,0.0,0.0,0.0,0.0,0.0,0.0,0.0,0.0,0.0,0.0,0.0,0.0,0.0
46,0.0034327663347273915,0.0025871782095268914,0.004578492703052803,0.012241423832254952,0.0033726627773183722,0.002515505329035604,0.004544840031575419,0.011373058406842806,0.0034358007211617823,0.00299089992857069,0.004620512012959087,0.013291639024161913,0.0034343881813393767,0.002797769075435546,0.004540407788351442,0.012772315216588507,0.002539841381688066,0.002927781588521479,0.004702112930320638,0.013126202152906172,0.003317579758219627,0.0027387690800829193,0.004572068633705994,0.012358552559261549,0.0030402145837093485,0.0025414825596301177,0.004517312369517708,0.011253019929335998,0.003054437646699255,0.002564325609170289,0.004542078299306263,0.011604187422529198,0.0034294587297205815,0.002678331416249171,0.004547036749651983,0.012503630568059351,0.003211371374066274,0.003220069476761595,0.004965671534363469,0.013702948711190039,0.0034115418651878655,0.002889198143345688,0.004575995427886561,0.012974994291017845,0.003437288031153981,0.00283745243235494,0.0045662720150668,0.012849789675906647,0.003289823956134573,0.002683924741177086,0.004531969305538696,0.012040656320670457,0.003401941226159298,0.002654766578731276,0.00458089630586339,0.012198215798153037,0.003468540463283739,0.0030335959583330727,0.004623093498503078,0.013456531880796575,0.003400633089130465,0.0028184204554067135,0.004586241101531146,0.012781335771419681,0.0034294841560438983,0.002770598695722805,0.004562869418422517,0.01267314653622687,0.0034399242137945606,0.0027739255381598656,0.004565119214220358,0.0126173652609298,0.0033898400938463134,0.003115482258078263,0.004729339066774177,0.012815872858724235,0.003352701703754266,0.002605360562408097,0.00445227026669342,0.011349196967183886,0.0028347976797830866,0.0025163428440119918,0.0043501030791850415,0.009857364208932122,0.0034048796464933684,0.0025165953190136,0.004550168043848822,0.011528259634293988,0.0034240267617844985,0.0028233688133910847,0.004550732333435134,0.012705762718295358,0.003392459519488718,0.002550981485646467,0.00444202652070189,0.011315340382664844,0.003200231016540376,0.0026042220254668133,0.004430960738314546,0.011241328970978948,0.0022853381810530506,0.002538547392068995,0.0043660247895972336,0.010145988171441581,0.0034187202405007995,0.0026991106711398254,0.004556612365026988,0.01245995655200298,0.0025265697017224035,0.002567146459159623,0.004491437507099808,0.01162941017707405,0.0025179769879753325,0.00256199648866887,0.004497634174702409,0.011460784763138844,0.0033834662804175554,0.002525872189984271,0.004537041226150601,0.011552787538975526,0.002571028447803606,0.0027578650669379144,0.004591550511490711,0.012668561433583459,0.0012225717341119292,0.0012267506264657811,0.0012272115254185958,0.0012316222907146775,0.0012553469205155445,0.001231827466995829,0.0012244422542799997,0.001229858315908464,0.0012321289124995153,0.0012297981070663708,0.0012405071105944915,0.00122585737747685,0.0012349162405140856,0.0012246158097871064,0.0012308493118526561,0.0012275018727925802,0.0012243297895123207,0.001228366165473593,0.0012334394586685689,0.001224262991989124,0.0012216165499534298,0.0012193905582563508,0.0012323004350885418,0.0012237005312647588,0.0012262616090481415,0.0012417582598668294,0.0012232516575515534,0.0012493092683204742,0.0012517810867349196,0.0012243498538888709,0.0012614753361653284,0.0,0.0,0.0,0.0,0.0,0.0,0.0,0.0,0.0,0.0,0.0,0.0,0.0,0.0,0.0,0.0,0.0,0.0,0.0,0.0,0.0,0.0,0.0,0.0,0.0,0.0,0.0,0.0,0.0,0.0,0.0
47,0.003431393948476821,0.0025831432151792724,0.004578291081935805,0.012222556675083283,0.0033707930463748063,0.0025164822684438596,0.004544789216006499,0.011361604982622894,0.003434036589717351,0.002977944474005926,0.004611866633601556,0.013258538395527358,0.0034327426928359947,0.0027884247061871576,0.0045409155126215905,0.01274035717016769,0.0025455068898427415,0.0029213977097888627,0.004695208693516655,0.013097714283717895,0.003330232196035748,0.0027606114517269424,0.004576203421710747,0.01242918168867019,0.0030270672927748994,0.0025407476370303684,0.004513790940872577,0.01120723706337217,0.0030349730819380456,0.002556038460412714,0.00453693985797798,0.011516658844348972,0.0034272444005127257,0.0026664538262700876,0.004548510070663704,0.01245577744293715,0.0031879022967604104,0.0032239410066643224,0.004970414457655045,0.01371298909607751,0.003407412316286247,0.002864535413281952,0.004566095594474736,0.012900730156207008,0.0034304457109843424,0.002804093891618167,0.004563503302667594,0.012746506205463718,0.003255753296933319,0.002652031207443958,0.004472990440958139,0.01157837397861873,0.0033951944572610865,0.002624439487531217,0.004577340899680163,0.012063543993351139,0.00346466370835523,0.0030193081554248215,0.004614703931555297,0.013418290745806825,0.003394098469155472,0.0027894242182533975,0.004583611395450422,0.012688882935261027,0.003422222368519234,0.002731328158287371,0.00456609326265236,0.01254467730792971,0.00342939238641218,0.0027344409488683163,0.004564844631450588,0.012492103316075504,0.0033921246031551715,0.0031302196615315375,0.004752294973876279,0.012855345032920806,0.0033498078706940522,0.0025950553813708617,0.004451209038449027,0.011306841032268134,0.0028292415306026097,0.002516476624206598,0.004347851915087607,0.00984324331058694,0.003398776406178832,0.0025140432887975094,0.0045441828929319176,0.011447565836404706,0.003413013618657662,0.002784032208602319,0.004546111154801931,0.012574848497291277,0.003383062831509915,0.0025284918337097617,0.004444081411736212,0.011204450576671052,0.003173339163506651,0.00258682634526833,0.004428383426254852,0.011168766787795284,0.0022822149694422846,0.002539047073932265,0.004363277244623385,0.01012356662423134,0.003415190694771697,0.002674139725183397,0.004555944637753564,0.01235994394078257,0.0025353438177849264,0.00256989558191055,0.004492664100104618,0.011659022210955394,0.0025205037932298467,0.0025618519590103316,0.00449760179297363,0.011459794544161024,0.0033830569563936047,0.002525508138769498,0.004536798945970531,0.011549897374132128,0.0025763328101430834,0.002756095347619477,0.004588264562576031,0.012650816003777543,0.0012225215735310615,0.001226628243447644,0.001229185631371235,0.001231630924984622,0.0012579455098367266,0.0012318435391182067,0.0012244219333698199,0.0012298503384088962,0.0012321071819493138,0.0012318801454347587,0.0012404021300944537,0.001227857181145896,0.0012198091141265167,0.0012263825810253902,0.0012330153678021367,0.0012303344711404286,0.0012271188528263915,0.0012305026443724834,0.0012353526485663006,0.0012241262603136828,0.0012215552979934292,0.0012222289370134472,0.0012343951902430944,0.0012235296697435064,0.0012283012971194523,0.0012416055564008932,0.0012232200692193528,0.0012513169030283198,0.0012517540622523071,0.0012243439317713202,0.0012617331300481855,0.0,0.0,0.0,0.0,0.0,0.0,0.0,0.0,0.0,0.0,0.0,0.0,0.0,0.0,0.0,0.0,0.0,0.0,0.0,0.0,0.0,0.0,0.0,0.0,0.0,0.0,0.0,0.0,0.0,0.0,0.0
48,0.003432566490866636,0.0025887860021744573,0.0045767286804095,0.012250487238177057,0.003372871607307903,0.0025160640159076217,0.004546508431930541,0.011384925511825735,0.003431367619334708,0.0029583561512521875,0.004598453136945361,0.01321051187400307,0.0034306511330418747,0.0027754466358297903,0.004541331875339887,0.012697890147830095,0.002545081340608622,0.00291554268558451,0.004684381389961378,0.01302156349322538,0.0033234615518713657,0.0027461338172147234,0.0045644033097970264,0.01233080428900495,0.003012310641678936,0.002537162848142154,0.004501550262262483,0.011101416796832533,0.003027748721766275,0.002550372007996072,0.004527912045108993,0.011433253440054324,0.0034270912908616964,0.002668748912385721,0.004547785140171503,0.012464599062031026,0.003146452056610738,0.0031764634550300024,0.004914803984305875,0.013623475757321844,0.0034026589205983283,0.0028371534534430308,0.004561351245321677,0.012831220613004759,0.0034246125019336124,0.0027789152269226086,0.004563298408260593,0.012677235443156085,0.0032440257303938624,0.00263856061160976,0.004451807930041372,0.011417550970377027,0.0033850822122567783,0.0025855035321035347,0.004564154194562648,0.011831838431849704,0.003462677768244748,0.00301235915253164,0.004610868947514796,0.013401058503742408,0.0033922421921814107,0.002782669959813702,0.004584131134120554,0.012666078468442142,0.0034205202654797448,0.00272465417283317,0.0045644792848784825,0.012515507298626095,0.0034158992030856867,0.002693946013538185,0.004557669335995185,0.012315502796790116,0.003399088146024572,0.003156849499301163,0.004793851118457196,0.012923788523100846,0.0033448771207202402,0.0025702975104038837,0.004447910003037013,0.011204713516734575,0.0028287599835890285,0.0025159724635439554,0.004345931999820917,0.009835006297258352,0.003392813458548921,0.0025121668030349546,0.004537821501438026,0.011369763572458098,0.0034087087091621998,0.002767220954994306,0.0045461011753455864,0.012525675378561422,0.003377911686984404,0.002516435336361365,0.0044434770333219974,0.011139661048825876,0.003169651026211838,0.002580166019877747,0.004426969994595831,0.011139750469044363,0.002284917830052161,0.0025380701302026624,0.004360680199540424,0.010114364151417646,0.0034138730046560286,0.0026683560544388816,0.0045549709917282934,0.01233325195857009,0.0025385819856152568,0.0025705562689591075,0.004492865864708383,0.011668018045739326,0.002533702394095012,0.00256544845071562,0.004500386778071308,0.011516001790157882,0.003382884976951445,0.0025255252334017626,0.004536680856162139,0.011553289622088278,0.0025811868730739205,0.002755029959414998,0.004587580740930233,0.01264647149109456,0.0012227643389670082,0.0012268346001338118,0.0012306613127311167,0.0012319549908925156,0.0012616154900857944,0.001232263173466345,0.0012247726022052187,0.001230251005973288,0.0012324248731982294,0.0012333376495116122,0.0012405595756876796,0.0012292960443616142,0.0012262104607455027,0.0012277082047882264,0.0012347120069621572,0.0012338692762794356,0.0012307692061097435,0.0012319488873013182,0.0012367655140841094,0.0012243036932834404,0.0012217570641584467,0.0012258321786143896,0.0012357797070676729,0.0012236250006866134,0.001229838720701727,0.0012420374788924909,0.001223538610409428,0.0012527446699003423,0.001252062357118731,0.0012247541712879634,0.0012619016560744053,0.0,0.0,0.0,0.0,0.0,0.0,0.0,0.0,0.0,0.0,0.0,0.0,0.0,0.0,0.0,0.0,0.0,0.0,0.0,0.0,0.0,0.0,0.0,0.0,0.0,0.0,0.0,0.0,0.0,0.0,0.0
49,0.0009523117841599352,0.0008129095289757728,0.0012385164914005095,0.003457572126574598,0.0009239884339727133,0.0007319213724244808,0.0011533006862574967,0.0032462008050037363,0.0009594073046092722,0.0009364778342915029,0.0013917872823693733,0.0036046218222072664,0.0004348270152893287,0.0008684677862046512,0.0013059075859587117,0.003533048403117703,0.0005902721421521258,0.0008560310319763913,0.0013507100194761845,0.0035645600447668097,0.0006325997644656546,0.0008561118971256757,0.0012927815621252673,0.003494661491770476,0.0006767687935867382,0.0007154661987969088,0.0011498572538361654,0.0032073748162237976,0.0006387302768768332,0.0007205112196491657,0.0011565844044550415,0.00325197525525757,0.0009419691484867784,0.0008336772015613618,0.0012687389910733362,0.003507173173304956,0.0010478050016589661,0.001030132101982045,0.0016459093828316217,0.003765542551491225,0.0009689664368122426,0.0010222647953333597,0.0015947714457076833,0.0037113938758759468,0.0009945003517484873,0.0008567331131046413,0.001312298338171213,0.003538284493688565,0.000936565800339936,0.000874776231511128,0.0013143978672540255,0.0035351056364508575,0.0009556833250402345,0.0007815064316559235,0.0011975448621023425,0.0033939577992657365,0.0005050870413380689,0.0009983181243520241,0.001482891490104352,0.0036727996394514536,0.0010549726050899362,0.0008885301228675652,0.001341329326097969,0.003565733385395211,0.0009849746539377716,0.0008595542078424687,0.0013026628451926806,0.0035285499381149978,0.0009604779632251927,0.000798555228719624,0.0012220561016071027,0.0034304382324335213,0.0010717119484429528,0.0010239971880475875,0.0016144731215831818,0.0037323146686264468,0.0009547184375152775,0.00080020065686424,0.0012221724847891104,0.0034254959419112553,0.0005908670821884335,0.0006894447115794677,0.0011416957138733175,0.0030896838653912705,0.0009475430649416292,0.0007546575642575497,0.0011667603124629923,0.0033087391731741788,0.0009780069012250076,0.0009116314632789275,0.0013645334077575521,0.003563212957355827,0.0005800784343153524,0.0007955640663088342,0.0012170617754936573,0.0033858954842269228,0.0009455302192669748,0.0008117109755406851,0.0012356721502467523,0.0034233794496171866,0.0006125665516381795,0.0006618787300029394,0.0011381993803159826,0.0029845982112359855,0.0005943718664617967,0.0008283464478713026,0.001256606384614343,0.0034586583751649753,0.0006196948595883641,0.0007352813693447622,0.001167898172564207,0.0032950171201602914,0.0006377247217637664,0.0007255082050575666,0.0011622058913048692,0.003276459049842454,0.0007618540060237796,0.000764720654399421,0.001186244400326612,0.0033308987765093686,0.0005914233383454989,0.0008212045315243355,0.0012846235275765533,0.0035065088726565835,0.0003676116934901095,0.00036808123080356715,0.0003625326889569202,0.0003746459125845457,0.0003763384345218425,0.0003697824603944088,0.0003701481805309518,0.000378606215470502,0.0003663445629261418,0.00036203471188842496,0.0003703794069755922,0.0003609558361166045,0.00036555225961328264,0.00036492451624506545,0.0003655604030428418,0.0003658528526683968,0.00036312389256139787,0.0003615914458749639,0.00037488626961408296,0.00036555998361389167,0.0003712020653436611,0.00036131481644438926,0.0003656902798775159,0.0003674946054089147,0.00036359247155866856,0.0003771164695791524,0.000371749011993953,0.000375003218746322,0.0003804398459571507,0.0003709350848496022,0.0003695247354961394,0.0,0.0,0.0,0.0,0.0,0.0,0.0,0.0,0.0,0.0,0.0,0.0,0.0,0.0,0.0,0.0,0.0,0.0,0.0,0.0,0.0,0.0,0.0,0.0,0.0,0.0,0.0,0.0,0.0,0.0,0.0
50,0.000950965752155813,0.0008080743237627495,0.0012325277593878204,0.0034488236461489813,0.000922846009312068,0.0007278817056264521,0.0011504487999120367,0.003233797286944666,0.0009577532669943166,0.0009298646109867706,0.0013829496457156089,0.0035978156103650787,0.0004173177941776762,0.0008662084149184185,0.0013031190037848135,0.003530159107657943,0.0005907837539336751,0.0008560291175247622,0.0013505548454842468,0.003563951591839543,0.0006399239820347169,0.0008499380866966762,0.0012844229133881205,0.003483835095550095,0.0006685299357882983,0.0007121651675914775,0.0011480030185949232,0.0031963520303743696,0.0006395164669395999,0.0007170953221425036,0.00115397481633976,0.003240801099893711,0.0009415728242503798,0.0008279591336356895,0.0012604843712163433,0.003497976153502557,0.0010286692772862628,0.0010295697570230679,0.0016434558402811232,0.0037636464379252324,0.0009603069942508103,0.0010173434399188765,0.0015674309190280766,0.003698020960718412,0.0009827335674136325,0.0008479999442681786,0.0012981863713986369,0.003525010408131916,0.0009352965219484485,0.0008612305443834261,0.0012974984756409314,0.003517690646776179,0.0009546106830937738,0.0007755725984909927,0.001189971686049554,0.0033784717640792717,0.0007362637148606186,0.0009941946405871598,0.0014762157958967542,0.003667675911147367,0.001013766330758241,0.0008814273594374767,0.0013306279326864567,0.0035553245880018455,0.000981549987328066,0.0008511211026758722,0.001290434361900326,0.003514846842354567,0.000960305385785785,0.0007886505013084882,0.0012082378357192842,0.0034095958331526836,0.0010312768612313263,0.001023132938055489,0.0015889601932282643,0.0037262475783773415,0.000951583710105519,0.0007824155244186444,0.0011984475194476963,0.0033876833391331333,0.0005893885351935315,0.0006845142257196144,0.0011426847722579806,0.003067344506422883,0.0009450454016424063,0.0007455720083565695,0.0011579147333672455,0.003283398982033721,0.0009775278415575777,0.0008925069851967486,0.001342347665487029,0.0035462935015276474,0.0005850470735137203,0.0007874453389326891,0.0012087836413200727,0.00337028324498022,0.0009408467128961702,0.0008044425966667178,0.001227515517898124,0.0034098518950901077,0.0006118016188646901,0.0006615566901841024,0.0011378184072080432,0.002982790129266683,0.0005808173345079609,0.0008221343585302879,0.0012499878117241407,0.003449311649426552,0.0006216160220582916,0.0007332722524556088,0.00116601687172606,0.0032894104153792193,0.0006364496144371691,0.0007248958197434634,0.0011612125625230934,0.003273649765027333,0.0007572625781000653,0.0007642628303218555,0.0011857660276444397,0.003329214565202958,0.0005924873843930244,0.0008199723672899436,0.0012825107993075175,0.0035046942219773927,0.0003675583620375325,0.00036801546385859267,0.0003634876384978963,0.00037457680026503236,0.0003774311927744451,0.0003697707867977161,0.00037008585768931294,0.0003785567500775576,0.0003665438399202778,0.0003630988423630353,0.00037034309894432054,0.0003619670259997635,0.0003655741905902037,0.0003650357698937986,0.0003666158239578577,0.00036713216627947196,0.00036454974371959956,0.0003626097765848004,0.000374984248725845,0.0003655471346591947,0.00037112464374366804,0.00036249861676335724,0.00036648231581169516,0.00036755168471216645,0.0003647736879275976,0.00037705879740513714,0.00037171113026748397,0.0003758311861145515,0.0003804790534539296,0.0003708933031792168,0.00036946069113592513,0.0,0.0,0.0,0.0,0.0,0.0,0.0,0.0,0.0,0.0,0.0,0.0,0.0,0.0,0.0,0.0,0.0,0.0,0.0,0.0,0.0,0.0,0.0,0.0,0.0,0.0,0.0,0.0,0.0,0.0,0.0
51,0.0009491270004118065,0.0008003985021363003,0.0012231368327734185,0.0034340834125723193,0.0009216197822590419,0.0007234448871703857,0.0011474532826848958,0.0032197732166806417,0.0009550534866115037,0.0009242069862818503,0.001375373914050453,0.00359172856853941,0.00042298648767011987,0.000863221938745076,0.0012989884085729225,0.0035254253597240704,0.0005922869286971423,0.0008556437685251813,0.0013494743495235076,0.0035635348993094825,0.0006525685301354589,0.0008450415481175503,0.001278205697346141,0.0034763318962287987,0.0006653965719145592,0.0007112145112822004,0.0011475296470441986,0.0031931882572921633,0.0006402094559526236,0.0007137405678698043,0.0011517480889953135,0.0032293582467211885,0.0009405626577643342,0.0008193353154246094,0.0012485181784319382,0.003483535022867903,0.001003379624578836,0.0010284128517875756,0.0016375412204139485,0.0037588300873068626,0.0009554318318617909,0.00101210683972062,0.001548255000131862,0.003688496884870599,0.0009847850931220983,0.0008427560590324547,0.001288681310655968,0.0035161161871695747,0.0009340034657524809,0.0008486308756222407,0.001281485446716651,0.003500275302621619,0.0009527553345945271,0.0007681339568646153,0.0011810221223892599,0.003358550529229445,0.0008886590330137921,0.0009894574492557518,0.0014694901146860727,0.003662533693893638,0.0009831031035542706,0.0008697740201255211,0.0013138328381036833,0.0035388699745264947,0.000978650860685439,0.0008453346045672547,0.0012824387845249176,0.0035068649452066297,0.0009604033628648712,0.0007783632265352715,0.0011942894396605706,0.0033861530301022447,0.0010023174696721247,0.00102229037791677,0.0015622877657391395,0.003721664039042549,0.0009495527062377142,0.0007714421688022373,0.0011846218876309454,0.0033615817813722375,0.0005969112977926507,0.0006806863912166961,0.0011437234201593096,0.003048829667508768,0.0009432236235820074,0.0007374809037748143,0.0011510261015231125,0.003259404243339372,0.0009707982101379739,0.0008784309985708452,0.0013234701979066444,0.003529150708285204,0.000587377554016983,0.0007829157483584852,0.0012042034222818688,0.0033613222960928156,0.00093925029002952,0.0007999734951044966,0.0012224527989774985,0.0034016200242843117,0.0006107638579546027,0.0006604287811616785,0.001137901027748877,0.002973342153073923,0.0005681783263820667,0.000813882428789882,0.001241212976201077,0.0034358829523372285,0.0006224449970103215,0.0007324859367934814,0.001165309167088007,0.0032871806586553406,0.0006364782005889662,0.0007252038902276573,0.0011614812609291123,0.0032744328881835773,0.0007506755574573659,0.0007637245554265243,0.0011852514780560197,0.003327561275789914,0.0005931012203482024,0.0008192054359603086,0.0012812190041058898,0.003503508920302136,0.0003676491731762523,0.0003682759645805099,0.0003644097709156599,0.00037475647883316687,0.00037894682920768127,0.0003701305956722238,0.0003703769657053196,0.0003788518454373582,0.00036694271096686685,0.0003639618878622913,0.0003706556922026705,0.00036297594723723285,0.000365866511625432,0.00036526341794473937,0.00036768319571301307,0.0003684531619198414,0.00036589525021837226,0.0003637216833791411,0.0003751634838555099,0.0003658495115496323,0.0003712948866635206,0.00036378135649058703,0.0003675575437902457,0.00036786176233661596,0.0003658886848178998,0.0003772925422996523,0.0003719985511065414,0.0003768076226515908,0.00038075940065648834,0.0003711082871153716,0.0003697773838467406,0.0,0.0,0.0,0.0,0.0,0.0,0.0,0.0,0.0,0.0,0.0,0.0,0.0,0.0,0.0,0.0,0.0,0.0,0.0,0.0,0.0,0.0,0.0,0.0,0.0,0.0,0.0,0.0,0.0,0.0,0.0
52,0.0009479337154838803,0.0007948407165284347,0.001216374269862998,0.0034227261257408067,0.0009207407532399353,0.0007214520367106315,0.0011462315112818569,0.0032133798468448444,0.0009541957779384326,0.000919181061570173,0.0013691194665913856,0.0035866868501978643,0.00042555585800758896,0.0008620008188969825,0.0012973238176230055,0.003523614170540358,0.0005940315625673498,0.0008551689107995834,0.0013482183192347237,0.0035631979310171546,0.0006512298319907907,0.0008420851929895131,0.0012743985557663615,0.003471699613190321,0.0006574314102364754,0.0007080298334699866,0.0011457923042395967,0.003182089944351487,0.0006405355354837824,0.0007121430651852452,0.0011507856318600314,0.003223686967688076,0.0009398511726637758,0.0008151981782692327,0.0012425131914011484,0.0034718693300108973,0.0009669398961649445,0.001026538852622158,0.0016280007688162664,0.0037490472169660863,0.0009566715109613712,0.0010077863902589127,0.0015324522716283772,0.003681537165257209,0.0009872823670728518,0.0008371853528990833,0.0012794461416951958,0.003507449106166719,0.000933847583462483,0.0008318355341318296,0.0012607745657881874,0.0034760764550938656,0.0009515740912806626,0.0007652596437254279,0.0011779009936106434,0.003350464923758771,0.0009084741266195174,0.0009846131105178003,0.0014623867370219296,0.0036567275158439373,0.0009655351970834159,0.0008564566052375489,0.0012949840572920382,0.0035199902132232786,0.0009764594885161215,0.0008411582093576048,0.0012764275006667877,0.0035001291787843916,0.0009614536488584391,0.0007737574322390515,0.0011880008414592192,0.003374495186315725,0.0009845067911813607,0.0010211990668630888,0.001543641344077891,0.003716717214392591,0.0009478426241312196,0.0007611958499507314,0.0011723168308790872,0.003335735456275724,0.0006132018071763128,0.0006749843977601837,0.0011456446463454914,0.0030188138521331323,0.0009421820845142373,0.000732277761540405,0.0011471180826952338,0.0032432293905202856,0.0009629766130993789,0.000867356459320057,0.001308227828254231,0.00351428242617967,0.0005893246207739988,0.0007790695442904099,0.0012003043875193815,0.0033535317254758694,0.0009381014692823186,0.000795181298794904,0.0012168945620087293,0.0033927737031880833,0.0006114498185074783,0.0006609944308152754,0.0011374770461607241,0.0029789843668467895,0.00056499185035961,0.0008105113900815962,0.001237645774668468,0.0034299995277758508,0.0006225074380642009,0.0007334293595648735,0.0011662187726222146,0.00329001917987665,0.0006366204398769595,0.0007245530759142828,0.001160945845166407,0.0032723454593708997,0.0007473782925070688,0.0007633406803301762,0.0011848538530087726,0.0033263969914866034,0.0005940579466635831,0.0008190466169566337,0.0012808096128504168,0.003504777067244558,0.00036747287810034063,0.00036793081139296273,0.00036410838091721306,0.00037441391681075745,0.00037904364577523214,0.0003697934721743028,0.00037001605988944375,0.0003784914054384186,0.00036681737140673205,0.0003636740837785657,0.0003702514079012137,0.0003626630398350975,0.0003656372896992723,0.00036513317399229867,0.000367385080598261,0.00036848394794654755,0.0003659337095398787,0.0003635062148417836,0.0003750511801012043,0.0003655226709886245,0.0003709472631057732,0.0003638006359866435,0.0003670608637411909,0.00036757239684844954,0.00036559256803715603,0.00037705662584214906,0.00037166641016256265,0.0003765054534463289,0.00038042234386924243,0.0003709095291774341,0.0003693080388693503,0.0,0.0,0.0,0.0,0.0,0.0,0.0,0.0,0.0,0.0,0.0,0.0,0.0,0.0,0.0,0.0,0.0,0.0,0.0,0.0,0.0,0.0,0.0,0.0,0.0,0.0,0.0,0.0,0.0,0.0,0.0
53,0.000948477289087293,0.0007969761969348352,0.001219126081938565,0.0034285791272219658,0.0009209333193043933,0.0007211946343327312,0.0011459605017908156,0.003212588396579237,0.0009606442375100705,0.0009140058635636728,0.0013634956211967194,0.0035822250318486644,0.0004421829551237324,0.0008605948152408066,0.0012951307626182789,0.0035207988876124795,0.0005924576911354403,0.000854991334467645,0.001347938358295427,0.0035630976954105376,0.000650575228659132,0.0008435601044255921,0.0012762624690298898,0.0034742410148779447,0.0006603709485175239,0.0007092095227419274,0.0011465125554386902,0.0031862434057310144,0.0006403704265819464,0.0007121756870342058,0.0011508069086501387,0.003223651162815018,0.0009401517704433769,0.0008135316102086805,0.0012401940201088736,0.003469069119533706,0.0009523477693955116,0.001026111212235784,0.001624685618297375,0.0037470504591456595,0.0009633141362508732,0.0010089980077571874,0.0015382237002383933,0.0036838297363282826,0.0009942638388598067,0.0008354816396117183,0.0012785339558898348,0.0035072793285062776,0.0009350920346387941,0.0008301382728964754,0.0012587145007955612,0.0034736630565861738,0.0009518928080577517,0.0007652706384150361,0.0011778256189922624,0.003350897442221353,0.0009130230484797614,0.0009835525765515658,0.0014606837616258682,0.0036552760079034455,0.0009683039340608152,0.0008557373578093575,0.0012941746384673716,0.003519486525228443,0.000974575396313705,0.00083747795943528,0.0012712893138390568,0.003494851506154625,0.0009646102491174249,0.0007739925211148305,0.0011881253228785999,0.0033747728722018124,0.0009672236136656041,0.0010190266204437434,0.0015304413368241079,0.003709073206102925,0.0009467600560707564,0.0007554606895123424,0.0011659099367070712,0.0033211685060662807,0.0006137695928507065,0.0006748131072962611,0.0011457003516899304,0.003017617135218557,0.0009415797301455865,0.0007293948921030988,0.0011449692747166065,0.003234280829408978,0.000959972753787549,0.0008657643405630476,0.001305794587815904,0.003511496636133598,0.0005907582194274419,0.0007798025713719055,0.0012010091907370599,0.003355027399116366,0.0009385594336092976,0.0007970168248743299,0.001219070830829034,0.0033965905394420636,0.0006100987367720476,0.0006601919756750112,0.0011382051730727948,0.0029704784557636806,0.0005643492648409584,0.0008110979756214291,0.0012382540113995135,0.0034310635995890362,0.000621459776081437,0.0007330335733232282,0.0011658380081662472,0.003288809333476963,0.000636264925664456,0.0007254817270360492,0.0011617889539396928,0.00327529544450261,0.0007485621885449092,0.0007631366096993914,0.0011845803489215787,0.0033255566609586154,0.0005923488123884519,0.0008194338519695653,0.0012815081712825149,0.0035055083975230788,0.00036756649143232343,0.0003680609733642989,0.000364518265813093,0.00037452212326917743,0.00037997234747294377,0.00036986717083018313,0.0003701149036590195,0.0003785956576862118,0.00036676584276959366,0.0003639479712058783,0.00037013135393471937,0.0003630650032755503,0.00036553713152706906,0.0003654992384586671,0.00036806682123246214,0.00036929506771263634,0.0003667778886961298,0.0003639680819835998,0.00037541706221407,0.00036546994328809276,0.0003710652509263487,0.00036461608746641183,0.0003674806095896686,0.00036750262107515703,0.0003660066493136408,0.00037717445784053814,0.0003717653711640466,0.00037692258108319775,0.0003805403054370995,0.0003710171245825376,0.0003694389469461823,0.0,0.0,0.0,0.0,0.0,0.0,0.0,0.0,0.0,0.0,0.0,0.0,0.0,0.0,0.0,0.0,0.0,0.0,0.0,0.0,0.0,0.0,0.0,0.0,0.0,0.0,0.0,0.0,0.0,0.0,0.0
54,0.0009484877824568849,0.000796891841465984,0.0012190221348613022,0.0034285644023976784,0.0009207928048551226,0.000721052739585419,0.0011459101227223837,0.0032124378819351133,0.0009734694783751055,0.0009159292911470136,0.0013663753202350969,0.003584977449465069,0.0004534951945759212,0.0008617646071317065,0.0012965725398430775,0.003522622120788816,0.000593065541503658,0.0008554781428238732,0.0013489649659305166,0.003564333931992969,0.000652462614321446,0.0008438425821851612,0.0012766943718712708,0.0034750508325063242,0.0006678940572752829,0.0007124361066888991,0.0011484038039555544,0.003197686459772292,0.0006401277463444376,0.0007163797012121683,0.0011535379202859321,0.0032380516018101135,0.000939657599807892,0.0008107639997022021,0.0012363693928550271,0.0034640600929163896,0.0009477813850168296,0.0010261324834717814,0.0016246940499742002,0.0037473648104033703,0.0009701938344842981,0.0010135200473910993,0.0015562853386705709,0.0036920437121603597,0.0009963942533443351,0.0008394122460084919,0.0012868600678659868,0.0035157581087788036,0.0009351364656027376,0.0008279183933590185,0.0012559832720597927,0.003470397062714493,0.0009546570514473315,0.0007774939779935715,0.001192400372683984,0.0033830114355683436,0.0009226239122422183,0.0009849788927557021,0.00146332971449401,0.0036578349245526016,0.0009646535329565473,0.0008521269584262918,0.001289147018289201,0.003513956524276847,0.0009717276123797712,0.0008339606877508959,0.001265516797090457,0.003487062333393993,0.0009621023387974359,0.0007705604923313773,0.0011837388438603236,0.0033662146257385428,0.00097520670722166,0.0010181010579089532,0.0015281486074008935,0.0037081371969414096,0.0009463807188895663,0.0007533218486899873,0.0011636539747753238,0.0033159322832549713,0.0006184460292529705,0.0006729221043803101,0.001146495616100847,0.0030068901657893865,0.000940557019838232,0.0007255038569152155,0.0011424641310464857,0.0032217595490443176,0.0009581294349530075,0.0008635117997079335,0.0013026881461365293,0.003508327425253877,0.0005890648141178441,0.000787494202280245,0.0012087898019163786,0.0033704812602224484,0.0009411177867624677,0.0008053845403210016,0.0012286495267377889,0.0034126590519870516,0.00061033021871841,0.0006604780421242393,0.0011381436224072272,0.002972981298567495,0.0005681363033345563,0.0008144826367084889,0.001241886671818993,0.003437077126486647,0.0006210206913102479,0.0007346251838492595,0.0011673543485198935,0.0032934405314063117,0.0006363618284089212,0.0007258372732042369,0.0011621221363781902,0.0032763945642845464,0.0007458236435794589,0.0007632313130581918,0.0011847253366675417,0.0033258568944184693,0.0005932327558703184,0.0008191831869087045,0.00128103765518893,0.003505227939228348,0.00036762885585928015,0.000368295664314845,0.00036328370138571914,0.0003746303294760626,0.0003784906537956073,0.0003701807995773161,0.00037037873012628564,0.0003788518860063838,0.0003669468402882436,0.0003626968959037557,0.00037030375847640147,0.0003617486358941579,0.0003657543818891853,0.00036492445992900317,0.00036652540874846837,0.0003680239907205336,0.0003654754886242577,0.00036266851356408754,0.0003749788828429418,0.0003657575748176287,0.0003711648325708889,0.00036334364885701783,0.0003660015789273876,0.0003677090475465526,0.0003645408113002945,0.0003773176253499469,0.00037201422889570333,0.00037556493802063653,0.00038080349127472173,0.00037116271202145397,0.00036972931695994967,0.0,0.0,0.0,0.0,0.0,0.0,0.0,0.0,0.0,0.0,0.0,0.0,0.0,0.0,0.0,0.0,0.0,0.0,0.0,0.0,0.0,0.0,0.0,0.0,0.0,0.0,0.0,0.0,0.0,0.0,0.0
55,0.0009500233535115117,0.0008050107160105587,0.0012289262036988312,0.0034449072080374953,0.0009221344417303444,0.0007253051409412595,0.0011488246884869386,0.0032263909821786197,0.0010106858642306227,0.0009334283636513343,0.0013895179858863902,0.003604240513968852,0.00041582422397303047,0.0008641815546680816,0.0013005215269674898,0.0035279269287721475,0.0005917121616862728,0.0008586220053308155,0.001356045582607377,0.00356890319539729,0.0006683656476783761,0.0008490285821614669,0.0012836356146920724,0.00348410316435275,0.0006840498635201815,0.0007190803627104819,0.0011525591100856158,0.0032201631106264688,0.000635876150477698,0.0007320187530571003,0.0011666102328301345,0.0032873243107189834,0.0009403399232673503,0.0008212024275541549,0.0012508882750083255,0.003482188542409689,0.0009457169470046228,0.0010273836962754438,0.001632466936587452,0.003755073454539336,0.0009856268296529983,0.0010193310065956564,0.0015839651515110618,0.003704742515632598,0.0010460618462771938,0.0008578539371118666,0.0013171983573331612,0.0035437295937500663,0.0009361593080676563,0.000838846211351852,0.0012695700252573646,0.0034871005381738114,0.0009583867617514806,0.0007920069502967196,0.0012111487957118198,0.0034175460882120826,0.0009301236563680714,0.000989133508988981,0.0014705097447233896,0.0036643569749578763,0.0009790355731954484,0.0008580202036142351,0.0012978317302104006,0.0035244127158852914,0.0009714217453323222,0.0008373729267245362,0.0012696635504677884,0.003490486758145008,0.000972432655423949,0.0007810696421969143,0.0011974470432933155,0.0033924601130373056,0.0009835722592646885,0.0010169396621009707,0.0015278394429774542,0.0037074694903809153,0.0009479561912312056,0.000761643721014039,0.001172799137158839,0.003339701551671698,0.0006127957552369181,0.0006752004281013022,0.0011457237033230118,0.0030198489227783363,0.0009409016551801253,0.0007274947575547276,0.0011439124903463826,0.0032276987915296307,0.0009592432658054736,0.0008784662255817439,0.0013220307511594663,0.0035267725343549,0.0005754521567447259,0.0008096741327561952,0.0012314745294625855,0.0034112188554984595,0.0009461594788673506,0.0008285022106584728,0.0012549587972572292,0.0034551555486075415,0.0006105133915141591,0.0006609818193288009,0.0011384760136188131,0.0029762799061213673,0.0005808288441335481,0.0008214923294025886,0.001249395515852357,0.0034485370000113145,0.00062022961443132,0.0007381317229644685,0.0011707360861579704,0.0033034413367738153,0.0006364527687066484,0.0007261592641960431,0.0011624300331823246,0.003277408211391952,0.0007410116733041481,0.0007641805633861786,0.0011857189514694563,0.003328116234614136,0.000594414176680454,0.0008182078870781746,0.0012793794123152863,0.0035035613196403876,0.00036755234267992507,0.00036789419998569035,0.00036353598367842426,0.0003742703725583053,0.0003790411302696118,0.00036990800387025563,0.0003700607537462496,0.0003785347449510604,0.00036661842775374576,0.0003628597403659694,0.0003698626511864612,0.0003620753373419234,0.00036550547931904975,0.0003650086913607642,0.0003670428452945725,0.000368549056849187,0.0003660598299285195,0.00036301510769604203,0.00037514857609177526,0.0003655204479597312,0.000370808032223378,0.0003638488385640816,0.0003663339966486429,0.00036734209857093776,0.00036489508496039506,0.00037690113385126776,0.00037171182277667236,0.0003759192910888419,0.00038052678154571227,0.0003708287257011536,0.00036938098065211853,0.0,0.0,0.0,0.0,0.0,0.0,0.0,0.0,0.0,0.0,0.0,0.0,0.0,0.0,0.0,0.0,0.0,0.0,0.0,0.0,0.0,0.0,0.0,0.0,0.0,0.0,0.0,0.0,0.0,0.0,0.0
56,0.0009509248521126646,0.0008099574457490743,0.001235099508492525,0.0034549055210496503,0.000922025878446697,0.0007280265263506782,0.0011514582411905222,0.003235539781763399,0.0010637757690260213,0.000941809086498762,0.001402311676058162,0.0036143688032372967,0.00038459426425849756,0.0008705274151743808,0.0013098321812422254,0.0035389705677939254,0.0005916355683170233,0.0008602091566446714,0.001359300325431062,0.0035719608062083946,0.0006401949522584062,0.0008474359673696173,0.001281419750486248,0.0034824494198118974,0.0006888694971249232,0.000721735845567808,0.00115507367790301,0.003229548926783113,0.000635053536151157,0.0007338239727114611,0.0011684798806929544,0.003292829226623298,0.0009398871080497456,0.000823497337169215,0.0012539334328825794,0.0034850985276979776,0.000945628336107435,0.0010281448395466457,0.0016376554949734804,0.00375968252735234,0.001004003719095453,0.0010248439154109386,0.00161806392503174,0.0037250250045573544,0.001000950851147373,0.0008545772121106279,0.0013099756112675545,0.0035376122601639996,0.0009393491958942998,0.0008390269752801157,0.0012700877649352207,0.003488415527494513,0.000961997631649985,0.0007994395704893228,0.0012210678314033834,0.0034348164699795096,0.0009318456839807947,0.0009864557107000722,0.0014674941518897993,0.0036619472430336588,0.0009824180455613818,0.0008578075354033142,0.001297598816087985,0.003524920173788589,0.0009716528974951352,0.0008405604279981545,0.0012742269493451765,0.003496468575016553,0.0009923891219833416,0.0007934844981108506,0.0012138633498819194,0.003422184677387051,0.0009671256896793818,0.0010146250172310867,0.0015221849100576215,0.0037035447207024383,0.0009531232002104275,0.0007701143083472652,0.0011825581136190053,0.003365587536546461,0.0006139979723499519,0.0006751558405862573,0.0011463440772901026,0.003019243406162545,0.000940337667259294,0.0007254776662847011,0.0011427074954505634,0.0032210825262635624,0.0009592449629766114,0.0008826496920571984,0.0013273805112475345,0.0035316452049887186,0.0005542195695529536,0.000821258772729805,0.0012435013437715322,0.003430834212648842,0.0009447309431570658,0.0008378163851417563,0.0012655549470783434,0.0034727966773941948,0.0006099386116649076,0.0006607716985938395,0.0011374597585134313,0.0029765529143562387,0.0005990285666822933,0.0008273095686097796,0.0012556713822801104,0.0034571183848903157,0.0006206624348444428,0.0007385044540986327,0.0011710639385046602,0.0033039234477108236,0.0006373569538137788,0.0007287879470322866,0.0011647574882476732,0.0032854620679924756,0.000737498980769175,0.0007637041647227434,0.0011853225837635754,0.003327032455540996,0.0005946577130810812,0.0008170698811548917,0.001277585430626968,0.0034991410965370395,0.0003674193010801424,0.00036768068228022174,0.00036367406465869395,0.00037411884990515206,0.0003794166760159642,0.0003698137246988289,0.0003699416814675864,0.0003784101259952134,0.0003665103433565178,0.00036296707800623007,0.00036970907281769303,0.00036230587609241416,0.0003654895932305701,0.0003649869486239224,0.00036708541401571365,0.0003690554859969678,0.0003665322377335874,0.0003633204737823878,0.0003752734911518246,0.0003655288799758243,0.00037061695710128293,0.0003642816149165848,0.0003665265701052919,0.0003672168186874497,0.00036510733656562854,0.000376943463166178,0.00037171545417196046,0.00037615457948893835,0.00038054233862081166,0.00037068334820530277,0.0003694348154726337,0.0,0.0,0.0,0.0,0.0,0.0,0.0,0.0,0.0,0.0,0.0,0.0,0.0,0.0,0.0,0.0,0.0,0.0,0.0,0.0,0.0,0.0,0.0,0.0,0.0,0.0,0.0,0.0,0.0,0.0,0.0
57,0.0009488593066379026,0.0008036956400001814,0.0012271929982436156,0.0034392554957690382,0.0009209157856264842,0.0007249925564496624,0.0011490696667125363,0.0032233723266990207,0.0009557319146556375,0.0009378549967075549,0.0013936006518074874,0.0036071578680080523,0.0003905775646585449,0.0008648690047970543,0.0013021724611333337,0.003529424091160137,0.000590020660491195,0.000857937313521336,0.0013542365345454643,0.003563986844963889,0.00064851430402194,0.0008444175744266323,0.0012775496351369253,0.003476257123997564,0.0006719092925316168,0.0007192537326247475,0.0011526564705104311,0.0032234956360230184,0.0006382189983181571,0.0007282957561692575,0.0011632142283137807,0.003275315599209204,0.0009386160275886759,0.0008199503453517549,0.0012486404884256782,0.0034726196554664152,0.0009439545256185066,0.0010270256147455834,0.0016250165836531722,0.003743863320550787,0.0009945804706765265,0.001026893792662613,0.001627978775241332,0.0037331466885020584,0.0009739510103886517,0.0008511454375711039,0.0012986903301786838,0.0035243433452161834,0.0009400387601420651,0.0008413109327362244,0.0012728614860648114,0.003491105716929594,0.000958909776599167,0.0008054210740441367,0.0012288973883535564,0.003443602805319428,0.0009401369973888591,0.000981487292105016,0.001460794450933162,0.0036558442387549543,0.0009506768407792206,0.0008478259925305017,0.001281554959665634,0.0035091111843280507,0.0009636797467471835,0.0008374728451174589,0.0012691852405489104,0.003489958963474366,0.0010004405334196893,0.0008062893197062154,0.001233103517309698,0.003451305534666386,0.0009384416463915078,0.0010161576407742509,0.0015313863035538782,0.0037023360207050415,0.0009554264190348044,0.0007678217453924229,0.0011795984991769403,0.003362031733620527,0.0006166290655554599,0.0006741280653451871,0.0011481110754346456,0.0030120747640864777,0.0009398482494596296,0.0007242748289260068,0.0011424825428818968,0.0032167764373365578,0.000960471841690733,0.0008904318800543147,0.0013372956598111706,0.00354048265535367,0.0005306290965308089,0.0008326734233491306,0.0012555435458102243,0.003449753372945127,0.0009440492699066111,0.0008495066396202449,0.001278966605342696,0.0034911567300742225,0.0006107116829497239,0.0006613819575297015,0.0011368594508871892,0.002981817870142769,0.0006201566941875183,0.0008294853557769581,0.0012580688220821899,0.0034592941385219026,0.0006200916963142653,0.0007352557119369794,0.0011678709782771226,0.0032931513994111108,0.0006365497536606308,0.000727450766211784,0.0011635415008995958,0.0032805366680861937,0.0007245690296475822,0.0007635734999067777,0.0011854706261339894,0.003326220808643337,0.0005935055540742206,0.0008186412995255596,0.0012799554379872308,0.003501139556904208,0.00036756661630706,0.0003680490457240353,0.0003644096412910258,0.00037416321614970637,0.00038057086821880463,0.0003703594164494032,0.00037043048660575617,0.00037893765032487537,0.0003667032148400725,0.0003635331688230599,0.00036995025510677855,0.0003629317541292036,0.0003657762320587612,0.0003650584972296699,0.0003677255125417033,0.0003697435176265085,0.00036747087009336216,0.00036407805584366535,0.0003753299385276051,0.0003657822372039842,0.00037027534624034904,0.00036515502744610283,0.0003671702842998453,0.0003672041065626792,0.0003658733376946696,0.00037732975733523666,0.00037210358539117026,0.0003769185644364163,0.00038093986286055943,0.00037062918377517095,0.0003698482582796572,0.0,0.0,0.0,0.0,0.0,0.0,0.0,0.0,0.0,0.0,0.0,0.0,0.0,0.0,0.0,0.0,0.0,0.0,0.0,0.0,0.0,0.0,0.0,0.0,0.0,0.0,0.0,0.0,0.0,0.0,0.0
58,0.0009471383017736102,0.0007974853475544686,0.001219585656971491,0.0034240919640470178,0.0009186035140873311,0.0007230620474912228,0.001147476778988994,0.0032139126857846146,0.0009281217358173185,0.0009434988239699503,0.0013996982209955868,0.0036079149275323953,0.00040443431081466227,0.0008608664195935255,0.0012969096295745786,0.0035209741083061285,0.0005901558946984045,0.0008564596863591234,0.0013506378728328698,0.003549983582414491,0.0006602016372470569,0.0008474309062555469,0.0012814648817361266,0.0034799288971632237,0.0006717758680379233,0.0007206516104123911,0.0011537207642688817,0.003229306416996447,0.000644099865066693,0.0007266667266200939,0.0011613795171995344,0.0032696348268643036,0.0009373681881139984,0.0008223267743035429,0.0012516103348672151,0.0034727547767746496,0.0009433063482880084,0.0010259566421776257,0.0016142531167015447,0.0037277008827849402,0.0009833854851436438,0.0010269463175429092,0.0016271922375034574,0.003731077865318413,0.000979345092653485,0.0008488529550812153,0.0012923837699807565,0.0035094067364270926,0.0009431926133156802,0.0008554874286017723,0.0012911679130948733,0.003510772402079575,0.0009601122472871258,0.0008074773967857572,0.0012308039454966564,0.0034411992774788774,0.000690762982707135,0.0009719801533328825,0.0014530772127563085,0.003652966093244363,0.0009367347756127753,0.000853735752557651,0.0012835991045258414,0.003505351696047527,0.0009600789657958264,0.0008386986523170762,0.001270213145188559,0.0034876955059957833,0.000999164669958351,0.000811285989754465,0.0012409968794605294,0.003461840609917338,0.0004526640228661607,0.0010203136437152201,0.0015851150761456937,0.003710225794202833,0.0009773981495959565,0.000789496350734229,0.0012067523473757293,0.003417374382234822,0.0006045232011659032,0.0006774485295480809,0.0011461035471737504,0.0030318605050390526,0.0009413936169905666,0.0007308176485198313,0.001146685477017362,0.003236458397541525,0.0009533039811758388,0.0009067333526093265,0.0013551384002518634,0.0035534308197014736,0.0005191013907682356,0.0008344576618157903,0.001257459840817019,0.003452928399740605,0.000948447203823538,0.0008544193563509556,0.001285261369555979,0.003499965777643387,0.0006107114929433695,0.0006619042658880052,0.0011370696226567164,0.0029841277544794776,0.0006517370404599888,0.0008301851260061689,0.0012592002544291137,0.00346099950693022,0.0006191474679745986,0.0007386652457171607,0.0011710709075202145,0.0033018431730348,0.0006366750848961866,0.000726674995921507,0.0011630304547020354,0.0032767010886397634,0.0006782612730526354,0.0007612789913150151,0.0011831261402866274,0.003316630648703218,0.0005934508697363306,0.0008194958845102879,0.0012812273836899479,0.003500708380405033,0.0003675461187015401,0.00036781364472151504,0.0003629533921060236,0.0003738638640906017,0.00037875663432535787,0.00036999438806620174,0.00037013875105130096,0.0003782737819768442,0.0003661816312347762,0.00036208868924249255,0.0003694218414149687,0.00036145084228039336,0.00036550106417324756,0.0003645813358588928,0.00036596848597568655,0.0003682018141850196,0.0003658355430843856,0.000362542732875719,0.0003748491026419714,0.000365363219368755,0.0003700783369516671,0.0003636096987142949,0.0003653208641513192,0.0003668437041134936,0.00036413118680000473,0.00037693154511176784,0.00037189820287477385,0.0003751533555508763,0.00038055742607717106,0.00037038563536074073,0.0003695314159240619,0.0,0.0,0.0,0.0,0.0,0.0,0.0,0.0,0.0,0.0,0.0,0.0,0.0,0.0,0.0,0.0,0.0,0.0,0.0,0.0,0.0,0.0,0.0,0.0,0.0,0.0,0.0,0.0,0.0,0.0,0.0
59,0.000946075625236641,0.0008007709483333438,0.0012235070331655287,0.0034268032757863195,0.0009142656126032347,0.0007233822154499852,0.0011468835771489268,0.0032123131462058227,0.0009036588498236867,0.0009478751599058656,0.0014042237223374605,0.003609992143877568,0.0004272717147661086,0.0008574407208845255,0.0012923044906382926,0.003515404896084659,0.0005911205513132233,0.0008553693590167176,0.0013481989598496695,0.0035469975351923363,0.0007073544094866504,0.0008528036167943697,0.0012890127080304116,0.00348909399261684,0.0006667284594390707,0.0007227910331188169,0.0011553847153252539,0.0032368708953922397,0.0006448822077175295,0.0007268506486147711,0.0011614270110010614,0.003269681697901522,0.000937064488372536,0.0008304261920889622,0.00126244012101678,0.003485160459463717,0.0009431132612759456,0.0010265000060482197,0.0016202869879919917,0.003730418367428178,0.0009700010679676975,0.0010263680725268887,0.0016229658622373474,0.0037248407552819217,0.000983756773443992,0.0008460416370969621,0.0012860966829744205,0.0034964418931529165,0.0009452637345232874,0.0008697952695011632,0.0013103229347298155,0.0035298600551392405,0.0009629476823276875,0.0008142228244445897,0.0012393594826002217,0.0034511034073630973,0.0005272803339752189,0.0009724408397480235,0.001456070837617748,0.0036502601193900506,0.0009355342358530702,0.0008606685827023962,0.001294044307134975,0.003515571046536895,0.0009597800221575449,0.0008478947661140637,0.0012827408541108947,0.003500481978547533,0.0009814032080373602,0.0008158658496804496,0.0012476272940771735,0.0034693166341968713,0.0002930209447114566,0.0010211860723431277,0.0016014776041310868,0.0037188923065442276,0.0009890153877421893,0.0008003827825596316,0.0012229829151533032,0.003443112242699693,0.0005931331946718993,0.0006811597645950556,0.0011447257210308753,0.0030516975377298614,0.0009432947624458427,0.0007391302914112418,0.0011532499881890446,0.0032608771169482373,0.0009474856731084381,0.0009216609010933749,0.0013718063030977263,0.00356497934756735,0.0005169840200751881,0.0008394041730169534,0.0012624711173088929,0.00346020501676234,0.0009513132385680876,0.000860256580608743,0.0012930764937201494,0.0035086180762057767,0.0006121826156016196,0.0006631633325243245,0.0011359981218558787,0.0029935085018088525,0.0006752392685664421,0.0008325336910443644,0.0012622322579240782,0.003466861733872225,0.0006200850251217342,0.0007404388243344178,0.0011727301535114727,0.0033071821365151244,0.0006363924623456836,0.0007255298843242134,0.0011617253102432985,0.0032716859521946984,0.0006535868981295473,0.0007614501991508658,0.0011830872388536168,0.0033138613403492743,0.0005923211873549728,0.0008228330272675272,0.001286508081915981,0.0035063291596893658,0.0003674356101833942,0.0003673208392265105,0.00036326379792034217,0.00037377706148155823,0.0003795765994045725,0.00036998800112642623,0.00037015669015625063,0.0003781908549596112,0.000365975980939984,0.0003622504606981876,0.00036869982787834016,0.000361848387738461,0.0003654123171731236,0.0003647929874358836,0.00036628642324401786,0.0003689543187965311,0.0003666306454342942,0.0003629643682140341,0.00037506867198524045,0.00036534940166700863,0.00037012931755953175,0.00036431949084122313,0.0003658314333885079,0.0003667185997005865,0.00036472259161139534,0.0003769523699957236,0.00037162742636749244,0.00037577866704348306,0.00038064047927822877,0.00037039440527488713,0.00036941908408546413,0.0,0.0,0.0,0.0,0.0,0.0,0.0,0.0,0.0,0.0,0.0,0.0,0.0,0.0,0.0,0.0,0.0,0.0,0.0,0.0,0.0,0.0,0.0,0.0,0.0,0.0,0.0,0.0,0.0,0.0,0.0
60,0.0009473380957079981,0.0008086949988267424,0.0012327360086983648,0.0034387828515723817,0.0009094698730148527,0.0007294189308507493,0.0011509725064924258,0.003229764832618856,0.0009251541331462105,0.0009622884929122128,0.0014209781188164444,0.0036211725330925777,0.00045168567569598154,0.0008585456767251545,0.0012939818116230995,0.003515524216823084,0.000596861319489006,0.0008573380307078725,0.0013527978962729367,0.0035503675399287805,0.0007371582653505819,0.0008565240588187746,0.0012949898659031526,0.0034966238249375275,0.0006714461015263583,0.0007259108799949573,0.0011573410862720224,0.0032434882620049664,0.0006430997161734917,0.0007323630745502937,0.0011662090152311474,0.0032858539502012532,0.0009377092530495239,0.0008451013482788916,0.0012826790322170148,0.003506920943621082,0.0009450300052583097,0.0010274697663460427,0.0016318350673867454,0.003738617154906586,0.0009659790499766322,0.0010258456536446688,0.0016188424712838209,0.003721278288987761,0.0009895478449959759,0.0008619535169178945,0.0013081907142663718,0.0035171763902081127,0.0009452104318730607,0.0008890850021097192,0.0013345083415146168,0.003551778127713452,0.0009641235188261071,0.0008130221469688787,0.001237459593259116,0.0034466990942936854,0.00039521510732440737,0.0009783514784251722,0.0014664368611129893,0.003653810093776233,0.0009324446093780312,0.0008819047325123614,0.0013216657739741537,0.0035447663916889065,0.0009618099576537721,0.000861891751921488,0.0013012929298505422,0.003519586729037683,0.0009504071970806385,0.00082753044825581,0.0012631937568860136,0.0034867487347806855,0.0003437613269443578,0.0010227220519295845,0.001626728721751495,0.0037312794006038956,0.0009895791182480084,0.0008078517395167565,0.0012354506392169406,0.003459733628319626,0.0005880667994073787,0.0006854611721125875,0.0011434873149037805,0.0030725929170045377,0.0009465968464254159,0.0007518138469184915,0.0011645347212845471,0.003297196987505343,0.000946036431514526,0.0009428937860972915,0.0013987709033513776,0.0035817314196983736,0.0005431871643123933,0.0008373622660577318,0.0012601758990165943,0.003456884866377268,0.0009481625744135471,0.0008528604362404819,0.001283048758570693,0.0034972158744661025,0.0006131445825589103,0.00066324220154576,0.0011358176886963824,0.0029936171257855435,0.0006903301969071519,0.0008366180188642044,0.001266950609765154,0.0034741333796905077,0.0006202447856515378,0.000745100235896287,0.0011775287062941657,0.0033199959187278135,0.0006365417078947181,0.000726369678558839,0.0011624522792543898,0.003273401222602908,0.0006419026082575331,0.000760999320189908,0.0011826388946797352,0.0033122206841699523,0.0005927126381788848,0.0008227588868599403,0.0012865253808991817,0.003504097155263755,0.00036735386429784527,0.00036751405712368034,0.000363687368421173,0.0003738810363920523,0.000379996216220802,0.00037031264237263797,0.0003704806338546061,0.0003784330407255396,0.0003661181462843524,0.00036265279077988654,0.00036875050079601885,0.0003622532553226393,0.00036567388995953956,0.0003649924357836831,0.00036660369639546615,0.0003695221304499571,0.00036722450147414393,0.00036333601330480986,0.00037518093018419814,0.000365616947322824,0.0003704057932495608,0.0003648190476131405,0.00036633438056574803,0.0003667781493122233,0.00036518392302271993,0.0003770838650134026,0.00037180136701389264,0.0003763203166079932,0.0003809237391219943,0.0003705685172204511,0.0003699151107061479,0.0,0.0,0.0,0.0,0.0,0.0,0.0,0.0,0.0,0.0,0.0,0.0,0.0,0.0,0.0,0.0,0.0,0.0,0.0,0.0,0.0,0.0,0.0,0.0,0.0,0.0,0.0,0.0,0.0,0.0,0.0
61,0.0009498227898402344,0.0008240656867780187,0.0012514903568574792,0.003464929044189121,0.0009040310952408077,0.0007364175572466733,0.0011562864409827903,0.003249495795332671,0.0009302613823969817,0.0009636236196010652,0.0014232883794348,0.003620124588293511,0.0005253855910197453,0.0008647687848974689,0.0013031827499610472,0.003523887020890846,0.0005964187100965038,0.0008579905531195537,0.0013542489305189117,0.003550918267370423,0.0007481962416451737,0.0008584502155258275,0.0012987569626342742,0.00350204027875373,0.0006640893306340603,0.0007233452935178418,0.0011549516229410264,0.00323427321993077,0.0006434550364499199,0.0007316851523911142,0.0011656808843716038,0.003283712455391775,0.0009399486444557625,0.0008603908111472611,0.001305677004524016,0.0035290175551688273,0.0009451710954838468,0.0010278442324773277,0.0016354570443080395,0.0037399553934990473,0.0009883103700760174,0.0010291883496469614,0.001642176873662378,0.003745160332437224,0.000988123918143992,0.0008583780102583898,0.0013019518425121503,0.0035107569643152564,0.000945427516981109,0.0008953229262112464,0.001342296243859023,0.0035585777112161886,0.0009660082198251525,0.0008121348786310694,0.0012359209925632728,0.0034425779476233674,0.00026018120356523873,0.0009814054056116552,0.0014738189607730184,0.00365720255861764,0.0008297805430960732,0.000903403301565788,0.0013466554231953629,0.0035671920420253054,0.0009640112084914011,0.0008773180223299666,0.0013216828983778984,0.003539473067571037,0.0009411904148157406,0.0008369543490374579,0.0012767281938309582,0.0035016176567354332,0.00040112045429942494,0.001022911308818136,0.001630708349735125,0.003731118834461842,0.000988455395356111,0.0008108283158436572,0.0012402447448476145,0.003466006958046693,0.0005847085096714205,0.0006894678575620158,0.0011432784867314576,0.0030902588485878743,0.0009502917081234863,0.0007657642152275453,0.0011792214099592482,0.003335403236088621,0.000946803592280551,0.0009493925567685368,0.0014074924779044157,0.003586758335189816,0.0005596458048295865,0.0008351079116281466,0.0012576064398805839,0.0034527951483226205,0.000947389155957912,0.0008437125338660863,0.001272170887787042,0.0034838648547374186,0.0006112735418123056,0.0006622441349182468,0.0011361519888486295,0.0029850845760300035,0.0007143636940235852,0.0008453236738985358,0.00127855078079687,0.003490807964007564,0.0006203651706991067,0.0007417530415672076,0.0011739098637096295,0.003310571112685317,0.0006373216558769365,0.000725766115380326,0.0011616877854510215,0.0032708600911382116,0.0006378954268677104,0.0007617497656209304,0.0011830001659555538,0.0033129143349835063,0.0005952170897223299,0.0008205151092964332,0.0012828255152718957,0.0034992065801706584,0.0003673808181813441,0.00036737290707227523,0.00036405434318143384,0.0003738354318916953,0.00038064631684315935,0.0003698022761064698,0.00037028946782160165,0.00037826560090247873,0.0003657520086202644,0.00036310483939093333,0.0003684359913219387,0.00036260496782754325,0.00036540828412175814,0.0003653590459070191,0.0003670612726688106,0.0003699996988075632,0.0003677915782552134,0.00036372653049864244,0.00037549436864962307,0.00036523287688071735,0.0003703182866960889,0.0003654190403983526,0.00036671918210178607,0.0003662412304307567,0.0003655867018348352,0.0003770574212750881,0.00037159725500087067,0.00037678638500295404,0.0003807801061029418,0.0003705608451024121,0.00036979921022472,0.0,0.0,0.0,0.0,0.0,0.0,0.0,0.0,0.0,0.0,0.0,0.0,0.0,0.0,0.0,0.0,0.0,0.0,0.0,0.0,0.0,0.0,0.0,0.0,0.0,0.0,0.0,0.0,0.0,0.0,0.0
62,0.0009503686673830851,0.0008253267493879573,0.0012529722427340254,0.003466117608714751,0.0009032118194921994,0.0007372477794008599,0.0011571461381699563,0.003251963833180745,0.0009299769451463072,0.0009631655751281,0.001423104757434129,0.0036197668729686643,0.0005105806764243014,0.0008602800635080375,0.0012965336219332298,0.0035166304926405314,0.0005969395707641399,0.0008571677040140795,0.0013523946933213233,0.0035496766350117176,0.0007515132765024907,0.0008600609978092299,0.0013006688852953783,0.0035037533375171367,0.0006682206481367441,0.0007246119386039323,0.001156040270558146,0.0032379281967345164,0.000643645277493521,0.0007303011615368368,0.00116442595111254,0.0032794783600493386,0.0009404828297402904,0.0008650160981601671,0.0013126450797912989,0.003535229248202602,0.0009449538211729591,0.0010274168074988648,0.0016299886764137078,0.003736416130556104,0.0009887901072139916,0.0010299902535001887,0.0016452458748306103,0.003750708779139756,0.000992057653805492,0.0008655449197187502,0.0013118614640898634,0.0035204275406471803,0.000945057330802503,0.0008978252739808861,0.0013451734576086264,0.0035610088404478685,0.0009703959084693368,0.0008162433024108803,0.0012410370383826974,0.003448910778902173,0.0004326376547598696,0.0009839382442010914,0.0014795543722720534,0.0036594910192267248,0.0009310498644949917,0.0009095282759575581,0.0013542698565220856,0.0035741223799462063,0.0009648380513414025,0.0008851824462503351,0.0013314500521733,0.0035485180028677447,0.0009394398809945632,0.0008336807313635877,0.001271734987756066,0.0034962909600889038,0.00033812887912861717,0.0010224394552667342,0.001622302551765065,0.003729225520915414,0.0009821974661115083,0.0008091309057246727,0.001237207434122652,0.003461599879671195,0.0005827615298650964,0.0006921073979614753,0.001142935017670221,0.0031017485022743745,0.000951674143811341,0.0007719084538291331,0.0011864762076013598,0.0033503019328696717,0.0009471042832976504,0.000952667690429697,0.0014117498045750783,0.003589614996328603,0.00056599895048013,0.0008351222667231751,0.0012573394326352778,0.003451716911768239,0.0009457974900100052,0.0008462953934128142,0.001274986671768365,0.0034859718757555926,0.0006115933023092254,0.0006622662774475443,0.0011359107863506486,0.002985711232348083,0.0007201487078271431,0.0008472860966383885,0.0012813477020682704,0.003494641161929479,0.0006219223896345078,0.0007395095960742918,0.0011716794339801516,0.003304264970298671,0.0006376330386854976,0.000725482248432264,0.001161447957821055,0.003269885105008872,0.0006358057726266772,0.0007618225495863351,0.001183068031649838,0.0033130897856140764,0.0006012409662544161,0.0008191207611127312,0.0012805510079796426,0.0034966443525039064,0.00036731903054703377,0.0003672759720198342,0.000362979083860366,0.00037373738623604463,0.00037892613592082833,0.00037006849321525285,0.0003702364914687917,0.00037825618320532536,0.0003656946232305607,0.0003620529540658023,0.00036858519910817645,0.0003614891105649569,0.00036541583547277496,0.00036499447454898897,0.0003660649216331662,0.0003687086739843184,0.0003662773770242378,0.00036249791906897856,0.000375188799054142,0.000365206889010953,0.00037025441242210063,0.0003638942997612319,0.00036515255097695616,0.0003659981520842407,0.00036412938133182607,0.0003770136731312667,0.00037155327067121303,0.00037537391189720816,0.0003807384931712,0.000370543833405194,0.00036934594945645224,0.0,0.0,0.0,0.0,0.0,0.0,0.0,0.0,0.0,0.0,0.0,0.0,0.0,0.0,0.0,0.0,0.0,0.0,0.0,0.0,0.0,0.0,0.0,0.0,0.0,0.0,0.0,0.0,0.0,0.0,0.0
63,0.0009472914787398447,0.0008084931929123243,0.0012323892241547195,0.003437390164292963,0.0009088089950712048,0.0007303805568321177,0.0011515474522119807,0.0032320008706607523,0.000929352797291592,0.0009617985257276492,0.0014213445736595961,0.0036189959291586075,0.00048505386932046733,0.0008554064288098737,0.0012894405412978828,0.0035086584876720616,0.0005984276561477922,0.000854148676021204,0.0013458067675304827,0.003544100326041774,0.0007381616162386414,0.0008563505716037488,0.0012947888163629504,0.0034966345547393658,0.0006636352198687548,0.0007219898351898996,0.0011538301567000455,0.0032290792626621977,0.0006441518582607631,0.0007280404953466331,0.0011624645419222098,0.0032726992800597176,0.000940176557718591,0.0008497662141724047,0.0012901113736089754,0.003514537880219484,0.0009444655288351513,0.0010276337059111343,0.0016330576272414116,0.0037386523518668884,0.0009824665107351716,0.0010282450416526949,0.0016366252652196605,0.0037387797022428652,0.0009882915381284462,0.0008596448330790852,0.001304485633355079,0.0035135102966637305,0.0009441747383120288,0.0008893470609336436,0.0013345342492622997,0.0035519976584632938,0.000967820664331902,0.0008106121278870803,0.00123368968448967,0.003438143974279139,0.0007530104732203384,0.00098299447831883,0.0014750486133648009,0.0036579392264720727,0.0009339872185920312,0.0008928123522948114,0.0013352024584601628,0.0035583506121882233,0.0009632428856265282,0.0008718354273078,0.0013141871724108441,0.0035319096627801916,0.000944385346894486,0.0008200973267703254,0.0012528564729246655,0.0034744966695200515,0.00033827334938798463,0.001022413252050315,0.0016230541608616969,0.0037289809762715096,0.0009755012709000132,0.0008075666944392975,0.0012343319681949903,0.0034573461367690835,0.0005863087560105089,0.0006877671948286676,0.00114350261092802,0.0030829142702673788,0.0009497255648312232,0.0007644729564915424,0.0011779167434892213,0.0033312670702426482,0.0009466403682503728,0.0009415783210034548,0.001397292648738782,0.0035795942027049285,0.0005725788054996539,0.0008342372392872222,0.0012564321232753873,0.0034505732216207905,0.000943577116910255,0.0008397223705297347,0.0012675653673393918,0.0034777019284180175,0.0006114071912720898,0.0006620867217622443,0.0011360271476551697,0.0029840973850586896,0.0007126753097558441,0.0008444529537989765,0.0012772858992567142,0.0034888695825348506,0.0006230097908598381,0.0007381570393613382,0.001170364241465977,0.00330048451797849,0.0006379713403173864,0.0007257118135641574,0.001161673495471576,0.0032706455249036236,0.0006385554502232639,0.0007608560148329581,0.0011821254146698115,0.0033108475153084196,0.0006024215441586094,0.0008191743938619662,0.0012806436005577525,0.003496802124263501,0.0003674070037202775,0.0003675574788051097,0.000363593285304522,0.00037391507142395285,0.00037986486771550307,0.0003703294706677982,0.0003705052417865882,0.00037855380724895535,0.00036595314007288664,0.00036291353239043455,0.0003691683264798024,0.0003621892549392219,0.0003656564747110383,0.00036521965535283283,0.000366756410372404,0.00036949905785563556,0.0003670900239579073,0.0003632149009291214,0.0003754055724462175,0.00036553024383688263,0.0003704658191484744,0.00036468654332054407,0.00036609786236658907,0.0003663300284087431,0.00036494766152829494,0.0003771361292972953,0.00037181552429523326,0.00037624061737916896,0.0003810035205151065,0.00037076347962491625,0.0003696208337703066,0.0,0.0,0.0,0.0,0.0,0.0,0.0,0.0,0.0,0.0,0.0,0.0,0.0,0.0,0.0,0.0,0.0,0.0,0.0,0.0,0.0,0.0,0.0,0.0,0.0,0.0,0.0,0.0,0.0,0.0,0.0
64,0.0009464586363775387,0.0008048813331357572,0.0012281690921823018,0.003432230245002941,0.0009121508590855567,0.000727690274374681,0.0011497643570246713,0.003224309712551569,0.00092934592051951,0.0009680067015727153,0.001429102511355355,0.0036259146768502755,0.00048795319985157307,0.0008568429826823778,0.001291559394452674,0.0035120309588458753,0.0005981685436457612,0.0008545549974366968,0.0013467549426649712,0.003544660486069158,0.0007317572842004418,0.0008557802877330878,0.0012937323794883868,0.0034951934086339693,0.0006670051844976071,0.0007215852740671978,0.0011537262873057594,0.0032272229066890117,0.0006434846721524225,0.000727661940449219,0.0011622334092102257,0.00327181238996034,0.0009403337883534331,0.000843048581409909,0.0012808100964473062,0.003506310556003594,0.0009474511461854256,0.001028242604669391,0.0016374305099239117,0.0037421445750349188,0.0009826747493800999,0.0010274759869267599,0.0016309617803837643,0.0037341766608726726,0.0009894959724336093,0.0008621226689138791,0.001309715298263913,0.003520224325545584,0.0009440723418707591,0.0008829789412135144,0.0013267472644347654,0.0035454444767177204,0.0009650355962420712,0.0008098997534157043,0.0012330608440847609,0.003438623808137921,0.0009356777086755386,0.0009859704227976709,0.001477810825897411,0.0036623303607674377,0.0009415228916057313,0.0008859341149502565,0.001326252068832162,0.0035505059394246676,0.0009625964583595914,0.0008663808228447078,0.0013072721387074472,0.0035256765671607617,0.0009461160060786611,0.0008136385126415058,0.0012437710668778078,0.0034629459599895174,0.0002449928699962499,0.001021721549315575,0.0016139471917475455,0.003727219667445972,0.0009658484518053704,0.0008054678201302359,0.0012307564994600987,0.003451370803263733,0.000589258546799388,0.0006861390081170727,0.0011438725964754725,0.00307543384269459,0.0009486311963937071,0.0007597068172400967,0.0011726455948614445,0.003319146489330415,0.0009469211867801842,0.000938635536908146,0.0013938781454776801,0.0035776813806101906,0.0005669860954419207,0.000837000992295515,0.0012595782211128207,0.0034562736712105196,0.0009444807429116582,0.000840771588648796,0.0012689985251981993,0.0034792799397102806,0.0006109627013585095,0.0006609057187790788,0.0011360418707985292,0.00297482537395366,0.0007112964647330396,0.0008436429568420127,0.001276002084976922,0.0034867879128594927,0.0006224326785252623,0.0007397327804779858,0.0011719394250422567,0.003305073278628969,0.0006383943502582515,0.0007245147261051645,0.0011606395635654749,0.0032669512437272716,0.000641366899186178,0.0007603248946809347,0.0011817503814235757,0.003310036907037601,0.000602663440611107,0.0008195888083168473,0.0012813416427350567,0.003497491121103353,0.00036743305715787405,0.00036725479029303676,0.00036366450898414745,0.0003736758574726419,0.00037990810421869556,0.00036996875347196064,0.0003701179772872487,0.0003782408204456513,0.0003657254750170706,0.000363177244129222,0.0003694799303576714,0.0003623491814700666,0.00036544699947035577,0.0003651852636090023,0.00036698458441146626,0.0003695483394164444,0.00036714048728208557,0.0003633730288244833,0.0003754111750881992,0.00036526142931843705,0.0003701578208423577,0.000364700020976843,0.0003662271683671102,0.0003663985661969581,0.00036506901383567277,0.00037698101837534647,0.0003714981678684668,0.00037634017624134613,0.0003806549951498896,0.0003704094521196509,0.0003692280439160376,0.0,0.0,0.0,0.0,0.0,0.0,0.0,0.0,0.0,0.0,0.0,0.0,0.0,0.0,0.0,0.0,0.0,0.0,0.0,0.0,0.0,0.0,0.0,0.0,0.0,0.0,0.0,0.0,0.0,0.0,0.0
65,0.0009475378698840138,0.0008043398190808811,0.0012276612230953591,0.003432969719653103,0.0009170554301650296,0.0007287219708512472,0.001151010760403653,0.0032284021531450366,0.0009271193260297833,0.0009693384895453414,0.0014317127265982893,0.00362825431478783,0.00046140589269396976,0.0008601490590234746,0.001296289755532595,0.003517532652661537,0.0005907035586391258,0.0008554067720172617,0.0013487330132402704,0.003546583668219886,0.0007291203235299006,0.0008585322886467596,0.0012972438791691379,0.003498721752208215,0.0006750616373036398,0.000723276202206915,0.0011554657307489653,0.0032319456367260325,0.0006360475385731596,0.0007324680572312108,0.0011668535296480193,0.003286957471818854,0.0009416642986171633,0.0008412804065496912,0.0012788495662769035,0.003504855755813789,0.000964523483980672,0.0010287282016074265,0.0016403859701474386,0.003746714612361793,0.0009844314806454922,0.0010263403573898312,0.0016224234397786976,0.0037277007973041576,0.0009868480031279686,0.0008668843597968011,0.0013171870755611648,0.003530456622439745,0.0009456147302606386,0.0008835836315094433,0.0013279601745427511,0.0035461980503779973,0.0009639400666825483,0.0008148095250071182,0.0012399481315515685,0.0034506873390420002,0.0009635900211810838,0.0009944538662010048,0.001483761668991455,0.0036720453861727544,0.0009549562347405477,0.0008835416641835554,0.0013216801316724492,0.0035460268679433364,0.0009642124846516553,0.0008639228409095209,0.0013045946759304068,0.0035241395903157736,0.0009514799098635494,0.0008163052070865016,0.0012473522371347274,0.003467393707875974,0.0003494564586419809,0.001021975902712228,0.0016151707869911066,0.0037239245386876565,0.0009717533176660841,0.0008076390842465731,0.0012343062115738417,0.0034566640345893703,0.0005888738579321363,0.0006842087297053128,0.0011446954117190953,0.003065912200916395,0.0009484902060645065,0.0007587425286502226,0.0011715042487905438,0.00331762432886172,0.0009492083039131858,0.0009355673696875065,0.0013906451453551372,0.003576096302845069,0.0005659325040944166,0.0008453983807165138,0.0012682751812417743,0.003468798935987141,0.0009484741330067481,0.0008502705115054181,0.0012808883225372777,0.0034930961123352585,0.0006107431105198295,0.0006612822577294463,0.001135924614472513,0.002978301422730819,0.0007177689834044205,0.0008466556804307286,0.0012799322397278317,0.003491891107465087,0.0006202889008272321,0.0007420066572916447,0.001174217538696372,0.0033114993109869166,0.0006356410513255956,0.0007253446283826472,0.0011613874043311964,0.003269854394373531,0.0006517147048956842,0.0007630585921095029,0.0011846971695372221,0.0033177400799591313,0.000601796881240345,0.0008210058139389975,0.001283714490918446,0.003499992093694486,0.00036772922726943885,0.0003679417653821525,0.0003643375168701497,0.00037388704514292346,0.0003809774758842319,0.00037004495906375564,0.00037013403129631633,0.0003786691719116412,0.0003657546261340578,0.0003638402978444885,0.00036960825704361914,0.0003629564919356471,0.0003655542647526065,0.0003655507329505992,0.0003677723777035973,0.00037023318652634513,0.00036791006224229497,0.00036416281189108644,0.00037573586626244067,0.00036529385376154154,0.0003702043304989991,0.00036553271126168075,0.00036705799324812964,0.0003665753192233931,0.00036573903890352663,0.00037711238063266095,0.0003716305228880847,0.0003770370746767597,0.00038075263893702345,0.00037038674054017237,0.000369379823844204,0.0,0.0,0.0,0.0,0.0,0.0,0.0,0.0,0.0,0.0,0.0,0.0,0.0,0.0,0.0,0.0,0.0,0.0,0.0,0.0,0.0,0.0,0.0,0.0,0.0,0.0,0.0,0.0,0.0,0.0,0.0
66,0.0009498670785636618,0.0008113823395817448,0.001236246913830169,0.0034481939278445907,0.0009208336658272123,0.0007316993689062175,0.0011533421990487023,0.0032395485226997494,0.0005427077365446212,0.0009679416611445939,0.0014328183987810483,0.0036298871515063925,0.00040856981785139247,0.0008703327686991907,0.0013112320810432852,0.003534824348212687,0.0005859865782180925,0.0008593620094606878,0.0013576019667873205,0.0035545986398352334,0.0007060481853522848,0.0008624301975953146,0.0013025985849973365,0.003507698106235847,0.0006910353813122973,0.0007263410852958419,0.0011581600202990015,0.003240587112220012,0.0006316886171745955,0.0007404880020598725,0.0011747172300665273,0.0033117250125918518,0.0009429507215591901,0.0008450580412631715,0.0012863729902891684,0.0035149789863222693,0.0010180601970349059,0.0010308510835946264,0.0016511935669568196,0.0037632667449269933,0.001002010274157722,0.0010246559037305118,0.001616072306099107,0.0037230947877046616,0.0009745010618084701,0.0008689199432356555,0.0013249776885231885,0.003545924474303683,0.0009469519393929222,0.0008935360278657331,0.0013413250454181816,0.0035602477084327932,0.0009618308314870818,0.0008218213613725425,0.0012510958464161171,0.003472796727216497,0.0009510127618582627,0.000996823490756538,0.0014880122620429706,0.0036737103533028273,0.001005216158211101,0.0008840985258292027,0.0013295518394617842,0.0035586597051203805,0.0009725842404401058,0.0008656334494107945,0.0013082139721324636,0.0035311179910526326,0.0009853621765977135,0.0008286876399185675,0.0012690000896864826,0.0034958128510548738,0.0005165216213092306,0.0010229558897290238,0.0016246323424804411,0.0037291418402540617,0.0009829262899045904,0.0008117702008050565,0.0012414864920352868,0.00346727902679657,0.0005901332441639996,0.0006859361942227414,0.001144895031917468,0.003073682621215592,0.0009488275179006748,0.0007601412713758332,0.0011730677850448508,0.0033213686837702547,0.0009537451526839969,0.0009390956321997464,0.0013968311120765627,0.0035826627071515356,0.0005606670756706202,0.0008528823929566519,0.0012771443567866304,0.0034810278969429104,0.0009587668912887104,0.0008520936272263913,0.0012858440276899068,0.003497876484654182,0.0006111386252189802,0.000661404544054246,0.0011359806362665418,0.002979731380511266,0.000720077972381832,0.0008478647456866199,0.0012803727230945765,0.003489922873486737,0.0006166109070183219,0.0007474597193739263,0.0011802255418903193,0.0033270182634115558,0.0006360947726362121,0.0007258484115059807,0.0011619474330549762,0.00327255691725114,0.0006956007852073653,0.0007645815544482155,0.001186475370646974,0.003326504675304312,0.0006013395528612379,0.000820720793825473,0.0012832287322951485,0.003499467761115801,0.00036772398446897317,0.0003681730011748156,0.0003635025011010103,0.0003740558751263215,0.0003793002156019259,0.00037015249376015207,0.0003703638211842538,0.00037876636927867426,0.00036603642064664624,0.0003629498158886375,0.00037006937566853463,0.0003620080633424533,0.00036582117075563246,0.0003651222381426517,0.0003667914840827361,0.0003687871433382815,0.00036643969918805097,0.0003632238318626339,0.00037531078301100186,0.0003656486935263772,0.0003702187268170768,0.00036412036618734786,0.0003657094758152007,0.00036704445580937675,0.000364520154549458,0.00037722166003932025,0.0003722090691855206,0.000375794549614371,0.0003809644011914634,0.0003704947467247112,0.0003696989258601287,0.0,0.0,0.0,0.0,0.0,0.0,0.0,0.0,0.0,0.0,0.0,0.0,0.0,0.0,0.0,0.0,0.0,0.0,0.0,0.0,0.0,0.0,0.0,0.0,0.0,0.0,0.0,0.0,0.0,0.0,0.0
67,0.0009537190313230804,0.0008213357292483755,0.0012491004968526302,0.0034727548118525233,0.0009234296494804593,0.0007351521902592964,0.0011562241551239917,0.003255675883049662,0.0010316880740067153,0.0009729327104031522,0.0014449974026111809,0.003646462252999364,0.0003119206182124592,0.0008814983942747399,0.0013276376058371604,0.0035584808871707762,0.0005873556868277181,0.0008631973767191656,0.0013664569389888399,0.0035721235973309286,0.0006942991177404272,0.0008640731266761161,0.0013048171451389436,0.003509771465662146,0.0007045568973539192,0.0007284749557977793,0.001160137506097971,0.00324754627049634,0.0006305055298933756,0.0007420807093259143,0.0011760547026653887,0.003316481810807621,0.0009447581351154633,0.0008462615406679373,0.0012903754432520502,0.0035288450292343424,0.0010669111012030236,0.0010322217228594243,0.001656596649142297,0.003780519286827479,0.0010221088371964715,0.0010255595075816498,0.0016261716622205844,0.003735627574909857,0.0009892499447595026,0.000868595733188492,0.0013294350172933901,0.003559323960794458,0.0009486148525150725,0.0008918084227525188,0.0013404521873422285,0.0035663708074512154,0.000964575405740179,0.0008248709136469861,0.0012578371720822186,0.003487475086931844,0.0009347959138188112,0.001001331554552972,0.001493134555281414,0.0036808265663198507,0.0010866792327765395,0.0008928613682450426,0.001348722720152462,0.003575452738855148,0.000979648538951961,0.000860713689031211,0.0013029620473309154,0.003530734497922789,0.0010449217107096928,0.0008373111882071674,0.0012880251455846534,0.003516656477953548,0.0007264863162740706,0.0010225684700772488,0.0016152935085731494,0.00372131649985536,0.0010005149042699333,0.0008148586121516875,0.0012470649592369342,0.003474910110549449,0.0005955005341370008,0.0006872708840317979,0.0011439680885190482,0.003080033402597772,0.000949387471399686,0.0007623287237482727,0.001175476112769484,0.0033296722878911364,0.0009503724387037992,0.0009392358331892425,0.0013968795907981554,0.0035838967779249077,0.0005614676716212917,0.0008528177838803218,0.0012770425820405106,0.003480955874101425,0.0009604227403102903,0.000848208715295665,0.0012813820788318568,0.003492171150166244,0.0006114281508593152,0.0006627676926006848,0.0011364685300031825,0.002992295355793616,0.0007043929143088218,0.0008497862302804938,0.0012824534052875486,0.0034922594643964633,0.0006180561706185276,0.0007437554457846922,0.0011762573776501794,0.0033172395634867855,0.000636510075317169,0.0007256084121549521,0.0011619878204006783,0.0032740684721905286,0.0007545749060546704,0.0007662012907781056,0.0011887569374622456,0.0033404597258567367,0.0005998096666984309,0.0008201938826797592,0.0012824484294132652,0.003497935918144928,0.00036755804097669256,0.0003678537482621924,0.0003640615689074336,0.00037381314670857055,0.00037973808162328405,0.00036988051610978577,0.0003700488051048113,0.00037849912125853384,0.00036579340362141504,0.0003634078190945249,0.00036982393933650054,0.0003625134722585063,0.0003656185405850818,0.000365594228911851,0.0003674131756334384,0.0003692390312852107,0.00036685489773293065,0.00036368669600295427,0.00037582395838032254,0.00036548133288746485,0.00037042916331879233,0.00036447593060614565,0.0003662353214922453,0.0003668614374780015,0.0003650825118617702,0.0003770522232228703,0.00037174687486143324,0.00037624107458504065,0.00038058657262637907,0.00037018179681629624,0.0003693995938472298,0.0,0.0,0.0,0.0,0.0,0.0,0.0,0.0,0.0,0.0,0.0,0.0,0.0,0.0,0.0,0.0,0.0,0.0,0.0,0.0,0.0,0.0,0.0,0.0,0.0,0.0,0.0,0.0,0.0,0.0,0.0
68,0.0009522422191361086,0.0008160956815373019,0.0012424508152667128,0.003462820660259742,0.0009224979012952512,0.0007326251429924844,0.001153945252760292,0.003248308701224404,0.0011131991895499398,0.0009693766056346391,0.0014415566926867058,0.00364327841640679,0.00032172194337169485,0.0008800425675960935,0.0013244021524207246,0.003553996070261003,0.000588797625867577,0.0008634984380014139,0.0013673911856201932,0.0035725246555537954,0.0006802368702195954,0.0008611337267146547,0.0013005105671832246,0.003504895186134364,0.0006973813754250523,0.000724725950627285,0.001156903636429163,0.0032365468558944164,0.0006317886982477258,0.0007392893372833153,0.0011732675625313778,0.003308653858463475,0.0009445245111570976,0.0008402887304648978,0.0012810010039397272,0.003518867000580854,0.0010243616430977186,0.0010312220908460128,0.0016513583360533097,0.003773833278511047,0.0010231935158857952,0.0010263489291724478,0.0016317160457013445,0.003739532253946148,0.0010125415031760592,0.0008680898656040269,0.0013299211964065967,0.003559394946566554,0.0009483578851805967,0.0008871616527287819,0.0013346714408667517,0.00356148173891626,0.000964379648762374,0.0008203485680015228,0.0012507504342350502,0.003477212961181169,0.000918117236106149,0.000999775293095984,0.0014889554759016535,0.003677577161219862,0.0010481702584273784,0.0008865361193752788,0.0013387564254449009,0.0035646664832471807,0.0009769099032019102,0.0008488592319658388,0.0012861428807516458,0.0035110330674523295,0.0010433468515951383,0.0008356656465584465,0.0012853556774082113,0.0035129489178206707,0.000900050526057525,0.0010223747257978163,0.001613453584750984,0.003718834814434231,0.0009896668738937986,0.0008069354095643013,0.001234184725923449,0.0034575455162090753,0.0006000010109360026,0.0006821397654292718,0.0011443397268298872,0.003056363821921609,0.0009476465265730003,0.0007550162306211671,0.0011673069186719821,0.0033083918759443083,0.000948783032019981,0.0009293703744751141,0.0013835499260410919,0.0035744404037214303,0.0005603561691242127,0.000853302743144207,0.0012775312984632725,0.003481095196949087,0.0009529796013784976,0.0008434613574796158,0.0012737846841857309,0.0034826495997713003,0.00061601725674809,0.0006628020841033768,0.0011370164120308615,0.002992606115569985,0.0006933886714769978,0.0008490346463062945,0.0012810730500642702,0.003489441635672999,0.0006184196104759522,0.0007429169294349791,0.0011753453226758903,0.0033150549308174774,0.0006371289052452193,0.0007252295306475793,0.0011617144069411022,0.003274414648516457,0.0007736732837321485,0.0007651821692601068,0.0011874177036598995,0.003337611646497918,0.0005962366598665585,0.0008202558783544354,0.0012825800274501894,0.0034986174140586596,0.0003675274469288715,0.00036787765750371647,0.0003643238551075081,0.00037412446046568575,0.000380150974988119,0.00036977096952744867,0.0003700020128648275,0.00037843187097169427,0.0003659109944766317,0.0003638159341825942,0.0003699470138188289,0.0003628043640203357,0.00036560025999948217,0.0003659466992667602,0.00036788017826125516,0.00036966419499438003,0.00036728900829193363,0.00036407334408666803,0.0003761617100575826,0.0003655364742599917,0.0003708186554310042,0.0003649753906552355,0.0003666609479912675,0.00036705159066114165,0.0003654151895546886,0.00037679823863147983,0.0003717131660256204,0.00037656921067606724,0.0003805283554383775,0.00037048011658992567,0.00036974470281508605,0.0,0.0,0.0,0.0,0.0,0.0,0.0,0.0,0.0,0.0,0.0,0.0,0.0,0.0,0.0,0.0,0.0,0.0,0.0,0.0,0.0,0.0,0.0,0.0,0.0,0.0,0.0,0.0,0.0,0.0,0.0
69,0.000952031567895656,0.0008125938840246829,0.0012381184776205714,0.003457002778982537,0.0009222062626913585,0.000730864420636314,0.0011524869769258838,0.003243307628447597,0.0011800663294120005,0.0009642756721257508,0.0014353381711700963,0.0036380630534450157,0.00034171955902005587,0.0008782586690289933,0.0013212598392451755,0.0035505742757713865,0.0005880805199072199,0.0008614038495374212,0.0013628203371748309,0.003569867047914395,0.0006494087890725731,0.0008564332916654765,0.0012934070177266165,0.0034958095023334317,0.0007017964182126588,0.0007262348120297967,0.0011581815250550616,0.003241407721457131,0.0006334708755612304,0.000735288221798156,0.0011694922741149363,0.0032972762419766002,0.0009443147870274689,0.0008357176203042278,0.001273606961755323,0.0035117261378080945,0.0010122590330104639,0.001030979333497201,0.0016493456702768756,0.003772437889347481,0.0010160580081733644,0.0010260406150919999,0.0016308303269894895,0.003737788822204846,0.0010535892852889923,0.0008737293419253276,0.0013402409819727357,0.003568154095248391,0.0009496325744435453,0.0008886799408773425,0.0013368429850421813,0.0035632542323787196,0.0009637093619608611,0.0008077364428717329,0.0012327806888165005,0.003453631032379759,0.0006732492480534444,0.0010005899746309056,0.0014893070082764885,0.003677636522478606,0.001070147484371835,0.0008921600200461182,0.0013471347477334815,0.0035721644194240515,0.000980489079060693,0.0008580217966448597,0.0012988259700704775,0.003524601193448533,0.001035624174178387,0.0008305275148262669,0.0012768763373057102,0.0035043098975935036,0.0009242619020367923,0.0010222742384389213,0.001613059235124331,0.0037168398613660046,0.00098983978361457,0.0008125634735956179,0.0012433513529026934,0.0034689558426538674,0.000598659372798175,0.0006865619540879462,0.0011431022402403105,0.0030771914582296738,0.0009465759108886451,0.0007508597150877644,0.0011632386039846488,0.0032962204329056058,0.0009457883802852621,0.0009289525303099086,0.0013818523196339385,0.003573365057103671,0.0005732806619992146,0.0008530513269251364,0.0012770938449035278,0.0034802258120289475,0.0009483321049252884,0.0008474595835528922,0.0012772284781583521,0.003486858552692917,0.0006171594418977421,0.0006632036995488089,0.0011361407284623945,0.0029980132276247605,0.0006979923222319073,0.0008503114040968687,0.001282732608167688,0.0034916054880266938,0.000618558226441728,0.0007410971461220728,0.0011733952717345906,0.0033101587998584153,0.0006365465696149495,0.0007255053359369581,0.0011616450874102307,0.0032755924621196797,0.0007758538248068009,0.0007664125271764407,0.0011886471243779781,0.003340563056366477,0.0005915209581843911,0.0008210610698662757,0.0012839525661956684,0.003499879468781884,0.00036773570588005406,0.0003683271110310743,0.00036500025902517553,0.00037464217463580626,0.0003813236705543303,0.000370175735718745,0.0003704444599768763,0.00037887602157857497,0.00036619846102619496,0.0003644653870927011,0.00037042432002231074,0.0003635489958217342,0.0003658060531839669,0.00036651491820710147,0.00036869954892136,0.0003706794886083769,0.00036829747263405506,0.00036484876328538116,0.00037674769958024126,0.0003658583754873084,0.0003713450539629434,0.0003659746140964143,0.0003676014392019291,0.0003674603239491551,0.00036627280098963677,0.0003774086794605659,0.0003720630563996182,0.00037738255886148357,0.0003809773822104134,0.0003709051518063337,0.0003701086331932841,0.0,0.0,0.0,0.0,0.0,0.0,0.0,0.0,0.0,0.0,0.0,0.0,0.0,0.0,0.0,0.0,0.0,0.0,0.0,0.0,0.0,0.0,0.0,0.0,0.0,0.0,0.0,0.0,0.0,0.0,0.0
70,0.000952325138164701,0.000813227103622742,0.0012388935664045682,0.0034580692919702633,0.0009219623579559971,0.0007304948266656527,0.0011522396633886986,0.0032422793694140686,0.0012042756119205948,0.0009611825634821521,0.0014318464735825322,0.003634610436710509,0.0003503670255440018,0.0008775429489747794,0.0013200230976202758,0.0035490303924047128,0.0005888124714012995,0.0008614062749847749,0.00136286683302052,0.003569906826530283,0.0006715408227246855,0.0008596151339775788,0.0012981497405232653,0.0035011815281224307,0.0006992302264715899,0.0007253913384610218,0.0011573990979969237,0.0032390439517417753,0.0006349506698359749,0.0007317096868496619,0.001166175265512402,0.0032868180762494602,0.0009441117315426685,0.0008343878343531715,0.0012713430285550852,0.003509274694458611,0.0010330565893560241,0.0010306283411922533,0.0016484644456568136,0.003768664329963504,0.001005981239838339,0.0010253914313781165,0.0016272447487976687,0.0037345339314835504,0.001056322474827835,0.0008667763065649974,0.0013306319446936337,0.003560199620373498,0.0009502557681694818,0.0008926186728221578,0.0013417737773553343,0.003567276665383273,0.0009615361679349314,0.0008027163733651356,0.001225750178331703,0.0034431110947707247,0.0007661477544427624,0.0010004403865783577,0.0014894418402356044,0.0036775446803242757,0.001090642103517449,0.0008958787637922576,0.0013531228255384141,0.003577420555317336,0.000984696659889393,0.0008719166723532382,0.0013181419419942115,0.0035436935316049117,0.0010285741599545487,0.0008243526093993188,0.001265097555038135,0.0034919943511201677,0.0006661323194224533,0.001021907165204807,0.0016094831742092018,0.003716407846224076,0.000997586594968024,0.0008156431472372054,0.0012485106372856149,0.0034755832706579682,0.000598850098067437,0.0006879598939193436,0.001142700571955128,0.003083539310251615,0.000948217014903024,0.0007571615673988321,0.0011696875616271961,0.003313605381163697,0.000946667456467839,0.0009340112612418713,0.0013877934920226227,0.003578211055768194,0.0005748170801593468,0.0008440159058740421,0.001266619225304284,0.003465943902922656,0.0009446880064083865,0.0008413403735823442,0.0012694600921151575,0.003477556486469007,0.0006171374145604381,0.0006628878514256787,0.0011360926477825863,0.002995949074815688,0.0006816691939360562,0.0008479897070737032,0.0012795391939922304,0.0034878073015872438,0.000619590274935294,0.0007393696038352432,0.0011716720684728599,0.003305406524329919,0.0006368241323269522,0.0007244355142434102,0.001160711426074342,0.0032724657964068042,0.0007710788230900348,0.0007646594232999431,0.0011868816586154685,0.0033363610270683523,0.0005913326208235583,0.0008223265570619456,0.0012859860543267669,0.003503165233530448,0.0003675285314632035,0.00036796976689160035,0.0003636776147017013,0.0003744275202840564,0.00037936290191353274,0.0003698051447246125,0.00037009483604832395,0.0003785425735285563,0.00036606958823334984,0.00036307111163484706,0.0003701864037111931,0.00036208476864975044,0.0003655814308817009,0.0003660077005416959,0.00036690096605919816,0.0003688865936300762,0.00036643737950791414,0.0003630854548250121,0.000376280462128385,0.0003656062246164797,0.00037110213683747646,0.0003641645914884718,0.0003655172047619696,0.0003672970292284947,0.0003642729744871726,0.0003771133751866638,0.00037171461669795864,0.0003754322791791612,0.0003805665197494952,0.0003706925275577739,0.0003695314806721412,0.0,0.0,0.0,0.0,0.0,0.0,0.0,0.0,0.0,0.0,0.0,0.0,0.0,0.0,0.0,0.0,0.0,0.0,0.0,0.0,0.0,0.0,0.0,0.0,0.0,0.0,0.0,0.0,0.0,0.0,0.0
71,0.0009516832495226446,0.0008110547188075027,0.0012361646930100093,0.003453664136127992,0.0009217976159135451,0.0007293859238483051,0.0011515024068611177,0.0032384287483171376,0.0010671401069195447,0.0009548262721018341,0.001420456137343412,0.003626506505751684,0.00037429571237858794,0.0008737440387188608,0.0013142568642460473,0.0035424023639215136,0.0005911667061761109,0.000860010032429025,0.0013595927988594614,0.0035679536083681055,0.0007062237458569161,0.0008633899518783266,0.001303867953654267,0.003507320186933998,0.0006862098482428975,0.0007198787613440665,0.0011527103105396525,0.0032217731406389443,0.0006382767412153852,0.0007265288160244691,0.0011619982570058565,0.0032717111768245403,0.0009439466879293963,0.0008337423663708906,0.001270210635110796,0.003507958527821189,0.0010514953818042852,0.001030689370374138,0.00164896811912469,0.003767801529978895,0.0009817759868136068,0.0010241337990655713,0.001620451488154615,0.0037286959948918423,0.0010733857728549736,0.0008605045701152393,0.0013228231258387417,0.0035538236863530146,0.0009479603375702034,0.0008953250808015076,0.001344034066924087,0.0035682098661626058,0.0009596775360257397,0.000792080765688174,0.0012113426274761537,0.003419940436525799,0.0009363010122443642,0.00099658069862412,0.0014844016299095163,0.0036736946955897363,0.0010853700043189733,0.000894913426187735,0.0013513026266404736,0.003575464655990665,0.0009821737738558564,0.0008659355787561058,0.0013095174458725245,0.00353446617390153,0.001019363097656988,0.000814644331825246,0.0012466645299404726,0.003471358865120622,0.0004148582099410536,0.0010208135636516026,0.0015977419911075434,0.00371225640558084,0.0009998962370919634,0.0008153180631442132,0.0012481419062583426,0.00347475838657407,0.0005987736529663975,0.000689567388394358,0.0011423124484186043,0.003090640593680979,0.0009483630831004497,0.0007581372390643711,0.0011707194454895038,0.0033161416006833857,0.000954580810992344,0.0009259580266476847,0.0013781184836417276,0.00357126772512225,0.0005788934612979556,0.0008270264145213435,0.0012491303668276132,0.003440474498402527,0.0009424542955481358,0.0008266895848416938,0.0012519883292594703,0.003454776438745861,0.0006175031951109912,0.0006628118498356535,0.001135980455641367,0.0029956540236214914,0.0006523460817409966,0.0008415899744619524,0.0012712160058196155,0.003477126736796432,0.0006196778748842284,0.0007409862287861751,0.0011732578947873842,0.003310100471931485,0.0006366634991271566,0.0007243735599793426,0.001160751959484643,0.003272628113494249,0.0007670065409763564,0.0007646945772177545,0.0011865646206331904,0.003335495996532226,0.0005912732419955989,0.0008232506337368372,0.0012876261014009146,0.003504731715092467,0.0003674886688022143,0.0003679352908893358,0.0003644256237153021,0.0003744732762069892,0.0003809523574196823,0.0003697715430681427,0.0003700864825821674,0.00037845380614208793,0.0003662250088368284,0.00036397852649083345,0.00037022318630510755,0.00036289373912990884,0.00036567640762659096,0.00036619290494832916,0.00036769381671283407,0.000369849509162936,0.00036745167330654786,0.0003638774710618929,0.0003764562338662311,0.00036567161768589855,0.00037110696976599993,0.0003650764514597628,0.0003665640969563674,0.00036741728984904427,0.00036542674392109787,0.0003769771237999082,0.0003717067445767261,0.00037632950394164813,0.00038049856177188135,0.00037081656507435476,0.000369498521042255,0.0,0.0,0.0,0.0,0.0,0.0,0.0,0.0,0.0,0.0,0.0,0.0,0.0,0.0,0.0,0.0,0.0,0.0,0.0,0.0,0.0,0.0,0.0,0.0,0.0,0.0,0.0,0.0,0.0,0.0,0.0
72,0.0009520342610767991,0.000813085539233589,0.0012386593183676738,0.0034569170959713948,0.0009224029049962168,0.0007307790260275508,0.0011526489717110136,0.0032421399921578036,0.0009590856351838876,0.0009446868387423625,0.0014032513542278368,0.00361329497394123,0.0003980232617178092,0.000868727832142989,0.001306914206153392,0.0035341216579345804,0.0005911199576950073,0.0008579734216010657,0.0013551167203939298,0.0035634187034922285,0.0007111773016946007,0.0008609554886190298,0.0013004518346833725,0.003502996507628877,0.0006793355660401612,0.0007168699515340281,0.0011505323321888243,0.0032121459333778737,0.0006396341042439004,0.0007237856060222135,0.0011596513460884186,0.0032632915233202888,0.0009442092445086667,0.0008369665305610549,0.0012756328469695605,0.0035134815662591027,0.0010158533956244082,0.0010316353865137617,0.0016525220303656948,0.0037731742450346777,0.0009513933092080004,0.0010248406932356737,0.0016245350575532442,0.0037308682529372025,0.0011200140637688122,0.0008611061998534829,0.001326295450648344,0.0035577155371543366,0.0009415503992818814,0.0008943312646366283,0.0013395251414950234,0.003559579127120534,0.0009587072517870198,0.0007851828187019495,0.0012022728163852995,0.0034038094909689754,0.0009418205631584373,0.0009875940050396218,0.001475395921910668,0.0036663354102833673,0.0010798300796231633,0.0008952833200668707,0.0013500309145446584,0.0035750164193460786,0.0009833416844813236,0.0008677184344759148,0.0013119643686567988,0.003536379007343463,0.0010138741591928305,0.0008090378165691356,0.0012369063961086986,0.0034591417428793177,0.0003722526513419477,0.0010204024140408178,0.0015995909466043436,0.003713975924039779,0.000993841123188237,0.0008097198312583324,0.0012385926004749557,0.003462592921899401,0.0005988902191003849,0.0006910749439653861,0.0011419524795121616,0.0030971676706125126,0.0009481466995681447,0.0007573114702155504,0.001169874317819886,0.003314546986565676,0.0009596705120304367,0.0009163094446834567,0.0013677189042958784,0.003564960347230704,0.0005831959530629749,0.0008179092291277254,0.0012397383237459252,0.003425563017215826,0.0009443636178225036,0.0008248479979359646,0.001250399229950229,0.0034526554682055032,0.0006126767276108447,0.0006616298294021342,0.0011366625182388855,0.0029853137833221388,0.000639076008984739,0.0008385591711212278,0.0012676574023219199,0.003472635583090116,0.0006219465222376986,0.0007374785285406823,0.0011699382817486718,0.0033007314127870176,0.0006373116642900047,0.0007239728233657752,0.0011603734132409668,0.003271520695537616,0.0007659483513335155,0.0007653773243039247,0.0011872176374225208,0.003336786922916736,0.000592140075649352,0.000822776227747096,0.001287039254596531,0.0035040392756901287,0.00036755263459718843,0.00036814499639879956,0.0003664407449321035,0.0003747229618990707,0.0003841647940295646,0.00037000403527656114,0.00037036820793645315,0.0003787118806676853,0.00036659269114073156,0.0003660683044898426,0.0003705795636150362,0.00036500266304804557,0.0003659136591872027,0.00036568818751527287,0.00037046314750576164,0.0003720509894671202,0.00036970524582693114,0.0003660167751623279,0.00037619194974349,0.00036600449284565335,0.0003713627030115473,0.00036702637773989194,0.00036861065004768653,0.00036776650385852175,0.0003677086670834574,0.00037715644148504873,0.0003719483133129094,0.0003782540137717754,0.0003807049956784949,0.00037103272158495984,0.0003697707676427135,0.0,0.0,0.0,0.0,0.0,0.0,0.0,0.0,0.0,0.0,0.0,0.0,0.0,0.0,0.0,0.0,0.0,0.0,0.0,0.0,0.0,0.0,0.0,0.0,0.0,0.0,0.0,0.0,0.0,0.0,0.0
73,0.0015619349835617696,0.0013310849336891192,0.0020650069508218005,0.005636041377172601,0.001539771140839796,0.0012257879567084658,0.002043187621641219,0.0053271963819991235,0.0015744002595222228,0.0015082219292683022,0.002320744088552863,0.006036294444499318,0.0009697366986013445,0.001447611510413934,0.002209462288444314,0.005866745514132022,0.0010456258548201965,0.001476419453639161,0.0022909700242322454,0.0059837523858106145,0.0015399696341618836,0.001408200140877313,0.0021579075699099813,0.00576921576574228,0.0011522474213963962,0.0012043377442787122,0.002035007416305569,0.0052183928715178575,0.0015399853894231224,0.0012538999370775117,0.0020439198805920615,0.005392033077017012,0.0015755662221302584,0.0013547312304826372,0.0020412093964437797,0.005738329176068169,0.0016141806171058428,0.0016713043886096971,0.0026651184190261755,0.006343712226032325,0.001591343551441771,0.0016034621882919462,0.002496056392201421,0.006220162883080867,0.001611758103639938,0.0014188426577487808,0.0021345017504968483,0.005841722437295908,0.0015568975107105379,0.001434539015460822,0.002174034497820823,0.005872037569455019,0.0015650131989251345,0.0012999913580495383,0.002044038271151918,0.005549811012691475,0.0015783201527543073,0.001663148201271059,0.002599482448386053,0.006298153738760283,0.0015703714291683893,0.0014978221376752325,0.0022783772798080485,0.006013395708082308,0.0015776846842671804,0.0014095819816425592,0.0021305859414218566,0.00582423196948178,0.001580266048644479,0.0013328521808902282,0.002056856138457615,0.005629427618614775,0.0016122620155435996,0.0017124765023328263,0.0027889088535768334,0.006764509365007619,0.0015903027858382962,0.001329664062995646,0.00205411136733485,0.005758419349468248,0.0015120126928746852,0.0011765076695435044,0.0020706707049310794,0.005303132823099145,0.0015540512021372094,0.001273282092076534,0.0020388901526856877,0.005469928262043615,0.0015920525687579982,0.001489472379566775,0.0022607623611248994,0.0059799797117370814,0.001573448844071987,0.001293169947704333,0.0020265339882282606,0.005583424928829391,0.0015712319789585232,0.001377462987426192,0.002111977441367898,0.005810275454580145,0.0010924132077722258,0.0011497410831827204,0.0020056927723367222,0.00486114046511172,0.0011935409160983362,0.0013611338337323998,0.002115732934571754,0.005676759318570234,0.0011420364418011123,0.0012567480749904481,0.002049187646235515,0.005464197207916778,0.001152181519764499,0.0012375329350685841,0.0020432864020222532,0.005403550609476213,0.0015084298565209747,0.001270854975894257,0.0020462159576952895,0.005452044187863024,0.001062514348510882,0.001412152584828434,0.0021928511850455314,0.005853762149719586,0.0005707441250190137,0.0005725952023744643,0.0005718460201784641,0.0005825967578640143,0.0005932259760809521,0.000575028371888994,0.0005735287988064135,0.0005783567699465258,0.0005735754351205031,0.0005714516916602184,0.000581574081689128,0.000569875175498036,0.0005737059146637315,0.0005704808814094676,0.0005765930192803287,0.0005727384150957109,0.0005698886617311306,0.000571688014097119,0.0005836294157359201,0.0005782970224497686,0.000576624193273165,0.0005670461403792326,0.0005777894344782218,0.0005765775307237423,0.0005747463266905957,0.0005898359253792124,0.0005747066555345738,0.0005946800776040125,0.0005989913813216602,0.0005721287591711429,0.0005844273496700232,0.0,0.0,0.0,0.0,0.0,0.0,0.0,0.0,0.0,0.0,0.0,0.0,0.0,0.0,0.0,0.0,0.0,0.0,0.0,0.0,0.0,0.0,0.0,0.0,0.0,0.0,0.0,0.0,0.0,0.0,0.0
74,0.001560732765577176,0.0013217613763622765,0.002059079882901359,0.00561125823841311,0.0015381398957601442,0.0012199513655646633,0.0020436721557189706,0.005307377241590834,0.0015690533661168009,0.0015002080807105865,0.002305712997207088,0.006020264461803278,0.000951639388857963,0.0014444703895099603,0.0022049514113411527,0.0058595658234665456,0.0010473434979613799,0.0014748998419528874,0.002288116669886707,0.005979996525918036,0.001533004681449254,0.0013985228315597242,0.002148305630802701,0.005749928246321485,0.001160487820224137,0.0012002147638750685,0.0020347145950674866,0.005200914733155658,0.0015374279437762263,0.001248094976971364,0.00204374533624863,0.005374125500747742,0.0015743409594309921,0.0013483186267081886,0.002037638371647113,0.0057222010989332,0.0016250954273638028,0.0016674618131988532,0.00265597682397044,0.0063366058747742655,0.001582167997464441,0.001582485078650511,0.002455273812244524,0.006192737728674569,0.001602985037798527,0.0014097144330004897,0.0021242399480509346,0.005820298622408689,0.0015558753284571282,0.0014227395797853089,0.0021564078825564107,0.0058414635090619105,0.0015639130375717898,0.001292768001292546,0.0020411302407196607,0.005530725363162629,0.0015642018463505973,0.0016585282510724385,0.0025875319091136716,0.006285771124787284,0.0015689196700408707,0.0014909327796496842,0.0022655824074038896,0.005998369883599724,0.0015756948244139177,0.0014005984996162272,0.002121283363670792,0.005803064154199015,0.0015750551974581047,0.0013217852922749408,0.0020504602561071204,0.0056016761521842495,0.0015996405447877265,0.001695319732379525,0.002743659855114032,0.0065439798896938395,0.0015846686809367707,0.0013051797740281422,0.0020409474262195267,0.005698466735044889,0.0014893923111516164,0.001164373411417625,0.002049496428177126,0.005121577946406552,0.001552069975872807,0.0012612552560693727,0.0020394565919324105,0.005436041350456109,0.0015876520660135663,0.0014727911426511983,0.002230629327777156,0.005945109513099852,0.0015779620050200512,0.0012866995741612505,0.0020322180666684816,0.005634410797086492,0.0015699918124265078,0.0013683172461546856,0.0021037057384689683,0.0057901512789232485,0.001093498113056801,0.0011500012971807068,0.0020059600420018454,0.004867136672351738,0.0012048564142394334,0.001351328026197318,0.0021066931659623465,0.005655441192337639,0.001145368867952908,0.0012519899303185555,0.002046681961723742,0.005449156561170846,0.0011522587250207134,0.0012368216812452307,0.0020431419472429855,0.005401060325951749,0.0015076237435637093,0.001270605275659504,0.00204638002168525,0.005451327640383597,0.0010658670932707456,0.0014078443041039192,0.002187635352358641,0.005843882229562071,0.0005705507777855362,0.000572368276433552,0.0005723609326560051,0.0005825348861671559,0.0005936919189838617,0.0005745852002727652,0.0005732710186426205,0.0005781540616449558,0.0005735606936604387,0.0005719527673650973,0.0005814714087581434,0.0005704039219337877,0.0005736275396949302,0.000570806274751061,0.0005773163880718205,0.000573054864309198,0.0005702818927085589,0.0005723198362834825,0.0005839512530669797,0.0005782752731035929,0.0005748807516702352,0.0005673482771381709,0.0005780938959195675,0.0005764043127235438,0.0005751969108204738,0.0005895209077981544,0.0005744417130161535,0.0005950887412286164,0.0005987910883749801,0.000572062167870043,0.00058419800688385,0.0,0.0,0.0,0.0,0.0,0.0,0.0,0.0,0.0,0.0,0.0,0.0,0.0,0.0,0.0,0.0,0.0,0.0,0.0,0.0,0.0,0.0,0.0,0.0,0.0,0.0,0.0,0.0,0.0,0.0,0.0
75,0.0015588868973286157,0.001308616612773529,0.002051617440241927,0.005575582147223585,0.0015352396543855083,0.0012120243869755817,0.0020441080943767046,0.005279040509496144,0.0015655286814494802,0.0014942781064329644,0.0022947880702785836,0.006007396928348943,0.0009515101973515101,0.0014396394845350847,0.002197393895938707,0.005845410847284365,0.0010461896471403124,0.0014743211030965584,0.0022870341687662023,0.0059775767137245864,0.0015275964077036928,0.0013911555424814053,0.0021410227759398118,0.0057346294254354835,0.0011661513231072144,0.0011972246223485256,0.002034496356419602,0.00518791578360448,0.0015357929657899886,0.0012426765367221275,0.002043385570025528,0.005357311981132342,0.0015720683213928666,0.0013342386507271288,0.002030407864969232,0.005687153179995074,0.0016087046296310698,0.0016603555135319913,0.002633145602087358,0.006318579307768623,0.0015766588993099554,0.0015693806752722955,0.0024266989408348785,0.006171930898642803,0.0015968232576133122,0.0014015600782000916,0.0021157831189172497,0.005800477341259313,0.0015542343532231853,0.0014079847925419589,0.0021392213791703953,0.005809123700424929,0.0015626591624014407,0.0012824681004072868,0.002039102487971891,0.0055026946568234045,0.0015627103809573444,0.0016527400828371334,0.002575344042199183,0.006271826930132057,0.0015664984155196462,0.0014793270358596827,0.0022450016883213014,0.005972294326801218,0.001574309110395905,0.0013934460832880679,0.0021140782550292886,0.0057856179664969205,0.0015698243922633187,0.0013082046727812128,0.002043268890278842,0.005566726095583915,0.001591275485931795,0.0016854589828996479,0.0027147113670844564,0.006505344950815166,0.0015817342949311316,0.0012910278728787338,0.0020343960727884493,0.005660212371340641,0.0014777014394639822,0.0011612245422543345,0.0020490043674973794,0.0050988366659336665,0.0015497719838240382,0.0012499871496842265,0.0020404314204950404,0.005402621075246273,0.001582992098417172,0.0014609877286299205,0.002210425092386562,0.0059188238000670804,0.0015805791241718214,0.0012830777330067108,0.002030632699803173,0.005633708866430305,0.00156931435159781,0.0013631167192491819,0.002099094248451678,0.005778796014974001,0.0010916883641857663,0.0011495600330495668,0.002005560836600569,0.004855545422122818,0.00120998828684292,0.0013415375461778784,0.0020979854332920152,0.005633046519678672,0.0011437360114562535,0.0012521157559423168,0.0020469017061603414,0.005449255130672662,0.0011529637729310938,0.0012384958491329862,0.0020440969877169902,0.005406884652733778,0.001507421659049945,0.0012690321658048928,0.0020462841242516027,0.005447032198782604,0.001067654519660375,0.0014062837525965982,0.0021857323545424207,0.005839960536397431,0.0005708271310181048,0.0005729265463010614,0.0005740775717330223,0.0005828356411488561,0.0005958211772256045,0.0005751096812163949,0.0005737445085891413,0.000578733066786338,0.0005742342014751275,0.0005733758293778243,0.0005822475126370584,0.0005721958104758001,0.0005742646754264833,0.0005720999440146116,0.0005791769655326364,0.0005748849153427007,0.0005721697543222142,0.0005742660668040605,0.0005851627691175489,0.0005790655086233526,0.0005750436943223734,0.000569224848037983,0.0005800530317895292,0.0005772071892686863,0.0005771007423586297,0.0005896946929844644,0.0005748817366004583,0.0005971042994778425,0.0005993542103429818,0.0005727959903662654,0.0005849202856260248,0.0,0.0,0.0,0.0,0.0,0.0,0.0,0.0,0.0,0.0,0.0,0.0,0.0,0.0,0.0,0.0,0.0,0.0,0.0,0.0,0.0,0.0,0.0,0.0,0.0,0.0,0.0,0.0,0.0,0.0,0.0
76,0.0015577695301359682,0.0013018505444446092,0.002048430544558877,0.005556348756455361,0.0015339918939200835,0.0012087286258825399,0.0020445436416250025,0.005266681493446623,0.0015610949408560518,0.001487004836899062,0.0022812900354043934,0.005991709552405413,0.0009440859432982934,0.0014343688652701965,0.002191531043857829,0.005835772081248066,0.0010509736534490561,0.0014727855458694223,0.00228425055714911,0.0059749381697770864,0.0015237221562167172,0.001386484202058146,0.002136411021814464,0.005724835032369479,0.0011709375328650942,0.00119425710233908,0.0020345303618339384,0.005174727364645534,0.0015342691983432088,0.0012378357994930328,0.0020433954535890777,0.005342146293123318,0.001571184037322816,0.0013289877154218682,0.0020285169467290152,0.005673917310638295,0.0016024991585744945,0.0016524900851008775,0.0026121140909737503,0.006303696368532855,0.0015731647379231743,0.0015577580948156246,0.0024013379831918247,0.006152871874121169,0.0015918658144756072,0.0013939535484048817,0.002108698319990208,0.005782124191611221,0.001552044001126675,0.0013920402365902368,0.0021226247841571776,0.005775170080158637,0.0015617597643537626,0.00127738378310485,0.0020388461358072357,0.005488950529614423,0.0015586612783798552,0.0016465078233834302,0.0025629526312966767,0.006258372282442575,0.0015649876376068864,0.0014690988800163405,0.002228023037062671,0.005949671106736862,0.0015734121729713499,0.001388312820424697,0.0021092984335777908,0.0057735013872880925,0.0015683671987028222,0.0013006208155540951,0.002039546600737056,0.005547294423784713,0.0015878901002266245,0.0016777673268834417,0.002690093813609506,0.00648334108017946,0.0015794256249047883,0.0012774498021468383,0.002029673206885886,0.0056251930553842975,0.0014441595529023957,0.0011544964467150149,0.0020470604125274556,0.005041906964389558,0.0015480107920204742,0.0012418488404254782,0.002041461146995292,0.005378268051723508,0.001580387457095876,0.0014511697675373613,0.002193704703868771,0.00589742658064498,0.0015849276000017554,0.001274025295238772,0.002025821017373174,0.005617655493027668,0.0015687569537016811,0.0013583106681307922,0.002094933285502124,0.005769042850724758,0.0010906533122185533,0.0011494312647303375,0.002005509191533805,0.004849566585915817,0.0012104085467522503,0.0013363546730416418,0.002093622542100553,0.005621179998025929,0.0011469671430763676,0.0012528217445146872,0.0020474723929562685,0.005451626896807187,0.0011536146760223812,0.0012376770136016168,0.0020439659914901934,0.005404094706045118,0.0015077377592809292,0.0012686480293268973,0.0020465297016826044,0.005446118994805446,0.00106942781492144,0.0014047938662876676,0.002184061790886627,0.005837102905514844,0.0005706954443779231,0.0005723126302217454,0.0005739323355934697,0.000581901981526466,0.0005960045138785696,0.0005746287460196419,0.0005731334345369351,0.0005781171703453066,0.0005736357520917783,0.0005731442747691667,0.0005814461444044548,0.0005718991911741757,0.0005735767148988402,0.0005719616672160082,0.0005791804428230874,0.0005749380843209531,0.0005722310367429462,0.0005740606130636928,0.0005854319167586386,0.000578314108279426,0.0005742073349121773,0.0005692016664519854,0.0005794632120356371,0.0005764021820441993,0.0005767372632892568,0.0005896071964430924,0.0005743731774132134,0.0005966388924250873,0.0005986173919972434,0.0005719998904993789,0.0005840100342925508,0.0,0.0,0.0,0.0,0.0,0.0,0.0,0.0,0.0,0.0,0.0,0.0,0.0,0.0,0.0,0.0,0.0,0.0,0.0,0.0,0.0,0.0,0.0,0.0,0.0,0.0,0.0,0.0,0.0,0.0,0.0
77,0.001558045496371493,0.0013037864455988158,0.002049040643774443,0.00556072050603571,0.0015344680402643728,0.0012092058245719733,0.0020438316890172394,0.005268284848708228,0.0015586759832259538,0.0014829819815994712,0.00227379997094751,0.005981703637915914,0.0009502626789373869,0.001434440058529259,0.0021913466816184265,0.005834891212554783,0.0010483441872542777,0.0014721674641351905,0.0022830247064399385,0.0059724920472230235,0.0015269939157630122,0.0013880930143143093,0.002137847693098127,0.005727726443590719,0.0011687550369946299,0.0011957896063009433,0.002034470966758394,0.00518187783118247,0.0015325211077189787,0.0012385301083640491,0.002043221191061731,0.005343699582495518,0.0015715752680948666,0.0013263364282198574,0.002026396336111701,0.00566765870704409,0.0016081605965663696,0.0016545205591193073,0.002617924344033306,0.0063069602662001985,0.0015749948053291763,0.0015619382859794865,0.0024104502338699726,0.006158376658301531,0.001592341271818469,0.0013945152720892828,0.0021091468721490467,0.005782557334914908,0.0015522774006413431,0.00138898373598921,0.002119051586482801,0.005768079672617573,0.0015623640361434531,0.0012786099652742438,0.0020384751791894537,0.005491894942808697,0.001566103035949304,0.001645241782935472,0.0025613886973364234,0.006255524695656419,0.0015649734903384906,0.0014687826564763985,0.002227500756802438,0.005948472816546446,0.0015737522074007716,0.0013838776036370444,0.0021044961040488073,0.005762278904305605,0.0015691906017713632,0.0013009866907230563,0.0020392149295128436,0.005547917495411366,0.0015869912428456885,0.0016684290946233267,0.002654623997715579,0.006456310259531832,0.0015783145972803178,0.0012691832739532547,0.0020268864020701457,0.005602328119215975,0.0014449361499721423,0.0011540173905170389,0.0020464800105430316,0.005039523456950869,0.0015473803678649454,0.001238526722829342,0.0020412420464680425,0.005367797869033138,0.0015806293590921107,0.0014485577987846145,0.002189144604862511,0.00589206533933388,0.0015907958025869803,0.001275320017755898,0.0020243574573095154,0.005625569764042383,0.0015686690282169546,0.0013574305477568123,0.0020940625896366033,0.00576733984093401,0.0010909891193584026,0.0011495344549334971,0.0020055310165341,0.004854972191261884,0.001216066676189208,0.0013373761067392808,0.0020943000783987353,0.005623126430347642,0.0011449828165594237,0.0012515307549397822,0.002046526719813849,0.005447270600427767,0.0011520495030391126,0.0012366270108578026,0.0020433168076148525,0.005400188608656683,0.0015092155359646175,0.0012684092230744557,0.0020460735308547393,0.0054451270596591736,0.0010657600231266037,0.0014055141943256839,0.002184724114498553,0.005837660291378165,0.0005710020818770157,0.0005726832584334688,0.0005750067680179894,0.0005820772988900281,0.0005973927220797543,0.0005748410614944914,0.0005733573223147482,0.0005783558413069386,0.0005738089141973967,0.0005741537354645801,0.0005817213889985253,0.000573090358063306,0.0005737165590765607,0.0005728511330955254,0.0005803261992467038,0.000576179111513802,0.0005735403822233422,0.0005752259199404519,0.0005863285277441234,0.0005785390240426192,0.0005744880868176274,0.0005703869358590959,0.0005808317330398147,0.0005768003179093046,0.0005778475281278217,0.0005895782209165605,0.0005745562233713383,0.0005978686415476287,0.0005987950668414542,0.0005722211566860919,0.0005843101594081284,0.0,0.0,0.0,0.0,0.0,0.0,0.0,0.0,0.0,0.0,0.0,0.0,0.0,0.0,0.0,0.0,0.0,0.0,0.0,0.0,0.0,0.0,0.0,0.0,0.0,0.0,0.0,0.0,0.0,0.0,0.0
78,0.0015579344884448264,0.0013035376980158261,0.0020491900156826993,0.005559957952274281,0.0015342659920184805,0.001209360847912659,0.0020441173991294958,0.005268575805637853,0.0015595805238542678,0.0014841888934476152,0.0022762154044018972,0.00598477906161655,0.0009519756944662623,0.001433236275455907,0.002190065418574202,0.0058331238316454625,0.0010495543410466073,0.0014743718192552727,0.0022871223624194885,0.0059776685878953125,0.0015274192957564611,0.0013897744261451186,0.00213974782486745,0.005732026707579455,0.001159101756069357,0.0012010708244766352,0.00203592247131923,0.005205181094481573,0.0015336297900237824,0.0012475554334204766,0.0020449866472746097,0.00537206816796004,0.0015715964123025957,0.0013248968523441903,0.002025791913957073,0.00566448602076244,0.0016193607151509617,0.001654829351277987,0.0026174302715547427,0.0063058933893029735,0.0015722207804102016,0.0015685393466491635,0.002423264474593251,0.006167246799655671,0.0015944158196331156,0.0013998922051021265,0.0021151531441319462,0.005795387588445229,0.0015520220150566223,0.001387366117477942,0.0021174507755744878,0.005764479306733857,0.0015644647226837885,0.0012931651931121831,0.0020412725896459508,0.005531599450069705,0.0015710580712113115,0.0016473594606385125,0.0025659493618863964,0.006261245849491143,0.0015646322327868153,0.0014661159385347328,0.0022232260097975174,0.005942500648689523,0.0015727340168363141,0.0013791194369448933,0.0021002320460108527,0.00575064347029788,0.0015686277402060993,0.0012977106103836086,0.0020378608312555885,0.005539802487045146,0.001589206208358171,0.0016643669178373352,0.002641790364250389,0.00644840790601116,0.00157796216240117,0.0012663696127471345,0.0020261713892622754,0.00559452679898484,0.0014401055737449484,0.0011534183836559638,0.002046235283528894,0.005030594833864423,0.0015460038717335103,0.001233114494797825,0.0020416914029065115,0.00535061907194053,0.0015799219785711067,0.0014470730764485785,0.002187206897921708,0.005887510451406376,0.001592097574360104,0.0012799720812191875,0.0020258246552900126,0.0056390235993603105,0.0015707724578789429,0.0013681380550260652,0.002102566677526579,0.005793886020031095,0.0010881010526121084,0.0011490870284755514,0.0020050476779160417,0.0048414842314816655,0.0012145019466452333,0.0013413208446128983,0.0020978775880166212,0.0056328304251712005,0.0011448259205998526,0.0012553729180973347,0.0020486779569748722,0.005459626253536383,0.0011523230439639694,0.0012394680211972359,0.002044636164122391,0.005410035275544622,0.0015091946254050046,0.001270724751820809,0.0020465867995493915,0.005451696138636372,0.001067143855836894,0.001405635985816938,0.002184917512519387,0.0058382004083676,0.000571348183452773,0.0005732938243080708,0.0005735556629834893,0.0005829514767197645,0.0005955214284688294,0.0005753766408950477,0.0005737390285139772,0.0005787328471680117,0.0005744888786524746,0.0005731394472779212,0.0005825346647390147,0.0005716755649234493,0.0005743412720982311,0.000571960398072109,0.000578628458873756,0.0005744261436086239,0.0005717515824055234,0.000573589923857786,0.0005852542981725286,0.0005792194065669604,0.0005752546168738261,0.0005688158494183799,0.0005793058353283768,0.0005776042642433109,0.00057639208072981,0.0005897714617784766,0.0005751009725162911,0.0005962606032564354,0.0005994046138875549,0.0005729223627920836,0.0005849855215074372,0.0,0.0,0.0,0.0,0.0,0.0,0.0,0.0,0.0,0.0,0.0,0.0,0.0,0.0,0.0,0.0,0.0,0.0,0.0,0.0,0.0,0.0,0.0,0.0,0.0,0.0,0.0,0.0,0.0,0.0,0.0
79,0.0015595972471518212,0.0013179896758691457,0.002058411360669799,0.005598417914405145,0.0015366328033076552,0.0012173427230230066,0.002045956926670975,0.0052970123131200475,0.0015708606094485046,0.0015037029867018457,0.002312484813785349,0.006028621105740867,0.0009532984482641423,0.0014422893146006075,0.0022014878047858146,0.005852687551084154,0.0010438166339505669,0.0014813352336237341,0.0022999749628856087,0.00599455305773423,0.001529052867033273,0.0013976590949630855,0.002148653058675938,0.00575184885460121,0.0011357849398727197,0.0012131630374652557,0.0020398679098990145,0.005255148572036119,0.0015415046111592827,0.0012815581282116263,0.0020530545557185557,0.005471519467577276,0.0015736275354992788,0.0013390654226138068,0.0020329479964492775,0.005700435315144783,0.0016142474702999987,0.0016671539924399572,0.0026519230426176425,0.006333375335567429,0.0015710273477933397,0.0015891666629420601,0.0024641327726644046,0.006196473988230179,0.0016111064418621967,0.0014204450823326982,0.0021380193437094833,0.005844130489632041,0.0015539319522723447,0.0014011210976434209,0.002131520920169646,0.005794229215959816,0.0015679652589202604,0.0013143897085706286,0.002051878946215488,0.0055878020429188605,0.0015703767272812802,0.0016539435993230826,0.0025798460510141623,0.006277470652603027,0.001564500409061386,0.0014735244856867774,0.0022348365672794647,0.005958019195465493,0.0015730340282746297,0.0013849461241179249,0.0021059425429674834,0.005764779470176307,0.0015714076062821384,0.0013108164976839292,0.0020447947514148235,0.005574611179808542,0.0015984653964247783,0.0016711324010890399,0.002664608609930645,0.0064696584478137024,0.0015801245111132546,0.0012787557398602754,0.0020298421888377467,0.0056305921137908424,0.0014549767887992674,0.0011558118638385385,0.0020479765682424127,0.005056719260120751,0.0015466152659731587,0.0012366786844344576,0.0020420281900061007,0.00536142354165161,0.0015826951667110665,0.00146013333360303,0.0022085484548545423,0.005918051990487027,0.0015940606411158369,0.0013078489562872715,0.0020372758076575258,0.005711404252419708,0.0015767683502866336,0.0013947681631231838,0.0021265293915561003,0.005857243162552441,0.0010905387934453164,0.001149655457038939,0.0020058094851735536,0.004853365870815233,0.0012119552331345852,0.0013524185726620577,0.002108356261251167,0.005659655197265236,0.0011407240169923792,0.0012622024474297183,0.002052979633239286,0.005481075532767034,0.001152719016367352,0.0012416798330935354,0.0020460756407418043,0.005417539231423249,0.0015096531758825955,0.0012716825482605543,0.002047257209172008,0.005454664625183784,0.0010694708644528792,0.0014029244177301036,0.002181859510376397,0.005833590388726492,0.0005714084959763382,0.0005725269595483862,0.0005741117558209933,0.0005822224477053287,0.0005963111718001114,0.0005747442186861461,0.0005730343200920793,0.0005781945120959186,0.0005739959371025588,0.0005737433196377315,0.000581968231850974,0.0005723489644636634,0.0005738442063621182,0.0005727463896956993,0.0005795516326630134,0.0005753098620983668,0.0005727063996849229,0.0005743196890782132,0.0005862063885318403,0.0005785484211172914,0.0005746000791851097,0.0005697926940194538,0.0005798283135264987,0.000576943523010078,0.0005770176083077814,0.0005898361913578,0.0005747903206493791,0.0005967795907535822,0.0005988194853507293,0.0005722326073505256,0.00058431745797876,0.0,0.0,0.0,0.0,0.0,0.0,0.0,0.0,0.0,0.0,0.0,0.0,0.0,0.0,0.0,0.0,0.0,0.0,0.0,0.0,0.0,0.0,0.0,0.0,0.0,0.0,0.0,0.0,0.0,0.0,0.0
80,0.001560203826974546,0.0013235529606150272,0.00206220970692357,0.005613059098396343,0.001537558391693933,0.0012200506523747615,0.0020457519576091757,0.0053066050259872035,0.0015773146480187903,0.0015116997979852274,0.0023286791334070707,0.006047952794881566,0.0009362801027867814,0.0014518603528071287,0.0022167314863380475,0.005878956452790524,0.0010478687803665556,0.0014849275051224467,0.002306769754235284,0.006002835761819552,0.0015211729514146522,0.0013932796696414526,0.0021445758734873976,0.005744342702065349,0.001122452224373386,0.0012158433419839803,0.002040142089348473,0.005266988729806311,0.0015393057208436325,0.0012835851385656141,0.0020544171981678695,0.005478422278202743,0.0015745727553657042,0.0013430982334499601,0.002034989491164955,0.005710150118585645,0.0016185498576842122,0.0016733252781611326,0.0026718875448168153,0.00634957846001577,0.0015690545576292237,0.00162198527579143,0.002524605021751489,0.0062357748083086435,0.0015966617202162034,0.0014174141576329183,0.0021366973108498397,0.005836806767268053,0.0015538165092871764,0.0014020215657382898,0.0021327054420956127,0.005795895145439685,0.0015686020936577561,0.0013254137878380597,0.0020593408154089563,0.005616487430260335,0.0015336567038782695,0.0016512983215789697,0.002574579895670131,0.006276167906862686,0.0015592142797439825,0.001474321703771934,0.002236912936654495,0.005961651401529122,0.001571281462893755,0.0013885538760620725,0.002110920364128475,0.005773031142963628,0.001575930893362811,0.001325901199335674,0.0020549014569512685,0.005615022126993403,0.0015979886867767852,0.0016735485274660907,0.0026745993156491663,0.006478701627297907,0.0015821511896911009,0.0012926074250761382,0.0020367929037109177,0.0056699478681530935,0.0014534694862556766,0.001156726520181127,0.002050357147621296,0.005055759329600514,0.001545659821406393,0.001234808353001123,0.0020445612048864796,0.005355228944363963,0.001583845038259278,0.0014640079896397018,0.002214922841561193,0.0059279380938256025,0.001592427432748694,0.0013209407001048082,0.0020456865201349027,0.005741592109423425,0.0015783886703481834,0.0014053210024018218,0.0021378223112225774,0.0058812318863616445,0.0010890187226615501,0.0011494857969904992,0.002005696084951428,0.004844268578663527,0.0011915122046153917,0.0013593136330145444,0.002115332735675828,0.005676640155311557,0.0011434119252936553,0.001264259570887083,0.002054785481018069,0.005488073523588404,0.0011531874957972105,0.0012434697133075865,0.002047587322576338,0.005423349971469401,0.0015060386850976816,0.0012739658046057364,0.0020487046092774607,0.005460827897681721,0.0010720373517580345,0.0014013483587995243,0.002180309417982182,0.00583219886521698,0.0005713015006416431,0.000572390310988878,0.0005746141185884044,0.0005825549175619742,0.000596365337397581,0.0005746655276028598,0.0005727395182041155,0.0005780248891357451,0.0005739037053575897,0.0005744017610022595,0.0005820671743406607,0.0005726432247454031,0.000573864554902311,0.0005728712261985156,0.0005801249399262204,0.0005754187471665098,0.0005727410947950972,0.0005746738245474144,0.0005863645314149859,0.0005784174088820797,0.0005742918863503475,0.0005697155961273656,0.0005800772803204709,0.0005765714447246945,0.0005772848578821429,0.0005896637778127097,0.0005745187455608445,0.0005970659671020594,0.0005984670370532524,0.0005720643856373923,0.0005840495829882951,0.0,0.0,0.0,0.0,0.0,0.0,0.0,0.0,0.0,0.0,0.0,0.0,0.0,0.0,0.0,0.0,0.0,0.0,0.0,0.0,0.0,0.0,0.0,0.0,0.0,0.0,0.0,0.0,0.0,0.0,0.0
81,0.0015595807869217165,0.0013176764111579703,0.0020581133779613834,0.005597680085559451,0.0015368473211028366,0.0012181790577490282,0.002045333383642645,0.005299339187146213,0.0015718164234108445,0.0015089840597298824,0.002322416579487112,0.006040233433317926,0.0009416405440050575,0.0014454566631319206,0.0022067721957225394,0.005861881137693783,0.0010464687517365012,0.0014794696933178066,0.002296512830609626,0.005989224061213885,0.00151972031430246,0.00138958909234556,0.0021405635630678426,0.005735465219373075,0.001137915846875624,0.0012142669958048146,0.0020403279002205858,0.005260608648485782,0.0015383070225451195,0.0012735730466274108,0.002049872859265952,0.005452047957929182,0.0015742065233744157,0.00133382014048254,0.0020288748100242807,0.005683920306689967,0.0016089352445749793,0.0016682840872878503,0.002656244019526732,0.006326237624531172,0.0015666631913831752,0.001637220461759085,0.0025609155674556237,0.006256316458814883,0.0015828038781373227,0.0014049113787776239,0.0021245177512007546,0.005802147604418712,0.0015532377084847243,0.001400307534881449,0.0021310822336287946,0.005789326026295515,0.0015675171919198377,0.0013282967715059022,0.0020611018125397114,0.005621358317382386,0.0012466939405544482,0.0016481101030600724,0.002569571087696455,0.006273647134135689,0.001548444424460559,0.001459555858705913,0.0022157789062644834,0.0059300073679294605,0.001568974285894032,0.0013814721172452885,0.002105985520316498,0.005750865333556125,0.001580069129106311,0.001334167289815369,0.0020598404248711815,0.0056354172951304125,0.0016005555865397998,0.0016813059628706674,0.002702522632182982,0.0065019662957574295,0.0015811471538075736,0.0012859888570880137,0.0020336721192459333,0.005652623948198032,0.0014380316447606958,0.0011541641271697826,0.0020481967153524556,0.005029473364809085,0.0015448530274148325,0.0012318048191083243,0.0020437658273012088,0.005344554355868756,0.0015860908676055144,0.001469245919407225,0.0022239208604995253,0.005934844501607663,0.0015922836685084599,0.0013311403768251793,0.0020510487627627104,0.005764403303492487,0.0015806454565669603,0.0014156120884498565,0.002148844690711005,0.005904000486459202,0.001091445155044374,0.0011506035186639812,0.0020069460231711797,0.004864568337367445,0.0011636055478453627,0.0013612794866745678,0.0021172520784935134,0.005681716808362079,0.0011438704288553234,0.0012574992745372495,0.0020507151438684808,0.005467215811897054,0.0011518052998927097,0.0012435195866456069,0.002047543344650646,0.005422301646886454,0.001498881529192749,0.0012658828188116635,0.002046900206269749,0.0054363674474095375,0.0010668769230425016,0.0014045321814928553,0.0021840753181797384,0.005839278730052826,0.0005719285907962523,0.0005733756408845817,0.0005764713482566551,0.000583616975210383,0.0005984277231962547,0.0005756314062033552,0.0005736673990757441,0.0005790232681295521,0.0005747542273321504,0.0005760692624254462,0.0005832184688546801,0.0005744173697296237,0.0005746786160186902,0.0005738385356441055,0.0005822018253404652,0.0005771592182685808,0.0005745825003621598,0.0005764565612423897,0.0005874126308185754,0.0005792364485329748,0.0005753296858187828,0.0005716188262709694,0.0005824017141386033,0.0005775767990321729,0.000579014941526994,0.0005899447922881278,0.0005754510075966731,0.0005989248933285545,0.0005992294707401523,0.0005730664857786044,0.0005850006955836715,0.0,0.0,0.0,0.0,0.0,0.0,0.0,0.0,0.0,0.0,0.0,0.0,0.0,0.0,0.0,0.0,0.0,0.0,0.0,0.0,0.0,0.0,0.0,0.0,0.0,0.0,0.0,0.0,0.0,0.0,0.0
82,0.001559047201827629,0.0013146498745340764,0.0020570352170174847,0.005589787731023291,0.0015358043011804426,0.0012169831903999537,0.002045973462203908,0.005294476167866727,0.0015711244786868936,0.0015165516775330317,0.0023363980148628895,0.0060540190736411495,0.0009406571243776047,0.0014403171449950294,0.0021991350346633794,0.005849351470068029,0.0010497582482211563,0.00147824791804912,0.0022942943594253295,0.005986459781520595,0.0015179024234708261,0.0013935983373804665,0.0021448843862575348,0.005745042921473908,0.0011222910604836126,0.0012177302763060165,0.0020407795696521834,0.005274708612997452,0.001535803985581338,0.0012701589242476155,0.0020493516780181755,0.005444655249046194,0.0015756823294180897,0.0013351782410730968,0.002028430762311592,0.005686813052793004,0.0015906349080789806,0.0016632524092113769,0.002639665680804446,0.0063071434375393245,0.0015595787966124694,0.001637487362485262,0.0025591614975099064,0.006252280931480212,0.0015752543440164905,0.0013958622002213559,0.0021162732266032194,0.005778347718268241,0.0015546694157851913,0.001415006030964433,0.0021473010501490454,0.005818797813075834,0.0015649562235652743,0.0013271786235881592,0.0020609255999825002,0.005616658792083069,0.0009444069793679475,0.0016454545000745332,0.0025660617017032733,0.0062730132976018226,0.0015454122243454469,0.0014589308094558303,0.002218974687682023,0.005935987959162764,0.0015692955897088111,0.0013822128330741815,0.0021073341186639313,0.00575007949779904,0.0015806966957336,0.0013360031878290636,0.0020606101338619042,0.005640394990212512,0.001602624277204439,0.0017015853463801483,0.0027616391172324605,0.006577904029026927,0.0015862928760346084,0.001313745271091315,0.002047469625945676,0.0057261523519054735,0.0014570528261482816,0.0011568110871774356,0.00204946358240112,0.00506021681195426,0.0015458432806521615,0.0012371909149800453,0.0020433138701704493,0.005360332257103412,0.0015892161362218834,0.0014828669410893295,0.0022482793461482717,0.005960948345880433,0.0015897245950715546,0.0013335403749993675,0.0020540710351906744,0.0057685096807146355,0.0015806913636198649,0.0014189786838547714,0.00215294269925331,0.005911630302695118,0.0010927721018562171,0.0011510141971413652,0.0020074217512848305,0.004873658569210466,0.001131565621215266,0.001362118545641635,0.0021185370679300637,0.005685399467047257,0.0011422597402401939,0.0012648967690642705,0.002055200419675347,0.005490463071660197,0.001152780975890558,0.0012394421784161778,0.002045316461514476,0.005407555619025275,0.001488589474510424,0.0012630522920317661,0.0020468759943683816,0.00542722995011504,0.0010657493313243104,0.0014082340232533432,0.0021887596844029776,0.0058486549945042125,0.0005720568870317673,0.0005730306443133593,0.0005737243737952229,0.0005828846207647397,0.0005956120993434853,0.0005752444483410113,0.0005730774891765124,0.0005784545623649923,0.0005742900295694333,0.000573835091110478,0.0005827023964489745,0.0005718737668067636,0.0005743109710430606,0.0005724848075766117,0.0005791841363878114,0.0005747031210380214,0.0005720237422208308,0.0005736706930444418,0.0005857903237266671,0.0005786811952507315,0.0005747683970040506,0.0005692354077812775,0.0005789432712501848,0.0005770384845875304,0.0005764179448052798,0.0005901604669824939,0.000575190794170505,0.0005956838588067754,0.0005986866924039701,0.0005723401990233085,0.0005841162838361524,0.0,0.0,0.0,0.0,0.0,0.0,0.0,0.0,0.0,0.0,0.0,0.0,0.0,0.0,0.0,0.0,0.0,0.0,0.0,0.0,0.0,0.0,0.0,0.0,0.0,0.0,0.0,0.0,0.0,0.0,0.0
83,0.0015589295956920468,0.0013148788664616553,0.002057614730620912,0.005589388840134285,0.0015365902407372253,0.0012191989872252815,0.00204510892350612,0.005301230966198068,0.0015639694357998818,0.0015178877586354167,0.002337159232282986,0.00605133678634545,0.0009399909917249522,0.0014313747555027793,0.0021888595793650833,0.005831388055668025,0.0010461829745562034,0.0014778287569149418,0.0022933607228161155,0.005984200761008244,0.0015159398994267087,0.0014044951366265648,0.002156375365327291,0.005768670224129415,0.0010998576794331786,0.001221827268149431,0.002040891416405749,0.00529081326201655,0.0015363118727641473,0.0012724363494792047,0.0020503053993431407,0.005454006924473817,0.0015773549255240372,0.0013458050396222237,0.0020325819098983653,0.005712722454017718,0.0015666894373199812,0.001665090058474226,0.0026461519709895737,0.006309694116932869,0.001554770283362404,0.0016351257266651487,0.0025514528312312215,0.0062452124646681755,0.0015704939386075646,0.0013892122322569844,0.0021107481687218945,0.005760175296086769,0.001553655659729426,0.0014290968285340486,0.002166175706495809,0.005850665749950268,0.0015627339445987037,0.001332699269208818,0.0020644848667835903,0.005628095104085136,0.0008776455773577921,0.0016495410350203243,0.0025731225397800876,0.006279970303973403,0.001549114700040874,0.0014624152877798923,0.002229753942577406,0.0059511194697077375,0.0015712429095948099,0.0013911333480264585,0.002115917734627584,0.005768263962691605,0.0015832112780416968,0.0013406384291404308,0.002063735176307404,0.005651838751535201,0.0016046827720411594,0.0017044771735638185,0.002772860723969866,0.006598506269216992,0.0015852974093464645,0.0013299521840216084,0.002058638966585598,0.005767579477821056,0.0014700067261073555,0.001159161886371971,0.002049673601998854,0.005080810076429651,0.0015477522868174757,0.001247812194644822,0.0020427069545320862,0.0053911573442024935,0.0015912519819244403,0.0014962829275442402,0.002272105313379406,0.005985904427490783,0.0015882907886326707,0.001338541215224039,0.002058716678200968,0.0057789427582482095,0.0015803685590311826,0.0014250316205048526,0.0021612953015369522,0.005925178569043334,0.0010991521673613717,0.0011515531923077865,0.0020072694432049414,0.004889691684664863,0.0010842577225477,0.0013687087175200342,0.0021251143412637447,0.0057002324691826,0.0011404696058938029,0.0012688050138052094,0.0020573603428431413,0.005502440415339223,0.0011534709045897022,0.0012386453333157596,0.0020448980533574147,0.005403812189801833,0.001476734644815245,0.0012637793002944658,0.002047040164775014,0.005428515157744987,0.0010662031804691266,0.0014126845671317545,0.0021940315806181217,0.005858473442262129,0.0005719994812193539,0.0005727710839739911,0.0005748148497412652,0.000582918973681598,0.0005968764048620253,0.0005750985506017456,0.0005729549213100787,0.0005783297178627143,0.0005741263085885347,0.000574708388104353,0.0005826392034839118,0.0005730069449724953,0.0005743208257134613,0.0005733213080046925,0.0005804429335888137,0.000575886954907098,0.0005732749373581896,0.0005749067546950499,0.0005865536791976671,0.0005787063386703979,0.0005748360526923099,0.0005704071001067758,0.0005802746373761012,0.000577187017986655,0.0005777176035641817,0.0005900783121117047,0.000574938438890201,0.0005970638274699714,0.0005986016140712661,0.0005723012149677057,0.0005843114671689023,0.0,0.0,0.0,0.0,0.0,0.0,0.0,0.0,0.0,0.0,0.0,0.0,0.0,0.0,0.0,0.0,0.0,0.0,0.0,0.0,0.0,0.0,0.0,0.0,0.0,0.0,0.0,0.0,0.0,0.0,0.0
84,0.0015609496096557374,0.0013284937481383942,0.002065834343024852,0.005623721766991605,0.001539490562177798,0.0012296712102247056,0.002045000252317159,0.005335614164189624,0.0015647432923914222,0.0015352738556835444,0.0023670918594875523,0.006079868062602401,0.0009277581039519501,0.0014379157366166575,0.0021963556334127464,0.00584356810077336,0.0010501151689974698,0.0014814096120552521,0.002300148682714093,0.005992080918081654,0.0015034592625925752,0.0014153304451373456,0.0021679156409411815,0.005790213904371809,0.0010869912724859015,0.0012284380912030877,0.0020422314331308275,0.005314344919816165,0.001539920315459945,0.001284485534951222,0.00205552025140655,0.005489203803627978,0.0015783680154629076,0.0013600371900094204,0.0020415867160476575,0.005745868210856908,0.0015672641556187174,0.0016722040049494678,0.002670113352503586,0.006332434988757903,0.001551258265447072,0.0016317352897237281,0.002542016339880229,0.006238139228221042,0.0015710583803106811,0.0014068976019237648,0.0021300296832792763,0.0058014515854789015,0.0015549518751829844,0.0014448898420864988,0.0021899451127825893,0.005889761818689919,0.001561216685268993,0.0013312378268067583,0.0020639301537996113,0.005623099411653623,0.0009590459436157528,0.0016585026412167796,0.0025920255990662397,0.00630154649810216,0.001563927002306236,0.001479991958219616,0.0022665550591185173,0.005999536947585739,0.0015754408310555803,0.001409745195700995,0.002135664788199457,0.005808678066126451,0.0015899864792490947,0.0013560892449036924,0.0020748597355881686,0.005691280577296703,0.0015980031201819882,0.0017085234940202496,0.0027899855128571114,0.006637628238711906,0.0015846447590702984,0.0013410755835913204,0.0020664612274221357,0.005796324608881232,0.001486629936217055,0.001164327790384912,0.0020510799690315836,0.00511808279485954,0.0015519149674955812,0.0012665891055933648,0.002042188748303227,0.005445602288953301,0.0016043796629751095,0.0015168165743096752,0.00231243418679546,0.006028127639179625,0.0015869848955025183,0.0013365136091121467,0.0020584751855228863,0.00577300041077663,0.0015781515072221426,0.0014193583025507632,0.0021549051531187507,0.005909808674532235,0.001101031216541732,0.0011514092674474168,0.002006838248285841,0.004889487164879403,0.0010578281554628525,0.0013756332864322475,0.002131985600642954,0.005714535981164982,0.0011441303660583873,0.0012767029884496674,0.0020621374448270818,0.005526097256570578,0.001154053636742832,0.0012381071253212371,0.002044603617244562,0.0054015081706146615,0.0014689794622490815,0.0012664223784872766,0.0020475179574604005,0.005435887497661271,0.0010692100885252335,0.001414936392725235,0.002196834670641536,0.005864224525640436,0.0005718352633362099,0.0005732404459411469,0.000575883373307762,0.0005835742011573876,0.0005976774189782744,0.0005756519807881143,0.0005733646031592744,0.0005788345012277398,0.0005746294541994423,0.0005757550577210997,0.0005833550225200193,0.0005739723251746147,0.0005747557343072521,0.0005737032150957043,0.0005815229723839736,0.0005766752721708302,0.0005740613559945371,0.0005759162678240061,0.0005869891408528433,0.0005793936482899894,0.000575532450400695,0.0005710464833503522,0.0005810239782246665,0.0005778458709091312,0.0005788246168563308,0.0005901911246687225,0.0005753948912747513,0.0005982729081364045,0.0005990900706124205,0.0005729595382803547,0.0005849220383187418,0.0,0.0,0.0,0.0,0.0,0.0,0.0,0.0,0.0,0.0,0.0,0.0,0.0,0.0,0.0,0.0,0.0,0.0,0.0,0.0,0.0,0.0,0.0,0.0,0.0,0.0,0.0,0.0,0.0,0.0,0.0
85,0.0015648960568319234,0.001352772642706933,0.0020825688962443118,0.005683441380172854,0.0015420873266647917,0.0012398289104872528,0.0020441414351505703,0.005367463008699974,0.0015627692657595995,0.0015354779323339509,0.002366194461543086,0.006077389261169549,0.0009173403671149039,0.0014474390004067133,0.0022099029150181825,0.00586431767671973,0.0010459732322831957,0.0014817449045426753,0.00230069124048167,0.005991420598198076,0.0015167601569892957,0.0014252347582709496,0.0021783874825782585,0.0058086818561593236,0.0010903421735689231,0.0012242436742239404,0.002040956108024186,0.005299177306224166,0.0015394788686997683,0.0012812326661294784,0.002053813232872587,0.005480475679468524,0.0015834365699484132,0.001386278233374779,0.002055682398927507,0.0058057590446285645,0.00156594173310537,0.0016758134935282918,0.0026790797202466427,0.0063421473511851775,0.0015540118907526597,0.001657826014187832,0.00260828103400705,0.006289088482032561,0.0015705844068093122,0.0014045763435801802,0.0021274636612152484,0.00579527300520082,0.0015515938640212877,0.0014531685163007835,0.002202979625422811,0.005906785364742654,0.0015612189128390854,0.001331345173472506,0.002064113447285093,0.005621659301629575,0.001008553869882418,0.0016649095939481793,0.002608193061818283,0.0063183345778350525,0.0015827259110343336,0.001500095068033575,0.0023069614521706414,0.006046484954097294,0.0015791910486066408,0.0014265690652345913,0.002156275001420003,0.005849436212330773,0.0015980101476960541,0.0013721001188471422,0.002087765953529706,0.00573090784401343,0.0015859375999234021,0.0017087402893191724,0.002789895017309829,0.006635627395836675,0.001583695642196261,0.0013461257993630338,0.0020703271893196423,0.0058094510901225424,0.001499858288411685,0.0011684577855358073,0.002051296486920108,0.005146479534765441,0.001555333244616324,0.0012864760077001451,0.0020444308630852242,0.005500599679420976,0.0016059759845698648,0.0015222320196865155,0.0023239610782650032,0.0060375462625632615,0.0015868388833655328,0.0013364890405825022,0.002058072827608768,0.005771122921876563,0.0015767669149295413,0.0014091983273473478,0.002143211251025504,0.005887249246563824,0.0010997092863454022,0.001150726408904939,0.002005966954618009,0.004879964970562298,0.001055944948609517,0.0013933691524463825,0.002149313448894752,0.005748681602687416,0.0011431556612418318,0.0012718551675644416,0.002058724162041411,0.005511462372153775,0.0011536480233673607,0.001238498039487332,0.002044297366302947,0.005402480563347616,0.0014672292349114113,0.0012688177392236463,0.0020471617017329977,0.005442063019593319,0.0010659223853050118,0.0014109950498473805,0.0021920649494033243,0.005856832029732787,0.0005719769829218615,0.0005730679620581988,0.0005763083575504658,0.0005827827481759116,0.0005986827927105088,0.0005754931897214029,0.000573224732431802,0.0005786145307111728,0.0005742128808071046,0.0005760681566892615,0.0005828589053413133,0.0005742997117255216,0.0005743896778684782,0.0005741188470714931,0.0005821653285520399,0.0005774602220816037,0.000574912083154414,0.0005763499297774769,0.0005873937597394646,0.0005790801648774119,0.0005748484807200399,0.0005720739560204797,0.0005813420767934706,0.000577129125922942,0.0005790946076862112,0.0005904342604927963,0.0005752520812454731,0.0005986985057008546,0.0005989467882874208,0.0005722645788017917,0.0005846251470564924,0.0,0.0,0.0,0.0,0.0,0.0,0.0,0.0,0.0,0.0,0.0,0.0,0.0,0.0,0.0,0.0,0.0,0.0,0.0,0.0,0.0,0.0,0.0,0.0,0.0,0.0,0.0,0.0,0.0,0.0,0.0
86,0.0015648059630590033,0.0013522699148100883,0.0020822297043936017,0.005682238925993928,0.0015424250600638537,0.0012415849113111388,0.0020446461871223296,0.005372825570575813,0.0015603174939252263,0.0015360532563739274,0.0023662334845377126,0.006077012661131924,0.0009221519155968967,0.0014407235298389022,0.002199694754875593,0.005847378905663777,0.001052572403099916,0.001478378015599002,0.0022944450566734042,0.005984029605455761,0.0015218412621931328,0.0014244391407875184,0.0021775069490846707,0.005807166958134797,0.0010880205052911302,0.0012248078814533995,0.0020410189771861266,0.00530096521795553,0.0015386028465959683,0.0012778369637539294,0.0020525558329583956,0.0054714594180241966,0.0015840125700754147,0.0013900516439608113,0.0020584365447054572,0.005814470013268464,0.00156587426804616,0.0016705110907839953,0.0026660251982066,0.0063273763865370845,0.0015544704909600875,0.0016644022162167762,0.0026270839595385212,0.006305258221967962,0.0015715159354349113,0.0014122937316120325,0.002136241986741497,0.005813648852901378,0.0015429172394343794,0.00145601789920326,0.002208710674487451,0.005912950432616965,0.0015619056601822781,0.0013359735072205562,0.0020676502516516738,0.005632709466296166,0.0009970330173712017,0.001667226320066672,0.0026148212373884447,0.0063263330831847455,0.0015906288996639375,0.0015045014471662278,0.0023159152307300336,0.006056469995271067,0.0015831679603339026,0.001434874079399745,0.002169449823717779,0.0058709667428525295,0.0015902278421766238,0.001368008869971115,0.0020861952390808223,0.005723182528266403,0.001582289984694191,0.001707612682349184,0.002785643161904195,0.006623459650267737,0.0015822277379139737,0.0013425673459468578,0.002067959670662922,0.005800554041996005,0.0015062093593841734,0.0011716288101518723,0.002051855006811282,0.005165761415458919,0.0015567609833390126,0.001294753629996133,0.0020465422304438105,0.005522657314079462,0.001608731975738595,0.0015267506131479208,0.002333576508042898,0.006046624478369229,0.0015860121940218074,0.0013356924152611823,0.002058332520895939,0.005767689543433318,0.0015772683995011983,0.0014139915043202477,0.002148911699921203,0.00589676647254712,0.0010954745988371664,0.001150107762143579,0.002005562617069004,0.004863868391579478,0.0010609764909136482,0.0013977729582529926,0.0021537278897676604,0.005755872161358515,0.0011452058227970744,0.0012679455933894477,0.0020562672307503603,0.0054998099592013395,0.0011543132420880529,0.001239144184898924,0.0020446755287113036,0.00540464747791917,0.0014680356719860587,0.0012717106503653535,0.0020477383592291706,0.0054501575814427045,0.0010721023953759905,0.0014096002404387102,0.00219041201163546,0.005854495776979519,0.0005717460205164896,0.0005729044286293223,0.0005742798869476182,0.0005826807408190458,0.000596073012233098,0.0005753368109605761,0.000573011044515978,0.0005783815426895801,0.0005740648471083246,0.0005744012868410674,0.0005827439878433519,0.0005723539908503908,0.0005745523432641448,0.0005731543000272925,0.0005797695770414034,0.0005752740267198955,0.0005726460668122181,0.0005742316633579143,0.0005861287043050376,0.0005789510548819215,0.0005747650046788919,0.0005698367220834978,0.000579038744809784,0.0005771689992268298,0.0005771991825121666,0.0005902423882073989,0.0005750608198706423,0.0005964861070967255,0.0005987908031834064,0.0005722259037360293,0.0005842919521526384,0.0,0.0,0.0,0.0,0.0,0.0,0.0,0.0,0.0,0.0,0.0,0.0,0.0,0.0,0.0,0.0,0.0,0.0,0.0,0.0,0.0,0.0,0.0,0.0,0.0,0.0,0.0,0.0,0.0,0.0,0.0
87,0.0015610365369325319,0.0013289655111122217,0.002065755472612824,0.005624673911983441,0.0015397125602873815,0.0012302233058098138,0.002044836642735632,0.005336941542530837,0.0015556623922205557,0.0015343929862844381,0.0023630041891244393,0.006073543490328922,0.0009266174242995094,0.0014299772944074145,0.0021872552544837157,0.005826150944719727,0.0010510460533074504,0.0014746368642195198,0.00228740953836133,0.005975291422026224,0.0015083621355584447,0.0014148291860605015,0.002167222776636199,0.005788119951916825,0.0010935717455433577,0.0012218869980876984,0.0020404909060526616,0.005290077693474178,0.0015374966585373355,0.0012739643185073288,0.002051066312508101,0.005460783040038688,0.0015809249237863858,0.0013704585087586504,0.0020458550806764335,0.005770591660256941,0.00156888338097106,0.0016678994383950293,0.0026593108676319856,0.006320589197460873,0.0015513244097044854,0.0016501141016018533,0.0025871471292488553,0.0062727775919647144,0.0015731130918268316,0.0014049563150321165,0.0021267272388352226,0.005797411236084188,0.0015396391400264967,0.0014456393745887188,0.002192884684770576,0.005888609586471354,0.0015608343272233045,0.001328126427682832,0.002062179495677102,0.005612897958142781,0.0009252669380656291,0.0016632047310635597,0.0026036282667248932,0.00631216854685486,0.0015727638507710847,0.0014886861745208656,0.002284637388925458,0.0060204587151581525,0.0015782540995004295,0.0014209569676535317,0.0021484322082433636,0.005831192120260289,0.001582212145699622,0.0013493023133365777,0.002071325795296515,0.005676215613717875,0.0015929636768607426,0.0017080819606721022,0.002787936607065507,0.006630909323094048,0.0015841567236058794,0.0013410763903362415,0.0020665996248988862,0.005796491917871278,0.0014975362199216504,0.0011680076946698978,0.0020516659175483084,0.005143227363969528,0.0015548051509184828,0.0012829505504128457,0.0020434761011909044,0.005491066291254087,0.0016010256108268874,0.0015164326083831085,0.0023116587574028152,0.006025032257163201,0.0015858599687224983,0.0013356925038757756,0.0020585666756130867,0.00576830237087543,0.001575865900230813,0.001406964249482562,0.0021420752047876463,0.005879424764274278,0.0010971097250928562,0.0011503593820906934,0.0020058495764478006,0.004869081988392649,0.0010485371905724534,0.001390296930549096,0.002146061665949364,0.005740046526647907,0.001144143175547512,0.001265471746759657,0.002054807479598771,0.00549229145158452,0.001155087891391913,0.0012383916788537897,0.0020443053716069277,0.005402106414246651,0.0014728021590966669,0.001272070715386868,0.0020482435797114693,0.0054513036167243446,0.0010728670911727878,0.0014092533570603857,0.002190082972690165,0.005854767758596127,0.0005717559927567263,0.0005733473370489635,0.000575781007889611,0.000583549035771137,0.000597722612638056,0.0005757755907821277,0.0005734855964285859,0.0005789011895785286,0.0005745976188248681,0.0005758003876487974,0.0005834402846715449,0.0005738974931375813,0.0005750635497560357,0.0005740428464677752,0.0005813547297641227,0.0005768931964113171,0.0005742008514648845,0.0005758324766493219,0.0005869505517972215,0.0005795027908720697,0.0005756188226771827,0.0005713700604399229,0.0005810425098748318,0.0005779323266713487,0.00057887370503326,0.0005904256313825102,0.0005755772117090953,0.0005983537354418063,0.000599337787807764,0.0005728210317194671,0.0005850437547736091,0.0,0.0,0.0,0.0,0.0,0.0,0.0,0.0,0.0,0.0,0.0,0.0,0.0,0.0,0.0,0.0,0.0,0.0,0.0,0.0,0.0,0.0,0.0,0.0,0.0,0.0,0.0,0.0,0.0,0.0,0.0
88,0.0015600834167015598,0.0013229108688800628,0.0020621946789834015,0.005609895657220279,0.0015385389704267495,0.0012262933450820652,0.002045941337990828,0.005324460867538708,0.0015625260734857909,0.0015404083662065237,0.0023750040098074027,0.006085941984094893,0.0009240362957594462,0.0014324591346648813,0.0021901436664192794,0.005831025534251311,0.0010510120437577457,0.0014755549736356235,0.0022891761097851866,0.0059783169891992225,0.0015209328466650456,0.0014136778908950755,0.0021660401428625136,0.0057863490488649786,0.0010997890977241047,0.0012193386238597496,0.0020402990051562432,0.005280422522220484,0.0015400325773284502,0.0012741558998478541,0.002051445770727047,0.005461236253133438,0.0015797279610400038,0.0013616288087450737,0.0020408196432660135,0.005751129222221437,0.001564777021180662,0.0016683981535493316,0.0026589115581709564,0.006322193784664764,0.0015509248263431317,0.001642832213428301,0.002571196712777119,0.006260091553295006,0.0015765949921531348,0.0014067885033838459,0.0021279274694632508,0.005803036505149652,0.0015390030429328762,0.0014402247147319578,0.0021847325642874713,0.005876316362398779,0.001560687844061495,0.0013267041105882154,0.0020615589363207256,0.005610162566792438,0.0009242329805130138,0.0016619974209280295,0.0026004069031221096,0.006308793305296489,0.0015654366355008877,0.0014820589732941966,0.0022708223244144346,0.006005148590756985,0.0015764591514272723,0.0014147469541624731,0.0021413168706001444,0.005819664835546171,0.001582786811928279,0.0013419263047199273,0.002065583501722495,0.005656257104957693,0.0016115616963353976,0.0017070715389423826,0.002786018691086178,0.00662914870151869,0.0015873264399548248,0.0013367195374930816,0.0020626623396161844,0.005787452788039786,0.0014887619319633714,0.0011644936285606514,0.002051211470333135,0.0051208470963164535,0.0015536712591564287,0.001275396906475412,0.0020422944221449657,0.005471540664232029,0.0015984912193476876,0.0015143319161737545,0.002307442611894642,0.006022046793067965,0.0015853761209894237,0.0013350413479917636,0.0020587958721890814,0.005766679969511936,0.0015762422238036768,0.0014096232610297623,0.0021449279602216856,0.005885615992559712,0.0010957630607597731,0.0011500900217308798,0.002005812604467496,0.004859718621343991,0.0010459193164809798,0.0013876337997884487,0.0021434537450197083,0.005734601090445341,0.0011469513736435582,0.0012673305260412029,0.00205624265229213,0.0054980238670111845,0.0011558770641587933,0.001238624121978818,0.002044721361273993,0.005403123952861851,0.0014803242257153725,0.0012716436401042591,0.002048777515802102,0.0054506367111711845,0.0010731347748495373,0.0014103993094653244,0.002191607200337421,0.0058582707222816525,0.0005716978209232036,0.000572869748024292,0.0005756601287185991,0.000582559970027411,0.0005976576581637096,0.0005751484626252496,0.0005729167469398118,0.000578198838452515,0.0005739173415375729,0.0005755284568090144,0.0005825549853624448,0.0005735063978461722,0.0005744028279232434,0.0005738535119525408,0.0005811668456587578,0.0005767606260363992,0.0005740416172357072,0.0005755551451777729,0.0005870374321260323,0.0005786142170468981,0.0005747159567005467,0.000571130414420747,0.00058053721763549,0.0005771421234780119,0.0005785101658525501,0.0005903634451102051,0.0005750374087117292,0.0005979066321391532,0.0005986659642715766,0.0005721236187533242,0.0005841596580898705,0.0,0.0,0.0,0.0,0.0,0.0,0.0,0.0,0.0,0.0,0.0,0.0,0.0,0.0,0.0,0.0,0.0,0.0,0.0,0.0,0.0,0.0,0.0,0.0,0.0,0.0,0.0,0.0,0.0,0.0,0.0
89,0.0015601370113867985,0.0013212852119987373,0.0020599855168732385,0.00560666375637709,0.001539377742277763,0.0012266194261539613,0.00204451523687354,0.00532680390222362,0.0015802450409134394,0.0015427452135440638,0.0023824956719539618,0.0060943379869914955,0.0009318123889628051,0.0014384084203257544,0.002196504132233369,0.0058415862623656545,0.001048443945843734,0.0014773753850495918,0.002292534739791848,0.0059819821002442645,0.0015360854782674324,0.00141680547893556,0.0021688042234988087,0.005791322288921186,0.0011007367326962279,0.0012217535092695526,0.0020409501544474476,0.005288395698793415,0.0015433608733933283,0.0012825961057740163,0.0020539696093248394,0.005483663787126654,0.0015798434512303587,0.0013609503548857363,0.0020400747822296277,0.005749855028893364,0.0015665296215822706,0.001670169956463615,0.0026643575611468642,0.00632735800744154,0.001553963992841283,0.001632938235686018,0.0025450069602878157,0.006240628098946641,0.0015841959665173066,0.0014140134817008034,0.0021348472675235142,0.005821434837601733,0.001541893243767562,0.0014409769580769037,0.0021854386745643523,0.005878339536076028,0.0015613542038601666,0.0013318158642343177,0.002064046644035327,0.0056253264915700945,0.00119990356947106,0.0016627431562075208,0.002601716405582966,0.006308032118504062,0.0015590844312817125,0.0014796164040485743,0.0022636387676834248,0.00599708766818786,0.001574067710452411,0.001410520551988805,0.002135404103079111,0.0058151428188747386,0.0015847048516871962,0.0013440498425537546,0.0020655827160545263,0.005660468702927235,0.0016264180320241808,0.00170688625353505,0.0027870336889180268,0.006630325274227968,0.0015939731037753328,0.0013397202507852044,0.002062409146552519,0.005799614011801374,0.00148342407324617,0.0011627748796549221,0.002051375854679613,0.005112565763977625,0.001553663938913759,0.0012736242379778983,0.0020411955905849394,0.005467811004818979,0.0015947434151829304,0.0015140594414333511,0.0023073262587074315,0.006022534087025759,0.0015877267863769052,0.0013445762171132832,0.0020633505020430467,0.005790101372949159,0.001577751841040715,0.0014190695810145197,0.0021546761587855107,0.00590594639538509,0.001094296487441338,0.0011505165969942057,0.002006325154753182,0.004868869033696489,0.0010592081100212264,0.0013922084518984503,0.0021476551856632834,0.005742743772608904,0.0011425868537747457,0.001273196255360549,0.002059686610582751,0.005515055788637104,0.001151352558564659,0.0012389949205934428,0.0020447384220574245,0.005404756937985885,0.0014977405931806726,0.0012777853453487713,0.0020494651566482515,0.005468178843538845,0.0010701536375437768,0.0014121539698715682,0.002193644198457515,0.0058623044855767685,0.0005714165184181436,0.0005729447600007298,0.0005766477164119797,0.0005826605541904345,0.0005988582180519579,0.0005752175767793407,0.0005730754153762873,0.000578334258590798,0.0005739962846062643,0.0005764989379907522,0.0005827455725915125,0.0005745189753189994,0.0005744351905551261,0.0005744538814238631,0.0005824366921835391,0.0005779196000250655,0.0005752279082872266,0.0005766490431463713,0.0005878850401157746,0.0005788020610198372,0.0005754983741733412,0.000572098175768958,0.0005823601921947736,0.0005771913491906259,0.000579758425000468,0.0005904093774930065,0.0005750796373844238,0.0005991497166947298,0.0005989188199921225,0.0005721970086295883,0.0005844360357856276,0.0,0.0,0.0,0.0,0.0,0.0,0.0,0.0,0.0,0.0,0.0,0.0,0.0,0.0,0.0,0.0,0.0,0.0,0.0,0.0,0.0,0.0,0.0,0.0,0.0,0.0,0.0,0.0,0.0,0.0,0.0
90,0.001561337611797128,0.0013298544612797118,0.0020650543388212135,0.005631320251586982,0.00154029289120153,0.0012307060280094797,0.002045206057450954,0.005342378798113585,0.0016197221185133867,0.0015447506995672003,0.002391366196500876,0.006107324917053554,0.0009381304860091202,0.0014556399852306517,0.0022223833584138816,0.005885847091305255,0.0010463721913002723,0.001484930211521659,0.0023068637110443746,0.006001461194703052,0.001543716674882877,0.0014224600867679973,0.0021747131884791173,0.005804249397225973,0.0010940841697040103,0.0012274806878161519,0.002041619903523335,0.005308460861424949,0.0015512352878552496,0.0012969150392898336,0.0020592549655422494,0.005519950486492162,0.001581246193045842,0.001366642943364801,0.0020424556543071942,0.005766575906746874,0.0015774854219444395,0.0016772290762551083,0.0026836896521917736,0.006355318946903658,0.0015572394506205467,0.0016205345325300538,0.002516146024374842,0.006224437460191105,0.001595680157700725,0.0014227640635133532,0.0021448359940927975,0.005848101875116033,0.001544009021155659,0.0014497940524147374,0.002198705486108102,0.0059016656158080265,0.0015654076028477728,0.0013455755627925668,0.0020729336249647157,0.005664854609252366,0.0015475733121263126,0.001665250259262942,0.0026077662520011917,0.006313510395412419,0.0015551177946724055,0.001483800823578133,0.002267628214646071,0.00600319304694223,0.0015735180192777436,0.0014128982104946116,0.0021376162991708766,0.00582489799922843,0.0015929510061135032,0.001360421379204629,0.0020763567158243704,0.005701555125720729,0.0016514570159091274,0.0017249887680660261,0.002837547631057358,0.006926441671745797,0.0015973602312589954,0.0013484145337101547,0.002066688823256335,0.005820782450020824,0.0015036937870284988,0.0011744936325462838,0.002080185942463363,0.005330511654668116,0.0015543940336061935,0.0012775892776613802,0.002041776428461968,0.005480423983950552,0.0016018003202311532,0.0015166893545019225,0.0023123184519372015,0.0060314921151484666,0.0015892845037903422,0.0013507510360518807,0.002066661003908847,0.005805527894237831,0.0015790050342019794,0.0014249722332192807,0.0021619844334254653,0.005919231562443171,0.0010970401307825806,0.0011509889505814347,0.0020069040890340452,0.004879684761020401,0.0010803125455652494,0.0013896884402477337,0.0021450229397954328,0.005737828709099064,0.0011378861397075622,0.001282717523705234,0.0020660082857262853,0.005542719253981437,0.0011551026408375908,0.0012404914670517515,0.002045467528089306,0.005411114727707177,0.0015087067879015219,0.0012782917572368292,0.0020497791744745757,0.005472352573715914,0.001070799013744556,0.0014126426638610557,0.0021943357073391945,0.005864576197989204,0.0005713126834000661,0.0005732383407179013,0.0005751000021748899,0.0005833115215469379,0.0005968739486842355,0.0005752828594639609,0.0005735154243436111,0.0005788283915956629,0.0005744559747042697,0.0005750359500701152,0.0005830601653466046,0.0005730048262374178,0.0005749381954330837,0.0005737559440081049,0.00058032191928951,0.0005760245815881459,0.0005732883886186293,0.0005750337577497021,0.0005869049757579412,0.0005793410067892684,0.0005776967108164053,0.0005704198728960207,0.0005805078914086957,0.0005776536708116565,0.0005780898977007026,0.0005904199764119943,0.0005755567916707246,0.00059742510276485,0.0005993613725571433,0.0005727799734409433,0.0005850389627306053,0.0,0.0,0.0,0.0,0.0,0.0,0.0,0.0,0.0,0.0,0.0,0.0,0.0,0.0,0.0,0.0,0.0,0.0,0.0,0.0,0.0,0.0,0.0,0.0,0.0,0.0,0.0,0.0,0.0,0.0,0.0
91,0.0015630438517538077,0.0013442587342945365,0.002074916558428453,0.005670153116419085,0.0015413672824723156,0.0012346724190509875,0.002045309682702624,0.005356633163335972,0.001645774769913182,0.0015521210992064847,0.0024086634788947005,0.006125651760316254,0.0009537000912177035,0.0014724479487551309,0.0022499725498944284,0.0059291353338650505,0.0010419026642116739,0.0014915187603961589,0.0023194987922678396,0.0060184251916272965,0.00154911353526257,0.001426582260748692,0.002179709570642525,0.00581644993804929,0.0010948885476185328,0.00122866655993145,0.002041872191534173,0.005311791618128991,0.0015601176970809474,0.0013057998390660903,0.00207149705926635,0.005601927105805129,0.001582513667858645,0.001373714075298038,0.002046636095520822,0.00578771915519748,0.001586027964930327,0.0016839102867221632,0.002700974868702553,0.006381346135033805,0.0015592737410704426,0.0016278342123133066,0.0025339705535156096,0.006238143208851499,0.0016157231672297464,0.0014280947425661342,0.0021498061621460633,0.005865481191969622,0.0015462162660204708,0.0014512528262719093,0.00220076795024796,0.005906930805754933,0.0015727668560047742,0.0013559868774537865,0.0020794551908920487,0.00569349223151926,0.001601511798044358,0.0016666569946768362,0.0026140144306176,0.0063187687816624125,0.0015547594022145576,0.0014935344800772825,0.0022807796725353856,0.006018788492220899,0.0015727617786762934,0.001409075261942645,0.0021325140837449804,0.005819756010183297,0.001601700904485724,0.0013735158948744242,0.0020859121227037192,0.005733842727008144,0.0016495691308986583,0.0017226256764291716,0.002826930073377137,0.006905353377606675,0.0015974848780363803,0.0013536479181029898,0.002068823783017038,0.005833570453530855,0.0015083619741903093,0.0011756786867093017,0.0020807899149699917,0.005340254758224656,0.0015547992971907847,0.0012807189529395213,0.002042829369776547,0.005490042044249644,0.0016058552737137138,0.0015156720690100867,0.0023098675768001608,0.0060342872870344086,0.0015901143140306584,0.0013547431876253166,0.0020691986433358915,0.005815082785349512,0.0015782835989232285,0.0014224738767903697,0.0021584931392934752,0.005912169924437562,0.0010949301279383314,0.0011514019238115867,0.0020078135600542814,0.00488293251001475,0.001110804861450551,0.0013933976164304828,0.002148568801856426,0.005745141771442467,0.001138123003451101,0.00127521218719728,0.002061230906883849,0.00552079265842709,0.001154181030606999,0.0012398275871521305,0.002045569339727631,0.005409825851328223,0.0015180984299502168,0.0012806449974017303,0.0020504320992765796,0.005480330182907209,0.0010667967022885653,0.0014133037408912722,0.002195216251264595,0.005866318232184283,0.0005710643013505073,0.0005725972083648933,0.0005753410802303047,0.0005823392677217513,0.0005975513651131537,0.0005747807869627634,0.0005731250097117068,0.0005781892119168065,0.0005736825025472325,0.0005752905597181891,0.0005821173771987226,0.0005733823808302913,0.0005742108373026559,0.000574229581389338,0.0005806912549644134,0.0005767270841287869,0.0005739032129587687,0.0005755592649541562,0.0005873708136400499,0.0005784447196307622,0.0005766959885369016,0.0005708758076113758,0.0005808803946746742,0.0005766682719075361,0.0005783468023502256,0.0005903372248040656,0.0005749624055382284,0.0005978338817024275,0.0005987494172540415,0.0005720022419340897,0.0005845088634486745,0.0,0.0,0.0,0.0,0.0,0.0,0.0,0.0,0.0,0.0,0.0,0.0,0.0,0.0,0.0,0.0,0.0,0.0,0.0,0.0,0.0,0.0,0.0,0.0,0.0,0.0,0.0,0.0,0.0,0.0,0.0
92,0.001562651410048316,0.0013397742886575236,0.0020717729785220533,0.005659146403125547,0.001540244257415543,0.0012303894246454995,0.00204520141604541,0.005342579277452415,0.0016286942312651463,0.0015467502121421532,0.0023964914485834136,0.006114968706605243,0.000980326875095521,0.0014694787941107379,0.002244919261129368,0.005922536368145426,0.0010469502648611892,0.001492642956357861,0.002321742584175359,0.0060202855951965,0.0015465328997800896,0.0014211497633352774,0.0021726179414621426,0.005803484687926595,0.0011087270572700445,0.00122099892766832,0.0020390713315123574,0.005284272722640803,0.0015613266975736566,0.0013010218147793602,0.002071018479912927,0.005619147523653605,0.001581910379989756,0.0013666950335418696,0.002041645352447262,0.005772715243024595,0.0015862531016509202,0.0016756284684493385,0.0026788099465558162,0.006359374963965603,0.001560667315111645,0.0016311445863072325,0.0025429408963092057,0.006245357690889129,0.0016230042937718419,0.0014270624779820018,0.0021464096653496336,0.005863343806802408,0.0015477284199777804,0.0014461928417452436,0.0021929899985193707,0.00589601646744804,0.0015738094113708317,0.0013489259299835708,0.0020733627129445337,0.00567635309868123,0.001646425396723193,0.0016651541143758587,0.0026097986142076283,0.006313242946846319,0.0015543902356971095,0.0014891825358896045,0.0022714551921271444,0.006006894433685173,0.0015725427655112574,0.001396222875252932,0.0021180445796224303,0.00579212303476291,0.0015961821788413539,0.00136993257095289,0.0020824021013741353,0.005725351290002598,0.0016522362528583758,0.0017218308867387481,0.00282341377094407,0.006895660431096099,0.0015938191377104741,0.0013411715879315398,0.0020604518859828795,0.005793589510849226,0.0014962706219383754,0.0011707967619491372,0.0020785950061405012,0.0053080270384168165,0.0015537032224824782,0.0012732096537007678,0.002042105344713175,0.005469857011920204,0.0015998901362275567,0.0015085414159238314,0.0022949040744652525,0.006017858762848196,0.0015901768913225377,0.001355209717272455,0.0020695579702364473,0.005816041120902909,0.0015771512605900965,0.0014157412464906023,0.0021511709450573943,0.005897060185458703,0.0010958601654073154,0.0011515035247203044,0.002007991098904745,0.0048867570191559705,0.0011201923853553328,0.0013912162457388158,0.0021462667317929847,0.005740645496501009,0.0011405925622915412,0.0012748152183623615,0.0020610787268074424,0.005519282933007721,0.0011555687563085182,0.0012391442956194388,0.0020450986868506835,0.005408039145835826,0.0015157850871516017,0.001279454224357308,0.0020499393460101725,0.005477566713412903,0.0010696286716389083,0.001412145853000981,0.002193878686006522,0.005864074715235752,0.0005705749549067595,0.0005724140479964723,0.000575939665033179,0.0005822644592203761,0.0005980727135871652,0.000574687597830552,0.0005730971483810223,0.0005783412417192636,0.000573546134912586,0.0005756666186322618,0.0005818377066205704,0.0005740003386035945,0.0005739440098006151,0.0005743302529494554,0.0005811716913474207,0.0005771620231624804,0.0005743572870268161,0.0005762485798961463,0.0005877066012262278,0.00057837404915111,0.0005766104756119751,0.0005711615878799738,0.0005814148811333482,0.000576411972007244,0.000578743261710033,0.0005898348373029582,0.0005745733015695807,0.0005984157656987966,0.0005985245859628698,0.0005718990304613026,0.000584205897953241,0.0,0.0,0.0,0.0,0.0,0.0,0.0,0.0,0.0,0.0,0.0,0.0,0.0,0.0,0.0,0.0,0.0,0.0,0.0,0.0,0.0,0.0,0.0,0.0,0.0,0.0,0.0,0.0,0.0,0.0,0.0
93,0.001562442441210302,0.0013357380464776628,0.002067942553204759,0.00564832866064255,0.0015399715212332389,0.001227439772453827,0.002042616324688526,0.0053324987854046,0.0016094921443999665,0.0015360241190467746,0.002376111289231774,0.0060930128505722395,0.000983208664017102,0.0014656951481369822,0.0022383580292240175,0.0059111777625509305,0.001046234885013644,0.0014873582835683709,0.0023116654552942342,0.006007004468889915,0.0015428213090073184,0.0014123846954718312,0.0021629160946322035,0.005784720368748476,0.0011010247433497207,0.0012231694118238887,0.0020383696275657853,0.0052913013140906415,0.0015541884758720433,0.001288439055414357,0.0020531377467917413,0.005497208087838381,0.001582127357500646,0.001354634580345692,0.0020327257653522776,0.0057459656460300225,0.0015936318316716956,0.001675643619788421,0.002678344124807452,0.006357876444242016,0.0015655378869147657,0.0016283749427357694,0.0025368536344474437,0.0062411600345468,0.0016290674642069503,0.0014313882985248028,0.0021529637116171558,0.0058756119263133864,0.0015499776130386768,0.0014466698609943793,0.002193556812236126,0.005897474726626463,0.0015705925229435769,0.0013339419308186268,0.002062996250443462,0.005638057999317453,0.0016307281988591849,0.0016643508718235435,0.002606188863860183,0.006306827009876596,0.0015561602352973584,0.00149370455926357,0.0022784661411848193,0.00601369526977192,0.0015747871133459839,0.0014029307732242023,0.002124128636822169,0.00580812828853052,0.001592141611372725,0.0013621493677922786,0.002075863087163364,0.005705252193878319,0.0016547312318850877,0.0017217492143456784,0.002823167964324723,0.0068944371108909455,0.001597152712914867,0.001348033203970476,0.0020646407247285592,0.005805370661101672,0.0015121419093850072,0.0011741185144503398,0.002077645100983799,0.005336904345741382,0.0015526305678178662,0.001264660788895634,0.0020396876867864984,0.005445466119857956,0.001601102413260245,0.0015037748976552074,0.002286265871835106,0.006010161651589277,0.0015903036099011328,0.001351327872758751,0.0020649776684075185,0.0058059783772334995,0.0015777836648151805,0.001416964663518678,0.0021515967490580773,0.005898640786352406,0.0010961528194835925,0.0011513268021664813,0.002006958723170664,0.004889646071435532,0.0011429001533828857,0.0013910543218451916,0.002145254420339149,0.005738410653468091,0.001139793574699692,0.001268621432858429,0.0020565229505675104,0.005500478214307221,0.001151521838657792,0.0012383065417364404,0.002044089320700452,0.005405499998918976,0.0015183233236203972,0.0012783168846389095,0.002048372748743947,0.00547410721288372,0.0010634701995781404,0.0014123798061835776,0.00219393261528005,0.005863338013956072,0.000570939339473231,0.0005734344519340418,0.0005777963806352277,0.0005833745066543615,0.0006002024888241477,0.0005755409339109236,0.0005740218418802691,0.0005792691923150002,0.0005742756241765668,0.0005772794500641727,0.0005826851967328179,0.0005757713356918455,0.000574680759921657,0.0005755907705144083,0.0005830333830877437,0.0005791451804786945,0.0005763355414126464,0.000578051309290189,0.0005890426597680838,0.0005791465487222329,0.0005778796421837172,0.0005733315434498719,0.0005838745602483639,0.0005775728089806048,0.0005808731427239774,0.0005902907271135173,0.0005754846186961794,0.0006006815227668324,0.0005996092370710631,0.0005729019490456922,0.0005852896352925791,0.0,0.0,0.0,0.0,0.0,0.0,0.0,0.0,0.0,0.0,0.0,0.0,0.0,0.0,0.0,0.0,0.0,0.0,0.0,0.0,0.0,0.0,0.0,0.0,0.0,0.0,0.0,0.0,0.0,0.0,0.0
94,0.0015622972605327829,0.001334174200632839,0.002066250582822107,0.005643364331319091,0.0015398590925535826,0.0012271106367221897,0.0020427318905533623,0.005331213504562723,0.0016029449443709944,0.0015328568631734795,0.002370215103299684,0.006086398972425894,0.0009715524905815876,0.001462380688155999,0.002232971670673177,0.005902798211447035,0.0010476381098472364,0.0014870840474246075,0.002311179373421974,0.0060056731706988695,0.0015457480405470059,0.001418807757708546,0.002169851438386439,0.0057979874752195765,0.0011012173671051675,0.0012225233529583178,0.002038208293597708,0.005288618734145573,0.0015515006070658927,0.0012798987566548497,0.002050595556108485,0.005477030247986221,0.001582205660361881,0.001355737234141068,0.0020333505837044664,0.005748467069806235,0.0015873293148538363,0.001672075293977188,0.0026680224165538248,0.006347137484068208,0.001581824335248128,0.001622439190505974,0.0025291303783892606,0.006239986481986946,0.001622482684379118,0.0014262603193331905,0.0021454787104501108,0.005861862094023237,0.001550306097304003,0.0014494451114909818,0.0021978184480603,0.005905055121194651,0.0015680539380834926,0.0013269362296314652,0.002059190789060196,0.005620564799559639,0.0016178306476289771,0.001664500269641663,0.002605859662725406,0.006305261993364137,0.001557828061705794,0.0014976893071679414,0.002284953885127416,0.006021164306506509,0.0015760983266519075,0.0014163128406621175,0.002139277029923432,0.005840299738029509,0.001589743181194824,0.0013554000271774008,0.0020711712484028848,0.005688232145106514,0.0016528009563529,0.001721543263335489,0.0028222592335056165,0.0068911416315411336,0.0015952395329041093,0.0013523670465210888,0.00206867929822836,0.005814511848530529,0.0015168338186871194,0.0011759950810872257,0.0020779365366540305,0.00534976653927767,0.001553926649725246,0.00127282955346362,0.002039474987102672,0.005468445613003053,0.001602490110692079,0.001505447004186906,0.002289429375620868,0.006014405170211973,0.001588855236912352,0.0013430511345338516,0.002059543557991465,0.005785439006778247,0.0015766289544539517,0.0014081297217977736,0.0021415202701477436,0.005879852393685002,0.0011001089961696598,0.0011508462512864555,0.002006204127504352,0.004889829212744336,0.001142776393957067,0.001386882259359435,0.0021411076576486098,0.0057300938754051185,0.0011412430485373223,0.0012672319000941162,0.002055481690959282,0.005496231289984837,0.00115230955298359,0.0012366008987901413,0.0020429836277166343,0.005400183985572596,0.001514754108199841,0.001274578400544947,0.0020469361452172628,0.005463573359662907,0.0010627232674445895,0.0014150659942161468,0.002197215020268572,0.005868909664242463,0.0005707485792346438,0.0005725994222540886,0.0005745597393584615,0.0005824834709866995,0.00059716101934282,0.0005748379441747807,0.0005734190732675017,0.0005784312049017954,0.0005734990740959085,0.000574467916149474,0.0005816698399385999,0.0005726297406091043,0.0005738968675636389,0.000573856748318948,0.0005795159737238192,0.0005762466204202168,0.0005733795043612105,0.0005746599150854098,0.0005871829744774013,0.0005783547147362864,0.0005767953470077747,0.0005703945676774195,0.000580114360113698,0.0005765957493371023,0.0005775436874540787,0.0005899534345403745,0.0005748306716646839,0.0005971263333793822,0.0005990132804906497,0.0005720887080645148,0.0005843524107133657,0.0,0.0,0.0,0.0,0.0,0.0,0.0,0.0,0.0,0.0,0.0,0.0,0.0,0.0,0.0,0.0,0.0,0.0,0.0,0.0,0.0,0.0,0.0,0.0,0.0,0.0,0.0,0.0,0.0,0.0,0.0
95,0.0015616049286414622,0.0013284401379016072,0.0020626377283678404,0.005628431451903929,0.0015393240920960752,0.0012252735014598162,0.002043301026452754,0.005325041066293667,0.0015937993056421632,0.0015275130778121112,0.0023597115023776235,0.006075823066827966,0.0009765580840709507,0.0014574547912571169,0.00222476349816397,0.005890333376682167,0.0010458611370870406,0.001483797944590995,0.0023048763508608547,0.0059983881038367815,0.0015495269218819196,0.0014260677748803767,0.002178620279230814,0.005814272400846296,0.0011278153178985787,0.0012142136489782212,0.002036802981493975,0.005258078826398298,0.0015476349817773365,0.001266885066183491,0.0020460537326286955,0.005438743463362348,0.0015818893377739615,0.0013526306450351792,0.0020316825297847984,0.005741489118853747,0.001591891432158387,0.0016720652735356773,0.00266801503834596,0.006346744985122665,0.0015930588136558144,0.0016113245469344323,0.0025107732513385645,0.006230663990448041,0.0016171883548002524,0.0014221211378578893,0.002139578829463182,0.005851012431182689,0.0015509471804635304,0.0014523813313609155,0.0022020775093351537,0.005912400470822807,0.001565504519212767,0.0013128962535391441,0.0020509680068826375,0.005583875486801334,0.0015979658809916581,0.001663305237796002,0.002601857882757439,0.0062997371674034415,0.001559454800136409,0.00149787595285286,0.0022839875854650756,0.006019432767611302,0.0015753219309886646,0.0014109144495620266,0.0021330385275769967,0.005827126191754785,0.001582698917057931,0.0013444302806281472,0.002063404321682268,0.00566085796815046,0.0016481227652708377,0.0017200861084609262,0.002816652680842456,0.006880830339336506,0.0015945931143630369,0.001353040785129981,0.002069273116314514,0.005816089620763805,0.0015187567366375403,0.0011769468094928754,0.0020780118324450524,0.0053563601728695166,0.0015542120659377437,0.0012748942686663278,0.0020395805429516923,0.0054740005702497195,0.00159791489954461,0.0014969023789551264,0.0022742339265252997,0.0059977455430344825,0.0015857128233673803,0.0013248167178286127,0.002049212166866893,0.0057410478219681975,0.0015739313733537262,0.001391725815345361,0.0021246147599966285,0.005843811412618831,0.0010991776595820413,0.0011505503009899467,0.0020060619808893324,0.004883790295649481,0.0011451821383612797,0.0013779553408081,0.002132239080429061,0.005711756158550734,0.0011411849922236107,0.0012694265653703577,0.002056499812792687,0.00550227352725807,0.0011558353686465267,0.001235881355633182,0.0020423865573520445,0.0053979558668101404,0.0015117379322753435,0.001272372220056524,0.002046489011460399,0.005457101200570251,0.001060589333471752,0.001417398373683624,0.002200013766074245,0.00587265801972842,0.0005704200987783176,0.0005725340113098926,0.0005764239865950513,0.0005825396176527664,0.0005995320977191613,0.0005747244284975777,0.0005732797134526305,0.0005782563400118007,0.0005733236239702177,0.0005759577269702744,0.0005815642086623711,0.0005744196944592642,0.000573746746452852,0.000575001235187588,0.0005817972439677997,0.0005785376140650711,0.0005757568917388472,0.0005766721872885531,0.0005885418589632239,0.0005782610739342709,0.0005767012961493388,0.0005726390361656428,0.0005820685833932626,0.0005765262607024277,0.000579367686067987,0.000589546807216531,0.0005745558582431025,0.0005991788250782257,0.0005988421064861962,0.0005720462494418076,0.0005840108168790743,0.0,0.0,0.0,0.0,0.0,0.0,0.0,0.0,0.0,0.0,0.0,0.0,0.0,0.0,0.0,0.0,0.0,0.0,0.0,0.0,0.0,0.0,0.0,0.0,0.0,0.0,0.0,0.0,0.0,0.0,0.0
96,0.0015618527127131614,0.0013305670851111535,0.0020639543141440387,0.005633744840936603,0.0015399029971910154,0.001226986676000211,0.002043220170746871,0.005331056760537499,0.0015828689363181344,0.0015180788530978222,0.00234101423735829,0.006058062734313744,0.0009845569899879227,0.0014501723619163819,0.002213269795250896,0.00587290533250147,0.0010502610134545361,0.001480871567661221,0.0022994821677534646,0.0059931729214885284,0.001545696583934132,0.0014222885964553546,0.0021739295435606602,0.00580604095590509,0.0011490522844439786,0.001208159936121834,0.0020363860806160788,0.0052346977707983045,0.0015468048257858739,0.001262798697241483,0.002045454852683948,0.0054273578460398725,0.0015821527637445052,0.0013592582918411933,0.0020354491175265848,0.0057562468111993104,0.0015939418921990024,0.0016814258799204979,0.002692092060940165,0.006372999843027126,0.0016001619258398095,0.0016192421047232614,0.0025259774919339493,0.006240818099989963,0.0016200322129521396,0.0014246035883676174,0.0021433348204792694,0.0058587045266767215,0.0015527110003611714,0.0014501137045846092,0.0021985797137642465,0.005908403860731625,0.0015644772095788826,0.001306121316967152,0.0020471734613446563,0.005566167948782971,0.0015886207492647373,0.0016626904580825485,0.00259920697580662,0.006297339965168234,0.0015609267455164901,0.0015002577067391076,0.002287791711633078,0.006023713190071127,0.0015758073875629598,0.001414542702082143,0.0021373675009998118,0.005836387850329189,0.0015808373416754114,0.0013407470700622078,0.0020608230205235354,0.005651483537243912,0.001649072453093095,0.0017204594250084671,0.0028181512017503526,0.00688064190593618,0.0015920245327638804,0.0013460066845935484,0.002064782184658186,0.005799127583972369,0.0015235290989947475,0.001179383894674005,0.002078458584941857,0.005371622420155261,0.0015541672166373421,0.0012741136436715287,0.002039290932787642,0.005472033463642616,0.0015950709059922665,0.0014899750187765191,0.002261975347121817,0.005984326539396317,0.0015842015541962873,0.0013179933917568589,0.0020459655651506314,0.005723997914282554,0.0015734570128733874,0.0013873994070791372,0.0021200119458006953,0.005835230359162155,0.0010983411232494621,0.0011500412814311985,0.0020057884986440714,0.004871647140801308,0.0011461914313029113,0.0013748008905461523,0.002129218047669734,0.005705630228757294,0.0011477068780652378,0.0012606656486609615,0.002051129942923488,0.005475935438561091,0.0011546413533514905,0.0012359213241466527,0.002042575770836536,0.005398263425129125,0.001510912414849914,0.001272211608238944,0.0020464078500086157,0.00545654238210402,0.0010630151594710718,0.0014170116298496144,0.0021994074554355417,0.005870441555271223,0.0005704190477491812,0.0005729108647915319,0.0005784696024880236,0.0005832636118072774,0.0006024181207473056,0.0005751596607244508,0.0005736562745009369,0.0005787704430110733,0.0005738516112009096,0.0005777040661036904,0.0005821597463095844,0.00057640885683189,0.0005742665106894985,0.0005755936254475049,0.0005844440430323983,0.0005807047968978052,0.0005779815315546987,0.0005788792124194553,0.0005891821228991491,0.0005787739770093419,0.0005775949928462649,0.0005746118109548062,0.0005840760435592078,0.0005770911745789377,0.0005813047381663218,0.0005894487665919324,0.0005748626333905841,0.0006010754432945252,0.0005992397967421232,0.0005726855816462414,0.0005846486141311905,0.0,0.0,0.0,0.0,0.0,0.0,0.0,0.0,0.0,0.0,0.0,0.0,0.0,0.0,0.0,0.0,0.0,0.0,0.0,0.0,0.0,0.0,0.0,0.0,0.0,0.0,0.0,0.0,0.0,0.0,0.0
97,0.0024007898765681774,0.0017835505237382928,0.0029722052175271824,0.008268346503490377,0.0023604485375470635,0.0017084066059287865,0.0030284751705378535,0.007808053993139706,0.0024184559465904544,0.002087130429014115,0.0031900141872489227,0.009020972051299238,0.002360266292188758,0.0019451190181984123,0.003050505305636385,0.008642174028007982,0.0016726801764287052,0.001973264661858639,0.0031025081639235673,0.008585357485791483,0.0022828639671635914,0.001881222301464027,0.003010828831447891,0.00836278733286333,0.0021199687292429684,0.00170780313362766,0.0030203216463994716,0.007586273763001005,0.001960665022259191,0.0017328534250400708,0.003017821366036649,0.007800289110771028,0.002414821594985731,0.0018264680638752713,0.0029597183929278275,0.008775810449931002,0.00245682934773671,0.002246499543748608,0.0034731287718283636,0.009819089419842558,0.0025206083264377836,0.002185442418982766,0.003239364160813663,0.0096575711005887,0.002419304922080972,0.001908139270966478,0.0029749316662136607,0.008959156220758123,0.0024150077214230518,0.0019024020663532693,0.0029280799266321014,0.00898588864537959,0.00241231914484203,0.0017584539214766247,0.0029884821815076637,0.008180959948816806,0.002388170292309261,0.0022617221324542146,0.0034595580862512012,0.009367759039107115,0.0024041447944229523,0.00200412844612445,0.003086175185528858,0.008873348394933126,0.002400801998847168,0.0018994614244858805,0.002989654838025603,0.008590274172575381,0.002397304862367381,0.0018326663671277322,0.002978087228050381,0.008335711657644962,0.0025053268663218983,0.0024339838096920285,0.003798055778104464,0.009995751795097652,0.002432262153112391,0.0018179645957079947,0.0029553028174235073,0.008607856643940084,0.0020374937313029024,0.001706369303490176,0.0030538951209879116,0.007672766351080037,0.0023832877494944222,0.0017453027686873974,0.0030013999140177635,0.008038125708362015,0.0024090127052597593,0.0019865104602829657,0.0030470971575195308,0.008812193459696,0.0024155910529885306,0.0017331451219505089,0.003001508577877744,0.008290280067113834,0.0023997943212721493,0.001846737898730682,0.002977033920104695,0.008622104015137274,0.0015159538349661767,0.0017060569189553453,0.002992513209128453,0.007153570160138709,0.002195516687145838,0.0018656363199041897,0.003009490941792529,0.008392867934757691,0.0016449934299897818,0.001750524934473848,0.0029887745067980294,0.008025713332453511,0.0016494367508498903,0.0017356135569544854,0.0030035080751943766,0.007896883176659469,0.002347494479080001,0.0017543776665435921,0.003004933320442083,0.008020213271260216,0.0016852617027153757,0.001901939105207487,0.0030540398554452204,0.008639867630879754,0.0008631932019939494,0.0008673993938549608,0.000867382111466829,0.0008742086844116628,0.0008955190644327519,0.0008736872183467969,0.0008686602827509506,0.0008744668030455904,0.0008721052885708111,0.0008681208044224666,0.0008774116044973272,0.0008663517955006456,0.0008723717602763207,0.0008650370350802652,0.0008743643226846475,0.0008665373895879249,0.0008644212274214935,0.000868329563678324,0.0008772984409370638,0.0008755151118890975,0.0008763098840342471,0.0008604252007862921,0.0008724317901031903,0.000872976749017043,0.0008695351494023587,0.000879047402183167,0.0008702610341370829,0.0008918797049319876,0.0008930412425249694,0.0008669287753455996,0.0008975576179467376,0.0,0.0,0.0,0.0,0.0,0.0,0.0,0.0,0.0,0.0,0.0,0.0,0.0,0.0,0.0,0.0,0.0,0.0,0.0,0.0,0.0,0.0,0.0,0.0,0.0,0.0,0.0,0.0,0.0,0.0,0.0
98,0.0023993389657988775,0.001777077128570908,0.002977147724106043,0.008242283235246067,0.002357870848966274,0.0017030152468634702,0.0030306881251082425,0.007765895928568287,0.002414619009215477,0.0020715602106807156,0.0031708988657468363,0.008986226805271766,0.0023567794066595453,0.0019419357281697416,0.0030485847042261574,0.008633015205610278,0.001675155830576197,0.0019719742267194423,0.003100561452653544,0.008574606876182276,0.00224228442412553,0.0018634064597518516,0.002984166256067607,0.008155756122595642,0.0020875093831408432,0.0016963406627641408,0.0029971129232528454,0.007382662133698421,0.001952485498554,0.0017285319486454367,0.003019206110254205,0.007771502095578912,0.0024134535747562264,0.0018201273370494493,0.0029668363075546584,0.008754779344232739,0.0024548848273060154,0.002236322858172612,0.003456255317791966,0.009809239606263544,0.00250637421899953,0.002158698872511416,0.0031835493909274145,0.009604195730919904,0.002420145150394249,0.001896195350831094,0.002972718827694918,0.008926381218848853,0.0024135643595925614,0.001886001756421252,0.00293725615968632,0.008940276252471758,0.0024085546111924433,0.0017519052003621706,0.0029950803323235665,0.008152007416840402,0.0023819393865669304,0.002252179899711701,0.003444143909415293,0.009352084420875574,0.002402566195058929,0.0019954545897127173,0.0030777005399093968,0.008849780877286412,0.002397662847620348,0.001889169758260233,0.0029869854547797756,0.008558976385625559,0.0023943788000673387,0.0018208563016122873,0.002983127283527286,0.008293750386018525,0.0024962997808550364,0.002410496859857496,0.0037445586326689674,0.009966526585172872,0.002425659475722512,0.0017977561681540959,0.0029645602510067794,0.008533347364217354,0.002026105295404652,0.001707165025006751,0.0030544799529276553,0.007639187168248981,0.002381011606569008,0.0017354991166606513,0.0030079731592498227,0.007988597689591091,0.0024031066005141136,0.0019661911692351822,0.003029071053978651,0.008753187565394031,0.0024115048955382886,0.0017249782096511236,0.0030094710780620387,0.008249351641644746,0.0023987710942704366,0.0018387886811959144,0.0029761304348374725,0.008595552393284946,0.0015148532152220757,0.001706293008866051,0.002991486952767968,0.007141200005913688,0.00217279210196068,0.0018556550314733984,0.0030072618063343923,0.00836021454165657,0.0016477424230124272,0.0017474556945054382,0.0029891327287688793,0.008007803110072119,0.0016505231394570818,0.0017345301029722904,0.0030037864336744714,0.007887800917930989,0.0023466275961186176,0.0017530211531246918,0.003006090802470967,0.008013616693567528,0.0016870936780237823,0.0018986881813468895,0.003051016395981077,0.008624475883910911,0.0008629290383067728,0.0008672777033726138,0.0008668014991402628,0.0008739724827552609,0.0008949261626583333,0.0008721641296061176,0.0008667901541210478,0.0008742378135490982,0.0008718948521143149,0.000867537743360426,0.0008771603321183265,0.0008656845364608993,0.0008721855054348367,0.0008647319501024082,0.0008737293819475742,0.0008663411778996278,0.0008640709910262705,0.0008676930330131854,0.0008770309254700688,0.0008752689744579393,0.0008760114914088126,0.0008601175017093157,0.0008715843165785289,0.0008727382147620805,0.0008689090646656463,0.0008789635049442925,0.0008705722524584438,0.0008911552285281008,0.0008928444875148986,0.0008667339085935404,0.0008972431329305023,0.0,0.0,0.0,0.0,0.0,0.0,0.0,0.0,0.0,0.0,0.0,0.0,0.0,0.0,0.0,0.0,0.0,0.0,0.0,0.0,0.0,0.0,0.0,0.0,0.0,0.0,0.0,0.0,0.0,0.0,0.0
99,0.002396843674685401,0.0017646399916354523,0.0029865422613839527,0.00819199458383496,0.002355723394796729,0.0017001038510904073,0.003033299716805155,0.007737125592941023,0.002411885829427666,0.002061397981246124,0.003158822380006762,0.008963854353891246,0.0023512974851265427,0.0019352127520824666,0.0030434979279006535,0.008614315634912663,0.0016728043613438316,0.001971294672938982,0.0031003601378794734,0.008576131415421065,0.0022205171172616544,0.0018552635337849655,0.002981760322706375,0.00812946414295037,0.002074800823534242,0.0016946110978498675,0.00299778655219635,0.007361525394775066,0.0019458488372484355,0.0017252584088324706,0.003020306406757551,0.007748571906404015,0.002408821055218913,0.001805592325850285,0.002974928301656874,0.008676345588264927,0.0024491775373440263,0.002219154569311461,0.003425631968541047,0.00975225882714929,0.0024948989625247454,0.002137341261465641,0.0031422113733021503,0.009520546046749902,0.0024186847046496905,0.0018851649448909185,0.0029676357187041107,0.008863678812798764,0.0024093901494586837,0.0018662802794498098,0.002945496084700067,0.008847334587612865,0.00240472047365979,0.0017431297428887034,0.003003081502291337,0.008110978266761965,0.002373926208238013,0.0022393211780818495,0.0034232657471555622,0.009326672910445932,0.0024002758058329814,0.0019815729534938924,0.0030656645332435223,0.008808504114262601,0.0023959223916585654,0.0018826442457452936,0.0029853976469399173,0.008538301293497972,0.0023914492111878137,0.0018092063405840454,0.0029885782289013744,0.008252846252081052,0.0024810286160888784,0.0023795772882429316,0.0036740967396387972,0.009909063550384536,0.0024227670006327297,0.0017847644168397679,0.002975735108406488,0.00848312124979958,0.0020104866366970815,0.001707490250027206,0.003052813739568279,0.0075914081224423635,0.002378758249125328,0.0017267096046396967,0.003014348904863863,0.00793970450989912,0.002400211480783126,0.0019509509302402372,0.003016809556643239,0.008708571902204918,0.0024084375106400535,0.0017192193527849576,0.003013686541455794,0.008209139080673562,0.002398328772660719,0.001835683969375195,0.0029766688080584986,0.008585363812848973,0.0015162106942673515,0.0017061083402094028,0.0029914943922122956,0.007143761193231901,0.0021717862125141202,0.0018442573612547084,0.0030055933040179263,0.008324051090736908,0.0016461771956164557,0.001747217882779913,0.002990134142776797,0.008006462847167231,0.0016525703895370956,0.0017367399051889357,0.003005258815032495,0.007901298855587794,0.002344784558525748,0.001749343105939198,0.003007989613865855,0.007996187970866115,0.0016893541033491325,0.001896964407214667,0.0030496588389577308,0.008618311549707647,0.0008637208762687599,0.0008683853862170594,0.0008690789123206699,0.0008753640767391185,0.0008987202427568749,0.0008737034585162555,0.0008683385400939843,0.0008757892693739785,0.000873527991049422,0.0008698233479477479,0.0008786536732906592,0.0008680279878592176,0.0008737358426082402,0.0008666666036010461,0.0008762412958661168,0.000869266417150138,0.0008669375698491426,0.0008701110786615645,0.0008789802220823534,0.000876725354262711,0.0008775985398755857,0.0008629718046174841,0.0008742230884108778,0.0008742622147976855,0.0008714226293840448,0.0008798521525830203,0.0008719251055073757,0.0008938345317413455,0.0008941461169318522,0.0008681685250293917,0.0008988932815870923,0.0,0.0,0.0,0.0,0.0,0.0,0.0,0.0,0.0,0.0,0.0,0.0,0.0,0.0,0.0,0.0,0.0,0.0,0.0,0.0,0.0,0.0,0.0,0.0,0.0,0.0,0.0,0.0,0.0,0.0,0.0
100,0.002394856430827097,0.0017550500583892723,0.002994381805730716,0.008151333783293616,0.002353979541059895,0.0016975285370385152,0.0030345790923314436,0.007712535914380479,0.0024086090363802937,0.002051209461241969,0.003147199260474096,0.008940958149785256,0.002348578519347378,0.0019320924334076054,0.0030418691766090516,0.008607671704933382,0.0016858751250438116,0.0019756373063865925,0.0031146809841439945,0.008699067014251107,0.002218547106531124,0.0018572779042847342,0.002994811915174243,0.008220980472791548,0.002065988549940591,0.0016981693424230075,0.0030123769530848816,0.007432124336716362,0.0019418916725506235,0.0017225031635313855,0.0030211988420214184,0.007727246740604821,0.0024069577804004187,0.0017973987883615496,0.00298400686951678,0.008651171221315425,0.0024461264917204585,0.0022013089504510103,0.0033982305403968942,0.009730528029541781,0.0024867974544189107,0.002121095875848811,0.003113115075101834,0.009487806762864072,0.0024190078920217403,0.0018762275504135121,0.002968676329079055,0.008837492330812644,0.0024067329813385724,0.0018487300831878338,0.00296011218996434,0.008794381018198657,0.0024023299209899665,0.0017389316972920353,0.003007490323368477,0.008089966112468719,0.0023643326069896047,0.00222727105087792,0.003403826983513095,0.009309903432452174,0.0023986869707907244,0.001970609136292928,0.003056930998794165,0.008775980281596972,0.002394272776532575,0.0018753493147920363,0.002983040520130712,0.008515914396908053,0.002388872031732393,0.0018015524837568125,0.002993093163005758,0.008230640432197957,0.0024832286419973785,0.0023635918067194256,0.0036366947326175463,0.009887563448937755,0.002420675171251562,0.0017724599781771895,0.002986500979505859,0.00843428340769735,0.001987239192460148,0.0017089194379782012,0.0030515155600377426,0.007531149511362351,0.0023772607729431535,0.0017199589779138293,0.0030182900031815235,0.00790185442689605,0.002398416647251927,0.0019366594070367913,0.0030058987165060814,0.00866637095331627,0.002408132637173346,0.0017191284776738851,0.003015668843710579,0.00820773249713671,0.0023970174980786395,0.0018297283109304724,0.002977608930162051,0.008564603249499644,0.0015173991199177736,0.0017059502775818203,0.0029913612496238343,0.00714474876633126,0.002170740965323824,0.001838925458775332,0.0030064810455837556,0.008307730158143432,0.0016542084161136747,0.001747756458789258,0.002989979991362429,0.00801274504706661,0.0016550857352339936,0.001737360171751223,0.003005884143346401,0.007906151382623842,0.002345126153411442,0.0017502863705526563,0.0030086441997543793,0.008001690483138237,0.0016913500121297138,0.0018974044951980144,0.003050838937788049,0.008625424364414875,0.0008626325118606612,0.000866758551508498,0.0008684217081420452,0.0008737868874207797,0.0008979750085652556,0.0008718493676411486,0.0008664739814694222,0.0008739832176711038,0.0008715522779392085,0.0008690900471763014,0.0008767524074613853,0.0008671803552271041,0.0008719185162578718,0.0008661258544210283,0.0008756643082422972,0.000869162681144922,0.0008668160837236671,0.0008693253445667441,0.0008786361337853638,0.0008749418016962534,0.000875592307157927,0.0008628278679014913,0.0008731481062368594,0.0008723467266106041,0.0008705414814894252,0.0008789056694450507,0.0008700774304026264,0.0008928818283073196,0.000892548019419534,0.0008665081012428247,0.0008969769110283065,0.0,0.0,0.0,0.0,0.0,0.0,0.0,0.0,0.0,0.0,0.0,0.0,0.0,0.0,0.0,0.0,0.0,0.0,0.0,0.0,0.0,0.0,0.0,0.0,0.0,0.0,0.0,0.0,0.0,0.0,0.0
101,0.002396322214842572,0.0017592795890165951,0.0029897298648499716,0.008170547126901333,0.002354636368116315,0.0016978237053940726,0.003034000064225916,0.007717417738253475,0.002407076645955232,0.002041361457691333,0.003135538314091272,0.00891579815065224,0.0023507393020717336,0.0019303750056225539,0.0030398791186627833,0.00860182207764917,0.0016856381844603137,0.001981704458690481,0.0031325857254232174,0.008849037541675046,0.0022392749697656283,0.0018640544776650882,0.0030115952698241085,0.008353686600236972,0.0020714590528608007,0.0017037682844944148,0.003028631371117845,0.007552843266137862,0.0019424242263824866,0.0017222469715973316,0.0030249212917007684,0.007743701104466594,0.0024068242366620755,0.0017933267874199034,0.002985169893251523,0.008636803347647892,0.002446707803634632,0.002199875043904838,0.0033946015390385535,0.009724263705157839,0.002491391143363787,0.002125215420352524,0.003119036867919095,0.00949222981266655,0.002420177653456865,0.0018751776854148239,0.0029651223364084225,0.008835820998246337,0.002406455337880119,0.0018451868815437178,0.0029599043986087525,0.008781115702499287,0.002403081047629964,0.0017392869070330065,0.0030046099516770506,0.008091952275022036,0.0023649161043025014,0.002224796659182054,0.003399733050444921,0.009303237404590138,0.002398127074835032,0.0019696463287046826,0.003054702996644184,0.008773657784725709,0.0023925545329967126,0.0018683907039206808,0.002979134359303549,0.008493016822141458,0.0023884855940263963,0.0018008682271163222,0.0029905775083328753,0.008230015905371382,0.002493908106853458,0.0023357444074249287,0.003575987767594997,0.009832969964526515,0.0024215328932530684,0.001765023749656804,0.0029888888521927667,0.008406109814008562,0.0019783949718603614,0.0017083480978518407,0.0030497022271347768,0.007516066242081736,0.0023775796921088285,0.0017169187072438557,0.003018263782815769,0.007887956458955963,0.0023986655980131476,0.0019330977041535215,0.0030028717418869913,0.008655181105695757,0.0024085369319462565,0.0017194501784888975,0.0030132607123330153,0.008212224175625402,0.0023969816655910847,0.001829218440586535,0.0029764619185067725,0.008561794698087155,0.0015119965553640983,0.0017071109483216974,0.0029918262303666038,0.007133637343410526,0.00216782730182077,0.0018399881044251624,0.003005563327859332,0.008309743582773671,0.001647690047085839,0.0017462927091630815,0.0029895722348074107,0.008003869315151341,0.001647720357434128,0.001735667196224749,0.003005485282425477,0.00789363590441816,0.002344682832879634,0.0017492634146000637,0.0030083027312910377,0.007996763664912691,0.0016853450450176756,0.001899084463516821,0.003052070412090716,0.008631104298847218,0.0008630123958263288,0.0008670290107928489,0.0008698085173532634,0.0008741187569849322,0.0009002706593196605,0.0008734079600744662,0.0008684258495233624,0.0008746819235193587,0.0008718926833861306,0.0008705854740507252,0.0008772630312547886,0.0008686638668745647,0.0008722253472294361,0.0008675001939848477,0.0008771749252719015,0.0008708239619798646,0.0008684767041975183,0.0008708682765336931,0.0008799487334864958,0.0008753992961561365,0.0008760667501624904,0.0008644641726596753,0.0008745923015674791,0.0008728616562863352,0.0008721014600388956,0.0008790595413926956,0.0008703069531006007,0.0008944686442789277,0.0008927946101942924,0.0008667992290076728,0.0008973896834837523,0.0,0.0,0.0,0.0,0.0,0.0,0.0,0.0,0.0,0.0,0.0,0.0,0.0,0.0,0.0,0.0,0.0,0.0,0.0,0.0,0.0,0.0,0.0,0.0,0.0,0.0,0.0,0.0,0.0,0.0,0.0
102,0.002395815582531032,0.0017596435307554745,0.0029913446468042815,0.008170818658236045,0.0023542253367206216,0.0016978681420446796,0.003034576690696042,0.0077158463130304,0.0024062589768421455,0.0020462358517549057,0.003141535989959668,0.008927212232881588,0.002347258769123068,0.0019281633185376276,0.003038507492235068,0.00859436567813742,0.0016845208550179496,0.001984476063940936,0.0031357811909613134,0.008853761033963735,0.002237306102583639,0.0018662236304764356,0.00301329650945943,0.008358651814081405,0.002088008438766786,0.0017075964410761212,0.003029401892169746,0.0075925676008746674,0.0019503073826412343,0.0017296601982309113,0.0030243839204522763,0.007792279841488134,0.0024072003049215784,0.0017944620533786775,0.0029854389112303707,0.008642509941605038,0.002448128656499886,0.0022032311722149844,0.0033977624172327934,0.00973005665682113,0.0024939968102765126,0.0021384493293975892,0.0031462404842782553,0.009523288879082022,0.0024198771248599314,0.001883240907541056,0.0029668224278464723,0.008860141704679402,0.0024053118850048075,0.0018432081344310562,0.0029635921926550917,0.00877261729151565,0.0024062060091059215,0.0017527937567774004,0.0029966803037677434,0.008152478012376615,0.002365094580790905,0.0022279608269703223,0.003405104800876724,0.00931042791921602,0.0023971111452667677,0.001964934688658799,0.0030503118656312615,0.0087610985441149,0.0023912699792131833,0.0018631838270056554,0.002977898107692413,0.008476513671449012,0.002387262781733553,0.001797876148896671,0.0029927767068514805,0.008219988215801976,0.0024992177233846584,0.0023289482681065794,0.003563248980858396,0.00982563234007757,0.0024216675119472673,0.0017634229281172221,0.002994413376084776,0.008408193971388898,0.001979150399992215,0.001708613698475195,0.003049940369579389,0.007513757190723637,0.002376103800900865,0.0017134065034906832,0.0030219844476334955,0.007862745721185045,0.0023987529246714237,0.0019319953431098133,0.0030020902069418124,0.008652078657099768,0.0024119993528942995,0.0017266679213293408,0.0030097183540762516,0.008258688509436916,0.00239950782384589,0.0018390144096035422,0.0029765427049632293,0.0085983983671113,0.0015126107987706,0.0017070066912879978,0.0029912901826986762,0.007130361895616868,0.0021552042797681045,0.0018436473623147276,0.0030057792334276527,0.008319803767406209,0.0016495652492650266,0.0017490223925916534,0.002989712049516159,0.00801922896646031,0.0016520232204388576,0.001736350459991566,0.0030043358146040057,0.007900654663045653,0.0023467125715313855,0.0017538500783835706,0.0030069675057189257,0.008017523482880748,0.0016873790567537854,0.0018974940862051058,0.003050981496831382,0.008626910440696835,0.0008638059482397362,0.0008681907193783304,0.0008693905450667121,0.0008753655579914685,0.0008991680530545173,0.0008749721522932346,0.0008705327695687317,0.0008759810472279216,0.0008734396650438095,0.000870201111892889,0.0008786787982633449,0.0008681938575569351,0.0008736221738532856,0.0008671800611529943,0.0008766945094271455,0.0008696025775268826,0.0008672161797770314,0.0008703215801916046,0.0008794405886660946,0.000876752089616755,0.0008775879938434083,0.0008631605856919887,0.0008741937741896311,0.0008743900177597322,0.0008716543947532122,0.0008798698130913195,0.0008718933478059594,0.000894086812719913,0.0008942862671890409,0.0008681521067390432,0.0008989261771479614,0.0,0.0,0.0,0.0,0.0,0.0,0.0,0.0,0.0,0.0,0.0,0.0,0.0,0.0,0.0,0.0,0.0,0.0,0.0,0.0,0.0,0.0,0.0,0.0,0.0,0.0,0.0,0.0,0.0,0.0,0.0
103,0.0023979922995793325,0.0017741500520109012,0.002987776900177735,0.008230684779287454,0.0023567700594605834,0.001704871728460225,0.0030380489881105194,0.007766120319210821,0.0024119382059401367,0.0020854825655252157,0.003189279129422504,0.00902238455109166,0.002343869771759332,0.0019399252653445349,0.003049195287355863,0.00863059835980575,0.0016769620129648353,0.001996556593226333,0.003150070349019629,0.008888952173444537,0.002252009641852221,0.0018752468064834082,0.003018878430411051,0.008393697211088045,0.0021288223288886215,0.0017175858064838122,0.003031068521228159,0.007682386474773904,0.0019883582106937836,0.0017558130478189703,0.0030230523479105836,0.007953287938875557,0.0024107812104343287,0.0018107498052806624,0.002977280249689133,0.008700687490046306,0.0024543240206222894,0.002238796547448951,0.0034511579408094,0.009782758288975412,0.002502031028422085,0.002166346262105034,0.00319981796515776,0.009586155216979008,0.002417326187524138,0.001914394305945748,0.0029777044236075586,0.008950997152134373,0.0024075188048497675,0.0018586144746820781,0.0029549723538869464,0.008821582079113413,0.002412317671284879,0.001775075304689159,0.0029856208009225657,0.008242568103760294,0.0023739115769639985,0.00224417491432723,0.0034324603833333807,0.009349050366029643,0.002398771139174588,0.0019775234205161706,0.003062433292778729,0.008799405586192325,0.0023921294808072033,0.0018687661033316837,0.00298164832068119,0.008494389226908023,0.0023922089326031187,0.001812380257532495,0.002992533683060668,0.008278747598018148,0.002513794868263491,0.0023475917462780368,0.003591927261946883,0.009850336966730048,0.0024260246507891697,0.001774672422960891,0.002986330549829906,0.008458865063704413,0.0019909091203827124,0.0017087620536776007,0.0030521268654522733,0.007540550730821553,0.0023774992377417307,0.001717240120859798,0.0030241734710485454,0.007889533215185547,0.0024030488379574635,0.0019510250833816548,0.0030153766720128995,0.008710605184855077,0.002421326046365319,0.001746650727126428,0.002993288796754938,0.008358333033991978,0.002404021747575989,0.0018640707382447763,0.002982293361534335,0.008686122502799046,0.0015111191057245853,0.0017075500562100366,0.00299279924852298,0.007137216507115405,0.002160626537517371,0.0018562407626082677,0.0030098043021273475,0.008363833215892945,0.0016484226740122881,0.0017565821797199805,0.0029918235752205316,0.008059906370475286,0.0016552099597389744,0.0017401656367407995,0.0030062186910668367,0.007924890219588799,0.002347048820545824,0.0017554857918498817,0.0030080013750017802,0.008023844901935709,0.0016883724740200863,0.0018962115113474302,0.0030516341657180943,0.008631374624478412,0.0008625462194149071,0.0008664452423868374,0.0008687281875017309,0.0008737894646316522,0.0008987706450031236,0.0008734244074972612,0.000868952642387213,0.000874274823580327,0.0008712569155513027,0.0008695899887666392,0.0008766873356757954,0.0008675122408055335,0.0008718615985806416,0.0008668235242236223,0.0008760683930443227,0.0008694459020387479,0.0008671301895061653,0.0008698534322488904,0.0008792108626378596,0.0008750566338962168,0.0008756782146794115,0.00086305810687987,0.0008735187337576792,0.0008726261194531304,0.0008711629855859506,0.0008788378450754578,0.000870070804428468,0.0008933798953880727,0.0008926563290093243,0.0008665425801858224,0.0008969867791616066,0.0,0.0,0.0,0.0,0.0,0.0,0.0,0.0,0.0,0.0,0.0,0.0,0.0,0.0,0.0,0.0,0.0,0.0,0.0,0.0,0.0,0.0,0.0,0.0,0.0,0.0,0.0,0.0,0.0,0.0,0.0
104,0.002398379371418431,0.0017835766918423963,0.0029898098356658394,0.008266956413616291,0.0023576793760188416,0.0017074319669743592,0.0030382375077564363,0.007786328806716556,0.002410692545930162,0.0021059522257856076,0.0032159211590896217,0.009069996280634457,0.002341664051602846,0.0019544529217111256,0.003062773806686179,0.008674617837844387,0.0016826850147505042,0.0020024252949138056,0.003157515362791037,0.008909730246922994,0.0022330797226801204,0.0018732878104875971,0.003020721201773693,0.008392718405441488,0.0021264833606239202,0.0017213030546243977,0.0030333452542917728,0.0077109887735738614,0.0019554996915342624,0.0017580820664189671,0.003023235250970097,0.007971092301326945,0.002410462452589147,0.0018135044414532406,0.002983420681008777,0.008710039160425695,0.0024567300693788094,0.002262068561227009,0.003490345260727161,0.009806367373693383,0.002513013921008107,0.0022049467640603846,0.0032896332678163834,0.00967320970371283,0.00241774916347495,0.0019120655414205131,0.0029844922471358834,0.008929891200847744,0.002406943039977953,0.0018609252565703143,0.0029590063515282064,0.008827134205688373,0.0024111801243705657,0.0017885359527813685,0.002981722949691892,0.008288335542859047,0.0023652956290793337,0.002239635039222017,0.003425262206248317,0.009346856948773128,0.002399821141762034,0.001979058748458117,0.0030659996921902554,0.008802397748985427,0.0023939547738111846,0.0018754592491906428,0.0029865235461753797,0.008513999851198637,0.002394743418671136,0.001828379522105848,0.002993500415001877,0.008334532712869852,0.0024936045741255526,0.0023514718584722993,0.00360263929582215,0.00986571558035202,0.0024274610535506462,0.001788703853116648,0.0029824718010806207,0.008514502667809811,0.0019835106979611715,0.0017121589141716224,0.003056962977304572,0.007533537142472152,0.0023767204175876907,0.0017164871748203375,0.0030282410698467595,0.007880493643818858,0.0024043335229821487,0.0019566744339955373,0.003020277894663912,0.008727913553183378,0.002425941487022859,0.0017606478713180925,0.00298870974843384,0.008416888584836869,0.002405312364231909,0.0018735136934740753,0.0029871275017283815,0.00872075220384006,0.0015099832324035661,0.001707929994904033,0.0029925111168734144,0.007130299220924494,0.00216170009563859,0.0018649442130180146,0.003013554702546438,0.008396574772615815,0.001655403517280052,0.0017588827078067566,0.002993249200146685,0.008070888625934412,0.0016592113946804798,0.0017432980236946468,0.003007244932412362,0.007944744504709078,0.002346581409341087,0.0017584357972429414,0.0030102137450008417,0.008031811808574518,0.001689954322393983,0.0018946942371459636,0.003051319627239267,0.008629612724222547,0.0008623150630771614,0.0008664180086656366,0.0008691440213875102,0.0008734978785552496,0.0008992498264456903,0.0008732689175728727,0.0008685470153836773,0.0008741950738165326,0.0008709412968947072,0.0008702538976542258,0.0008766132570635479,0.0008678075807037042,0.0008714596575181551,0.0008669542680027323,0.0008766321165729898,0.0008701172957793816,0.000867746072536456,0.0008700547751623867,0.0008794152259270108,0.0008744975842604044,0.0008749733959130969,0.000863669039758161,0.0008736488311958684,0.000871917961902392,0.0008712408772892636,0.0008787357020703839,0.0008699872586715739,0.0008934282213012344,0.0008923949358655466,0.0008662626221031904,0.0008966619368162708,0.0,0.0,0.0,0.0,0.0,0.0,0.0,0.0,0.0,0.0,0.0,0.0,0.0,0.0,0.0,0.0,0.0,0.0,0.0,0.0,0.0,0.0,0.0,0.0,0.0,0.0,0.0,0.0,0.0,0.0,0.0
105,0.002398304229164206,0.001778907187373275,0.0029870704968060066,0.008247964007750096,0.0023570634026792844,0.0017037843617711233,0.0030354824793481566,0.0077626943676514515,0.0024055585121190225,0.002100800205261623,0.003209249274896556,0.009048973056313782,0.0023384019041365004,0.0019454039816312455,0.0030543272301983984,0.008644834193766842,0.0016780402604903736,0.0019951598400527117,0.0031486978514801848,0.008888405153402877,0.002214938156817588,0.0018666233826317715,0.0030157160777029126,0.008368335376549785,0.0021101352314421102,0.0017190040092054935,0.0030307495589166787,0.007699509700410409,0.0019048348749762165,0.0017480316565430217,0.003020715156519367,0.007915835765724594,0.0024065834533924203,0.0018078960438830656,0.002974175392596695,0.008645607074338148,0.002449992161752003,0.002247169019969476,0.00346681105985,0.009702829290212664,0.002516746515383272,0.0022195288482985322,0.0033362035333791306,0.009640244988835254,0.0024118080064716623,0.0018977064876715614,0.0029784128537788147,0.008817094704582166,0.0024020902291732394,0.0018588788952409148,0.0029512232437989517,0.008761767788902539,0.0024051601249496955,0.0017940002584635184,0.0029797632388587902,0.008293029952640966,0.002357790887273223,0.002237791888854,0.003420575843760009,0.009339088656098738,0.00239708616085133,0.0019640309255509174,0.003053940193319059,0.008750970158856284,0.0023925323620832364,0.0018676909441891025,0.00298456826352062,0.008481748239287901,0.0023948589928455034,0.0018338910880873471,0.0029895577061303134,0.008348740590064047,0.0024878668114106245,0.002374479633805819,0.0036560232454511754,0.009899032196938554,0.0024233835405323844,0.0017840169840257522,0.002987908165316302,0.008493563518460878,0.0019771205166630086,0.0017119453991504658,0.0030564566436786875,0.007531032267876908,0.002377096837673848,0.0017136050927473476,0.0030264248377581703,0.007868634493975967,0.002406391454726471,0.001965996355048124,0.0030278770037533535,0.008754066945885638,0.0024299134538215126,0.0017690756174714292,0.002979608942364018,0.008450622149187513,0.002406834380786842,0.0018844202245856794,0.00299118128267218,0.008758309221621866,0.0015082774985810817,0.0017082976488102368,0.0029964733979398845,0.007161475382811366,0.0021624456016842908,0.0018691039033095391,0.0030132409919097687,0.008407448437010348,0.0016466031734458497,0.0017526640783642497,0.002992027849501993,0.00803611479765122,0.0016516080863352182,0.001742851885596275,0.0030071016209157293,0.007938305665046497,0.0023418141131822195,0.0017503861670540477,0.0030110864201293237,0.007987874083677909,0.0016812802752311183,0.001896580508786137,0.0030527272352685233,0.00863388815457819,0.0008634385916101621,0.0008681913309390372,0.0008718368526746887,0.0008752266119385646,0.0009023254543465155,0.0008752719016847223,0.0008704241160121313,0.0008761351138584055,0.0008729592669888116,0.000873008064598807,0.0008786659468818348,0.0008704415606169627,0.0008731793365742876,0.0008690525543060208,0.0008792227967235336,0.000872540961694345,0.0008703037628412947,0.0008728675880635894,0.0008814125446794585,0.0008763907110072016,0.0008770310789157608,0.0008664096926321157,0.0008766837304453683,0.000873887532318523,0.0008738655152856496,0.0008796254457739004,0.0008719414696903352,0.0008962021534959425,0.0008939615266943321,0.0008680473551091452,0.0008986011336014459,0.0,0.0,0.0,0.0,0.0,0.0,0.0,0.0,0.0,0.0,0.0,0.0,0.0,0.0,0.0,0.0,0.0,0.0,0.0,0.0,0.0,0.0,0.0,0.0,0.0,0.0,0.0,0.0,0.0,0.0,0.0
106,0.002396740579777537,0.001776735271051047,0.002992013934291153,0.008234704285307317,0.0023559499563319576,0.001703717266955964,0.0030360785962790415,0.007755715368919936,0.0024042558199187103,0.002117800707175678,0.0032310545993880823,0.00907983925026366,0.002334067822426858,0.0019373604902321148,0.0030482854846075377,0.008620758597963232,0.0016862698352026915,0.0019912751789116813,0.003143922570156656,0.00887637209360716,0.0022208112606929356,0.0018731089376741695,0.0030190561771724343,0.008390931584220052,0.002113297766923231,0.0017211403505750184,0.0030317259324798354,0.0077197790507797775,0.0018935430957327324,0.0017449218175988972,0.0030209781200898674,0.007902636763099068,0.002395108547816165,0.0018037576893360236,0.0029408102262677162,0.008431693912121131,0.0024312324492125935,0.0022224861191094546,0.0034193650744803574,0.009429266927891557,0.002493460876006206,0.0022054875440272654,0.0033118985540405385,0.009390311829792447,0.002400865587957191,0.0018812568705597619,0.0029538528557122514,0.008563423769626856,0.002391843649684161,0.0018663089228721885,0.002912204519419858,0.008582983090697965,0.002398846281749913,0.0017965554628064967,0.0029813901695129115,0.008280885983050901,0.0023350247169162544,0.0022352689463133344,0.0034138883404127313,0.009328723910943049,0.002396353983929336,0.0019636855345074016,0.003053741929963457,0.008742591951332652,0.002391630343870052,0.0018693608428318664,0.0029857423889421025,0.008478990534671826,0.002393372283174891,0.0018360926283802126,0.0029894947464823816,0.00834980198568945,0.0024820410100003273,0.0024374795271304176,0.003811906335396183,0.010012125976398088,0.0024258626915999466,0.0018091719641081744,0.0029702685957980115,0.008590192990480614,0.0019860951785429233,0.0017111477114786257,0.0030556224504183415,0.007538265172617539,0.002378123995774093,0.0017189856601980595,0.003024752666471569,0.007897264245577037,0.0024080394635017013,0.0019847942592443927,0.003046045950990545,0.008801717714955089,0.0024309366694921213,0.0017734576936654443,0.002976110880484875,0.008467627783637136,0.002406867953587354,0.001886665532198615,0.00299294531847851,0.008767625915712484,0.0015113705368487442,0.001699191944083055,0.0029753916780509166,0.007042408770081924,0.0021378058969522638,0.0018710391357835059,0.0030144904638424934,0.008413432471353769,0.0016521257819489981,0.0017592337058863362,0.0029896296754462993,0.008071130240482019,0.0016517664185431028,0.0017405832514471448,0.003006253529257431,0.007915533534031429,0.0023378355708834997,0.001745887321140356,0.003009899884080616,0.007947865164098964,0.0016825699461959166,0.0019008113354701036,0.003055932258572742,0.008642963297442028,0.0008624933911252571,0.0008667532282731708,0.0008686299614807834,0.0008738110414360565,0.0008980289867358914,0.000873690874373501,0.0008688611042300369,0.00087445066514835,0.0008714782879932776,0.0008697327495104041,0.0008770320381195811,0.0008671023489116739,0.0008715952307610191,0.0008664652791318769,0.0008758366530877723,0.0008689694019109899,0.0008666824348348435,0.0008695104908888739,0.0008789049294776509,0.0008748747870679113,0.0008754250054421515,0.0008627509416775275,0.0008728554342290873,0.0008724907460538547,0.0008702849974663329,0.0008787512351013775,0.0008702229162653929,0.0008923711186942902,0.0008923660728730523,0.0008666259510563802,0.000896667456254186,0.0,0.0,0.0,0.0,0.0,0.0,0.0,0.0,0.0,0.0,0.0,0.0,0.0,0.0,0.0,0.0,0.0,0.0,0.0,0.0,0.0,0.0,0.0,0.0,0.0,0.0,0.0,0.0,0.0,0.0,0.0
107,0.0023952582175232246,0.0017748693853294876,0.0029893716712939525,0.008216352248350118,0.0023556055937834016,0.001706366189647483,0.003035840815610233,0.0077644438111639565,0.00239926025640125,0.0021202584163604638,0.0032340081038914493,0.009072082516622398,0.002316130589584242,0.0019285211734606804,0.003040764644337809,0.008586366108317395,0.00168287272029197,0.0019913405095182595,0.003143600337671669,0.008869681544035984,0.0022443232665290275,0.0018847703903734274,0.003023087745155515,0.008423375319177471,0.002132174445455078,0.0017246483995387294,0.0030296367136264674,0.007747879965508675,0.0018866181525238393,0.0017471961417507853,0.0030200156685148854,0.007911588401646998,0.0023962461560889862,0.0018124492342877561,0.002932798445261128,0.00845781285902304,0.0024313583588359026,0.0022380581156212823,0.0034458706209064497,0.00944741942727267,0.0024758950166544405,0.0021988966459793795,0.0033051694729885786,0.009382295504414263,0.002400578355809654,0.0018747877967173034,0.0029565106680512795,0.008539558610276658,0.0023925172809554896,0.0018843253920374017,0.0029021112160179264,0.008629963210954614,0.002396178375756741,0.0018065788670480673,0.0029796167299905325,0.00830014634190708,0.0022715284875806795,0.002246258977928099,0.0034282036356217257,0.009335503125581034,0.0023965179380456376,0.0019758084235284106,0.0030651045527767787,0.008766398136790811,0.0023912123423851434,0.0018828826561231682,0.0029910877916373897,0.008512989993493779,0.0023933158439186234,0.0018399494069452921,0.0029876630207129064,0.008357002384534695,0.0024613519614442927,0.0024485959439062986,0.0038468887560722223,0.010041800225327312,0.002422494476114389,0.0018281520189905793,0.0029730391187995234,0.0086402513687732,0.002002041461098545,0.0017111494203230551,0.003058204666485301,0.007581051384540077,0.0023795833628613423,0.0017280609163236955,0.00301930705017901,0.007943794760414964,0.0024049178010168513,0.002004759415087712,0.0030697393005156,0.008854630922608058,0.0024278968225174046,0.0017788989172495399,0.0029732553531887362,0.008474318528697296,0.0024067762750101334,0.0018934072129360548,0.0029963149841658325,0.00879049459752864,0.0015119948055291519,0.0016987691962635214,0.002974851584501708,0.007041210378018221,0.0021264425672555885,0.0018778824988092489,0.0030157095323725337,0.008429718954188307,0.001650160416351256,0.001762614773410546,0.002989208250500105,0.008081501300731585,0.0016532216831599278,0.0017371270877813857,0.003003291810696957,0.007886631953664692,0.002336262620770999,0.00174725008691278,0.0030086918471082815,0.007943277608720163,0.0016848229524132436,0.0019044250263706673,0.0030578052774020655,0.008646938719724839,0.0008626287753750271,0.0008664692929469623,0.0008694086575060178,0.0008736010827769696,0.0008990957912457321,0.0008735881980146853,0.0008689586103011993,0.0008743527415902898,0.0008714917276868856,0.0008705843209134711,0.0008769284672670965,0.000867955103217427,0.0008716713897094731,0.0008670473786151019,0.0008764831696025952,0.0008698214543643147,0.0008677559860167466,0.0008703957645151477,0.0008794527051974769,0.0008748921071898917,0.0008753720045634861,0.0008637807015329623,0.0008736174751167107,0.0008723687646920482,0.0008714107762349618,0.0008785643758686722,0.0008700551567658438,0.0008931132513140727,0.0008923382010249928,0.0008665599459981281,0.0008967756592078804,0.0,0.0,0.0,0.0,0.0,0.0,0.0,0.0,0.0,0.0,0.0,0.0,0.0,0.0,0.0,0.0,0.0,0.0,0.0,0.0,0.0,0.0,0.0,0.0,0.0,0.0,0.0,0.0,0.0,0.0,0.0
108,0.0023959414954318288,0.0017885290019718915,0.00298119424197614,0.008263821711484008,0.0023581924244358743,0.001713819435623082,0.0030331800867813485,0.007817732006650343,0.002399185750122672,0.002149023288590685,0.0032739459076737746,0.009130391331326995,0.0022904277244523287,0.0019328346923768594,0.003044718588226746,0.008597420000921275,0.0016885668895668716,0.001996239307493153,0.0031489289939332357,0.008881403630944416,0.002269456582801527,0.00189549301983055,0.003029685658454115,0.0084568224223192,0.002149079390871782,0.0017299406213759194,0.0030293369986390453,0.0077861612411591116,0.001882832596878065,0.0017569654257220519,0.003018841088860639,0.007965003848143401,0.0023983942947512532,0.0018334704045353794,0.0029170182025108817,0.008519478928768445,0.0024349889567380273,0.0022597166334441072,0.0034815740980729953,0.009473985261377047,0.0024631144485288423,0.0021923129751909814,0.0032920856765262987,0.009371461469810301,0.002406674473095846,0.0018949187445986974,0.0029607080543649356,0.008599886152148503,0.002393568909873054,0.0019101933844015446,0.0029023780809873732,0.008700847942314863,0.0023950943263302727,0.001805752343826156,0.0029835081681104563,0.008292416354744148,0.002217603775923952,0.002265476695013481,0.0034562872306772557,0.00936699152082397,0.002402680902537636,0.0020032500638900823,0.0030911525264107525,0.008841921763466183,0.0023926391464517667,0.001901116716655841,0.002999812824869363,0.008573073634836377,0.002396700062669657,0.001855794599777056,0.002986025913498647,0.008411703503155945,0.002451915702409237,0.002478336720148003,0.003919961579856265,0.010093251028829877,0.0024216689713376753,0.0018406261065519393,0.002974859938391399,0.008676894466484576,0.0020233928609891083,0.0017107575850967898,0.0030595130351194614,0.007625916316976168,0.0023820249952226256,0.0017433472722822082,0.003012306214067554,0.008023271636608141,0.0024051407107145467,0.002035500588450687,0.0031062091337186806,0.008934205824062603,0.002424421869063937,0.0017771171670676583,0.0029777171273642792,0.008462800330448984,0.0024069325819688074,0.0018848115514633588,0.002990923838910856,0.008765776235812938,0.0015147934385042281,0.001698508237203993,0.0029752334513878376,0.00704905008966673,0.002117557762756377,0.001885085917460324,0.00302045364638755,0.008451775258166955,0.001659381194344952,0.001769564019868536,0.0029896464678088623,0.008116915438686435,0.001655324807836134,0.0017373905444067455,0.003003486823668922,0.007887084086165265,0.0023359471838388904,0.0017496568545946254,0.0030083865262090052,0.007952827799333038,0.0016858569676786574,0.0019066417174401038,0.003060087855217891,0.0086580742013716,0.0008631028367799838,0.0008672871935887896,0.0008710432952790307,0.0008746441703313426,0.0009010267119728369,0.0008750483068763819,0.0008702275029302926,0.0008755692356939594,0.0008728101998141458,0.000872115236227722,0.000878186534190456,0.0008696907059843711,0.0008729693880537906,0.000868173001804748,0.0008781081072892348,0.0008714532930693653,0.0008694099176598082,0.0008720340695324978,0.0008805282815655135,0.0008762454287859278,0.0008768406583572663,0.0008654388046552248,0.0008754352730630546,0.0008736244530221813,0.000873173514026932,0.0008792039439586257,0.0008713804110464033,0.0008948576608094043,0.0008935743281203462,0.0008677704707043519,0.0008983160432974814,0.0,0.0,0.0,0.0,0.0,0.0,0.0,0.0,0.0,0.0,0.0,0.0,0.0,0.0,0.0,0.0,0.0,0.0,0.0,0.0,0.0,0.0,0.0,0.0,0.0,0.0,0.0,0.0,0.0,0.0,0.0
109,0.0023997931967712307,0.0018118703261414452,0.002963631354649751,0.008346476819082516,0.0023609937862311718,0.0017211031006939214,0.0030293357704583106,0.007865957726185962,0.002395385835077624,0.002144280788150776,0.003266594051454589,0.009115901420580688,0.0023037988192247186,0.001945194817343813,0.0030536064215390124,0.00862913423386279,0.0016808151184445103,0.001999428183632149,0.0031524656952076897,0.008891477501307726,0.002301194553678768,0.0019054910890154981,0.0030363832797749585,0.00848830732139157,0.0021344370359805765,0.001726429034783079,0.0030291060566973935,0.007765712719196809,0.0018804693672741341,0.001752897773557716,0.003019077542455854,0.007946601509819896,0.0024040460743544917,0.0018610809312232103,0.0028919723505568167,0.00860790717597027,0.0024370373579616876,0.002265044925884502,0.003489588778053963,0.009475084856987297,0.0024936008952986155,0.0022303621376699918,0.0034066161731203053,0.009462550335918685,0.002405335249486812,0.001889255611945721,0.002957583390710397,0.00858118634123826,0.0023950882947805594,0.0019183747996153928,0.002902948547467548,0.008730675030865942,0.002395332804141078,0.0018036631428519012,0.002981118521147463,0.008288940301923266,0.0022531678658092055,0.00228135384248265,0.003478409476579448,0.009387679749242301,0.0024110065459300176,0.0020351079000433094,0.003124095358905639,0.008921865242715574,0.002395500287975387,0.0019186396003674196,0.003006873129244715,0.008627023353705705,0.0024024823102593972,0.0018710926579260283,0.002984528404667666,0.008463069179559725,0.0024426851579475934,0.002472057031203719,0.003911413423184525,0.010081005528187545,0.0024219141036679265,0.0018471187486357318,0.0029747701470209517,0.008695151641672838,0.00203662191949614,0.0017094984574751166,0.0030585053766704552,0.0076704083285557825,0.00238533791311049,0.0017615675017130933,0.0030013803652602874,0.008108912789334238,0.0024056462385496856,0.0020397588325770026,0.003110810725321156,0.008943981274762798,0.0024247115804907305,0.0017749969386704752,0.0029750688696136497,0.008453231002428296,0.0024076960161095434,0.0018759934478962935,0.0029845276320690406,0.008738576815373789,0.0015066508972297746,0.001699639157282737,0.0029746896911968077,0.007027335512950046,0.0021355780130812687,0.0019015452049970887,0.003030191892705852,0.008497411320844323,0.0016552094615465197,0.0017626845730766426,0.0029864801377785513,0.00808258314234745,0.001646981135305765,0.0017360621728011291,0.0030030203507858087,0.007877440616439205,0.002337275785790084,0.001752486901009583,0.0030060278811266275,0.007965259371662745,0.0016850662045122813,0.0019007371923719276,0.003054276650719454,0.00864160735594112,0.0008626397809476158,0.0008665047122102386,0.0008709088075662113,0.0008737222182248473,0.0009010656244507781,0.0008739637276772946,0.0008691746610279875,0.0008745301847682554,0.0008716950955079312,0.0008719619163919248,0.000877274641334866,0.0008695803688270998,0.0008718815981886689,0.0008681515795373361,0.0008780928729617251,0.0008715834290233803,0.000869615410283567,0.0008718673063032622,0.0008804982495144683,0.0008751751594428523,0.0008757331220058273,0.0008655684752152514,0.0008752481878034116,0.0008725145628322426,0.0008731666634317902,0.0008784649483603104,0.0008701241499374265,0.0008947413417122704,0.0008924268656271203,0.0008667055389146919,0.0008974704184060277,0.0,0.0,0.0,0.0,0.0,0.0,0.0,0.0,0.0,0.0,0.0,0.0,0.0,0.0,0.0,0.0,0.0,0.0,0.0,0.0,0.0,0.0,0.0,0.0,0.0,0.0,0.0,0.0,0.0,0.0,0.0
110,0.0023988052052956454,0.0018131263992378418,0.0029639790831822786,0.008347622887715872,0.0023610486922015523,0.001721982644510473,0.0030294548429567916,0.007870629389085325,0.0023943935426953317,0.002143531107720951,0.0032656206475244415,0.009114383778945552,0.0022926905095274125,0.001935526803866815,0.003046084746224682,0.008602544091248904,0.0016897855070610122,0.0019918419239867884,0.0031435235431397533,0.0088684794927579,0.0022997714158905142,0.0019055895726769459,0.003036492634384288,0.008486081622526271,0.002138997759773372,0.0017276110843156979,0.003029046735565098,0.007771322802326694,0.001886702157543009,0.0017509637195284437,0.003019591490292705,0.007933597782920307,0.0024062632054403102,0.001867717597459316,0.002893959162503084,0.00864829584149906,0.0024313675616303896,0.0022458443688403063,0.0034595961687135584,0.009454711009725133,0.002503708880722033,0.0022435147364009266,0.003442561910458353,0.009511843233730489,0.002407887291270265,0.001898094442796975,0.002960566072128792,0.008608901779428378,0.0023964510142206598,0.0019223834661926762,0.0029080562194037443,0.008762320661923978,0.0023954991400927934,0.0018083065665830359,0.0029793068520651955,0.008302344821691328,0.0022063776918409945,0.0022880034719616675,0.0034876947094587916,0.009394071551240156,0.002412345245873925,0.002042373426495186,0.0031326038668356873,0.008940868756749529,0.002396776894974928,0.0019294598709648674,0.0030134806669661765,0.008661197000923737,0.0024020736686717254,0.0018709153013297861,0.0029847236234542903,0.008460506282285464,0.0024386994156693517,0.0024589689776158613,0.0038854988423262615,0.01006774309514302,0.0024211298193692536,0.0018459939040709075,0.0029761532955606285,0.008688561664793227,0.0020433902659758737,0.0017101855787158748,0.00305936308220157,0.00769073873495518,0.002385821348613445,0.0017699567160385198,0.002997597412024668,0.008140059173758266,0.0024052776521951355,0.002045398494265277,0.003118195975223633,0.008958273663594663,0.0024217637952440667,0.001777331394515584,0.002977137033312466,0.008457296140180592,0.002408315109427999,0.0018789020577388428,0.0029852334784704784,0.008749744909391568,0.0015041520023457691,0.0017003979258584014,0.002973211552357362,0.007003697078967501,0.002135522461915073,0.0019067796608516672,0.0030340682546972212,0.008512539507681386,0.0016564157383063564,0.0017596881876600669,0.0029865252213364937,0.008066889761560215,0.0016543552747563918,0.0017378386366947271,0.0030021982912672917,0.00789250691842546,0.002338891809312056,0.001755318773121148,0.003004572424091788,0.007979497382897348,0.001691516033263939,0.001898584694927547,0.00305242697107954,0.008636610134134812,0.0008624454662810562,0.0008663083885144432,0.0008689971695327473,0.0008735218541186233,0.0008980985855256158,0.0008737324375814727,0.000869025699972508,0.0008743919163967606,0.0008715334992792387,0.0008699968226053284,0.0008772500539857377,0.0008675284165741449,0.0008719681085836267,0.0008666142272965252,0.000876007770102747,0.0008690153278208349,0.0008670564320119756,0.0008698224762772512,0.0008790657010667732,0.0008750247622901111,0.0008755755663167931,0.0008630511970174369,0.000873053305114402,0.0008723984937643359,0.000871081542115602,0.0008783967713713325,0.0008699740817186355,0.0008925699767581635,0.000892453679498958,0.0008665349910413152,0.0008973774259149074,0.0,0.0,0.0,0.0,0.0,0.0,0.0,0.0,0.0,0.0,0.0,0.0,0.0,0.0,0.0,0.0,0.0,0.0,0.0,0.0,0.0,0.0,0.0,0.0,0.0,0.0,0.0,0.0,0.0,0.0,0.0
111,0.002396272767821157,0.0017889937775012958,0.002979404274564343,0.008262234512618986,0.002357901692856601,0.0017142942555938836,0.0030339655008415236,0.007815411244281218,0.0023959734444992716,0.0021455233488873863,0.0032682771847028147,0.009115292754017257,0.0022849231751019515,0.0019243606655194806,0.003037204555514194,0.008566952827094078,0.0016886135455028114,0.0019858794228246202,0.0031368632974883136,0.008849535730944082,0.0022830763580116847,0.0018971651684382205,0.00303084756085718,0.008457018960335112,0.0021320520915538207,0.0017247290386347694,0.003029298604809797,0.00774726038716317,0.0018915428029202428,0.001747724124540722,0.0030196439855662877,0.007912682094808533,0.0024014544802922525,0.0018452636312409026,0.0029034765909944143,0.008557310623202788,0.002431518614597436,0.0022413725864432123,0.0034515965795435858,0.009451002376404236,0.002493928705394656,0.0022211327473048294,0.00336684577324021,0.00942934316445349,0.0024055807907126876,0.0018935387948220395,0.002961452848946772,0.00859599773025792,0.0023927873610135814,0.0019105573766247362,0.0029030809166254398,0.008701737855790957,0.0023950727758080322,0.0018010815595432856,0.002982727666825507,0.00827664485906925,0.0021633805030046253,0.0022767311033786235,0.003471918921104522,0.009379345653451833,0.0024066582707958717,0.0020194973902163535,0.0031074354506928185,0.008880803172156202,0.0023942915855645584,0.00191335442255776,0.00300515496112688,0.008607884867064987,0.002395666045240049,0.0018507374289308761,0.0029852511072530463,0.00839077376205933,0.0024424250039625194,0.002467087736915833,0.0039000629968118164,0.01007854071527057,0.0024199456383030807,0.0018415752382332537,0.002976440685123086,0.008671979105735514,0.0020311725136124125,0.0017099060090396666,0.0030586537853932714,0.007647293389269715,0.0023843774493545536,0.0017601224210228301,0.003003009477696739,0.008095434945441234,0.0024031654039064236,0.002033127440158995,0.003104106238359497,0.008927936626916587,0.0024190800316858585,0.0017755399110386328,0.002980127849732994,0.008447340156461812,0.0024071858599972896,0.0018721190680096617,0.0029839439032779023,0.00872760077987843,0.001505937119613327,0.0017002415775149654,0.0029733325874384394,0.0070070631107746525,0.0021254310861011138,0.001900451403400516,0.003029344945501825,0.008489671260940062,0.001649218996806326,0.0017596187235876834,0.002988343993886093,0.008061141769415865,0.001655771966918562,0.0017377125329168651,0.0030023014123821807,0.00788880114984036,0.002338786756995568,0.0017552527997305668,0.0030060498561889954,0.007978845893090744,0.001692984568653733,0.0018979652181965495,0.0030516982504665345,0.008632560827610842,0.0008633251502292731,0.000867524997967023,0.0008708011146781247,0.0008747260670737277,0.0009004584836501692,0.0008749646962746831,0.0008703952161979258,0.0008758094067325868,0.000872982769016897,0.0008718861431677293,0.0008783695190327356,0.000869404890435125,0.0008731021165953168,0.0008679363534551355,0.0008778747701413841,0.0008709134197638445,0.0008689538793692142,0.0008718758421863496,0.0008802895382973869,0.0008763687497287222,0.0008770174227397334,0.0008650254977206034,0.0008752846052419206,0.0008737862097278769,0.000873182720342807,0.0008791594522044886,0.0008714768420744715,0.0008945650489565492,0.0008937237909058953,0.0008679322171106094,0.0008990236178876526,0.0,0.0,0.0,0.0,0.0,0.0,0.0,0.0,0.0,0.0,0.0,0.0,0.0,0.0,0.0,0.0,0.0,0.0,0.0,0.0,0.0,0.0,0.0,0.0,0.0,0.0,0.0,0.0,0.0,0.0,0.0
112,0.0023944496644454838,0.0017815872729723412,0.002984025227915085,0.008227038007619206,0.0023560305651053556,0.001710745639696959,0.00303312240010206,0.0077850074810974145,0.00239708329615311,0.0021564050087984903,0.00328404686580584,0.00913048296538206,0.0022944477752315385,0.0019256110613955133,0.0030380414702578917,0.008566573176905366,0.0016910199310936212,0.0019858873656826864,0.0031365061428331605,0.008842318547962396,0.002279380205823218,0.001893702235001968,0.0030282462110746947,0.008440204589427592,0.0021313856961598892,0.001723256176806474,0.0030310993906249428,0.0077313778285841486,0.0019012464678157138,0.0017473146778901167,0.0030210687686375607,0.007907332205941576,0.002400826994184019,0.0018374141253638225,0.0029103427243334858,0.0085374871056844,0.0024365805547693626,0.0022486513928623242,0.0034607124325529274,0.009466720930804239,0.0024958002586453914,0.0022180035413429783,0.0033428380380105247,0.009418627209813431,0.0024057800944647803,0.0018972264147088826,0.0029618705342083587,0.008609891726869807,0.0023920169802163584,0.001903580694361734,0.0029030662030047074,0.008684331771169444,0.0023958248078561058,0.0017990251844707038,0.002983796749036703,0.008270999203114396,0.0022773191506032845,0.00227114223443896,0.003464901354915725,0.00936950064166332,0.0024035070171771647,0.002006647344221439,0.0030938083098454496,0.008845535761818476,0.0023937175561161523,0.0019064883641055044,0.0030015218301770695,0.00858468278785082,0.002393103527895028,0.0018425510803515063,0.002986437741453048,0.008358786739515671,0.002451116105261627,0.002462079702215685,0.003885010260085176,0.010075089735062883,0.0024194387127475644,0.0018372920533261537,0.0029774965901842596,0.008659393174668668,0.0020235488579242915,0.0017105214480687132,0.0030590866806579483,0.007624156732192977,0.0023830566180997018,0.0017532955176961004,0.003007997485190451,0.00806456054082388,0.0024021414988909273,0.0020304587518828804,0.003102293183709099,0.008922154993681156,0.0024176339996539193,0.0017768925112327935,0.0029793254230553465,0.008441301148712076,0.0024077505031020337,0.0018744869282805632,0.0029846235773246512,0.008736681773194643,0.0015102131618586223,0.0016996690046140012,0.0029743913802370158,0.00702476536184303,0.002127917420991604,0.0018985187160321369,0.003028160519117031,0.00848160386066546,0.0016578363809006845,0.0017601621062929382,0.002987793451118914,0.008060095361422805,0.0016534364066994982,0.0017376050378407363,0.003003873444883423,0.00788123234820596,0.002340646456213397,0.0017567746081351204,0.0030054426348910834,0.007984001367094507,0.0016942377498508072,0.0018994905662096274,0.003052698627261245,0.00863270511478329,0.0008623409553603962,0.0008658855660071734,0.0008698387764130379,0.000873208722214285,0.0008997201590629148,0.0008731391744364457,0.0008686475753390913,0.0008742863683995874,0.0008712846833781371,0.0008709808615099922,0.0008767210784708256,0.0008684438158412565,0.0008715839001715228,0.0008672066552032082,0.0008769691718679247,0.0008704628285223625,0.0008684879110082827,0.0008708389830659787,0.0008797517676711728,0.0008747338502167218,0.0008752846697536373,0.000864527990334172,0.0008741521984395521,0.0008720724782729912,0.0008720560101765309,0.0008783392431267975,0.0008698671990724427,0.0008934963377955479,0.0008919079090536331,0.0008663445135705485,0.0008971747441158433,0.0,0.0,0.0,0.0,0.0,0.0,0.0,0.0,0.0,0.0,0.0,0.0,0.0,0.0,0.0,0.0,0.0,0.0,0.0,0.0,0.0,0.0,0.0,0.0,0.0,0.0,0.0,0.0,0.0,0.0,0.0
113,0.002396426961039762,0.0017803893134916188,0.002980337011544223,0.008230436136532666,0.0023569594195269883,0.0017097505806074535,0.0030333171324384,0.0077848663247602045,0.0024011110128946797,0.002162497213571719,0.0032933424298714695,0.00914807182436133,0.002319383023858343,0.0019339060671417752,0.003043130024260802,0.008588695033639536,0.0016821613907076504,0.0019903490936629764,0.003141197645067715,0.008853018298531735,0.0022986112400253814,0.0018959937731074265,0.0030286353493487812,0.008445005877614754,0.0021537737541836473,0.0017243483294537574,0.0030292487853547934,0.007745292244694122,0.0019304131288380975,0.0017542428471319933,0.003019412922861689,0.007946547309515108,0.0024018506157539,0.0018313015168916224,0.002912539094261914,0.008525943485833267,0.0024411763802052295,0.0022525329414989606,0.0034608013766047395,0.00947456372503228,0.002506884009606993,0.002206469118391582,0.003295900127692434,0.009381901486576093,0.0024044560643299855,0.00190214830724687,0.0029573929485660795,0.008632529936005376,0.0023933765797764053,0.0019024024759877948,0.0029002680084516384,0.008684049626873112,0.0024012686613615166,0.001801346083706299,0.002974801897149748,0.008295578058464108,0.0023558993834639306,0.0022687485335471684,0.003464133868790637,0.009366434338489788,0.002402693092626899,0.00200036076704986,0.0030861587673356675,0.008835394097001962,0.0023961075018421036,0.00190521234060766,0.0029988809103753643,0.008583857914043322,0.002395607729849689,0.001844258798741381,0.0029842115912184696,0.008363050104554563,0.00247557631151031,0.0024709446961238505,0.0038936919225201413,0.01007342574507732,0.0024230611116311824,0.0018373300535029558,0.0029713381715335686,0.008665608622601996,0.0020176497301330376,0.0017088590355748676,0.003056050856263727,0.007608897507659842,0.002383893022541359,0.0017506271722817345,0.0030056092583705413,0.008056342120395698,0.0024013764842465697,0.0020294282704505576,0.0031015094351331315,0.008918596971390911,0.002421291657666523,0.0017827414423122149,0.0029707683964828213,0.008465697042815513,0.0024098810157831686,0.0018842196460282603,0.002986062528657898,0.008767816693755561,0.0015071892339796516,0.0016996251174421274,0.0029753820246275443,0.007034371715298285,0.00216246773528726,0.001901298210011765,0.003024161290399275,0.00843981582123371,0.0016505931735259327,0.0017649225739343197,0.002987349376913932,0.008085646195302066,0.0016466706837649017,0.0017365487582158131,0.003003351856519353,0.0078780192881269,0.002345102342389373,0.0017627944344056393,0.003003947367329121,0.008017325721097035,0.0016883430580392027,0.0019007812609247213,0.0030531267150431616,0.008635440796828455,0.0008626974804567909,0.0008665432794496235,0.0008710615706732982,0.0008736006061405716,0.0009011836872260897,0.0008733840556808973,0.0008690180780607323,0.0008747101288164338,0.0008715704568533962,0.0008720389940732266,0.000877129753368388,0.00086972105967323,0.0008718180861684493,0.0008682148597847677,0.0008781861652703308,0.0008717392383126879,0.0008697413729949073,0.0008720782787108668,0.0008807081220322937,0.0008750803523609868,0.000875811443786029,0.0008658532793601667,0.0008756989462145029,0.0008726006767739038,0.0008733601702457141,0.0008784700818138965,0.0008695353878318007,0.0008948690443180478,0.0008922673241368714,0.0008665470306747358,0.0008976355105240628,0.0,0.0,0.0,0.0,0.0,0.0,0.0,0.0,0.0,0.0,0.0,0.0,0.0,0.0,0.0,0.0,0.0,0.0,0.0,0.0,0.0,0.0,0.0,0.0,0.0,0.0,0.0,0.0,0.0,0.0,0.0
114,0.0023985429849347185,0.0017911380668405221,0.002977377404964409,0.008280379010873527,0.00235946861675868,0.0017147001590069439,0.003034986449668454,0.007826143728894378,0.0024081762450314796,0.0021685279019043532,0.0033033091328213858,0.009176508389069214,0.002338572549201343,0.0019597059735526317,0.0030652899329417717,0.00867067181045548,0.0016767224207789428,0.002003741143286879,0.003157364555695246,0.008897144280634636,0.00230698279061576,0.0019026497185133829,0.0030346051243572494,0.008473259978795583,0.0021916005162802054,0.0017292911004191342,0.003031058591760067,0.007786999314517632,0.00195545341616059,0.0017684391812062645,0.0030204240820263183,0.00802455765319569,0.002420380067530552,0.001852685798191912,0.0029432248717070203,0.008852218120116743,0.002465956104519773,0.002289570854937478,0.003528422313081138,0.00983516110087751,0.0025190067798592872,0.0022039314328069627,0.0032791751410247423,0.009661618322657113,0.0024198544640087554,0.0019225497023989213,0.0029892171385052183,0.008952439256361302,0.0024117505822786687,0.0019272097697133656,0.002935421034337549,0.009014393207870293,0.002406835343469841,0.0018155005643969253,0.0029677176459002356,0.008353394819864735,0.002377470444308475,0.0022717988656648473,0.0034732774920907487,0.00938522342278962,0.0024021275360655734,0.001999867768453106,0.0030831902196477414,0.008844135404111166,0.002398756512924038,0.0019101802150777942,0.0030013853738646307,0.008605255750712198,0.002402461217806475,0.0018611700693404705,0.0029841136780749673,0.00842335623046651,0.0025121424889519225,0.002493977975714179,0.00394151774442039,0.010102442928146153,0.00242799469313379,0.0018430778065448186,0.0029689140837387863,0.008690314594614388,0.0020205570013249927,0.0017090150269059752,0.0030567818378075674,0.007617734678139242,0.002384053279450168,0.0017544790881753834,0.0030050271779043488,0.00807428377567255,0.002401422936126277,0.002034405870757883,0.003108434060570664,0.008932365731196488,0.002424835438994394,0.0017914015436255137,0.0029621284644941524,0.008500053527828066,0.002411155113831077,0.0018885997806991576,0.00298615937327791,0.008782006098507471,0.001509674383793149,0.0016993085675551353,0.0029733711483246722,0.007019991712793786,0.0021749537425042346,0.00189690483040139,0.0030205700767688224,0.008423348459972241,0.0016532818976508574,0.0017750431240715807,0.0029889702093716768,0.008135499984701007,0.0016505465804016952,0.0017378878355744397,0.0030034602941986788,0.007890434920383015,0.0023465224769726417,0.0017627794848932786,0.0030035776557920746,0.00802477426892332,0.0016900749626903193,0.0019015629912026725,0.003053968470416433,0.00863899162753966,0.0008633475675629409,0.0008675589915204487,0.0008707254288144333,0.0008748633498112746,0.0008996854708812434,0.0008747593439580667,0.000870385659731113,0.0008759428447003589,0.0008728415852651517,0.0008713642719830215,0.0008783415309586203,0.0008692181629501417,0.0008732341973199797,0.0008678454581910915,0.0008774011857911402,0.0008703617280607086,0.0008682222237905305,0.0008714087896479387,0.0008802310334614732,0.0008762709605565815,0.0008771613228988952,0.000864510810522163,0.0008752343465993314,0.0008738383074962223,0.000872704582098375,0.0008792899707271659,0.0008709654696782544,0.0008944827355120159,0.0008936549473606866,0.000867843049822828,0.0008991182062755952,0.0,0.0,0.0,0.0,0.0,0.0,0.0,0.0,0.0,0.0,0.0,0.0,0.0,0.0,0.0,0.0,0.0,0.0,0.0,0.0,0.0,0.0,0.0,0.0,0.0,0.0,0.0,0.0,0.0,0.0,0.0
115,0.002417554938782462,0.001816628875614208,0.0030072261340067883,0.008620970290379785,0.0023778700965810416,0.0017318747731931616,0.0030722181622338234,0.008135074649494506,0.0024397301235549148,0.0021912202851804563,0.003354224842558583,0.00951866527530935,0.0023673597745779854,0.001996639932190798,0.003121376574653023,0.009029705830341718,0.0016809689869253571,0.00202706439483793,0.003204226869418663,0.009209543907786739,0.0023310855232562024,0.001919732770400184,0.0030712671842451234,0.008754804155850164,0.0022323069902701696,0.0017423817593860552,0.0030645142495575317,0.00805655174496942,0.0020045056575015096,0.001785538682458104,0.0030565197062144118,0.008315800151970731,0.002422883792455876,0.0018577075507306136,0.0029382783946220944,0.008887426993164154,0.0024849828723262422,0.002312993111040834,0.003563843061673425,0.009909105205022355,0.0025291685376777444,0.0022179609566397264,0.0033064121075442525,0.009727849760450866,0.002420868368309965,0.0019280861677000915,0.002988923787906748,0.00901403893420166,0.0024152783782228427,0.0019274268292403221,0.002936536666494519,0.009051577921196291,0.002433239166100819,0.0018354214313540053,0.0029924792959180606,0.008674955785896847,0.0024075731962372926,0.0022892966565090165,0.003520305708133188,0.009721110292891558,0.0024169496428418035,0.0020194920641556516,0.003120754603987655,0.009163753918990027,0.0024144581567696554,0.0019157510008506215,0.0030280309086143193,0.008858245251279318,0.002408932671407293,0.0018756146414871204,0.0029876463980037637,0.00847874423969715,0.002556412976017538,0.0024885856194983916,0.003918030787127334,0.010170343091753537,0.0024318618268321488,0.0018476201206046703,0.0029682982745506707,0.008708778038122747,0.0020288607254437875,0.0017120597542779488,0.0030655950062327126,0.00768626710601344,0.002383840040397988,0.0017579700431831226,0.003007314043992141,0.00809082554835483,0.002401564608047885,0.002032837774353906,0.003105716023497472,0.00893224271486001,0.0024259498403024246,0.0017954458102647191,0.00296740658559727,0.00852639245768549,0.0024115269717522587,0.0018880954047803059,0.002988776242251071,0.008791167851706014,0.0015163758396429475,0.0017073333021484546,0.0029972554629858926,0.00718300596988015,0.002197346427900124,0.0019012911954054271,0.0030262609418484983,0.008453478119774737,0.0016504065245968567,0.00176867602764314,0.0029895756103213004,0.008108150613219116,0.0016546090910996008,0.00173960058104581,0.0030057371760095954,0.007917089770669423,0.0023497021283987486,0.0017649627829988482,0.003006760592207303,0.008057012341491681,0.0016934305918581954,0.001901102162152654,0.003054087639600714,0.008643037063682038,0.0008624934455726502,0.0008663000783611297,0.0008703020154393717,0.000873767350474971,0.0008993669867246585,0.0008735052934924778,0.0008690171410443283,0.0008742923267491772,0.0008713589143289663,0.0008708206341382824,0.0008767158838415574,0.0008689247586619135,0.0008718654159635471,0.0008675468137164468,0.0008769940723330682,0.000870415749248092,0.0008682074248457469,0.0008708973354036706,0.0008798869184334119,0.0008747091638377153,0.0008752536674447368,0.0008642450934318906,0.0008746093494957158,0.0008719915922690584,0.000872058490384594,0.0008787770323653296,0.0008697144181808538,0.0008939710478070012,0.0008925834847891972,0.0008664474773249023,0.0008975875446732148,0.0,0.0,0.0,0.0,0.0,0.0,0.0,0.0,0.0,0.0,0.0,0.0,0.0,0.0,0.0,0.0,0.0,0.0,0.0,0.0,0.0,0.0,0.0,0.0,0.0,0.0,0.0,0.0,0.0,0.0,0.0
116,0.0024181702124392145,0.0018127194853613331,0.003011828100291207,0.008625479061986196,0.0023781534138990743,0.0017290986872671053,0.0030746037767343934,0.008133777175871597,0.002444477332631793,0.0021814783403638813,0.0033411197504368086,0.009522155699317015,0.0023686932617054905,0.0019936775573905067,0.003120075388101294,0.009041945193632554,0.0016897228273979594,0.0020288912760100834,0.0032077606240692507,0.009236157210267779,0.002321305036170056,0.0019128220718614656,0.0030679224348514524,0.008752815115999058,0.002215068271522365,0.0017378812340645973,0.003067667595417306,0.008040215560560102,0.0020223074212042955,0.001781875839362069,0.003059102424089356,0.008316152091983048,0.002421165332234364,0.0018489443068417494,0.0029434094858639577,0.008859862766142198,0.0024735151342607023,0.0022812872452468106,0.0035130074569488298,0.009873313623449934,0.00253480699576962,0.002226161739311889,0.0033274541912664763,0.00974450445900996,0.0024216311266643596,0.0019267528445172338,0.0029881834186074535,0.009011293290862943,0.002415134560013922,0.0019225196508576806,0.0029355851057688443,0.009041646612625484,0.0024369850395520236,0.0018284260661588895,0.0029973184127564142,0.008674390303131102,0.002405305454332047,0.0022858075280200807,0.003516048927887513,0.009739657760412572,0.0024173765651893256,0.0020128753822757847,0.0031152210564052954,0.009164712253898023,0.002411412250783678,0.0018988781818027132,0.0030223388183995225,0.008823561509750692,0.002406631830474435,0.0018714127780847366,0.002984352736383189,0.00847125534384573,0.002574633104624634,0.002486924574513606,0.003912572786411112,0.010193694100361795,0.0024318368528461042,0.0018348603265782562,0.0029646052389498386,0.008667532667052946,0.002015748137828307,0.0017107524272985918,0.003061429962667832,0.007638445666496212,0.002382498683890074,0.0017497716721971027,0.0030092010507675646,0.008054210117993555,0.002401161537139527,0.0020189050172639044,0.003089831764488275,0.008898996043823477,0.002424086790507088,0.001796164984514591,0.002963654524030654,0.008518949261241974,0.0024094658814926527,0.0018824013099021548,0.002987189261688933,0.008759074433343794,0.0015158201753236096,0.0017043934100141069,0.0029890624111530693,0.0071334844018530255,0.0021961179000918782,0.0018989314197459884,0.0030240035392134225,0.008443750046632809,0.0016574362879748872,0.001768025214993116,0.0029912486150689217,0.008112086866204854,0.0016552167998773568,0.001739166774167608,0.0030070956743617335,0.007914029310657092,0.002348562492840737,0.0017616715643054143,0.0030074182069872333,0.008045206604161997,0.001691015475244152,0.0019025492149523386,0.0030556393848958667,0.008647117988628475,0.0008623391298567298,0.000866186121323529,0.0008710467163958737,0.0008736255486094433,0.0009004473603175632,0.0008734572263352721,0.0008689209522173605,0.0008742829863820822,0.0008714787099151461,0.0008715624091236297,0.0008766595249195097,0.0008697805838612422,0.0008717956902382338,0.0008681733098287088,0.0008777045143304681,0.0008713661806600963,0.0008691560837381432,0.0008715787566121594,0.0008804311494781524,0.0008745863757928444,0.0008753970997682972,0.0008652479944828408,0.0008752981968408323,0.0008717735847946199,0.0008725863917230569,0.0008788235101172006,0.0008695690158073949,0.0008947142371406499,0.0008923739641420983,0.0008663520447666845,0.0008973507861597368,0.0,0.0,0.0,0.0,0.0,0.0,0.0,0.0,0.0,0.0,0.0,0.0,0.0,0.0,0.0,0.0,0.0,0.0,0.0,0.0,0.0,0.0,0.0,0.0,0.0,0.0,0.0,0.0,0.0,0.0,0.0
117,0.002418959621925339,0.0018051438542983043,0.0030101244592853045,0.008604613234035085,0.0023783884083168816,0.001724421223595328,0.0030699897799439514,0.008116067008610303,0.0024486125247392106,0.0021626135324069777,0.003312288913564068,0.00948239014096249,0.0023695326854085924,0.001986904124490051,0.003112962504976969,0.00902685590343454,0.0016862815989694205,0.002023366277726549,0.0032018681535006224,0.009234569657378304,0.0023090524923433044,0.001900371180701483,0.0030536446289198115,0.00868912764895015,0.002222166202713619,0.0017380361344238606,0.003065030569791028,0.008045646456957108,0.002025296340228647,0.0017743177099449408,0.003057292697827575,0.008279285113550435,0.002420549203763717,0.001838528182891241,0.0029465508887539255,0.008826575116359496,0.0024724349181413845,0.0022766202048221324,0.003506160005016421,0.009856814520342812,0.0025376293398795833,0.0022190978928765545,0.003312955468562148,0.009730468906958493,0.0024212054776172713,0.0019308219584318366,0.002983947161870378,0.009022488291386481,0.0024176396201472956,0.0019182327603925035,0.002928689854644425,0.009037582619089985,0.002435119763123078,0.001808280151785749,0.003004969327359723,0.008618969325120575,0.00240613883628986,0.002282053498214407,0.0035088246837179293,0.009727791773644478,0.0024185016863764717,0.002015776337977121,0.0031170290219805427,0.00918228201889077,0.002414951388085368,0.001910267823868617,0.0030240072391857584,0.008867282938221371,0.0024056017705272595,0.0018618547253798823,0.0029786960739103716,0.00844758417402845,0.002564040481946983,0.0024807612519842084,0.003902514880494756,0.010178772315974242,0.0024389066768342542,0.0018357723898328186,0.0029557008790235943,0.008673224893621477,0.002027870054934199,0.001708422786345733,0.003058934466508926,0.0076686737961085055,0.0023822625657684672,0.001741470718936312,0.0030081073089088324,0.00802292155518705,0.002403766847870579,0.0020139682418668496,0.0030813033954334686,0.00888801060960438,0.0024212499102666068,0.0017874638297286206,0.0029550067244478216,0.008461427600927527,0.00240719695111672,0.0018817539606708054,0.002985275289180562,0.008747350971048881,0.0015219333433046807,0.001705085034584922,0.002996976816515838,0.0072122044436743835,0.0022251229557330257,0.001897494249982552,0.003019725361769924,0.008432139896695456,0.0016494449565667853,0.0017627987128980584,0.0029903564984584113,0.008093799546888873,0.0016603961660199545,0.0017505076986214904,0.003039909204836355,0.0081768398449298,0.0023495008941630566,0.0017606351493087667,0.003004323685179682,0.008045151051421921,0.0016867304905968925,0.0019015526678706454,0.0030550053289912756,0.008651958929888392,0.0008636372491974988,0.0008682677743630462,0.0008740799258754568,0.0008755610111798465,0.000903880674592261,0.000875778702339728,0.0008710127948382416,0.0008765367395086784,0.0008738300618957447,0.000874707141027037,0.0008790247602396395,0.0008731119325060268,0.0008739864886307076,0.0008708813881385864,0.0008809643594118236,0.0008743989583469867,0.0008721980946272205,0.0008750055966539311,0.0008832100194235571,0.0008769765603494605,0.00087800082303032,0.0008683330436014171,0.0008789572463912598,0.0008744454918669395,0.000876306862893757,0.0008797529978584832,0.000871676250940215,0.000898115639504758,0.0008942945171005728,0.000868276701552766,0.0008995164520338468,0.0,0.0,0.0,0.0,0.0,0.0,0.0,0.0,0.0,0.0,0.0,0.0,0.0,0.0,0.0,0.0,0.0,0.0,0.0,0.0,0.0,0.0,0.0,0.0,0.0,0.0,0.0,0.0,0.0,0.0,0.0
118,0.002419002530773027,0.0018057136807838711,0.003009841700728581,0.008608127683096779,0.002378123024290497,0.0017243692095436798,0.0030710482581782416,0.008115283792290751,0.0024481739429626907,0.0021571302453706766,0.0033039633406267916,0.009472994562044446,0.0023684681359559356,0.001985135852043272,0.003111424836827445,0.009023413104252212,0.001691285563653526,0.0020204005077125186,0.0031984005287109584,0.009228643339573779,0.002315235466695973,0.001906816870846496,0.003057924533214214,0.008710297401190451,0.002221009021647069,0.0017376076788309805,0.00306492005689186,0.008042811721906665,0.002024626822639164,0.0017674668475082377,0.0030580210151094057,0.008244189626216536,0.002419463181799878,0.0018358761447715224,0.0029502663762835542,0.008817927804070369,0.0024656565585233813,0.0022619637083311035,0.0034844753173614803,0.00984073623170673,0.002532327111763013,0.0022113089601390906,0.0032959188752654653,0.009715930572817402,0.0024211180343268117,0.0019230798826044375,0.002982069702416286,0.008998992862863832,0.0024179329005592793,0.0019247017280595894,0.002929927641289357,0.00905652188947075,0.0024310591136743618,0.0018012697724102036,0.003006739165621902,0.008571925728412476,0.0024036977212761553,0.0022824457009328536,0.003508438470418476,0.009724216273788845,0.0024189540300653366,0.002019076953692689,0.0031201500098466195,0.009189703877167813,0.002420755103345032,0.00192975921449944,0.003033213301715848,0.008926054366717033,0.0024036980386107688,0.0018541898450653003,0.002978649717789227,0.008424412914650806,0.0025438590784639266,0.002476168314865749,0.003895781601060386,0.010100285304775825,0.002439021357562853,0.0018410296676044456,0.0029559706862018866,0.008690081305147574,0.002035116379431136,0.0017084109618590508,0.003059281379920118,0.0076843917984563605,0.0023830935902430656,0.0017497081692736218,0.0030036724603527544,0.008060729140082705,0.0024057896529461917,0.0020160118738915952,0.003082696156412727,0.008893894051640476,0.002422690003303269,0.001780816714108889,0.0029637113368032333,0.008460714919754482,0.0024031854332814857,0.001875481488647229,0.0029865492004639,0.008720387392893209,0.0015236521249804428,0.0017045756095007967,0.002994622925364389,0.007195295797490956,0.0022076447677059578,0.0018903554031100387,0.0030093233412024976,0.00836380266329163,0.0016519824821059196,0.0017608284792018432,0.0029903126349840855,0.008084428472147184,0.0016612682149296425,0.0017477812062605437,0.0030396794133979474,0.00816378414811599,0.0023487967712716726,0.0017586304502050086,0.0030044769754692382,0.008037792095616895,0.0016836192897646182,0.0019047384582484414,0.0030580844699184193,0.008660424218179705,0.0008627323351679734,0.0008666862094025462,0.0008709605524340839,0.0008741074068784357,0.0008999742841077549,0.0008741360464188583,0.0008693456823895462,0.0008748146806160081,0.0008719330725460607,0.000871494562027268,0.0008772206198302408,0.0008698975086049972,0.0008722924337497288,0.0008685336441137499,0.0008778398330150795,0.0008709561313153022,0.0008688020280553146,0.0008717092972386987,0.0008810419813154822,0.0008753024303385442,0.0008760583176670158,0.0008649595622537181,0.0008754831170675893,0.0008726597470753343,0.0008728775339073868,0.0008789828309227803,0.0008692880832873058,0.0008949298071385767,0.0008928517540978638,0.0008667618050705667,0.0008973393898286294,0.0,0.0,0.0,0.0,0.0,0.0,0.0,0.0,0.0,0.0,0.0,0.0,0.0,0.0,0.0,0.0,0.0,0.0,0.0,0.0,0.0,0.0,0.0,0.0,0.0,0.0,0.0,0.0,0.0,0.0,0.0
119,0.002418192374064657,0.001798830007233888,0.0030147024100274956,0.008587257049808044,0.002377424154027401,0.0017229777739029353,0.003073058898626375,0.00810723601683926,0.002445697326544537,0.0021486224449686286,0.003291109737156631,0.009459102482350582,0.0023611907194880455,0.00197217850915365,0.003100668409032816,0.008993053785647903,0.0016904274237694134,0.002019123499166225,0.0031981947385230705,0.00924077900256289,0.0023271018906407077,0.0019150057560640148,0.0030634362316101257,0.008735489274726232,0.0021861186371949786,0.0017302885818405184,0.0030658138783295668,0.007987296176935676,0.0020125152096648062,0.0017562885821675374,0.0030596291413199582,0.008182499838203782,0.0024186330410647552,0.001833681719311261,0.0029552151961422133,0.00881072669986357,0.0024641523548855015,0.0022619080863477436,0.0034851437832505525,0.00984153782104523,0.00252371239497513,0.0021980056038894903,0.003266653568276189,0.009685393911594056,0.0024204218264405816,0.0019172083396914782,0.0029805876944800436,0.008983228994423793,0.0024175385910808053,0.001927119797754224,0.0029300586708523504,0.009058758788583138,0.0024273330025632966,0.0017870700914425547,0.003017202786996071,0.00851966488671771,0.002399275635350136,0.002278498152479066,0.0035014649220140503,0.009714048973875926,0.0024189287471535256,0.0020181070141059576,0.003119407940198765,0.009189797234940126,0.0024184396319392497,0.001921338750111627,0.003029378427699343,0.008902679343908707,0.002401430354625672,0.0018438257822271232,0.0029791316393721723,0.008392837181031173,0.002535464801177217,0.002467880246124438,0.003873690124517191,0.010159137194096779,0.0024316536248256,0.001842135433686788,0.0029557818678215136,0.008664898725077887,0.0020396142996742337,0.0017083857917513739,0.0030595041619703844,0.007697764005388816,0.0023823380896193036,0.0017502025253135962,0.003003280418622775,0.008056565851521306,0.002403669375591353,0.0020027853475057863,0.003068304070041794,0.008857609950858004,0.0024151520961866223,0.0017633469922912791,0.0029750611004078346,0.008367947816904805,0.002400727566050749,0.001860324627614019,0.0029824620171643727,0.008668304687203705,0.0015250666756579444,0.0017041742537662326,0.0029939450967720518,0.007194420335149992,0.00218474672723062,0.0018794156397801153,0.0030018497256624993,0.008330537249354383,0.0016509920938289685,0.0017623810037709785,0.0029912805753134096,0.00809343349552375,0.0016652818926184935,0.0017439363899877985,0.0030341547576828803,0.008119294431367725,0.0023472281732106405,0.0017550752917339704,0.0030055703620249447,0.008022699234391419,0.0016870578652022105,0.0019057978672027108,0.0030571927583398595,0.008648758862195226,0.0008627552773896924,0.0008665972570279786,0.0008725330870880409,0.0008741462320822383,0.0009028863186891339,0.0008742537570935455,0.0008695247436010221,0.0008748307598834826,0.000871698008244551,0.0008730720573684656,0.0008771568149317674,0.0008714108245304022,0.0008722934311753378,0.0008697061306970618,0.0008796908370884271,0.0008736222247217938,0.0008715739812382561,0.0008734206099330698,0.0008822425757440142,0.000875283154896407,0.0008759962567373801,0.0008675360229376055,0.0008771836269602397,0.0008726157192033102,0.0008745980686056989,0.000878970012902255,0.0008691549215263429,0.0008966017220541787,0.0008931106407035117,0.0008667479056066018,0.0008972741458985549,0.0,0.0,0.0,0.0,0.0,0.0,0.0,0.0,0.0,0.0,0.0,0.0,0.0,0.0,0.0,0.0,0.0,0.0,0.0,0.0,0.0,0.0,0.0,0.0,0.0,0.0,0.0,0.0,0.0,0.0,0.0
120,0.0024185337698983097,0.001802834864282406,0.003010990432120602,0.008601351872639192,0.002377616608192024,0.0017243948380177931,0.0030732881271273173,0.008115506963790568,0.0024401045808553536,0.0021260556275516157,0.0032603916108131376,0.009409447676075785,0.0023509636837369813,0.001961485330317451,0.003092047174684963,0.008962887576808774,0.0016992157803510165,0.002011011640278433,0.0031887299794545318,0.00921898309084538,0.002319261634150476,0.0019103735578615598,0.003059766635835995,0.008721332487604403,0.0021639850266308948,0.0017255081638459725,0.003065528540523022,0.007946861656983011,0.0020067158012085588,0.0017521032759596677,0.0030597504452080865,0.00815729834028657,0.0024192741128640496,0.0018386825580575953,0.0029496572037651632,0.008825128937689783,0.0024666522809605926,0.0022911462305226452,0.003536271313583892,0.009877684077509724,0.0025228874681746177,0.0022025407229563,0.003283634337005893,0.009698493571752738,0.0024204215202106756,0.001917254690765934,0.002978104851081932,0.00898685469671755,0.002416993888237258,0.0019247762633619533,0.0029293536754412502,0.009049822286380915,0.0024239739073384776,0.0017782966531778327,0.003022250068498139,0.008485377234199246,0.002395611634323173,0.002277530438755544,0.0034991066761750397,0.009711164730077871,0.0024195584773481927,0.0020213579119247546,0.003122982478663364,0.009200324763628382,0.0024190879307997002,0.0019234544414890367,0.003029948260195024,0.00891099746512366,0.0024001480920286112,0.0018403038462434058,0.0029791483934229106,0.008379490284114345,0.0025420901037793353,0.00246728644411037,0.0038729510454747177,0.010155830373363726,0.002412141443829961,0.001826887347811377,0.0029305314632206633,0.008408203071670183,0.0020500753610496144,0.001709996118597242,0.0030646357996959236,0.007758425181549577,0.0023818804594344183,0.0017497072851535074,0.0030021378971912616,0.008051701697563982,0.0024025307937662237,0.0019898821134325564,0.0030544232195047942,0.008820994881039854,0.0023998201414591512,0.0017463978194120948,0.0029571381577383382,0.008148668360216028,0.0023870429621024244,0.0018445904067768007,0.0029499630930296603,0.008411530338714912,0.0015226670984195864,0.0017046850511861318,0.0029920385163182757,0.007168143471127537,0.002168212681808405,0.0018721373959267925,0.0029971210251323274,0.00830853259946748,0.0016569187573250766,0.0017548963885515927,0.0029896127546406408,0.008052709269546026,0.0016686068011008504,0.001744441795778649,0.003033821113158436,0.00812491889979704,0.002347326106938886,0.0017552564538025573,0.0030051332637456136,0.008023676597974462,0.0016898267355396235,0.0019036637991446104,0.003053607180456107,0.008625975053935251,0.0008634918225954025,0.0008678403880622351,0.0008745469694255295,0.0008753407400121326,0.0009065717459871407,0.0008757921864627238,0.0008710182082106577,0.0008764474294991918,0.0008733021025021317,0.0008750081559295969,0.000878463987034921,0.0008732893919541638,0.0008737312076987753,0.000871067541885583,0.000881775685603061,0.0008767081652634404,0.000874568535600232,0.0008753276656245176,0.0008837139803344115,0.0008754666973099892,0.0008776207302731269,0.0008704055681486805,0.0008791971036507135,0.0008726587378227661,0.0008767185215649581,0.0008797911644322694,0.0008713583491384471,0.0008987154139594765,0.0008944445199364556,0.0008680884871893626,0.0008985734523510227,0.0,0.0,0.0,0.0,0.0,0.0,0.0,0.0,0.0,0.0,0.0,0.0,0.0,0.0,0.0,0.0,0.0,0.0,0.0,0.0,0.0,0.0,0.0,0.0,0.0,0.0,0.0,0.0,0.0,0.0,0.0
121,0.0031019231559943163,0.002310904417492224,0.004063575729672551,0.010964896717662527,0.003051912189243596,0.0022329535562972446,0.004063772158371082,0.010254585497469111,0.0031203216805760123,0.002683584762196,0.004030096330756524,0.01196000774636696,0.0031088735270606172,0.0024781831522149205,0.003977885219088986,0.011352279230605472,0.002264025372159545,0.002611497302998393,0.004169615802579499,0.011649095102708501,0.0030431741410399055,0.002448415502055295,0.0040380592669952845,0.01096333064220865,0.002849584285009082,0.0022497723881728434,0.004012170053016274,0.00987718507651939,0.00244796485661042,0.0022724493991144747,0.0040190154214206335,0.010077681518762559,0.0030901430675835512,0.00236143607847947,0.004028910358878931,0.011152228194141798,0.0032121187074227596,0.0028970409407994965,0.004369912125829405,0.012567523372726737,0.0030987036445703055,0.002795872380616033,0.0041573879664037585,0.012189861857787476,0.003124629536980248,0.002491050832779911,0.003985711309850504,0.011400005316223148,0.0030743379850418613,0.0025205953531640107,0.004008297096387295,0.011446087593628758,0.003094655457854857,0.00232984030728724,0.004049667721048703,0.010789923139349133,0.003124258555392061,0.0028703886491750212,0.0043380690843189,0.012491813482176838,0.003114849725017404,0.0026279757175712857,0.0040729662493234125,0.011752991715598732,0.0030826270359886063,0.0025122304076177714,0.004041864614192249,0.011371931935118106,0.0030762369510588606,0.002392230325163327,0.003998573866463604,0.010770784966647158,0.0030670162584631065,0.0027504456896926066,0.005355951400346117,0.013224870199988616,0.0030682624166246215,0.0023757507937244553,0.003993251393959483,0.010720388513892856,0.002587262289828837,0.0022756578067646034,0.004013962127769336,0.009667919990074885,0.003067009137368131,0.002283571975159416,0.004045663915343113,0.010523248717018423,0.0031245861730394187,0.002565837265605585,0.003988175311767841,0.011513171514696583,0.003074428457050655,0.0022491294370791974,0.0040956781431261855,0.010605255622299532,0.0030466659841763234,0.002382991069335497,0.003990951159990608,0.010645276680778935,0.0020660183308188907,0.002272225134192747,0.003923906107225277,0.009152764988080138,0.003093598107363582,0.0023627893477591007,0.004023453011110159,0.010961818494612854,0.0022123967468578817,0.0022750784677399894,0.003923094326492503,0.009939903819691849,0.002241582743267013,0.002295002417929608,0.004014146058487306,0.010299896301905283,0.003068371048669056,0.002262669688243048,0.004039792013265339,0.010459744685784169,0.0022604522057357965,0.0024864697011673354,0.004009502608719795,0.01078965706580045,0.001109574576628074,0.0011153012091223028,0.0011134173484214816,0.001119732112063821,0.0011456034673235785,0.0011222661502395719,0.0011148801343199848,0.001123103643259981,0.0011186352467181444,0.0011151031093574522,0.0011275990535569,0.0011130307185580773,0.0011217060428043196,0.0011108458259751217,0.0011180475782905097,0.00111427240550437,0.001111190363624183,0.0011138451773061533,0.0011229046525725083,0.0011205535340928074,0.001120170242284342,0.0011062449435194014,0.001118201929355416,0.0011210513325849093,0.0011148736958706057,0.001128128967977019,0.0011131708990877573,0.0011359252591714507,0.0011414253534263149,0.0011133370903565923,0.0011419634199167196,0.0,0.0,0.0,0.0,0.0,0.0,0.0,0.0,0.0,0.0,0.0,0.0,0.0,0.0,0.0,0.0,0.0,0.0,0.0,0.0,0.0,0.0,0.0,0.0,0.0,0.0,0.0,0.0,0.0,0.0,0.0
122,0.003097415564075186,0.0022976542198930366,0.004067747704860805,0.010899877217627727,0.0030468899110381925,0.0022338442906757374,0.004063636858273275,0.010205833258809992,0.003116478797468582,0.0026654106772993815,0.004022145867276575,0.011911595067950422,0.0031073121050368625,0.0024766494053180656,0.003982215528122935,0.011350053975251746,0.0022694616962814942,0.0026068550240002718,0.004165583106485144,0.011636101178933603,0.003039192471023195,0.00243357539868314,0.0040382776370077355,0.010915032569706383,0.0028403054292258493,0.0022508473942836767,0.004010457816256069,0.009831544581932616,0.0024513110219824548,0.0022703760378233536,0.004017916167979469,0.010033485527100348,0.003088056447385925,0.002353357008561289,0.004035450279460179,0.011126071042889223,0.00320511682916472,0.0028901560471659765,0.004350418542732165,0.012544694104598252,0.0030947984299845343,0.002767245603593314,0.004111653835256539,0.012119655214018442,0.003120823131016939,0.002474422883995928,0.003994041056755158,0.011351979207668093,0.0030709689555421344,0.0024983379233609756,0.004013850870340769,0.011385225067206715,0.0030923647356036286,0.0023212588947856927,0.004054252985650873,0.010747793486947625,0.0031219640335277132,0.002861947477633419,0.0043168810385282854,0.012466709008283013,0.003112241670139699,0.0026181189312078053,0.004068795134175427,0.011726599162149125,0.0030804361035186474,0.0024995161342372127,0.0040439194107129445,0.01133308079039957,0.003073938244732394,0.0023776010891596103,0.004002831037454621,0.010720574106623623,0.00310050545490241,0.002833365139245796,0.005183283612601913,0.013166214689772988,0.0030651946251171788,0.0023517735945273377,0.004001846592808169,0.010642272547939754,0.0025645016356603744,0.0022783121053030807,0.004009413852829536,0.00961047980690217,0.0030635119442329233,0.002274170208879817,0.004048250615391267,0.010456519289957673,0.0031257819143299713,0.0025328765614248,0.003978879187484829,0.01142907350699096,0.0030712553104338537,0.002245125333213539,0.004097892412248692,0.010557635275724921,0.003043838855210704,0.0023714374883508963,0.003994431373524482,0.010605466185228453,0.002067970699333828,0.0022721086687511856,0.003923662877996381,0.009152220191220084,0.003092095645531185,0.0023518891460662995,0.004027796642729486,0.010920270549936552,0.002214787750778542,0.002273231150716214,0.0039232411323147556,0.009921351803092556,0.002243866884754564,0.0022951709272708075,0.004014851277356492,0.010297466224880914,0.0030673919000921224,0.0022625450724616503,0.0040413448473902635,0.010457717490128452,0.0022648228086739335,0.002481033179030631,0.004006021897233336,0.010773444898368938,0.0011095832923961612,0.0011148436586855296,0.0011117177038374104,0.001119433075246572,0.0011444570793787796,0.0011219924142152739,0.0011145731716963344,0.0011228274188056953,0.0011182901423003315,0.0011135631731084988,0.001127278197287743,0.001111371140923277,0.0011213819806398405,0.001109790594469536,0.0011162947338924684,0.0011134532902718644,0.0011102917508548052,0.001112135430042444,0.0011217196911661495,0.0011201283988190268,0.0011198262249099153,0.0011053322945476108,0.0011162019830717558,0.0011206903599576535,0.0011132056148402789,0.0011279869259194137,0.0011129365044079418,0.0011341240551236012,0.0011411836776046974,0.0011130398709876398,0.0011416187344316943,0.0,0.0,0.0,0.0,0.0,0.0,0.0,0.0,0.0,0.0,0.0,0.0,0.0,0.0,0.0,0.0,0.0,0.0,0.0,0.0,0.0,0.0,0.0,0.0,0.0,0.0,0.0,0.0,0.0,0.0,0.0
123,0.0030906447639119424,0.002284459894725783,0.004069951968755607,0.010804046475682864,0.003040060260016487,0.0022344344100797236,0.00405849672470783,0.010132701311185918,0.0031121595569428523,0.0026515749173844903,0.004014453017640748,0.011846453980861694,0.003104638915674273,0.0024690739576031014,0.003988218055035619,0.011325934020454332,0.002272249829099052,0.0026063798295862446,0.004165400871515292,0.01163506078043758,0.003035823123497562,0.0024233230631506455,0.0040391140487660605,0.010880213044022154,0.00283370691590632,0.002251927721401017,0.004009935269425092,0.00980592097762263,0.0024531809221068775,0.00226930093430316,0.004016818135218463,0.009990909816329744,0.0030831264474317894,0.0023369077512727194,0.0040380192990752736,0.011042585216940404,0.003193163769334366,0.002878730240364018,0.004317443825093799,0.012484178660511857,0.003092717457414568,0.0027464361614140697,0.004086091109093757,0.01206835115467094,0.003119088448306761,0.0024628187032792667,0.003999567991424263,0.011319651264941288,0.003067996522588136,0.0024785066580354786,0.004018855794441751,0.01133016756403327,0.003089345335200904,0.0023117540292148992,0.004058272753590842,0.010696943464617076,0.003117396424729791,0.0028512475481206256,0.004288629395080195,0.012402184458693021,0.0031068101482243653,0.002597791905981623,0.004056354638950455,0.011640682509311981,0.0030786170372215298,0.0024897640851672775,0.004046857025244009,0.011302972050359811,0.0030719186057099846,0.002363073077333868,0.004006887558903187,0.010671713583442457,0.0031087760133614744,0.002897104265325203,0.004992623369137495,0.013045643886986893,0.003063822106897994,0.002335227421035996,0.004006075189606738,0.010585933252548854,0.0025379280617476704,0.0022790230642801964,0.0039983556458459205,0.00951228252669014,0.003058252748350362,0.0022645752903151326,0.004049303423899854,0.010380712774211417,0.003124728860198689,0.0025041884289805734,0.003973545766241791,0.011353229056544192,0.003069709124713878,0.002244034420000793,0.004099233595742239,0.010536999572639403,0.0030429979761705463,0.0023670325380896772,0.003996377867727282,0.010591231880220948,0.002068724199282025,0.002272178202089821,0.003923292066293117,0.009149173771697893,0.0030900230519723708,0.0023369355663603593,0.004033581646675028,0.010859745427490835,0.0022176019924798965,0.0022723612231308546,0.003923708906798615,0.009911919984029922,0.0022462558450596372,0.0022959445344580996,0.004015818220458757,0.010302858369681863,0.003065006613024693,0.0022587794664926542,0.004042676774229752,0.010427455957447603,0.0022675539018003543,0.0024777092611384744,0.004004018947675964,0.010763035848950787,0.0011097921824178322,0.0011150894088371303,0.0011141898866479508,0.0011196740381324258,0.0011476029839494507,0.001122234058237929,0.0011147468724240568,0.0011230769465730888,0.0011184741641295816,0.001115943058767788,0.0011274244389361935,0.0011137987609927133,0.001121514505134865,0.0011120391903988655,0.0011188514032779433,0.0011166015834352969,0.001113398170934339,0.0011146298661552263,0.0011240506664843281,0.001120257721230096,0.0011200362650191456,0.0011083766652640547,0.0011186757134113892,0.001120812483577713,0.00111571455390868,0.001128324628229069,0.0011132562687430996,0.0011366022705494247,0.00114145406229224,0.0011132905776173364,0.0011417890746322399,0.0,0.0,0.0,0.0,0.0,0.0,0.0,0.0,0.0,0.0,0.0,0.0,0.0,0.0,0.0,0.0,0.0,0.0,0.0,0.0,0.0,0.0,0.0,0.0,0.0,0.0,0.0,0.0,0.0,0.0,0.0
124,0.0030870369416567496,0.0022780913862216717,0.004074725840027488,0.010765049711885098,0.0030370733551914474,0.002236451205833984,0.004058015351628122,0.010101331714912657,0.003110074924590831,0.002640747167720559,0.004011802764826181,0.01181965077843676,0.0031030969714668367,0.002465502322766343,0.003992057245127641,0.011314320522211544,0.0022782880853193864,0.0026018304268930798,0.004161521071962425,0.011626082716854426,0.0030343778463177377,0.0024201640219467723,0.00404003794327878,0.010870254244175913,0.002829108942887178,0.0022529165519903117,0.004009583405395517,0.009785866195584055,0.0024575388414444232,0.002268779069780528,0.004016083225255763,0.009964374953858738,0.003079408661500294,0.0023231016892117356,0.004045187145708099,0.01098680290460628,0.0031744802758721436,0.002867261042490123,0.0042890610841392575,0.01245248198192784,0.0030908958443386135,0.0027299168574926756,0.004070638939308544,0.012026906885066201,0.0031167575598080844,0.0024503840511000247,0.00400515849996326,0.011283301345022326,0.0030642237002390625,0.0024543211516581086,0.004024802481186177,0.011260001633172975,0.0030868026328219706,0.002306995638093867,0.004060659332896727,0.010664090958617714,0.003114816594869977,0.002842115128964537,0.004267099766318871,0.012375578042849627,0.003103253052237911,0.0025785525602737033,0.004048252503180191,0.011588967431686295,0.003077578559648769,0.002483564189076478,0.004048886093327191,0.011283995131934269,0.003070461849519184,0.0023529027670989894,0.004010229257425754,0.010635332089659263,0.0031172108368781332,0.0029347768894159134,0.0048695084586415196,0.013020972832309002,0.003062432129182664,0.00232041564200533,0.004011327057976852,0.010537048158353728,0.00249350897052385,0.002282878033968536,0.003985665123422278,0.009399984400810316,0.003055014910266699,0.0022591607930726883,0.004049602188105097,0.010332018982204297,0.0031232329799163747,0.002482760396693895,0.003975039905393467,0.011295275236620836,0.0030678637610653645,0.0022427938049201686,0.004100631159017626,0.01051165406233078,0.003041793465123136,0.0023597479252275904,0.003998459123167065,0.01056726535254672,0.0020658988115879766,0.0022726774907488667,0.0039197810975944575,0.009121222020450216,0.0030892084576669356,0.002331607568644156,0.00403601016168333,0.010837234260699933,0.002222474887671854,0.002272772707605842,0.0039242293985566916,0.00991345019885342,0.0022490679561747912,0.002295813793208229,0.0040161768712689404,0.01029879680797728,0.0030654177389809363,0.0022608706918021766,0.004043152536104448,0.01043994950547578,0.0022715194933799394,0.002475315813452055,0.004002500635706425,0.010754816643877146,0.0011090555360052505,0.0011144264634758993,0.0011153999005550236,0.001119038237224491,0.0011489080504845067,0.001121622836174577,0.0011141132029222427,0.0011224544377216271,0.0011178524058833479,0.0011170899388331088,0.0011267594090162401,0.0011149120524516713,0.0011208806733393436,0.001113117457402881,0.0011200385501194134,0.001117914711861131,0.0011146968571133517,0.0011158293968750298,0.0011251432020572669,0.0011199442561885496,0.0011193875031243101,0.0011096732001941402,0.0011198279067478984,0.001120129839594451,0.0011168748937817091,0.0011277822274920867,0.001112640273230157,0.0011377394728877216,0.0011408412089533165,0.001112688065848562,0.0011411487014379277,0.0,0.0,0.0,0.0,0.0,0.0,0.0,0.0,0.0,0.0,0.0,0.0,0.0,0.0,0.0,0.0,0.0,0.0,0.0,0.0,0.0,0.0,0.0,0.0,0.0,0.0,0.0,0.0,0.0,0.0,0.0
125,0.00308755577698965,0.0022788111322401047,0.004074518028122129,0.010771575932521184,0.0030371162643910736,0.0022355753882151853,0.004056399465434374,0.010094710724603172,0.0031089425176830943,0.0026251611456051165,0.004002276501229409,0.011778924298141546,0.0031038911219335983,0.0024601767640524616,0.003989878113787174,0.011298070643846143,0.0022713992338636753,0.0026061652337740393,0.0041709248898318466,0.01170087249476672,0.0030389018858460706,0.0024238434190040265,0.0040446253940259295,0.010923734848089343,0.002828728149607651,0.0022542669359768485,0.0040149524141774974,0.009830873048535312,0.0024585158201504594,0.0022709648030653632,0.004023747376036337,0.010017819186488348,0.0030795489740360763,0.002319988427629389,0.004046025731536248,0.01097621823374151,0.0031708164581342874,0.002862730599486318,0.00428232927344901,0.012437498999939496,0.0030932946024958556,0.0027328433111340395,0.004069554088836117,0.012030884846543572,0.0031209271206041984,0.002449516300588288,0.004001030021326848,0.011282235166612269,0.0030644677961869362,0.0024500728399966826,0.004024282165776672,0.01124664075661402,0.003087843395928316,0.002307429162531094,0.004057643637850324,0.01067185748420374,0.0031152851929660864,0.0028397404677552858,0.0042618943315090455,0.012368177715861971,0.003102224941121251,0.0025770538322534473,0.004044645722230233,0.01158308150260752,0.0030765626107087806,0.0024717929507433747,0.004047097409712213,0.011247299501353246,0.003071095231671722,0.0023503193270781497,0.004006537577414144,0.01062927573489664,0.00312260860675635,0.002948331437455274,0.004754792691659053,0.012964549328929882,0.0030737155955638086,0.0023211243884948217,0.004036346468088144,0.010702775463719047,0.0024864235530118865,0.0022818984454075655,0.003984082538404343,0.009393097857558525,0.0030545632097662818,0.002255572193143708,0.004047754387178815,0.010307066216504882,0.003125651164936653,0.002473318895800847,0.0039748650074325955,0.011269558276664857,0.00306849405752362,0.002242109892911523,0.004098216656266314,0.010516891735630193,0.0030432448969570773,0.002359302403767722,0.003996360799065477,0.010568543609447084,0.0020642960869523505,0.002272543104659268,0.003922791091448901,0.009142459100050704,0.0030896606464262794,0.00233023119443681,0.004034823740078798,0.010832943282170417,0.0022134520459559984,0.002272054561608517,0.003923011371582575,0.009909531322114806,0.0022401818536036213,0.0022951577932554743,0.004015134541736572,0.0102952387153102,0.0030653992359898534,0.002257727812979326,0.0040419674398606146,0.010421809944935679,0.00226258558965051,0.0024751206339330197,0.00400184910340587,0.010754594081242927,0.0011093773317531817,0.00111498042738773,0.0011175517638160862,0.0011195733212787703,0.0011514827099023328,0.0011220706602801398,0.0011145693194513978,0.0011228426649391606,0.001118419364764368,0.0011194541415918526,0.0011274864498680992,0.0011170515254910092,0.001121411817136417,0.0011153362501383271,0.001122075215759615,0.001120301859219558,0.0011171040625328262,0.0011181838791521838,0.0011275066852623385,0.0011211481459069076,0.0011200404682348663,0.0011120439464485938,0.0011221769221226926,0.001120877810873083,0.0011193415757891653,0.001128124478145538,0.0011130733235517273,0.001139888428829408,0.0011412673117918253,0.001113145151265773,0.0011416650005655164,0.0,0.0,0.0,0.0,0.0,0.0,0.0,0.0,0.0,0.0,0.0,0.0,0.0,0.0,0.0,0.0,0.0,0.0,0.0,0.0,0.0,0.0,0.0,0.0,0.0,0.0,0.0,0.0,0.0,0.0,0.0
126,0.0030900049327711576,0.002280083481271794,0.004077010257932552,0.010806060930167661,0.0030388886112058373,0.0022376575589547576,0.004061512518020109,0.010126872546668822,0.003112029100977266,0.002632561036285987,0.004008146748003454,0.011832358141872069,0.0031040114323469424,0.002458802573068214,0.003992178277187523,0.011297218504387148,0.002274393426648525,0.002608324889063374,0.004174072603469545,0.011717810559363998,0.003038726983022796,0.0024234760237099714,0.004046517015617116,0.010925570168187022,0.0028436891176726025,0.002254413356753793,0.004020920907607372,0.009902606442725897,0.0024552458176519696,0.0022745020871319634,0.004029668942508646,0.010095854073241373,0.0030800794768108975,0.0023229814511092485,0.0040453424907734604,0.01099266822748308,0.0031624712130717348,0.002864146842589108,0.00429409748839302,0.012462572747145375,0.0030953320900304017,0.00274742545313152,0.004085902987238543,0.012080920875171316,0.0031224965781970503,0.0024616718194928047,0.004002872809074768,0.011330127621320662,0.0030638684159091964,0.0024473368554222543,0.004026140174795847,0.011240889562319322,0.0030902626376624427,0.002326060425610093,0.004056799996062491,0.010760798757551183,0.0031184057361922785,0.002845568527703029,0.004274587648870787,0.01242098461784822,0.003101371031605714,0.0025729724234709516,0.004043514216546758,0.011565469408386864,0.0030758511512246293,0.002468079694225353,0.004048538070943068,0.01123549452565129,0.003070593151444048,0.0023479335475458415,0.004008440196610681,0.010619166560090867,0.0031239857906983056,0.0029507877117776428,0.004730864441584305,0.012955108965666855,0.003073693204117132,0.0023176597683549757,0.0040376936998367235,0.010689120906335219,0.0024817823302407957,0.0022832258449847122,0.0039837833197638,0.00938288121618356,0.0030521167416409398,0.002251474333139503,0.00404765586105534,0.01026589420597393,0.003122276764365985,0.002474311272322915,0.003976735576945924,0.011271253837199667,0.0030711082044496156,0.002245303064223632,0.0040987921349390334,0.010554475918296467,0.0030463635122193406,0.0023724025094922865,0.0039954325974105535,0.010616519752736017,0.00206241148277547,0.0022726815828880576,0.003919512669520479,0.009119286595776854,0.0030901170729152046,0.00233706363764119,0.004034133615308403,0.010862164225188965,0.0022174554645567656,0.002275079548367989,0.003923926545095511,0.009931469744665347,0.002244843651271675,0.002296526808626359,0.00401637962899819,0.010310871023329832,0.003067425227239502,0.0022621550748348138,0.00404358833100427,0.01046005814689982,0.0022659712520390167,0.002473605911990892,0.004001176802647496,0.010750633895624804,0.001109868490612696,0.0011152199971356008,0.0011144038408249929,0.0011197382821672994,0.00114687813340154,0.0011222280474687421,0.0011146546208845873,0.0011228918633321408,0.0011185318807184635,0.0011162407331770708,0.001127593099145614,0.0011138684561916629,0.0011214970585586717,0.0011122564934265666,0.0011189458168803846,0.001115864645304764,0.0011128688672908814,0.0011147941353801902,0.0011242993317153427,0.0011212483874814788,0.001120140396962903,0.0011078273749373642,0.0011188415981757604,0.0011209694457345958,0.0011158496964511415,0.001128462205194274,0.0011133659498043188,0.0011367753465366798,0.0011414945245510624,0.0011133844044136387,0.001141857289599848,0.0,0.0,0.0,0.0,0.0,0.0,0.0,0.0,0.0,0.0,0.0,0.0,0.0,0.0,0.0,0.0,0.0,0.0,0.0,0.0,0.0,0.0,0.0,0.0,0.0,0.0,0.0,0.0,0.0,0.0,0.0
127,0.003095903305719558,0.002295399034211021,0.0040758605738065775,0.010887225087809677,0.0030444488856149355,0.0022379746304700843,0.004068972387753194,0.01019600170550567,0.003118475610284872,0.0026792468281002205,0.004032668649141882,0.011954455851381213,0.003106587383322226,0.002474515954944426,0.0039971527216467835,0.011379179651385676,0.0022715327312209524,0.002623874640437421,0.004192943107983307,0.011797769020423569,0.0030440098185757704,0.0024387244122902386,0.00405557308090322,0.011014972519850686,0.0028651906629937355,0.00225699580172769,0.004033621918637323,0.01004089090913349,0.002450606098704098,0.0022938782706545154,0.0040441714917806935,0.010340826792479777,0.0030859542185083812,0.00234237913171213,0.00405045125077629,0.01110610431020609,0.0031800261263445298,0.002891350632224488,0.004361469833952053,0.012575203144580849,0.003101724629614788,0.002780511891633723,0.004133161346955616,0.012210590859916246,0.0031286552069359815,0.0025035755425921393,0.004000126284896333,0.01148934686313085,0.0030695387531472977,0.0024683453517653775,0.004030325305243732,0.011344097664795562,0.0030947519620449044,0.0023533082773554087,0.0040588721659607875,0.010896453673762666,0.0031187006110246236,0.0028608498147890534,0.004312502717680389,0.012475136730275425,0.0031053277396352833,0.0025883825027628645,0.004055285360866288,0.011635231272049455,0.0030780140778479473,0.0024757676722479477,0.004054207135674787,0.011283098404596587,0.0030725979075812712,0.002366142939470196,0.004009592898344008,0.010684531152410985,0.0031147227979382,0.0029355436334814093,0.004774691011539848,0.01298540183197527,0.003076071626804305,0.002331244051661384,0.00403574907133271,0.010748044181464432,0.0025021930591145715,0.002282407437622535,0.003989589144142266,0.009428583151771938,0.0030559745328036314,0.0022569613910937538,0.004056251790362727,0.010337628701580264,0.003119957060460994,0.002504447902110883,0.003977091722183937,0.011351305352443587,0.0030787136968772823,0.0022585185431353836,0.004098180293838007,0.010679275101547238,0.0030518791392664035,0.0024038604005159904,0.003994160197422909,0.010722991919562242,0.0020668619450925985,0.0022722619501964717,0.003921510922749516,0.009136419314634445,0.003094115646453309,0.002355892056286745,0.0040379896389305635,0.01097568074436555,0.002223743413457158,0.0022805464876534272,0.003926416766680759,0.009968673984912238,0.0022462448892128424,0.0022990164705839785,0.004022803621603822,0.010343851824890383,0.0030699691950605377,0.002265891398207849,0.004050703384092643,0.010510580449473277,0.002268568320794517,0.0024710143633757033,0.004000040340825627,0.010743372351747662,0.0011091340871629556,0.001114372564113503,0.00111534999694076,0.0011190317205705758,0.001148529302150476,0.0011215284951718498,0.0011140633014228574,0.0011221745192384633,0.0011175689037108006,0.0011172057602979527,0.0011267554832664552,0.001114754459850873,0.0011208122301701448,0.0011133367252841064,0.001119840438298379,0.001117471358888703,0.0011143908345140918,0.0011158581708814945,0.0011254271012112412,0.0011208568324848887,0.0011196785567308802,0.0011093548781031127,0.0011198936899650103,0.00112043881895203,0.001116978407170675,0.0011279772308971552,0.0011127293587867159,0.0011378391937131803,0.0011407775714164258,0.0011127527232570448,0.0011412718714143924,0.0,0.0,0.0,0.0,0.0,0.0,0.0,0.0,0.0,0.0,0.0,0.0,0.0,0.0,0.0,0.0,0.0,0.0,0.0,0.0,0.0,0.0,0.0,0.0,0.0,0.0,0.0,0.0,0.0,0.0,0.0
128,0.003097415161846983,0.002304512864192079,0.0040759466067378305,0.01091754076287077,0.0030453619583499353,0.0022375410639317293,0.0040692369611471674,0.010206731609944014,0.003117995414579042,0.002702855668578822,0.004054535846286298,0.012000931146572752,0.0031056702992279623,0.00249700447254367,0.003988159924212728,0.011406662681021272,0.0022683855197291043,0.0026323593204267883,0.004197722012858348,0.011773768566322642,0.003038231633160428,0.002433752947374261,0.004054078145012061,0.010960771134564621,0.0028610588486181294,0.002257374311375239,0.004031865516251144,0.01003436342757725,0.002437757072853217,0.0022937368065273364,0.004038640437174228,0.010317418593639487,0.0030851737228894355,0.0023506312605448883,0.004049540728056623,0.01111011209330054,0.003191065934279518,0.002912554099057101,0.004417278780465427,0.012605818075787915,0.003104235226245043,0.0028224276641389385,0.004204823051896754,0.01229300861855542,0.0031192700596336474,0.002498200070441666,0.00400546131456871,0.01144252254559984,0.0030679531848430094,0.00247192255984495,0.00402996784655622,0.011330180612365699,0.0030936953847364988,0.002370824542025923,0.00405606260503706,0.01093656335463548,0.003112055761166733,0.0028592909285014697,0.004313650261922987,0.012446685869659118,0.0031050370201349377,0.0025888757790702563,0.004056552769485647,0.01161205360681963,0.003076732773834116,0.0024812247338561995,0.004053605933850486,0.011273102888288245,0.0030746511238441986,0.0023884321933605496,0.004014028083084589,0.010753484099148156,0.0031191769334135457,0.002949516475957442,0.004785713397658063,0.013016756904518555,0.003076470963239471,0.0023469499591974633,0.004039878214403821,0.010805717658314918,0.002497388017687397,0.002285128963456982,0.003991843867505696,0.009422756592596612,0.003051858355943806,0.0022565138745367663,0.004055158982469076,0.010286364060575863,0.0031167862885230694,0.002516222014009431,0.003981968273910945,0.011378732983213865,0.003083604980504111,0.0022707959806091164,0.004101040759822212,0.010758492424491735,0.003053922581669703,0.002419410790381877,0.003996358142911648,0.010773952512442562,0.0020662559971744827,0.002272716229371917,0.003920590930727133,0.009126643897847413,0.0030909343888714264,0.0023680614467026908,0.004033024178901188,0.010975250532720927,0.0022285338458208326,0.0022833859319987345,0.003928799027475179,0.009984264077019103,0.0022505642402706415,0.0023006452897330497,0.004021649546497785,0.010344819943081422,0.0030664907047822797,0.0022668389342873707,0.004050147571199382,0.01048837787760991,0.0022717922437459504,0.0024715175994479313,0.004002199263157877,0.010754331281852998,0.001108784160087726,0.0011143162563940867,0.0011161084373149499,0.001118725597256525,0.0011495749524236315,0.0011211932393067497,0.0011137422991219386,0.0011221664157628523,0.0011172304489185684,0.0011180085823902313,0.0011265946109258842,0.0011153097248826338,0.0011203477498243238,0.0011140853233306,0.0011207852846756524,0.0011186372033908537,0.001115453351502208,0.0011163527831588138,0.0011260951310357436,0.0011201966618662534,0.0011191034836057264,0.0011102055059938616,0.0011205357569572239,0.0011196312100436256,0.001117535664363699,0.0011278170753719443,0.0011124393615444255,0.001138415061066823,0.0011405145773022885,0.0011123994837608645,0.0011409844450854523,0.0,0.0,0.0,0.0,0.0,0.0,0.0,0.0,0.0,0.0,0.0,0.0,0.0,0.0,0.0,0.0,0.0,0.0,0.0,0.0,0.0,0.0,0.0,0.0,0.0,0.0,0.0,0.0,0.0,0.0,0.0
129,0.0030935033728069173,0.002297710972321511,0.004067852003782017,0.01085559745726882,0.0030420331681044284,0.0022335636273767725,0.0040590735065034,0.010149946741185988,0.0031093302786331994,0.0026970017245498,0.004054876193035186,0.011939460768985985,0.0031033710958655665,0.002480983179280293,0.003987848451205285,0.011347581946203389,0.0022623130326750265,0.0026191595185483733,0.004181414283212169,0.011712798207402383,0.0030360187127886048,0.0024270878037929776,0.0040493510149859115,0.010936558057723395,0.0028422781868253514,0.0022560464438326497,0.0040282471068913035,0.010005624901845188,0.0024374521898711315,0.002286818360544012,0.00403364712986613,0.010246119276770018,0.00308293384600058,0.002343053854173429,0.004041749599551967,0.011053466654520212,0.0031797077407332034,0.002900716556650414,0.004392415879158712,0.012532462742815505,0.0031069320436392135,0.002840412376667886,0.00424609512879647,0.012313513599860666,0.0031083135623225255,0.0024791902015173944,0.004006019769674364,0.011343510668321653,0.003066398756847259,0.0024710842895311123,0.00402710942407962,0.01130466782418423,0.0030923202814910236,0.0023743423199869304,0.00405306918722318,0.010940205994058483,0.0031091351141150705,0.0028541320696078712,0.0043023619830727,0.012399957616860526,0.003101108222964125,0.0025694482035184107,0.004049558311393042,0.01154930790372289,0.003074455292604788,0.002471507498486291,0.004052557838358712,0.01123481372196725,0.0030769652133145527,0.0024016984174268776,0.004008402447027565,0.010791600166927857,0.0031193622566178646,0.002945889818476026,0.004862138026855926,0.012972361239313062,0.0030744859375897364,0.0023406659603390817,0.0040409576642483425,0.010778084914906838,0.0024722149714449214,0.0022819282010113524,0.003976257163100314,0.009304908695415875,0.003051292696364786,0.002252986135266219,0.004051271895797907,0.010262047151181265,0.0031138383594454017,0.0025349614584933788,0.0039864727897047396,0.011416469238918675,0.003086896504169624,0.002275920467141891,0.00409621961775063,0.010792627273744276,0.003055829794749094,0.002433354962210842,0.00399541423024401,0.010817421519123896,0.002056165499475286,0.002270068019504371,0.0039140718798580144,0.009071407634965938,0.0030889367131609873,0.0023769266249763664,0.004027161322035389,0.010992152797194718,0.0022134417708203724,0.002276515469058034,0.00392638113281347,0.009935008809366907,0.0022388296103240113,0.00229877117986285,0.004019099344087533,0.010318899671962166,0.003060618034207897,0.002259585806632221,0.004044014389397254,0.010411627444645199,0.0022600619237474456,0.002476665466750955,0.004005527848410683,0.010771053091819555,0.0011098211637806943,0.0011156361671963392,0.0011181033121163426,0.0011195893310784848,0.0011521419390280417,0.0011226352338457694,0.001114967811434158,0.001123461665199836,0.0011182251005155866,0.0011199978174327805,0.001127709939222316,0.0011172210480761406,0.001121109985052731,0.0011158099374504002,0.0011226827609410782,0.0011208445551884269,0.0011177398623541004,0.0011184845411942974,0.0011280916937034926,0.0011211355375047565,0.001120079407577857,0.0011126744640261466,0.001122482689461118,0.001120709126501598,0.00111924930516051,0.0011283390516991338,0.0011135769382825717,0.0011402325536887636,0.0011417104221701242,0.0011132200116661703,0.0011418391612230717,0.0,0.0,0.0,0.0,0.0,0.0,0.0,0.0,0.0,0.0,0.0,0.0,0.0,0.0,0.0,0.0,0.0,0.0,0.0,0.0,0.0,0.0,0.0,0.0,0.0,0.0,0.0,0.0,0.0,0.0,0.0
130,0.003084256063457648,0.0022857108589585977,0.004055067884171128,0.010706623369384473,0.0030342085881813587,0.002229902005940905,0.004045733993388696,0.010040669569639967,0.003098161345727554,0.0027134203340146304,0.004069919920865385,0.01187145947201856,0.0030937480440460918,0.0024707827866796337,0.003979901655317682,0.011215026469449859,0.0022657972288446485,0.00261139211282922,0.004162215536907185,0.011578339967725363,0.0030301155366949275,0.0024299884012482335,0.004036439382641344,0.010856800583403608,0.002838446244653784,0.002253761646033971,0.00401763478067115,0.009947446593956912,0.002427759293868822,0.0022809856703035745,0.00401960785197188,0.010130224851283422,0.0030793297762707205,0.0023484492448467816,0.004030090024907923,0.01100548850088821,0.0031678759082156708,0.002891008971572529,0.00436676773012055,0.012407851676723482,0.0031000567779467334,0.002839698441266981,0.004244564574672084,0.01223844995990193,0.00309900750012243,0.002468404970403243,0.004001132968776348,0.011221059716477237,0.0030642588427299737,0.0024900050723072717,0.004011317380784879,0.011281448837874188,0.003084095394806405,0.0023731121623221524,0.004040461285517031,0.01083667257079159,0.0031004437070577665,0.0028468732147555477,0.004287505168241625,0.012274439450060015,0.003095688400923942,0.002570672125804815,0.0040417737879791475,0.011457236535486078,0.0030680834809430624,0.002470479128293455,0.004039004553487968,0.011133975622787482,0.0030787486486068814,0.0024098055874732767,0.0040111537955732504,0.01081330670925953,0.0031224857745968484,0.0029066541572959088,0.0051697351516259565,0.013137403108114743,0.0030765423665373806,0.0023700611526069424,0.004036683053938894,0.010882471914307168,0.0024970821313705467,0.0022791237957031315,0.003978265897884403,0.009336598074325778,0.0030487430595944236,0.002255199895419529,0.00404222786693567,0.01023273105175879,0.00311252555407185,0.0025737522055009877,0.003995975701923417,0.01145040217108379,0.0030881225806802994,0.002276941172675871,0.004094472608686842,0.010798923430447638,0.0030558425799353467,0.0024383856042108935,0.003996453397146065,0.010833240088299504,0.0020667832536586,0.0022681332563596977,0.00391936113285941,0.009118498536241254,0.0030807173867265975,0.0023813740545180592,0.004014724921888128,0.01091167849918048,0.0022217770323825713,0.0022832348112762336,0.003927868996231874,0.009984481856655162,0.002237055766483324,0.0022941111516950473,0.004007689732530476,0.010219900388357437,0.0030517969151731667,0.0022545678563193087,0.004032659211435275,0.010311139206877271,0.002258815908399832,0.0024840061822538153,0.0040138708302273375,0.010807675625538516,0.0011096669781566501,0.0011151663234482646,0.0011148387553570282,0.0011190188317617028,0.0011472149177743057,0.0011221337379760414,0.0011143524120700806,0.0011228457942582964,0.0011178264891756264,0.0011167452631224036,0.0011272341397208796,0.0011137614893148514,0.001120780123409928,0.001112489805972958,0.0011192214758272757,0.0011159417704758856,0.0011132396395147537,0.0011139175306950349,0.0011248164073056034,0.0011207916593338272,0.0011197272378533534,0.001108202074366881,0.0011189516639790935,0.0011203749139273612,0.001115525373145436,0.0011277577401892,0.0011130808607887498,0.0011365309893573415,0.0011410392105603384,0.0011128687738361132,0.0011409311640019557,0.0,0.0,0.0,0.0,0.0,0.0,0.0,0.0,0.0,0.0,0.0,0.0,0.0,0.0,0.0,0.0,0.0,0.0,0.0,0.0,0.0,0.0,0.0,0.0,0.0,0.0,0.0,0.0,0.0,0.0,0.0
131,0.003084340858199665,0.0022890920779269097,0.004052958720503719,0.010710388512860743,0.0030365908760635833,0.0022291560470651594,0.004045697962465925,0.010063194112684685,0.003096646265080197,0.0027174601614645367,0.004078185660432807,0.011864956429799985,0.0030896381563419346,0.0024615268090873764,0.0039844574869020676,0.011171960188542442,0.002258551551577639,0.002600849752959346,0.004133381476097625,0.011352229007402855,0.003020474007068263,0.002435770487368961,0.004010970058158071,0.010705533405042822,0.0028411096663843232,0.002247296580182242,0.00399374923246949,0.009795254078809344,0.002415078981137091,0.0022729956630075294,0.003994221022166214,0.009949439564202314,0.0030807000051370327,0.0023596826003399883,0.004020538356649514,0.011029288161957595,0.0031650252820832436,0.002899591008802347,0.004396858989663525,0.01243762252333229,0.0030950765251914797,0.0028360670264853806,0.004236693250016982,0.01221064166435116,0.0030948109528505076,0.00246107838345269,0.0040062901677079855,0.011178115613287758,0.003065472192846336,0.002515140943491329,0.0040083072884888925,0.011333348484683533,0.0030743586839767556,0.0023757839026087766,0.004022831627629714,0.010711827029083753,0.0030997194901779606,0.002854773549691442,0.004305923237926924,0.012278169377527744,0.0030933336150864273,0.0025835362550763958,0.004050898680532454,0.011476863690038041,0.0030677792798034084,0.002485264712768521,0.004037380843690209,0.011162158479879145,0.0030756424084445212,0.002413953173986503,0.0040010874046094245,0.010752033687596729,0.0031256505973676573,0.0029069034144672138,0.005246789421482569,0.013193453690530614,0.0030786957623768155,0.0023887781698841313,0.0040354251932144414,0.01094524025851555,0.0025299887043585987,0.002277086799497786,0.0039867903737488865,0.009406256648475837,0.0030515120420463605,0.0022621726553949143,0.004040373219278414,0.010285760518247292,0.003120727063443145,0.002605504326710812,0.004016863194324436,0.011583863001239869,0.0030906985769626138,0.0022814147930348837,0.004093077450981884,0.010817721766329424,0.003056838351338804,0.002446700026693556,0.0039943002497878615,0.010859159858752259,0.0020697745029888367,0.0022679000549120903,0.003921327863066153,0.009133792017961327,0.003079757762506491,0.0023909144120382933,0.0040125197210485195,0.010930544875132075,0.0022261091236365623,0.0022850405893822087,0.003928155040187718,0.009992201668891561,0.002233311568901028,0.0022887368088089052,0.003992271181619721,0.010096782006665327,0.003047682054159916,0.002255060781048843,0.004028017105805711,0.010278880385330664,0.0022630547700721896,0.002487834845682635,0.00401461986303721,0.010809564707423584,0.001109634135683536,0.00111506950199372,0.0011160619351138859,0.0011188641966385527,0.0011468607251806438,0.0011166023895531985,0.0011116078977524693,0.001117962046743274,0.0011179687463156861,0.0011178523417359062,0.0011271860563630699,0.0011148395850053231,0.0011207594552830192,0.0011130003868574732,0.0011202835891497476,0.0011175964546894536,0.0011148329297843793,0.0011151295223504934,0.0011261628121328143,0.0011208377542942926,0.0011198337677735554,0.0011099048015914266,0.0011199404027264208,0.0011203061487548942,0.001116920349233939,0.001127672126554926,0.001113002326005836,0.0011375890710133383,0.0011317631890046575,0.0011127734470628072,0.001141097377859522,0.0,0.0,0.0,0.0,0.0,0.0,0.0,0.0,0.0,0.0,0.0,0.0,0.0,0.0,0.0,0.0,0.0,0.0,0.0,0.0,0.0,0.0,0.0,0.0,0.0,0.0,0.0,0.0,0.0,0.0,0.0
132,0.003088775037033787,0.002304142244395357,0.004045395370716265,0.010769738366877408,0.0030412966755853817,0.0022294019566019146,0.004045511405471382,0.010116169912787572,0.003100749565585012,0.002747430390887288,0.004107041255993269,0.011923721578869305,0.0030889607736360523,0.0024687080321900536,0.003984402502737932,0.011189238746440892,0.002259695847284815,0.0026070498934052237,0.0041393534869067225,0.011367911030774197,0.0030221487585201743,0.0024517863377703617,0.0040131188582866574,0.010753992705385278,0.002862181388829139,0.002249001463989923,0.003994507500752497,0.009828551326071253,0.002417974298855481,0.0022783060179897606,0.003993539181955383,0.010008894750751077,0.003084980748290104,0.0023863497730494503,0.004009650217108366,0.01111452404141841,0.0031622832688185257,0.00291365161742698,0.004443456631586911,0.01248190563573521,0.0030898899492740545,0.002826597726715131,0.004217477570082165,0.012150881213098855,0.0030961581483308605,0.002490338759829742,0.004000210283175224,0.011241704647007664,0.003066994225377256,0.0025427720601057828,0.004004152850545248,0.01137353773095062,0.0030688014853762838,0.002369973353287897,0.0040123773697231125,0.0106181547630313,0.003100623046301583,0.002872382549750978,0.004348564055323983,0.01232728309016573,0.003093349270047188,0.0026178881365140276,0.004070353180977292,0.011570678910368034,0.003070539629125826,0.0025103911281500217,0.004037879454171747,0.011233429951845886,0.0030800389466788,0.0024383689527124673,0.004000074621498733,0.01082385741804655,0.003127620745843708,0.0028815024233807066,0.005368997640812237,0.013287946458525803,0.0030814867545025976,0.0024028578018081915,0.004032199642871039,0.010992866795913343,0.0025502549570182837,0.002276362229895162,0.003993031266581956,0.009453817657590681,0.003057004337108807,0.0022780408760122955,0.004041231867292988,0.010395502550588553,0.00313608150331897,0.002656047583202598,0.004047101979630255,0.011727291599160923,0.003091943446542988,0.002285006386286116,0.004091996653609791,0.010829036278848472,0.003055195260504218,0.0024377050534850663,0.003996860817923335,0.010832063272543137,0.002072184394817239,0.0022673011596719447,0.003918226377071983,0.009116702275847948,0.0030793711081139935,0.0024013320842614515,0.004010694877769264,0.010961115232707524,0.0022329856926348044,0.0022952000991386047,0.003932046101907856,0.010052251906581329,0.002225167255119864,0.002272960689411599,0.00394518559936257,0.009784696623079302,0.0030466267829559464,0.002257113628042929,0.004029111894654933,0.01028997943308092,0.0022700110099940643,0.002490603323378318,0.004016253095975205,0.010819383141498315,0.0011097793044965464,0.001114899098841543,0.0011170513334571512,0.0011189812804227176,0.0011485401690076444,0.0011167762077937458,0.0011115871032142896,0.0011185679957509149,0.00111807002783477,0.0011188112906569516,0.0011272227417921106,0.0011157380540269392,0.001120950728671283,0.001111333866478554,0.0011214592919821275,0.0011191211583757006,0.0011161561517445827,0.0011156300241948742,0.001126936398076853,0.0011210171013817927,0.0011199781643843197,0.0011111814885337258,0.0011208962991709583,0.001120306160813705,0.0011179091077694844,0.001128066170933844,0.0011131584636465952,0.0011384562771340238,0.0011314845729446287,0.0011129226227841833,0.0011415202418702361,0.0,0.0,0.0,0.0,0.0,0.0,0.0,0.0,0.0,0.0,0.0,0.0,0.0,0.0,0.0,0.0,0.0,0.0,0.0,0.0,0.0,0.0,0.0,0.0,0.0,0.0,0.0,0.0,0.0,0.0,0.0
133,0.0030974470296359848,0.0023256661747595424,0.004036042743805434,0.010881671604202996,0.0030484428555972633,0.0022305414796305145,0.004046049495762971,0.010194907905300333,0.003100235556765358,0.0027420867538031374,0.004102430088927475,0.011924673520538906,0.003091287236480557,0.002484630738502281,0.003977998992389184,0.0112414156404376,0.002248932438789728,0.0026071717313128685,0.004138703164023631,0.011365867469196368,0.003024642493566827,0.002464035939560547,0.004012747471089418,0.010788184143174407,0.002843103832756201,0.0022466800577660394,0.003991291342043531,0.00979980551477977,0.00240912816751354,0.00227649166624694,0.003993109243731903,0.009990249893505993,0.0030917749325696407,0.0024197161969252965,0.003991191894125808,0.011228850260048794,0.00315604064214918,0.0029101367516282555,0.004441890784578658,0.012472249425213154,0.003100173329606118,0.002867484541619467,0.004315396269955601,0.012289634332712431,0.0030961905529534465,0.0024786222757984247,0.004000004310013453,0.011230688410732787,0.003069943256129023,0.0025539552362025446,0.004006186387098754,0.011421830981115058,0.0030739424345308857,0.002368525130986386,0.004018765363040302,0.010680686653645608,0.00310646712102476,0.002890219856631253,0.00438829236159477,0.012394851035296467,0.003104501201685373,0.0026572346989744565,0.004096433470422106,0.011697901586140199,0.003075035604779956,0.0025348914748714556,0.004042145004708302,0.011325207205583682,0.003084203352939048,0.002456917852647368,0.0039930796861448676,0.010875336330187196,0.003128522831455613,0.0028889425964718045,0.005359297824858258,0.013270236267764936,0.0030840819259019513,0.0024107161269106953,0.004027394038752962,0.011020903367065186,0.0025773184613537056,0.002272990587283572,0.003999581412703924,0.009530825150709453,0.0030639333395540416,0.0022972790842223168,0.004040726345777466,0.010527457751107003,0.0031331892240037836,0.0026554162805888597,0.004043726326267898,0.011721859826638852,0.0030912855233648307,0.0022801868709594413,0.0040888078294268465,0.010808777481215868,0.003054043175262638,0.002423828696684433,0.003994750940602878,0.010788333757985508,0.002065265419028806,0.0022675203469156987,0.003918529508747746,0.009116487880320347,0.0030831802361129994,0.00242885209228428,0.004005336234575171,0.01106679037169886,0.0022255292390638078,0.0022882152922486017,0.0039275416250393975,0.010014244041846336,0.0022154683107655495,0.0022714435707454246,0.0039431000396572165,0.009775030272148637,0.003048135902725879,0.0022598815106674615,0.004026581968297738,0.010311157145959713,0.002261049186566078,0.0024851313110334948,0.00401154994035152,0.010805009793184153,0.0011099887765255328,0.0011151468463300796,0.0011183111453690736,0.0011191419904314462,0.0011504311319026953,0.0011167732826796912,0.0011116211149852068,0.0011184271708501877,0.0011183257186544156,0.001120300788003369,0.001127606271563317,0.001117283792310601,0.0011212831743939097,0.001115157046016579,0.0011226538811813106,0.001120566897453223,0.0011178789936048374,0.0011171634712232458,0.0011283444258417064,0.001121362050738239,0.0011202527538161126,0.001112862269021436,0.001122358973703225,0.0011206361598409928,0.0011194406456046472,0.0011279555013580845,0.0011131786288403858,0.0011399826926996907,0.0011328282226474207,0.0011129857906807955,0.0011418204095466175,0.0,0.0,0.0,0.0,0.0,0.0,0.0,0.0,0.0,0.0,0.0,0.0,0.0,0.0,0.0,0.0,0.0,0.0,0.0,0.0,0.0,0.0,0.0,0.0,0.0,0.0,0.0,0.0,0.0,0.0,0.0
134,0.0030967581420859574,0.0023236107118335685,0.004036597701696771,0.010873034195979608,0.0030489590488684513,0.0022313777615968053,0.004046776270925244,0.010202983204688505,0.003100126854871739,0.002739573423996021,0.004100287176479113,0.011919556820996673,0.0030896574726413254,0.002472439298240328,0.003981436760632408,0.011200268971852046,0.0022608789707487067,0.0026008071470213267,0.004132501302495355,0.011349627022433926,0.003024357396505667,0.0024636893693077634,0.004013451165028475,0.010787584059133352,0.0028500770428647147,0.0022474058689777423,0.0039920919984029885,0.009808203424815969,0.00241206079480627,0.002275561673650863,0.003993241105820515,0.009980011848024979,0.003092582875061914,0.0024303030542611953,0.003987486148795849,0.011257421163458296,0.0031431506191636656,0.0028918021294616347,0.004390480113029378,0.012421479726685346,0.0031027920239221052,0.002878048024989162,0.004342827697264781,0.012327996579305188,0.0030979606654129316,0.0024912698705705197,0.00399889865452821,0.011271193147023361,0.0030702431911100703,0.002558161152084002,0.004007449427578376,0.011436085471412238,0.0030749014571826933,0.00237645537576225,0.004020649206905536,0.010716924437105032,0.0031046870639051738,0.002892695264239089,0.004396726381834802,0.01238821200973983,0.00310767621430179,0.00266800923354532,0.0041043781801045585,0.011732222747289318,0.003076815282878181,0.002546630592675434,0.0040458697732848065,0.011364129105943326,0.003083366358743134,0.0024547973218112347,0.003994639710990969,0.01086980937272913,0.0031284243089301144,0.002908550476993077,0.005318866915749291,0.01324167563709717,0.0030836027918217913,0.0024090768600884024,0.004028890214160237,0.011016576857363798,0.0025954871055302482,0.002272512947760503,0.004004966690833598,0.009576979042565718,0.0030659811801339674,0.002307068984361717,0.0040408456710509825,0.010579986579476446,0.003131443450358023,0.0026637504008922546,0.004045371845849128,0.011745420104069638,0.0030916663508849316,0.00228155297327472,0.004089513047133273,0.010814444440049958,0.003054299842283723,0.0024314574670293207,0.003995105356314361,0.010811141524732289,0.002060550002618794,0.002268597197967557,0.003914639692987599,0.009080157740011679,0.0030826901398605397,0.0024349248385493426,0.004003946351976064,0.011076433611788221,0.002224866146474335,0.002284436726793037,0.003927196592062672,0.00999006706185911,0.002218674921026138,0.002271514483680942,0.003943200374189293,0.009774093843824624,0.003048054463167715,0.002261185400849208,0.004026350943026753,0.010318994819287605,0.0022682213934945112,0.0024834769388770305,0.004009186850161737,0.010792552825398934,0.001109769005372777,0.0011149834358006921,0.0011152493053821469,0.0011189352432427978,0.001145650331828254,0.001116644298179825,0.0011113998940083286,0.0011182765725209496,0.001118096866520435,0.0011173010206663012,0.001127286411325003,0.0011141180009792229,0.0011211384719130944,0.0011121781491779143,0.0011197268552346788,0.0011159712191236837,0.001113564130163781,0.0011141094071377873,0.0011252995747739782,0.0011211368692582984,0.0011200177443426594,0.0011086122735217124,0.001119081910988535,0.0011204126035469142,0.0011163551538813995,0.0011277878252213148,0.0011130121829919317,0.0011367916582589624,0.0011333995844287836,0.0011128464206374702,0.001141680350222774,0.0,0.0,0.0,0.0,0.0,0.0,0.0,0.0,0.0,0.0,0.0,0.0,0.0,0.0,0.0,0.0,0.0,0.0,0.0,0.0,0.0,0.0,0.0,0.0,0.0,0.0,0.0,0.0,0.0,0.0,0.0
135,0.003088724558919789,0.0023016120136763124,0.0040476907123698554,0.01076985653777183,0.003043463211321958,0.002229189060669194,0.0040464982988698515,0.010141924210483029,0.003100271998893252,0.0027439986481696144,0.004104235907020015,0.011933308721353546,0.0030883841038532077,0.0024572729472698332,0.00398694799164328,0.01115781765570076,0.0022606855557104487,0.0025928329667557226,0.004125744854116749,0.011330756667314486,0.0030225391946134264,0.0024518578212288067,0.004012288409769168,0.010753291097337705,0.0028424443368250296,0.0022477570285129884,0.003993490122205375,0.009798908943167008,0.002416937515352829,0.00227116872446248,0.003990792565488658,0.00994193998591648,0.0030871140606922192,0.002399869491113944,0.004002631852131389,0.011156526929303448,0.003139891056471512,0.0028924563359313442,0.004394810031891175,0.01241410375735683,0.003098194078848405,0.0028603353530512726,0.0042903133891453015,0.012249183932991806,0.0030955347937859706,0.002483940827054502,0.0039998600249825135,0.011227938831272889,0.0030662205633152978,0.0025431509687931387,0.004003770303873271,0.011371437914903222,0.003074168668795174,0.002368736785275231,0.004022586092533379,0.010687461787044661,0.003095322506177357,0.002878164984004364,0.004365307130987361,0.012326002108283355,0.0031024397177175436,0.0026389537374298224,0.004081204317309781,0.011629036456928123,0.0030727642591329794,0.0025253870555679023,0.0040399551602671654,0.011278998277771434,0.0030645480131955465,0.002417363847235945,0.003968546558673502,0.010557896986177966,0.0031292749252015226,0.002911069299163326,0.005334988941482044,0.013259259256502271,0.0030821230927218553,0.0024038117586386485,0.004032498185022925,0.010999892977198429,0.002574696808299058,0.002274495186110068,0.00400000792132745,0.009520644084971708,0.0030615318257512436,0.0022951491359714605,0.0040398658796191285,0.010497607119423973,0.0031277571593418103,0.0026493006319251392,0.004038844512145245,0.011720146389909952,0.0030905821390325764,0.0022785763280417735,0.004091689484789917,0.010801455960163847,0.003052442143592123,0.002419595070125379,0.003998301644777861,0.010774057430100653,0.002064932558469938,0.002268381674119615,0.003916830438478803,0.00909758293580965,0.003081563380511812,0.0024254939960918743,0.004004830446116915,0.011037194656669613,0.0022269553652422293,0.002283006320594673,0.003927956718586792,0.009981746189456612,0.0022206433799355557,0.0022717582223162436,0.003943975640689016,0.00977498217923238,0.0030480713441647664,0.0022602930550781764,0.004026916068455025,0.010315274039356972,0.0022701409973729216,0.002482493271298692,0.004008309388212672,0.010786152551403295,0.0011100316203689943,0.0011154082400661423,0.0011164553232052353,0.0011191910483796547,0.0011478599241795324,0.0011169383804204612,0.0011114650530823838,0.0011186377736550105,0.0011182428482710473,0.0011183783781117261,0.001127415906044317,0.0011153056228220537,0.0011212967998795885,0.0011133697983875662,0.0011211161787288728,0.001117955446698429,0.001115290467289912,0.0011154505457305801,0.0011263980462887955,0.0011211104004891182,0.0011201796675257931,0.0011103498958270623,0.0011203540920467607,0.0011204521387778701,0.0011175566589501297,0.0011281047363842789,0.0011133007932552143,0.0011381586604331468,0.0011337510915031396,0.0011131626394376465,0.0011420559997951426,0.0,0.0,0.0,0.0,0.0,0.0,0.0,0.0,0.0,0.0,0.0,0.0,0.0,0.0,0.0,0.0,0.0,0.0,0.0,0.0,0.0,0.0,0.0,0.0,0.0,0.0,0.0,0.0,0.0,0.0,0.0
136,0.0030858870368693295,0.0022938314952349486,0.004052110889885134,0.01073333979888326,0.0030401835370770475,0.002229197087202606,0.004046508161208244,0.010104832866290072,0.0031017510798009027,0.002759002776912342,0.004118586475311444,0.011975968453636548,0.0030896420930782626,0.0024588938504471894,0.003986578922660063,0.011166397724734154,0.0022635771719656437,0.0025884165274567056,0.004116633257455651,0.011263891097008588,0.0030194957428237826,0.0024460102041113253,0.0040043825842136565,0.010688324443316303,0.0028292026981000945,0.002243424167667483,0.003984406331947175,0.009713800538054236,0.002415916216578029,0.0022696572434063715,0.003985072207249812,0.009893571069619815,0.0030852224056999097,0.0023901871649171487,0.004011335371678187,0.011128261039013355,0.0031471381417591147,0.002903052513853204,0.0044187742920866425,0.01246263306209256,0.0030968196799124603,0.0028500860202684743,0.00426439264121453,0.012222472703767823,0.003096602214814363,0.002491550802514067,0.00399958470324561,0.011251900205764383,0.0030649779257295806,0.0025345994803574806,0.0040038096333152,0.011351357054848077,0.0030741038135851267,0.00236781813942343,0.004025705407780708,0.01068574262962598,0.0031009769252569345,0.0028781341346479465,0.004360818247854943,0.012329028976627972,0.0031002923375960728,0.002624948622549667,0.004073307539348575,0.011593141494017441,0.0030720851013045997,0.002517202848383743,0.004039383413135922,0.011257218079481414,0.0030594590453870817,0.0024013470089211822,0.003962165587505603,0.010455440622824394,0.003128844640960471,0.002917264552250673,0.005309607237621499,0.0132485050312937,0.003081008975456932,0.0023976721725106373,0.00403476603219208,0.010980825594427326,0.0025597985865131556,0.002276179345515616,0.003996145261611587,0.009477620828652064,0.0030591217734736807,0.002289253557240323,0.004041485216973388,0.010460922038769846,0.0031294866302540567,0.0026432872037616337,0.004032942013456596,0.011623476937125616,0.0030910362955068674,0.0022820566183631642,0.004093344733470576,0.010814958902926457,0.0030530490091246567,0.0024253084779181843,0.0039984920557828586,0.010791858788482628,0.002066272424176161,0.002265807714525161,0.00391021219033686,0.009054400312170958,0.003081898004070652,0.002424250955168199,0.004006544225146217,0.01103471696446293,0.002232944135612544,0.002284400036807912,0.003928918301730377,0.009991025610335042,0.0022232829693212717,0.00227122255863055,0.003944169075488752,0.009767309407779218,0.003050114840722309,0.002262976984875269,0.004027407246412706,0.01033575564110523,0.002271595147053022,0.0024853174600356982,0.004013194996559112,0.01081103509203488,0.0011094877854010096,0.0011148791177297526,0.0011168799808225186,0.0011186215060432821,0.0011472564669809707,0.0011159486355557192,0.00110977185634013,0.001117139837759787,0.0011176548154379353,0.0011187350777987072,0.0011268064398894456,0.0011155958893946031,0.0011207272861908364,0.0011138356998428019,0.0011213662622492368,0.0011188277106823675,0.0011160164730278912,0.0011157241451852087,0.001126857224899444,0.001120506552033064,0.001119552483459793,0.0011111725002759328,0.0011208098976455917,0.0011199534085793938,0.0011178459817240837,0.0011276174453838542,0.0011128327398239664,0.0011384956665019049,0.0011322681658778345,0.001112674601944425,0.001141475833172788,0.0,0.0,0.0,0.0,0.0,0.0,0.0,0.0,0.0,0.0,0.0,0.0,0.0,0.0,0.0,0.0,0.0,0.0,0.0,0.0,0.0,0.0,0.0,0.0,0.0,0.0,0.0,0.0,0.0,0.0,0.0
137,0.0030917591507446333,0.0023010682214116276,0.004054765963245593,0.010822242901290954,0.003044482300164307,0.0022316940289976847,0.004055089894792235,0.010166137225204859,0.0031062908827908025,0.0027675371440906444,0.004125402744937747,0.012060838106649074,0.0030970915293704695,0.002469242203883054,0.003985535589320579,0.011256776214803853,0.0022541854346379724,0.0025978001497374047,0.004130741714405137,0.011346395641117887,0.003026185456727254,0.0024526236572549546,0.004012652503157066,0.010759142072454653,0.00284329749720995,0.002245001010516824,0.003990395562297003,0.009778791280049881,0.0024106779918566345,0.0022781181901250992,0.003995050797599724,0.010003273600895684,0.003088894709539491,0.0023873141548247942,0.004012905819015031,0.01116116338890997,0.0031566770995866003,0.0029098507936639673,0.00443607491573537,0.012513676587067781,0.003102234674893487,0.0028366659237784,0.004235162401010232,0.01225533511907257,0.0031034644911103813,0.0025017323429762954,0.003996101025382495,0.011349029673194068,0.0030705414989647107,0.0025369827134231553,0.004010396881175102,0.011429031993883565,0.0030880092043082145,0.0023814991247175597,0.004043505274485354,0.01090960026056743,0.0031088692392482065,0.0028780708674794172,0.0043585337532209755,0.012397697586681147,0.0031059046489381797,0.00262113239893288,0.004074419909760271,0.011640947807755684,0.003076066632242406,0.0025171926427806214,0.0040441229583372176,0.011315992640561622,0.003069128173874027,0.002410924270206244,0.0039834627809453476,0.010645527955491797,0.0031261005400644915,0.002881427100973369,0.005334161635647967,0.013253909702050677,0.0030822088262614233,0.0023985119986070108,0.004031737706986359,0.010985923681863206,0.0025435697758054033,0.0022757988803809776,0.003992546006745321,0.009455532814877826,0.003061999121656313,0.002286930533124479,0.004043436757149418,0.010485718728397774,0.0031358689346460853,0.002647442696979608,0.0040402226419941414,0.011659718199266055,0.003093079405902017,0.002288214694627263,0.004089421384074736,0.010844474612865206,0.0030549865592583905,0.002437783978342469,0.003993371221561088,0.010828791507016915,0.0020602502280005555,0.00226885014970737,0.003917145140779151,0.009095320928588923,0.003087842917920376,0.0024305695962509514,0.0040081404618161716,0.011109855953783694,0.0022268805201645725,0.0022956714984487935,0.003947855248483593,0.010150106915051142,0.002221246437644502,0.0022778671416909726,0.003961461960920681,0.009902331502789727,0.003058341115775226,0.0022676537635208304,0.0040345436133481915,0.010425022555448426,0.0022682983895061224,0.002496073721780741,0.004033267438954263,0.010960266563788842,0.001109852085636776,0.0011152043141796208,0.0011184809426797435,0.0011191636517941111,0.001150292309419697,0.0011165762284041875,0.0011119154295517312,0.0011180112558805255,0.0011180738744857375,0.0011202631932104431,0.0011273318159906508,0.001117283093046461,0.0011211494111895823,0.0011160124293025737,0.0011226353023637025,0.0011208837552105337,0.0011179466249325348,0.0011168015802626918,0.0011283917865516826,0.0011209770875821538,0.0011200356485820341,0.0011132716937867007,0.0011226342197726276,0.0011206245098819396,0.001119608872811575,0.0011278837536057807,0.0011131840129957298,0.0011398725486641238,0.0011339000993233605,0.0011130939719777978,0.0011417447100775867,0.0,0.0,0.0,0.0,0.0,0.0,0.0,0.0,0.0,0.0,0.0,0.0,0.0,0.0,0.0,0.0,0.0,0.0,0.0,0.0,0.0,0.0,0.0,0.0,0.0,0.0,0.0,0.0,0.0,0.0,0.0
138,0.003099112836635241,0.0023126712066623934,0.004063427068044733,0.010935463098346357,0.003052402754956997,0.0022354281818239576,0.004065401408895342,0.010275438882185682,0.003117285062855943,0.0027778127561968982,0.004133788857631317,0.01216375369537961,0.003108136668686066,0.0025058095250263908,0.003983877535643303,0.011435944422757256,0.002256787092074691,0.0026324536103671347,0.0041891581173155905,0.011693035063389168,0.003045403063283143,0.0024723478918627305,0.0040481148913170915,0.011038583139996186,0.0028898870164466906,0.0022588174417095064,0.004027318438299616,0.010062119702116762,0.0024224178603491175,0.002301671292601861,0.004030936438405397,0.010326526327529355,0.0030940947320306396,0.0024007794386037254,0.004020060683062047,0.011258996384234539,0.0031661829775289476,0.0029262519777808966,0.004482220728201419,0.012637938016622791,0.0031031274593793273,0.0028211250939474382,0.004201168643675056,0.01226657017654106,0.0031148066212573385,0.0025166986301425765,0.004000421251598117,0.01146774080316348,0.0030770313809717277,0.00255667345844977,0.00401896594778476,0.011538360966595412,0.0030961350879468294,0.002401329750473274,0.0040498763166743135,0.011039388291603698,0.003115853560282624,0.002884523481347357,0.004374094992143066,0.01249427774157914,0.003113295554463826,0.002625892745935937,0.0040810104949976075,0.011711962176021655,0.0030816908456806798,0.0025235524994769404,0.004051116146455409,0.01139441606276903,0.003086288914962071,0.0024452337812072475,0.004003293623580271,0.01090746605871366,0.003125266222702154,0.0027923382391199358,0.0054213265950361945,0.013451142534785111,0.0030846919419016913,0.0024085753208736706,0.004029579880733004,0.011021009547952635,0.0025595952754382464,0.0022826332614698562,0.004016055262582112,0.009620206573834635,0.0030664431532614555,0.0022928382369222853,0.004050481193225563,0.010561338672118364,0.00314664477832703,0.0026558506173746596,0.0040511628370681315,0.011714533007262443,0.00309608748842682,0.002301725936006797,0.0040878812956700785,0.010896409585261066,0.0030557341632660093,0.0024442218828278303,0.003992180856037398,0.010847799257468049,0.002068089045778986,0.002267640023293765,0.003918160092376285,0.0091163050617132,0.0030932784582715254,0.0024254117481016715,0.004019088621871849,0.011161651484188236,0.0022408043686223214,0.002312333243228384,0.003973089316610575,0.01037024830503988,0.0022321372520109563,0.002286091027605222,0.00398488638789514,0.010067593446192364,0.003066014287436511,0.002272746868077169,0.004044159126194139,0.010510402120049523,0.002272095371052307,0.0024971776240087966,0.004034348919221484,0.010964917797430598,0.0011096519628344592,0.0011153447258051559,0.0011155804146689853,0.0011190241999456515,0.0011478977273215055,0.001122188246886457,0.0011146819294130018,0.0011233072443918913,0.0011180063274942374,0.0011173945394599887,0.0011271806772092325,0.0011143847653763458,0.0011211772757987338,0.00111326518047061,0.0011196976271361043,0.001116685401281639,0.001113784206151061,0.0011139368639454584,0.0011252415593508273,0.0011208541717473213,0.0011198133630664535,0.0011093273893525149,0.0011199403595219706,0.0011205182418241688,0.0011166806234949149,0.0011283140309664343,0.0011132230795351003,0.0011375681205735007,0.0011340207289992118,0.0011131435476143415,0.001142222383028649,0.0,0.0,0.0,0.0,0.0,0.0,0.0,0.0,0.0,0.0,0.0,0.0,0.0,0.0,0.0,0.0,0.0,0.0,0.0,0.0,0.0,0.0,0.0,0.0,0.0,0.0,0.0,0.0,0.0,0.0,0.0
139,0.0031055277421607793,0.0023240447798647877,0.004065477776683379,0.01102457201780267,0.0030575921931114097,0.0022377861105512364,0.004071814283709499,0.01034397248863244,0.0031342717730261137,0.00279128584448622,0.004153379969997978,0.012246804503690062,0.003123401417451235,0.0025352261919037314,0.00398016429079806,0.011572535613032751,0.0022565167060141543,0.002649613204519699,0.004213168018022554,0.011804013173486994,0.0030549216751999107,0.0024784271447338114,0.004055289574855689,0.011133705513673216,0.0029123380260247713,0.002261144098911731,0.004033897511626559,0.01013206440348078,0.0024351523847183647,0.002309380170583425,0.004040339788531088,0.01041188512509239,0.0030990651317983264,0.002405360696856025,0.004025813804251126,0.011337313325458447,0.003180522007777913,0.0029399120936989195,0.00452438750304421,0.012754198613107628,0.0031103765020749348,0.002834131501720569,0.004227618054300934,0.012373500122262203,0.0031257118632418515,0.0025252037338099075,0.004004163724441395,0.011562254174236081,0.0030816061591184196,0.0025574576706112856,0.004026242060934023,0.011606867555495892,0.0031066994444829024,0.002414437388377656,0.004050821461439962,0.011154747704604086,0.0031224610243452836,0.0028884412117752417,0.00437901677688303,0.012552673077230882,0.003120505152893238,0.0026411464107426287,0.004092444953616917,0.0117969146646256,0.0030850660814441683,0.0025201323982460373,0.004058065355487647,0.011431487114609085,0.003103000839106246,0.0024721685015693705,0.0040339852786030125,0.011210988221020589,0.0031085201900305313,0.0027466339465853726,0.005415713266149706,0.013357097335963058,0.0030863989565519754,0.0024161322425787046,0.0040287734511074615,0.01104751851598784,0.0025694992972213294,0.0022821646465338227,0.004017909559790223,0.009635388846885808,0.0030694017103212153,0.0022977057755701577,0.004057361963376361,0.010616150285953425,0.0031441706831619436,0.0026503084752674795,0.004048100827724238,0.011703345063499912,0.003095447031108642,0.0023010985197004833,0.004092264660826927,0.010913337911459927,0.0030552845375120866,0.002441600855865474,0.003995172364990014,0.01084000047234221,0.0020698774217865114,0.0022691545547113053,0.003924090777942349,0.009149217038703425,0.003099605380534877,0.0024255242962148106,0.004018760027203792,0.011200069929592708,0.002249988953629645,0.002319055046592508,0.004003891991945941,0.010566839286774259,0.0022448457608983973,0.002299109512202157,0.0040205380815851325,0.01032219755471403,0.003073387155998343,0.0022753429510544965,0.004051890523982209,0.010576252561524968,0.0022868478529335405,0.0025172635707472477,0.00408783183742379,0.011373890861171798,0.001109145672188006,0.0011147760131740398,0.0011164540203489261,0.0011185529879317192,0.001149482172464248,0.0011220999674770686,0.0011144418268799502,0.001122808237896212,0.001117559879029276,0.0011183944766590605,0.001126436244273852,0.0011155147890315846,0.001120779494622923,0.0011142313495451802,0.001120640868376486,0.0011183982111620048,0.0011150789181837554,0.0011167687348948654,0.001126246296374471,0.0011203264371444923,0.001119282581371597,0.0011105008573228058,0.0011209503622556904,0.0011199063964603916,0.0011175217714942886,0.0011275681695495196,0.0011126037235628695,0.0011390949093232484,0.0011411573142643206,0.0011126863638596597,0.0011486138649789697,0.0,0.0,0.0,0.0,0.0,0.0,0.0,0.0,0.0,0.0,0.0,0.0,0.0,0.0,0.0,0.0,0.0,0.0,0.0,0.0,0.0,0.0,0.0,0.0,0.0,0.0,0.0,0.0,0.0,0.0,0.0
140,0.003115427338674639,0.002332168717659399,0.004090539338656138,0.011218478082182267,0.0030654804222768274,0.0022443393490020344,0.0040936056701646245,0.010497631084125348,0.0031464190244943685,0.0027915474622280693,0.004161787575067867,0.01243450847507198,0.003133822795793261,0.002539248130919456,0.00400215056979048,0.011756668150073927,0.0022687791212878993,0.0026614308262591555,0.004241682148655066,0.012031071237705847,0.0030646299962315965,0.002478882148234809,0.004079989974914534,0.011318569538494007,0.0028931806077213186,0.0022654569149764825,0.004053978393744443,0.010235030700996536,0.002458992422008708,0.002311223967278044,0.004063581239462674,0.010559819538929606,0.003107699119694492,0.002401745078430683,0.004049806484793118,0.011495349885991171,0.0031882508098138034,0.0029322414551985246,0.004487739596748934,0.012924044739871507,0.003122818888686597,0.0028496658985731733,0.004266148066762501,0.012604297308975602,0.003147012505623672,0.0025277472720127018,0.004018730655192853,0.011757212516101873,0.0030903017439579197,0.002558843498189395,0.0040477555336400125,0.011782474937677973,0.0031170698686526135,0.002411765917212549,0.004073998467927924,0.011305774998185898,0.0031317723117840774,0.0028918746768498136,0.004389021577571187,0.012748334067122521,0.003125998070275608,0.00263867173610926,0.004105036879904379,0.011964019464882857,0.00309334201840754,0.0025068057886498303,0.004077596365147501,0.011554874126696844,0.0031028258398057202,0.0024678234934540433,0.004033595406447801,0.011238247233256247,0.0028040825716492556,0.0026719711703196516,0.005467128805572272,0.013324314904473607,0.0030847628953702463,0.002400120502357205,0.004028015571245154,0.011003908958057087,0.0025495169703934383,0.002281963944513835,0.004008638189874908,0.009572617076981408,0.0030781823294652403,0.0022980132095296807,0.004085709896828995,0.010773379988622362,0.0031310593076565897,0.0026281383178232863,0.00403402640253034,0.011653368899772382,0.0030985258043999663,0.002304276771986179,0.004101094809618953,0.010983955284666183,0.003054181089046223,0.0024336509170885872,0.003996810990221754,0.01081513216191982,0.0020745441947236645,0.0022725330326042272,0.003931035824579852,0.009199970523653173,0.003111797271498575,0.0024314210881599477,0.0040433326342887215,0.011405973446326715,0.002254704110896998,0.002317548395735506,0.00400405322442058,0.010564709392477944,0.0022502583428172917,0.0023000920394130858,0.004024206366433803,0.010354415638940828,0.003080946278651565,0.0022786344609730144,0.00407364490660431,0.010716007841789148,0.0022925703754512468,0.0025187690808698743,0.0040897076893196774,0.011386554126979538,0.0011087862997759047,0.0011146614074125356,0.0011174869476820598,0.001118360619631914,0.001151152010307259,0.0011215864534373226,0.001113856378681497,0.0011221127359235573,0.0011176854849711568,0.0011193684426243074,0.0011263448522424516,0.0011167975815385086,0.001120659501664912,0.0011153169042843682,0.001121707779106158,0.0011198064434126383,0.0011163904075801286,0.001117772762284546,0.0011273623331540692,0.001120421892056066,0.0011191492523558546,0.0011115401088616582,0.0011219447911364163,0.0011195490814656314,0.0011184432337072035,0.0011275214503955076,0.00111243818681093,0.0011402006243068983,0.0011406450319110598,0.001112491238047836,0.00114842330547884,0.0,0.0,0.0,0.0,0.0,0.0,0.0,0.0,0.0,0.0,0.0,0.0,0.0,0.0,0.0,0.0,0.0,0.0,0.0,0.0,0.0,0.0,0.0,0.0,0.0,0.0,0.0,0.0,0.0,0.0,0.0
141,0.003103123697613316,0.002315421592565563,0.004064949124976651,0.01098599898023601,0.003054743538855217,0.0022332097248082003,0.004063756701877502,0.010290162879066965,0.0031328730922126915,0.002758284048891644,0.004102122930710156,0.012156981508875255,0.0031266772544744632,0.0025197165975596575,0.003973321267341799,0.011528425922378429,0.0022562985047944843,0.002642609774635841,0.004206492660595447,0.011799889101247171,0.0030525172626340094,0.002458426440741276,0.0040515393632463235,0.011083383485316286,0.00289507067195192,0.0022571711881275904,0.004028559086308107,0.010083079999048759,0.0024507821678188715,0.0022965819736420726,0.004036231093284978,0.010343899462039296,0.0030967326427666043,0.002379134335864392,0.004026042033099445,0.011251502840363524,0.0031779051892766815,0.0029196063723319655,0.004460668698822376,0.012690879134997668,0.003115322724226824,0.002831842462891995,0.00422471382257564,0.012363802908694552,0.0031409524278399647,0.0025281178097339247,0.003987707350565358,0.01158034850987397,0.0030816244946549414,0.0025485641019626255,0.004018578485744226,0.011580428389793673,0.0031052747232159393,0.002377065117922231,0.004048913676132912,0.01102408999814203,0.00312289099297144,0.002877924730241071,0.004356289303040562,0.012515379121332243,0.00311468886687663,0.0026314819194583304,0.004075946100350159,0.011770352093098907,0.003086497726822398,0.0025095437254994083,0.00404769314295634,0.01140013558869233,0.003097366058819523,0.00245136898537898,0.004021279608714961,0.011151043357026323,0.0009069928801430696,0.0026248551147893123,0.005474550493773851,0.013301651439504554,0.003088567848334496,0.002401406531205837,0.004017993105057339,0.01102906333185734,0.0025655759366663275,0.0022773600642440723,0.004008717314734739,0.00961295899290971,0.0030676910783732753,0.002282089665219582,0.004056953995661865,0.010547074239229192,0.0031249351473399793,0.0026190054657234266,0.004023089723550021,0.011633577475003893,0.0030963090701889196,0.0022967030727090204,0.004085687753003626,0.010911703611343335,0.003055905425249646,0.002431891457272128,0.003985906376438623,0.010808705031490019,0.002081684738748159,0.0022701183065919,0.00393504083272627,0.009250474448452752,0.003104149175645022,0.0024205037461499947,0.00401245869870941,0.011203991847512165,0.002232129752797725,0.002299698624531282,0.003967095672424765,0.010282648689613075,0.0022432092074201244,0.0022997675255526126,0.004025422750098023,0.01037489070974866,0.003073203312109123,0.002271245204705654,0.004049557031132188,0.010553043661042842,0.0022671342713699613,0.0025052318657976668,0.004052660626665513,0.011098964314813588,0.0011097783067533296,0.001115903024380789,0.0011200486574905713,0.0011196506811242037,0.001154078134231893,0.0011226657345962863,0.001114931128312081,0.0011233312703529765,0.0011189445317548628,0.0011219211339998055,0.0011277927181837738,0.0011194579538195762,0.0011219798779894784,0.0011177712758178903,0.0011242938411038243,0.001122826439869701,0.0011193730606254314,0.0011206004808357913,0.0011301775764258355,0.0011221447163092461,0.0011206367147898794,0.0011144416787779606,0.0011245981807730982,0.0011214454466463922,0.0011215903592266558,0.0011284920948984962,0.0011135513010170541,0.0011428425207054866,0.0011416262698843418,0.0011135017987261478,0.001143935496096856,0.0,0.0,0.0,0.0,0.0,0.0,0.0,0.0,0.0,0.0,0.0,0.0,0.0,0.0,0.0,0.0,0.0,0.0,0.0,0.0,0.0,0.0,0.0,0.0,0.0,0.0,0.0,0.0,0.0,0.0,0.0
142,0.0031026737685745944,0.0023137042768973134,0.004063443347512994,0.010977837014316634,0.0030544845890031337,0.0022338657878855934,0.004064855739926263,0.010292642697238646,0.003127781812439363,0.002748158049488843,0.004090253026005209,0.0121303173887033,0.003124089722147348,0.002514001957386067,0.003974368039888171,0.011511006018095505,0.0022598699654807946,0.002639030798652445,0.004199372964326617,0.011751280380706126,0.003051047488509547,0.0024657166154181307,0.0040477500461599545,0.011069963580675492,0.002892064942856127,0.0022557935080502294,0.004024789872850095,0.010053453533198985,0.002451245093665285,0.0022880536146683414,0.004029059972729191,0.010254795563648887,0.0030949042419273322,0.0023741233343371067,0.004027802376188692,0.011229322671900575,0.003169386462079333,0.0029080825694683997,0.004427508747997344,0.012640949396418537,0.0031144046610537485,0.002826272229883367,0.0042122110119627056,0.01234330226172573,0.0031323117706010583,0.002516565361627761,0.003990455381338592,0.011526836107528263,0.003082142801069928,0.0025555387741036254,0.004018688482821562,0.011595432186896935,0.00310250074662715,0.0023692412608233696,0.004051628367429409,0.010991928403221446,0.0031214403681861474,0.002876103110741833,0.004354556480254041,0.012504455831252512,0.003118998354412022,0.002639152564977315,0.00408269429440903,0.011802912620677905,0.003090186056266716,0.0025349524940995764,0.004052380647113025,0.011487045039513283,0.0030959799283056576,0.0024420997695741293,0.004022891902045864,0.011123703573045977,0.0016198642239011157,0.0026374722687467914,0.005470878653142433,0.013305487363858516,0.0030875948065814856,0.0024055331072076035,0.004012634481063544,0.011017784867533896,0.0025802799359854354,0.002276539691590105,0.004011979015473447,0.009644631049564787,0.0030663312613504828,0.0022867303890410423,0.004048646795034911,0.010539056018784628,0.0031274378759400664,0.0026266561780536584,0.004027761260592619,0.011653575493614322,0.00309259624700219,0.002286112356981622,0.004084252613943964,0.010838290296025978,0.0030548086566190317,0.002419831509589432,0.003988868381887262,0.010773495419121159,0.0020798390337599154,0.0022702737664735337,0.003930493789181099,0.009216183340089733,0.0031024160499435733,0.0024140427988095245,0.004014049408327927,0.011177874416046917,0.0022372768285752473,0.002297381171460952,0.003966102584194536,0.01027848309430835,0.0022453710176966114,0.002298101710419256,0.004022959490029753,0.010352728124237277,0.0030708934116618434,0.002268611891937274,0.0040473018870434445,0.010533145046448675,0.002265577831394182,0.0024995871598283404,0.004035500220008406,0.010962998607076262,0.001109438265148871,0.0011153702760769504,0.0011170904760251336,0.00111911234999253,0.0011494253407372153,0.001122032063184428,0.001114480632176508,0.0011228115939355843,0.0011183963687905652,0.0011188423181021227,0.001127198804486785,0.001116327099644437,0.0011214642614549232,0.0011147016752955363,0.0011213498330989516,0.001118605736600304,0.0011151903603883408,0.0011174511995619776,0.0011269173915820318,0.0011215736078500856,0.0011199716052013862,0.001110497566691908,0.0011214821446756877,0.0011208308646104281,0.001118414304463585,0.0011280436742855228,0.0011129893848191676,0.0011393910125455358,0.001141107633194003,0.0011131220251227461,0.001141683295610816,0.0,0.0,0.0,0.0,0.0,0.0,0.0,0.0,0.0,0.0,0.0,0.0,0.0,0.0,0.0,0.0,0.0,0.0,0.0,0.0,0.0,0.0,0.0,0.0,0.0,0.0,0.0,0.0,0.0,0.0,0.0
143,0.003099125036861111,0.002308024365678681,0.004060833169461437,0.01092248925685608,0.003050027367866924,0.002232360146859907,0.004060082592826761,0.010233449780381439,0.0031240106239429364,0.0027362982827847937,0.004075065539636252,0.012065836748832059,0.003115661791401618,0.002501317906178418,0.0039734678629580866,0.011439679441702422,0.0022635520451405014,0.0026323044723611834,0.004190002133978914,0.011702632169364806,0.003050584942777605,0.0024755191084040364,0.004045017388558758,0.01107185445134784,0.002860589415322025,0.0022516146877174206,0.004017985474936562,0.0099640782178057,0.002450054563964679,0.002278276207414604,0.004022224506257973,0.010141745219285549,0.003094209716870495,0.0023762766197268576,0.00402453425102391,0.011223641788896333,0.0031671565937255695,0.002905969760626658,0.004423232110655352,0.012636244701897753,0.003111222415676197,0.0028140936020144705,0.004185995082055769,0.012295467643582773,0.0031273392801272025,0.002507682274890074,0.003992826762015712,0.011498729547889532,0.003081774480029062,0.002559729056338599,0.004017794393897878,0.01159566298414624,0.0030969913699122,0.002349389833269929,0.00405103608022512,0.010883594773193532,0.0031186415357031417,0.002870379980539432,0.004340776621430335,0.01245156607564801,0.003116836867086717,0.002634993583353123,0.0040770437709121065,0.011755482934595714,0.003086356164039599,0.0025224929808557953,0.004046201125455645,0.011417025066206855,0.003091472290647578,0.0024224703509562935,0.004022451678219266,0.011041832758052206,0.0030807395879559585,0.0027197285381454148,0.005409755001719569,0.013282829852709732,0.003087329831021843,0.002408622900903582,0.004014111310596059,0.011024837684706456,0.002585122304977138,0.0022762309995114703,0.004012852423013451,0.00965449703409201,0.0030660307625506133,0.002288459145974361,0.004047651373650718,0.010543908796770423,0.0031228639413405364,0.002604617493154454,0.004017050324877085,0.011596611922610158,0.0030860850086528047,0.00226833581184828,0.0040899957923074964,0.010743782770517522,0.0030516798334298606,0.002399831574271553,0.0039917430471017295,0.01070988264761764,0.0020797217928739116,0.0022701853315641144,0.003928788654517079,0.009204874306243208,0.003096672768976626,0.0023970652317162715,0.004014172565768169,0.01107811925068504,0.0022314094564962264,0.002286108654108908,0.003926188403448964,0.010009912651668808,0.0022461031866650425,0.002296481493055529,0.004019447522555855,0.010324055048857741,0.0030672951309240527,0.0022648867166700747,0.004042757752229169,0.010482180735570263,0.0022634069838881853,0.002495528034090592,0.004019456474592409,0.010837788624366107,0.0011094404076757351,0.0011152045170324733,0.0011193599738551097,0.0011191698858107621,0.001152762060473393,0.0011219770941162603,0.0011144819194289105,0.0011227978982368784,0.0011183247660642606,0.001121237228552787,0.0011271138704132694,0.001118707445685153,0.001121402984700047,0.0011169404323521552,0.00112377753345561,0.001121842773724118,0.0011184356939468799,0.001119948378072634,0.0011290510741828019,0.0011212088582444085,0.0011198471903702209,0.0011135792276737932,0.0011236646483280736,0.001120616912937151,0.0011208527266765753,0.0011280087867606243,0.0011129451713929974,0.0011411620307669684,0.001141099703941822,0.001113097412466024,0.0011416454802292446,0.0,0.0,0.0,0.0,0.0,0.0,0.0,0.0,0.0,0.0,0.0,0.0,0.0,0.0,0.0,0.0,0.0,0.0,0.0,0.0,0.0,0.0,0.0,0.0,0.0,0.0,0.0,0.0,0.0,0.0,0.0
144,0.0030992626930751023,0.002307648696058425,0.004057831130154188,0.010919969153360489,0.003049604365584928,0.0022324555676789615,0.004060142963950678,0.010229524879641053,0.003121555336177922,0.0027082465777617526,0.004047475234943735,0.011991077925805158,0.0031082338594932207,0.002485116505971147,0.003978577081285127,0.011376357261714914,0.0022690506331046775,0.002621340441607612,0.0041792934993830425,0.011673839112092348,0.0030489508241963864,0.0024690404356139677,0.004042912283848214,0.011049999767639993,0.002845066199838221,0.002251203291738559,0.004014426362218578,0.009902392835681001,0.0024525567239539856,0.0022767711077281362,0.0040210898604387275,0.010128059574610177,0.0030943534340933413,0.0023782199816678876,0.004022157368969218,0.011228726322421907,0.0031754408503617436,0.0029225433198790713,0.0044794089542181,0.012686380336243067,0.003110508420968278,0.0028183945157304094,0.004196569900844585,0.012310575659632611,0.0031252245800093823,0.0025104673932153645,0.0039924325361415216,0.011503171461715138,0.003080991024186378,0.0025541307263767174,0.0040165241963988334,0.011581881834484085,0.003095592487368187,0.0023385072031671156,0.004052639297019787,0.010839537869542944,0.003120127302107184,0.0028701498911534013,0.0043397928511504594,0.012451858796005959,0.003117518841444178,0.00263789712366245,0.004078576017782335,0.011763104565384888,0.0030866922501434566,0.0025245073236614944,0.004046266462045109,0.01142397288586166,0.0030899821904342246,0.002413269100266251,0.004023089328450118,0.011013857617811686,0.0030975354944979515,0.002731394364680539,0.005398617266850422,0.013290138808447045,0.0030858242026108925,0.0024016518712148965,0.00401652660735179,0.010998497578289555,0.002603117121784181,0.0022746193035440296,0.004015957627223722,0.009694034549726307,0.0030658978509872305,0.0022875560155976517,0.004047339849834335,0.010538997237050242,0.003117510702449796,0.0025795401426267645,0.004004227838107131,0.011533287421051426,0.0030840015607672445,0.002263946767014301,0.004090435085269804,0.010715096991890891,0.0030513543277589737,0.002395415565618063,0.0039914652852218145,0.01069560902000542,0.002079620323218797,0.002270174394887266,0.00392611187575937,0.009185989673673985,0.0030935401265732815,0.002390238246492032,0.004017985134994163,0.011048493511505632,0.002229638309109338,0.0022790262341317626,0.0039241672200001215,0.009964778800209583,0.002249397384528957,0.002295882332915172,0.004019013289232837,0.010320032056800139,0.0030669601485655146,0.002264378522354763,0.004041983292864897,0.010479138078963668,0.0022680616537811317,0.0024940872986362154,0.004015761416685692,0.010814975835906505,0.0011097006840567651,0.0011152663721246358,0.0011208346549205859,0.0011196217506630984,0.0011564116101190425,0.001122355965295055,0.0011147346060342333,0.001123100314017676,0.001118441038597961,0.0011228865421200054,0.0011272190290569934,0.0011201677365881822,0.001121500153598003,0.0011182801889458856,0.0011255982098165036,0.0011253933652443863,0.0011218857900913404,0.0011214043286513168,0.0011308848374873407,0.0011212769913913191,0.001119980074705969,0.0011170449794181848,0.0011251199307732236,0.0011206771050087288,0.0011225573099973352,0.0011283258603954265,0.0011132170440143958,0.0011428855150989563,0.0011414051595759946,0.001113347633356606,0.0011418791437419905,0.0,0.0,0.0,0.0,0.0,0.0,0.0,0.0,0.0,0.0,0.0,0.0,0.0,0.0,0.0,0.0,0.0,0.0,0.0,0.0,0.0,0.0,0.0,0.0,0.0,0.0,0.0,0.0,0.0,0.0,0.0
145,0.003437568813324114,0.002606859235223861,0.0046249486971484,0.012479621036850644,0.0033857924254877885,0.002519093269430253,0.004591940432913224,0.01164983552726222,0.003458959650021679,0.0030199455075040037,0.004535616670994653,0.013577322300527916,0.0034339031926527708,0.0027522126816394705,0.004512498417924012,0.012634106738675117,0.002555993366223674,0.0029054374270948797,0.004665421097011274,0.012901551007763613,0.0034146148416073657,0.002724845009169504,0.004568430567288911,0.012639785334599208,0.00301406287694785,0.0025412404162153818,0.0045126169058715875,0.01116784849733412,0.0029732711256321657,0.0025513942718778434,0.004539409189395059,0.011470971704205643,0.003433388719036136,0.002703623459113805,0.004579478187728698,0.01276546575328733,0.00345329693405523,0.003350226838206702,0.005177135859693892,0.014361659701522894,0.003438198649525491,0.0032037563536408084,0.004692422569060403,0.013900390486797401,0.0034823862502439385,0.002846806182306613,0.004513999742196022,0.01308176136249545,0.0034189467963339805,0.0027749469092156268,0.004529600007384975,0.012870069179636786,0.0034325501201558726,0.0025936859085765166,0.00457829033190458,0.01221464309246614,0.0034852335924411065,0.003263930783614179,0.00488716315682315,0.014259859522308035,0.0034748761109034097,0.0029252644879232525,0.004471037703449547,0.013373185723092741,0.0034550405442295906,0.00279820083846695,0.004507249459274906,0.012950335825789076,0.0034212630977445836,0.002696716677038154,0.004511174204688176,0.01224940903423592,0.003431424504113603,0.0032295443083316952,0.005684151039193212,0.014545948549560286,0.0034269781231584745,0.0025989545368002584,0.004575391415100818,0.012319188081897739,0.002910256196366986,0.002545644530575637,0.004468556856461932,0.010679993396344387,0.003417741643054555,0.0025604956134864364,0.0046212285189563,0.012029802151724578,0.00347460948996028,0.0028175624861711177,0.004494239411999059,0.012954518247508264,0.003399682636155329,0.002586675587249654,0.004686123089918148,0.011864179333753668,0.003408330115001354,0.002582394693876371,0.004660808505362739,0.012220965208162453,0.0022901041580117966,0.002547689451011254,0.004377302745165529,0.010205259182863193,0.0034234482264728357,0.0026209759487904214,0.004543855638135745,0.01225033753373784,0.0025169362906452145,0.002559739420201195,0.0044532721919400406,0.011414411466435417,0.002543893289724837,0.0025746488461743417,0.004515501485823586,0.01148451996453049,0.003387600873848397,0.0025196289368276986,0.004551596402756378,0.011677888943726386,0.0025691713256802296,0.0027833167358552037,0.004558747985363178,0.012471852270859436,0.00122056274495714,0.001226079136435768,0.0012261073338404066,0.00123079085395484,0.0012602109240947728,0.0012360878330205053,0.0012259583648615109,0.001230801053384754,0.0012297432322051383,0.0012282238736189284,0.0012400359351419604,0.001225410751663345,0.0012337732158025634,0.0012242070236340317,0.001227239631397988,0.001225914729386773,0.0012216209947571834,0.0012267539729881925,0.001234917160476437,0.0012324032227514375,0.001230664340111719,0.0012164280192352858,0.0012295549151058417,0.0012338650155355449,0.001227788331489675,0.0012396210663602092,0.0012225230956404455,0.0012480355399536638,0.0012516878998838812,0.001223980964003892,0.001266064425113539,0.0,0.0,0.0,0.0,0.0,0.0,0.0,0.0,0.0,0.0,0.0,0.0,0.0,0.0,0.0,0.0,0.0,0.0,0.0,0.0,0.0,0.0,0.0,0.0,0.0,0.0,0.0,0.0,0.0,0.0,0.0
146,0.003430237990676884,0.0025880416478373755,0.004623169402810739,0.012362271538627248,0.0033798742840277633,0.0025202197039219296,0.004584753789487439,0.01155739358628895,0.003454240945705761,0.0029946096315659376,0.004523684256423867,0.013484226975272295,0.003430321970409052,0.002747419556776512,0.004508355552315753,0.012573084338358414,0.002559104293554022,0.0029070157035276174,0.004667261887307231,0.012905857466723528,0.003412490641063751,0.0027076858956556053,0.0045712567098786915,0.012583498343597245,0.003002852092871275,0.0025421861736176984,0.004509944034040721,0.011123219366543445,0.002961117725329965,0.002548754480772019,0.004532192671509653,0.011384470819269658,0.0034311666233881166,0.00269418904779024,0.004584613054788612,0.012730863578334408,0.0034499276114261274,0.003345596909106305,0.005166018333473257,0.014348898244378488,0.003433650897735164,0.0031576772132065607,0.004634990443596627,0.013807664368033046,0.0034735081617161966,0.002816369552080553,0.004523331522897563,0.012992814701250294,0.003416587023723105,0.0027489398835135507,0.0045427726283647114,0.012800529426237618,0.0034297985327766886,0.002587092080796931,0.004581533933497112,0.012180727447200813,0.0034808632056601667,0.0032517724443279997,0.004857872112561959,0.01419372675886892,0.0034720275338690275,0.002910048559480643,0.0044711573669342615,0.013303658713855927,0.003449801885399986,0.0027758880516277626,0.004522928303673467,0.012890863990270247,0.003419180880099331,0.00267916528502221,0.0045168109021263055,0.012196504552842248,0.003426920642645438,0.003244309179186871,0.005579280687197973,0.014492393737673217,0.0034200391887371927,0.002572383883004412,0.004580248048989686,0.012201282795713943,0.002883728106861443,0.0025484359258076787,0.004461321340392263,0.010608138307267626,0.0034131841448798218,0.0025529077632038526,0.0046226273130368385,0.011958101710059899,0.0034643352055947173,0.0027787205344193097,0.004517830750260676,0.012858319038859594,0.0033967331434111665,0.002576004207614958,0.004677716463501546,0.011796210997444599,0.0034055104742320426,0.0025755117302022797,0.004661563460068929,0.012168951658214442,0.002290167139021992,0.0025462840938970757,0.004372669456673574,0.010173776229032087,0.0034173408941605534,0.0026061690002769956,0.0045410511460320475,0.012145797610753094,0.0025182832754114476,0.0025571924291340996,0.004452981473463452,0.011387508718835369,0.002546697334342722,0.0025736185713441896,0.004514707121545952,0.011469169767799853,0.003386552162496435,0.002518904159786279,0.004551506634351766,0.01166644434938931,0.002574251671012754,0.0027768890049549586,0.0045546114629076845,0.012447911825922045,0.0012205992277805142,0.0012259576747359184,0.0012243069825223721,0.0012305551757570837,0.0012590478445248937,0.0012358607486850583,0.0012257174275631423,0.0012306109521671494,0.0012294539758756625,0.0012265979405630648,0.001239675320210671,0.0012235606647519413,0.0012334439243407397,0.0012229423911713855,0.0012251992040866442,0.0012250103712545626,0.0012204453735668215,0.0012248475194009763,0.0012336115679970566,0.001232173164391765,0.001230423731160123,0.0012154328451671505,0.0012273568898320735,0.0012335139455211294,0.0012258726123672004,0.0012394887751482851,0.0012223331108503384,0.001246015322341883,0.0012515702642466305,0.0012237785880512134,0.0012658088557622317,0.0,0.0,0.0,0.0,0.0,0.0,0.0,0.0,0.0,0.0,0.0,0.0,0.0,0.0,0.0,0.0,0.0,0.0,0.0,0.0,0.0,0.0,0.0,0.0,0.0,0.0,0.0,0.0,0.0,0.0,0.0
147,0.0034248361248929364,0.002575095900512701,0.00462288277390411,0.012272227691886567,0.003373482504458098,0.0025233087241291236,0.004580455967483776,0.011477211945570092,0.0034513462944891736,0.002977501779093514,0.004517260574239325,0.013422286353787782,0.003428746410703433,0.0027396870897120956,0.004513138248555218,0.012553781517496023,0.002563634018777934,0.002901522603418647,0.004663045965686508,0.012888700976892379,0.003411004008343677,0.002695409442127376,0.004572844692889789,0.012542063161992724,0.0029939529282718225,0.0025428999058320087,0.004507588723804832,0.0110880736757595,0.002954285392520486,0.00254809169735137,0.004529849020426677,0.011342611890122293,0.003425749138707891,0.0026721457235989077,0.004595414309702122,0.012656780357509244,0.00344246237266773,0.0033319394953075067,0.005135126899925134,0.014314433279299293,0.0034310247902085817,0.003131974051997502,0.004604379781281434,0.013756051190894656,0.0034677365953395276,0.0028023247464276095,0.004530475239232862,0.012953124030583284,0.003413879814390476,0.002723752959312413,0.004555456559539445,0.012730081600853165,0.0034250937830351026,0.002575030527858289,0.004584170033524478,0.012113958322143526,0.0034756675576935827,0.0032349499347144365,0.004822810983749095,0.014128409216515089,0.003466531752602923,0.002881054462869639,0.004481406238246996,0.013209634665660466,0.0034479336113717833,0.002765871952355795,0.004528539498099914,0.012863128983436863,0.0034165410136126474,0.0026598223662476573,0.004522099892845584,0.012131069902887667,0.003420380326704173,0.0032959001012447184,0.005445772606774258,0.014417082618619423,0.003415067672735928,0.0025555826751710114,0.004580656439164568,0.012118316348076481,0.0028623411611962716,0.0025508148109159696,0.00445605777258556,0.010555331672529457,0.003408471530352392,0.0025487358360271103,0.004622811426164011,0.011884519974454123,0.00345571575815176,0.002741258945726434,0.004537509178022649,0.012761012011174074,0.003396256263185776,0.002570081969896774,0.004672645970711741,0.01177446482822564,0.003405000726467629,0.0025714907738586075,0.004662912706475099,0.012142722346198023,0.0022933135001793445,0.002544587971671751,0.004367193823762553,0.010143871826284841,0.0034107023976612705,0.002588922483069975,0.004543257777272664,0.012054997455354925,0.002522410722656659,0.0025576998704242766,0.004454151585808013,0.011390085893555944,0.002550250871918628,0.0025748069206537466,0.004516072566487854,0.011481649861567193,0.003384872099122988,0.0025165532495532773,0.0045528237221402175,0.011646471742723138,0.0025769034248124016,0.0027741615849540555,0.004553148355629703,0.012436971456298497,0.0012209165586473244,0.0012261561523490986,0.0012269456168961248,0.0012308463368840008,0.0012614961914335016,0.0012361548413907075,0.0012259492020326856,0.001230920988476629,0.0012296227688397365,0.0012290852418837225,0.0012398577391490118,0.001226025108949848,0.0012336675122046413,0.0012250755655959108,0.0012279239976403854,0.0012277832035160693,0.0012231315769751859,0.0012273050225047456,0.0012359665785902914,0.0012327377483505324,0.0012306645894898003,0.0012181457754404646,0.001229883191982094,0.0012337750903936922,0.001228415815495554,0.001239969350057338,0.0012226027559108885,0.0012485252928989452,0.0012518371626958783,0.0012241174476828175,0.0012659995868266542,0.0,0.0,0.0,0.0,0.0,0.0,0.0,0.0,0.0,0.0,0.0,0.0,0.0,0.0,0.0,0.0,0.0,0.0,0.0,0.0,0.0,0.0,0.0,0.0,0.0,0.0,0.0,0.0,0.0,0.0,0.0
148,0.0034219051684024507,0.002567767819225722,0.00462317211299592,0.012218681398537181,0.0033694940271476207,0.0025261213713172184,0.004578330385821816,0.011428407542493208,0.003448895079152947,0.002962128641614626,0.004514812217143401,0.013375737965936736,0.00342709342963819,0.0027320359636671594,0.004517023342447004,0.012529196347140401,0.0025702740846606786,0.0028951559838037953,0.0046578231927227294,0.012867290551677103,0.0034103334117527935,0.0026898273117330527,0.004573803694066881,0.012523221750014114,0.0029838813001597645,0.0025438173924039083,0.004504531184738068,0.011046794574308582,0.002952836195700242,0.002547732231361483,0.004528341567127854,0.011317007648918428,0.003422543336029184,0.0026616561367852616,0.004603439813954768,0.012618310516954272,0.003435329979703175,0.003318300967144112,0.005107399737163124,0.014281173365358293,0.0034288150943086043,0.0031085938408557173,0.0045780581840507125,0.013707527704315596,0.003462491828360877,0.002782412177235868,0.004538513961567652,0.01289647678780164,0.003410153351673946,0.002694428410220377,0.004565591935854102,0.01264233861290031,0.003422277546174086,0.0025710300843491216,0.0045860023469867835,0.012087134629226602,0.0034709771207914967,0.00321752345100602,0.004788929806864348,0.014075249670311929,0.003461753019565407,0.002855314782785052,0.004492564498999437,0.013134517254617074,0.0034463958855455307,0.0027578547058690764,0.00453308051280817,0.012840140195503762,0.0034137288062054583,0.002650423166577071,0.004524273334675739,0.012082459849768874,0.0034230832460227533,0.0033329895190399974,0.005299085523111495,0.014375240422508378,0.003410954068773076,0.0025435042370037133,0.004582388979074289,0.012051151441717726,0.002816941082179188,0.002554488543233061,0.00444402555650089,0.010455025395451205,0.003405030062510657,0.002546552024718502,0.004622333475727343,0.011833459611297248,0.0034493713127913828,0.0027200584572491305,0.0045487921231073605,0.01269917221701229,0.0033944491301159023,0.002569136161953257,0.00467236210177641,0.011746877102178423,0.003404317585626204,0.0025680911000629855,0.004664148177722096,0.012117488452402288,0.0022960467507525126,0.002544971765630311,0.004371650072878504,0.010169678262787227,0.0034084194370430578,0.00258223812333549,0.0045452065284127315,0.012023745925036869,0.0025289998448565264,0.002559313751481439,0.004456157578259597,0.011406556943169811,0.0025540897866306333,0.0025742544255363837,0.0045155697102885455,0.011473811628372436,0.003379934802406598,0.0025141123894545183,0.004541365902915485,0.011566149314242625,0.0025812302471425264,0.0027719940418282716,0.004552209414926106,0.012430140760275921,0.0012202755075570995,0.0012254571961481644,0.0012279688184576253,0.0012301913405984,0.0012622947880932024,0.0012356244422474382,0.0012253528326537592,0.0012303595539508805,0.001228707943760001,0.0012300154399276994,0.0012391208820922432,0.001226907580174606,0.0012329856700938955,0.0012258217044591856,0.0012289740806871096,0.0012286805845240644,0.0012239891557069092,0.0012283694670239946,0.001236804952464257,0.0012319991600530228,0.0012300020249644537,0.0012189380683402115,0.0012308038603834881,0.0012330642649805395,0.0012294555925891715,0.0012392969793783013,0.0012220402858098259,0.0012494129114337437,0.001251321081276009,0.001223551893577371,0.0012654099150961311,0.0,0.0,0.0,0.0,0.0,0.0,0.0,0.0,0.0,0.0,0.0,0.0,0.0,0.0,0.0,0.0,0.0,0.0,0.0,0.0,0.0,0.0,0.0,0.0,0.0,0.0,0.0,0.0,0.0,0.0,0.0
149,0.003422052346603807,0.002566074352737055,0.0046211743116775375,0.012211375967080456,0.003369344288040878,0.002524560809781617,0.0045754235605220475,0.011419248514457652,0.0034481010545294823,0.00294193255001014,0.004506734433666769,0.0133232510260341,0.0034273677166580495,0.0027285454313697123,0.00451471713314164,0.01251626767044585,0.0025584226443933246,0.0028974562446214113,0.004658986746057308,0.012873026452887959,0.0034110777726423756,0.002690110999305165,0.00457161715041308,0.012524241051203623,0.0029825872563821504,0.0025427890284535175,0.004504000635812178,0.011053778200933603,0.0029465343579287884,0.0025465981968013545,0.0045258977654000845,0.011301479005378845,0.0034224682882767112,0.0026567552397662696,0.004596795523908707,0.012598772223823702,0.0034403911501971474,0.0033155986713797646,0.005099661386007057,0.014270744154260702,0.0034309731710699992,0.003112444858100248,0.004580212779933568,0.01371024272694001,0.0034663613910655092,0.002780888729427727,0.004536658491066464,0.012893726979434425,0.003410512266730442,0.0026878878091174327,0.004562619524167156,0.012622594999387712,0.0034232391293818245,0.002570538356168912,0.004582571825860998,0.012086796533016132,0.003471235185444349,0.003214086272825825,0.00478100948076062,0.014060123343068045,0.0034639447020419164,0.0028539291163597012,0.004487857020709322,0.013128844618580533,0.0034452778793883677,0.002737298485755496,0.004536619452480647,0.012780676748202763,0.0034144839846223436,0.002644874773632217,0.004520785803858216,0.012070030745721914,0.003421944745892504,0.0033659058648551512,0.0051454919120278485,0.014300901424272209,0.0034092309636867897,0.0025340686692382694,0.004580649113582005,0.012002732923510662,0.0028071153737228016,0.0025523050707436505,0.00443875315407667,0.010439441482841979,0.003403171292524761,0.002544231286257889,0.004619692012969884,0.011795953304634545,0.0034483040321344693,0.002708523885401984,0.004551391866881053,0.012665745288659873,0.0033937356177238297,0.002573627107407382,0.004675660548116941,0.011751986455939868,0.003405333835082046,0.0025667053526344957,0.004663421885535538,0.01211794042448876,0.0022858744057600733,0.002545752177536471,0.004369227803742283,0.010147522182005236,0.00340989448564633,0.002581321581335388,0.0045431998192813055,0.01202342272145851,0.0025183234807521016,0.002558233108784256,0.004456210998567908,0.011404876271481953,0.0025435334240963303,0.0025730316939964197,0.00451397249561786,0.011462231985087503,0.003378735140009679,0.0025110978016711543,0.00453528350233498,0.011523354297996388,0.002571130452788085,0.0027715971571558554,0.00455169979553532,0.012431502975931302,0.0012207752166238427,0.001226022165345846,0.0012300135667802456,0.001230606718792696,0.0012648862024023503,0.001236058493211093,0.0012257843201767366,0.0012307855137912052,0.0012294599227628293,0.0012321288292270105,0.00123980151664174,0.0012289612996021517,0.001233539813028155,0.0012278256631863861,0.0012309264516694998,0.0012311603131870328,0.001226431027882744,0.0012305183133774474,0.0012388577771102601,0.0012326794670446315,0.0012305298429033417,0.0012213253871884123,0.0012329931779913414,0.0012338250611872259,0.0012317086839235183,0.0012395662878033815,0.0012224222170213548,0.0012515611088363403,0.0012517277029541088,0.0012238783656104595,0.0012658967335018702,0.0,0.0,0.0,0.0,0.0,0.0,0.0,0.0,0.0,0.0,0.0,0.0,0.0,0.0,0.0,0.0,0.0,0.0,0.0,0.0,0.0,0.0,0.0,0.0,0.0,0.0,0.0,0.0,0.0,0.0,0.0
150,0.0034238857716938614,0.0025698801486842516,0.004624826019797785,0.01224904809198949,0.003370338735132536,0.002525295526745639,0.004577142371025124,0.011434789804626757,0.0034500687800413437,0.002950480998317264,0.004510627014579037,0.01336629308784949,0.0034262916760191796,0.002727931499099333,0.004516520938454295,0.012511627763175798,0.002561562433376883,0.0029006207974274856,0.004661903165819337,0.012883919990984352,0.003411066808818257,0.0026916652067843186,0.004572683070131689,0.01252837516297255,0.003005162283802533,0.0025429271389242254,0.004512468938589746,0.01113787176375126,0.0029654965083476537,0.0025490428500418902,0.004532980448805969,0.011388953993344143,0.0034225640369951564,0.00265880475179537,0.004598159031259878,0.012606787612980145,0.0034446986353919105,0.003320428113176253,0.005107479896691895,0.014287670332369981,0.0034315336140652076,0.0031344950323648375,0.004606573591415268,0.013757089781164415,0.0034708379475018986,0.002803549200140601,0.0045309154506147035,0.012957517329039525,0.003409439138104113,0.0026832742463553413,0.004565580272233452,0.01260704365121072,0.003428916307738925,0.0025911120664122256,0.0045825953955711905,0.012187385489892132,0.0034739189201764913,0.003222731636449338,0.004798715933241178,0.014106381233436015,0.0034638480507073865,0.0028480244728240098,0.004494793788691213,0.01313387455356508,0.003443794138332526,0.00272864223580835,0.004541167065862321,0.012755773670698887,0.003414780030152571,0.002642657025417821,0.004524255083442596,0.012072518398997159,0.0034237929792648213,0.0033779146937212598,0.00512033167666133,0.014289059426991674,0.0034081802411045415,0.0025325114205004056,0.004581872586512541,0.011991587307082663,0.002801096825188065,0.002553283753952804,0.004437198837661075,0.010423176088134124,0.0034007565634074977,0.0025431732939537295,0.004618979222839726,0.01175781908597797,0.0034477985866256684,0.0027065536730938337,0.004552720316043957,0.01266031864441049,0.003396318128876045,0.0025761771806137542,0.004678684574747989,0.011793375225420741,0.003407603318769264,0.002575499671702489,0.004665056070933846,0.012181487455931766,0.0022863282327191406,0.0025462354453069705,0.004368627902871473,0.01014495083202409,0.003412080879530861,0.002589734268630267,0.004542920516514303,0.012062386178734116,0.0025236583419794524,0.002561993940086869,0.004458588569039148,0.011439854190660976,0.0025479545429815636,0.002575878524586095,0.004517010234603216,0.011494341416716842,0.0033813941561780456,0.0025156454647836442,0.00454047632616238,0.011578416797070803,0.002574293110982892,0.0027718486109192873,0.0045524371024815305,0.012433435571646206,0.0012210878954125644,0.0012264496408802132,0.0012271491919319762,0.0012308614458152764,0.0012606767679479243,0.0012362787282533072,0.0012259455432234276,0.0012310301535191407,0.00122957280913711,0.0012292246219035075,0.0012399989431270651,0.0012260688089650862,0.0012336541110666188,0.001225268838377678,0.0012278641900489511,0.0012269991825110576,0.001222394471637284,0.0012274683625293176,0.0012361357603462933,0.0012328579193822836,0.0012306711988127675,0.0012173156677415873,0.0012300310720958808,0.001233992989871196,0.0012285842974771584,0.0012398530912534167,0.0012227228742765649,0.0012486384621410238,0.0012518299887051025,0.00122416893839353,0.001266070507243713,0.0,0.0,0.0,0.0,0.0,0.0,0.0,0.0,0.0,0.0,0.0,0.0,0.0,0.0,0.0,0.0,0.0,0.0,0.0,0.0,0.0,0.0,0.0,0.0,0.0,0.0,0.0,0.0,0.0,0.0,0.0
151,0.003432297794961072,0.0025925162471483044,0.004637367135221527,0.012418047452889032,0.0033797392080698813,0.0025276313265123994,0.004595981948053577,0.011582799296435069,0.0034584835353039774,0.003013916460853111,0.004538825138051731,0.013583781033298586,0.0034288628247951323,0.0027417380887105876,0.004514431364684361,0.012553771309205123,0.0025539443507677376,0.002919244239588116,0.004677461543240387,0.01293233097247531,0.0034122452871044847,0.002709862608856542,0.004574579176862976,0.01258291709586632,0.0030351565539288297,0.0025442815975125327,0.0045241735021464185,0.011260514568690129,0.0030212471292076232,0.0025674566413372716,0.004556687794413973,0.011680951286988515,0.0034258830017074053,0.002676082455646154,0.0046037270429477445,0.012676260602088901,0.0034546535011396764,0.003350329301383326,0.00517277636127173,0.014379946818932397,0.0034352914821562308,0.0031779696557410874,0.004658997095131379,0.013854495555452748,0.0034818486897141235,0.0028719546660572136,0.004516425461314811,0.01314803086768065,0.0034132658533900556,0.0027068348627240753,0.004561137498417688,0.01268528012514472,0.0034357078554461944,0.0026221603709781823,0.00458113314044204,0.012322699317772724,0.003477896238123234,0.003245740612207207,0.0048462075739943026,0.014235385174149556,0.003467220173586095,0.0028652063334953944,0.004500424296010551,0.013233760605185376,0.0034434787835599685,0.002731996630312954,0.004542758668547569,0.01276520174730995,0.003415574786104017,0.0026636477063785853,0.0045238002226049385,0.012133674738776154,0.003426148717784963,0.0033727106791691702,0.005161946216629633,0.014326433240854529,0.003412278813310037,0.0025451051392371923,0.004584379261332079,0.012066636142020496,0.002823558708597082,0.0025539060376869194,0.004446780266421091,0.010475947479451986,0.0034020067142093886,0.0025444837703013047,0.004621057621615886,0.011781047435705731,0.0034550162617708637,0.0027395440367070896,0.0045395908012943135,0.012755459153268622,0.0034042858199182617,0.0025952181886564917,0.004693396398893618,0.01195360860807924,0.003413823444616432,0.002602563067765307,0.004664574815765611,0.01232678625390744,0.002287060016654212,0.0025495369282479427,0.004375678442529474,0.010183889333323481,0.003416064570875915,0.0026077870649640253,0.004541146209922784,0.012136095086056025,0.0025305299352610736,0.0025668027937707795,0.004461448229421204,0.01147871212348923,0.00255019575115044,0.0025765359964624894,0.004518631003402832,0.011499613028246487,0.003380792479379343,0.0025157581899976178,0.004540846468510779,0.01157170016155002,0.002580253732018164,0.0027675820997813097,0.0045492902285236515,0.012418739737149322,0.0012201049637617172,0.0012252764933481527,0.0012278798019238425,0.0012301808897776211,0.001262157685109167,0.0012355061537366518,0.0012252957933704882,0.0012303438870408954,0.00122846560672146,0.001229985739458699,0.0012391821584168672,0.0012268383827911285,0.0012330351716970168,0.0012262186332163206,0.0012286715751999684,0.001228502440887373,0.0012239068469897247,0.0012285327668562734,0.001237180116441638,0.0012322472368816223,0.0012301430004730202,0.0012189619318006448,0.0012310012919619447,0.0012334386802575262,0.0012296819031484062,0.001239184042081046,0.0012222259961604987,0.0012495769238484913,0.0012512359338142727,0.0012235778510838698,0.0012656828767486012,0.0,0.0,0.0,0.0,0.0,0.0,0.0,0.0,0.0,0.0,0.0,0.0,0.0,0.0,0.0,0.0,0.0,0.0,0.0,0.0,0.0,0.0,0.0,0.0,0.0,0.0,0.0,0.0,0.0,0.0,0.0
152,0.0034324498109952286,0.00260285397087408,0.004624720707160537,0.012400658346686603,0.0033779493116783297,0.002523604072401353,0.004589182019922592,0.011547656838960692,0.003454984677931353,0.0030448454156643294,0.00455840491011892,0.01357604953331286,0.003438225835042323,0.002776594406648295,0.004530816467934483,0.012775557896553854,0.0025528383674557655,0.0029268116954616853,0.004683181807185612,0.012940847439673182,0.0034072091556780525,0.002703285944155887,0.004576463819111266,0.012520030462971211,0.0030383224678614275,0.0025453659822487263,0.004526426973901294,0.011279837255277984,0.0030097481649301477,0.0025681885655124224,0.00455456270435815,0.011670125398594133,0.003428139100293817,0.0026927993298266183,0.004602830517283063,0.012723697346739293,0.0034559255609927257,0.003379203417128577,0.005245890608530536,0.014442728004253693,0.003438182278939014,0.0032491806302640453,0.004755103406794946,0.013985763188920574,0.003468839374399418,0.0028624154436363083,0.004526999012623927,0.013104356988654803,0.003413131427562119,0.0027105350703410212,0.004563142217498322,0.012691074085767739,0.003438458865815154,0.0026444288655387924,0.004579959196289518,0.012395737040832777,0.0034649743608398944,0.0032351692679578247,0.004833527096364851,0.014144900958460431,0.0034519471578144845,0.002874365621802833,0.004502808929358771,0.013167281806424664,0.003443367745926896,0.002746046492548182,0.004543202776241751,0.012799967981766717,0.0034171877399285493,0.002698428672933709,0.004530550017695789,0.012236072120238889,0.003436894432279027,0.003359071394122003,0.005199055966066114,0.014401696927097378,0.003415445293956875,0.0025612690177969364,0.0045916776922876506,0.012150490812784133,0.002819669035747648,0.0025561117662239513,0.004448425737064397,0.010470174536233098,0.0034006088500235544,0.0025458063281750464,0.00462413147712135,0.011765848764134865,0.0034583657101103934,0.0027546553733791223,0.004535395900560136,0.012796967247945618,0.0034078303425187197,0.0026163615992240187,0.004712332938218224,0.01205453825216278,0.003417045408478245,0.002612877835529346,0.004668766426696468,0.012384127629482843,0.0022894932951543798,0.002545862821125736,0.004367770811137606,0.010136955714221834,0.003426482258858619,0.0026318668076950346,0.004563368172388059,0.012359982477701113,0.0025377228207674944,0.0025716182669465073,0.004468818606971495,0.011533550269164777,0.002554489119004512,0.002577794089460591,0.0045196838650956965,0.0115090678223134,0.00338112297978033,0.0025198296455709477,0.004545942971870849,0.011605331282057929,0.0025811269575671284,0.0027681540780895766,0.0045527585346896125,0.01243286643226178,0.0012200660128460106,0.0012252282999068006,0.001228596337997646,0.0012294987321549587,0.0012630476766255182,0.0012350798796249912,0.001224951229524715,0.001230216937471231,0.0012279492299036312,0.0012308810393406515,0.0012389390108035437,0.0012274296775354999,0.001232503658760824,0.0012267978491622136,0.0012297287681751836,0.0012295473211879845,0.0012249018692374483,0.0012290417964335603,0.0012376313204227464,0.0012314941631405105,0.001229597024105752,0.001219907160611009,0.0012316396996266419,0.0012326642580538273,0.0012303304607230534,0.0012392422873571591,0.0012217800016421428,0.0012502418493471365,0.0012510141344398793,0.0012232436720862104,0.0012651926373567419,0.0,0.0,0.0,0.0,0.0,0.0,0.0,0.0,0.0,0.0,0.0,0.0,0.0,0.0,0.0,0.0,0.0,0.0,0.0,0.0,0.0,0.0,0.0,0.0,0.0,0.0,0.0,0.0,0.0,0.0,0.0
153,0.0034275308466726394,0.0025971711103443245,0.004612665803318839,0.012306922905799792,0.0033739984465262557,0.0025180084950975684,0.004575770306962762,0.0114708773852167,0.003446916860893726,0.0030366905828865844,0.004546915873467336,0.013467680283937356,0.003435994611457105,0.0027606312908907246,0.004526869671553113,0.012700689616913955,0.0025443576633557884,0.0029102613064003373,0.004661474173542458,0.012861017770624808,0.003398359938091647,0.0026918668859306732,0.004556724973088499,0.012359205230530905,0.003011698378519712,0.0025397972737066735,0.004509243916034602,0.011162114054239088,0.0029583099406042886,0.0025570728565302812,0.004532005045277223,0.011498510724227931,0.003429820535203437,0.0026946210440147375,0.004596169771865856,0.012727165766101249,0.0034571507096503255,0.0033755163906958605,0.005236633161840286,0.01437938696090178,0.003443151887014562,0.0032941641479314354,0.004828606780994371,0.014066759456323394,0.003457857348879577,0.0028426192771788808,0.004529842828888648,0.013000022191367307,0.003413614927928802,0.002714814992972403,0.004561124738215456,0.012697020269996797,0.003439789476663917,0.0026518218725247525,0.004572099806168289,0.012400139103449705,0.0034600106579433156,0.0032331452352338274,0.004832551573429988,0.014076296249857645,0.00344664188652217,0.0028467643437311454,0.00450313010913937,0.013043476572232291,0.0034406261864393024,0.002742120247720992,0.004541145294252611,0.01275953331309222,0.00342073203679441,0.0027215295804091607,0.004519838866173161,0.01229016955103545,0.0034526926924286364,0.0033237928293258267,0.005270386457456837,0.014472836434760996,0.0034136951530456972,0.002558084708090068,0.004594041776154414,0.012132812642688673,0.0028022699520679987,0.0025566729067499996,0.004445488977234227,0.010450738945574448,0.003400170868284939,0.002543822905556114,0.004620106764732402,0.011751851648356198,0.0034632630849042566,0.002777865003320834,0.0045209395212968346,0.01284570511946253,0.0034111578389920353,0.0026333127223282914,0.004720597218406965,0.012123267887642824,0.0034216541464856492,0.0026265407733430026,0.004666413867766345,0.012449709000124005,0.0022853382943484237,0.0025469354952445656,0.004375183773354918,0.010176078886315951,0.0034263630525948803,0.002641225733946176,0.004554077243608368,0.0123728381645778,0.0025178276438249346,0.0025660566867218492,0.0044685100224935255,0.011483364841982223,0.002541992659109951,0.0025774182177768085,0.004518786060618032,0.011504182134997942,0.003374561335331036,0.0025129548693212833,0.004535812565403205,0.011511760357593596,0.0025679823182486405,0.002770940155890728,0.004554699548690788,0.0124466715970256,0.0012208617902676507,0.0012262668128534622,0.0012305766893409111,0.0012304209949835772,0.0012657177561072842,0.0012361787651799052,0.001225817079598274,0.0012312410351155666,0.0012288406058517673,0.00123289360316291,0.0012398886192173575,0.0012292906125465984,0.0012331800505738135,0.0012286045397766877,0.0012316905491696183,0.0012320038581775253,0.0012272098626158407,0.0012311259385878624,0.0012395936438974959,0.0012322288456434855,0.0012303706957491306,0.0012225179273623412,0.0012336980577663326,0.0012334933978868073,0.0012320545031636932,0.0012396007550842182,0.0012229293695220677,0.0012520370928108618,0.0012516235565450116,0.0012240351654998326,0.0012659010435126026,0.0,0.0,0.0,0.0,0.0,0.0,0.0,0.0,0.0,0.0,0.0,0.0,0.0,0.0,0.0,0.0,0.0,0.0,0.0,0.0,0.0,0.0,0.0,0.0,0.0,0.0,0.0,0.0,0.0,0.0,0.0
154,0.003424971080159467,0.0025946923543918696,0.004604700176519892,0.01225855700677791,0.0033726652322984166,0.002513621891516316,0.004567829645229662,0.011441051038331474,0.0034393288358861513,0.003065609161779019,0.0045707987918551666,0.013469050100011901,0.0034315243168041966,0.0027514689094631007,0.0045294405671950965,0.012646253891484653,0.002552149112962422,0.002908921292500084,0.004655913140023935,0.01283897834381327,0.0033954904707016427,0.00270565965606306,0.0045487085331401,0.01234155863972678,0.0030132219177769616,0.002540500191805445,0.004510603918258331,0.011181019775734102,0.0029446095645934488,0.002555019387538226,0.004530617867743783,0.011479445074648317,0.0034332044618965818,0.0027280977496665754,0.004579906072529041,0.012799927017665002,0.003446519129070037,0.0033733536461961404,0.005233378871425318,0.014325657931235676,0.003438627324419437,0.0032947673239496003,0.004844083622086442,0.014040825819081964,0.003448235534557748,0.0028369052898841113,0.004530418661490663,0.01293409881387043,0.0034168331895289643,0.002743383915502013,0.004547540606730168,0.01277577929720649,0.0034369234727269584,0.002656745249531717,0.004572310244582619,0.012395940606071972,0.003449923760329986,0.0032311360199985557,0.0048349336410143185,0.014043212173482112,0.0034423426602743427,0.002867104442198181,0.00450548870132202,0.013073694319129976,0.00344036473457509,0.0027600705204886816,0.004532750801602291,0.012789689581656547,0.0034243572041045,0.002739480449071171,0.00452296259328316,0.01234079393969764,0.0034634639929928958,0.00328414528469023,0.005653575537237594,0.014671903742325576,0.0034193171668743484,0.0025896702370148085,0.004590761765789387,0.012277494847499024,0.0028250611667473306,0.0025546447906772346,0.004449027550971266,0.01048677650248313,0.0034037785706312433,0.0025462386805590945,0.004622463483024593,0.011812174619721555,0.003472016992114977,0.0028192708749277995,0.004493574773120872,0.012941055052777579,0.0034128577225568217,0.002638103035453789,0.004721302239420168,0.012150755418928563,0.003422763614565176,0.0026277187806999242,0.004665487673659886,0.012463431935213603,0.0022910273364037926,0.002545302315701803,0.004375453194835262,0.010178567217336263,0.0034236670599325364,0.0026509914837208326,0.004551939875806602,0.012386970462135187,0.002533105559834937,0.0025813736726244376,0.0044955103247503415,0.011718266245874534,0.0025439137923953053,0.0025764537587047677,0.004517405365044672,0.011483780381732695,0.0033766554177949502,0.002516085310035036,0.004548749374196307,0.011595137870422302,0.002579198293582078,0.0027860162168914246,0.004585874775814009,0.012680519263172166,0.0012205805416131655,0.001225994636802522,0.001227136098770181,0.001229842067390343,0.001260979588646819,0.001235835813170963,0.0012252111288124398,0.0012305856246677665,0.0012283492766522104,0.0012296560282502127,0.0012394685074228217,0.0012259362480661704,0.0012328628301554619,0.0012256713140107061,0.001228327716610225,0.0012270905054864631,0.001222683989445835,0.0012277496595881976,0.0012366650010146938,0.0012317710114326998,0.0012300485256748965,0.0012179191313527289,0.0012302812660012971,0.0012332046500240874,0.0012286200960682273,0.0012391026606859887,0.0012224782587081943,0.0012483226141016285,0.0012509753048149715,0.0012235142834653046,0.0012652444549499848,0.0,0.0,0.0,0.0,0.0,0.0,0.0,0.0,0.0,0.0,0.0,0.0,0.0,0.0,0.0,0.0,0.0,0.0,0.0,0.0,0.0,0.0,0.0,0.0,0.0,0.0,0.0,0.0,0.0,0.0,0.0
155,0.003425587098317647,0.0025983990553824564,0.004605041996123333,0.0122720755580399,0.0033740502893870794,0.002513533145594444,0.004570241023517482,0.011474611265731374,0.0034357212123700357,0.0030706511805362645,0.004579948724251029,0.013476009619587757,0.0034273392513110125,0.0027406365788834597,0.004535640346013207,0.012605122750312881,0.002555112175190477,0.0029060453486808757,0.0046531594112027425,0.012829769165971849,0.0033974950603780627,0.0027271120017243913,0.004549002636562344,0.012402145944685482,0.0030204532506966308,0.0025408833439363753,0.00451219915070602,0.01121116297988137,0.0029405256439350843,0.0025564405548900203,0.004531692935159226,0.011492943621854266,0.0034361957537191357,0.002745846014032221,0.004569616276532198,0.012852411565988358,0.003439207041657918,0.003389953089528762,0.005276826959645609,0.014358286801079766,0.0034342576365773807,0.003286284409243084,0.004837806352826007,0.014026884067773127,0.0034434980452232025,0.0028185102411539507,0.004541777918688453,0.012876524036954806,0.003418914535411796,0.0027781276065852196,0.004536364737021422,0.01286742413552525,0.003437735235274324,0.002670360850073149,0.004573793745780028,0.012450667100002064,0.003450349653490537,0.003242470499197448,0.0048655048184400446,0.01407586123163118,0.0034415634275026087,0.002887835385709779,0.004507224186991302,0.013122190426943356,0.003441132293054043,0.002790152610674684,0.004526961822420239,0.012875233539080176,0.003426755174513264,0.002750396063878822,0.004524622894615436,0.01237252717475294,0.0034730085323681228,0.0032703297406911722,0.005764763928507412,0.014740483145025669,0.003421926344151871,0.0026097809275449422,0.00458820263155016,0.012359433977114313,0.0028527480125891272,0.0025530421774940986,0.004455685409754865,0.010539732193520675,0.0034084493820078646,0.002549065582215095,0.0046214151427397725,0.011887366698998243,0.0034797369500332823,0.0028559744263448846,0.004468502007009665,0.013021775161108608,0.003414271288423241,0.0026339648343591416,0.0047168451966401416,0.012163122369193275,0.003424518833498755,0.0026372194342516226,0.004663904898842056,0.01250279267654325,0.0022982335962136065,0.002543713503643328,0.004378252118051434,0.010194353708035422,0.0034226314259402767,0.0026660157806013226,0.00454960599272619,0.012434376949202446,0.002541701452741455,0.002585236067560978,0.00449851935349865,0.011766039586669906,0.002545646993422761,0.0025745869902589293,0.004515059705982603,0.011466557937139937,0.003374184795195954,0.002517907561151172,0.004547056847519665,0.011588587052485564,0.0025828078133363127,0.0027948419370044707,0.004593317574031586,0.012730651133245223,0.0012204844920152775,0.001225953067527501,0.0012282734223898336,0.001229724864500711,0.0012626176446625887,0.0012357461138604439,0.0012252416779531428,0.0012305051345590406,0.0012285129930876314,0.00123085959054525,0.0012394526027160752,0.0012270058501127772,0.0012329168889397676,0.001226658526923354,0.0012295078817550105,0.0012288422459705212,0.0012244280876181483,0.001228822493990522,0.001237757567572806,0.0012318601376541875,0.0012301590228722312,0.0012198525174400437,0.0012313912849454423,0.0012332095840491286,0.001229924951773218,0.0012388751947220692,0.0012223479637510596,0.0012493879304442503,0.0012509745645386885,0.0012234447581465871,0.0012653430101586154,0.0,0.0,0.0,0.0,0.0,0.0,0.0,0.0,0.0,0.0,0.0,0.0,0.0,0.0,0.0,0.0,0.0,0.0,0.0,0.0,0.0,0.0,0.0,0.0,0.0,0.0,0.0,0.0,0.0,0.0,0.0
156,0.003430620708777734,0.0026155007345438196,0.004600697205962151,0.012348951426376329,0.0033792711387885077,0.0025141623287725846,0.004573343332357885,0.011562532559954014,0.0034378130226406663,0.0031122653998164555,0.004620577456810656,0.01357919932496942,0.0034255926339248244,0.00274907234559924,0.004534580128798352,0.012623611926462018,0.0025552491506886906,0.0029174841132198794,0.0046650642161178025,0.012880296599569907,0.0033997563992893796,0.0027456746369163357,0.004549632255048283,0.012457551338076977,0.003037572624826697,0.0025430428426137398,0.004517702567080851,0.01128057958118251,0.0029537412968821232,0.00256478925311027,0.004537128180061044,0.011581167691045112,0.003440008409214839,0.0027750866310092014,0.004556378642079258,0.012934593073858466,0.0034364789924259615,0.003406888093098,0.005319604778678751,0.01439638154198865,0.0034310298855960426,0.0032733737388350908,0.0048174319191053964,0.014001646567346416,0.003448212823409708,0.0028655300094103504,0.004535083803192225,0.012998451502376825,0.0034208440187413515,0.0028156274724737062,0.004525710870338194,0.012958085900541583,0.0034348327080222867,0.0026641472594170963,0.004575152445834311,0.012424714666758286,0.0034545006491304184,0.0032623387049064445,0.0049174169109931385,0.014138556395716234,0.0034446791006200934,0.002938683107800391,0.00450275530055524,0.013246554404255255,0.00344192175885326,0.002825880100075495,0.004517578356212351,0.012961691602431658,0.0034455065288246513,0.0027895456849287162,0.004552559867912426,0.012680178435916206,0.003476880299218789,0.003230282855664811,0.0059460173970933075,0.014849277833517764,0.003423211811437169,0.0026278110896163394,0.0045869527443383245,0.012424481240837738,0.002884464737592641,0.0025517077555676907,0.0044659787129464855,0.010617584277224769,0.003414698341481288,0.002559743736955397,0.004622985788106184,0.012002027036933215,0.0034925337305632635,0.0029153855061535058,0.004459678751484341,0.013151230879038092,0.003414524760679622,0.0026239932315071757,0.004709396864772693,0.012147108282882136,0.003421729403292874,0.0026281676921388435,0.004664054632277879,0.012459146977204074,0.0023007471491047204,0.00254259565572395,0.004373087191437516,0.010168499719558206,0.0034224649992427463,0.0026775622847993673,0.004548773005458298,0.012470428187314645,0.0025516410260894556,0.002592902041189186,0.0045019076274977355,0.011824587674715333,0.002551944135596315,0.0025764506945192694,0.0045166999794539805,0.01149000020254746,0.0033734780422279933,0.0025198837990443473,0.004548658248755444,0.011602516609704131,0.0025915235266131434,0.002797238084956828,0.004594143905721288,0.012740312628153467,0.001220645388641859,0.0012260773985767542,0.0012292499867128201,0.001230085740129504,0.0012638854136950094,0.0012359746444831274,0.00122545530832076,0.0012307871598963797,0.0012287069414810886,0.001231779255691206,0.0012394987687660763,0.001228079364357482,0.0012330513241875663,0.0012273657248311192,0.0012306926148000046,0.0012302808925700845,0.0012257980660835555,0.0012296878937946658,0.00123866048127848,0.0012320231125545209,0.0012303151235739244,0.0012211120932745898,0.0012324429106149966,0.0012333149360816054,0.0012310139251893568,0.0012393280622251545,0.0012226512537727144,0.001250448483843387,0.001251188869752472,0.001223710864805474,0.0012658394435075483,0.0,0.0,0.0,0.0,0.0,0.0,0.0,0.0,0.0,0.0,0.0,0.0,0.0,0.0,0.0,0.0,0.0,0.0,0.0,0.0,0.0,0.0,0.0,0.0,0.0,0.0,0.0,0.0,0.0,0.0,0.0
157,0.003437044264468319,0.00263627903301431,0.004589863540725481,0.0124333340315071,0.003384271760324911,0.002514651420523185,0.004574298304027915,0.011619956797064304,0.0034362106516200395,0.0030972884773460396,0.0046049804188179715,0.013539768543353755,0.0034289476493056417,0.0027686185736276034,0.004529076862601832,0.012693322222142365,0.0025493516588553275,0.002912113386349596,0.004655145605723102,0.012824615459526335,0.003401744439208372,0.0027594955920280245,0.004545083606857468,0.012497490968902457,0.0030200626955647182,0.0025406232696508794,0.004512412981669832,0.01123150161464426,0.002943787225411392,0.00256135347434153,0.004533905910498015,0.011552543857005762,0.003446790910312361,0.002806323468414656,0.004531430055496154,0.0130186747678061,0.0034363386438450946,0.00339588891321098,0.0052933682533171525,0.01436528915543349,0.003438159580387953,0.003318458612692104,0.004926755462903748,0.014119107612828034,0.00344305942679534,0.002818679699362411,0.004536922117075877,0.012873042026913301,0.003421329525604908,0.0028263644065655968,0.0045173652927502465,0.012971805612245533,0.003434574756995991,0.0026562594916967113,0.004573204464736798,0.012397620267458186,0.00345747288127514,0.003272914853359189,0.004951523353887374,0.014171718655144567,0.0034555731822562812,0.002985913749774703,0.0045045337636144545,0.013359327649252267,0.00344467316620983,0.002851884467338546,0.004505646044507581,0.013025760366422445,0.0034499597255435175,0.0028069310742730594,0.004544618621267383,0.012728894976274299,0.003479260602892759,0.0032290783092748286,0.005929130945196148,0.014825162307724439,0.0034246318224400124,0.002634820305441539,0.004582911324899497,0.012448652232270558,0.0029067411970512985,0.002548446425563428,0.004471912416911429,0.010683392289967867,0.0034235960308351826,0.0025770827127800777,0.004620776945135696,0.012111437942252522,0.003493542009466169,0.002920639061088219,0.004457026362987452,0.013156769575294852,0.003413790721040669,0.002625146883916487,0.004708652677095616,0.012132319075215819,0.003419238326598146,0.002615779813825177,0.0046642267841569265,0.012407625184954694,0.0022890108156824905,0.002543052266520366,0.004370271233159669,0.01014584229340452,0.0034270662048289427,0.0027058410592421156,0.004542474054387973,0.012576969991835092,0.002544269009563313,0.002587066696928807,0.0044996098651772995,0.011804183545149987,0.002540177745472349,0.0025748500546168146,0.004514658295190473,0.011477114894415837,0.0033760574535393255,0.0025232683760987537,0.004550274161453213,0.01164795248798239,0.002581492327953484,0.0027906758149729106,0.004588799645082867,0.012720807547924666,0.0012205886054464815,0.001226148088996349,0.0012304847365956222,0.001230068064422599,0.001265791662369381,0.0012360839453078743,0.0012255086699789687,0.0012308063715526071,0.0012289762842478183,0.0012331596702696262,0.0012398062403880551,0.0012295624288321083,0.0012332351915615928,0.001228687755834303,0.0012319250714445905,0.0012319800548871976,0.001227552629298546,0.001231198670001299,0.001239895413227519,0.0012322697688049188,0.0012305203344500327,0.0012228805333918328,0.0012339142976360458,0.0012335934283161346,0.0012325587876020779,0.001239245603925939,0.001222681211797128,0.0012520539276506689,0.0012511441842321257,0.0012236024485507825,0.0012659429708134523,0.0,0.0,0.0,0.0,0.0,0.0,0.0,0.0,0.0,0.0,0.0,0.0,0.0,0.0,0.0,0.0,0.0,0.0,0.0,0.0,0.0,0.0,0.0,0.0,0.0,0.0,0.0,0.0,0.0,0.0,0.0
158,0.003437171859633945,0.002637153518516017,0.0045907643266557,0.012437249471485171,0.003382627523938451,0.002514068608485399,0.004572387965681473,0.01159727650555365,0.0034353449037142587,0.0030955113998719537,0.004602767080233036,0.013520911069288688,0.0034263906976144906,0.002753861280662083,0.004532849111650907,0.012642449231984921,0.002553587537564194,0.0029059495774846275,0.004647424747297566,0.012781194404445067,0.0034009661677444755,0.002759052372128431,0.004549550816669116,0.012495933940124798,0.0030268802926277953,0.002541134925495755,0.0045136849871839435,0.011241765450483526,0.002942531232160595,0.0025590870841487364,0.004533041005990493,0.011525590250104547,0.003448200867924028,0.0028165720997725403,0.0045220883260217075,0.013046035180123898,0.0034313460180472,0.0033653963849280565,0.005221526158433108,0.014298092824618679,0.003438735061794703,0.0033285036218149537,0.0049653413560628015,0.014159349573638645,0.0034452992067528923,0.002842129622338894,0.00453364641263637,0.012935854822193171,0.003420159560374766,0.0028297079260716277,0.004519462771341999,0.012980031814732168,0.003434778170897556,0.002663352015644274,0.004571855424569433,0.012425305291595282,0.003456598135539307,0.003276151325217447,0.004965476812147104,0.014187859894491608,0.0034550121926695053,0.002998890139816146,0.004514853495351643,0.01339371404987657,0.003446537640399854,0.0028763493211296353,0.004499640087152877,0.013086886414062096,0.003448697067232979,0.0028011724246314994,0.004548062259894254,0.012719383206043683,0.0034813686495307394,0.0032504164620655585,0.005848989773604936,0.014783999261734944,0.003423655247945865,0.0026336077843258626,0.0045848502206721035,0.012443391650737707,0.0029256639264376256,0.0025472946706319314,0.004476594859842766,0.01072622313752865,0.0034274197435699965,0.002586369578954424,0.004620822141450139,0.01216194240978208,0.0034948262890125777,0.00293021328107121,0.0044573981856152484,0.013178572454139198,0.003415685169955923,0.0026241348840083164,0.004705087938423073,0.01215531735836165,0.003420144394381347,0.002621780564447639,0.004663279054975894,0.012430715234647829,0.0022905529917619754,0.0025430851910652713,0.00436967497118396,0.010141730839103611,0.0034272940685802964,0.002714477851746609,0.004541917835822615,0.012603055518327865,0.0025445125570266146,0.002583836166980635,0.004499052455659556,0.011779933290912366,0.0025429930503439693,0.002574693605936349,0.004514882665712331,0.011472482022913434,0.0033767618552452347,0.0025255151993232115,0.004551084177959656,0.01166560140618207,0.002583538162361538,0.002790227889049795,0.004588818156218101,0.012722448142231094,0.0012204317851476584,0.0012260062502901297,0.0012273671638570382,0.001229892863093318,0.0012612154683017177,0.0012357192264231707,0.0012253608759908332,0.0012306353227412032,0.0012290877423324865,0.001230126036965365,0.001239613169166763,0.001226482565717825,0.0012330650624888138,0.0012259715280590168,0.0012287944381838894,0.001227553917033518,0.0012231865534884866,0.0012281443638900154,0.0012371731687481123,0.0012320779639789401,0.00123042094985012,0.0012184901774386552,0.0012305697745599309,0.0012333133854210059,0.0012293260013775192,0.001239113420696081,0.0012225247583112849,0.0012488946087060805,0.0012509639989041234,0.0012234758838726434,0.0012657702541815782,0.0,0.0,0.0,0.0,0.0,0.0,0.0,0.0,0.0,0.0,0.0,0.0,0.0,0.0,0.0,0.0,0.0,0.0,0.0,0.0,0.0,0.0,0.0,0.0,0.0,0.0,0.0,0.0,0.0,0.0,0.0
159,0.003428953521593021,0.0026105045855788194,0.004603050111458952,0.012327860076765998,0.0033783950101300745,0.0025130789178127583,0.0045710811116678315,0.011545690655680169,0.0034364752979441763,0.003103025500685093,0.004610933624546946,0.013549472637165022,0.003423806438932376,0.0027329505004302767,0.004536753701947997,0.012572827771705854,0.0025634514207861082,0.0028953449464418843,0.004643102379081666,0.012791161320508424,0.0033991945555431062,0.0027466382604869116,0.004549104243465312,0.012458033389284709,0.003022234945864079,0.0025419425920853037,0.00451459489338629,0.011225372986811017,0.0029433921785867044,0.0025572520737430506,0.004532445089000597,0.011502022128618408,0.0034429082311996286,0.0027862529147404036,0.004539501346490215,0.012959710866276605,0.0034329450401318117,0.003377653084496382,0.005250439677117014,0.014321924416128963,0.003434097187042278,0.0033084529747254197,0.00490289028559814,0.014088067891057043,0.0034451069791713975,0.0028473536100373322,0.004537225607923319,0.012943301379792913,0.0034171259844543475,0.002818284662606811,0.004527534551618172,0.012938757721955456,0.0034338348782398105,0.0026570941061408995,0.004575109389821259,0.01239448842300634,0.0034534775934747524,0.0032704102372171527,0.0049466070477364125,0.01416034656234275,0.0034476720097550784,0.002963689109352158,0.004501658681955956,0.013300803151037629,0.003443372451025326,0.002851724215824876,0.004508183880852718,0.01301881206324933,0.0034409223641389064,0.0027721211148904815,0.004549991118081234,0.012628233890541555,0.0034817826657114735,0.003244362166747677,0.005888582318704438,0.014810322352116989,0.003421307550743957,0.002628083779473493,0.004586286233379758,0.012420267664178895,0.002899248964683865,0.0025495209234396715,0.004469177265400195,0.010656925076509928,0.0034227834083139013,0.002576625410962708,0.0046227145239339925,0.012107916304731552,0.0034905839638159734,0.0029106698260068235,0.004460301567001416,0.013140449682138327,0.00341502547169539,0.0026185962026420125,0.004703716292565785,0.012139142434553617,0.003417944099471687,0.0026138794908124666,0.004666186704998108,0.012397522762831955,0.0022830251943188355,0.002543786403368665,0.004362887948369611,0.010089595434369398,0.0034263126552011728,0.002705709003835091,0.004542734338026012,0.01256780419649317,0.00254659796562025,0.0025823852842293835,0.004497875207403932,0.01175905407922034,0.00254691204733936,0.002575723417689715,0.004514933967506375,0.011478003120757614,0.003375603226926487,0.0025237842541779767,0.004549435834719445,0.01164120128728745,0.0025897401133559996,0.002787880469387498,0.004585390599368697,0.01269802621248371,0.0012208609805326055,0.001226320058615932,0.0012286699744953812,0.001230246728863847,0.001263115468423549,0.001236123283871459,0.0012254581861936495,0.0012309210732298261,0.0012292817715414278,0.0012313480173616344,0.0012399107395236091,0.00122764114408107,0.0012332442623586256,0.0012271279529507478,0.0012301402050925343,0.0012294333033304246,0.0012249839678687793,0.001229285315345447,0.0012382771916363052,0.0012322698731313986,0.0012306703213644024,0.001220349341382098,0.0012319090881169697,0.0012334970632642756,0.0012306446746548358,0.001239393879513606,0.0012228242048671692,0.0012502424011701938,0.0012512741296661879,0.0012238718430971477,0.0012659859503910374,0.0,0.0,0.0,0.0,0.0,0.0,0.0,0.0,0.0,0.0,0.0,0.0,0.0,0.0,0.0,0.0,0.0,0.0,0.0,0.0,0.0,0.0,0.0,0.0,0.0,0.0,0.0,0.0,0.0,0.0,0.0
160,0.0034267132399520813,0.002604327299566473,0.004608358683370243,0.012299504379043761,0.003376618248447003,0.0025129923282147205,0.004570635737023601,0.01151506944835947,0.0034390603899329,0.0031243545553513896,0.004632201799335836,0.013609865526589462,0.0034254233298003462,0.002737253512023676,0.00453717900867331,0.012593323441168758,0.002562630623803662,0.0028972691690994155,0.004646179358319843,0.012802559785067828,0.0033994331738515854,0.002742575454976446,0.0045495578654615385,0.01245112505682424,0.0030220137896815468,0.0025416337020755142,0.004513307130275739,0.011202496405571374,0.0029523504122420607,0.0025571977892173787,0.004533206661012324,0.01149828464204974,0.003441279765699057,0.002779382047836859,0.004552148359887068,0.01295096321216769,0.003435461055297358,0.003395231746280971,0.005291303166393243,0.014376162113917203,0.003432968660677753,0.003297975117315196,0.004871911290371508,0.014062534290345544,0.003448397585199232,0.002867821081798487,0.00453380090693288,0.013007387429124172,0.003415258052423211,0.002807787446011586,0.004532068788113655,0.012906494178104667,0.003433598965960706,0.00265583394817042,0.004576101225786769,0.012387616914029682,0.0034555306568751897,0.0032704054677053563,0.004943311730110195,0.01416802011597326,0.0034472338406474497,0.002946336448041719,0.004503468696866375,0.013268675270699812,0.003443248492058272,0.0028410776440184415,0.004513231138600389,0.012994968248030633,0.0034373270530390155,0.0027586554348123255,0.004553743380942344,0.012587852628148492,0.003480707835934407,0.003258959616084157,0.00583809303549754,0.014790392585636119,0.003420422203427225,0.0026205621062885113,0.004588339913004623,0.012394645852563644,0.002887338109711821,0.002551406272953217,0.004466233680852123,0.01062210768658266,0.0034190624231365476,0.0025693182565374143,0.004624047132378114,0.01206528832518251,0.0034905198790960057,0.0029060191327101937,0.004462681017007872,0.013134664298754348,0.0034146664806770136,0.002620750652265478,0.004707548672028745,0.012141831639632245,0.0034185104843290613,0.002615678123006543,0.004666877145773638,0.0124072414379416,0.002292629492709112,0.002543829839931427,0.004369151256338224,0.010132932814480092,0.003427070814987807,0.0027019297713790137,0.0045425425726287865,0.012554332269328982,0.0025522574245119473,0.002583057334512352,0.004498220240873372,0.011759666077149547,0.002548710580170449,0.0025745471461578666,0.004513619567923617,0.01145612886242721,0.0033777011159928406,0.002525786717894299,0.004550630953594444,0.011661717875196617,0.0025923701241773074,0.0027898674586245282,0.004586157221658777,0.012695171791974847,0.0012201629062035372,0.0012260047463589557,0.0012290996134695117,0.0012296759666205618,0.001263812950380553,0.0012355973502112768,0.0012249419287692046,0.0012303213500984317,0.0012284208504848167,0.0012317568720671792,0.0012392443606956058,0.0012279863479946042,0.0012326389584173957,0.001227473760468422,0.0012305668340940803,0.0012301802670938013,0.0012256513074140561,0.0012296392038020972,0.001238744106756604,0.0012316988999773785,0.0012299578358175014,0.0012210769162538724,0.0012323260700948138,0.001232944794556865,0.0012309843927823456,0.0012388798566044918,0.0012222552762437124,0.001250642732359131,0.0012507377774546341,0.001223332746106342,0.0012654664130484772,0.0,0.0,0.0,0.0,0.0,0.0,0.0,0.0,0.0,0.0,0.0,0.0,0.0,0.0,0.0,0.0,0.0,0.0,0.0,0.0,0.0,0.0,0.0,0.0,0.0,0.0,0.0,0.0,0.0,0.0,0.0
161,0.003428475512110955,0.0026075307090623234,0.004603397797309423,0.01231744165149264,0.003378990690229908,0.002511909754679598,0.004570537495556311,0.011535819012492994,0.0034456392591661043,0.0031371433404723662,0.004640943021515648,0.013655059890794683,0.003431069252466658,0.0027477172201585535,0.00453121363648541,0.012644400446931135,0.00254897378414348,0.002905988542276978,0.004653529144725194,0.01283149731416262,0.0034020826269947294,0.0027483362886453044,0.004551128027195393,0.012491511948164696,0.0030317147646345436,0.002539946900958919,0.0045115841466246455,0.011213963687148354,0.0029740512922889336,0.002561834893259526,0.004536230786324463,0.011553866629227574,0.00344218370838845,0.0027738094898078257,0.004548742457903367,0.012933710061553758,0.003443860593059321,0.003400525658611413,0.005300914163524004,0.01438360638154804,0.0034332500399434198,0.0032768232501023172,0.004819317555649614,0.013989195620578258,0.0034533845795331466,0.002886158712567672,0.004517587517116767,0.013060478856476912,0.0034174441281881367,0.0028050790004682416,0.004526344103553075,0.012903595607442997,0.0034383052476333856,0.0026653683792357726,0.004570429542179011,0.012426644146757228,0.0034579243874146145,0.003271875294411917,0.004941225504583542,0.014162715398086733,0.003449617286654589,0.0029376126314230437,0.004499178764820889,0.013242615081311304,0.00344707058078921,0.002836787908415658,0.004508485031369382,0.01299887461709336,0.0034369688171742535,0.0027585199742627305,0.004547782564201738,0.012593489613349164,0.003469402997524691,0.003240530229386667,0.005881129554924515,0.014799288678268295,0.0034250232821551683,0.0026222519000874893,0.004584191252938731,0.012412441104334513,0.0028669267399688545,0.002551672678959354,0.004461413922570681,0.010588073973931394,0.003418781768773981,0.0025665345661567917,0.004622328922644244,0.012055880657551832,0.0035019129458543777,0.0029076034545990562,0.004463060975863084,0.013140466749179472,0.0034157005404413495,0.0026485757825191946,0.0047230176064795406,0.01220322387819867,0.0034229165261658793,0.002629555959098734,0.00466482709197205,0.012468146601572149,0.002288170022675475,0.0025432343277698903,0.0043692482674944615,0.010138410105312969,0.003432542670428497,0.002709055286105605,0.004539013451343803,0.012594605644063563,0.0025401648986439532,0.002588456657605683,0.004502122373008393,0.011812610130903444,0.0025389111563293505,0.0025749864475718928,0.004514876366759654,0.011473235026659851,0.0033839269197921936,0.002529148505008869,0.0045530187647805365,0.011720473419723806,0.0025838048660820684,0.002794759578918333,0.004593219174534096,0.012753231222873678,0.0012206677239833875,0.0012264686618389138,0.0012305825186277705,0.001230127669727885,0.0012661243271693333,0.001235670706533384,0.0012254248637556153,0.0012308480004846727,0.001228894466520089,0.0012332965692602998,0.0012397655283849535,0.001229694509510652,0.0012330589183587655,0.0012291244961535948,0.0012321444055279486,0.0012323020974523014,0.0012277567416375881,0.0012314205933573765,0.0012403269063338046,0.0012323479926083995,0.0012303996152165117,0.0012232204661277214,0.00123417063404992,0.001233546528862002,0.0012328078907316152,0.001239348489464717,0.0012226709341845792,0.0012523468682949462,0.001251098512575028,0.0012237340338646324,0.001265965215440381,0.0,0.0,0.0,0.0,0.0,0.0,0.0,0.0,0.0,0.0,0.0,0.0,0.0,0.0,0.0,0.0,0.0,0.0,0.0,0.0,0.0,0.0,0.0,0.0,0.0,0.0,0.0,0.0,0.0,0.0,0.0
162,0.003437757496350422,0.002625801796114028,0.004616697710754989,0.012481309871246151,0.0033858210820224537,0.0025173926998012007,0.004585915499543283,0.011657176903666732,0.0034572252161683133,0.003152205850829409,0.004660400099948761,0.013781961274804834,0.0034410102054265356,0.0027927175406538313,0.004530452894228262,0.012849607217172074,0.002541221257809677,0.002927727264062647,0.004676631023451274,0.012905370593778526,0.003408402808548952,0.0027589595846459498,0.004563381003564737,0.012606757208685706,0.0030611586146522055,0.0025456118078326885,0.004528800303233554,0.011354614363426965,0.003021364889999485,0.0025786881385013723,0.004553872804689642,0.011731660978928433,0.003446558558036053,0.0027850979498270497,0.004548395103773901,0.013007381326197925,0.0034524775525965456,0.0034218909874355686,0.005356008393779693,0.014515422502272949,0.003432911310138188,0.003244479829603091,0.004760612838305186,0.013965575816900028,0.00346616498215743,0.0029057452511351556,0.004523579477090233,0.013197242624437026,0.0034224387820825253,0.0028291986460226163,0.004531917928689623,0.013016652782593464,0.003446468805398312,0.002685708590353585,0.004570390754492337,0.012542075915277636,0.0034646340372626464,0.003278916238408745,0.0049553349212244115,0.014259647398740647,0.0034535049450595875,0.0029387736357867423,0.004502725890426384,0.013302424215790637,0.0034536525614075443,0.0028384273584210625,0.004508948586493467,0.01304728169377406,0.0034450842451584146,0.002790737549701611,0.004546416665184304,0.012728603329626144,0.003443664311642617,0.0031486429252992913,0.00601464507290541,0.014807774301217186,0.003428924877804145,0.002629949825694596,0.004582931030242296,0.012453183858813595,0.0028791038490182893,0.0025514082125311496,0.004466127829396313,0.010622532183495279,0.003421832564690996,0.0025720879127696,0.004629475592446149,0.012111189091388884,0.0035075370067954516,0.0029181870184576152,0.0044650722299138905,0.013166261496070931,0.003418057260612304,0.0026594466150058425,0.004726792409787841,0.01225516879840077,0.003424152280274106,0.002638389118635396,0.00466348809786484,0.012495409657166804,0.002289122213328854,0.002546193981376357,0.004376990524736139,0.010182994600527275,0.0034381279726807754,0.0026982624451988117,0.004547898687923373,0.012620405849619511,0.002550045796762133,0.0025999779656088844,0.004511734447702029,0.011925623591937369,0.002544212901145335,0.002577069085187177,0.00451972934441323,0.011506733712989076,0.003388745805493373,0.002532158430773056,0.004562105904718731,0.011780948237407834,0.0025772449037064047,0.0027845175653523724,0.0045623085445290765,0.012502925092793124,0.0012206455371145822,0.001226341917342968,0.001227798101357342,0.001230213849869999,0.0012617672313085036,0.0012355116538107544,0.001225521131123142,0.0012308843794151968,0.0012291181894954852,0.0012304539804452452,0.0012397525083691417,0.0012269172646405125,0.0012329457970734277,0.001226717805465134,0.0012291199443466116,0.0012279478360796184,0.0012237811634876659,0.001228565641472251,0.0012377781780255571,0.001232329823974091,0.0012304663401678496,0.001218924785444084,0.0012312895947352487,0.0012335223306169524,0.0012298317989655832,0.0012394102773006714,0.0012228546120470743,0.0012494625026850006,0.0012513574097788994,0.0012238902887115712,0.0012661645249040952,0.0,0.0,0.0,0.0,0.0,0.0,0.0,0.0,0.0,0.0,0.0,0.0,0.0,0.0,0.0,0.0,0.0,0.0,0.0,0.0,0.0,0.0,0.0,0.0,0.0,0.0,0.0,0.0,0.0,0.0,0.0
163,0.003447935667454918,0.002643521684160603,0.004629477263439749,0.012654209802922065,0.003395845429534171,0.00252516295706068,0.004608191328307419,0.011827712255011901,0.003477238675496492,0.0031694349956032917,0.0046871427633945265,0.013965982479437597,0.003455596577111194,0.002835445651082431,0.004536443883366465,0.013110058243638725,0.0025392340424061684,0.002946107640302636,0.004700011300574527,0.012986784761581452,0.0034173258611764385,0.00276710783725863,0.00457567871451525,0.01275814874700927,0.003080911829818378,0.002547977360648802,0.00453780964488694,0.01143697521615183,0.00305389853921919,0.00258840812529235,0.004566815852792691,0.01184649346482164,0.003455070214778364,0.0027907869496881705,0.0045687521129058025,0.013165601845289832,0.0034809117501906277,0.0034389616477725803,0.005406042641621144,0.014734193814709268,0.003443396257040387,0.0032669944524475665,0.00479832335594881,0.014169711897380822,0.0034886206576315044,0.00291521749082893,0.004535483660076666,0.013389095358291948,0.0034325973959045642,0.0028296208175724886,0.004548141697051447,0.013167807999623592,0.0034632406483267614,0.002706138572662499,0.004582695438479115,0.01275323242072476,0.003480164301522281,0.003288866612298196,0.004966756906772009,0.014425216359219645,0.0034697053987568787,0.0029541725524452216,0.004501147124770456,0.013497307536715634,0.003461485451166924,0.0028206529519264746,0.004538982135108559,0.013152710166928604,0.0034576462710680547,0.002817240614036559,0.0045643116508658176,0.012937824182428897,0.0034330802542873306,0.00315895320109222,0.005976521953345878,0.014867832997186047,0.0034416189696478343,0.002641675020878922,0.004598582526960285,0.012632626716133551,0.002896805913487314,0.0025566962276514812,0.004486083285146104,0.010770107090615986,0.003429826524414109,0.00258016187083567,0.004650093336364808,0.012252715159531266,0.003514806864515057,0.002918555511763503,0.0044833041804457,0.013280529282441333,0.0034262160307159126,0.00266684462064728,0.004746633036317568,0.012400953702586618,0.00343098913225561,0.002638406683137629,0.004684341818075825,0.012617082665091284,0.0022974097874237823,0.0025493826918177873,0.0043889013432144245,0.01027271807018603,0.0034498574547930714,0.0027036932993773455,0.004564052125164933,0.012758768637267265,0.0025534884956435492,0.002600045995005103,0.004526848763017,0.012001746937671993,0.0025514601189103557,0.0025843375994575,0.004539760511963413,0.011642543692311436,0.0033997236967057624,0.0025386200543454224,0.004581221245660746,0.011936230286498527,0.002580866750460213,0.0027827272351691797,0.004560287194348782,0.01248736432964951,0.0012200091528641504,0.0012254949334157739,0.001228795079200918,0.001229641663180576,0.0012632184890731238,0.001235169917221627,0.001225146851949893,0.0012302477267631447,0.0012287930315126624,0.001231307829363584,0.001239023636613486,0.0012278736752376937,0.001232459736118728,0.0012275807906695102,0.0012301023767044427,0.0012295728513819406,0.0012249272824002956,0.001229412354979673,0.0012385116596267392,0.0012316226765333104,0.0012299307741595342,0.0012200597983084583,0.0012322709176081047,0.0012328336483638006,0.0012306802424186245,0.001238987108813097,0.0012221487918107335,0.001250410577887596,0.0012506637843400284,0.0012234841255759818,0.0012656476838619722,0.0,0.0,0.0,0.0,0.0,0.0,0.0,0.0,0.0,0.0,0.0,0.0,0.0,0.0,0.0,0.0,0.0,0.0,0.0,0.0,0.0,0.0,0.0,0.0,0.0,0.0,0.0,0.0,0.0,0.0,0.0
164,0.0035408574593000083,0.0027214255415295542,0.004873936303052144,0.014814427409365557,0.003486096287490166,0.0026015721842215147,0.0048464216670047735,0.013816644610053124,0.00357544999727791,0.0032494194618801356,0.004903940565661638,0.01627131498713843,0.00354781060933929,0.0029117755562087845,0.0047647403854369505,0.015243596503046967,0.0025432020861040844,0.0029537311139868952,0.004709336800702408,0.013021625144549253,0.0034168258518743238,0.002752905195802998,0.004573022194371607,0.012723562551910853,0.0030686370900891158,0.002545902060828096,0.004532668286742382,0.011373816192371204,0.0030517451712185856,0.002585727612365087,0.004574550031214661,0.011884102265093975,0.003549325092228336,0.0028635468586276744,0.004816201256433334,0.015450569945370756,0.0035903618236284977,0.0035162412693505356,0.00561354390128326,0.01732197169472743,0.0035404859532415667,0.0033831422605145405,0.005073851492426955,0.01667156891965218,0.003597058767173326,0.003008093665579941,0.0047735411749653305,0.01577294562789828,0.003527318707812809,0.0029068693894817323,0.004786928779370147,0.01543030737171974,0.0035568234004711105,0.002776645018795206,0.0048237546470128595,0.014887977579355376,0.0035788547186973137,0.0033855169100312256,0.005211983576617828,0.016939757098873534,0.0035689585301056943,0.003033957532707743,0.0047416876254776,0.015871523824589888,0.0035537202993081336,0.0028739463697964734,0.004791209318026565,0.015350931461658784,0.0035493313950062818,0.002898440385816755,0.004796187693814797,0.015096445623658424,0.0034757152828430267,0.003273966057754382,0.0063089987121153854,0.01738023706417858,0.003533560592496362,0.002700631393094042,0.004836462916315839,0.0146698135943171,0.0029554013761575373,0.0026336433053849298,0.004704889431338697,0.012490366800276029,0.0035162800311676597,0.002647877917712509,0.004881209046819743,0.01419444565673705,0.0035950039803014323,0.0029774474099446366,0.004713364892558649,0.015334550303411321,0.0035143029644693034,0.0027498771600602714,0.004990641440815077,0.014413571250040457,0.00351618741992428,0.002706251134647752,0.004918479303039627,0.014568449679157642,0.0023670696483928315,0.0026213786951896248,0.00460188513070516,0.011900355165306823,0.0035385035664612916,0.002780665796816517,0.0047907980780115215,0.014793126112050047,0.002623875349948817,0.002673057888122082,0.004744560665842412,0.013860432599739441,0.002622616948354206,0.0026586769792859423,0.004762053429703905,0.013486338088235506,0.0034861239602603875,0.002608304180425222,0.004807961576087181,0.013811917531968365,0.0025803094612580836,0.0027841385541333328,0.004560961416106422,0.012483987865332113,0.001219425760881209,0.0012243663068688866,0.001229656124785423,0.0012296183221448583,0.0012647072969607402,0.0012353370514693008,0.0012251206935288263,0.0012301423230289903,0.0012288162232967409,0.001231775782990498,0.0012380971118457248,0.001228750411904824,0.0012316432475521985,0.0012284320096109954,0.001230401105430142,0.0012302482615578268,0.0012253531537148726,0.0012305082191645688,0.0012384826944049953,0.0012308881195954183,0.0012289943707065286,0.0012206739982238925,0.0012334800162325833,0.0012328017684766987,0.0012313117653954641,0.0012382041784737394,0.0012214845355731582,0.0012515012109021672,0.0012497837605279802,0.001223427024857514,0.0012655360657738608,0.0,0.0,0.0,0.0,0.0,0.0,0.0,0.0,0.0,0.0,0.0,0.0,0.0,0.0,0.0,0.0,0.0,0.0,0.0,0.0,0.0,0.0,0.0,0.0,0.0,0.0,0.0,0.0,0.0,0.0,0.0
165,0.0034461018384030363,0.002633604488140849,0.004624917866015885,0.01261718814956097,0.003392876364649946,0.0025201104638609036,0.004598705146675595,0.011760865438051663,0.003476476160654769,0.0031252415534218283,0.004625600546771607,0.013859704917178538,0.0034578387308574197,0.002815483423969859,0.00453160270814563,0.013060749319428475,0.002539599371447994,0.002942458321121855,0.004698037882479719,0.01299544870336086,0.003415489355856495,0.0027374379612026076,0.004568991006118589,0.012676254906771246,0.0030682892901004706,0.0025444703791319082,0.004530633607311997,0.011382258656826875,0.0030356894984215985,0.0025735148983917944,0.004558082084579462,0.011746385036541202,0.003451152661038794,0.0027573523584133526,0.0045724832788692875,0.01306551247242885,0.00350232860036055,0.003406318182969619,0.0053226168258903896,0.01465182083161693,0.0034479950348375635,0.0032743303601385707,0.004804209562893525,0.014178027213899692,0.0035093971013694463,0.0029382394013960857,0.004525454394969723,0.013456191723212588,0.0034337683689784843,0.002815973731396546,0.004534927442834641,0.013118037380780843,0.0034549222468559836,0.002662096413903546,0.00458432800491454,0.01259517012222758,0.0034791744181075644,0.003278607343379967,0.004943952191534472,0.014370634535790888,0.003476366865615208,0.002943641653675019,0.004485887844315996,0.013467050156336135,0.00346439824966986,0.002812185780095711,0.004527587523891933,0.013122965311275117,0.0034482834543704635,0.002792420180458855,0.004541882596617527,0.012776221775362227,0.003385867483614463,0.0031592133439779075,0.005996421363689958,0.014832985208081094,0.003445824654770393,0.002627779507084387,0.004593568908364651,0.012610446639502058,0.0028980942212649325,0.0025523103350177058,0.004479558773480436,0.010766927917171619,0.0034240258307177995,0.0025611538710914963,0.004639623857196424,0.01213012259474756,0.0035037620222039623,0.002886290898023414,0.0044904059720711036,0.013206748341904119,0.003425328874268131,0.0026771004645786897,0.004754304909238025,0.012397981846931597,0.00343078390817645,0.0026316617790439227,0.004680677992298374,0.012598247162827439,0.002302664849692989,0.002547369088401286,0.004387600376015202,0.010286606397040616,0.0034519542829562536,0.0027013213604492104,0.00455563729102296,0.01273420426331824,0.0025408978370029195,0.0025884968248147087,0.004507119961342658,0.011845392493567194,0.002546632462860092,0.0025812780770674204,0.004532376875926515,0.01160418577224213,0.003401285572354258,0.002531513382530222,0.004576674175597804,0.011895375617176194,0.002571457749717802,0.0027838169411352584,0.004560007897900095,0.012486029334893714,0.0012209350980156189,0.001226709944775438,0.0012326024300664889,0.0012307780103029374,0.001267858429140257,0.0012363884463458706,0.0012260988698938515,0.0012312040001525382,0.0012304450230316863,0.001234935794727721,0.0012404962644108793,0.0012317948516241684,0.0012339399851440064,0.0012309345944493514,0.0012337752420936913,0.0012338423469530331,0.0012292594422208313,0.001233296335420426,0.0012418279293291096,0.0012330068785203104,0.0012314045641869987,0.001224516643878219,0.0012362643170592672,0.0012345701425589951,0.0012347644741850506,0.0012400382566256887,0.0012229246935347464,0.0012541712283658537,0.001251733236630318,0.0012244203337168171,0.0012664869927363825,0.0,0.0,0.0,0.0,0.0,0.0,0.0,0.0,0.0,0.0,0.0,0.0,0.0,0.0,0.0,0.0,0.0,0.0,0.0,0.0,0.0,0.0,0.0,0.0,0.0,0.0,0.0,0.0,0.0,0.0,0.0
166,0.0034440620582932412,0.002628008454005787,0.004623706179347864,0.012579151314363185,0.0033916870371456646,0.002518671986914731,0.004594643196422695,0.011733574639274024,0.0034721509101707055,0.0031130409443923526,0.0046125500543318584,0.013812539008611303,0.003450147611358864,0.0028062757391565584,0.0045194835457858604,0.012929234398613284,0.0025461150465131577,0.002939022738526657,0.004694997069954076,0.012989048417487766,0.0034168508660367396,0.0027476746654225307,0.004567916524909816,0.012709273573184542,0.0030701611179098976,0.0025451457401000303,0.004531976086530766,0.011394137493380052,0.0030231729312102857,0.0025676655026621313,0.004555581690733069,0.01169506306819553,0.003447232876808733,0.0027489368852677658,0.004572313100861175,0.012994709450439318,0.003484515750239169,0.0033851988961533185,0.005266330377738472,0.014548659249235568,0.0034439352696459505,0.0032590292994949628,0.0047800124162990145,0.01410048771255812,0.0034938025267609316,0.0029117638891662514,0.004515594134673043,0.01333230989930931,0.003432670005189504,0.0028224984565614116,0.004526135690780378,0.01309905023828009,0.0034488259217717,0.0026499952582460895,0.004583295359349014,0.01251638530703684,0.003473945564890427,0.0032754882365475238,0.004942934585491365,0.01432158708196555,0.00347303413861145,0.0029532336925645383,0.004483258724222293,0.013445031101061175,0.003468386548799481,0.0028539860908298412,0.004501494382409322,0.013191080652065278,0.003444920570400152,0.002776433049111802,0.0045424113675536625,0.01271543042057225,0.0033967215549316376,0.003154154644822049,0.005996904168163019,0.014822910974900922,0.0034460069092029514,0.002633264388353044,0.0045897052834164495,0.012617323036820963,0.0029069625171331995,0.0025509824924622774,0.004479625015831937,0.010771871847515416,0.003425341689213787,0.0025677989226761486,0.00463427999188226,0.012150959655227429,0.0035046135633977306,0.002893307810361045,0.004484246076776383,0.01318824276375922,0.003421266906123892,0.0026605690206769382,0.004743510705022932,0.012315451670244571,0.003423267129153233,0.0026193037903639435,0.004674085658267463,0.012488656283324373,0.002308701764483775,0.0025457885323798123,0.004385367342370462,0.010278676181386764,0.0034415318254147637,0.002691495159183082,0.004544896136449677,0.0126008230176793,0.0025416165140220584,0.0025847323937031206,0.004502787371877609,0.011804666853722738,0.0025485736942487992,0.0025793637152506286,0.004530956935639471,0.011582071684430003,0.0033972544948695444,0.0025279114950580934,0.004571948079508874,0.011838412000379364,0.0025722448193982346,0.0027858403081907337,0.004560982167637695,0.012487657302593842,0.001220368789973605,0.0012262188518027868,0.0012297008310869393,0.0012302350883779665,0.0012635885068137198,0.0012358804341508424,0.001225571205666144,0.0012306211478760251,0.0012295757486903826,0.0012320062167341147,0.0012398002503807176,0.0012289505853350013,0.0012334817548886805,0.0012282595841404563,0.001230853719201456,0.0012298321515611958,0.0012253471780616927,0.0012302766864257652,0.0012389989789197006,0.0012323360114703526,0.001230761448222766,0.0012203300068065507,0.0012331799759992615,0.0012337625252345284,0.00123162966308457,0.0012396582316228726,0.0012223173329552071,0.0012513110733959635,0.0012512746655106784,0.001223732131495412,0.001265894105696497,0.0,0.0,0.0,0.0,0.0,0.0,0.0,0.0,0.0,0.0,0.0,0.0,0.0,0.0,0.0,0.0,0.0,0.0,0.0,0.0,0.0,0.0,0.0,0.0,0.0,0.0,0.0,0.0,0.0,0.0,0.0
167,0.0034411461883977223,0.0026173878814040423,0.00462627420665851,0.012533331639438278,0.0033897143696916374,0.002518808054622073,0.004593839521691354,0.011704480397145839,0.0034696943930488293,0.003098744511857756,0.004600661628232083,0.013779512269060492,0.003433983392105995,0.0027808211632265557,0.0045012577126035125,0.012676509936148592,0.002553748893892624,0.002931156432476674,0.00468836182433531,0.012976691548168998,0.0034187837139590307,0.0027636738366957556,0.004565912774275606,0.012755164823531139,0.003042086661046036,0.002542637777314179,0.004522086021812746,0.011280384414270133,0.00299815602637044,0.0025576007334060075,0.004546845562249525,0.011569468550047701,0.0034459441031572304,0.002743128920200986,0.0045773389042850655,0.012982238355013569,0.003467626422887417,0.0033840399047209107,0.005263337333020512,0.014547602984773941,0.0034407305800645263,0.0032347075840544375,0.004747846577143036,0.014055695873710656,0.0034891333441971852,0.0028943236891129168,0.004518663744166466,0.013291315004938443,0.0034335144965885714,0.002829297506669519,0.004523029494825531,0.013120300406508679,0.003442430212821352,0.002628377607137592,0.004589151356751727,0.01243407025956365,0.0034736988063197973,0.003269237571319577,0.004925517423406853,0.014305878662965342,0.0034706192341399864,0.00295215861879329,0.0044848977808297445,0.013442314784149555,0.0034632244085399232,0.0028349052384424854,0.004511286884038315,0.0131415025503753,0.0034244957387708124,0.002737702825157018,0.004513214713725485,0.012370969128244652,0.0034169360067540537,0.0031764863026534527,0.005936781193723392,0.014793136799591551,0.003446013041880761,0.0026340008603923464,0.0045891136651753876,0.01261989774226959,0.0029175584369748623,0.0025502517854823774,0.0044823549913521115,0.010796578149194458,0.0034249180496488682,0.0025686679632106724,0.004632265490663617,0.012147707634954114,0.003492116172013087,0.0028614575162780997,0.004486060971668264,0.013108170080807275,0.0034151794502268007,0.0026380598347882965,0.004737835335739514,0.012206970189291304,0.003413375148642591,0.002595859601046558,0.0046642624439502635,0.01230607503359142,0.00231432439169082,0.00254514110944544,0.004387126511345189,0.01029641896981677,0.003423263122350323,0.0026634037512158807,0.004525742064481723,0.01232826888442063,0.0025394009016641524,0.0025727618558790207,0.004461512348625801,0.01152739151110966,0.0025524611225730544,0.0025795091511602464,0.004531131169414128,0.011587898816036984,0.003380012171017751,0.0025129038024314532,0.0045283113806957554,0.011504860486462324,0.0025722244205272876,0.00278756513185677,0.004557786509592727,0.012451895656900967,0.0012202920768999905,0.0012260613404044996,0.0012317511068011538,0.0012303909527555626,0.0012661737827527316,0.0012358458683325703,0.0012255556019691376,0.0012305851131890584,0.0012294577209553837,0.0012341511620553463,0.0012396903528791607,0.0012309089163023022,0.0012334797204667305,0.001229928978843802,0.0012328581312993044,0.001232608718369304,0.0012280204320721676,0.0012324178370130253,0.0012408731411087523,0.0012322193009683751,0.0012307127173980398,0.0012230567993017872,0.0012351460489319248,0.0012335834391943178,0.0012337265211143523,0.0012396332712204907,0.0012223527631968387,0.0012533456299006647,0.0012512973463477109,0.0012238579020830138,0.0012655675429985565,0.0,0.0,0.0,0.0,0.0,0.0,0.0,0.0,0.0,0.0,0.0,0.0,0.0,0.0,0.0,0.0,0.0,0.0,0.0,0.0,0.0,0.0,0.0,0.0,0.0,0.0,0.0,0.0,0.0,0.0,0.0
168,0.0034398919301642976,0.0026123827706564925,0.0046262232297684,0.012511779710236624,0.003388856775079019,0.0025190654568619073,0.00459372596975975,0.011692552441974565,0.0034640312272020226,0.0030603942610243125,0.004569628049085216,0.013687394117809684,0.0034269880167713245,0.002757176254548665,0.004499333474678294,0.012556088637355162,0.0025595913885888867,0.0029220868024449047,0.004680733783490264,0.012961392216665877,0.0034175455075687268,0.0027531341584743343,0.004566923030305984,0.01272931145931587,0.003016860837694216,0.0025387574349793316,0.004506294626396749,0.011134447360293422,0.0029932720352554188,0.0025540215257449698,0.004541025853341776,0.0115158122064479,0.003445754641080046,0.0027437854949195553,0.004578156766548886,0.01298978821934692,0.0034580097092623188,0.0034132557899082643,0.005338561715664187,0.014614272390569432,0.003440415744213534,0.003242927349567556,0.004761300629968266,0.01407703947057351,0.003488388570757664,0.002887265538886881,0.004519136452119148,0.013276097708583344,0.003432233445751003,0.0028199775983661687,0.0045265948674559605,0.013099711810991593,0.0034392177925563305,0.0026128583258305093,0.0045912610573626954,0.012371518957547697,0.0034751557535385065,0.003263223084384898,0.004906394854718877,0.014286108553477988,0.00347051083470415,0.0029469314793281777,0.004482662772821775,0.013428871029014052,0.003464209336304534,0.0028303866299199446,0.00451353013115365,0.013129800770345545,0.0034214576344391637,0.0027227240956143013,0.004512560715947726,0.01231131217863403,0.0034162887692186627,0.0031721866724546445,0.005951984308674975,0.014797926906405849,0.0034434520892311707,0.0026249524562216766,0.00459030148546684,0.012582155806663877,0.0029340227557457205,0.002548840168051583,0.0044855596068597734,0.0108302524207648,0.003424325178819363,0.0025670102459483053,0.004632434836351499,0.012138468783184643,0.0034836490257864868,0.0028303024895124903,0.004493030223606623,0.013044367422534623,0.0034123631556029687,0.002625877702746455,0.004731793573312379,0.012151248288524973,0.003412121797841147,0.0025921608339230695,0.004662887632681092,0.01228341802546737,0.002307273076892306,0.0025463105111798315,0.0043838547164447295,0.01026519004596316,0.0034167344959892426,0.002650472635310442,0.004521867882017917,0.01223418795854057,0.0025360441290219627,0.0025645796401683714,0.004456299555480863,0.011455000021914156,0.002556422119588947,0.002578403476887944,0.0045296337116166735,0.011576617497701723,0.0033783484124280854,0.002513142953143358,0.004531495345053145,0.011534412370640082,0.0025798780738085694,0.0027858024786238536,0.004555010882714336,0.012439064410260856,0.0012205778194287382,0.0012262885755364187,0.0012330965509611234,0.0012309585010621522,0.0012698452378224997,0.0012362007141550999,0.0012259424790449923,0.0012309693982233269,0.0012296448064376326,0.0012354892985151477,0.0012398268453817907,0.0012321666970738373,0.001233701629668682,0.001230957102614456,0.0012344107043584791,0.001236269031948365,0.0012314305004371537,0.0012336380284221073,0.0012421787012766446,0.0012324237985076798,0.0012309794509772244,0.001226642557468263,0.001236472109307989,0.0012337031600813176,0.0012351080066923064,0.0012397814812929958,0.001222684864281076,0.001254670615848902,0.0012516661495040747,0.0012243546465978915,0.0012660375326139957,0.0,0.0,0.0,0.0,0.0,0.0,0.0,0.0,0.0,0.0,0.0,0.0,0.0,0.0,0.0,0.0,0.0,0.0,0.0,0.0,0.0,0.0,0.0,0.0,0.0,0.0,0.0,0.0,0.0,0.0,0.0
169,0.007927673623443399,0.006909025626431248,0.011885165585085872,0.02779914232273542,0.0072408754279504085,0.006766106392489415,0.011312042344197875,0.02563149198525107,0.008073121917877586,0.007406052984167962,0.012751184611340114,0.030828136703443223,0.008050564340528794,0.006999616264897288,0.012259988923069336,0.029031874331578743,0.006887127915986859,0.0073194767397431635,0.01242500564891257,0.030151013722087075,0.007935707960872626,0.006965851061340254,0.0120364848501863,0.028404402091106798,0.006920121182199503,0.006684677752311421,0.01106157599874589,0.024643045977565507,0.006961197623515667,0.006708000626530916,0.011181910689868478,0.0251694528386857,0.007918958461440823,0.007006114979288224,0.012178309591927236,0.029055172250496482,0.00809333485614073,0.008218323190108828,0.01322644790038412,0.03301919287351144,0.007964485271360164,0.007835439823158145,0.013001694784110701,0.03187586193972887,0.008076266777893248,0.007124386337180594,0.01244236778194626,0.02987558518586369,0.007923617822582728,0.007077111025971834,0.012290113983937603,0.029381500977607725,0.007977371636572679,0.00692233230037779,0.011886092617592239,0.027704227735427384,0.0081150205768228,0.007955635257476399,0.013130038517431534,0.03240139275236073,0.008056045186161808,0.007189326201964317,0.012527367237709378,0.030157192721911173,0.0080531204657228,0.0070814353648494185,0.012410803734118576,0.02969199616186986,0.008003141121215128,0.006968122382715951,0.012087402037395147,0.02846202352716565,0.008154820991113695,0.00825092997272225,0.01332183419383336,0.0335474689972317,0.007960035406489381,0.006915392243574941,0.01190826362807784,0.027874191857252054,0.006452645429183237,0.006621219946030464,0.010832027482652572,0.023835258078581924,0.007902476434370555,0.006855678548927872,0.011672474118470057,0.026989962271887352,0.008094066921516745,0.0070635046227966215,0.01239518676529245,0.02964039678354729,0.007934266790534843,0.0068651403382531725,0.011636664008920473,0.026668612683386633,0.007969885084246892,0.006898732175863635,0.0118368569376558,0.027532128267384354,0.0058433002232525415,0.006468907615725832,0.010436077783167373,0.022229698962752197,0.007964766759831276,0.0069128235741982465,0.011944501162010505,0.028026848904196683,0.006776389826921131,0.006779050931435645,0.011422866407934858,0.026234914650868087,0.0067386656011048434,0.006739443573753035,0.011266295863549797,0.02559054506559203,0.007746280190203764,0.006814357444812973,0.011489186481693819,0.026182959876704312,0.006860158541438589,0.007116800039761673,0.012135449782039648,0.0291086462558405,0.002611012208917735,0.0026337226650045365,0.002578354233033943,0.0026248275564647004,0.0027043683134913214,0.002668571178058225,0.002647809837194283,0.0026476863744073127,0.0025905182060552622,0.0025707055301316265,0.002602016806827383,0.0025660273277004074,0.002599887583588597,0.0025660011968147295,0.0026092591437766786,0.002636765030016443,0.0026291555803934215,0.002566519849693519,0.002588796126931287,0.002582164907865205,0.002602351430761096,0.002621359840338382,0.0025631883070302386,0.002578701998504073,0.0025623613252260167,0.0026769560540006888,0.002650310368749841,0.002594993473600866,0.002665581836023985,0.002617302773253052,0.0027207957120087677,0.0,0.0,0.0,0.0,0.0,0.0,0.0,0.0,0.0,0.0,0.0,0.0,0.0,0.0,0.0,0.0,0.0,0.0,0.0,0.0,0.0,0.0,0.0,0.0,0.0,0.0,0.0,0.0,0.0,0.0,0.0
170,0.007901845681839331,0.006897069028537498,0.011830488795284188,0.02756907541903555,0.007175481168319786,0.0067530761079752375,0.011266010846290133,0.02543626121916718,0.008066713805883495,0.007362650958732708,0.012711928496634474,0.030677386866614614,0.008046825697700748,0.006997042678185937,0.012249327374171564,0.028982581248966337,0.0068903156999182286,0.007312300023667916,0.012415512216264036,0.030105038385073432,0.007925091669261565,0.006949377259696163,0.011989382712603552,0.028220574516650547,0.006877905754098054,0.006676402074553266,0.011030221968194085,0.024505691999305756,0.006915632683034618,0.006691124148783984,0.011125578531258331,0.02488485713066075,0.007912801199942967,0.006997587493739365,0.012153507277965343,0.02896374775465483,0.00809117125923756,0.008198246680129853,0.01321480692375018,0.032955464853301523,0.00795054646700325,0.007745406537111283,0.012944976859934672,0.03166688643535475,0.00806498525546366,0.007083894133582174,0.012375514689646315,0.029625373299541638,0.007912736585035478,0.007055603412609543,0.012242012057550607,0.02919535004885751,0.007969913714573743,0.00691680465023165,0.011856834201987278,0.02757798592626348,0.008110709227461476,0.007923074915524905,0.013112424802651325,0.03231901062029174,0.008051731004260803,0.007167784831584454,0.01250191147034399,0.03005984465039279,0.008044158810777365,0.0070561060683998035,0.012363163397212645,0.02951966412284166,0.007995190502437678,0.006953603424745465,0.012037312505107934,0.028276200131856884,0.008150457242610175,0.008177730472178063,0.013313738093182152,0.033395787540743856,0.00794649980300304,0.006893597367780131,0.011830094003996074,0.02757742731007654,0.006403546099024746,0.006611404756927347,0.0107980431927908,0.023690302049910978,0.007848407826106964,0.0068408720069514034,0.011601489763967236,0.026699396427948847,0.00807960848487645,0.007027669243649957,0.01232477301174166,0.0293930664916018,0.007905354513830879,0.00685227444109463,0.011575541704915798,0.02639304063132194,0.007963128130246765,0.006893049024013438,0.011806567903151202,0.027410650611960945,0.0058177771922520785,0.006463983322351319,0.010418774077048389,0.02214522403924772,0.00795725924972063,0.006901162112800886,0.011900957998762875,0.027858503533476547,0.006775297214386412,0.006776134583692507,0.011412229116178542,0.02618828993748766,0.006743352461106177,0.006739580160748803,0.011265439459186812,0.025581967820203156,0.007737003731248711,0.00681305638956694,0.011481492470355674,0.026149531816827904,0.00686422941770422,0.007109863084463789,0.012125691301773933,0.029065386374448235,0.0026105364427928502,0.002633468509169953,0.0025746282246059816,0.002624706314632616,0.002701494557429758,0.002668322993076383,0.002647632461609844,0.002647534066089253,0.002590397737130352,0.002566038420475667,0.002602040120238507,0.002561597024886109,0.0025996815087457135,0.0025612769656853376,0.002605396165608812,0.002633931131356503,0.0026263687463874575,0.002562484993128277,0.00258386428836197,0.0025819295474060035,0.002602251052991012,0.0026185529389733224,0.002558206487093331,0.0025784370673146337,0.0025576199311372477,0.002676574136728935,0.002650154997782786,0.0025904691572575756,0.0026654529791325455,0.0026172085598646336,0.002720596000906753,0.0,0.0,0.0,0.0,0.0,0.0,0.0,0.0,0.0,0.0,0.0,0.0,0.0,0.0,0.0,0.0,0.0,0.0,0.0,0.0,0.0,0.0,0.0,0.0,0.0,0.0,0.0,0.0,0.0,0.0,0.0
171,0.007866893408327528,0.006879943720253186,0.01176931939162152,0.027330942081370657,0.007109891125654229,0.006742251989103846,0.011225052484677877,0.025256009384474618,0.008061427931945624,0.007329030299130658,0.01267968976471264,0.03055279805013433,0.008039675477763627,0.006991525447532351,0.012227251543238185,0.02888930417271898,0.006892262444335047,0.007304812982365704,0.012405293613747655,0.030049965731428575,0.007915645508138008,0.006937484435140873,0.011953955508650726,0.028075969246674173,0.006838224945311341,0.006668535657994732,0.011001049633586583,0.024374678234031468,0.006883387915549225,0.006683463169812625,0.011096341417722207,0.0247611737235471,0.007896588757041545,0.006976031198790979,0.01209438064305864,0.028747288522934462,0.00808523203865111,0.008163423572428831,0.013193957047295543,0.03284196484847632,0.007939489328112632,0.007686297529029114,0.012903134568687866,0.03150182362128156,0.008058255917861848,0.007063003872653028,0.012337202835435771,0.029473634061874462,0.00790035182800845,0.007031380844414206,0.012186777722189096,0.02898928974647178,0.007958749253849089,0.0069071039131320695,0.011811216849930811,0.02738917984587789,0.008107052805112976,0.00787648251012239,0.01308515429761346,0.03221621277145419,0.00804498762569833,0.00713498690856897,0.012460816481907833,0.029902345547843757,0.008040087356127868,0.007048674453317499,0.01234349501876703,0.02944534376202157,0.007986735943117903,0.006938229729579054,0.011982612410722716,0.02804872589956404,0.008146521319621902,0.008113425681861913,0.013304925579069883,0.033269504911724264,0.007936191064174715,0.006879368570632985,0.011776382806220254,0.02737529071806894,0.006349315648456767,0.006600166046462212,0.010760925878212058,0.023533266728364685,0.007781151568807043,0.006825094245041054,0.01152835802708373,0.02640215524208839,0.008066341234525697,0.00700658133415276,0.01226397594844323,0.029174260542064293,0.007887450840903271,0.006846415551615484,0.011548314347761629,0.026267126893844972,0.007957280038838003,0.006888743667507111,0.01178325547865762,0.027316820573252534,0.005840280334103004,0.006469948019765603,0.010435827894916188,0.02221912403790051,0.007947260927629854,0.006888907766968783,0.011852461485454222,0.02766889141380719,0.006776906694269336,0.006776056256368323,0.011410244398879126,0.026189326203552906,0.006759921835567329,0.006744881923803874,0.011282405526567944,0.025650315356620056,0.007715640013892435,0.006810906473238263,0.011468304141306047,0.026109576244509873,0.006868319726339007,0.007110612286073929,0.012130419924824224,0.029097901382140395,0.0026104398940725556,0.002633101244945232,0.0025801389027175787,0.0026243843703802495,0.002708007360648272,0.0026679307668409412,0.002647351300675258,0.002647287493781547,0.002590438097265932,0.0025716810212835263,0.0026020631345746044,0.0025680202776801643,0.002599790544605563,0.002566748731701007,0.0026118323213540897,0.0026400979495648704,0.002632780190271834,0.0025689689445202017,0.00258993905221925,0.002581639732109071,0.0026020156357890994,0.0026249919956895054,0.0025641885262202365,0.0025781687171440595,0.002563710235493785,0.0026763716834660722,0.002649777708386274,0.0025967303082762793,0.00266521752973402,0.0026169844673589065,0.002720206797944336,0.0,0.0,0.0,0.0,0.0,0.0,0.0,0.0,0.0,0.0,0.0,0.0,0.0,0.0,0.0,0.0,0.0,0.0,0.0,0.0,0.0,0.0,0.0,0.0,0.0,0.0,0.0,0.0,0.0,0.0,0.0
172,0.007840395370322403,0.00687228164069829,0.011735674880148811,0.027200128027499375,0.007069176394584022,0.006735973291767273,0.011199917509688864,0.0251515107116877,0.008058706671856078,0.00730230810174107,0.01265500718164313,0.030464995967720374,0.008034216585766587,0.006986970199166798,0.012208861649927124,0.028818555241915345,0.006891127797218328,0.007294483221746558,0.01238241679495291,0.029895600357286774,0.007907277478284227,0.006927469321054631,0.011924559312029058,0.02792725349239766,0.00680222546446407,0.006658141232577611,0.010966461125683063,0.024205444762543507,0.006864829238214557,0.006678073141420848,0.011075970960974848,0.024677517854825637,0.0078854429878705,0.006964617780055429,0.012060662553430428,0.028621075425563164,0.008080603480204115,0.008122583062308137,0.01317236178111066,0.03274992541006323,0.007930809561126118,0.007642322117211483,0.012872328955474006,0.03138846254158406,0.00804925498898765,0.007042160449985847,0.012288489516933915,0.02929602960860221,0.007881977865854655,0.007007161736027485,0.012126895783989664,0.028766601828228388,0.00795334179734051,0.006902649575381116,0.011789763003353406,0.02730087115604886,0.008101648316216885,0.00783208773106378,0.013056413088299839,0.032076754766750794,0.008037940883063357,0.007106514669891629,0.01241465036096178,0.029735662979567028,0.008036182809966713,0.0070411202378597,0.01232357779807887,0.029370861050239026,0.007982862097150142,0.00693096247093,0.011954326487375523,0.02794283202117156,0.00814400214969711,0.00806280330707617,0.013293530134766425,0.033171478219099965,0.007925641629893234,0.006865306213777797,0.011726186618737075,0.027192259167471287,0.006267609031069621,0.006581094279960919,0.01070159797388884,0.023291825114344314,0.007716981845975005,0.006814141004904045,0.011479882587737805,0.026208628360525843,0.008055370147174497,0.006987916708600222,0.0122101896831854,0.028989788236471446,0.007878784777651051,0.006844192704162299,0.011537651140017315,0.02622325161085923,0.007952791193330193,0.0068849425108764425,0.011764620985043356,0.027243600469392247,0.005835626948186527,0.006466731456620167,0.010426893628041303,0.02218040539480056,0.007941160387050235,0.006882232872946335,0.011825167203381112,0.02756116876030747,0.006781008296188475,0.006776046307222517,0.011409488521015775,0.02618329226153762,0.00675978751162808,0.006743090099432914,0.011275594347211468,0.025620116392320577,0.007715834046489745,0.0068108795306170014,0.011467559413319579,0.02610631756290927,0.006874386980762186,0.007104934250672514,0.012125040019317516,0.029092305018779015,0.0026104900473682153,0.002633235409799991,0.002585234235815479,0.002624539756375358,0.002712018868930772,0.002668073000312997,0.0026474821854735216,0.0026473890581874583,0.0025906010137394554,0.002577340220771448,0.002602215498981224,0.002573832292200386,0.0025999787808107587,0.0025723687028507305,0.002617124091949045,0.0026445867457672747,0.0026372025401155026,0.002574892512335855,0.0025956953240084705,0.002581402807326109,0.0026022776712413885,0.0026294397310503846,0.0025697476542813347,0.0025782614649657223,0.0025695200631050494,0.0026764579241663486,0.0026498702176208345,0.002602426941621791,0.0026653281891860546,0.0026171287794942485,0.002720439818562967,0.0,0.0,0.0,0.0,0.0,0.0,0.0,0.0,0.0,0.0,0.0,0.0,0.0,0.0,0.0,0.0,0.0,0.0,0.0,0.0,0.0,0.0,0.0,0.0,0.0,0.0,0.0,0.0,0.0,0.0,0.0
173,0.007846470872758008,0.006873119185768662,0.011742932767836658,0.02723032598475477,0.007056952488132392,0.0067331537465474154,0.011193240601253132,0.02511673230582765,0.008055659864369439,0.007269109832100268,0.012623570569830943,0.030352775902008057,0.008031116727989653,0.0069818357636983325,0.012194745063895469,0.02875934841382418,0.006879723854814288,0.007291410125921484,0.01237577341093682,0.02985385224840898,0.007906906312614355,0.006927703437246225,0.011926721887837846,0.027938690753883007,0.006806046453735405,0.006660421326086571,0.01097678324070508,0.02424857606062268,0.006847531486528788,0.006675497519435768,0.011069098136402122,0.024655735775366096,0.007879359217743673,0.006963914714308539,0.012058526893924712,0.028608783143185375,0.008079338141379278,0.008109703455227057,0.01316160572984093,0.03271203205082811,0.007932395752396156,0.0076482914032131415,0.012873309697875309,0.031392234859268106,0.008048439185076816,0.007037655662710217,0.012279012306431582,0.029263721440972404,0.007875668102959324,0.007001794823357101,0.012114603855186616,0.02872263777535424,0.007951609113202508,0.006900097940245939,0.011785012067872134,0.027278642129821583,0.008100075061531271,0.007826122162121914,0.01304728751171515,0.032035413729996104,0.008037655562924767,0.0071053453584503795,0.012411636547441542,0.02972506932665904,0.008029295803300751,0.007024559892912187,0.012282074409217202,0.029227152994645993,0.007981230986420526,0.006927455664085503,0.011946218831861971,0.027906339369353744,0.008139767485645363,0.007993454384440133,0.013269988513466596,0.03301533922461793,0.007917846493031431,0.0068572614216247,0.011698525401995648,0.027091750673661187,0.006237332905175024,0.006575784040299037,0.010687911615075294,0.02324394481801769,0.00764642008208521,0.006804688274301291,0.011442481861824819,0.02606429318223162,0.008051318192983615,0.006979279778669309,0.012187512724478228,0.02891543505280845,0.007888342041355198,0.0068454030216485275,0.011547932815018015,0.026267073317069196,0.007952822159067981,0.006884222455556962,0.011764470069546392,0.02724585276053625,0.005812338413884517,0.006462991792616678,0.010415859760989998,0.022131236345015886,0.007939880924630324,0.006880821253573795,0.011824324305443498,0.027544702479429514,0.006767299903724978,0.006770537031135217,0.011397714979870233,0.02612322196175821,0.006741638088514636,0.006741013504828428,0.011270418073439117,0.025601710846763586,0.007718682677735151,0.006809954725392917,0.011468514742596518,0.026103288588921393,0.0068652684564139855,0.007107679016666394,0.012128281168562375,0.02910045010912161,0.002610725183256835,0.0026336250598112416,0.0025887688490486846,0.00262468140482773,0.002716790860960305,0.0026685019448062417,0.002647683179410543,0.002647577314620128,0.002590362135307081,0.0025817548786587928,0.0026023464794954544,0.0025782530556058567,0.0025998936897653245,0.0025774669819217015,0.00262408569788664,0.0026491666588408843,0.00264174037673395,0.002579471393697982,0.002601029982873715,0.0025813512016549453,0.002602392160764668,0.002634029414585384,0.0025741964455512634,0.002578595040387938,0.0025740618553031372,0.0026766204817994382,0.0026502325614971393,0.002607055456747568,0.0026654832909926377,0.0026172431169610272,0.002720826342754803,0.0,0.0,0.0,0.0,0.0,0.0,0.0,0.0,0.0,0.0,0.0,0.0,0.0,0.0,0.0,0.0,0.0,0.0,0.0,0.0,0.0,0.0,0.0,0.0,0.0,0.0,0.0,0.0,0.0,0.0,0.0
174,0.007847531732065519,0.006875924068211308,0.011748686092428639,0.027268504247067452,0.007068010876807537,0.006736911711753985,0.011203410017467096,0.02516809893117996,0.008060501970351111,0.007284883545051971,0.012645259718743867,0.030452617380508366,0.008033960308150958,0.006985104631916476,0.012202668690135962,0.02881390902649326,0.006884450971522938,0.007300853494612317,0.012389244988559402,0.029914077927520426,0.007910930697959912,0.00693283350549345,0.011940169759644254,0.02800139680027038,0.006892754340440156,0.006677814275752293,0.011036320924692058,0.024496002769449302,0.006915156603747078,0.006696084209551562,0.011135824022167212,0.024930365065322306,0.00787691903214053,0.006960927334650144,0.012049396370546495,0.02857421966291296,0.008081552907426268,0.008129895427841347,0.013172988248191481,0.032750098822467176,0.00794328429662741,0.007695009815797688,0.012912511560414846,0.031550283412039366,0.0080615387564412,0.007065614862908598,0.012343912516121058,0.029516026543443985,0.007877024048170839,0.007001027508768302,0.012112833515581806,0.0287354687475627,0.00796914514294072,0.006916967785938666,0.011857616510915638,0.027564272048020012,0.00810189402575791,0.007839181170331241,0.01305767991147404,0.0320828939732023,0.008036765923237793,0.0070983787239768115,0.012400930507396985,0.029695670792260452,0.008026802278008309,0.007018108812343909,0.012264360747181933,0.029173382052876187,0.007979275103019294,0.006924369949466731,0.011932767738925676,0.027860917663150388,0.00813899341784341,0.007987298622229454,0.013271232703178312,0.03300790324447223,0.007915685111492696,0.006856215358446282,0.011691451517523566,0.027059694370922125,0.00623417121259358,0.00657377498789437,0.010681919382672826,0.023217829149879868,0.007545390631939101,0.006793510389045948,0.011395353763580954,0.025879278219845724,0.00804984933116529,0.006977325107705329,0.012181351893456474,0.028895039810020423,0.007902626119340943,0.006850263260746998,0.011569450053531901,0.02635070716726403,0.007962126638782267,0.006892793871967162,0.01180343227101958,0.02739573821450484,0.005812712247050392,0.006463562820077248,0.01041592297262385,0.022126737698193868,0.00794913004012663,0.006890956623696236,0.011859960708995977,0.02770180800335846,0.00677456936019846,0.006770133878565035,0.011398156759813902,0.026093350832345343,0.006754195405106835,0.0067440355648683455,0.011279868395120393,0.025640075143585878,0.007731842879343681,0.006813862790919308,0.011479967488638275,0.026143495059508616,0.006869999452695206,0.00710768342339189,0.012130532409015335,0.029119894622330045,0.002610693669400757,0.0026335348659582754,0.002582499858926481,0.002624518255714633,0.0027062982454889827,0.002668071938559959,0.0026474227558908954,0.0026471980885558397,0.002590545014374235,0.0025762280874380658,0.002602635919528312,0.002571407159963398,0.0026000510956195933,0.002570696580942319,0.0026140541988973697,0.002639070857016917,0.0026317214350059025,0.0025723917926815136,0.0025931004521320463,0.002581509408157725,0.0026024362366481395,0.002624152032572603,0.0025675108826561923,0.0025790123049911078,0.0025681543615987466,0.0026760060166050965,0.0026498944311810187,0.0025999871185458543,0.0026651300502550466,0.0026166451194152614,0.0027204585277079097,0.0,0.0,0.0,0.0,0.0,0.0,0.0,0.0,0.0,0.0,0.0,0.0,0.0,0.0,0.0,0.0,0.0,0.0,0.0,0.0,0.0,0.0,0.0,0.0,0.0,0.0,0.0,0.0,0.0,0.0,0.0
175,0.007896916334630978,0.0069017399593778745,0.011834232167945307,0.027617613734778584,0.007152796151667989,0.006759582364707051,0.01127160754646462,0.025458144316797323,0.008080191065537493,0.007398238580921766,0.012766131618165779,0.030919510648617157,0.00804618436160323,0.007000354467291561,0.012250577464192766,0.029011064281108997,0.006882488665209114,0.007342700511465853,0.012450722391100033,0.030195216257358846,0.007924010722819445,0.006953895733472311,0.011995376055305363,0.028230241296817532,0.007014074544946446,0.006707974330097869,0.011137806665463023,0.02494936823609577,0.007060576198813331,0.006745952803010217,0.011308223595662158,0.02567206986590827,0.007897180705532884,0.006981942927652399,0.012107387369506195,0.028783649148931674,0.00809246119662544,0.008210012086295265,0.0132321581828975,0.03296214898037661,0.007958353158869771,0.00778144750823081,0.012979531518261062,0.0317905252630123,0.008085418161029503,0.007171617926972122,0.012507193342746947,0.030102716995982805,0.007894258633376207,0.007024614210854953,0.012169097806058356,0.028945908238172613,0.007987140399646138,0.00693806453766696,0.01194416919917005,0.027890516742645307,0.008112421604494898,0.007894585430823728,0.013110430050673649,0.03231671681351253,0.008042614964025014,0.007117632725575889,0.01243449455149064,0.029827916897946012,0.008028958805904351,0.0070227387051392896,0.012274864153623465,0.029223879696249882,0.007992776800719316,0.00694426805209552,0.01199954934380043,0.02814162276851942,0.00813966874296789,0.008005624754805502,0.013281152724212401,0.03305273846210334,0.007933495172033527,0.00687324875698679,0.011750164789442984,0.027302861257585267,0.0062731547273432876,0.006582037438232837,0.01070611148920936,0.023310218210226795,0.007568421202336795,0.006796630954325481,0.01140613219517389,0.025921506172579295,0.008066528101434108,0.006999556520201459,0.012249541425068377,0.029132689821585355,0.007944830222427311,0.006873286574682591,0.011677471635124365,0.0268007722150616,0.007983774830767577,0.006915258958725159,0.011903910028162856,0.027778788245852705,0.005798602693414798,0.006457510966093174,0.010399373420603712,0.022055762448242283,0.007963784512895998,0.006909688115569023,0.011925962155992977,0.027975090715138796,0.0067953111888737336,0.006787084796289801,0.011448077837066431,0.026334980476449065,0.006767000689084579,0.006749547232701272,0.011296095827497337,0.0257159285668322,0.0077414270111367655,0.006816626723273306,0.01148962065949407,0.026195060117968468,0.006872603073988583,0.007101437386042585,0.012122062999779401,0.029089747592800683,0.0026113143674667003,0.00263382046025179,0.0025860990985572337,0.002625009562412319,0.002710241094833478,0.0026679293197729124,0.0026476515245568897,0.002647372758407481,0.0025910708123555713,0.0025792485648024567,0.0026035465142571278,0.0025747367224356814,0.002600343352680152,0.002573947736609859,0.0026176845559634622,0.002642752033211985,0.002635314783268789,0.002575769521594182,0.002596686509091407,0.0025821614568426626,0.002602860313605883,0.002627790027036301,0.002570566403617887,0.0025802176716900427,0.002571009664081458,0.002676282107405579,0.0026501773221676425,0.0026030264630639496,0.0026653432148668814,0.002617010833716303,0.002720649225977028,0.0,0.0,0.0,0.0,0.0,0.0,0.0,0.0,0.0,0.0,0.0,0.0,0.0,0.0,0.0,0.0,0.0,0.0,0.0,0.0,0.0,0.0,0.0,0.0,0.0,0.0,0.0,0.0,0.0,0.0,0.0
176,0.00791709859885097,0.006909966931487156,0.01186977696044841,0.027698516935482326,0.007190262897347987,0.006761689138241873,0.011280714035896203,0.02544912977835488,0.008077285024718418,0.007460242540360746,0.012810249957225068,0.03099889939122938,0.008058193938893513,0.007018807785304041,0.012306874720456312,0.029180242979555043,0.006874323515135351,0.007349133097199143,0.012441464681103603,0.030089293351394316,0.007912360551250174,0.0069477134412558065,0.011970396412195931,0.028065355824758303,0.007043647192449845,0.006709035037371421,0.011145566372549903,0.02493188526458504,0.007065720362672079,0.006744735604132513,0.011306135652152967,0.025630986580625528,0.007911133464389557,0.006996727073607982,0.012142945912571142,0.028890954098235472,0.008100865371509499,0.008284011950840728,0.013288628153756463,0.03315007066321601,0.007979924812628667,0.007926739259374937,0.013073991025358995,0.03211088562964408,0.00808079985164044,0.0071511309104728285,0.012482500965513215,0.029997775851828747,0.007898439199355076,0.00703000413648049,0.012179420773673242,0.02897396978934355,0.00799756631196894,0.0069545006865542654,0.011999888238271273,0.02809142324165294,0.008111130862599245,0.00787927627951871,0.013107865457874242,0.03229904046755375,0.008039255685116669,0.007120995879762393,0.012436157963356252,0.029805036399809262,0.008031119833145771,0.007034325042338859,0.01230021614545534,0.029281505964620782,0.007995080062534047,0.006968442434768353,0.012069094552620304,0.02831704065283712,0.008138709394496534,0.008046816996216413,0.013313399142385446,0.03315759952020047,0.007941570390241088,0.006892001208134772,0.011802782678618309,0.02745948415303553,0.006260677897709955,0.006582192757562738,0.01069643019508262,0.023219458782442717,0.007523142973818429,0.006797003321262724,0.011394120467620172,0.025863623318285775,0.008071342690529518,0.007010307775134814,0.01227586521401639,0.029215173105640938,0.00795907328822973,0.006889251526212084,0.011737021370207346,0.02700392675079384,0.007990221605885792,0.006927065173632284,0.011942764750897212,0.027909339718526945,0.005818712325266044,0.006462336662735486,0.010413406103567524,0.022116647346800355,0.007968882674143085,0.006924145623029108,0.011971047459116833,0.02811555976081313,0.006804015819530024,0.006792309361227658,0.011461919156703818,0.026397936698394086,0.006775017248690578,0.006752678302766383,0.011303847233317862,0.025745101587728726,0.007745126536595277,0.0068189781164881644,0.011494589110213645,0.02621100521333672,0.006876850523622582,0.007099036184563761,0.012120515330774517,0.029092287972574796,0.0026122510366317266,0.002634565195860293,0.002589491632258794,0.002624893658978334,0.0027126659155937744,0.0026673581769513354,0.0026474806455964667,0.0026478034580744627,0.0025925274870442203,0.0025832152412513703,0.002604512770643166,0.002578622783866712,0.0026009855464525005,0.002577786600031951,0.002620988540530073,0.0026458254822317034,0.0026383756408720465,0.0025802163077164103,0.002600853586291885,0.0025831164107414893,0.0026034971500024295,0.0026306695317665496,0.0025741698169961446,0.002581148627205673,0.0025748119093075956,0.002676299740867893,0.0026497579151237554,0.002606586363561024,0.0026652630316143537,0.0026170345798344715,0.002720298498977918,0.0,0.0,0.0,0.0,0.0,0.0,0.0,0.0,0.0,0.0,0.0,0.0,0.0,0.0,0.0,0.0,0.0,0.0,0.0,0.0,0.0,0.0,0.0,0.0,0.0,0.0,0.0,0.0,0.0,0.0,0.0
177,0.00792289013936794,0.0069156596826070935,0.011892679572563923,0.027775462046760614,0.007182063319727615,0.006761253493131602,0.011279631849022358,0.02541897874909641,0.008073415557653358,0.007447541600937504,0.012786841700781332,0.030912284977723657,0.00804486595727228,0.007002612114405294,0.012257383884084613,0.028991462096216055,0.006864849003541243,0.007318057041421449,0.012392504590493998,0.029946070576972544,0.007903567674139415,0.0069417603935240085,0.011952938680514422,0.027964710418231432,0.007021920611338633,0.0067057682015814815,0.011138533218959173,0.024905909482206036,0.007023871849504273,0.006731238133403085,0.011261668147117213,0.025456292361093327,0.00790949112667429,0.006995474779709225,0.012141317341489783,0.02889153113264037,0.00809676639838739,0.008271438682449875,0.013266005005100445,0.03305519490728832,0.007994519668742116,0.00802364812065659,0.013127774012500787,0.03231313920713871,0.008071688246183505,0.007120652356724795,0.012434147605017532,0.029803707818387697,0.007897635911798857,0.007033207873224501,0.012186398679344805,0.029001797392118854,0.00799947101356642,0.006960659584300943,0.012019304930851626,0.02815798490509459,0.008108669201322824,0.00788063172052753,0.013107249628751117,0.032287013979314716,0.008028718919119635,0.007095142055651881,0.012389573050580244,0.029634845437756456,0.00802789451962276,0.007032393039429907,0.01229120596065718,0.029241459869633724,0.008005489257156564,0.006987654619200962,0.012133088111757851,0.02854817993981796,0.008138619577480905,0.008089907703220154,0.013311132369399592,0.03321749903145376,0.007935136223055306,0.006887503196706931,0.011782706349097534,0.02737272907080396,0.006215466076778815,0.006574271169464185,0.010670979765589842,0.023096984626620635,0.007553591979039539,0.006798770045040816,0.0114054715210178,0.025916931332768164,0.00807991357185158,0.007020287968800148,0.012305909823839086,0.0293340651951732,0.007968873322972957,0.006896159494399634,0.011774755363059908,0.027155975025073685,0.007996314623123075,0.006938536099277333,0.011985105347176606,0.02805703258446753,0.005831960018765411,0.006472124543221266,0.010439570079582619,0.022217537759418475,0.00797309369247705,0.006931725490639808,0.012003451139520735,0.028235494878811305,0.006775084308703197,0.006782417120159757,0.011429266453026277,0.0262550464812125,0.006749898103231151,0.006748855771460096,0.011291868820830556,0.02568003666730992,0.0077070178969787136,0.006809600156446118,0.01146226568559374,0.026091025310625113,0.006865789297890995,0.007107806940488033,0.012133348347399698,0.02914169999691012,0.002612713508511299,0.002634810846054948,0.002592941160421489,0.0026252379368751147,0.002716629988304187,0.002667262582365011,0.0026477591534741418,0.002648191004141586,0.002593059326752967,0.00258700951362894,0.002605280430224331,0.0025818377670381674,0.0026009241949361784,0.0025816928556139864,0.0026265641223020162,0.0026493000955231955,0.002641919644172842,0.0025841923265312013,0.002605666143687163,0.0025837630443977114,0.0026038242118176357,0.0026349810557496213,0.0025778580368388485,0.002582231379200139,0.0025783414156483266,0.0026764620145670512,0.002650674495421353,0.0026096819097211916,0.0026651499467012234,0.0026172094584740392,0.0027200748317085474,0.0,0.0,0.0,0.0,0.0,0.0,0.0,0.0,0.0,0.0,0.0,0.0,0.0,0.0,0.0,0.0,0.0,0.0,0.0,0.0,0.0,0.0,0.0,0.0,0.0,0.0,0.0,0.0,0.0,0.0,0.0
178,0.007916096284760336,0.0069069895380362714,0.011866123785005418,0.027657676870235293,0.0072235457176027165,0.006763232611335533,0.011293030792844844,0.02546961656326427,0.00807416237789048,0.007514727288232672,0.012834931424368638,0.031068299474971715,0.00803973838213564,0.0069974540659170584,0.012239971605273032,0.028930861111792334,0.006847568714266845,0.007284580813247195,0.01229747954080887,0.029348898941466504,0.007877942506780125,0.006927235255920264,0.011907539883906268,0.027531181077916196,0.007026437608584557,0.0066848444222943025,0.011086830754015248,0.024518989712048248,0.006997598189380095,0.006701519926988779,0.011177544547001438,0.024942882156563893,0.00792486069773336,0.007018954911019885,0.01220209687024437,0.029102532132864165,0.008090559968882737,0.008264861542917556,0.013257291207801636,0.03299105220699409,0.007998838532872237,0.008045810160827368,0.013140306238531463,0.03236228512833373,0.008066752294156558,0.007108370467014513,0.01240941469039208,0.029715193011733143,0.007913948172122624,0.007050937134344379,0.012230964833916553,0.029179793645897727,0.008000208379899775,0.0069580952187172085,0.012018683798121658,0.02816870954124703,0.008107034060116397,0.00787190891872567,0.013104860733153992,0.032271991192968266,0.008027480608420502,0.007105774520935541,0.012404260223551088,0.029681601877086194,0.008032455315865727,0.007041758829466619,0.012316841746950151,0.0293382963011765,0.007974449615114933,0.00696652732552052,0.012072520299601083,0.028038732085833826,0.008141909368428941,0.008251512244861542,0.013334757138632511,0.03349666509769515,0.007950409252655288,0.006912599870686894,0.011874734738986082,0.027696007468415686,0.006256471798430686,0.006581121851875446,0.01069114903794478,0.023156286931084083,0.0077347988600281106,0.006819771023786002,0.011495166880011955,0.02627484250051341,0.008094111764675338,0.007057251007710347,0.012375389743631834,0.029584407236139382,0.007974408292686506,0.006897370526632962,0.011784627676470616,0.027223798573434193,0.007998310488026033,0.006938493512746898,0.011991604123716195,0.02808830503473563,0.005838119641494882,0.006470996030265938,0.010436981849843933,0.022187732038304625,0.007975562213379549,0.006942483094880849,0.012036242360202391,0.02834303042436721,0.006788724038190823,0.006790342557020256,0.011454665184689758,0.026358528491409693,0.006752133422033498,0.006746139187849764,0.011283755624938364,0.025644147715552346,0.007664387856652119,0.006798856184714527,0.01142572823229203,0.025964789951875827,0.006866702638002497,0.007116963625499784,0.012147607834749928,0.029192200277407057,0.0026138698371808177,0.0026359409601752577,0.0025856265930125745,0.0026258966952654485,0.0026998708413593945,0.002665581742133356,0.0026472587646290155,0.0026476138414312862,0.00259378380595497,0.002581115074238527,0.002606122859832232,0.0025749391519426044,0.002601775312186519,0.0025743140791543756,0.002615480989970314,0.0026398602364816853,0.0026330895150141194,0.0025733719159626595,0.0025975110202146588,0.0025846888876398695,0.002604756271769335,0.002625467298980592,0.002570745323559419,0.0025834845403784985,0.0025722448588000302,0.002676929064857918,0.002650859396115102,0.0026023941378076425,0.0026654924339252284,0.0026178189252418454,0.002719920429300818,0.0,0.0,0.0,0.0,0.0,0.0,0.0,0.0,0.0,0.0,0.0,0.0,0.0,0.0,0.0,0.0,0.0,0.0,0.0,0.0,0.0,0.0,0.0,0.0,0.0,0.0,0.0,0.0,0.0,0.0,0.0
179,0.0079222889657272,0.006914967823072052,0.011890972929871338,0.02773418184761695,0.007257006446842789,0.006767636086728795,0.011309973402167887,0.02551705282385987,0.008069328267165436,0.007523151403135248,0.012827782660266612,0.031033522397819518,0.008025897066219752,0.006986338005800275,0.012197402779275286,0.02875697306309676,0.00684617787058042,0.007279783681607039,0.012287006828868671,0.029297376726677746,0.007890216137432522,0.006944892945434131,0.011958399891312733,0.027713349866739338,0.007076159526145224,0.006692267186255469,0.011118263812918035,0.024648143465588683,0.0070030452183374794,0.006704155313034399,0.011186440627564341,0.02497708105704661,0.007933854982925105,0.007030522656265822,0.01223381927001814,0.029200495242498455,0.008089353768279371,0.008295895085337216,0.013273909241715946,0.03303617408475148,0.007992673623120403,0.008028334513974824,0.013123286624790292,0.032259406023321835,0.008052411997377997,0.00707634667988086,0.012350199334537905,0.029473067890138767,0.007922028123563813,0.007073666046894341,0.012278177927076642,0.029317528586006766,0.00800253433540767,0.006962025817974183,0.012037132285122994,0.028233005954555062,0.008104942791861238,0.007903689099534213,0.013113498439898605,0.03231963865737755,0.008027352489711875,0.007121134710583756,0.012426337777605528,0.029759432313901615,0.008039709055415055,0.007066678685088477,0.012372078512746293,0.029517129986068025,0.007974966122194916,0.006972204929957988,0.012088122771875494,0.02807787777468959,0.008139512639816538,0.008306612612160525,0.013335900173405222,0.03355133637363108,0.00796324276657806,0.006931471377586592,0.011940375509437412,0.027972343024645626,0.006323828642527222,0.006589099321531106,0.010719733977070618,0.02326399663917571,0.007825481939983283,0.006834441333559101,0.011570854278932216,0.0265914293512652,0.008102796656557184,0.007093974279402604,0.01242902671672083,0.02977091993956693,0.007982391469662651,0.00690377945352103,0.011810937844346562,0.027340474565532787,0.008001696569559725,0.00694754589648735,0.012023167190131152,0.02819820680453944,0.00587237455591059,0.006476416445489247,0.0104557053502089,0.02225781428405988,0.007976886830879538,0.006951280874667449,0.012064539801016393,0.028424441237445294,0.006799540986069553,0.006794305413686498,0.011471503972469948,0.026425847710709553,0.006745785428322806,0.006739297589385218,0.011264660677095698,0.025553929509712928,0.007677357103759046,0.006798369380087576,0.011428696179497804,0.025970080017390828,0.006861564381932655,0.007130083619636373,0.012164365801148344,0.0292287875741041,0.0026142922305681607,0.0026361476175291395,0.0025886910148039234,0.002625953947444196,0.002702951353244147,0.002666613484383084,0.0026476465673284655,0.002647686576695228,0.002594845566880628,0.0025838573993332706,0.002606829663712375,0.0025775889751190138,0.0026019270546461587,0.002576916299022261,0.0026187138721610196,0.0026438277331528727,0.0026363181131292706,0.0025756906139974096,0.002600857723892888,0.002585464079178289,0.0026057424062896012,0.0026293569490199523,0.002573273741441464,0.0025843400226003193,0.0025749417391104264,0.00267730624407746,0.002650680844637507,0.002604800230889209,0.002665794174000442,0.002617733041157129,0.002719176648772762,0.0,0.0,0.0,0.0,0.0,0.0,0.0,0.0,0.0,0.0,0.0,0.0,0.0,0.0,0.0,0.0,0.0,0.0,0.0,0.0,0.0,0.0,0.0,0.0,0.0,0.0,0.0,0.0,0.0,0.0,0.0
180,0.007938975774533511,0.00692895877217414,0.011946476742924757,0.02793797109443495,0.0073470115483152375,0.006782859418342913,0.01136531696599462,0.025728100935096976,0.008071694451053105,0.007612189491069542,0.012889507977543064,0.031247723671734326,0.008028726512116061,0.006990701497117775,0.01221292969078939,0.028813753355309463,0.006845246607640826,0.007298264761519324,0.012305499883774263,0.02935947913338488,0.00789753290461369,0.0069617448241005445,0.012001670258695796,0.027860867926879994,0.007117240777738156,0.006702154116316705,0.011154508760921212,0.024791905331508487,0.007049811766458511,0.006719754170282804,0.011242743782366837,0.025204001624416616,0.007942486472463123,0.00705541770835594,0.012291501098364205,0.029382074937839904,0.00809197317946854,0.008330885443926902,0.01329439989576503,0.03311354529173223,0.007986925254909088,0.00800157378633852,0.013097805390088835,0.032143400240121106,0.008062653521528417,0.0071415650114710376,0.012451355088193145,0.02979291591113114,0.007932244557669008,0.00710368651207074,0.012337387785296475,0.02950052140736548,0.007998203520558038,0.006957988618016073,0.012020149220788305,0.02815647044266207,0.008107840836742004,0.00796549297414952,0.0131458757872344,0.032446679061895405,0.008035940808175575,0.0071886237842384605,0.012515171247643477,0.030051556349210903,0.00804830823699629,0.007101055430178596,0.012429691378493174,0.029705714942635762,0.008020366629954206,0.0070272559509125575,0.01224127532128361,0.02891381819428548,0.008144671626203925,0.008398127648199319,0.013350668434572761,0.03374393668372545,0.007969795917370013,0.006942499239471438,0.011980518409525655,0.028130822703987028,0.006386019055671548,0.006602209593340918,0.010759534122973011,0.02342086467402693,0.00790484198475746,0.006857692413869026,0.01167460677911451,0.026991870630935604,0.008117050385650089,0.007175367744444572,0.012522012545352712,0.03008890521747136,0.007986136047474158,0.006905873571255539,0.011815185175349246,0.027390830373734666,0.007997314191770846,0.00693778320315143,0.011988426830303914,0.028074857553306333,0.005879196325823069,0.006474420995035036,0.010452145610955275,0.022241201128421446,0.007978603584218636,0.006961568542977072,0.012094407609586622,0.028526969357513428,0.006812836072584861,0.006804355944896942,0.011501863594082215,0.026541302669629473,0.006750123176859079,0.00673812347403328,0.011261625083890534,0.02552584568683486,0.007689232663727228,0.006798265446143816,0.011430881715419516,0.02595829250280113,0.0068586008847656985,0.007129581577098613,0.012160207418020697,0.02920992200882258,0.002614884659250653,0.002635834215317366,0.002591471117848997,0.0026260493391458846,0.002706102535419153,0.0026661943367253874,0.002647282557592959,0.002647411663177153,0.0025951580302882244,0.0025872468772150004,0.0026071404485210545,0.002580853577696031,0.002602629612272164,0.0025799516727799047,0.0026214714240473213,0.0026466974231270147,0.002639571681879762,0.0025829756942275755,0.0026043094321624,0.002585875346347569,0.002605886898247055,0.0026324385039785464,0.002576421493569231,0.0025848329425504214,0.0025783085811816914,0.002676916751981311,0.002650362147174474,0.002607763418436682,0.0026653891518513243,0.0026174354801763527,0.0027192194027241797,0.0,0.0,0.0,0.0,0.0,0.0,0.0,0.0,0.0,0.0,0.0,0.0,0.0,0.0,0.0,0.0,0.0,0.0,0.0,0.0,0.0,0.0,0.0,0.0,0.0,0.0,0.0,0.0,0.0,0.0,0.0
181,0.007955513994728951,0.006946990404060876,0.012021961059816295,0.02822215083198575,0.007436311534646651,0.0067898827365716645,0.01140375180956724,0.025894429164206062,0.00806910125213774,0.00758581888742869,0.01286776352544106,0.031172704872447762,0.008038854280167823,0.007001529774437972,0.012251140254797115,0.028954014480121564,0.006834231868457161,0.0072919371904117646,0.012296877627402595,0.029332620608715585,0.007900252081707852,0.006972999312008962,0.01202986153125362,0.027958834545267243,0.007074829876535609,0.006693502688405444,0.011124443177480615,0.02467353288009183,0.007020224186274996,0.0067121920568013315,0.011217293598280264,0.025104532838643726,0.00795013507108435,0.00707927063456599,0.012345966906869446,0.029562625157008773,0.008085696243122342,0.008308599439848664,0.013268371937487353,0.03302009106713346,0.007999273694988105,0.008127939809016325,0.013169254722043004,0.03238858098256221,0.00804357614986068,0.007065103229303206,0.012324850265671525,0.029354016937134624,0.007933146977873187,0.0071185289759324935,0.01235956601868942,0.029565801921872345,0.00795300329512598,0.006912895583945067,0.011890489501169796,0.0273363671906098,0.008109321223503902,0.00802538032801517,0.013167165998902601,0.03252667633425307,0.00804811075014709,0.007264417908654227,0.01259630660794972,0.0303266531563676,0.008055024059688354,0.007129888594449846,0.01247430587413669,0.02985454114006365,0.007992437055792096,0.00700817434741096,0.012185421982795298,0.02841362915110531,0.008145689580675746,0.008414177150329355,0.013344676533546195,0.03377052059127335,0.007972070865423952,0.006947497200833709,0.011999867392890762,0.02820819113808308,0.006453258965681545,0.00661845369675893,0.010813504898857898,0.02364583682284936,0.007939721516110804,0.006877676966253881,0.011766943102151085,0.027354103274205455,0.008119894138956188,0.007181780951510463,0.012526493613484648,0.030105413177451877,0.00798626638882079,0.006902827750125861,0.011808765266306774,0.027377309029714525,0.007992036028608233,0.00693040377272321,0.01195893352783442,0.02796378744682662,0.0058507599009282076,0.006465179790682639,0.010428545573431161,0.022139337408778673,0.007985767154629939,0.006983225029698574,0.012159515672491362,0.028768308815585765,0.006766620526220659,0.006758022726343557,0.011377023370348481,0.025802972475139744,0.006699880062522392,0.006699993306000627,0.011158668852110018,0.02487185863760621,0.007683819036910382,0.006779654651071493,0.011386302496688514,0.025636700849127902,0.0068175938728883305,0.00707818828716575,0.012034117896398024,0.0284533101497126,0.0026153857283821437,0.002636312550257036,0.002594553811378666,0.002626462113127532,0.002710471453779663,0.0026667229849527668,0.0026475924185246375,0.0026476868560345096,0.002595369937431854,0.0025900831905624304,0.002607518154935764,0.0025842513731753752,0.0026026685262138783,0.0025770725976834653,0.002627303823557105,0.002650739017390005,0.002643655959455686,0.0025820845178839433,0.00260813281664676,0.002586187178840123,0.0026062965656796673,0.002636557715524404,0.0025791255602752314,0.0025849578290960433,0.0025813934168739646,0.002677646733002935,0.0026510603450582266,0.002609373449980334,0.002659505555043089,0.0026112480620079496,0.0027194330830132814,0.0,0.0,0.0,0.0,0.0,0.0,0.0,0.0,0.0,0.0,0.0,0.0,0.0,0.0,0.0,0.0,0.0,0.0,0.0,0.0,0.0,0.0,0.0,0.0,0.0,0.0,0.0,0.0,0.0,0.0,0.0
182,0.007953388248725046,0.006944765566661916,0.012011731018300538,0.0281837720608522,0.007437070118538801,0.0067878028243814085,0.01139881789246171,0.025877171396947837,0.008067049731901591,0.007575120349180004,0.01285744083762901,0.031137828084085505,0.008027880245121615,0.006990547431065372,0.012213534976080347,0.02881572569545998,0.006848854430527914,0.007277190532574178,0.012280551309214021,0.029283455538146326,0.007899989447148006,0.006970892181563005,0.012024984122734889,0.0279418818832491,0.00707747377390345,0.006693732190846855,0.0111237921912806,0.024671465664836467,0.007015594556215064,0.0067096196783299825,0.011206759776199898,0.02506148050196937,0.007952076645706428,0.0070877629327964035,0.012363905772686302,0.029623243012173985,0.00807182770974591,0.008241964412475924,0.013218432662334127,0.03283057472533276,0.007999622436427923,0.008170326932016048,0.013193788715003277,0.032452232754520666,0.008049632227800608,0.00709502222022178,0.012374016684787922,0.02950716731223642,0.007932242274085698,0.00712254685443164,0.012363959441754283,0.02956073232760765,0.007954002789521405,0.006916706585604018,0.011904650176802284,0.02738066669300638,0.008108205891140948,0.008042089663991704,0.013170357079223993,0.03253432818342912,0.008050830853580397,0.007285224737396731,0.012617392611280623,0.03039280547703102,0.008060040406008842,0.007163122539111482,0.012515439666555552,0.029988514093668286,0.007988043981030412,0.007003521437419602,0.012174185322496771,0.028385577854417622,0.008142608357863249,0.008384306272770632,0.013341390136770638,0.033699232116436294,0.007971834667995566,0.006946937058966946,0.011996774050452177,0.02819692720287618,0.006508309376060274,0.006622256933240315,0.010831988207180164,0.023733841816801014,0.007952713482785256,0.0068885505241307295,0.01181525793671958,0.027540670242555673,0.008120850340532565,0.007200445158943811,0.01254937656578683,0.030176867786954067,0.007989616536572368,0.006904352450484563,0.01181799675268099,0.027418596990415295,0.007994444763060585,0.006934514687995206,0.011975652392995587,0.02802636509506436,0.0058508998127641655,0.006460350934704081,0.010416347981742171,0.02209532823743983,0.007986961905818933,0.006988547131708676,0.012173327581201722,0.028813297267089567,0.006764386855329619,0.006753091738765265,0.011362337477553233,0.025748179558825236,0.006710828525912361,0.006698265175630521,0.011155610326870378,0.024873042285374982,0.007703983588267999,0.006789706238095506,0.011416617900147086,0.025799867344501577,0.006815924338865623,0.007072514360294105,0.012023252216114267,0.028405913791947426,0.002615392420751931,0.0026364944904346196,0.002586974589948473,0.002626308576484125,0.002699780993687055,0.002666496341994556,0.002647386184124364,0.0026475320572121454,0.0025956668870361094,0.002583648484990559,0.0026074859544723094,0.0025765118263742256,0.002602846332331122,0.0025698673372169024,0.0026163772170492753,0.0026406058206968237,0.0026335490988921876,0.002574534911641721,0.00259952690034285,0.002586287117696989,0.002606538932771319,0.0026264629720870276,0.0025722334342514154,0.0025848915890203904,0.0025747123647842764,0.002677518557767331,0.002650881916564751,0.002601751847927096,0.0026601017571957573,0.002613614264671274,0.002719407371954116,0.0,0.0,0.0,0.0,0.0,0.0,0.0,0.0,0.0,0.0,0.0,0.0,0.0,0.0,0.0,0.0,0.0,0.0,0.0,0.0,0.0,0.0,0.0,0.0,0.0,0.0,0.0,0.0,0.0,0.0,0.0
183,0.007896925288774108,0.006889976462595892,0.011829609784339994,0.02722331629254766,0.007328447515405266,0.006748808972867835,0.011275767569815968,0.025159369836350174,0.008032497712407665,0.00755828823674925,0.012774142544201185,0.03051193176154578,0.007987273502274336,0.0069502077967278425,0.012090496615337268,0.028104136680208232,0.006854871819271039,0.00725964871980376,0.012262345452672782,0.02922354412713743,0.007894002030483823,0.006958554416916673,0.011993650352855526,0.027821004141896005,0.007068929055558785,0.006690051623358631,0.011110068469641483,0.024606449620799723,0.007005895057865142,0.006705182002063326,0.011189794049529043,0.024984571413694145,0.007944837318428403,0.007062149000929099,0.012308428947880399,0.02943163390024721,0.008076869073488605,0.00826823279803411,0.013242319434744668,0.03293794816649629,0.007992759310149498,0.008095893786489165,0.013146055855833096,0.032261717959939464,0.008049289017274032,0.007107685423688133,0.012393704024915205,0.02954175766484861,0.00792486574720774,0.007101488376665823,0.0123281928458134,0.029413311780651256,0.007950766687810982,0.006913200098254468,0.011888083758704761,0.02732233509855039,0.008102685492763821,0.008004877673159052,0.013153221467669719,0.03244284160718067,0.008039288674899212,0.007224615013838081,0.012552601240357222,0.030158639397411084,0.008051360053784623,0.007127160069966866,0.012468513405991467,0.029812606178649635,0.007979006804087935,0.006987298226243631,0.012129149198977986,0.02824024506366684,0.00814240947538674,0.008380984162359934,0.013345691924107738,0.033696494810955734,0.007969297004562382,0.006941668647685875,0.011978126569089432,0.028126896565734045,0.006438953924541646,0.006612265424678809,0.010795576324361737,0.023576563918598067,0.007942929369984192,0.0068804825946991175,0.011777870103691785,0.027393306231112354,0.008115546105046832,0.007177145242333867,0.012527051707178957,0.030090297559865208,0.007986064666171246,0.0069025850304546,0.011805622717877835,0.02736733654742592,0.007989579383917955,0.006928021358085182,0.011946263339661067,0.027913416951054502,0.005838525681315355,0.006456875498534298,0.010405628317408383,0.02205034607453921,0.007953174479365348,0.0069553680443288236,0.012077990548502546,0.028192552624089814,0.0067670971714622365,0.006754008308197883,0.011363284417724783,0.025758633651658466,0.006724598669749762,0.00670470590608482,0.011174004427070316,0.02495267642940935,0.007712642485848667,0.006800277742590253,0.011444357325024575,0.02598045716154749,0.006821461127130245,0.007072826613175887,0.01202433121782936,0.02841856077491452,0.002614110622504982,0.002627916287871031,0.0025803845569242166,0.0026158034149526225,0.002702890164377013,0.002666178777240777,0.002647014699197371,0.0026474209285727744,0.002595460803482246,0.0025851813208302623,0.0026071695172554038,0.0025782493855683554,0.0026028883799553344,0.0025719581827070214,0.0026185930077753895,0.0026434900585615884,0.002636391166322683,0.0025765378764401803,0.0026017698698109822,0.0025862557996741667,0.0026062949747593625,0.0026292635187203438,0.0025742388690020764,0.0025846518290047887,0.0025763664627766053,0.0026774595063449314,0.0026504705010633443,0.0026037907434993636,0.0026591571570896227,0.0026171486978907995,0.002718753829182559,0.0,0.0,0.0,0.0,0.0,0.0,0.0,0.0,0.0,0.0,0.0,0.0,0.0,0.0,0.0,0.0,0.0,0.0,0.0,0.0,0.0,0.0,0.0,0.0,0.0,0.0,0.0,0.0,0.0,0.0,0.0
184,0.00790527073161508,0.006897914407547977,0.011845247049990348,0.027392063968081217,0.0073000814492267165,0.006757879364104109,0.011291950679046852,0.0253053655584194,0.008050616107768485,0.007622717518274673,0.01284937168852369,0.03090763207173517,0.008004518307273957,0.0069674870483615045,0.01214194148253467,0.028406838694962702,0.006854711487444109,0.007263868672573852,0.012270873947363037,0.029254612663092257,0.0078961580268974,0.006956413751970134,0.011989561904167141,0.027818722428949547,0.007055031767272391,0.006689751525458759,0.011102619303272195,0.024577795431892698,0.007010922396176249,0.006704906686880171,0.011188008864965751,0.024983301165316413,0.007941544732317809,0.007054754184423973,0.012289594821587212,0.029358624081871103,0.008080427680517553,0.00830290714994853,0.013270973641217198,0.03302746655858462,0.007984938944889514,0.008060918721041657,0.013121798478115758,0.03212814354385864,0.008058986987941701,0.0071439150616019525,0.01244792723477244,0.029734044185485423,0.007918546369506826,0.007088275636105625,0.012298731801206267,0.02927603375436896,0.007951923559101305,0.006914133501426109,0.011890265177011056,0.02733459082984328,0.008102970005635106,0.00799263229596816,0.013146659981847273,0.032403222820668126,0.008034974759118615,0.007193110512106105,0.012517184250357905,0.030029795692077532,0.00804937624483858,0.00711509161612697,0.012450383068131753,0.029745448592625404,0.007974065288112637,0.006973190934085678,0.012091261302618509,0.028098494925256626,0.008140540306676432,0.008361183916723748,0.013349480752684707,0.033661573590531194,0.007966743656157647,0.006936595464856418,0.011959341748459966,0.028053495572664643,0.006410446626224706,0.006605133433073011,0.010771993588601177,0.023478725747217665,0.007933828454224344,0.006873416039493221,0.01174563951359655,0.027264119498424277,0.008113885535660769,0.007169124443920211,0.012521142412852074,0.0300653621477835,0.007986796725202088,0.006905205751774139,0.011812289959251791,0.027387257571866445,0.00799184404881344,0.006929781304821194,0.01195414791480086,0.027944720132892314,0.00585451361655456,0.006459660856874927,0.010414040745058369,0.02208417670957496,0.007967933386939744,0.006965362649201343,0.012107191987383295,0.02842161619610417,0.00677243410741259,0.00675336782152545,0.011361601202002901,0.025740134839583387,0.0067148714393934425,0.006701285369317949,0.011160019105389794,0.02487982047405355,0.007731571807912497,0.006803877248964887,0.01145751389228406,0.026024335263359344,0.006821244027262354,0.0070710756237107745,0.012017224663881295,0.028376864675490256,0.0026151006024628743,0.0026326053887172573,0.002590598136440552,0.002621474534145212,0.002706262563555309,0.0026662068892795415,0.002646952851359405,0.0026474676729168747,0.0025951950951653194,0.0025876244307030316,0.0026066285735228682,0.0025810598976632867,0.0026027074379514677,0.0025742873734193056,0.0026215073182669617,0.002646449577107587,0.002639362364858297,0.0025795883065744436,0.002604897234304281,0.002586197228614727,0.0026062828373134782,0.0026321067844939138,0.0025771669814421633,0.00258427659995858,0.0025788079968118785,0.0026776424783223813,0.0026506147477596076,0.002607007004603066,0.002659575689860869,0.0026174133604487245,0.002719160833385406,0.0,0.0,0.0,0.0,0.0,0.0,0.0,0.0,0.0,0.0,0.0,0.0,0.0,0.0,0.0,0.0,0.0,0.0,0.0,0.0,0.0,0.0,0.0,0.0,0.0,0.0,0.0,0.0,0.0,0.0,0.0
185,0.007929370132925363,0.006920931175966913,0.011914511862538085,0.027821045858382683,0.007312209532429196,0.006775552971306579,0.01134245972194006,0.025648330229591267,0.008076638291905162,0.00767302231307373,0.012932589557784813,0.03139998840787001,0.00803198112623855,0.006991079446769551,0.012219046099640633,0.02884200480470974,0.006858022997619562,0.007292277620814997,0.012331589854436085,0.02961677883290155,0.007929591337042479,0.0069890927326802955,0.012083158904159749,0.028419793478051826,0.007078417255647215,0.006706545243014328,0.011152954659307967,0.024887987589041424,0.007047728075950692,0.006731507790027037,0.011271559241355743,0.025429322017065,0.007944325130839352,0.007057713002989805,0.01229983549473971,0.02943113755505948,0.008089053511788796,0.008322178502656978,0.013289282528640409,0.033162981520092324,0.007983124116305772,0.008003072499354091,0.01309490682002409,0.0321093119519433,0.008075659527882128,0.00719512456730172,0.012520830774119649,0.030060202297977477,0.007923057427905748,0.007092536827717878,0.012312881141923374,0.029380797603991107,0.007976209095353013,0.006939915790008531,0.011971593093489896,0.027779091479095373,0.008106760489297399,0.00799508120227305,0.013157332068792212,0.03244888899448129,0.008038230281892272,0.007182258873828748,0.012508489363989388,0.03002444470830183,0.008054744184291626,0.007118279078063051,0.01246231086239781,0.029818751378067342,0.00797553519657993,0.0069747844457636035,0.01209631904483609,0.028108307137451022,0.008142622684245721,0.00836495358345113,0.01334395829147425,0.03367034852700851,0.00796831635521528,0.006938171061863763,0.011968413605411477,0.02809451610066622,0.006352594549659858,0.006598226287862781,0.01074872338276565,0.023381167868057433,0.007932037980396517,0.00687066559713991,0.0117380608449556,0.02724145820964957,0.008115422864718233,0.007166974166752822,0.012519960979846723,0.030067612595245378,0.007993703790102951,0.0069104823261276075,0.011841022667739318,0.02750233281446344,0.007996852086589132,0.006941365422430569,0.011996516609842408,0.028097522182237617,0.005829737377069249,0.0064619904909089376,0.01041608118400851,0.022079824895119417,0.007991481162491237,0.0069894327597437595,0.012177604985620736,0.028838116237078572,0.006762794035548955,0.006761695281638617,0.011383266553867136,0.02582180410587629,0.006703581896085279,0.006701590293575848,0.011162296058503895,0.024893877256010968,0.007759360894176307,0.006811923563207944,0.011487755946421988,0.026163757399763905,0.006812172325599487,0.007076209229746672,0.012023686967862516,0.02840373348308416,0.002614432019320226,0.002636026427349068,0.002594920399211619,0.0026261782117977866,0.0027168408123825656,0.0026673356545688404,0.0026478883851477975,0.002648341532280006,0.0025945495656691012,0.002589759909979315,0.0026061813189601135,0.0025835133050330036,0.0026026413958479193,0.002582862290847497,0.002627110476881266,0.0026500451614993627,0.0026426393482138354,0.0025819135102434004,0.0026082555826057157,0.0025859839522625857,0.002605699690509763,0.002635494096991808,0.002579916102678943,0.002583758091095981,0.002581139208781782,0.0026780325653280044,0.002650943151204743,0.0026097227021512183,0.002659821077621424,0.0026177953929249036,0.0027194981489395064,0.0,0.0,0.0,0.0,0.0,0.0,0.0,0.0,0.0,0.0,0.0,0.0,0.0,0.0,0.0,0.0,0.0,0.0,0.0,0.0,0.0,0.0,0.0,0.0,0.0,0.0,0.0,0.0,0.0,0.0,0.0
186,0.007946561880077066,0.006936274904605042,0.011968230933790725,0.028045596004053854,0.007351502167479861,0.006786482458036963,0.011375465891911104,0.025798630628765213,0.008087815199479905,0.007696496762392979,0.012960733755245701,0.03153209453857842,0.008059792209190888,0.007021324353725888,0.012316032206315643,0.02920016952880504,0.006867964723748454,0.00735870129439748,0.01244449027811787,0.03017720367537296,0.007948024407401362,0.0070040003538015955,0.012126957258283803,0.02869137801250259,0.007143246253670712,0.006734219553022212,0.01123601661331854,0.02533443498361214,0.007124728961527451,0.006770849734938492,0.011394951922940195,0.026038077118127216,0.007948442652476224,0.007068319968362517,0.012323547039297778,0.029524478251866673,0.008100613502826133,0.008371787229322414,0.013343977771689325,0.03343259839029451,0.007975090326966226,0.007929916551959132,0.013066569326440064,0.03203006921328038,0.008086404497475833,0.007234678300684602,0.012577623067721786,0.03029165300395092,0.007933473496731517,0.007118272918382136,0.012362508786932166,0.02957778645635364,0.008010763721263739,0.0069818391334730955,0.012099175170628182,0.02844273681471423,0.008117513226040264,0.008008380460986968,0.013177573578633908,0.032567524813175444,0.008046111750356605,0.007188999025844987,0.012526117319212795,0.03011099336437661,0.008060003932730089,0.007126746412622073,0.012482489142583443,0.029898403853643833,0.007991043568701374,0.007003230664869669,0.012174198404558785,0.028392665581574904,0.008152002098691293,0.008391561614994872,0.013367503973875,0.03385863245029532,0.007973047692013908,0.006948689748100435,0.012000196848231708,0.028213798582758534,0.0063913635137800955,0.006611202870056837,0.010785902397443765,0.023567724953985625,0.007936290586399912,0.0068772988601957736,0.011757136679163355,0.02731243105781267,0.008117963298082783,0.007186888584542168,0.012548230394111771,0.030154164986239598,0.008005186943647718,0.006919668003743076,0.01188573932953161,0.027696357958270138,0.008001036782667689,0.006945561517106587,0.012016741899378406,0.02817903016206043,0.005847791810194348,0.006467579303021054,0.010430185954569638,0.022134970600244528,0.007993257904074597,0.006980301551431465,0.012155034401279475,0.02878837332340553,0.006781606260505819,0.006776848748608271,0.011425946484814441,0.02599651765946988,0.006712874648413724,0.006709135736520664,0.011180245163951684,0.024994229913207773,0.007773328513827393,0.006823304927291584,0.011517909816765839,0.02631166148292971,0.00681525167727016,0.007078618300623977,0.012027469956533773,0.02841581249570102,0.0026133824499246275,0.002634668645890567,0.002586796031862563,0.0026254575931680194,0.002705663580260439,0.0026670879728322707,0.0026472107728152706,0.0026475263482186196,0.0025935442009766673,0.002582604138276673,0.0026051244091713794,0.002575341156908783,0.002601988173864738,0.0025750051466174395,0.0026153592053086124,0.002638916061719312,0.0026315147605485787,0.002573314044944319,0.002598869435308348,0.002585396116748927,0.002605004976919312,0.002624407328621215,0.0025722967342990018,0.0025829415495368787,0.0025737982247662798,0.0026775307350036647,0.0026504830187849015,0.0026021532905063614,0.002661688474551644,0.0026172274277579013,0.0027191773730104157,0.0,0.0,0.0,0.0,0.0,0.0,0.0,0.0,0.0,0.0,0.0,0.0,0.0,0.0,0.0,0.0,0.0,0.0,0.0,0.0,0.0,0.0,0.0,0.0,0.0,0.0,0.0,0.0,0.0,0.0,0.0
187,0.007963385872899107,0.0069550368170193475,0.012026922790165774,0.02834281587126234,0.007395999829132147,0.00679986309514008,0.0114176782165253,0.02603948653273961,0.00810475392143761,0.007726503377729355,0.01300823758186003,0.031801661952418195,0.008090533843734834,0.007061892353678999,0.012425672837056895,0.02966347181472812,0.006871488479381105,0.007408403190128324,0.01252749500265199,0.03055782414573193,0.007959052289362348,0.007011525129360724,0.012151969442614546,0.028872259430739858,0.007169665369847893,0.006744302006815451,0.011268105455431377,0.025522173548620408,0.007152478611468235,0.006784472731173363,0.011437154584162126,0.02625619761353246,0.007953505220458398,0.007068219853498185,0.012327898631949013,0.029599902553930142,0.008113994694581827,0.00840898448824979,0.01338937877863603,0.033697008532301474,0.007984626575324368,0.007954681178405185,0.013094291782752987,0.03220442187948146,0.008097223450856004,0.00724983617511105,0.012608147715368802,0.030469023244471788,0.00793919145850637,0.007118396099757364,0.012370316524030917,0.02967542292876263,0.008027131744291316,0.0069964260455552645,0.012154284678747476,0.02872407139533441,0.008131650448385463,0.008016767730723033,0.013199332066781793,0.03271820721735796,0.008062593025219004,0.007216518052468874,0.012571297240736459,0.030350395219926576,0.008061557444579592,0.007103724262139871,0.0124542612020817,0.029875439935716216,0.007999959088217953,0.0070210555959507835,0.012218399106655703,0.028546635076960848,0.008150879149562171,0.008349768682244567,0.01336522206261013,0.03374508547972495,0.00797655513460178,0.006955903657223633,0.012022416690158133,0.028295572579753493,0.006418962388074711,0.0066207790209630015,0.010809812408550898,0.023654001719955277,0.00794137328920651,0.0068841664918979605,0.01177167895349092,0.027406830752055987,0.008119504662063232,0.0071767657172937364,0.012542125365538068,0.030148258302130037,0.008005861459099746,0.006924499445076824,0.011897679179766049,0.02773154929102415,0.007999027721085484,0.0069463184643031245,0.012010516067559315,0.028145130298376356,0.00587438353004663,0.006479628882168068,0.01046469250979308,0.02233105784541638,0.008004287482558065,0.006988830860584582,0.01217857127053272,0.02895042652471204,0.006778578563723786,0.006769340509835207,0.011402430066691404,0.025900489696153432,0.006750662535597607,0.006745916234872051,0.011280306419509584,0.025621938564153908,0.007794399353527934,0.006830194042604845,0.01154278902398531,0.02640428302845826,0.006818286345371695,0.007076540345052022,0.012024508676466107,0.028400844085901697,0.002611976529110097,0.002633950612023665,0.002588905548411205,0.0026253418346844346,0.0027093126391668403,0.002667789993773778,0.002647607270593045,0.002647298240357787,0.0025929990098071806,0.002583991488503152,0.0026042367420593252,0.002577516512307358,0.002601760831735029,0.0025769241978391613,0.002618281334279192,0.0026424090908442792,0.0026347665730937736,0.0025747608732262514,0.0026011186406825083,0.002584984660005113,0.002604011610139678,0.002626736241437759,0.0025746608946743883,0.0025821102694825486,0.0025752543322509905,0.0026780861540930292,0.00264983355157861,0.0026045897257779716,0.00266477227075972,0.0026171493982910343,0.0027194024308622887,0.0,0.0,0.0,0.0,0.0,0.0,0.0,0.0,0.0,0.0,0.0,0.0,0.0,0.0,0.0,0.0,0.0,0.0,0.0,0.0,0.0,0.0,0.0,0.0,0.0,0.0,0.0,0.0,0.0,0.0,0.0
188,0.007968749612286526,0.006953799936430353,0.012029901819698131,0.028409095904279303,0.007354579737216463,0.00679266800800668,0.011395062546771952,0.02599233574324042,0.008107773825864535,0.007690797540950835,0.012991560268198829,0.03177744314047292,0.008091641346491403,0.007058064304225096,0.012422050996089099,0.02967589203619191,0.006876119190401154,0.007424306769781679,0.012552211277001636,0.03067159995892511,0.007955913534263184,0.00699824778129059,0.012120478787165424,0.0287754687361578,0.007127937330223948,0.006733824591608399,0.011228834257656776,0.025380807139427412,0.007133316957110506,0.006775721889156608,0.011406600065942081,0.026150906707042162,0.00794957419070883,0.007058518519953413,0.012307286001132515,0.029542410657038727,0.008104304359485186,0.008337742112688824,0.013335134337367582,0.033533467115282906,0.00799069066667659,0.007986670205434854,0.013109345282998966,0.03228599664390065,0.008099599583297243,0.007255627232617633,0.012614823461138566,0.030508007247289918,0.007938174885627812,0.007108369464452931,0.012354571179530018,0.02963975365110088,0.008025497784381802,0.006989021994325347,0.012133179742377848,0.02866738995289885,0.008132369381244956,0.007989387355812338,0.013183161976620575,0.03266220364613883,0.008061243457449659,0.00719839176010504,0.01255262755350677,0.03028430313451959,0.008051741670597946,0.0070687108719230665,0.012391579171186003,0.029667552693488745,0.00803891062202021,0.007049562147024029,0.01230666106512457,0.02918373664692509,0.008152645282576587,0.00832697180774724,0.013354115999528272,0.0337016714299519,0.007971970736516329,0.006939909371337394,0.011975249948107298,0.028136827848014134,0.006364145564712735,0.006604316990311334,0.010764123366956807,0.023482120112038027,0.007924509963823073,0.006872705785311212,0.011723381570185364,0.027223396961781526,0.008113288080552918,0.007146221566523759,0.012510999273546056,0.03003439874530075,0.008007006841045414,0.006927257959233946,0.011904685219695892,0.02775436111588577,0.007996512859202238,0.006940556834271543,0.011987390528798094,0.028060585863411314,0.00587755442294926,0.006484003279508067,0.010473999859645667,0.022370249253659942,0.008006188652727371,0.006987848273567478,0.012176972171391688,0.028961707734212513,0.006783620656446681,0.006768364079500931,0.011398878949406777,0.025888686865912565,0.006762168261387691,0.006748482667366752,0.01128891626830128,0.025679074599225526,0.007771451099348802,0.00682318632458446,0.011514636367216603,0.026292265660442543,0.00682303937716876,0.007080006824623591,0.012030344721795391,0.02842146091133023,0.0026115480182849348,0.002634201546841444,0.002592167986870011,0.0026249063163961057,0.0027125358582054597,0.002667862606085972,0.002647550673849864,0.002647285121121507,0.0025924092681311375,0.0025867001375107553,0.0026034036175080237,0.0025808648371542873,0.0026011519797139613,0.002579833422333061,0.0026213626063236483,0.0026449556884362655,0.002637581838767858,0.00258229844679038,0.0026044776159440067,0.0025842675024500446,0.0026038473529454934,0.00262962599886191,0.0025777369538282275,0.0025811715602103253,0.002578040246431678,0.0026772203463142586,0.002649763693844738,0.0026081690773192105,0.0026649280673404128,0.0026170415215504648,0.002719637557863991,0.0,0.0,0.0,0.0,0.0,0.0,0.0,0.0,0.0,0.0,0.0,0.0,0.0,0.0,0.0,0.0,0.0,0.0,0.0,0.0,0.0,0.0,0.0,0.0,0.0,0.0,0.0,0.0,0.0,0.0,0.0
189,0.007959297224967361,0.006938509254235855,0.011988173754584795,0.028237693110685805,0.007333371740231411,0.006783808308227648,0.01137434346706918,0.025902577856003438,0.008101207269822826,0.0076338189338420286,0.012942553813561514,0.03159229810522834,0.00808598903807403,0.007043196144982971,0.01239207546006334,0.02956396519349688,0.006871917446685515,0.007394315434516482,0.012516929499952544,0.030528770345823728,0.007949099467032265,0.006983478644248425,0.012084510747482614,0.02864133115216768,0.0071319158443075,0.006733055527445834,0.01123221460060634,0.025390061311203208,0.007103680484451032,0.006764338035310666,0.011372694366803372,0.026006344007930154,0.007943850793017366,0.007037023304973798,0.012260689897646452,0.0293949998344415,0.008105391721401109,0.008341659133099142,0.013332794599639817,0.033553674245841374,0.007988247433626987,0.00796945832357047,0.013092649307325174,0.0322437305603161,0.008106718235302344,0.007306272489002471,0.012662891032371337,0.030704746410079878,0.007937297136195006,0.00710516969179075,0.012349787238665498,0.029634691904773625,0.008014193712422749,0.006965348477660855,0.012055569268988875,0.028395657731491376,0.008129854405998595,0.007984206690926778,0.013167853671940842,0.03260607919018486,0.008064546634612244,0.007207430209754826,0.01256045189431548,0.03033490012023104,0.008062785249584686,0.007095903296802951,0.012443654123500467,0.029866191043182957,0.008048583735648198,0.007044983341518942,0.01230387403658133,0.02929758565988128,0.00815484348205896,0.00831464112256795,0.013337181330458907,0.033689557481421425,0.007978206444161497,0.006941537487957806,0.01199360625944481,0.028257578369964613,0.006386042813490831,0.00660795925428404,0.01078384897102139,0.02359128930708325,0.007904526726245495,0.006859640990423346,0.011681349916277336,0.027075177161621708,0.008111118526794706,0.007134083795023215,0.012496376593330145,0.029982033629646382,0.008006823988548096,0.006916824848743784,0.01188788361366947,0.027732710967384267,0.008001388223217862,0.006933346508947221,0.011984240298530832,0.02811130303490901,0.005873840157451195,0.0064848481787227,0.010478455707148752,0.02239998381619022,0.008004416179358998,0.006982970691525975,0.012168715301888924,0.028920189185632588,0.006798023236488193,0.006794427846147582,0.011472050750720462,0.02644703705685891,0.006751751244753737,0.006748898319287326,0.011293461879012982,0.02572666841788074,0.0077766536054857775,0.006822915342660129,0.011519976653158499,0.02632585289505496,0.006821640712913818,0.007078967565840085,0.01203065105595102,0.028430389192718522,0.002610810988445188,0.002633951464940475,0.002595027905041653,0.0026246981417026817,0.0027173991393734847,0.0026681403849180205,0.0026475106564198873,0.002647068501285888,0.002591687271724228,0.002589780837372843,0.002602697729139102,0.002584376869307057,0.0026004438561450403,0.002583770681258282,0.002627328808972508,0.0026494379407207154,0.00264174668307816,0.0025853232786373784,0.0026085784123364244,0.002583358021561195,0.002603066938707173,0.0026339218665125024,0.002581245561006037,0.002580125768825316,0.0025809100018913305,0.0026768605930994373,0.002650093280650322,0.0026134783659528898,0.002665013420800947,0.0026169106080550972,0.002719557391831528,0.0,0.0,0.0,0.0,0.0,0.0,0.0,0.0,0.0,0.0,0.0,0.0,0.0,0.0,0.0,0.0,0.0,0.0,0.0,0.0,0.0,0.0,0.0,0.0,0.0,0.0,0.0,0.0,0.0,0.0,0.0
190,0.00796002842723259,0.006935454966007192,0.011985550967411891,0.02823725642646619,0.007331883979629994,0.006782228598732012,0.011369512369644189,0.02587701395815476,0.008098249212831124,0.007601861015722791,0.012919159775116736,0.03150459530075398,0.00808288278594922,0.007039237078741185,0.012380329448411493,0.029517701248787692,0.006879804683234328,0.007390350916365243,0.012512970121024865,0.03051264490841892,0.007955601141499707,0.006994403386053112,0.012113980639360259,0.02876295214184252,0.00713901648884721,0.006733747002255727,0.01123477535099035,0.02540264328701116,0.007080531538378559,0.006754675432165588,0.011338171087008166,0.02586630133159067,0.00794211884827779,0.00703488922010632,0.012254571001086132,0.029360098449584898,0.008097437035473958,0.00830021051460167,0.013299820694398773,0.03341259978775852,0.007984523629916787,0.007946066621288812,0.013078692828704365,0.03218649620586346,0.008097838044486442,0.007256066641280015,0.012607436966922868,0.030493084682367933,0.007940318519379977,0.007113733819801287,0.012363007442195659,0.029678554080915936,0.008009163255208961,0.0069575946196670565,0.01202545115841575,0.028280745188590438,0.008123954779740457,0.007977292462093426,0.013148592338527346,0.032508655021014576,0.008065100646121304,0.007220153904384869,0.01257289448916951,0.0303696405823599,0.00807436559517586,0.007146299821178104,0.012522988253076664,0.0301338574426415,0.008044678108893533,0.0070316388594438934,0.012270686319530223,0.029198106342683196,0.008150534441658133,0.00831877002494102,0.013333311928133742,0.033656702675971144,0.007980047867870784,0.006944805020488224,0.012005942376386445,0.028297036561256136,0.006418047776278274,0.006612145344588892,0.010798912828814835,0.02365097564964692,0.007932390140127484,0.006870549195621411,0.011736000418135889,0.027284352355177975,0.008114023137008939,0.0071434856600938465,0.012508763842545335,0.030031542222966882,0.007996147595803527,0.006907231442690383,0.01184148099242707,0.027539309947988817,0.007996439369084488,0.006925263691377493,0.011953941509502125,0.02799075011370631,0.005891539927646882,0.006484929451803514,0.010482140954098726,0.022426823599873524,0.007997229691592549,0.006973777450741203,0.012139168246944165,0.028794716798287535,0.006798129262109032,0.0067935089322783,0.011467072693430405,0.026425252143420612,0.006748977849800532,0.006744543457337315,0.011279811261433672,0.025664993998160864,0.007754046771808487,0.006817643213112643,0.011498019915726429,0.026239840236493363,0.006854658594032679,0.007127122860586838,0.012151046759239382,0.029185144513475068,0.002610680574801925,0.002634001688602362,0.0025892776026313906,0.002624816944171273,0.0027085329789814584,0.002668343687612972,0.0026476619686408593,0.002647235296118137,0.0025915811589355617,0.002585227409210959,0.002602492344319273,0.0025788514548604887,0.0026004272562436836,0.0025779114665502017,0.0026187653288149656,0.002641558298333172,0.002634034121619739,0.0025795511398795006,0.0026018794667651266,0.00258306418225953,0.00260299006735846,0.002626188061450654,0.002575517966730429,0.002579497879850956,0.002575986104341269,0.0026767134845201435,0.002650075092789303,0.0026075688104406805,0.0026652231353641136,0.0026169719459509587,0.0027199296802588764,0.0,0.0,0.0,0.0,0.0,0.0,0.0,0.0,0.0,0.0,0.0,0.0,0.0,0.0,0.0,0.0,0.0,0.0,0.0,0.0,0.0,0.0,0.0,0.0,0.0,0.0,0.0,0.0,0.0,0.0,0.0
191,0.00795068889808354,0.006925711849161088,0.011947672014809393,0.02809884718967917,0.007292489423636988,0.006776589295460718,0.011346881595025555,0.02578513681261377,0.008096758076010417,0.007570616037703934,0.01289792247733524,0.03142734798406974,0.00807328728534741,0.007027638144524853,0.012344662358049267,0.029376627959835137,0.006886807698099735,0.0073707928666070215,0.01249205923064944,0.03043630746681082,0.007962490158293823,0.007010292984828149,0.012155093355369727,0.028917085358977947,0.007055258802421662,0.0067168219940055,0.011171427120058917,0.025139723229452612,0.007025406302447238,0.006735229608676792,0.01126776512224158,0.025576219118954892,0.007938158236258448,0.007027580562743791,0.01223630727976069,0.029286521866279648,0.00809378456473116,0.008293675591991628,0.013289714229174661,0.03333574741900437,0.007977299417779821,0.007900921945321587,0.013050957644429165,0.032080224342926254,0.008089893670075322,0.007211749910468141,0.012551867589644411,0.030277732909399165,0.007941054757676343,0.007125374236801191,0.012380717460604313,0.02972108077739173,0.007997804324796225,0.006942747337348346,0.011966273822523068,0.02805020655869098,0.008120315844383656,0.007960669264177555,0.013135812294841695,0.03243800772811528,0.008063256808022543,0.007216689234158658,0.012566296044369265,0.030328512002836865,0.008066503588084245,0.007119773951094437,0.012479610347341064,0.029971260199830048,0.00803268614404312,0.007010671592174773,0.012211929697159986,0.0289802589088848,0.008147243982790531,0.008290926056603434,0.013325526203620399,0.03358881652371203,0.007979957830672731,0.006940962920712135,0.0119982886961497,0.02827531744822023,0.006452173529982006,0.006618033832293473,0.010819070131674616,0.02374020223070083,0.007934131287068838,0.006871682163093563,0.011741494368758848,0.02729020118832159,0.008106989117041096,0.007104695414249157,0.01246267165087131,0.0298732440127903,0.007978919709449823,0.006894955569933903,0.01177670426831546,0.027279894355002623,0.007984150563256076,0.006911319987133942,0.011890683452205349,0.027743565678355453,0.005875395510041421,0.0064791068612116065,0.010464939580456797,0.022352088622492952,0.007986900919065586,0.006952439907721453,0.012075514006933871,0.02854926510554765,0.0068115617399622215,0.0067974990897631885,0.011481874064218892,0.0264960387724351,0.006751211589639453,0.006743667207817573,0.011277064510628654,0.025648706717943566,0.00775578290398314,0.006817763081899414,0.011498880861834865,0.026243245184331344,0.006861370208929785,0.007135867250937248,0.012166736753669798,0.029252397598194688,0.002610593020712258,0.0026339484174444185,0.002593989488937058,0.0026247537897174083,0.0027151231902181484,0.0026684059344138393,0.002647730158250256,0.0026473231193912764,0.0025913461007302705,0.002589332148176042,0.002602335319498283,0.0025842295593297548,0.0026000587254319234,0.0025828348134764425,0.0026239114301164217,0.0026481979133247267,0.0026408717363562238,0.0025847756028189875,0.002607605668134093,0.002582874372609233,0.0026027430102841514,0.002632673276017945,0.002580307369196953,0.0025790567620885417,0.002580369222702884,0.0026765951373988414,0.0026504346593636545,0.002612670836640199,0.00266530970894495,0.0026170322511421948,0.002719809264690062,0.0,0.0,0.0,0.0,0.0,0.0,0.0,0.0,0.0,0.0,0.0,0.0,0.0,0.0,0.0,0.0,0.0,0.0,0.0,0.0,0.0,0.0,0.0,0.0,0.0,0.0,0.0,0.0,0.0,0.0,0.0
192,0.00794346468436486,0.006919354183757941,0.011923092193439046,0.02800829453648094,0.007285081047885356,0.006774071566842836,0.011337000173121956,0.025744630984101655,0.008090760304508325,0.007487645198320545,0.012834981333813264,0.031204293874119094,0.008062162135678397,0.00701155080869732,0.012295460596948776,0.02921827794640047,0.006893325762762522,0.007351016388458705,0.012473435081537903,0.03038477640386036,0.00795894367845351,0.006998222647106957,0.01212543223402452,0.02881319059487087,0.006989983094892446,0.006700723660850262,0.01111481737294658,0.02489329625448411,0.00701749089897729,0.006730368932107985,0.011251607008221873,0.025508836077879418,0.007940877392507003,0.007028105687796689,0.012239256844642221,0.029309975214064178,0.008104914629335307,0.008354328716398728,0.013335128120855093,0.03350810256002302,0.007980930003355901,0.007919130613818796,0.013062654822556481,0.03213403287834901,0.008089340936440136,0.0071980281101705085,0.012537645446593451,0.03023799175867159,0.007942667824224025,0.007117830709528676,0.012372354697255696,0.02972409679712681,0.007991278307516784,0.006933045906237076,0.011926543982911493,0.027910089846362215,0.008121366658182427,0.00795426415462003,0.013134090903070588,0.03244327966221749,0.008064081844235125,0.007219667311057296,0.012571427844476872,0.030341988686900155,0.008065483466971998,0.007115616214781869,0.01247310592455645,0.029949819825762378,0.008019197740284614,0.006992078457956411,0.012156702272218543,0.028737145779953968,0.008149114053681246,0.008310343890331423,0.013326356784507368,0.033629838389679104,0.007975040156596964,0.006931630951641757,0.011969344597467235,0.028157888331543632,0.006494227892799515,0.006627264335334244,0.010849496396309355,0.023898951205841512,0.007922617368039734,0.006867152186293821,0.011716331448820552,0.02718774399786541,0.008098697872896967,0.0070752952693400265,0.01241728772186539,0.029711123596860962,0.007966885345732205,0.006885566424057884,0.011732717539862181,0.027096711795086943,0.007980828053532597,0.006907125048524285,0.011875410709188449,0.02767871390759405,0.0058796529132690714,0.006478637722629672,0.01046387746062722,0.02234820064956108,0.00798221697757861,0.006942220578212854,0.012042941637261911,0.028434336848327996,0.006799560807378736,0.006784889022127364,0.01144397890445278,0.02633931670469048,0.006756163425210335,0.006743065898662216,0.011275149252674425,0.025646238250314212,0.007753457420047871,0.006816627784103266,0.011495502802260959,0.026233178507477955,0.0068690225730573895,0.007133233390870503,0.012163711883358002,0.029245014190341995,0.0026103155016488234,0.002633146270758253,0.0026009469273117654,0.0026247481221794875,0.00272368139755451,0.0026681986312472664,0.002647481425788056,0.0026470876014690913,0.0025909802896602516,0.002597050057481548,0.002602014675476548,0.002593138243745917,0.0025997202089185056,0.0025923632543788065,0.0026371589744488607,0.0026564215670488753,0.002649802856948004,0.0025940846091557974,0.002617691958362121,0.00258247827931144,0.0026023816294132142,0.002641507054853821,0.0025886805077355874,0.0025786398180786428,0.0025886183445271906,0.002676226395733387,0.0026501270710128522,0.002621579515350465,0.0026650866071727766,0.002616802378521481,0.002720035355752532,0.0,0.0,0.0,0.0,0.0,0.0,0.0,0.0,0.0,0.0,0.0,0.0,0.0,0.0,0.0,0.0,0.0,0.0,0.0,0.0,0.0,0.0,0.0,0.0,0.0,0.0,0.0,0.0,0.0,0.0,0.0
193,0.0029770839876194963,0.002357670922950009,0.0039894566241030155,0.010849287907096092,0.0029258389360923465,0.0021638315633521464,0.00394113834850552,0.01008199584337384,0.0029727571593029067,0.0025725341254075012,0.0038125544233916543,0.011466048764868043,0.002979771392938569,0.002364635994716332,0.003815258547519959,0.011001242214272882,0.002134413930015393,0.0024951597582955733,0.003997563197030637,0.011320568945514213,0.0029311690319450408,0.0023318618157805926,0.0038416319270811166,0.010677504950952094,0.002433099439883491,0.0021538628939173914,0.003829852807343414,0.009506196843158357,0.002144550337390197,0.0021714710978758965,0.0038330752211952605,0.009821233555201534,0.002967864183379137,0.0022803547610010235,0.0038398412356882307,0.010863142760431307,0.0029866218573486253,0.002791787148448409,0.004224435765305788,0.012145194531183115,0.00294676771217663,0.002679313633360562,0.003992887263085232,0.011823590962595087,0.002999876101865038,0.002373662159004852,0.00378701578168613,0.011045098331979813,0.002970691599824539,0.0023973208172132984,0.0037516938185802617,0.011150808024421158,0.0029689669209710823,0.0022356743067224925,0.0038569129883902,0.010593242942615867,0.003062104606515028,0.0029894925756402675,0.004265805913531692,0.01225517498887484,0.0029904157236740293,0.0025142954594552782,0.0037691819966906865,0.011445826845111362,0.0029830497826146296,0.00238014263163218,0.0037850110015926596,0.01109067437651837,0.002979038187920692,0.0023448182678257375,0.003858968025945113,0.010912639530127874,0.0033468760840474833,0.0019508496475020751,0.005315682193310744,0.012693416482425205,0.0029704414811400253,0.002340042857831801,0.003956670217909967,0.010869541507350223,0.0025153434288098025,0.0021525000940883113,0.0038167093678679164,0.009245227142206477,0.0029467666467866017,0.0021766135842150747,0.003868411901071004,0.010318721772015073,0.003023122157522374,0.002428209572487687,0.003752687093422881,0.011137334574788745,0.002946308461833215,0.002159327196992237,0.003913348709923268,0.010348011377674039,0.0029606402332757733,0.002243293313288878,0.003922050140539792,0.010690826826845436,0.0019292645731773038,0.002156481386828171,0.0037437184041570594,0.008835567061624248,0.0029694174800839832,0.0022580037286060984,0.0038775510914447094,0.010684843758098118,0.002117228701616192,0.002195678528990124,0.0038160456561520395,0.010172403876973761,0.0021229880680055345,0.002188471984205453,0.0038347005273389363,0.009988970977702464,0.0029169875097238267,0.0021611405513465632,0.0038562098757239723,0.010153002056395799,0.0021774941102756977,0.002363026111186016,0.0038988077538950373,0.010952792789411542,0.0010608443985183746,0.001066556433932092,0.00106626637561008,0.001071529995027676,0.0010991187895946996,0.0010753998556223498,0.0010671510123395783,0.0010759920525148063,0.001069735880869015,0.0010673098598843796,0.0010789563523049197,0.0010656647087007392,0.0010729164530306095,0.0010640667139306071,0.001067950825310042,0.001066033475843846,0.0010622493463117075,0.0010671077608455258,0.0010740826291755464,0.0010719460914836447,0.0010730564958479037,0.001057900755165796,0.0010697985641911177,0.0010720898073501744,0.0010687175591062971,0.0010808782837791557,0.0010644183332711333,0.001087442283500974,0.0010925293922915296,0.0010651590824239826,0.0011094691522189712,0.0,0.0,0.0,0.0,0.0,0.0,0.0,0.0,0.0,0.0,0.0,0.0,0.0,0.0,0.0,0.0,0.0,0.0,0.0,0.0,0.0,0.0,0.0,0.0,0.0,0.0,0.0,0.0,0.0,0.0,0.0
194,0.002970877316202644,0.0023346592597480184,0.003996602190225222,0.010759693869299338,0.002922054065173192,0.0021627202186786827,0.003941157979918638,0.010022869797429822,0.002972438805523695,0.002552833655734416,0.0038095862654181074,0.011427895638710616,0.0029783618420915403,0.00235995684567028,0.0038199545000296973,0.010989458455400586,0.0021386023197805396,0.00249290757740222,0.003995293879918056,0.01130862717666671,0.0029272739221248125,0.00231800465861042,0.0038431076984598157,0.010627539887318122,0.002425514651616077,0.0021541420109394325,0.003827263755438601,0.009448841149932465,0.0021504813049693368,0.0021690306596383905,0.003832999463019891,0.00978796315159398,0.0029658345932298893,0.0022717031763919847,0.0038476706771868015,0.010836306290215385,0.002984101912919515,0.002785196319973015,0.004205815423355799,0.012130171890639852,0.002942845148032958,0.002653020549652944,0.00394874124855166,0.011760914327983756,0.0029958468706165814,0.002356060078453983,0.003797828372682651,0.010995730007600995,0.0029680963003421296,0.0023728461353535813,0.0037654463496307944,0.01108679336523046,0.002965956808885076,0.002228124097276174,0.0038621250854138844,0.010556372427347119,0.0030521655469467578,0.002972386738608715,0.004235685742266668,0.012229275514303504,0.002989910028275092,0.0025003364897455537,0.003765198687477114,0.01141251275750436,0.00297846208610325,0.002365565583312809,0.003797384744900689,0.011048913231230405,0.00297563879155442,0.002325684586729728,0.00387216306043956,0.010861204085686055,0.0032858305955527326,0.002000006080162795,0.00529246504854674,0.01264024244213769,0.002965672373787122,0.002308661252009098,0.003965995466251903,0.010777338191590158,0.002492179875059276,0.002155021961710401,0.0038112716904071574,0.009177248830952282,0.0029422845303750476,0.0021666304640542157,0.0038732596088540405,0.010256748003988656,0.0030157331254122856,0.0023982660809606093,0.003754451937489932,0.01105786335455332,0.0029433826340695083,0.0021542612764893837,0.00391532797718327,0.010303137223242307,0.0029594220909547092,0.0022357955158127485,0.003932422943003882,0.010655406351410514,0.0019305109875876897,0.0021564862637961347,0.003743531565357068,0.00883426804233561,0.0029672383411746537,0.0022468423946082703,0.0038852702741995464,0.010642930846048271,0.00211989605093154,0.002193974121602688,0.003816824061853159,0.01015805233132383,0.002124662786661932,0.0021878143087987766,0.003835008951311663,0.00997867233984273,0.0029164117927838766,0.002159830836312153,0.003857519928652887,0.010143666836797825,0.00218129611195045,0.0023577066778325997,0.0038964505701534237,0.01093688197599106,0.0010605832366205699,0.0010663712808781458,0.0010647152473624469,0.0010711674365086249,0.0010979410479744064,0.0010751839709499107,0.0010668733167265927,0.0010756991806050598,0.0010694714759089253,0.0010659156352681007,0.0010786044377594259,0.0010640899155642284,0.0010727400895989515,0.0010630479421468628,0.0010662604003892741,0.0010651476484519929,0.00106128100707807,0.0010655592483061504,0.0010731838936550416,0.0010720389970749005,0.0010727675901710662,0.001057017493074427,0.0010680362478525968,0.0010717927873659379,0.0010671943906671172,0.001080719438517467,0.0010641439309252423,0.0010856874359279397,0.0010922972215793374,0.0010649138372616485,0.0011091791922918292,0.0,0.0,0.0,0.0,0.0,0.0,0.0,0.0,0.0,0.0,0.0,0.0,0.0,0.0,0.0,0.0,0.0,0.0,0.0,0.0,0.0,0.0,0.0,0.0,0.0,0.0,0.0,0.0,0.0,0.0,0.0
195,0.0029660248657284874,0.0023167087784022183,0.004003001205356328,0.01068980981972622,0.0029190156271425476,0.002162525866751943,0.003940910890395412,0.009976139708587708,0.0029708187271708,0.00253828653648637,0.0038090597434014446,0.011397549835399057,0.00297609940054978,0.0023517353150101505,0.003826897222289178,0.010966693246958153,0.0021421047861568034,0.0024910199338626874,0.003993539844771382,0.011300953871831897,0.002924651458665639,0.0023083073981922646,0.003844457136084905,0.010591637687085933,0.002421815020956276,0.00215469454204995,0.0038264839892606034,0.009423338862184558,0.0021543203748314375,0.0021672296451256514,0.003832215326108651,0.009745216028141268,0.0029615935883842,0.0022519653238436553,0.0038610277665925953,0.010769016193945777,0.0029801904265751578,0.0027735198785383748,0.004176313308477224,0.01210381174879556,0.002939900529504699,0.0026331508462046596,0.0039172966048477125,0.011712076601809498,0.0029913882882893973,0.0023430130059797338,0.0038067863799767015,0.010957538445506235,0.002965260095581606,0.002351839202114234,0.0037793408336758826,0.01102823733986682,0.002962383578156787,0.002216674564610343,0.0038684974316438936,0.010505976192166403,0.0030431407220448455,0.0029541562530133883,0.004204846644973825,0.012199828083004554,0.0029883954987517843,0.0024813726478182868,0.003760386133111502,0.011364475249801434,0.002976260659287274,0.002356195366691969,0.0038041528348477472,0.011021446708492014,0.0029722083811671847,0.002306951013805177,0.0038841357052824318,0.010807701219894278,0.003345331806984295,0.0022465445671522957,0.0052455981709509224,0.012585195728256171,0.0029625731562518856,0.0022926849794170437,0.003975802826031619,0.01071955443450733,0.0024707331477162985,0.002157327557845344,0.0038063350536404863,0.009118580781103391,0.0029367084252105197,0.002155489342365454,0.0038731707956986463,0.010171995578039649,0.0030138759224015267,0.002373218466097419,0.0037628533864434034,0.010993046523001045,0.002942702832021484,0.0021526891017059143,0.0039176864024267335,0.010292195708013652,0.002957931285369058,0.002227472802114818,0.003935831623478641,0.010633188425987511,0.0019252213284803909,0.002157636984388465,0.0037398956313826844,0.008797912150225221,0.0029635422828937544,0.0022330650425174034,0.003891688072098436,0.010576799980580004,0.0021232396831323704,0.002193541166316019,0.0038174953605221744,0.010152088601882981,0.0021286651416451145,0.0021896562889882195,0.0038361159014777173,0.009996098973946526,0.0029150101527079058,0.002157492566761967,0.0038607327503981143,0.010123986740630904,0.0021850785747803553,0.0023532346689576007,0.003894597096836791,0.010924502519004273,0.0010605817229317623,0.0010664365959872813,0.0010669267551819696,0.0010711690793680554,0.001100944475364228,0.0010753595547231397,0.0010669347715407528,0.001075783958421058,0.0010694729601888162,0.0010681573532938205,0.0010785703076618026,0.0010662633691654406,0.0010727295794464994,0.0010650989644910994,0.001068523176097766,0.0010681331846107665,0.0010641946516178656,0.0010677828217427552,0.0010752819973281096,0.0010720072524210073,0.0010727281667978466,0.0010600436796492588,0.001070201442451157,0.0010717369453885997,0.0010694243576830436,0.001080905155840081,0.001064238573268873,0.001087938589593043,0.0010924224128598106,0.0010647879066826545,0.0011093572808867332,0.0,0.0,0.0,0.0,0.0,0.0,0.0,0.0,0.0,0.0,0.0,0.0,0.0,0.0,0.0,0.0,0.0,0.0,0.0,0.0,0.0,0.0,0.0,0.0,0.0,0.0,0.0,0.0,0.0,0.0,0.0
196,0.0029621829666861494,0.0023048828379369562,0.004004664125332439,0.010630784416022578,0.002916386658959272,0.002163104612739383,0.003941498277514264,0.009941266773429804,0.002969349246767769,0.002527356080456661,0.0038092625512760143,0.01137471538797911,0.0029746386163893115,0.0023453783369329646,0.0038322785625408374,0.010949280299634313,0.0021470597093793875,0.002488296608019273,0.003991085498010843,0.011293051855297996,0.0029220497200250816,0.002303210943662481,0.0038418864075856858,0.010548888572276427,0.0024127078126051356,0.002154173787492858,0.003820536010454646,0.009353239935720325,0.002158314252908922,0.002166341668465642,0.003832055324179962,0.009719803606087523,0.0029586801531455405,0.0022394375083521164,0.003869074652292443,0.010725661057891672,0.002975631335222752,0.0027586987101507403,0.004142584716590027,0.012054039575695327,0.0029371200742868185,0.002615554067488055,0.0038907846309497052,0.011669515370561689,0.0029872398416551775,0.0023321372500373803,0.003813907932589018,0.010924935529103875,0.002961829658302423,0.0023257557945561896,0.003795802318836227,0.010954594438161375,0.0029605655206917597,0.0022118257808806108,0.0038720834392478075,0.010483302497241831,0.003034210233232903,0.002935259286150291,0.004174690285227077,0.012171319269395076,0.0029866630948580013,0.0024595157246749206,0.0037576108437848152,0.011309908901303413,0.00297463563982672,0.0023489000263202556,0.0038095955536630623,0.011001230490202874,0.0029704502280553623,0.0022960440680985083,0.0038915407174888754,0.010776903652449385,0.0033531275249269214,0.0023882943325881493,0.0051997915822689575,0.01255023101114928,0.002959752188796289,0.002278583741323848,0.003981835365395669,0.010669259687677022,0.0024342629831477654,0.0021607589263700627,0.0037974778073430002,0.009031454143346211,0.0029330912764317205,0.0021498211989084775,0.0038748448956627225,0.010125845410699216,0.0030126870565515343,0.0023541914347578277,0.0037704699012850117,0.010942484800791002,0.0029411287150789742,0.002149728229900915,0.003919848974177142,0.010265439941532282,0.002956542995902928,0.0022190855336407245,0.00393887682272607,0.010609976606473445,0.0019284689939706296,0.0021573639895356247,0.0037406185861124704,0.00880553775762197,0.00296219393779379,0.002227818320114448,0.003894791442256203,0.010555339932029999,0.0021278596781894783,0.002194178930041712,0.003818139111393073,0.010155843741257727,0.0021317826398408062,0.0021901552377987395,0.003836816393123865,0.00999926453855445,0.002915407722241618,0.0021583671763490847,0.0038611715493060863,0.010129752739049284,0.0021890423094557392,0.002350604815908693,0.00389370564415593,0.010918394179307,0.0010601934780700645,0.0010658315949457174,0.0010682118455574271,0.0010706737055049707,0.0011023562231064865,0.0010749067858854505,0.001066470904513851,0.001075309202093937,0.0010690485300052655,0.0010694794630181665,0.0010780808403335277,0.001067486765931595,0.0010722589987872502,0.0010662689614490035,0.0010698164301742121,0.0010696633624909903,0.0010656813314289866,0.0010691074961382348,0.001076480600423542,0.0010714963676938178,0.0010722366977061163,0.0010615149470261686,0.0010714419806930097,0.0010712625511574041,0.0010706394819261903,0.0010804951812052631,0.001063738485423325,0.0010892039016066498,0.001091945840789646,0.0010643355486892791,0.0011088599736099375,0.0,0.0,0.0,0.0,0.0,0.0,0.0,0.0,0.0,0.0,0.0,0.0,0.0,0.0,0.0,0.0,0.0,0.0,0.0,0.0,0.0,0.0,0.0,0.0,0.0,0.0,0.0,0.0,0.0,0.0,0.0
197,0.002963600684675519,0.0023087824806054162,0.004006933178952746,0.01062758258113546,0.002916878978139013,0.0021630122124279435,0.003940628613038928,0.009942088868211458,0.0029693345830584844,0.0025136709378727395,0.0038058449056265426,0.011342024809332232,0.002974878069341544,0.0023431241300026716,0.0038308248047253125,0.01094077396853618,0.0021392558356351232,0.0024856465328853064,0.003988003071814818,0.011283286526613057,0.002922290667608034,0.00230308496133351,0.0038397201134402325,0.010547686768918433,0.0024123081897900077,0.002153056995214398,0.0038200617303013914,0.009368652492694318,0.002150210960964183,0.0021652119825967715,0.003830442639435992,0.009707596177320853,0.0029588455509052896,0.002235828649547291,0.003866346512217708,0.010713377956995297,0.0029752894253441877,0.002753998332638591,0.0041355027121105425,0.012039378450761792,0.002939289307174215,0.0026188341138967245,0.0038951615832560913,0.01167210145619858,0.002990058230417569,0.002330268168931967,0.0038101409545440524,0.010918780602484036,0.0029618502342888863,0.002319112696110453,0.0037947273573361623,0.010932558746705623,0.0029616137277747715,0.002211495113773225,0.003868170895098905,0.010482596244187289,0.003036180914962121,0.002929413279463662,0.004164997333889834,0.012155888421134145,0.0029882519191111135,0.0024593869190096783,0.003753255005678604,0.011307478851801785,0.0029738703077395435,0.002335255679576869,0.0038121570372976615,0.010960482977015684,0.002970494117490397,0.0022928275949127726,0.0038887032396975425,0.010764337866560832,0.003361112305983251,0.0025129850683221944,0.005109731837636329,0.012482647420601557,0.002957825922434411,0.0022732466224390548,0.003985597787293073,0.010636674164390738,0.0024188385125034706,0.002160051501185099,0.0037918413703181,0.009000270383367287,0.0029323418490684186,0.002145769270407,0.0038733774675356264,0.010099364079752267,0.003018175148514279,0.002343596612973421,0.0037710433424715368,0.010914203508820414,0.002941306050356127,0.002148111478091576,0.003918613010910838,0.010261292048427836,0.0029570516660923528,0.002223641354012008,0.003938590666368635,0.010614480258216938,0.0019230278479172899,0.002157820706143101,0.0037409248344683933,0.008803237103462548,0.002962800203241852,0.002228438758439851,0.0038937718656228623,0.01055497739231137,0.0021180825755375775,0.0021933232643779506,0.0038166804994135494,0.010144785500031433,0.002122878073047254,0.002189460718650999,0.003835832170893277,0.009992864273310448,0.0029160301301210754,0.0021567183956582997,0.003859644368518213,0.010122117698402683,0.0021803034754310792,0.0023522918236876474,0.003894197641288803,0.010923229601197088,0.0010607217830132392,0.0010664202141074668,0.00107023507374846,0.0010712694768033489,0.0011050972643904975,0.0010753819841112047,0.001066972330938366,0.0010758323988445842,0.001069900725824533,0.0010717697765310048,0.001078790555819405,0.001069609265340266,0.0010728926703282083,0.0010684340044394276,0.0010718966773353884,0.0010720878656990715,0.0010680705352651585,0.0010714290338067125,0.0010788335781782255,0.0010722494156329694,0.0010732686726214501,0.0010638321608181249,0.0010737756101926715,0.0010720479856561995,0.0010731705692492294,0.0010808422012579747,0.001064229660394506,0.0010913282821660532,0.001092363820881798,0.001064792091368271,0.001109408408931689,0.0,0.0,0.0,0.0,0.0,0.0,0.0,0.0,0.0,0.0,0.0,0.0,0.0,0.0,0.0,0.0,0.0,0.0,0.0,0.0,0.0,0.0,0.0,0.0,0.0,0.0,0.0,0.0,0.0,0.0,0.0
198,0.002963695390754694,0.0023101673238786306,0.004004176751425137,0.010642374836305441,0.0029165212290792465,0.0021628913195872266,0.003940451751279755,0.009937758764035971,0.0029693808363248637,0.002519276417810818,0.0038064424178562836,0.011352341271734703,0.0029742200021284308,0.0023424441821234174,0.0038316940214753433,0.010934913111194353,0.0021406911397165622,0.0024902804091381844,0.003992827442827221,0.011300210965036006,0.0029224261253180863,0.0023037926968710845,0.0038393373894167445,0.010548385544819875,0.0024238671400114748,0.0021531830108312347,0.0038240934786663507,0.009427314584156847,0.002149828436915706,0.0021690686536599995,0.00383342046570263,0.009778807915585433,0.0029587533085743945,0.002236674410279177,0.003867139954267732,0.010716759868902762,0.002973732763784532,0.002756738420093372,0.004145851106909706,0.012053334220232385,0.002939672799520012,0.0026332147025487553,0.003917274863599561,0.01170986329147777,0.002991232683611354,0.0023441381188469925,0.0038064075762894315,0.010960328916182541,0.002960982580635144,0.002315731433369162,0.003798534559387823,0.010922910486173845,0.002965682732764184,0.002231076994403601,0.003863085731482017,0.010566863293063916,0.003035734345278884,0.002937932010502597,0.004178849488346627,0.012170898219022432,0.0029870307411240036,0.0024543400568491176,0.0037558007823975254,0.01129387367035851,0.0029728499419988275,0.002328574581953699,0.0038159473051923402,0.010941195979102678,0.002969520011178799,0.002288944288684564,0.0038916855253299143,0.010748941799661328,0.0033684906627550436,0.002542934344444048,0.0050778617571879915,0.012470998572745366,0.0029572905341034915,0.002269193548638749,0.003985120720286171,0.010628456635849534,0.0024189589706755,0.0021606266808766243,0.0037921267269146906,0.008998167481473376,0.0029294875501925405,0.0021418620180867873,0.003874125763621844,0.010064031043455702,0.0030197525637533445,0.0023453347513862355,0.003770744306042235,0.010920220686697278,0.0029434330115453247,0.002153548626834716,0.003917279607285673,0.010302668902672231,0.0029596483196220307,0.002240391961380438,0.003933447581503404,0.010665878486719108,0.001922766818080803,0.002158303667794672,0.0037430113939373798,0.008813864018078042,0.0029634093845610048,0.0022327245819506346,0.003891623065418911,0.010574258174371286,0.0021234563959626877,0.0021947549793086907,0.003815261805083184,0.010150601475985779,0.0021257451984279113,0.0021899285863463667,0.0038363701228440895,0.009995139055749669,0.0029169062622972654,0.002159411064069543,0.003859545807097953,0.010139285881364249,0.002183800632652509,0.002351487252425116,0.003894009130522174,0.010920768848401152,0.0010606845130368048,0.001066409663172705,0.001067064113899356,0.0010712335402025084,0.0011001928913660659,0.001075618223317614,0.001067021019591696,0.001075937080968958,0.0010698061863920626,0.0010685908814713182,0.0010786987086181291,0.0010663695430483254,0.0010728183582523613,0.0010652381294172899,0.0010686283452279264,0.0010675163199109776,0.0010636058389615769,0.0010679634842759747,0.0010755403138679744,0.0010721604604000126,0.0010731552140666348,0.0010595721500628445,0.00107044913154188,0.0010719415988730912,0.0010696016760824156,0.001080825549607286,0.0010643377240766054,0.001088086961889336,0.001092373812322971,0.0010648144072278134,0.0011095238005752613,0.0,0.0,0.0,0.0,0.0,0.0,0.0,0.0,0.0,0.0,0.0,0.0,0.0,0.0,0.0,0.0,0.0,0.0,0.0,0.0,0.0,0.0,0.0,0.0,0.0,0.0,0.0,0.0,0.0,0.0,0.0
199,0.002969187367951845,0.002330314062358594,0.003998157474081063,0.010752755864574831,0.0029201017832561063,0.0021642969012611326,0.00394446670444502,0.009999417486453631,0.0029724094363390587,0.002561816447305942,0.0038137316614391134,0.011448308092669803,0.0029768577955406987,0.00235601804931545,0.0038257613520889184,0.010979502941364542,0.0021369977155100183,0.002503400230979975,0.004006613280986984,0.011345484280945548,0.002924624544151209,0.0023154700918316673,0.003840843421918978,0.010586091878002246,0.0024399665902243768,0.0021548929657000085,0.0038315356702766316,0.009538271552471958,0.002121908863952976,0.0021889884354848632,0.0038404620943512397,0.009976082116494447,0.0029623294135201843,0.002253939469347603,0.0038605401603723152,0.010780035522915933,0.0029783677812481577,0.0027837148009367436,0.0042124281670701536,0.012138396677719487,0.002941474817619822,0.0026609612717769186,0.003960983343460589,0.011780881729639786,0.0029968505008422398,0.0023855538825771376,0.003791216286114917,0.01108029498168597,0.0029632422189959508,0.0023363312348162303,0.0037897932981382355,0.010983663266611878,0.002971748310504522,0.0022569155601371398,0.003854862129373627,0.01067313365084361,0.0030510822581141218,0.002961667514874414,0.004215601621070816,0.012216814082220931,0.0029885399893553963,0.002466961673148087,0.003756278000715107,0.01132957779139393,0.002973847772925458,0.0023338207845469594,0.003815013756102944,0.010959248419181538,0.0029733653516545383,0.0023105008557764393,0.003884919096767414,0.010823953949979356,0.0033784011182962526,0.002499414135097631,0.0051339612182312285,0.012506694130970967,0.002960315149990543,0.0022814618568192755,0.003981382179971896,0.010681112294642114,0.002440709450392876,0.0021596549624846393,0.0037984858717140134,0.009045691934774261,0.002930403492308454,0.0021447017604276386,0.0038751903388577554,0.010084357584101563,0.003027763470957116,0.002369398690918729,0.0037608108980452743,0.010988749911497646,0.0029512069268589963,0.002172642541774488,0.0039116556631227,0.010426408050079607,0.002964662355281183,0.002278178700951858,0.003930028821432311,0.010781289116965988,0.0019203894518246298,0.0021590170349297068,0.003740546240237453,0.008790385173934665,0.0029660232334513615,0.0022470141151877464,0.0038848134236371982,0.010632929182553253,0.002126911752600163,0.0022009553571712493,0.0038193811665240412,0.010195119367979705,0.002129889311266019,0.0021923298440349338,0.0038380883161259595,0.01001908654330358,0.0029173491923439564,0.002160701770619643,0.0038604161330480034,0.010148218213901064,0.0021856207424728585,0.0023478181609876245,0.0038923720311487067,0.010908018281068155,0.0010604080626273537,0.0010660187423188324,0.0010683129307874066,0.001070857830474155,0.0011019914696195265,0.0010750841059500328,0.001066547593845743,0.0010754023910416147,0.001069355796428772,0.0010698814350691126,0.0010783656820307053,0.0010675873246600554,0.0010724853681031703,0.0010663686567355668,0.0010700125907363,0.00106929604216002,0.0010653614986229892,0.0010692125430968643,0.0010767364923072085,0.0010717632426351128,0.0010727453324745858,0.0010612763300741027,0.0010716262486747384,0.0010715230364123497,0.0010708544563818583,0.001080510429105886,0.0010639925388458496,0.0010892489861353653,0.00109199737000469,0.0010644993943358834,0.0011090208616022306,0.0,0.0,0.0,0.0,0.0,0.0,0.0,0.0,0.0,0.0,0.0,0.0,0.0,0.0,0.0,0.0,0.0,0.0,0.0,0.0,0.0,0.0,0.0,0.0,0.0,0.0,0.0,0.0,0.0,0.0,0.0
200,0.0029717412777742584,0.0023480653914472014,0.003992665018264178,0.010823588245293813,0.002922112527378821,0.0021666792593693905,0.003949097894656335,0.010042787564163234,0.0029705772668109677,0.002584822679567577,0.0038248241352926166,0.011496703745101984,0.002980146504629253,0.0023769413220323925,0.0038164459369833003,0.011035740100933477,0.002135390542584001,0.0025109942221785146,0.004014526411356784,0.011365235023676003,0.002922976881489868,0.00231294055507095,0.003845741811082168,0.010576795540713035,0.002439549017691855,0.0021565153882796713,0.003834591779158805,0.009566901838374728,0.0021196903315306628,0.0021906506515875267,0.003840906812819017,0.009988894950363068,0.00296290881789233,0.002260866525812628,0.0038643300084949357,0.010803778981220789,0.0029819174279697596,0.0028110106033024367,0.004284129389306894,0.012212228656324625,0.0029435996767968008,0.002705013180224383,0.004040977756983328,0.011896331330119969,0.0029922181543354984,0.002379794081814452,0.0038005441699307573,0.011061114786892428,0.002962885398170271,0.0023408254294102005,0.0037930516253557728,0.010995179179984434,0.0029733470666145384,0.002274792072593057,0.0038516559084048403,0.010733177301869267,0.0030402191135564744,0.002957197211734149,0.004208428755611476,0.012215206506252591,0.0029844967682129096,0.0024709274180184627,0.0037621446346461974,0.011333776874323465,0.0029738796854800317,0.002342450834964932,0.0038149867542617145,0.010981164296498994,0.0029772161729070654,0.002337274447114347,0.003876295637854492,0.010903549376516697,0.00337576564568711,0.0024962011615747744,0.005151305110289778,0.012536774578070991,0.0029624930194334766,0.0022919605454794867,0.0039775271784332385,0.010730241558436365,0.002433902941767341,0.0021626115175776067,0.003800723169769324,0.009036662969044873,0.0029282998909248175,0.0021428931113562895,0.0038769984237247163,0.010062049454441786,0.0030319527390824416,0.0023781943760291567,0.003758844476402113,0.011013450178708657,0.002954289295539394,0.00218149711206692,0.003910568238889469,0.010474571448037553,0.0029662388931288816,0.002294779114489242,0.003933915632922462,0.010828146837643299,0.00192216603096874,0.0021591614893606372,0.0037406808030538584,0.008790183634251927,0.0029676394773304514,0.0022572414694238658,0.003881749512006629,0.010672723826068611,0.002131341244518931,0.002202167362615733,0.0038205068896723913,0.010200188417479926,0.0021349972935229685,0.0021946884110163453,0.0038393003228771286,0.010039665963769692,0.0029173734909542287,0.0021621738831653194,0.003861674355498743,0.010153945334030776,0.0021880846519222955,0.0023469576526096506,0.0038922040366054607,0.010902940242312129,0.001059848780588973,0.0010655015661083728,0.0010688180428941618,0.0010703795526196738,0.0011031251851067454,0.0010746815164298091,0.0010662298171123864,0.0010753072953544147,0.0010685972432644085,0.001070299900361398,0.0010777174726655085,0.0010680036289592025,0.0010719193338515163,0.0010670117587008804,0.0010707337769205905,0.0010704784391694863,0.0010664884146564736,0.0010697508969956307,0.001077388483991874,0.0010712935077349546,0.001071960985518133,0.0010623501668659188,0.0010724131265507943,0.0010711729974809377,0.0010717739900799206,0.0010803929976602403,0.0010637109826521628,0.0010899807269757753,0.0010917765635316946,0.0010642029174449898,0.0011087326867737558,0.0,0.0,0.0,0.0,0.0,0.0,0.0,0.0,0.0,0.0,0.0,0.0,0.0,0.0,0.0,0.0,0.0,0.0,0.0,0.0,0.0,0.0,0.0,0.0,0.0,0.0,0.0,0.0,0.0,0.0,0.0
201,0.002973765922574116,0.002355545270364385,0.003991408884417596,0.010836233199923984,0.00292211289926142,0.0021644446601982066,0.003943845416376122,0.010028857852103152,0.0029683339638858007,0.002575729516382455,0.0038233172421137797,0.011467913999710125,0.002976433191822271,0.00236164804271258,0.0038245252780346405,0.010984865910763928,0.0021336075073349115,0.0024997304348111987,0.004001418944847549,0.011326461006318237,0.002920870387911342,0.002308530116677979,0.003846013786088843,0.010557983078454874,0.0024221873149290222,0.002155361174710613,0.0038315514787209317,0.009548990319552524,0.002121020540008737,0.0021820203833006297,0.0038348830435223228,0.009918457745934618,0.002963391574036833,0.0022608422887288185,0.0038602205891148525,0.010800252335938,0.0029802405469026455,0.0028054183925562783,0.004271629998682984,0.012169713559577721,0.002948104266851986,0.002725691850854447,0.004091131727513806,0.011950109178600574,0.0029853536642249203,0.002363432498461003,0.0038078069866939747,0.011002299933931337,0.0029628700789492476,0.002345290623019581,0.0037917388971443738,0.011000238992018149,0.002973595417761461,0.002282325235551002,0.003847127732259765,0.010748403400855151,0.0030073572153439215,0.0029430038110652233,0.004207908012694274,0.012229497623274622,0.0029775014810893155,0.0024535910699407734,0.003772740248894706,0.011271604544095941,0.0029717355094048487,0.0023373165977717833,0.003817637631728617,0.010955312139010041,0.002979864001695506,0.002359585543855872,0.0038631392312937956,0.010955170927667108,0.003318058646948079,0.0023970280233653486,0.005205616200526423,0.01259130799146821,0.0029621245345371012,0.00227872958459444,0.003974894458898118,0.010713595089683007,0.002409528312240817,0.0021601143401031946,0.0037861850143520955,0.008924548686567408,0.002928610654279394,0.0021423767641688034,0.0038768580509503598,0.01005735877935168,0.003040493012235113,0.0023930533779552908,0.003754912306356772,0.011048911022839858,0.0029577612257160497,0.0021910296689481848,0.003910262850937987,0.010524593409455059,0.0029675726457843816,0.0023167551336157515,0.003940592039874328,0.010890333768752121,0.0019203162335687215,0.0021591166876592936,0.0037465000901982033,0.00883142425127216,0.002968052211070514,0.0022603378376008197,0.003878968189345782,0.010679898009264902,0.002117985146478965,0.0021970382895527573,0.003818020598550166,0.010154854230518578,0.0021257472864082143,0.00219530234057156,0.0038384303314364194,0.0100406458946522,0.0029138603203889895,0.002155787215341126,0.003861663330868583,0.010099285767743087,0.0021783915939507523,0.0023519127706935353,0.003894252028568149,0.010915534626028699,0.0010604381087321287,0.0010665179518892002,0.001070411210351597,0.0010710200804484459,0.0011055876713664003,0.0010754630550014253,0.00106689460622204,0.0010762227995575985,0.0010694432958341653,0.0010721210965679022,0.0010786246284777924,0.0010696934791716314,0.0010724729898447891,0.0010687642860671095,0.0010725886500997958,0.0010725505239672895,0.0010685471854038379,0.0010713844809939045,0.0010793318133704556,0.001071745933835202,0.0010727306321688531,0.0010643715404569114,0.001074005685213806,0.0010713809945666916,0.0010730499914510722,0.0010808352156032658,0.0010644654584086267,0.0010915956795036713,0.0010923248468444804,0.001064587519342207,0.0011095671327616028,0.0,0.0,0.0,0.0,0.0,0.0,0.0,0.0,0.0,0.0,0.0,0.0,0.0,0.0,0.0,0.0,0.0,0.0,0.0,0.0,0.0,0.0,0.0,0.0,0.0,0.0,0.0,0.0,0.0,0.0,0.0
202,0.0029704326121707883,0.0023490161474613008,0.003982614563647598,0.010805551831912718,0.002921485403674816,0.0021634127769157366,0.00393984606847116,0.01001874976410939,0.002964048689223693,0.002589861303188357,0.003830820394020887,0.011466770296207518,0.0029714742365691132,0.0023536347880147267,0.003826307452635208,0.010932471938203164,0.002143435936680014,0.0024953680824285136,0.003993611823306829,0.011287779535781188,0.0029222226805327325,0.0023165691329228855,0.003846842697797047,0.010582457827028439,0.002421761446855947,0.0021566206318039635,0.0038338837775886286,0.009586915610860836,0.0021262178646803756,0.002179065738462176,0.003829821144271401,0.00988123981114539,0.0029646027749719796,0.0022768648447426517,0.003850657720531711,0.01082916202993743,0.0029745373139777914,0.0028014219561872354,0.004260638908261098,0.012125290520487568,0.002944013249896019,0.00272739781227961,0.004096893044720582,0.011931009902085577,0.002974342647160372,0.0023559868925870234,0.003813010662915092,0.010938743890976026,0.002963286726923143,0.0023745057226238634,0.0037728787201932006,0.011050776823378811,0.002968908489669059,0.00228404552051744,0.003844486348055777,0.010716712425016695,0.0029878952244603825,0.0029279763452581464,0.004198722790472685,0.01220337352937621,0.0029732222866007203,0.0024631482777907427,0.0037819701638139836,0.011259386893182313,0.002967481510420795,0.00234617612606152,0.0038155113590731416,0.01095170837814673,0.002978526693395939,0.002373006867102841,0.003854487489954261,0.010966805747294466,0.0033054446050959944,0.001967889538581605,0.005307477801258714,0.012763940343281125,0.0029667161916549353,0.0022940157165356693,0.003951735888670221,0.010805090735844382,0.0024251087133617477,0.0021554676748799994,0.0037810820800104816,0.008899071825647847,0.002930665757494742,0.0021483007260332965,0.003876551409932524,0.010095206200318067,0.0030398469213013426,0.002426102690869376,0.003751826919795274,0.011129490556899465,0.0029581722515052934,0.002194010860261842,0.003908442922888547,0.010534339859946151,0.0029688301963715774,0.0023185178990696863,0.0039386576034291165,0.010906039260786869,0.0019263933762914626,0.0021588131343032277,0.0037506408894269943,0.00886313457198042,0.0029669395887417273,0.0022629068100926348,0.0038740193074469614,0.01066766389665869,0.0021233974968327468,0.0021998882172737143,0.003813372033538618,0.010153865574190627,0.002123324355987513,0.0021909491793266982,0.003834715690407664,0.0099751306478529,0.002907919891586745,0.0021514549991192783,0.0038550168030139337,0.010026142524888131,0.0021773670228979842,0.002355719403357834,0.003894694185273562,0.010905989321309829,0.0010603461588849087,0.0010661903400792801,0.0010670077297974714,0.0010706669553665047,0.0011004491119814823,0.00107519182429788,0.0010664647611198625,0.0010757751697411451,0.0010689498972418358,0.001068812412775348,0.0010782734176797942,0.0010662152141988073,0.0010722389342330291,0.0010653694834034035,0.0010693252640108608,0.001067561320793243,0.001064014344208982,0.0010678048886134351,0.0010757200054217497,0.001071347836884967,0.0010723792802309908,0.0010597045890411144,0.0010704749434372845,0.0010710384801962628,0.0010691546474504057,0.0010803260377968361,0.0010642153103835336,0.0010878714213776947,0.0010917784026453327,0.0010642980673367262,0.0011088165156781034,0.0,0.0,0.0,0.0,0.0,0.0,0.0,0.0,0.0,0.0,0.0,0.0,0.0,0.0,0.0,0.0,0.0,0.0,0.0,0.0,0.0,0.0,0.0,0.0,0.0,0.0,0.0,0.0,0.0,0.0,0.0
203,0.002968895685978184,0.0023487204280320364,0.003971002031350113,0.010819274849139044,0.0029209089707512587,0.00216311480805444,0.003935525101983346,0.010021034765135354,0.0029551884024753305,0.002593755822553694,0.0038371243857965626,0.011441025127328261,0.0029647442811480767,0.002342719920334204,0.003832849422228335,0.01087190145775508,0.002144065526270307,0.0024968451707361706,0.0039931863979117774,0.011268610807180338,0.002923907439567657,0.002330291797508451,0.003844551473031088,0.010610077819114655,0.0024249966897391135,0.0021565139077907615,0.0038326158198773623,0.009604920235707252,0.0021245038034478406,0.0021789068656630824,0.0038276785851758177,0.009867872775803942,0.0029663551400297885,0.002295301390810183,0.00383523516454453,0.010862797523341907,0.0029728312717643476,0.0028120250016261195,0.004291400332550159,0.012125791666369599,0.002938110606040654,0.002723398634160405,0.0040870021591919966,0.011895107594683724,0.0029692238723456597,0.002345924432072239,0.0038196465547689663,0.010876616582649748,0.002963188117218277,0.002403523539015279,0.003759572262669093,0.011101252362880683,0.002966168911815001,0.0022957422710927736,0.003840909301306821,0.010721326997528254,0.0029844156630748422,0.0029374212584622203,0.004219448807255289,0.012194344656274454,0.0029695164713216364,0.0024766619777470264,0.0037863936423100123,0.011268747350653387,0.002964179329269608,0.0023667042955098057,0.00381049354958162,0.010974626716773444,0.00297684328803788,0.0023840408237980806,0.00384888274346162,0.010967955465012627,0.003187584281928356,0.0018607091518431829,0.0053090256694398605,0.012823208194107486,0.002967673316559263,0.002308961123433119,0.003940504488467883,0.01086848020027527,0.002457961331746254,0.0021529696542232964,0.0037866236808031953,0.008954707577156218,0.0029337245200698613,0.0021589130407194293,0.00387596529753616,0.010155602671860268,0.0030152596762339943,0.0024558585461232933,0.003764727684698788,0.01118964139106604,0.0029581745053378346,0.002202258205729203,0.0039041745400439855,0.010552718776433207,0.0029703808898743694,0.0023197636645609335,0.003929828731275286,0.0109296707168245,0.0019320610112644456,0.0021549256218618283,0.0037438469038981854,0.0088230776387227,0.0029664892775614466,0.0022742299380686653,0.0038656594211270686,0.010680540030727496,0.002122547996274887,0.0021985028630741683,0.0037983186705627596,0.010059417806966519,0.002125646954223681,0.0021896166585037608,0.0038313992599160627,0.009951527395024744,0.0028994966648505536,0.0021493814912991027,0.003839050558592254,0.009923797237232553,0.002176623798124654,0.0023623154527957595,0.003896995675801023,0.010907899124005225,0.0010605326783359715,0.0010660750983057096,0.001068159391114138,0.001070496624142032,0.0011022611063499117,0.0010752236267301428,0.0010665003682668857,0.0010756858106788173,0.001068959638436303,0.0010698747034987514,0.0010781688187789648,0.001067313565879669,0.001072193295887936,0.001066541300026897,0.0010703939295105412,0.0010693689880945112,0.0010657531691434792,0.0010690852130258055,0.0010770186578663089,0.0010712585406087603,0.0010725347093333223,0.0010611900396715111,0.0010715209350376656,0.0010710979705519197,0.0010705438615564208,0.0010804655323372488,0.001064131862999889,0.0010889207696818388,0.0010917770781461715,0.0010644457151653202,0.0011084820437275,0.0,0.0,0.0,0.0,0.0,0.0,0.0,0.0,0.0,0.0,0.0,0.0,0.0,0.0,0.0,0.0,0.0,0.0,0.0,0.0,0.0,0.0,0.0,0.0,0.0,0.0,0.0,0.0,0.0,0.0,0.0
204,0.0029699167279703424,0.002363925814785046,0.003953639728941879,0.010881490126052178,0.002923878469947603,0.002164856736755259,0.003933812614278357,0.010073536146877875,0.0029556438627427748,0.002624002693929809,0.003853837155021393,0.011503368786734448,0.002962626982946838,0.0023508192522140496,0.003829855946814631,0.010889067295798563,0.0021437669271675928,0.002504224013746899,0.0040004293794213275,0.011287132988194249,0.002928394626565949,0.0023469556070686917,0.0038476436150334642,0.010683165798612126,0.00243309602737526,0.002160341759221293,0.003837343951714485,0.00967631928157519,0.0021134580716643874,0.0021860844550673593,0.003827768920181779,0.009920506047893683,0.0029702603357069863,0.0023179540086524664,0.0038177695708664218,0.010925726134940113,0.002972911832775385,0.002826398677596705,0.004334199886911619,0.012163956675001515,0.002933610058569989,0.0027174180180016528,0.004074177415171816,0.011875937250681262,0.002972572246310722,0.0023809268923558834,0.0038133764358515045,0.010968491263938906,0.002964818153558223,0.0024361048703561592,0.003747084744242595,0.011182088164575115,0.002964209219804969,0.0022944885527606783,0.00384290383674631,0.010707619354139171,0.0029887869325933457,0.002966030506868768,0.004271735813879138,0.012243896900478198,0.0029710042594942527,0.002516954715410923,0.0037917547977084068,0.011372382447727675,0.0029665108235327987,0.0023941696684368413,0.0038005509504717423,0.011046133961925341,0.00298011290484949,0.0024131678375000905,0.0038367010876778525,0.011032867143900898,0.003152952613485703,0.001663183659611923,0.005302629497143202,0.012849907310798141,0.0029687598899978203,0.0023216811434435807,0.003932126898345545,0.010905281513487585,0.002483105823795657,0.0021514493090247773,0.00379349835386752,0.009017020709908893,0.0029389727837750785,0.0021741285678408334,0.0038711840006748575,0.010249612177749983,0.003015322953067054,0.0025034093236425644,0.0037854488300854542,0.011304841736146806,0.0029555644813595815,0.002201229137939192,0.003902561108208566,0.010525846506236143,0.0029688329392107337,0.002307401872737155,0.003930831910665956,0.01090681185585526,0.0019335695980965467,0.0021542678380509386,0.003742465498786909,0.008817118000240707,0.0029649431413636884,0.002286785601703281,0.003860366003501166,0.010714587841328954,0.002128989081118689,0.0021999543139088066,0.003785877410269585,0.010005430412447298,0.0021259348013187842,0.0021884267515055226,0.0038307771721220224,0.009928005219332906,0.0028920169802635,0.002147530148990631,0.003831083275043035,0.00985998913451461,0.002180391544658586,0.002364223654626259,0.003896386827953422,0.010913405250229404,0.0010604581832558818,0.0010659144779367787,0.0010691587645538004,0.0010705935419115396,0.0011036471181542892,0.0010752892694147155,0.0010665269518105136,0.0010757365958858822,0.001069105312416712,0.0010705788741837278,0.001078128983837578,0.0010680906565633404,0.0010721682433319467,0.0010672977536165724,0.0010713256137697335,0.0010706181510092548,0.0010669645004645805,0.0010699482944028058,0.001077800349598255,0.001071270199875885,0.0010725153980435799,0.0010625606170365052,0.0010723110847587266,0.0010709793748432236,0.0010715132961568944,0.001080617676181998,0.001064140857158294,0.0010897703734313198,0.0010917570044518114,0.0010644747745929628,0.0011088712696065187,0.0,0.0,0.0,0.0,0.0,0.0,0.0,0.0,0.0,0.0,0.0,0.0,0.0,0.0,0.0,0.0,0.0,0.0,0.0,0.0,0.0,0.0,0.0,0.0,0.0,0.0,0.0,0.0,0.0,0.0,0.0
205,0.0029817775280847,0.002401345016039479,0.003954360821160028,0.011054238396051092,0.002927830484888716,0.00216656274260302,0.003930120017069731,0.010126749130956937,0.002955529523514026,0.0026227089305940186,0.0038510406320705994,0.011495523278007739,0.0029633618062139566,0.002370455024657893,0.0038150271667858407,0.010930951475797292,0.002140168916897841,0.0025020650038059906,0.0039967383749364115,0.011272185360275659,0.0029312059399306412,0.0023578282513125014,0.003844596606448519,0.01071754226539017,0.0024252958840053755,0.0021570479188760794,0.003834435291812966,0.009640402482545638,0.002105593468230452,0.0021839917658702302,0.0038257183027474956,0.009907299704173644,0.002978598571328421,0.002352549827242343,0.003788202419779282,0.011022790330999,0.002973715293594829,0.002820295096166676,0.004316298250173155,0.012141876862508571,0.002941253760786249,0.0027557220467244064,0.004168334185560974,0.011980230275144511,0.0029700930749313064,0.0023630284607793622,0.003812282269921004,0.010904588031124257,0.002967068801853367,0.0024426936314628006,0.0037372292183008565,0.011198503192008793,0.0029639391931692606,0.0022873247105184157,0.003839436453553067,0.010679234503287716,0.0029915752648461778,0.002988092928868446,0.0043161264630021965,0.012275204685696752,0.0029788919537676946,0.002550789269796641,0.0038116625840838355,0.011452885224125419,0.002969903571568944,0.0024167995185907765,0.0037866209650945794,0.011096057686076338,0.002983894324761035,0.002432704352145265,0.0038217617718529938,0.011081390941347441,0.0031613428077666692,0.0015741429385797358,0.005309735521310657,0.012850723658800349,0.0029697283170806916,0.002329358690739691,0.003922204885211789,0.01091581006754528,0.002500288899087014,0.0021483576974791704,0.003796918007062818,0.009072238315140082,0.002944745863688112,0.0021935564009596597,0.003865013098098721,0.010348741429600378,0.0030163555494516396,0.002508095386763179,0.00378494047611176,0.011313213505648187,0.002955897974721836,0.0022035793447470193,0.0038968497751363006,0.010526485659479811,0.00296679900971345,0.0022913854887561575,0.003925259636080653,0.010849106246970629,0.0019322749926726768,0.0021528684536397734,0.0037375865057851527,0.008793464909761756,0.0029670531016380546,0.002310386536622374,0.0038447083153968775,0.010776660255778439,0.002120720478680687,0.0021932587867101085,0.0037775348937330116,0.009943024884824268,0.0021229880211656605,0.0021887850594501028,0.0038267876737082115,0.009935898877120946,0.0028899347292348737,0.0021498612839012227,0.003823756418265865,0.009847966874277933,0.002175607973895485,0.0023579586170964116,0.003889008288085395,0.010889286594856412,0.0010608287474450973,0.0010663608090831608,0.0010707481859004535,0.001070897607699728,0.0011055878236195243,0.0010754727480497002,0.0010667955343833012,0.0010759524124252446,0.0010695607069811743,0.0010719843186812869,0.0010785865215995995,0.001069648346391974,0.0010726176589204084,0.0010687241693980638,0.0010726853971533609,0.0010724639459654677,0.001068747979853543,0.0010715297236571371,0.001079299136074515,0.001071740791742948,0.0010729937162479968,0.0010642320996898744,0.0010738530437110884,0.00107151842217972,0.0010731026582529962,0.001080777322094812,0.0010643386821944662,0.0010912830250942392,0.0010921287353540525,0.0010643641743868016,0.0011094266057084807,0.0,0.0,0.0,0.0,0.0,0.0,0.0,0.0,0.0,0.0,0.0,0.0,0.0,0.0,0.0,0.0,0.0,0.0,0.0,0.0,0.0,0.0,0.0,0.0,0.0,0.0,0.0,0.0,0.0,0.0,0.0
206,0.00297655903734184,0.0023945729634680677,0.00394786956938021,0.010986820055327244,0.0029279028266496754,0.002167244214127933,0.003931300898220837,0.010130571359697794,0.0029531293710263603,0.0026204730692094367,0.003849328566072041,0.011482629317531048,0.002959874370843471,0.0023567152920424125,0.003824496079740383,0.010890684418985304,0.002146406677218997,0.0024952078237088235,0.0039902399385819175,0.011254419330495606,0.00293177531499288,0.0023571993631492693,0.0038446623476720426,0.010720121668763264,0.0024310628544433983,0.002157967872034574,0.0038357603254735866,0.009656187325654434,0.0021130545318218874,0.002182459222721591,0.003826401836621877,0.009894475065654478,0.0029803750954351693,0.0023627291186465605,0.0037816060575686975,0.011047288975559184,0.002969315552229669,0.0027992631046780004,0.004256622991938717,0.012087187314030036,0.0029410116997607622,0.002765832357982026,0.004199236911939736,0.012013136148348914,0.002971599601021249,0.0023779937909270336,0.0038107570611049905,0.010944798085897673,0.0029669605832723087,0.0024462341304128587,0.003737787361293449,0.011206539294876052,0.002963742775432106,0.0022944798228595833,0.0038392154363124428,0.010697475263694564,0.002993224538844765,0.0029986966968238286,0.004338168042847212,0.012297255681891918,0.002980384957925999,0.002561502159049743,0.0038195629176948566,0.011470413526991938,0.0029722785179464536,0.002434615273559747,0.0037814646792238412,0.011138275105341948,0.0029818819239305636,0.0024274769213420535,0.003825228868695389,0.01105170495722287,0.0031506864937281,0.001703011717150679,0.005298338724055257,0.012829144274295715,0.002967882358992448,0.0023270671076438126,0.003921281863703144,0.010886688083780896,0.002520237137443022,0.002147296118569622,0.0038004561481328044,0.009112786207983527,0.0029464531948761976,0.002201738394081167,0.00385914921222192,0.010380478927914842,0.0030190272231666927,0.0025162765127743555,0.0037879769572583466,0.011336050183219261,0.002952833351466314,0.0022018982429098436,0.0038950642259356284,0.01049078947345444,0.002966026688604539,0.0022965489719134835,0.003924682309766373,0.010842610363216659,0.0019295258819540888,0.0021529231383306544,0.003733919439093116,0.008760506734851882,0.0029677225988784315,0.0023168429168315104,0.0038411907246598534,0.010792578735989673,0.002125471257214207,0.0021961739864162478,0.0037929581611044765,0.01004279627733546,0.00212608418612977,0.0021867383685173374,0.0038230259821165277,0.009907646948805667,0.002897731692399157,0.0021577642273798952,0.003836648570838458,0.009961658304459883,0.002182235371177706,0.0023549498971439757,0.0038859593305766646,0.010872787261673206,0.0010604996013658125,0.0010663646611574103,0.0010679491699203932,0.0010706955755727025,0.0011006150921798483,0.001075351926256769,0.0010666660790329351,0.0010757892298634583,0.001069303600088144,0.0010689745628840242,0.0010783570582004029,0.0010664730652638484,0.0010723864309749361,0.0010656892950386867,0.0010694702486591472,0.0010678937193272446,0.0010643808713938355,0.0010683848839016733,0.00107618171548037,0.0010715086997200227,0.0010726901424668823,0.0010602331886064892,0.0010706541301251007,0.0010713238710154834,0.0010699637275496626,0.0010806642847149028,0.0010641649628775809,0.001088147085561202,0.0010921077421616676,0.0010644715762499258,0.001109221756936626,0.0,0.0,0.0,0.0,0.0,0.0,0.0,0.0,0.0,0.0,0.0,0.0,0.0,0.0,0.0,0.0,0.0,0.0,0.0,0.0,0.0,0.0,0.0,0.0,0.0,0.0,0.0,0.0,0.0,0.0,0.0
207,0.0029701717095473217,0.002361502912470356,0.003964113871282644,0.010866456941112438,0.0029237224089439596,0.002163720727281053,0.0039310228829201885,0.01006396938057161,0.002952232614693364,0.002616677358870079,0.0038468434888584363,0.011476282952937863,0.0029586199244747745,0.0023394068850364222,0.0038317890104594757,0.01083868166591352,0.0021458854872507946,0.0024906276567202928,0.003986498778687372,0.011243295592989958,0.0029297547303258694,0.002345078404024946,0.003846680099247104,0.01068590739779834,0.002431976903389613,0.0021569794373952613,0.003835486794944246,0.009628204585253155,0.0021214820935593947,0.002179987357864312,0.00382701527824997,0.00987111646418315,0.002973455692966748,0.0023354450202482794,0.0038063903541988753,0.010973412551400894,0.002971025505431435,0.0028067699913173123,0.004275823644335261,0.012110221335325438,0.0029365002455451414,0.0027446120578398575,0.004141020822494437,0.011948133447696498,0.0029702630065928794,0.002371322683921553,0.0038123131724030045,0.010923918112263347,0.0029643190194042,0.0024349081453077367,0.003745630017227374,0.011169194212894978,0.002961740219612494,0.002288511487082085,0.00384263386653067,0.010669183135155594,0.002991096373642182,0.002983544536827739,0.004305862576384281,0.01227415935869049,0.0029714449930513492,0.002531537127679969,0.003798994467284882,0.011391571155594707,0.002967678833730356,0.0024114462508496716,0.003790530816627864,0.011072493385698663,0.002976327774483969,0.0023982141231299967,0.0038415417821361757,0.010973538775976406,0.0031488040404744743,0.0017037932641274425,0.005299611041927264,0.012835744608795309,0.002966511976430086,0.0023210676534602495,0.0039261596713097615,0.010868112238183977,0.0024936647158852613,0.0021489106547795127,0.0037943576229452864,0.00904807949588476,0.0029426604330200254,0.00219152295318497,0.003863192931225813,0.010326223188605328,0.003015346553573034,0.0025006665675737106,0.003782851542494227,0.01129915385728981,0.0029518367173985995,0.0021996844636709948,0.003896367848542171,0.010480957405009688,0.0029641758664653217,0.002285355267878839,0.003921773907220335,0.010804198915224845,0.0019265259600850767,0.0021481387482646585,0.0037194937948247355,0.008661278556550685,0.002965301384539615,0.0023082936443094277,0.0038465272226047755,0.010760486246756434,0.0021247810559948048,0.002194496030702784,0.0037936957916465093,0.010022430693756568,0.002127446433136489,0.0021862441236537916,0.0038230675676085733,0.009897454814202894,0.0028971095067876905,0.0021573213364843025,0.0038365471718949484,0.009953352468436259,0.002183206578382846,0.0023555984528547385,0.003886305427370879,0.01087130083118246,0.0010604675339769428,0.001066408237098478,0.0010690993012799827,0.0010709089492790067,0.0011025578931216364,0.0010753281822097848,0.0010668172602631624,0.0010759049728371892,0.001069146322765024,0.0010701320744714304,0.0010783521079825397,0.0010675610673487857,0.0010722460903033007,0.001066779737080571,0.0010706339431939792,0.0010697060820178141,0.001066201248119462,0.001069461810075802,0.001077263463352332,0.0010715022640781506,0.0010728175296485201,0.0010619052829318036,0.0010717333653070123,0.0010712031912924612,0.0010710009660552717,0.0010808860472988687,0.0010643109017365014,0.0010892742721975608,0.001092221219956759,0.001064600330232149,0.0011093768980488048,0.0,0.0,0.0,0.0,0.0,0.0,0.0,0.0,0.0,0.0,0.0,0.0,0.0,0.0,0.0,0.0,0.0,0.0,0.0,0.0,0.0,0.0,0.0,0.0,0.0,0.0,0.0,0.0,0.0,0.0,0.0
208,0.002968203202675728,0.0023508429880561153,0.0039728705264816195,0.0108333180576125,0.002922929166046717,0.0021633379979305073,0.003933390374214999,0.010049152870429855,0.0029536520773667963,0.002628922663162915,0.0038574838131008554,0.011503756737872222,0.0029607936262841827,0.0023421242783089147,0.003831394378832182,0.010852732649624941,0.0021514248042386118,0.0024886351190734706,0.003984935125438748,0.011239189174751116,0.002929753805216635,0.0023425397067107258,0.0038476005758920407,0.010682737234720196,0.0024357331004480594,0.0021576593056420483,0.0038374285373783505,0.009620577283735155,0.0021304879290110048,0.00217876809618079,0.0038283224216013683,0.009859232571095108,0.002970438274108014,0.0023215641538990328,0.00381814139285323,0.01093295231935088,0.002972708883110547,0.0028179711907162248,0.004307562595006136,0.01214238545299641,0.0029369461842579927,0.002735349428224763,0.004117119835273135,0.011923917309549482,0.002971528489071132,0.002381019329675857,0.0038087757046740283,0.010955052727566018,0.0029636815104071516,0.0024260052883772975,0.003750947915070176,0.011149621094302974,0.0029621617315679846,0.0022863545810151865,0.0038444705626736967,0.010667057398825716,0.002989147785400277,0.0029802163510250492,0.004295994854268983,0.012270089215449878,0.0029698538580680118,0.0025175923211991948,0.0037899837885764596,0.011356819768305892,0.002966716225685252,0.00240391952262477,0.0037965287951285272,0.011056565983646098,0.002974207672563013,0.0023830937441423937,0.0038488709679294648,0.01093994367747444,0.0031517767453508212,0.0017429222175921525,0.005303275553115814,0.012827430563634744,0.002965832088752723,0.002314041587060763,0.003930579686779184,0.01084813098949419,0.0024841111602390527,0.0021501950416165563,0.003791635122971696,0.00901530543280055,0.0029411510480829286,0.0021840758269289625,0.0038662716372165782,0.010290472599439004,0.003014819645004946,0.0024965454724379566,0.003778899420561006,0.011274644765720456,0.0029518299356441446,0.0022009475150611586,0.003898430533044021,0.010486678232354643,0.0029647434467017742,0.0022885745797998594,0.003922872960742933,0.010816983294262644,0.0019302524003187624,0.0021538086529209505,0.0037353234935813685,0.008764144776728,0.0029651670173834526,0.002305184287472832,0.0038489275276218974,0.010750999452568593,0.002131684986873132,0.002196875060757347,0.0037975707690797882,0.010052166561577605,0.0021274431426109076,0.0021880592066675177,0.0038277893445828126,0.00991926101186734,0.002899777229588133,0.0021581630934247474,0.003839120897120502,0.00997160600140058,0.0021858768752791146,0.0023567625293612155,0.0038873456149598317,0.010875331078421441,0.0010600155525151323,0.0010660046715521088,0.0010694799418587075,0.0010705141013911284,0.0011035356546808964,0.0010747185940985938,0.001066267930521116,0.0010754878855320038,0.0010686892796299315,0.0010704890637651602,0.0010778953075858562,0.0010679391939671821,0.001071791478100438,0.0010672853375761485,0.0010710991757703087,0.001070709392981765,0.0010669031641539696,0.0010698291505096145,0.0010778631858611206,0.00107108392307854,0.001072347089643891,0.0010626995717116106,0.0010721028923014898,0.0010709235191405672,0.0010713547142787942,0.0010803531987621721,0.0010638276403855658,0.001089665821737857,0.001091634159382598,0.0010642485873735609,0.001108882598288855,0.0,0.0,0.0,0.0,0.0,0.0,0.0,0.0,0.0,0.0,0.0,0.0,0.0,0.0,0.0,0.0,0.0,0.0,0.0,0.0,0.0,0.0,0.0,0.0,0.0,0.0,0.0,0.0,0.0,0.0,0.0
209,0.002972456924429028,0.0023649852051315957,0.003972507935526465,0.010855911088460719,0.0029248906988622817,0.0021642061039507873,0.003935727138585972,0.010071730335775745,0.0029583307193209495,0.0026413432230812496,0.0038682270504681285,0.011550175316201963,0.002966154882869343,0.002352488912908264,0.0038272479236902673,0.010910528707588421,0.002140848585117307,0.002494480517464701,0.003992062664643661,0.011277441364121973,0.002932831090098653,0.0023473053489879324,0.0038482763698229985,0.010725943691907242,0.0024494368770924388,0.002157607237804392,0.0038396213335230127,0.009659980074162619,0.0021095569768401655,0.0021874922216178322,0.0038338492901014297,0.00995034577742823,0.0029730356151376376,0.0023201992105810667,0.0038145519033481942,0.01095209407012439,0.002982734578160228,0.0028242363751051092,0.004323341179345927,0.01217018296384648,0.0029449224503048563,0.002719078120437429,0.004076594823354855,0.01189606351827852,0.00297704057130576,0.002390299089899694,0.0037977986860557138,0.01101819748933016,0.0029677521563142603,0.002424950294770386,0.0037473478210859374,0.01117623059002088,0.0029671828093509245,0.0022927861576479253,0.00383988529019338,0.010721903695543843,0.0029987638104590902,0.0029860477449086213,0.0042960736718514305,0.012282736970254145,0.0029732044656277145,0.002514051293589529,0.0037907151733103496,0.011382480388179373,0.0029703545669894573,0.0024006100004812124,0.003794361706329891,0.01108046502097729,0.00297749554258418,0.0023865447555398087,0.0038457859713315373,0.010977360950842858,0.003242972230706671,0.0016621148970950266,0.005326868548111423,0.01286424181793469,0.002969876480381283,0.0023193415542427324,0.00393348580722502,0.010899277077564568,0.0024685491480421692,0.0021514209942153323,0.0037905588837893484,0.00899475069744422,0.0029441954546946267,0.002183487879122363,0.0038696721519011603,0.010314416829224205,0.003023866493750873,0.002493866012740388,0.003774308750832454,0.01129512661805493,0.0029579864087754537,0.0022079077437098444,0.003898017572401027,0.010559221345457656,0.002969102429673888,0.0023029593788754404,0.003922731913978625,0.0108949156650118,0.0019205697994780777,0.002155466345094424,0.00373878843062834,0.00877835230614125,0.0029716781231065937,0.002310327963480757,0.003847917262126646,0.010792015662831117,0.002125606247932987,0.0022078775031057997,0.0038152749709941284,0.01021136500925009,0.0021211370425675445,0.002189560333314766,0.003831862962628882,0.009963067038464387,0.002911466440740507,0.002168342470664074,0.0038511273325870675,0.01012585854080972,0.0021791787283703917,0.0023597286401414027,0.003890944923084665,0.01090955257111173,0.001060328282154482,0.0010663167666135247,0.0010709608615777412,0.001070905128078643,0.0011059209604767817,0.0010749779284429113,0.001066833155639074,0.0010759590189505514,0.0010692935453583592,0.0010720202547187152,0.0010784977698029658,0.0010696594764334686,0.001072335299284793,0.0010688823616912743,0.001072697272568759,0.0010725603362618783,0.001068806591990157,0.0010715254176583296,0.0010794486457099918,0.0010716232693168163,0.0010728632542400386,0.0010644709934476441,0.0010738853267959867,0.0010716166314029862,0.0010730830948608666,0.0010807054005832044,0.001064325716524999,0.0010913271031675182,0.0010920842328636842,0.0010646387192708863,0.0011095225188893433,0.0,0.0,0.0,0.0,0.0,0.0,0.0,0.0,0.0,0.0,0.0,0.0,0.0,0.0,0.0,0.0,0.0,0.0,0.0,0.0,0.0,0.0,0.0,0.0,0.0,0.0,0.0,0.0,0.0,0.0,0.0
210,0.0029809104887566717,0.002388150298264925,0.003976863743313412,0.010999387813169722,0.002929518010692982,0.0021685404404215274,0.003944419714774593,0.010148539733611153,0.0029650524113373315,0.0026531751497045316,0.0038784620855040505,0.011615783821870965,0.002975268892414933,0.0023862864816567406,0.003813295651434476,0.011044925663092987,0.0021318881607440775,0.002513152230587009,0.004015024387672402,0.011366840894015849,0.002937254514795584,0.0023539243404101327,0.0038519934721592706,0.01079077621381988,0.0024682681132282406,0.0021610882868480837,0.0038463678756530152,0.009730039137701662,0.0020934566717306174,0.0022014408180668597,0.0038413978142553345,0.01006553741064461,0.0029766130420031886,0.002329803747936613,0.0038163133876627435,0.011016849738190872,0.0029920920099996973,0.0028421760412943664,0.004372129707872601,0.01228649896767443,0.0029444007386285114,0.0027035682450010294,0.0040377061654679695,0.011884737688560106,0.0029876720737520026,0.0024048549079484856,0.003796346159002482,0.011113757708565849,0.0029723257264836892,0.002443963771383735,0.0037455407474095968,0.01126370660200992,0.002974041561264267,0.002313356439405315,0.0038403387186647297,0.010836020876685195,0.0030259032365951926,0.0030089083232205435,0.0043126366311428055,0.012338316504562144,0.0029799054355171555,0.00251750842867485,0.0037944432708615734,0.011436766289070595,0.0029770767468940544,0.00240304100731081,0.003794367983907522,0.011133115816643021,0.0029864758778233216,0.00241787955297435,0.0038348263451157827,0.011103376314427761,0.0034019018550475242,0.0014752845293435949,0.005340907199063685,0.012873482069833636,0.002973016892833881,0.0023341756046465034,0.003933176067424892,0.010930154767882994,0.0024771435717321814,0.0021498689244162338,0.0037910769786124185,0.009013450851082757,0.002946119785049239,0.0021870621842383286,0.0038711153233147106,0.010348403537661267,0.003024685426940994,0.002502285564808351,0.0037780021876622754,0.011320036218326746,0.0029618456344659276,0.0022192375129441934,0.0038954301865364452,0.010619579137637215,0.0029702895260998157,0.0023135390852033508,0.00392444794919102,0.010916642592805817,0.0019275150012006772,0.0021545024955219524,0.003739395970632946,0.008793364296274683,0.002976286423013151,0.0023060942361145466,0.0038566829844710743,0.010819604708647927,0.0021329466368210054,0.0022172389592201047,0.00382256212539766,0.010304800120973574,0.0021248343690194044,0.002189997226684997,0.003837060375149888,0.009988463837210993,0.0029163133767140578,0.002171369427655448,0.0038588830604788073,0.010187755349987325,0.0021790195636002484,0.002364134086290494,0.0038984426823924063,0.01096114505088038,0.0010600768434375853,0.0010660678528388158,0.0010680736190251392,0.0010708881670557524,0.0011009704087945064,0.001075018218838596,0.0010668719117913317,0.001075805804589068,0.0010691946338744235,0.0010690725168201803,0.0010782746960156034,0.001066758654055121,0.0010721435395857374,0.001066046356802269,0.0010694233609998892,0.0010682766767393954,0.0010643010001122344,0.0010684334668358921,0.0010762425944247963,0.0010714245479014884,0.0010726446509849953,0.0010603296868205551,0.0010709547646559408,0.0010714269122295565,0.0010700399508657196,0.0010809154111179541,0.0010641884365552754,0.001088437490203736,0.0010921471405764428,0.001064547972572172,0.0011096407121541844,0.0,0.0,0.0,0.0,0.0,0.0,0.0,0.0,0.0,0.0,0.0,0.0,0.0,0.0,0.0,0.0,0.0,0.0,0.0,0.0,0.0,0.0,0.0,0.0,0.0,0.0,0.0,0.0,0.0,0.0,0.0
211,0.0029853296303940726,0.0024028797023521006,0.003970774701771766,0.011037934497411422,0.002932039148824098,0.0021702001759438525,0.003945560934625076,0.010187483414890569,0.0029748118820885953,0.0026717605234430875,0.0038888612587708346,0.011667209959498675,0.002984700549594995,0.00242129660193301,0.003794260895582668,0.01114696559370807,0.0021252586955715635,0.0025259578905204943,0.004029459456827424,0.011410337973785581,0.002938609552235761,0.002355791259545027,0.0038494715847421958,0.010801328623283701,0.0024799899316961943,0.002161667103781279,0.003846076159042586,0.009748215322561548,0.002090687988461872,0.0022050267088398233,0.0038415151246402233,0.010087181336153377,0.0029783889633525898,0.002333841318240464,0.0038125470548297648,0.011042860598106516,0.002997411421657567,0.002851246042614153,0.004401616424469004,0.012309193706002867,0.0029462016129464313,0.002711021659424313,0.004056336291414211,0.011923731282309325,0.002995589599011958,0.002409231915354769,0.003788458282393494,0.011141544989856155,0.002974550475439014,0.0024390531657913416,0.003743909914799598,0.011270734965211148,0.0029791887761745376,0.0023247511688647736,0.003830888811086487,0.010887191327146765,0.0030633428866290004,0.003018666002755214,0.0043146985303560235,0.012325426063632797,0.0029874756439217873,0.0025295268023577,0.003795407556158469,0.011478808006574116,0.0029815969605170023,0.002386071590685856,0.0037936990213259247,0.011106621127734128,0.0029920395710852,0.002435332605951814,0.003825337500814106,0.011156375363037938,0.003124799528757844,0.0014038993109173842,0.005343226623601889,0.012855491807016135,0.0029761134405526975,0.0023619087958766157,0.003950001081649247,0.011001428178777643,0.002489302586294505,0.002151362797138211,0.003797972245649758,0.009049835168225866,0.002946734993757435,0.0021901045043134534,0.003873152072066369,0.010367275311794532,0.003016036888119119,0.0024998040066546655,0.003782210660589378,0.011309307750143771,0.002964570061573262,0.0022188346007365064,0.0039031911735788152,0.010660327702332374,0.0029702369218618475,0.002314431935161919,0.003928974220560058,0.010912333642774379,0.0019292639884447356,0.00215850655610256,0.0037516479489064997,0.008870423771056367,0.002978476617498279,0.0023069063122475465,0.0038580675360061576,0.01083276383057587,0.002133021561410855,0.002213296743246358,0.003823760337484264,0.010284340742037532,0.0021270872144359115,0.00219324150127538,0.003840920912983978,0.010017978566420439,0.0029202038492257337,0.002173873638583377,0.003861901292813603,0.010227571257422541,0.0021829924236464516,0.00236405385095739,0.0038987538983689778,0.01096233331009583,0.001060033069499172,0.0010658594628513672,0.0010691526681032668,0.0010705048290881832,0.0011027546582630255,0.0010749061000247333,0.0010666974912281434,0.0010754920356694214,0.0010692299204188489,0.0010702521562504187,0.0010781180619788733,0.0010680470574900129,0.0010721527409142508,0.0010671214326027402,0.0010705638066207917,0.0010700901032235073,0.0010661129224132436,0.0010695203837792519,0.0010773308422167929,0.0010710916323172454,0.0010721499344326624,0.0010616970618146085,0.0010720041502797944,0.001070960913059556,0.0010710506955598899,0.0010803238999656647,0.0010636848097041204,0.0010896404949689875,0.0010916729133213054,0.0010642583301399293,0.0011092130992322643,0.0,0.0,0.0,0.0,0.0,0.0,0.0,0.0,0.0,0.0,0.0,0.0,0.0,0.0,0.0,0.0,0.0,0.0,0.0,0.0,0.0,0.0,0.0,0.0,0.0,0.0,0.0,0.0,0.0,0.0,0.0
212,0.002983606371518137,0.0023943064166950527,0.003969944306766775,0.011013015731734042,0.002930311280136928,0.0021682917964017264,0.003944955473402944,0.010159881033792511,0.002975352518405009,0.0026550869975696992,0.0038721368563156945,0.01163469161277559,0.0029834434939839333,0.002412962415481631,0.003794381914019914,0.011123271441797694,0.0021270696849475844,0.0025308301939864527,0.004034148426458233,0.011423186705810493,0.002936775505612982,0.002347512218021232,0.0038499285291457475,0.010773584917959145,0.0024718748672975807,0.0021584016327881317,0.003843580734721591,0.009692230661995377,0.002103383184217676,0.0021994756134526535,0.003840282111841853,0.010051508664508697,0.002976231763571912,0.0023221255309794054,0.0038175609746711873,0.011008762533510363,0.0029914113122292323,0.0028281405706448957,0.004329107939641988,0.012250666694296506,0.002946158297172841,0.0027174253049837495,0.0040732302948199425,0.011945933089305104,0.0029959344066633384,0.0024077957318862832,0.0037871022984614883,0.011137095616676923,0.0029740025572979993,0.0024306100211931017,0.0037438636047628275,0.011250518238951223,0.0029775973974125545,0.0023138314012534295,0.0038341089334825978,0.010855343216953464,0.003075657667120612,0.0030082415577269294,0.0042953496345215685,0.012304170842497818,0.002986129009086775,0.0025159500286053927,0.0037816455995594083,0.011448068150714176,0.0029788634559910552,0.0023639478513952615,0.00380218179153797,0.01104810436080023,0.0029933264901126815,0.002433703771152933,0.003821566619033949,0.011150525946821883,0.0009515388659213919,0.001065390214159377,0.005287562637464988,0.012870004909185946,0.0029744268557120018,0.0023567722650466557,0.003963495870437072,0.010953577271666737,0.0024747810217015938,0.0021534537331372506,0.0037965085321386618,0.009046387118760442,0.002944695469614708,0.002180713095808578,0.0038725694776606673,0.010322014696223729,0.0030075930099410634,0.002481300172463799,0.0037809247176383435,0.011261138327840314,0.0029668711797305697,0.0022151879812093967,0.003904336297390761,0.010679922672147648,0.002970048679795308,0.002305291867441249,0.003933134879921044,0.010895205377377915,0.0019376343028854656,0.0021572114846870995,0.003751008782450535,0.00888175997937835,0.0029779993912289722,0.0023045150375136654,0.0038563027712104326,0.010822653674624653,0.002137068225343146,0.002210534901337848,0.003822184476709037,0.010269370151358943,0.002130582814845708,0.0021914758346228014,0.0038387980259347167,0.010007155728086598,0.002920497688146745,0.0021673642860962454,0.0038636165677560386,0.010199157681510003,0.002187890252218792,0.002365874572482174,0.0038998418641814758,0.01096794927853631,0.0010601927810948146,0.0010657738661881445,0.0010704386840476605,0.0010706199832228732,0.0011044252082568937,0.0010748127557265261,0.0010665651900678536,0.0010753303548696447,0.001069257389518425,0.0010713412460025087,0.0010780954334084784,0.0010693114704109835,0.0010722080384518707,0.001068262296016799,0.0010719522121263032,0.001071640289009839,0.0010676170236617608,0.0010709118522591128,0.0010785354495468772,0.0010714041585167724,0.001072546239189137,0.0010631747576933278,0.0010731627817513237,0.0010711500524321015,0.0010723037947507111,0.0010803306494573447,0.0010637021458277298,0.0010908829509584889,0.0010917448717224943,0.0010642037578870907,0.0011090807367165143,0.0,0.0,0.0,0.0,0.0,0.0,0.0,0.0,0.0,0.0,0.0,0.0,0.0,0.0,0.0,0.0,0.0,0.0,0.0,0.0,0.0,0.0,0.0,0.0,0.0,0.0,0.0,0.0,0.0,0.0,0.0
213,0.0029869378166015215,0.0023978869866798595,0.003972056190776893,0.0110062457897065,0.002929179338222347,0.002166738881765387,0.003943058779810241,0.010137207638425138,0.0029747678254617347,0.002635569407769359,0.00385432024925014,0.011589500516254084,0.002983036661715414,0.0024049422059438576,0.003794303345746242,0.011097220761001784,0.0021246469758776114,0.0025177869421616067,0.0040201781589308105,0.011383700506054743,0.0029343113439844995,0.0023359625039683606,0.0038463630711300166,0.010731866108754227,0.0024715824209812966,0.0021579698232341593,0.003842051384133682,0.009702684714366689,0.002105405785899926,0.0021917062498670076,0.0038353819926253046,0.010003177027245071,0.002974102931843658,0.002306025317736429,0.003823450525642539,0.010961212626640196,0.002993417290223126,0.002828472796193904,0.004333231482854803,0.012248297718462996,0.002949710854802741,0.002711405552139751,0.004059537369308971,0.011925016027803562,0.0030004139484333756,0.0024177177658433933,0.0037757316341327264,0.011163740837225369,0.00297551297740518,0.002429936615803253,0.003736730294262901,0.011248536746600892,0.0029747099506122273,0.0022872841549637733,0.00383921132237476,0.010769252776090785,0.003077469639789567,0.003005865764645757,0.004292440086701107,0.01229489731280907,0.002987953091161668,0.0025205214943137292,0.003778383820884298,0.0114592374344148,0.0029824931878039097,0.0023796101860903596,0.003789145321845098,0.011090358736323412,0.0029909668646459905,0.00241596012960097,0.003823126357493241,0.011099551740066705,0.0018023103076514014,0.0011132033555980414,0.005287527758698595,0.012841577660909294,0.0029762147417100124,0.002366343737259537,0.003956999677256528,0.010968429776462646,0.0024947249616298958,0.0021540756151547475,0.00381062213253908,0.00917772939687884,0.002943337988078918,0.002171549353072846,0.0038709505499709956,0.010273529610628582,0.0030061357491364938,0.0024762319119913077,0.0037773634222654914,0.011247287219887511,0.002966729527697084,0.002211282316531169,0.00389953407797308,0.010667383197437033,0.0029698476747365287,0.002301317118765771,0.003920352175513615,0.010888239641836644,0.0019371205186616918,0.0021554141653952865,0.0037494954958415903,0.008888296324552002,0.002978750003198218,0.002305937367364244,0.0038511432689420774,0.010820039047270816,0.002126981237671542,0.0022055108614703256,0.0038187497120088084,0.010236406948348181,0.002125558386997498,0.0021903996516810832,0.0038358467676476724,0.010008661563360005,0.002921932981395039,0.0021670830950174568,0.003860523753154699,0.010204266917936857,0.0021742873725596953,0.0023659583144168077,0.0039001128481004543,0.010965974094168541,0.0010609617309136358,0.0010665647290188831,0.0010726843560703234,0.001071490949696227,0.0011073176297873896,0.0010757353358201408,0.0010674100829457464,0.0010762313739772348,0.0010702553962394065,0.0010735753408011284,0.0010791011418012436,0.0010717080284535093,0.0010731700589432394,0.0010704587270031645,0.001074217321847904,0.0010742189817981,0.001070164947280377,0.0010733380481172414,0.0010809547512679505,0.0010725377053581067,0.0010735580206517954,0.0010656995475042442,0.0010757515003926767,0.0010724286551096506,0.0010751035457499665,0.0010812055438994444,0.0010644499443779678,0.0010933656100366332,0.001092787118170357,0.0010650038628829245,0.001109736364691089,0.0,0.0,0.0,0.0,0.0,0.0,0.0,0.0,0.0,0.0,0.0,0.0,0.0,0.0,0.0,0.0,0.0,0.0,0.0,0.0,0.0,0.0,0.0,0.0,0.0,0.0,0.0,0.0,0.0,0.0,0.0
214,0.0029843244077471026,0.0023892115594781375,0.003974418944827334,0.010983977495443036,0.00292869685847124,0.002166577177722579,0.003943298359920877,0.010133412497589794,0.0029733247648553,0.0026250153233504736,0.0038458323899361,0.011561228755149804,0.002981220391374451,0.0023994806785529125,0.003796803551436422,0.011076255307893046,0.0021270288309507748,0.0025174144750655376,0.004018723055241572,0.011370796256984679,0.002935178456584423,0.002344333090302599,0.0038448456308176142,0.010746321536886589,0.002472283112223475,0.0021578143860988843,0.003841517586499922,0.009698977287467176,0.002116236531994352,0.0021869147248734684,0.003834652714322634,0.00996591654553156,0.0029727460369078813,0.0023007965607540946,0.0038264063446281473,0.010943301294599151,0.0029895862774249595,0.0028153994733931204,0.004294000156101868,0.012214016386124293,0.0029478666446356664,0.002705921903482159,0.0040470304107245135,0.011908199646427078,0.002997399959169351,0.0024057381488317773,0.0037811912013393937,0.0111259896679975,0.002976090544682979,0.002437920699486453,0.003736339208689783,0.01126817768079888,0.0029716139631896865,0.002278159192803668,0.003843095731960382,0.010727178786944985,0.003078142731988352,0.0030054736483007367,0.004292183808405051,0.01229130910271908,0.0029893352727636035,0.002524840880181652,0.0037781739103616317,0.011469713520292829,0.002985383196367755,0.0024086485609129157,0.003774914980817823,0.011167039854547648,0.00298712471020157,0.0024027482623271566,0.003830571513957082,0.011056441208802566,0.0030257767713764566,0.0013405408235706096,0.005333246635511492,0.012807973456965131,0.0029768165262026823,0.002368317079628285,0.0039501123755841415,0.01098171269794132,0.0025041237023557,0.0021532081388475777,0.0038121909112942684,0.009198973761673912,0.0029452893831175934,0.0021800226928144926,0.00386818571069408,0.010318710572056312,0.0030072499995889832,0.0024810503060629418,0.00377848543152695,0.011259094780362397,0.002963264197710327,0.0022009787915207427,0.003902354932350316,0.010611024064678596,0.0029679160453003678,0.0022820520288830692,0.003910706976887495,0.010833977519963534,0.0019405780832396351,0.002154718207134348,0.003748880981201121,0.008890586880749049,0.0029761828920471457,0.002299746781727233,0.0038531440219375396,0.01078965635735658,0.0021273482553574447,0.0022034999725452685,0.0038172861355330176,0.010213314434621378,0.002128063249425698,0.0021897339698097474,0.003835069481023156,0.01000131482200328,0.002920505330892772,0.0021633682592615685,0.0038608951472141875,0.010181072344559415,0.0021751465861807257,0.0023688676333547282,0.0039017667259516886,0.010963528569432843,0.0010606139910578315,0.0010660807027010107,0.0010697306423802654,0.0010711058718317022,0.001102522553932066,0.001075279935159035,0.0010670131958189395,0.0010757937004799618,0.0010698848411184463,0.001070548540727013,0.0010787024894805364,0.0010687175659722047,0.0010727909942156505,0.0010675027866177587,0.0010711914183746014,0.0010701412417591066,0.0010660993223876982,0.0010702554465461388,0.0010776866438368387,0.0010720633478731511,0.0010730772469776913,0.001061789511158211,0.001072880857873666,0.001071951712421481,0.0010718590840609057,0.0010807908419166457,0.0010639727893423565,0.001090259163387921,0.0010923807439074057,0.001064666670956976,0.001108948606274786,0.0,0.0,0.0,0.0,0.0,0.0,0.0,0.0,0.0,0.0,0.0,0.0,0.0,0.0,0.0,0.0,0.0,0.0,0.0,0.0,0.0,0.0,0.0,0.0,0.0,0.0,0.0,0.0,0.0,0.0,0.0
215,0.0029819750087900386,0.0023794784467500436,0.0039802891198059,0.010973784614776187,0.0029265195370123632,0.002165637113381359,0.003943185865978644,0.010104216186289792,0.002969693849890567,0.002610896546268447,0.0038307128515720464,0.011481119246863559,0.00297570865380448,0.0023846430277443594,0.003797993618885312,0.010990269933216446,0.002130385855420705,0.0025094066520482596,0.004005837952002572,0.01129487388703589,0.002933568389443383,0.0023518332729125136,0.0038365662304754534,0.010713392554298654,0.0024559445696335077,0.0021532079839993693,0.0038305929702804747,0.009565850596879786,0.0021322189118035927,0.002174950215496011,0.0038255988666303117,0.00982574346025316,0.002971269642539595,0.002297902141375677,0.0038261700836690893,0.010921511186563692,0.0029865923830937535,0.0028119744801557555,0.004286039849963168,0.012182989973441926,0.0029447395109418384,0.002694245175321917,0.004020203794749832,0.011860101680448418,0.0029947352407124947,0.002393103527200191,0.003783215202571609,0.011073294929802018,0.002975386264887002,0.0024404302742524267,0.003734706755695123,0.011262123930233719,0.002967487179193964,0.0022591288151798945,0.003849396178139583,0.010648998487067584,0.003070852132070557,0.0029977207030368923,0.004278532112499714,0.012257547030469232,0.0029890333670438266,0.0025234096383478957,0.003775770321099451,0.0114552627388731,0.002981720692914876,0.0023966157301517415,0.0037806030960909442,0.011121968617562624,0.002982280535514102,0.0023783044217000732,0.003841441421452742,0.010979281403125941,0.0031686774518109037,0.0016298381095878863,0.0053331666367504174,0.012757496365795566,0.0029758391743257046,0.002368655128323674,0.003947107349802635,0.010961475446621929,0.0025126316444080456,0.0021524316840179614,0.003813733135459133,0.009219466511331624,0.0029424735143166,0.0021797282135120897,0.003861912228373883,0.010281461224295723,0.003000909860468746,0.002461409115793625,0.003771408108617309,0.011187695543221703,0.002957602599562732,0.002183727794344011,0.003911069949001131,0.010527780929367356,0.0029644968103485973,0.0022554874923200784,0.0039055076974527808,0.010762744108819493,0.0019410314034698224,0.0021546312304553104,0.0037477197606464395,0.008882672995013444,0.0029699507673994394,0.0022845404138638666,0.0038532963740170777,0.010695649464178636,0.002130428953427005,0.002202634192018528,0.003810818778444049,0.010170924443302618,0.002127667934679823,0.002188067605088023,0.003833249888644215,0.00997707984993274,0.002916628641078739,0.0021598421719813215,0.003855130982768771,0.010121801910059973,0.0021762629388023375,0.0023679363397126176,0.003893904041211417,0.010903834908881731,0.0010605396253433271,0.0010659543672441123,0.0010721205180698903,0.0010710835475029354,0.001105986603629832,0.0010752761204306349,0.0010670077032219685,0.0010757751293401425,0.00106984115655869,0.001073023652491519,0.0010786369622583815,0.0010710329784477221,0.0010727369380509695,0.001069742907994776,0.0010736922944915282,0.0010733391249379577,0.0010693934503452698,0.0010727503067645338,0.0010800398623599986,0.0010719800376524933,0.0010729669390397655,0.001065004826797426,0.0010750516244276583,0.0010717832528948695,0.001074360167461252,0.0010807371651142665,0.0010639467700511436,0.001092592930434554,0.0010923248318392355,0.0010646498449945426,0.001108943447309248,0.0,0.0,0.0,0.0,0.0,0.0,0.0,0.0,0.0,0.0,0.0,0.0,0.0,0.0,0.0,0.0,0.0,0.0,0.0,0.0,0.0,0.0,0.0,0.0,0.0,0.0,0.0,0.0,0.0,0.0,0.0
216,0.002974815911744892,0.002359192726691072,0.00397748355306572,0.010853730860758998,0.002923474560818152,0.0021637571884906594,0.003938113861604028,0.010053235828571684,0.0029686986029184154,0.0025886871797129135,0.0038147035287084746,0.01143702691403469,0.002972491098388427,0.002367750197601791,0.0038074191101362485,0.010946576209911008,0.0021356478371569888,0.002501374379045449,0.003997866928237788,0.01127356860540981,0.0029322391437772476,0.002346782188578527,0.0038382708507597894,0.010695929417010716,0.002446649481022211,0.002152265197649282,0.0038272274743463854,0.009506867931007421,0.002139246709087158,0.0021729979632241613,0.003824871085599532,0.009809450764371109,0.002971400566761686,0.002299513602428348,0.003824693020206515,0.01092606765026147,0.0029907579188432143,0.002832997799848653,0.004349839001199061,0.012244564207698004,0.002944382994156505,0.0026988933576478215,0.004032242289715464,0.011875976331591986,0.0029959880475135224,0.002393990203370739,0.003782929638172343,0.011084795373020092,0.0029747223673595616,0.002436566745264618,0.0037359240969258066,0.011253218626576595,0.0029655554496597816,0.0022459471592714,0.0038534542547272762,0.010603114933122246,0.0030723882386398246,0.0029921066454165245,0.004269095100881359,0.012258979140705176,0.002991161640508893,0.002524145434319304,0.0037748560969615716,0.011467668278661238,0.00298285469547271,0.0023963434688858793,0.003780688527235819,0.011130033851802659,0.0029809298364146283,0.0023624459432263316,0.003850042207355542,0.01094749569305754,0.0031193646666370727,0.0014933515613999428,0.005335522940374981,0.012792950566333231,0.0029759765325015836,0.0023639673476005805,0.00395376585185325,0.0109665088430781,0.0025258055707518524,0.002151161837039669,0.003815585235463267,0.009248284278041039,0.00294264537819831,0.0021790050957023353,0.0038626735135532625,0.010283016172478305,0.002998281643579702,0.00244046885748522,0.0037658985795419975,0.011140799838781164,0.002954298011438981,0.0021774067973632425,0.0039093313909739314,0.01047271821383202,0.002963339388632613,0.0022460753451110115,0.0039041436428855158,0.01073681080580635,0.0019348747471641461,0.0021559746155952924,0.003745691354574086,0.00885462871879263,0.002968201077097326,0.0022764776964784793,0.003856630951305385,0.010670528582548341,0.00213030238590487,0.0021971340276258386,0.0038095116839724002,0.010135266170878812,0.002132339502308992,0.002187635420485659,0.003833427661333833,0.00997916973542456,0.002915699558448957,0.0021587001616130007,0.003852842109028428,0.010114991884184367,0.0021820338744067322,0.0023684280425146143,0.003893399132793839,0.01090288919491554,0.0010605410965555274,0.0010660056723743483,0.0010736577862139952,0.0010710874663750751,0.001109618407505867,0.0010752898437547745,0.0010671311816474202,0.0010758894706409854,0.0010698239254344805,0.0010745404601293334,0.0010785821802104792,0.0010724204996675098,0.0010726610329912763,0.001071116784521678,0.0010754368244103496,0.00107671299532365,0.0010726561309420634,0.0010742476313687882,0.0010820058762719001,0.0010719223551866202,0.0010729535010882917,0.001068260770504549,0.0010764246156848652,0.0010716924217959623,0.0010760086244369618,0.0010807445480713297,0.0010640871887469888,0.0010940045462585306,0.0010924883751247665,0.0010648741531481803,0.0011091227600125231,0.0,0.0,0.0,0.0,0.0,0.0,0.0,0.0,0.0,0.0,0.0,0.0,0.0,0.0,0.0,0.0,0.0,0.0,0.0,0.0,0.0,0.0,0.0,0.0,0.0,0.0,0.0,0.0,0.0,0.0,0.0
217,0.0012871318067181861,0.001058699727231719,0.0015933193685335528,0.004825911362974018,0.0012283645094584396,0.0009697922712000096,0.0015365313353239442,0.004530852034771313,0.001263025377756547,0.0011789034046063667,0.001831912762295422,0.005004422955585518,0.001214571033039109,0.0011101497030028323,0.0017056451186932423,0.004820579830307945,0.0008175254415755597,0.0011416617786224013,0.00179344791147776,0.004866257758378617,0.0012191053259456353,0.0010960246173878452,0.0016764569416388494,0.004696947659657507,0.0007754715732045921,0.0009297730395644424,0.0015455469854487821,0.004248669366262232,0.0008069783652792413,0.0009426790962591266,0.0015467231160706473,0.004342454770943526,0.0012365442909874548,0.0011202235901292773,0.0016037381954996956,0.004799707236850784,0.0013014463485412874,0.0013450848006707162,0.0022287044455392827,0.00543676435256165,0.0012574085204734575,0.0013000637892827214,0.002055928703124212,0.00515969380624697,0.001243119154725727,0.0011218025086884515,0.00165490385760609,0.004837339065112768,0.0012145524053998203,0.0011124560540628273,0.0017101592328300547,0.00486933688132402,0.0012389109578676374,0.0010245854681691837,0.0015567485874095578,0.0046150967121666555,0.0013364782781825214,0.00133940432758262,0.0021906140660360304,0.005283113809051132,0.0013222234347495473,0.0012005382127291612,0.0018593164925602007,0.005031847516891057,0.0012533122955672112,0.0010851812970362417,0.0016405451914971705,0.0047894077072198685,0.001255615081883303,0.0010584852572524356,0.0016042418752534862,0.004685785947051385,0.0012101395280179903,0.0013399530430601057,0.0021656844428595613,0.005309141341987753,0.0012548173577721223,0.0010737818875693349,0.001641591278509697,0.004769583390557948,0.0008373497129840455,0.0009029903125919013,0.0015443901440523094,0.004148194003823972,0.0012233317904552631,0.0009831931037984436,0.001539684030098555,0.004492588021781099,0.001425784158949566,0.001112002049554004,0.0016937788088905318,0.004852347370139518,0.0012358779416208432,0.001009840296882875,0.0015580724535192631,0.004610419888404926,0.0013596735827104095,0.0010321878518883179,0.001590522378734828,0.004749426611979295,0.0008352515981806054,0.0008801648890635701,0.0015430747015848726,0.0040541799199784265,0.001195901232309871,0.0010539632623946934,0.001623673053567377,0.004676490732603147,0.0008290262620907132,0.0009775676091159525,0.0015717159100780377,0.004475591473264818,0.0008693894755983252,0.0009601279823582908,0.0015684391803398338,0.004430582885389235,0.001216066729498345,0.0009929711350355826,0.0015368874722763973,0.004518382626995787,0.0007919943403386254,0.001078282311276839,0.0016727890337587706,0.004541391671024148,0.00046570303790111094,0.00046545388322810296,0.00046665197331074206,0.00047084675348660473,0.000478746088473678,0.00046773990469120086,0.00046623951718235214,0.0004758226583505685,0.00046840685800372383,0.0004656457230530067,0.0004739949712743233,0.00046594762096179444,0.00046913109470512153,0.000466640340792531,0.0004668921394350323,0.00046388505108470573,0.0004627184558763567,0.00046688663674458985,0.0004744338898356068,0.00047062000900972725,0.00046787332540599934,0.0004606040659724163,0.0004691048916249369,0.00046832226349203,0.0004691486807305006,0.0004781428727475111,0.0004660046258023704,0.0004774679662097727,0.0004806901362764585,0.00046537311351253525,0.00047049752970343547,0.0,0.0,0.0,0.0,0.0,0.0,0.0,0.0,0.0,0.0,0.0,0.0,0.0,0.0,0.0,0.0,0.0,0.0,0.0,0.0,0.0,0.0,0.0,0.0,0.0,0.0,0.0,0.0,0.0,0.0,0.0
218,0.0012801913387652463,0.0010507006921359817,0.00157904346628981,0.00477535105178487,0.0012266337399879303,0.0009636903395154751,0.0015340396227948002,0.004497607924120011,0.0012524417252756598,0.0011648632919096027,0.00180655359712651,0.004919650500466317,0.0012104641431127574,0.001107952576200743,0.0017015105659829873,0.004807699073559752,0.0008180455081301665,0.001141302324390497,0.0017924554540643045,0.004864934550359935,0.0012192186045150088,0.0010884078889670512,0.001667308310031684,0.004684364583361089,0.0007823925762451384,0.0009254710234375776,0.0015457895514296568,0.004233736964818926,0.000810914867230066,0.0009389880831521786,0.001545460825999004,0.004331144993976661,0.0012349465721702003,0.0011121739617179884,0.0015915850465087165,0.004771186097262576,0.0012872236072269515,0.0013446199095589594,0.002227574125954278,0.005400475792662954,0.0012536637440808342,0.0012891113583980733,0.0020172247897284846,0.005129809485015167,0.0012423708772934818,0.0011128922937177434,0.0016375614619906598,0.004813475635648844,0.001215557175415176,0.0011041571071220664,0.0016868291655027586,0.0048416375563584725,0.0012363379935346743,0.0010168580116076606,0.0015495650429645457,0.004582333471261694,0.0013334507710579258,0.0013376853624866994,0.0021853213713467173,0.005263115578787032,0.0013216932780619685,0.0011925509592627572,0.0018451507919849152,0.005012552426058271,0.001254024822891138,0.0010796483192700378,0.0016251266186382324,0.00476071869322283,0.001247588303987592,0.00104850133817368,0.0015905052407346734,0.004653483610766326,0.0012115969901526718,0.0013384268859558959,0.0021597727579970817,0.005290132179872672,0.0012474316654178248,0.001058024050790656,0.0016212784417685235,0.004732534144950241,0.0008470804270499088,0.0008986605627361098,0.0015449071554127175,0.004125741875640826,0.001221308798712354,0.0009744415857138213,0.0015345806912823098,0.004453676982853178,0.0014177605991898502,0.0010995996564139951,0.0016602743520423959,0.004807338677390419,0.0012346615305561166,0.001003952947423126,0.0015535258004968373,0.004594831993268949,0.0013277540145462743,0.0010284577450695713,0.0015830527054055492,0.004735363848910151,0.0008335517455314994,0.0008794835172433423,0.0015429528928723264,0.0040456813438845525,0.0011915986120384747,0.0010460945278433905,0.001613399129361803,0.004642872112771991,0.0008314261440308859,0.0009733632191211663,0.0015659181457332943,0.004441026478607682,0.0008687332794031851,0.0009590490331428505,0.0015674285884090867,0.004424156402053227,0.0012156697230224474,0.0009915807287855256,0.0015359390154784014,0.004512165350512221,0.0007934551325212228,0.001075832719005405,0.0016694098308825491,0.0045369247504932235,0.00046570217297192175,0.00046547555074312604,0.00046699344601662524,0.0004707745130269014,0.0004795824505622612,0.0004677788434931671,0.00046603213095095663,0.0004757094220510215,0.00046840616851363375,0.0004654400710740205,0.00047396052047740157,0.00046586571867986116,0.00046914425170406347,0.00046625900270823415,0.00046754853555668415,0.0004648530949170742,0.00046366969533359506,0.00046707050921152406,0.0004738362738895825,0.00047056522902901244,0.00046804864245944555,0.00046135133587729124,0.00046911418678971897,0.0004683213715759289,0.0004689221675652532,0.000478169616696653,0.0004660137654108724,0.0004774955855157011,0.0004806910599797554,0.0004653673818053646,0.0004703105416851809,0.0,0.0,0.0,0.0,0.0,0.0,0.0,0.0,0.0,0.0,0.0,0.0,0.0,0.0,0.0,0.0,0.0,0.0,0.0,0.0,0.0,0.0,0.0,0.0,0.0,0.0,0.0,0.0,0.0,0.0,0.0
219,0.0012687872563532248,0.0010383934848332873,0.0015569340792549765,0.004699997440850881,0.00122347787183202,0.0009572289213551225,0.0015280398098583962,0.004438874679711461,0.0012452384690026966,0.0011564605975095932,0.0017921498360582793,0.0048937858813153665,0.001206642850520066,0.0011038686885380669,0.0016937841079983013,0.004783560264445507,0.0008187796431066436,0.0011402887971027058,0.0017899499306126899,0.004858702446018212,0.0012196517400587473,0.0010823986438873064,0.00166009530171592,0.004673299148390502,0.0007843929992480348,0.0009241471442468092,0.001546032352722273,0.004228196281182449,0.0008152956605718317,0.000934653490893828,0.0015438028102567627,0.004315100704927442,0.001233009289933449,0.0010981297639723712,0.00157293592337133,0.004744033858141194,0.0012939057538346533,0.001341588129688515,0.002220448513195636,0.005351395877918478,0.0012509895528836938,0.0012789734430738422,0.0019910425412204454,0.005111115116376562,0.0012407697778908924,0.0011064201272476628,0.0016254912009467037,0.0047989383616095,0.0012157583854798138,0.0010966159949636109,0.0016671332272284018,0.004821253486472728,0.001234392583761684,0.0010088696850361993,0.0015440837804823336,0.004560096856539953,0.001328422341623365,0.0013334996625478175,0.002171128577013888,0.0052014752831268,0.001318064727609116,0.001176718204078722,0.0018168095318744507,0.004950056468570009,0.0012574849859350523,0.001075611052320597,0.0016173213348127627,0.004747736315817491,0.001241887668776927,0.0010390656281648284,0.0015797434930273323,0.0046294422086163994,0.00120872086572885,0.0013368023349771725,0.002149599829832819,0.005270491083282562,0.0012428364586153904,0.0010483377919812647,0.0016098689189217256,0.004708645049743959,0.0008555336599443608,0.0008946131686948196,0.0015456019903287903,0.004103077177854936,0.0012197316392110976,0.0009659042355577792,0.0015306164647358315,0.004420535873858566,0.0014008490782147123,0.001088195377891338,0.0016326326854100826,0.004778995615142021,0.0012338874435263568,0.000999842370978248,0.001550552167663615,0.004583178629021604,0.0013247842338390014,0.001024488611086736,0.0015762645234806243,0.004723854094184993,0.0008338674506570702,0.0008796167556659463,0.0015428167439223831,0.004047433927831301,0.0011856458808503913,0.0010371064807116889,0.0016024586946913888,0.004609260247969372,0.0008293447864356884,0.0009692638575917315,0.001555390649221708,0.004357841938502113,0.0008690610359770694,0.0009592688696061055,0.001567811061692413,0.004424952846331083,0.0012152611988533561,0.000990184539623892,0.0015353320991945182,0.0045081264222914625,0.000794222109140239,0.0010751959995075064,0.0016685159933041468,0.004535485940787157,0.00046551200422407537,0.0004655976012102601,0.0004674390899895746,0.0004708169324215103,0.00048038198894377924,0.0004678229525479664,0.00046607163835241203,0.00047573632869341823,0.0004685375435328282,0.0004654707869577746,0.0004742706296001207,0.0004659612607046354,0.00046917265278056014,0.0004659123558145424,0.00046830017958305903,0.00046585306923138404,0.00046470404825165227,0.00046724291740084966,0.00047367321755298927,0.00047082692032484995,0.00046837629733385773,0.00046213463078254935,0.0004694070265305477,0.00046863354285268884,0.0004692421891607345,0.00047814539070846685,0.00046602239552741927,0.0004771300184515337,0.00048061416269323137,0.0004655112569546295,0.0004704457841732027,0.0,0.0,0.0,0.0,0.0,0.0,0.0,0.0,0.0,0.0,0.0,0.0,0.0,0.0,0.0,0.0,0.0,0.0,0.0,0.0,0.0,0.0,0.0,0.0,0.0,0.0,0.0,0.0,0.0,0.0,0.0
220,0.0012616907045598258,0.0010322688631132781,0.0015473460364541468,0.004678629898526184,0.0012224094190232534,0.0009517776681972532,0.0015278633050053222,0.004419685247169557,0.001238111271645424,0.0011517327045400096,0.0017818140041050805,0.004883367674706859,0.0012063224550784562,0.0011003723204843039,0.0016878526184916957,0.004774681168467257,0.0008199922950006429,0.001139656575272961,0.0017883841631431139,0.004856160202728296,0.0012207788407742636,0.0010785801165526777,0.0016554041988087222,0.004665947482056818,0.0007886755196397166,0.0009211236148446658,0.0015461685363012585,0.0042152553528159295,0.000817341110980618,0.0009324478202891532,0.001543028486581534,0.004306531864103619,0.0012317559471465398,0.0010895195804125754,0.0015645750591851545,0.004728041028598398,0.0014056273055386764,0.0013394102884606296,0.0022196244806136534,0.005338834586936556,0.0012480932246653126,0.0012668195645361767,0.001967933822844437,0.005095377691443669,0.0012390899679487386,0.0010994291458625949,0.0016131436705929382,0.004784271062514266,0.0012153304425636183,0.0010872364550127012,0.0016446905422193867,0.004794914040093527,0.0012333689787849245,0.0010048468492297397,0.001541491273716269,0.004549241157936344,0.0013232787048597968,0.0013319373580019073,0.0021638857222325155,0.005191268045984376,0.0013165823205045714,0.0011639249066719398,0.0017960752466931475,0.004935413058033003,0.0012575365665201327,0.001072616940218344,0.0016116198659027812,0.004739443048505602,0.0012379049314153309,0.0010344796720810061,0.0015747139770708736,0.004618266341075546,0.0012034674832074412,0.001335872088325124,0.0021434649753793557,0.005261955673539746,0.0012399337791742036,0.001038322759326157,0.0015983264053935845,0.004679477440744673,0.0008632360822008047,0.0008903777718057687,0.001546523717828341,0.004077273408392728,0.0012188942997694934,0.0009600766343958271,0.001528988964804565,0.0044017253641589265,0.0013848174085644767,0.0010806882038526518,0.0016160463746574777,0.004760478552708798,0.0012330160474394681,0.00099536918895773,0.0015473039536572128,0.004571339886604653,0.0013221600226178184,0.0010213549619927497,0.0015720919240967911,0.004710829334270187,0.0008316155544143975,0.0008786866266559313,0.001542830536609723,0.004034209279448287,0.0011830698390637214,0.0010329985564522487,0.0015979742416403612,0.004598675705783337,0.0008301984412235886,0.0009688302726450155,0.0015549425792094212,0.004354849376088245,0.0008688202534790097,0.0009611485004236685,0.0015688779991755424,0.004430762830437765,0.0012147387293580622,0.0009887908648359674,0.0015348003392795452,0.004503922044240744,0.0007951329732614835,0.0010742754582709537,0.001667253498704639,0.0045336919466985905,0.00046572928690443734,0.0004655125494726217,0.00046729860996622575,0.00047059347255317443,0.0004807566748928139,0.0004677707247207275,0.00046589361576084086,0.00047566344868601426,0.00046832278112529923,0.0004652289276469649,0.00047386241791489754,0.0004655108077367936,0.0004690616319301284,0.00046570964411406864,0.00046824843149313397,0.00046616070237551644,0.00046491915470021417,0.00046684040308738036,0.0004734794153823174,0.00047044865810830607,0.00046792934402247496,0.00046219022294216594,0.0004689415900355087,0.0004682653975682676,0.00046884988551166386,0.0004781603848284333,0.0004660241862913149,0.0004767445776811139,0.0004806317826058008,0.0004653057809973761,0.0004703171126684869,0.0,0.0,0.0,0.0,0.0,0.0,0.0,0.0,0.0,0.0,0.0,0.0,0.0,0.0,0.0,0.0,0.0,0.0,0.0,0.0,0.0,0.0,0.0,0.0,0.0,0.0,0.0,0.0,0.0,0.0,0.0
221,0.0012654516440474706,0.0010336770095312818,0.001549459435100283,0.004682653223225024,0.0012226437003199993,0.000952714527735876,0.0015274553887392843,0.004422456475898583,0.0012362320605958646,0.001148473673812755,0.0017755101660788702,0.004877349934537287,0.0012099056814556678,0.0011004024157159568,0.0016875497203628774,0.004775585107917354,0.0008180012480623627,0.001139498038267021,0.0017881463587221783,0.0048552726905967385,0.0012226957825904284,0.0010798868474572677,0.0016571663783421086,0.0046707557563281845,0.0007875885429496463,0.0009210269020641572,0.001545413935485179,0.004214706331578723,0.000818084197491006,0.0009315542554036784,0.0015426938144610196,0.004302870583833921,0.0012317205936502394,0.001086870791164032,0.001561924415204621,0.004722982308970467,0.0014099503870920263,0.001339287976032559,0.002219479932543136,0.005337488413691753,0.0012482380256104559,0.0012705281428845542,0.0019746478873945623,0.005100975577231266,0.0012382435451395203,0.0010999707389394097,0.0016138092221985663,0.004785255278105332,0.0012161953365073103,0.0010858770442472433,0.0016410145963705806,0.00479097012676181,0.001233112789865406,0.0010054034761797772,0.001540985110457773,0.004551170383907454,0.0013207795173615317,0.0013315714784212082,0.0021623654875566286,0.005189021940010381,0.0013164158348858966,0.0011639924277326572,0.0017965538312313552,0.004936172368382462,0.0012549575323483116,0.0010679748305127837,0.001603135327502863,0.004727650217308783,0.001235937740764248,0.0010336817773997718,0.001573575883078043,0.004616244007586772,0.001204109162571745,0.001334460586983553,0.002133513934543008,0.005248190337865024,0.0012396195346457163,0.001033531242028274,0.0015926579037257426,0.004664169630366302,0.0008642603199950308,0.0008901407753443141,0.001546679793064189,0.004075392557285022,0.0012188377439238942,0.0009584504667138216,0.0015283850500318003,0.004396932500199593,0.0013848321078792222,0.001076186451705765,0.0016072670363129536,0.004749515419682539,0.001233115975700701,0.000996869904206114,0.0015478664745490023,0.004576326570287305,0.0013171362979493748,0.0010223219602179608,0.0015733530079895767,0.004709693862540007,0.0008336434313209654,0.0008796607088101195,0.0015428346854389119,0.004047269766317212,0.001185891572351838,0.0010338481680509607,0.0015988018395009815,0.0046007842485378155,0.0008291438362063257,0.0009679147993828829,0.001554016731203779,0.004351643854690596,0.0008685664953170659,0.0009591438263802683,0.001567613225705695,0.0044242772102644195,0.0012150883027015934,0.0009894755504672665,0.001534981212847433,0.004505913591852582,0.0007928180786939137,0.0010754920949865314,0.0016688518806195186,0.004535244554560118,0.0004658026140980011,0.00046560082046953675,0.00046753978454282626,0.00047071470199649685,0.0004816203394198645,0.00046769367747192495,0.0004659948475292776,0.0004757328602041181,0.0004682872126330439,0.0004654737823027946,0.0004738955857626226,0.00046566959598519456,0.0004690805781347064,0.0004658381416809897,0.00046891010146141306,0.0004668708840305901,0.0004656362607965069,0.0004670460580886591,0.00047356865601168855,0.0004705015000152061,0.00046796116781527874,0.0004628491150377598,0.0004694628835191892,0.0004683691208459764,0.0004692982380401666,0.0004782833261248382,0.00046609845071654077,0.0004771885029059409,0.0004806680483512152,0.00046533444194356776,0.00047040470329199355,0.0,0.0,0.0,0.0,0.0,0.0,0.0,0.0,0.0,0.0,0.0,0.0,0.0,0.0,0.0,0.0,0.0,0.0,0.0,0.0,0.0,0.0,0.0,0.0,0.0,0.0,0.0,0.0,0.0,0.0,0.0
222,0.0012631531122435072,0.001034344678892187,0.0015504639091249329,0.004684588377150911,0.0012225680854832334,0.0009525853304653952,0.001527692954573254,0.004421957414489727,0.0012346481021230874,0.0011495818680971896,0.0017772062468898548,0.004879190162640747,0.001211677914878963,0.0010998569431635568,0.0016864495064347466,0.0047754538775644185,0.0008190898171084975,0.001139987679088399,0.0017891807243742151,0.004856498440448647,0.0012229390614076987,0.0010812664945206434,0.001658833283460329,0.0046738392514725415,0.000779393094319877,0.000926530195764284,0.0015457997280843797,0.004236920540528731,0.000811871920439123,0.0009387460750278685,0.001545569680150201,0.004329348845614199,0.0012314650940509497,0.0010887353564256754,0.001564029987994345,0.0047269183439310435,0.001381119779214584,0.0013399851710777205,0.0022197285605802673,0.005341880177539329,0.0012472083596974694,0.0012765626400644645,0.0019867396787643043,0.005111034656567942,0.0012387409783676364,0.0011055680347634282,0.0016234754626396498,0.0047979260011328465,0.0012155594466088048,0.0010838539756398472,0.0016370714792859594,0.004786053476754808,0.0012355637628536152,0.001018632654785484,0.0015494994653047708,0.0045872416305730015,0.0013203407060233545,0.0013322037273490307,0.0021653711344134306,0.005194424061520054,0.0013164397454967463,0.0011606576501816377,0.0017920443937277705,0.004933328421588966,0.0012549166755512885,0.0010661935726444982,0.0016001696056398569,0.0047228335146127474,0.0012341365713607493,0.0010314040402191573,0.001571257612239073,0.004611066330805405,0.001203135830232598,0.001334117004841658,0.0021313944211946933,0.0052459624892203125,0.0012394385189112673,0.0010319810667422781,0.0015916060241978737,0.004667020414974052,0.0008662536223112996,0.0008888304937345233,0.0015471075012667961,0.004066535894944109,0.0012181646623874612,0.0009538560628840678,0.001528524653106506,0.004382200360580173,0.0013955564689326313,0.001076344953946086,0.001607395160745043,0.004748960853063579,0.0012342496311276638,0.0010019266697628992,0.0015520268846986721,0.004597377251231265,0.0013342900837479035,0.0010285788270757029,0.0015834059271666013,0.004737063654466548,0.0008337333141961822,0.0008796355699712798,0.001542755507031589,0.004047295806043442,0.0011854200556892392,0.001036244666790946,0.001601532972588151,0.0046070819127879935,0.0008277212926887847,0.0009708164970424167,0.0015565730191451652,0.0043606703573558295,0.000868505233599086,0.000960923400303776,0.0015687962776642231,0.004430255148101713,0.0012155856626506897,0.00099250829958721,0.0015367496429476968,0.004514975452555791,0.0007934018012684472,0.0010751759332871373,0.0016684054425237414,0.004534500573417659,0.0004656525674689857,0.00046570948546827064,0.00046679249020345156,0.0004707922516004855,0.0004799164823826592,0.0004677416044705543,0.00046611401200480677,0.0004758385260393955,0.0004682895344257053,0.00046498124358067424,0.00047408461552394924,0.00046516963281374013,0.00046922034454274656,0.00046574884046338567,0.00046761983938126324,0.0004652415566528432,0.00046410706872218827,0.00046644711742782906,0.0004735248626623601,0.00047071505252930547,0.0004681404305247979,0.00046152843445306104,0.0004686444388942292,0.00046862540018600854,0.0004683718551603798,0.00047825400112288716,0.0004661154818068495,0.00047633110890939965,0.000480647519500903,0.00046542507098266424,0.0004704817739638484,0.0,0.0,0.0,0.0,0.0,0.0,0.0,0.0,0.0,0.0,0.0,0.0,0.0,0.0,0.0,0.0,0.0,0.0,0.0,0.0,0.0,0.0,0.0,0.0,0.0,0.0,0.0,0.0,0.0,0.0,0.0
223,0.001271199959961407,0.0010484927640743284,0.001574235158150149,0.0047505181648799764,0.0012254030430667788,0.0009610797985278978,0.0015323838331428728,0.004476188392448712,0.001240039064282486,0.0011674277321297491,0.0018093662484945632,0.004908238219456723,0.0012140708373573799,0.0011053479496822092,0.0016962282393986916,0.004790826091372955,0.0008196983126399862,0.0011452690384018468,0.0018006595340463295,0.004868466526867304,0.001223175679669045,0.0010882984946264055,0.0016674099178308924,0.004688330157295129,0.0007643907083453648,0.0009354708701413854,0.0015470078880366837,0.004270906542530509,0.0007901138104930316,0.0009591807632699964,0.0015565338808942598,0.004398993349538793,0.001231106885828742,0.0011011892765645898,0.0015777252558584836,0.004750706333551487,0.001336592728295105,0.0013449971943434594,0.0022299255892718334,0.00541062412666616,0.0012478335517510787,0.001289346284399286,0.002018130681294427,0.005135093564899317,0.001240374252798773,0.0011227622741188032,0.0016568229406587827,0.004836676625758942,0.00121569251578933,0.0010918648779013362,0.0016553869425180276,0.004807791384390367,0.0012387614594913795,0.0010340055965503843,0.0015615371342148558,0.004627938244316784,0.0013191877293403226,0.0013357295042787452,0.0021783021638284517,0.0052425086182000084,0.0013194592203862106,0.001169019129802307,0.0018071657589348088,0.004973346284455247,0.0012559361875920572,0.001068300420300174,0.0016036377072125177,0.004728534227706608,0.0012338498545426833,0.0010411971886575189,0.0015812313188696418,0.0046373651571127664,0.0012049448156626844,0.0013349157047261335,0.002138539826844278,0.005255487546198048,0.0012408979235079406,0.001040652507044582,0.0016009843117535264,0.004689095350522412,0.0008623708298056075,0.0008907210167182838,0.0015471156587733403,0.004078331022543327,0.001218602004295664,0.000957567393449797,0.0015284706968311517,0.004394062589530613,0.001402565815983106,0.0010876754806121442,0.001631484335423305,0.004777934672537363,0.0012378848542660464,0.001019367059069784,0.0015666058882884476,0.004639537641506837,0.0013808398596970172,0.0010419894443410053,0.0016100121452170173,0.004780322654619578,0.0008323002722792752,0.0008788975422662809,0.0015428771040672353,0.00403713875481871,0.001186687760321222,0.001045411037980504,0.0016120766726404252,0.004630133141389657,0.0008262120878486745,0.0009758453175846099,0.001561169974454863,0.00437691729327152,0.0008689020301639919,0.0009618279082738456,0.0015694907584084985,0.004433080527138095,0.001215414436714181,0.0009914194585887756,0.0015362205372819382,0.0045119141270809895,0.0007952151850392725,0.0010727994957387692,0.0016651561883922275,0.0045298536039082606,0.0004658873635093509,0.0004656760973211668,0.00046699340266035847,0.00047057600713944886,0.0004808374845824507,0.00046785469137511305,0.0004659647102003325,0.0004757727881862491,0.0004679586805665402,0.0004648453986046758,0.00047363634073599827,0.00046528655661149873,0.0004689298028077871,0.00046570165919136627,0.00046824980920308443,0.00046613278093971596,0.00046495281642270074,0.0004666111339953678,0.0004734734335380406,0.00047028098808671504,0.0004674086585414463,0.00046226248170886124,0.0004687100278184548,0.00046812193859406727,0.0004685613214372486,0.0004783185488143745,0.0004661929298093485,0.00047652218531125587,0.0004806435649843629,0.00046517627391052103,0.00047034769791820985,0.0,0.0,0.0,0.0,0.0,0.0,0.0,0.0,0.0,0.0,0.0,0.0,0.0,0.0,0.0,0.0,0.0,0.0,0.0,0.0,0.0,0.0,0.0,0.0,0.0,0.0,0.0,0.0,0.0,0.0,0.0
224,0.0012702593763591293,0.0010551289172652638,0.0015838973998752194,0.004748107509372018,0.0012241964284921735,0.0009642522920726012,0.001532257498914425,0.004461447019584826,0.0012396434978478694,0.0011776392202626264,0.0018257534935747174,0.004925140424512665,0.0012158098076239113,0.0011140908045675622,0.001711660873169988,0.00481155645234946,0.0008201213044478754,0.0011463663659652622,0.0018026929977201232,0.004873424033545872,0.0012206727242345095,0.0010853386874155224,0.00166424122431526,0.004684274097408747,0.0007611013777089768,0.0009379885058152932,0.0015479960912568357,0.0042797573253981844,0.00078834930123847,0.0009602979285864409,0.00155590359001034,0.004394045571979484,0.0012278064185696292,0.001101845858465477,0.001582671512688265,0.004755604331587426,0.0013041802045903929,0.0013442618950101582,0.0022274944490545197,0.005389601008467218,0.0012470991406402765,0.001302393141909752,0.002089589820261728,0.005170860229238918,0.0012482224460738656,0.0011216512314105977,0.0016534981903011622,0.004833661075680186,0.0012156262589781389,0.0010926283524677325,0.00165657108195308,0.004808343217424272,0.001244215268022336,0.0010446387538039132,0.0015734209875293318,0.0046575762106443415,0.001252257041380048,0.0013329478771169612,0.0021678892291966535,0.005200337390332257,0.0013177562862854756,0.0011673370903794976,0.001804445290372454,0.004944361676449951,0.0012588868292308843,0.0010725756603919179,0.0016115492659800018,0.004739702123420019,0.0012425530586467016,0.0010517112597436195,0.0015941113558464392,0.004666927124071251,0.001186350238262871,0.0013313662413691517,0.002129606696812145,0.005202913210105959,0.0012347345679200815,0.0010456411643211191,0.0016037793617216275,0.004646633427277787,0.0008499389935017066,0.0008808223737653276,0.0015199990711075115,0.0038767270660553257,0.001217750587864861,0.0009559428168852224,0.0015305684610703654,0.004387960701145584,0.0013962865350461778,0.0010918528811987805,0.0016403519099691603,0.004787631434642493,0.0012371464473403203,0.001027452943394328,0.0015727652155502385,0.004615559770056146,0.001394874469809603,0.0010478880726295708,0.001615354610497749,0.004747735482679171,0.0008340488488515211,0.0008797959779295647,0.0015434416385791858,0.004051204694010969,0.0011812876765566818,0.0010505446211629054,0.0016187039272445376,0.004644608039162121,0.0008252192138963183,0.0009785244828052425,0.0015636090804881377,0.004383855902641708,0.0008691056277792288,0.0009629556667402121,0.0015702949552825393,0.00443631508575458,0.001215484622304172,0.0009929757752698922,0.0015373229814448755,0.004515871452716314,0.0007992945867335262,0.001078459652125669,0.0016794836114454462,0.004638524780458906,0.0004660630745944007,0.00046556981478797444,0.000466972542152416,0.00047031334280819923,0.0004812049764010359,0.0004679456139192493,0.0004661639837004777,0.0004762141413774342,0.0004676836604645049,0.0004646742385999567,0.00047328021293059603,0.0004649716666844136,0.0004686679969928297,0.00046561172199393973,0.00046867640465208453,0.00046666087300168183,0.0004654525050573066,0.000466345106410414,0.0004733767111570102,0.00047004293213262174,0.0004671111868658133,0.0004626950286204713,0.000468737582936055,0.00046771116314090914,0.0004687399700189554,0.0004782981154535716,0.00046625281652361804,0.0004765916019177453,0.00048062865135692194,0.00046500847680334544,0.00047042877244122345,0.0,0.0,0.0,0.0,0.0,0.0,0.0,0.0,0.0,0.0,0.0,0.0,0.0,0.0,0.0,0.0,0.0,0.0,0.0,0.0,0.0,0.0,0.0,0.0,0.0,0.0,0.0,0.0,0.0,0.0,0.0
225,0.0012641813756234979,0.0010582552473982845,0.0015896782225515648,0.004749590251516145,0.0012233074293927335,0.0009637941758472053,0.0015304662686797604,0.004445989905414326,0.0012227855006579223,0.0011742246977359677,0.0018166192225003834,0.0049149808809727715,0.0012093880285787677,0.0011088140145908132,0.0017019093473981542,0.004795723769322979,0.0008163525395618593,0.0011424927119369978,0.0017946332436803414,0.004862724666955611,0.0012141634926318573,0.0010816545843587645,0.0016597726138883294,0.004675456681396698,0.0007655142702567323,0.0009355130851813353,0.001546946556233324,0.004275477087077115,0.0008004101933741537,0.0009533979541267844,0.0015522437867113636,0.004376347588509881,0.001225215841186462,0.0010910103796525714,0.001573852556987959,0.004728875819861362,0.0012892730423206516,0.001340948341244018,0.002216481447895429,0.005335878622420359,0.0012442742599228945,0.0013074077351976307,0.0021282807322613143,0.005177332332365641,0.001248675918501905,0.001107783824203395,0.0016370584897711224,0.004792318482734064,0.0012146612701978612,0.0010923729624385523,0.0016561729400690248,0.0047982469000850516,0.0012419414290533273,0.0010470897755620206,0.001580462839271051,0.00466133810081064,0.0012161741854734903,0.0013300451337346342,0.0021486346810695623,0.0051713584193466295,0.0012903182339930124,0.00115340923603067,0.0017869401328703296,0.00491682901484042,0.0012526866051926983,0.0010682341220175657,0.001606167641262505,0.004724385879823162,0.0012549375527113322,0.001058874422844867,0.0016052646168880362,0.004681169010528976,0.0011628833095494449,0.0013310085373363961,0.0021308355596979826,0.005207210230809671,0.0012312847268685864,0.0010430194597506135,0.001601643336200509,0.004638635631350671,0.0008491384685612453,0.0008798386436058442,0.0015203419579079842,0.003869445919768463,0.0012171279157963007,0.0009536058793406879,0.0015315368920949283,0.004380310894800031,0.0013897497603703839,0.0010961851285348184,0.0016497031535339362,0.004796886036561495,0.0012368741524224215,0.0010329369493109776,0.0015793911798604233,0.004624252022923759,0.001409694655547662,0.0010602378269062391,0.0016294995627754738,0.004767759156033001,0.0008338221851552558,0.0008790710777993736,0.0015381664645868725,0.004019150279651421,0.001163697800017691,0.0010515573381840496,0.0016205422607550987,0.004645139285684044,0.0008267270596262803,0.00097319443459948,0.0015590803792029572,0.004368797231867289,0.0008688474457474247,0.0009621052337605785,0.0015694655559373525,0.004427445822681973,0.0012119405571674664,0.000989109633276543,0.00153652940611647,0.0044931858095661435,0.0007976546600325222,0.0010791522756438108,0.0016802363705813437,0.004637519543074245,0.0004660702632754991,0.0004659180372488322,0.00046742600193341,0.00047054820668537687,0.0004821177632193766,0.0004683016895615145,0.0004664524697545501,0.00047624702333019835,0.0004679245495431613,0.0004650903690271625,0.0004736922574880055,0.0004653903137558901,0.000468701432838532,0.0004657553099970755,0.0004692033154428778,0.00046725432393925423,0.00046621968977616644,0.0004668286438340379,0.0004734798557969791,0.00047011865519026023,0.00046608016713532084,0.0004634432043754983,0.0004692899848704223,0.0004676417871930948,0.00046904833204143413,0.0004782264362215695,0.00046651517731433447,0.00047716139881782336,0.000480590801457031,0.00046497559480012307,0.0004708804889449697,0.0,0.0,0.0,0.0,0.0,0.0,0.0,0.0,0.0,0.0,0.0,0.0,0.0,0.0,0.0,0.0,0.0,0.0,0.0,0.0,0.0,0.0,0.0,0.0,0.0,0.0,0.0,0.0,0.0,0.0,0.0
226,0.0012594893805047331,0.00105752280353447,0.0015889784945132073,0.004745759307881237,0.0012230086315541044,0.0009647573760664725,0.0015302235379348154,0.004443797968382465,0.0012163973224693665,0.0011777080313631503,0.0018238917495044598,0.004924140735091916,0.0012047372769792488,0.0011069304488697685,0.0016987077822467633,0.004791834446477578,0.0008182341387579497,0.0011416824096796736,0.0017929623105721968,0.004861813976658091,0.0012124554156805049,0.0010842391498439596,0.0016630732074429345,0.004681255537375995,0.0007616728181665581,0.0009318885908533903,0.0015301771943084046,0.004156505632306703,0.0008014259120732048,0.0009460887867593311,0.0015351361695091518,0.004244878454660712,0.0012233698706207467,0.0011004752786077094,0.001587591803819509,0.004746124614092416,0.0012979337757158245,0.001339193712488976,0.002211728228657588,0.0053330161790820455,0.001233517238915145,0.001306778946316981,0.002133684295564479,0.005174830066732562,0.0012438623324179943,0.0010979489362701106,0.0016260713773422666,0.00477107624900096,0.001214452369238046,0.0011011366533128291,0.0016779652044472198,0.004819453231941361,0.0012397027077998134,0.0010470945959640463,0.0015841923686284115,0.004659720550640088,0.001226610500074156,0.0013264275173754789,0.0021314577297803163,0.005153018417490942,0.0012545913686247308,0.001151593802823894,0.0017876208086571761,0.004907860729414516,0.0012470750547267095,0.0010692520294944513,0.0016105558237184889,0.004724233248388912,0.0012612046016411086,0.0010612406030963129,0.0016125868917547296,0.004686941225244902,0.0011858578320401616,0.001333468822070181,0.0021468235060377113,0.005250309601570688,0.0012311300442470014,0.0010611688294378053,0.0016211941184401035,0.004632946762036827,0.0008451918037073183,0.0008812841101224975,0.001519794003066415,0.003878783423248912,0.0012119162229395832,0.0009531377916144971,0.0015213121090509839,0.004295540630904456,0.0013447992093069605,0.0011074607963829748,0.0016822304693935415,0.004826498900197253,0.0012308941208133465,0.001033277293772613,0.0015782959386441613,0.004574285813088023,0.0014028926926514373,0.0010627043594976747,0.0016325572264177378,0.004772093160787532,0.0008347524406563913,0.0008795902083347751,0.001537583190112003,0.004023462152801056,0.0011078695059722646,0.0010475203886995302,0.0016100375380606363,0.004543371075098882,0.0008256576469782494,0.0009790927089225667,0.001564452654451937,0.004387201888717114,0.000868682313516056,0.0009613320902870614,0.0015685811542080707,0.0044208108605511606,0.0012083616070674077,0.0009874513809009463,0.0015387312727572705,0.004480665120396391,0.0007981213378067352,0.0010817211274450214,0.0016837669445007755,0.004642705860221839,0.0004663277698699645,0.00046583408354586894,0.00046671267458933013,0.0004703273218030772,0.00048074291676927783,0.000468333910381887,0.0004652796591777308,0.00047415125752106135,0.0004676886288875094,0.0004643639167297872,0.00047345012301549865,0.00046490994674676904,0.0004685296943825997,0.00046572684012823377,0.00046830602602468527,0.0004661294917460377,0.00046498600740098865,0.00046628653590392616,0.0004735579328238602,0.00046980173830556165,0.0004658720111246391,0.0004617739197743675,0.0004678582957303168,0.0004672989850824827,0.0004677803554069173,0.0004780079160096269,0.00046663734595203546,0.00047588137716531465,0.00048062412364340847,0.00046490757894672484,0.00047071119539481633,0.0,0.0,0.0,0.0,0.0,0.0,0.0,0.0,0.0,0.0,0.0,0.0,0.0,0.0,0.0,0.0,0.0,0.0,0.0,0.0,0.0,0.0,0.0,0.0,0.0,0.0,0.0,0.0,0.0,0.0,0.0
227,0.001258195731143693,0.001059865666963322,0.0015935852956446039,0.004752366590465639,0.0012233066971178326,0.0009681484802036205,0.001531302224688706,0.004455392515514122,0.00121499527162496,0.0011781949915920032,0.00182534325010202,0.004921343433625767,0.001196435843775418,0.001098906551542545,0.0016858341383573147,0.004773608791431379,0.0008181204293332909,0.0011420479472876626,0.0017937827582043446,0.0048634001981913925,0.0012133939469655259,0.0010921305420064573,0.0016728895868368596,0.00469760081913667,0.000764023176299537,0.0009351410407685485,0.0015308731612365596,0.004168189680218758,0.0008017246276887818,0.0009471017552420394,0.0015356783831554927,0.0042467622727590144,0.0012228634047602176,0.0011089985472590568,0.0015990534704554494,0.004760861895458673,0.001297736326787985,0.0013407542980648896,0.0022148400883931834,0.0053443371816422084,0.0012296112700001343,0.0013041435678654407,0.0021242941687100517,0.005166707587452919,0.001235875641736149,0.001090004202406604,0.001615510446690848,0.004756557343418144,0.0012115575683881556,0.0011101825114450826,0.0017020285109054806,0.004841242973923409,0.001238793995558248,0.00105150127892348,0.001590866609841398,0.004669618030633661,0.001190715159081189,0.0013269549828941031,0.00213716879587604,0.005155855568617443,0.001259969667487563,0.0011576303064038244,0.0017984794808276426,0.004913136792411966,0.0012455501821963119,0.0010740552781110199,0.0016219368912621598,0.004735364246196203,0.0012449786140131386,0.0010623591438753345,0.0016184730672079246,0.004691217619421166,0.001069313458043112,0.0013338757641325836,0.002147215519440604,0.005258789491358745,0.001234802714485081,0.0010737317201244103,0.0016376656263081572,0.004658438249608914,0.0008451310501494996,0.0008838594619440482,0.0015192502879841998,0.0038944957553738954,0.0012176191835032166,0.0009636509912900795,0.0015326701278447889,0.004398214399672395,0.0013253235806583987,0.0011181954155756735,0.0017081742934841806,0.004849531699099937,0.001230241307559088,0.0010365226096085544,0.0015827425611821691,0.004581663895679819,0.0013821578565498213,0.0010701251030149396,0.0016427388210373834,0.004782739556137134,0.0008341891152166303,0.0008786445984199266,0.0015351361127901564,0.004011568052275547,0.0010815532947710887,0.001056128066485333,0.0016265221995504018,0.004639049581793103,0.0008282280112211086,0.0009866451629014826,0.0015783748365594424,0.00448326614492447,0.0008678234492401455,0.00095926208592225,0.00156624527095092,0.004412649427662191,0.0012055373841061514,0.0009859605983227316,0.0015375021302453874,0.004459773610403315,0.0008000817715993283,0.0010910455437766573,0.001703154447476481,0.004761147657114782,0.0004663691114828736,0.00046567217197641443,0.0004670360447372704,0.00047026501558943104,0.0004815256993258057,0.0004683185156658258,0.0004645949144383035,0.0004741456951432832,0.0004676075305809993,0.00046459950149534807,0.00047338650937846916,0.0004650792604198368,0.0004684049281531156,0.0004658703549975273,0.00046861140354539774,0.0004667750979110875,0.0004656780895478595,0.0004666013807566577,0.00047356624029086346,0.0004697425361547369,0.00046585633680473407,0.00046269032989247334,0.0004683397862173059,0.0004671240796645789,0.00046814487366680636,0.00047818161549751043,0.0004663720033542664,0.0004768428804540696,0.0004807502523951607,0.00046479876753319395,0.0004708184377972757,0.0,0.0,0.0,0.0,0.0,0.0,0.0,0.0,0.0,0.0,0.0,0.0,0.0,0.0,0.0,0.0,0.0,0.0,0.0,0.0,0.0,0.0,0.0,0.0,0.0,0.0,0.0,0.0,0.0,0.0,0.0
228,0.0012628726431025904,0.0010700433631290764,0.0016127022066849397,0.0047789424959055376,0.0012243844291055424,0.0009759017536586998,0.0015341119325039743,0.004479147767484365,0.0012195790305019436,0.0011909621416847731,0.0018494834254995424,0.004933307618190265,0.0011902704427174692,0.0011026675110282712,0.0016922668301296152,0.0047731431327110024,0.0008238781036386869,0.0011441175407707047,0.0017979708478566318,0.0048572386125227485,0.0012133404207383906,0.0011001522376934744,0.0016828982724771317,0.004712955902540854,0.0007648252453941237,0.0009410956222570706,0.0015322600731921664,0.004188382050855846,0.0007950405071527079,0.0009543067320987356,0.0015398757501645529,0.004269565934630808,0.001223477014688354,0.0011232609179170304,0.0016183025795178567,0.004786608670288734,0.0013008723755247626,0.001340509440238806,0.002216373390175371,0.005364048184166648,0.0012264066043968225,0.0013017444346674373,0.0021174107360045283,0.0051513729022678095,0.001233982297457327,0.0011013102723021208,0.0016388427124545278,0.004777519957745528,0.0012054561296445396,0.0011207996105953404,0.0017311436393898348,0.004855316348523908,0.0012311257162424707,0.0010474927008943826,0.0015888565900303024,0.0046509408027478995,0.001034671095213869,0.001329270879125332,0.002149202171429717,0.005171479907863008,0.0012722502675602508,0.001182230470552689,0.001838335151495778,0.0049337631596229805,0.001247141941042211,0.0010827584767822396,0.0016442283427055718,0.004756920389542672,0.0012382301709321056,0.00107131487280773,0.0016320438498416995,0.004705074240638606,0.001176684371120883,0.001335478699863865,0.002160619132950299,0.005287290740513919,0.0012372883558849131,0.0010818629747898767,0.00164933706936982,0.004676205050839949,0.0008360332936193279,0.0008876595415893447,0.0015187317969835197,0.003915854887464219,0.0012195821804338743,0.0009768130730594441,0.0015379324358916796,0.004436846640341653,0.0013347751895691432,0.0011485108939834543,0.0017574259759844566,0.004889689225857937,0.0012301400084946943,0.0010368088310196717,0.0015831423123796292,0.004582003192623394,0.0013443187215884933,0.001063568346735658,0.001634203954566563,0.004764706986914598,0.0008351826341177404,0.0008789229063728,0.0015339233659192445,0.004010974791737865,0.0010755400915418824,0.0010622137232266966,0.0016339280857315978,0.004651459341017122,0.0008273114433432307,0.0009930272626142375,0.0015841892695295787,0.004501523991486442,0.0008674954156202511,0.000960125355150089,0.001565781825505721,0.004406686988677978,0.0012050469808199574,0.000987411151962676,0.001538543053707992,0.004463755086886998,0.0008019689866913052,0.0010913696831325625,0.0017030217661551952,0.004752152530441328,0.0004657384619989153,0.00046550749997928176,0.00046730519147683867,0.0004703664309094843,0.0004816393306645642,0.0004682766264624385,0.0004646163698201137,0.0004741799628253172,0.00046769928982402255,0.00046498109655912696,0.0004735138588724796,0.0004652821514329122,0.0004685138585979378,0.00046590342663217456,0.00046865320747065066,0.00046703406709376497,0.0004659531564684334,0.0004668671646497994,0.0004735792791937828,0.00046985047494569503,0.0004659978004949405,0.00046309172396739954,0.0004687106571496405,0.00046727488662029124,0.0004686544550951904,0.00047810523689147664,0.00046628654844581556,0.0004772377356098532,0.0004807128883581586,0.00046494774084791427,0.0004710797747089381,0.0,0.0,0.0,0.0,0.0,0.0,0.0,0.0,0.0,0.0,0.0,0.0,0.0,0.0,0.0,0.0,0.0,0.0,0.0,0.0,0.0,0.0,0.0,0.0,0.0,0.0,0.0,0.0,0.0,0.0,0.0
229,0.0012694818549619164,0.0010806259427576634,0.0016349828442321463,0.004807488448159862,0.0012253359979978345,0.0009827764833166195,0.0015367829006742717,0.004499951539455271,0.0012198016359209034,0.0011908543880649477,0.001848962761700922,0.004927281672817375,0.0011938381846521825,0.0011104722087759216,0.0017052040489869873,0.004784276124106615,0.0008214261944901067,0.0011443869288334013,0.0017985239543107454,0.0048525819072746034,0.00121498043393617,0.001108832372951944,0.0016946362577170454,0.004729091965414546,0.0007645616822382607,0.0009377948490813177,0.001531373034844643,0.004177316908579877,0.0007958393640026586,0.00095222090261785,0.001538303988277255,0.004262696680028393,0.0012256132785919537,0.0011480310186026909,0.001657997476880552,0.004831331594984197,0.0013001313186463937,0.0013404993016460092,0.0022172886559238985,0.005369877501014113,0.001230384751358404,0.0013143569806740834,0.0021610750964756384,0.005182271141989965,0.0012333951637771342,0.0010985828274188638,0.0016337487430039756,0.004766601626628288,0.0012021986898173,0.0011257519004102034,0.001742572331875373,0.004859682849656644,0.0012297253115684413,0.0010462383704164602,0.0015877573119236195,0.0046455679798979655,0.001016550593535564,0.0013306557012515055,0.002155730995755339,0.005179727648274813,0.0012879901971604765,0.001207171096355705,0.0018782119566757036,0.0049595134527874035,0.0012500841461723319,0.0010915323520182105,0.001668380106869989,0.0047854738802196985,0.0012374706001118476,0.001080577811478678,0.0016484907078033973,0.004730077948915693,0.0011948904085366395,0.0013357911787432778,0.00216333213341796,0.005289422845691382,0.001238613604141815,0.0010866156959795585,0.0016569972591359294,0.004686063487360396,0.0008243953246738785,0.0008917812668587283,0.0015177824878917904,0.003937690188367317,0.001222816440432323,0.0009916140004478256,0.0015463009919441978,0.004494422664263675,0.0013405173623198146,0.0011546793442532043,0.001767397054708731,0.004896421648392846,0.00123004610798148,0.0010365773368530785,0.0015828726678576977,0.00458067275360368,0.0013210940808651155,0.0010538896139366662,0.0016237170702114393,0.004749047561390011,0.0008360417156454052,0.0008778449535428075,0.0015333590010996217,0.0040007232486104025,0.0010887386894809393,0.001076837526540555,0.00165172993718112,0.004682192063009547,0.0008296373630083738,0.0009876011235844583,0.001579185303926722,0.004487944650473232,0.000867034502124181,0.0009590149542854586,0.0015644394224710815,0.00440059480244819,0.00120505840649453,0.000989662182829398,0.0015397691451036458,0.004471251614581663,0.000801773574934289,0.0010877330097964417,0.0016979613179180968,0.004745559244488586,0.00046596203641264926,0.00046550390119978605,0.0004677468914560004,0.0004702227278574983,0.00048264920581817113,0.0004683473583157531,0.00046455581344778544,0.0004741924702167485,0.00046764872554522707,0.00046521717698588816,0.0004733873570540619,0.0004655208734657362,0.0004684898653048972,0.0004660107040651581,0.0004691092804656525,0.0004678339433427859,0.00046683076864275876,0.00046703000522960555,0.0004737111723523742,0.00046982203460866614,0.0004658656045772065,0.00046376835972977124,0.00046913781147991343,0.0004671880712668779,0.0004689386284032951,0.00047819422826665,0.00046631520384987505,0.0004776413689493065,0.00048084410112390116,0.00046480039641688935,0.0004711268070441731,0.0,0.0,0.0,0.0,0.0,0.0,0.0,0.0,0.0,0.0,0.0,0.0,0.0,0.0,0.0,0.0,0.0,0.0,0.0,0.0,0.0,0.0,0.0,0.0,0.0,0.0,0.0,0.0,0.0,0.0,0.0
230,0.0012690439323370507,0.0010803402872122077,0.001634339659155212,0.004806968256695123,0.0012254068122581783,0.0009837742880526195,0.0015376676749925989,0.0045031540652784065,0.0012205612218359797,0.0011909412643841667,0.0018494186729628753,0.004926993195265609,0.0011933938361310024,0.0011046656363434477,0.0016951591194465667,0.004771569683286922,0.0008223304081633995,0.001142464280449208,0.0017941558066077489,0.004848327761758329,0.0012157916331190807,0.001108983309538992,0.0016947277802519623,0.004728197494392258,0.0007637206387653766,0.0009390588123071076,0.001531659803816354,0.004181434072353015,0.0007977540155459066,0.000950248793499368,0.0015372630509447194,0.0042566874809018855,0.0012263676930135727,0.001153391879016317,0.0016669603165501276,0.004840528553486524,0.0012779219898441758,0.0013392685283981425,0.0022147385577547902,0.005354497953191832,0.001236968674358937,0.001318981178115576,0.0021719660184147454,0.00519715013889981,0.0012339291885877738,0.0011041261397410288,0.0016446775100077496,0.004780431236199106,0.001197228213468367,0.0011270934602878853,0.0017458796233888992,0.004862743450067209,0.001229337608619581,0.00104894189284483,0.0015913840952279175,0.004652247994282755,0.0011489961455034379,0.0013313873544616535,0.002159041502793898,0.0051855700073587686,0.0012927967639262614,0.0012133991124297892,0.0018889646655367723,0.0049672758667140635,0.0012438459011665656,0.0010951541325550295,0.0016805547493980843,0.004796826829256599,0.0012319457498429893,0.0010776294992107284,0.0016438550068407882,0.004722835504876173,0.0012066867382162947,0.0013359562977273377,0.002159489629898265,0.0052863160680675265,0.0012379031071533915,0.0010856414936262111,0.0016555331365369931,0.004683566245974914,0.0008182431600629964,0.0008942485466746199,0.00151758546555282,0.00394996769107823,0.0012236174740557655,0.0009968520857708825,0.0015492080242394493,0.004509771393869188,0.001330451002580543,0.0011612421925491804,0.0017793594744011298,0.004906210461563524,0.0012298660917914536,0.0010375441945641509,0.0015842870238143283,0.004582479669742956,0.0013141469948374988,0.0010608414204555212,0.001632704312364844,0.004761284172480444,0.0008347685816560561,0.0008772755101781512,0.0015337812950684086,0.003994331750271383,0.001088923107041378,0.0010806343298050793,0.0016565045705122941,0.004689009326231449,0.0008308188460779331,0.0009853531229633825,0.0015773788191063157,0.004482139326589279,0.0008668189949984332,0.0009607228155982346,0.0015658973341456787,0.004406594812790171,0.001204964983962348,0.0009917240117798577,0.0015412438845020544,0.004477417339020332,0.000805389149525091,0.0010865249225137077,0.001696292570293304,0.004743023547684908,0.0004660095713849789,0.00046548590675557364,0.0004671957547341173,0.00047017626853662945,0.0004809913493107103,0.00046832569919473256,0.0004645345531363239,0.0004742648732681867,0.000467630567902602,0.0004646180831894139,0.00047330532353984935,0.0004651735386622616,0.0004684043897879357,0.0004660635253687876,0.0004684672197111635,0.0004663343521466442,0.00046526679323396597,0.0004666974290432549,0.0004738272063760403,0.00046981424680876444,0.0004658275745754502,0.0004625078317621154,0.0004680991872890232,0.00046715544950556674,0.0004681388928645505,0.0004781556659987867,0.0004663163724134006,0.0004766866282257033,0.00048079699628119114,0.000464742387883986,0.0004708870998367972,0.0,0.0,0.0,0.0,0.0,0.0,0.0,0.0,0.0,0.0,0.0,0.0,0.0,0.0,0.0,0.0,0.0,0.0,0.0,0.0,0.0,0.0,0.0,0.0,0.0,0.0,0.0,0.0,0.0,0.0,0.0
231,0.0012599486139766082,0.0010654956323972358,0.0016038011829054488,0.004754747462507055,0.0012242461567812779,0.000976210081685072,0.001533660983179176,0.004474455235189052,0.0012175154436125824,0.001190149795148773,0.0018471731832010274,0.004924090845626551,0.0011929734442514628,0.0010961275206013842,0.0016807479759963556,0.004752459864637956,0.0008238910574781401,0.001140271836865526,0.0017894453065369085,0.004843132953543813,0.0012218861966077628,0.0011074767548646352,0.0016985258685024399,0.004819900324005083,0.0007625822493047286,0.0009356122936964571,0.0015308997841437023,0.0041694966819208435,0.0008001025394938655,0.0009476749771548999,0.0015359167925216401,0.004248553073013871,0.0012249480130558281,0.001133720877298245,0.0016330283487267882,0.004804899813410634,0.0012686770294917328,0.0013389292694458584,0.0022136034616822217,0.00534883296306757,0.0012409401064307167,0.0013117485875048527,0.0021507824887570764,0.0051751796763880205,0.0012350094033602233,0.0010999000975434612,0.001634617687037442,0.004768375511291423,0.0011958098128994911,0.0011204383331445448,0.001730356925187108,0.004848964664990977,0.0012289923681953795,0.0010441452186539702,0.0015854396813976368,0.004638602490049794,0.0012056580735017074,0.0013306743718917683,0.0021555867847515573,0.005181213382716876,0.0012772830290322121,0.0011941020910378136,0.0018570736614990078,0.004944798285223803,0.0012463997400777326,0.0010876597349442005,0.0016584970171110215,0.004771748772196006,0.0012324449981047489,0.0010663433928392604,0.0016257767786720867,0.004693728007305835,0.0012097075833678484,0.0013362369641702033,0.0021597681228929812,0.005286019236558989,0.0012368676801692768,0.0010830864752221314,0.0016515177882557449,0.004677152184687887,0.0008274730999236841,0.0008910408466835884,0.0015181189642520523,0.003933767909859848,0.0012219859120813777,0.000988263232803102,0.0015434289196732888,0.004483436279599823,0.001318292358485162,0.001146273661952941,0.0017549760878951368,0.004887547414115528,0.0012292149132181554,0.0010351340892378977,0.001581937552260528,0.004575762628257065,0.0013014260201913285,0.0010517347978037156,0.0016230902384258515,0.004747356059966348,0.0008352554430872483,0.0008774168410483137,0.0015337667870753953,0.003995492108206602,0.0010847986049726678,0.0010736828737975246,0.0016475829320371877,0.004672043568184216,0.0008328380050233502,0.0009833957020563785,0.001575640286880879,0.004476793197946491,0.00086737956140372,0.0009595297573233754,0.0015652434430571186,0.004402890043079306,0.0012054263713398234,0.000990047592330071,0.0015401212680993788,0.004472643409623647,0.0008056331169635578,0.0010869527038946988,0.0016968266043073665,0.00474304669770491,0.00046589959412506477,0.0004656195298058002,0.0004675079398031935,0.00047037906184485377,0.00048151657247722944,0.0004682404122372709,0.00046462860577684944,0.00047437063091603675,0.00046777398473128837,0.00046499397608985106,0.0004735082854693204,0.00046547501498171473,0.0004685715432451228,0.00046612072070467003,0.00046884747930952614,0.00046684382504477175,0.0004657549042203279,0.00046701928503799895,0.0004738687114472462,0.00046994069435673483,0.00046602187929417616,0.0004629643985902037,0.0004687501302591669,0.0004673749859207213,0.0004686977156688079,0.0004780426625172137,0.00046633610563568805,0.0004773462199680381,0.00048075680084602105,0.00046488920903354933,0.00047094365733457315,0.0,0.0,0.0,0.0,0.0,0.0,0.0,0.0,0.0,0.0,0.0,0.0,0.0,0.0,0.0,0.0,0.0,0.0,0.0,0.0,0.0,0.0,0.0,0.0,0.0,0.0,0.0,0.0,0.0,0.0,0.0
232,0.0012568757526976644,0.001061529144507935,0.0015966513131991688,0.004753072940412228,0.0012241097204135196,0.00097371504669065,0.001533947110626288,0.004473893786085603,0.0012169461760311404,0.0011956957660004416,0.0018570201046086137,0.004941357922284312,0.0011972950662287173,0.0010993329926667584,0.0016860212775549192,0.004765658147169239,0.0008190008887279215,0.0011396933130002527,0.0017882514662199813,0.004843726792535851,0.0012250496179625873,0.00110436952939397,0.0016937881836395024,0.004808010157203544,0.0007610054010619071,0.0009338642221113005,0.001531147142856753,0.004163047379539712,0.0007981765474802796,0.0009475889422376196,0.0015362014359257767,0.004248161253595194,0.0012242452459307511,0.0011256816414827505,0.0016204559159152558,0.004790225629605247,0.0012816066992668983,0.0013392462107111721,0.0022143735781116106,0.005352969613880129,0.0012493436948582451,0.001310149037208142,0.002141024403540111,0.0051774922787477026,0.0012371276225471028,0.001102789387237484,0.0016401300156444003,0.004781254290239551,0.0011966834617038148,0.0011171080215606395,0.0017218623271481716,0.0048447477859445125,0.001232483705471818,0.001044289560546999,0.0015840783110889441,0.00464025474069861,0.0012223742595122505,0.001330616372719964,0.0021549033194447186,0.005182119961305612,0.0012670914022732895,0.0011836514647187472,0.0018399608978711748,0.004936400513858666,0.0012473039835502763,0.0010847573705723337,0.0016496821181686563,0.004763964481387733,0.0012322850537197503,0.0010598284460815463,0.0016164531237143989,0.0046793318198095095,0.0012099490051854938,0.0013361925887146724,0.0021575786929683145,0.0052812940585414,0.0012359117924885812,0.0010790296637146178,0.0016451191986587236,0.004668150044557987,0.0008334000011358594,0.0008890573976660897,0.0015185292771499122,0.003923301113998964,0.0012213243212719884,0.0009830646900233525,0.0015407001789185817,0.004469047374387374,0.0013311116498281642,0.001144245697087268,0.0017514433672017498,0.004885891469056682,0.0012290585297100468,0.0010354572719606576,0.001582610403675318,0.0045760769732303384,0.0012982285233208552,0.0010546558653239547,0.001628583286934303,0.004752982912707759,0.0008346748259721248,0.0008774095640875691,0.0015337862278469658,0.003993994924635305,0.001085599160061048,0.0010718069441932687,0.0016454287688491649,0.00467072366300527,0.0008329417840611102,0.000985079463794592,0.0015774847001553097,0.004484489479127024,0.0008673622936994696,0.000959397152859117,0.0015657918863393595,0.004405091209624134,0.0012060823603218356,0.0009910951042189902,0.001541196983054047,0.004478144210122767,0.0008056927059918034,0.001088103145538947,0.0016985326861532627,0.00474703923683355,0.00046637405647979537,0.00046578910328953603,0.00046765466672756386,0.00047026738909761986,0.0004820809512205409,0.0004681569476136725,0.00046454859636021117,0.0004744629560427992,0.00046764606071910867,0.0004649433623092302,0.0004732583728255581,0.00046555737460810155,0.0004683443863198918,0.00046618057716176116,0.00046912894048692084,0.0004672954039972508,0.0004662286446802271,0.00046701431401759586,0.0004738632183105959,0.00046981128020980403,0.0004658199722315149,0.0004633418906411187,0.00046876414218320405,0.0004671415705719317,0.00046871198980257553,0.00047807802811459225,0.0004663850439465152,0.00047736196149588127,0.00048072354159465406,0.00046479450872078596,0.00047083266726867263,0.0,0.0,0.0,0.0,0.0,0.0,0.0,0.0,0.0,0.0,0.0,0.0,0.0,0.0,0.0,0.0,0.0,0.0,0.0,0.0,0.0,0.0,0.0,0.0,0.0,0.0,0.0,0.0,0.0,0.0,0.0
233,0.0012617022474379145,0.001063227555911647,0.0015995523395389575,0.004761244500104526,0.001224754084800713,0.0009734235558873308,0.001532633926777451,0.004475113049776485,0.001225456926058392,0.001206258107141509,0.0018728038159830174,0.004963542611394161,0.0012058772237259815,0.001105676697398936,0.0016965541685772126,0.004791128317951839,0.0008167144694507093,0.001142665291231095,0.0017951491717167678,0.004867692382088506,0.0012327793975590404,0.0011050856229393486,0.0016951806837433286,0.004813553306960445,0.0007553145352102586,0.0009364767646920656,0.0015312907400845423,0.004170493365403687,0.0007872899843517837,0.0009534442267687058,0.0015391024123161854,0.004266144273554524,0.0012259275148119178,0.0011286619297607274,0.0016237702431861826,0.0047973415641255675,0.001300647284884582,0.0013403119814452535,0.002215855062655094,0.005357095837438711,0.00125061434481681,0.0013064678272593053,0.002119866839372994,0.005172733895299934,0.0012485989668552253,0.0011123419500955272,0.0016534349927444462,0.004805176360468326,0.0012002744708151899,0.0011182652016045501,0.001724758439743872,0.004859569240957123,0.0012385646457507577,0.001050600244397636,0.0015900112615662688,0.004667218483140608,0.0012357343243204523,0.0013309526323305244,0.0021551922935012643,0.005181100212064612,0.0012618578948564894,0.0011818782389352083,0.0018357189964449787,0.004942540613481631,0.0012575353289111186,0.0010857858469924882,0.0016501897213756517,0.004774252751603786,0.0012455707520248206,0.0010645492566924539,0.0016217325794330574,0.0046958256877257,0.0012110012723344566,0.001337310833114055,0.002161377489679119,0.0052793946720262035,0.0012367144265069245,0.0010803442994428948,0.0016470585544006563,0.00467280491356616,0.000837107897118963,0.0008866829839257878,0.0015185599841953,0.003910465071049377,0.0012215183022754419,0.000981604453555188,0.0015400487328938836,0.004469242704526143,0.0013445518697242675,0.001143462874899355,0.0017494341804563042,0.004882804412884633,0.0012304824292834029,0.00104311295054233,0.0015907652864071869,0.004593889550662575,0.0013024688822847472,0.0010661529260074711,0.0016426560486695599,0.0047690476450476076,0.0008328414702149198,0.0008777917897496649,0.0015339767264341462,0.0039980421854196105,0.001104392318960462,0.0010756920921745044,0.001650682723409789,0.004689055110671409,0.0008265222631723797,0.0009902414055330175,0.001583068019365416,0.00450877193391043,0.0008675752645177226,0.0009599695157838917,0.0015672340800427893,0.004416635757104874,0.0012081907135747909,0.0009936135300870983,0.0015431409261178607,0.004494998825920559,0.0008042486852427968,0.0010892978780566798,0.0017007041174759853,0.004757380755803295,0.0004663345898905459,0.0004657936597517457,0.00046814645952084283,0.00047041982439898085,0.0004828345114100852,0.00046811134478560377,0.00046529303653563187,0.00047440208521435523,0.00046776233495348594,0.00046549963470072814,0.00047336537538704285,0.00046592847437516567,0.00046842336093148623,0.0004663121395628159,0.0004697232336438023,0.00046810541604256993,0.0004669126145510218,0.0004673460011967826,0.0004740245185497692,0.0004699227759176357,0.00046596926605658876,0.00046398225509191796,0.0004694232875813439,0.000467340338179771,0.000469255153195128,0.00047826341414732417,0.0004667038054421129,0.0004779004030328323,0.00048074787646087947,0.00046493680065115323,0.0004709424902177736,0.0,0.0,0.0,0.0,0.0,0.0,0.0,0.0,0.0,0.0,0.0,0.0,0.0,0.0,0.0,0.0,0.0,0.0,0.0,0.0,0.0,0.0,0.0,0.0,0.0,0.0,0.0,0.0,0.0,0.0,0.0
234,0.0012783767788100168,0.0010755086454261238,0.0016239016463764774,0.0048607606215483705,0.001229315904677774,0.0009795423998795198,0.0015403519058747443,0.004553579656821169,0.0012703954714588929,0.0012162360444827535,0.0018930308612524131,0.005040615010808096,0.001218190269000489,0.001121502143965877,0.0017270062037628166,0.004877834505427169,0.0008168476148328336,0.001146482725771915,0.001803730116529799,0.0048802998563546186,0.001239029990289888,0.001109134491447707,0.0017015899025901384,0.004827056293666827,0.0007534105674378657,0.0009474576945973933,0.0015494036408764877,0.004312218863826708,0.0007755669694088161,0.0009697924541065522,0.0015626610876484212,0.004423286717025301,0.001228812809745135,0.0011368580078750415,0.0016368676407699351,0.004839276988007181,0.001295738138742291,0.0013461698753350093,0.002231518983784496,0.00542201637308044,0.0012464143134053233,0.0013001682929844056,0.0020821474037324077,0.005154610448243823,0.0012565706095097303,0.0011223753983297833,0.0016662754599307598,0.004833302708576722,0.0012026240229320055,0.0011245341165608306,0.001740505201089764,0.00487886706303573,0.0012471170107096617,0.0010619896635770865,0.001599035237575197,0.004702965655637659,0.0012236450179810736,0.001337104197029054,0.0021756930995312676,0.005260338188797363,0.0012863881683745772,0.0011884036313585774,0.0018467396371378633,0.0049950632362951155,0.0012635244318212396,0.0010887478334723145,0.0016535985018957743,0.004789803675812593,0.0012698591555873608,0.0010772888710503569,0.0016385611219275802,0.004732072465474029,0.0012304776434986719,0.0013396330783803276,0.002171679030175744,0.005299154515404949,0.0012357712703715503,0.0010830962998967539,0.001651425381588545,0.004682910034887403,0.000830790534210516,0.0008880177599303533,0.0015183388424299953,0.003917645830891118,0.0012220576269462145,0.0009847760412393918,0.0015418872297716696,0.0044783296302778565,0.0013647906964516792,0.0011490980971710302,0.0017572054321890746,0.004889856683193972,0.001231246861206133,0.001048029826550431,0.0015963357365094124,0.004604694129931056,0.001305852269633554,0.001070303990859988,0.001647060877717946,0.004779919829111608,0.0008330993690787886,0.0008786212426002166,0.001535858486837256,0.004012706996705333,0.0011365260799369621,0.0010739254241697305,0.001648527864820738,0.004692271834531731,0.0008198183761462806,0.0009984693627705322,0.0015911742641597192,0.004535153069725379,0.0008677787074090938,0.0009611068112191677,0.0015683571965898302,0.004423625334924301,0.0012106824273234382,0.000995440350350251,0.0015432565853365668,0.004505879455234307,0.0008044026571125234,0.0010894006373146558,0.0017008745371004028,0.004757976824840775,0.0004660253819218183,0.00046576209057457447,0.00046750217277276166,0.00047052137709942314,0.00048090867571230766,0.00046773216559719335,0.0004662982169466663,0.00047611328803455873,0.00046779500277503185,0.0004650645408858135,0.0004736240643089298,0.00046565599779038887,0.000468605244568851,0.0004662759396243208,0.0004685602389241061,0.0004662370466244977,0.0004651648923631315,0.00046678437583777354,0.0004741350851646658,0.0004699991046875945,0.00046611984492549407,0.0004626042672047611,0.0004684728650748335,0.0004674623234721507,0.00046853410090511206,0.0004780682098711683,0.0004666133584563401,0.0004771417332281488,0.0004806849672333181,0.0004649593372006167,0.0004710094770416706,0.0,0.0,0.0,0.0,0.0,0.0,0.0,0.0,0.0,0.0,0.0,0.0,0.0,0.0,0.0,0.0,0.0,0.0,0.0,0.0,0.0,0.0,0.0,0.0,0.0,0.0,0.0,0.0,0.0,0.0,0.0
235,0.0012880266389432432,0.0010822974988328547,0.0016361807558973001,0.004888583522511552,0.0012307752611352067,0.0009831059017028252,0.0015431407981894485,0.004579563235090487,0.0012911371091585487,0.0012235002152015451,0.0019073714845616705,0.005068609244941521,0.0012287357422568655,0.0011374082171326533,0.0017573964064086062,0.0049382269518426485,0.0008215158622575326,0.0011540426992788099,0.0018217409714236647,0.004962275942443758,0.0012411998367060752,0.0011109459031888105,0.001704089770211476,0.004828911866720662,0.0007508204427238603,0.0009485902161041925,0.0015490276040993174,0.0043163594666215605,0.0007707310677325993,0.0009737765100890877,0.0015668542572233942,0.004443945839549821,0.0012285601648104251,0.0011372683239799244,0.0016367507437262917,0.004832082322910723,0.0013951380725135117,0.001349672431525915,0.0022454720105748284,0.005484064375761101,0.0012488702221963974,0.0013039344440373718,0.0020997653671916737,0.005169272277880341,0.0012524462144529,0.0011295969566630366,0.0016724097317540674,0.0048465598879423215,0.0012051508606826986,0.0011234244890630644,0.0017385197645473428,0.004882564105844335,0.001255572682998823,0.0010695946988692933,0.0016064142532770489,0.004727581836059473,0.0012363034349221341,0.0013399790484581624,0.002191125375864025,0.0052844327406956874,0.001327990263362516,0.0012017530951828866,0.0018636949617955086,0.0050369820103825045,0.0012550955374147107,0.0010853628260950824,0.0016387148312744368,0.004785290736902204,0.0012773900579566705,0.0010839616239534553,0.0016480382288359614,0.004759333533672248,0.0012695368001290107,0.0013429014536739973,0.0021810960911953954,0.005347076319920979,0.0012363865707720552,0.001084757535773102,0.001654332960929905,0.00469191523628437,0.0008271463482686499,0.0008900165403010209,0.001519004935885051,0.003927192318957969,0.0012227174968403212,0.0009870687353721699,0.0015433914817660546,0.004490897833755135,0.001359542842708832,0.0011497984355863338,0.0017573010830489952,0.004895347652429317,0.0012321890628507284,0.0010525027673439053,0.0016015425578042239,0.004615185348951001,0.0013231785057280661,0.001068987024045199,0.0016427794578545581,0.004779275677641213,0.0008365784559798818,0.0008819463304423167,0.0015442008156443686,0.004073337622819376,0.0011747020397072025,0.001076452245207369,0.0016515161817037842,0.00470486846570518,0.0008212509105660601,0.0009947084225905194,0.0015881244064761212,0.004528774806340079,0.0008688123513773807,0.0009608794972425168,0.0015688936024817269,0.004426941543616662,0.0012137437111835224,0.0009963473099643275,0.0015402601511078483,0.004517202980891887,0.0008025940812795922,0.0010896317473457035,0.0017014664074908499,0.0047626265932182174,0.00046609415851997575,0.0004654154988444954,0.0004677677195474239,0.00047032955383663613,0.00048171152639880997,0.0004676611675216031,0.00046624485663097453,0.0004759020759688644,0.0004678385760871599,0.000465424779172897,0.0004735754775451275,0.00046612146347552755,0.00046875785267458836,0.0004665193157954129,0.0004691103225819644,0.00046698362112587884,0.0004658404239894839,0.0004670741767151213,0.0004741687217185156,0.00046988983479453924,0.0004658267057317385,0.00046324701140186596,0.0004687658458100098,0.0004672854852693576,0.00046862219258388767,0.0004779021315985779,0.00046646596532721915,0.0004774131603078504,0.00048068500045591553,0.00046492886380874754,0.00047108390861812856,0.0,0.0,0.0,0.0,0.0,0.0,0.0,0.0,0.0,0.0,0.0,0.0,0.0,0.0,0.0,0.0,0.0,0.0,0.0,0.0,0.0,0.0,0.0,0.0,0.0,0.0,0.0,0.0,0.0,0.0,0.0
236,0.0012891078282459415,0.0010792336078119062,0.0016306135903557967,0.004874179491504425,0.0012297300057193985,0.0009790489658087777,0.0015400996756282127,0.004557887844891027,0.00128736504810378,0.0012162723292785025,0.001894443968081071,0.005049871244594808,0.0012305241841449944,0.0011343688474403071,0.0017520662564763203,0.004927975566680951,0.0008208714327957888,0.0011516464700453927,0.0018148594443550858,0.004889244295212109,0.0012403693124833299,0.0011060692162234897,0.0016967991121625533,0.0048155472070437145,0.0007557007145599297,0.000942594028581249,0.0015476847842167069,0.004296545774567071,0.0007753685987653726,0.0009693918076632846,0.0015631394713798616,0.004430823999820068,0.0012284988673430955,0.0011330899771498466,0.0016302292482853961,0.004825431991671807,0.001498252907238599,0.00134735589709686,0.002240369899074199,0.005446841371479802,0.001246636043104514,0.001305370155764533,0.002114745739154538,0.0051708705284101725,0.0012509635609508094,0.0011281067022071603,0.0016701557448428007,0.004838892465642707,0.0012045567067600056,0.0011200153156382276,0.0017310083215404497,0.0048711280716164165,0.0012517712429048113,0.0010634511102572556,0.0015967013084222793,0.004708343273643102,0.0012469931557329218,0.0013391829185429866,0.0021887362047921088,0.00527106379710591,0.001322253494869858,0.0011975478481283097,0.0018525148480193557,0.0050241421540150035,0.0012494235547769678,0.001077212286035276,0.0016188806594672317,0.00475715946627353,0.0012711451030412854,0.0010816967353879086,0.0016438656545966763,0.004748299386341441,0.0012868333167079513,0.001342730198517383,0.002180613253974966,0.005340600098397269,0.0012363642080572216,0.0010761920814162703,0.0016403966762429212,0.004671317776973464,0.0008372159885052314,0.0008860775030279412,0.0015180013867495572,0.003907718673289918,0.0012217667357576252,0.0009807485606471323,0.0015395404775837606,0.004469470521011465,0.0013118853913997005,0.0011353050202074608,0.001736452727952444,0.004874177303388123,0.0012319977975817542,0.0010505581044877087,0.0015990629821047873,0.004610522091070444,0.0013182114623334921,0.001061117042679165,0.0016325860508862634,0.0047632832992523175,0.0008372618860671209,0.0008820163481595552,0.001544152223807356,0.004071458430957471,0.00118645360919693,0.001074569765223189,0.0016486718837939902,0.004701278350241167,0.0008225648425685443,0.000992168678050319,0.0015855717215403757,0.004521472064049272,0.0008694952117166156,0.0009610283928070204,0.001569166635724811,0.004427521948706778,0.0012150993073012973,0.0009943128079670013,0.0015373575809463152,0.004512623892525449,0.0008032690743204648,0.0010895414546549477,0.0017011534854590718,0.004758650770134835,0.0004659517095595056,0.0004653879203050854,0.0004680559752709276,0.0004705835959220463,0.0004821035071276526,0.000467573925065318,0.00046597125043441325,0.0004756206618864527,0.00046792443090580484,0.0004658191339544163,0.0004737895001188784,0.00046642345941099985,0.0004689357630045394,0.0004665556494117889,0.00046952745529922277,0.0004673706275773084,0.0004661598132881993,0.0004674579897692002,0.000474372879005751,0.00047020790809677534,0.0004663769863947352,0.00046356853300801487,0.0004692884730629082,0.0004678557573795654,0.0004693519457253261,0.0004778640555791774,0.00046633044777986157,0.0004778144602345012,0.00048060712653165313,0.00046501580346583075,0.00047103419189134125,0.0,0.0,0.0,0.0,0.0,0.0,0.0,0.0,0.0,0.0,0.0,0.0,0.0,0.0,0.0,0.0,0.0,0.0,0.0,0.0,0.0,0.0,0.0,0.0,0.0,0.0,0.0,0.0,0.0,0.0,0.0
237,0.001294864906736545,0.0010767236576757417,0.001625845332608294,0.004867486128689945,0.0012295503397057738,0.0009775315040886255,0.0015389557616824507,0.004552855292598648,0.0012817656529511817,0.001207106918020957,0.0018785805051066513,0.0050370458149872205,0.0012313243314795027,0.0011307191637138496,0.0017453430610863126,0.004918839106767385,0.0008183018124610097,0.001148641308019156,0.0018085954632640216,0.004875918992914866,0.001240168489112524,0.001100354353346287,0.0016884510001256101,0.0048019979662760025,0.0007533403899393836,0.0009448935603751948,0.0015478790916558971,0.004304520853782081,0.0007814263275642597,0.0009642397337702802,0.001559000929024961,0.004414808752324609,0.0012291757761612614,0.0011248307304516335,0.0016159540389003785,0.0048086912417212805,0.0016926823171930423,0.001347788125003396,0.0022405061699048044,0.005453949681967198,0.0012496123694666335,0.0013047895525507033,0.002107685613113892,0.005167316938389054,0.0012502209648129967,0.001132228787069723,0.0016802044483661994,0.004847268201804339,0.0012053164327878035,0.0011202842854055194,0.0017320188814084285,0.004871999310944817,0.0012468040563706363,0.0010509302879199009,0.0015794635246168566,0.004672242646721491,0.0012713782707695527,0.001339469543726616,0.0021902884080672986,0.005274864666552979,0.0013212251861719091,0.0012012822484661827,0.0018587648725614282,0.005027666890499148,0.0012486257708021282,0.0010820979470344103,0.001630601774786041,0.004769378602993953,0.001273928770430953,0.001077451161602077,0.0016345348916067795,0.004730938451517254,0.001292387360178116,0.0013427207596953877,0.002180487148254202,0.0053380692637315305,0.0012376934587178564,0.0010801670502864117,0.0016472569381796225,0.004681423037228817,0.0008306542636420003,0.0008891978107823655,0.0015170721613162207,0.0039246972666137515,0.0012208441380628227,0.0009763814528449357,0.0015369538843605962,0.004452055475369984,0.001297219192519877,0.0011297379333389203,0.0017310421718777411,0.004868655039770038,0.0012315255242181338,0.0010480400947077686,0.0015958532519393792,0.00460492754599683,0.0013224204557629293,0.0010625606575967105,0.0016338898673649337,0.004764441043458296,0.000839443686508515,0.000882188540365861,0.0015428785577460556,0.004078619621657305,0.0011888735999577302,0.0010746731120166394,0.0016483953926194686,0.00469539413697501,0.0008241622031484861,0.0009877428300569299,0.0015811482975521367,0.004508375875540456,0.0008689061531221359,0.0009606640179482522,0.0015681951406380618,0.00442612050002281,0.0012156846417504196,0.000994778763424572,0.0015371432194136686,0.004513939593720563,0.0007988263791974984,0.0010894899575252897,0.0017009707788690036,0.004757090198782529,0.00046572658640015843,0.0004655617355359377,0.00046850122927995995,0.00047088465560281105,0.0004828216047758598,0.000467591287959354,0.00046617261847134873,0.00047574432661542053,0.00046822361356626613,0.0004664274836607626,0.00047423598379997973,0.0004668958411218681,0.00046931056830394017,0.00046690480914336307,0.0004702306135824611,0.0004679704904180799,0.00046681197576203706,0.0004680142735452274,0.0004746283554841078,0.0004706947121978586,0.00046690653635062717,0.0004642159211803289,0.00047026552909291443,0.00046841486313282195,0.00047032017334217366,0.0004781717628012866,0.0004663122591040196,0.00047871697777336966,0.0004807184580732134,0.00046534726223010164,0.00047110475645935275,0.0,0.0,0.0,0.0,0.0,0.0,0.0,0.0,0.0,0.0,0.0,0.0,0.0,0.0,0.0,0.0,0.0,0.0,0.0,0.0,0.0,0.0,0.0,0.0,0.0,0.0,0.0,0.0,0.0,0.0,0.0
238,0.0012907377306811169,0.0010751351733464998,0.0016228164471330231,0.0048614556039996756,0.0012294481917378497,0.0009777047497527764,0.0015395308280961712,0.004552214547258722,0.0012780561058292083,0.0012038231544233293,0.0018728848382670513,0.0050319158907491226,0.0012303394624376192,0.001128246096721624,0.0017407455515870054,0.004911619437879135,0.000819282689523383,0.0011476227729130537,0.0018061499197382885,0.004864241902169022,0.001241514493713015,0.0011043958172452751,0.0016945067015549336,0.004813539335583625,0.0007530023630763973,0.0009453640581321547,0.0015476587469947557,0.004304675040004004,0.0007882428716440491,0.000958672835035982,0.001555157002834662,0.004395466046522868,0.0012296494947496967,0.0011241034796521947,0.0016141140708481468,0.004806396139163782,0.0017489656212371712,0.0013471791694659619,0.002238484505829859,0.005445520098425018,0.0012517627096920907,0.0013039384762689103,0.002096425208388,0.0051626930637486065,0.0012480505721991022,0.0011274498497580035,0.001668877724482007,0.004835687084410569,0.0012053711889717929,0.0011242312629259953,0.001740770674860268,0.00488020709424806,0.0012442669332596266,0.0010459339335708345,0.001573927827241952,0.004660699984692073,0.001259580839849059,0.001339404966391166,0.0021899180174800702,0.005272577136671244,0.0013219747826796636,0.0012053072566183352,0.0018666025791491182,0.005030861374874214,0.0012483551670117606,0.0010897739395115786,0.0016537124827564636,0.004797013014206522,0.0012646357402331231,0.0010735315002501473,0.0016260455700953314,0.00471974520650381,0.0012526973335116472,0.0013428904071809042,0.0021813344252002826,0.005339865086206751,0.0012381703541422006,0.0010824501876562666,0.0016511648638107535,0.004687060438783861,0.0008285893740242336,0.0008902106644094102,0.0015168210090105402,0.0039301752563665445,0.0012217844911261468,0.0009821068680397694,0.0015401766192553131,0.004468878188369345,0.0012910102931353005,0.0011318451406819832,0.0017356563947086316,0.004873168549123837,0.0012305147163332538,0.00104176048178565,0.0015887638058126564,0.004590911620667209,0.0013018781498045648,0.0010545297968138014,0.0016263690962428972,0.004751401080297277,0.0008392852081717654,0.0008821920682372806,0.0015424857699516785,0.004080079431103481,0.001178787024934221,0.001071762123627953,0.0016449138701961092,0.0046884192705069815,0.0008255428676534759,0.0009864182298868131,0.0015798810331190292,0.004504599407117658,0.0008687713368813004,0.0009603478226007175,0.0015679244400750236,0.00442515787381154,0.001214880592484649,0.0009921135239391306,0.0015355120372337948,0.004506324989268338,0.0007987842808250854,0.0010920432858573447,0.0017045557131067824,0.0047626371486612345,0.00046586104138424995,0.0004653466966673575,0.0004675223273561919,0.0004707406250722837,0.0004811984852728543,0.00046750717420174486,0.0004660991062103359,0.00047571011776212553,0.0004681743855616057,0.00046547923856429124,0.0004739645448711756,0.0004659963965408188,0.0004691327436681908,0.00046663429740534217,0.00046877363109155794,0.0004664721976615609,0.0004652710874465728,0.00046704262022072664,0.00047462626346176637,0.0004704355104719541,0.000466653123154442,0.00046273395064453033,0.00046878533134710074,0.0004681293351943423,0.000468932702432335,0.00047817667950457985,0.00046624558211050336,0.00047732639148561186,0.0004807091248346755,0.0004653536258734308,0.00047072622965289976,0.0,0.0,0.0,0.0,0.0,0.0,0.0,0.0,0.0,0.0,0.0,0.0,0.0,0.0,0.0,0.0,0.0,0.0,0.0,0.0,0.0,0.0,0.0,0.0,0.0,0.0,0.0,0.0,0.0,0.0,0.0
239,0.0012871036001512069,0.0010695811426431373,0.0016124509609334063,0.004847078414960956,0.0012288703134704028,0.0009738055104613083,0.001538320473597808,0.004539705231112218,0.0012740840973979725,0.0011987097621620137,0.001863954715876576,0.005022519589918097,0.001228754434447706,0.0011221863153856387,0.001729607261071535,0.004898250986491537,0.0008199546339412225,0.0011447824202332568,0.0017995246599766853,0.004841486654822704,0.0012460783365098275,0.0011123115104779465,0.0017090537752146987,0.004882482205636173,0.0007591761310265263,0.0009366369928681814,0.0015439611130357255,0.004260708111519283,0.000797542191059187,0.000949954655014124,0.0015485933612277008,0.004353409384078395,0.0012290364854042452,0.0011209619570892776,0.0016100575602417833,0.0048014864483525875,0.0014961006202573236,0.0013465846010488024,0.002237808755988856,0.005434803659789322,0.001248838319389167,0.0012993930205860919,0.0020714376846996817,0.005148853944024691,0.001247802161135538,0.0011229131112938087,0.0016593908207702956,0.004821001344066483,0.0012047236888331294,0.0011252986171812222,0.0017432171760586842,0.004880712473198219,0.0012396859920270145,0.001034566492332237,0.0015621687910171906,0.0046290410175127555,0.0012579607264742196,0.0013390621807767488,0.002188475621301716,0.005268636076521057,0.0013240363005641304,0.001202919871729224,0.0018641419964535101,0.005027541881595759,0.0012490048732672677,0.0010869641432940703,0.0016454545416487213,0.004785727795567558,0.001258939274126524,0.0010658435780724084,0.0016128440482868973,0.0046980583775128254,0.0012412904305452589,0.0013426650208133559,0.002181094784621926,0.005334544792775589,0.0012384115667249762,0.0010832131710510648,0.0016523837407755502,0.004689062505359304,0.0008261072667211899,0.0008913434777431286,0.0015165269070379999,0.003936390503873794,0.0012219331510103298,0.000982739796551846,0.0015404013716414878,0.004470515964734353,0.0012848615401298514,0.0011182655650929262,0.0017155540471548302,0.00485550622146097,0.001228395300759692,0.0010278070982253354,0.001573216473718174,0.00455768199187176,0.0012867592363204154,0.001042511942683432,0.0016085368994889588,0.004723843479122096,0.0008374087127732844,0.0008809734065011311,0.0015426144419004736,0.004065871778474492,0.00116311497767988,0.0010644834498537955,0.0016360567393655895,0.004670683523563701,0.0008258482048783496,0.0009877336727058422,0.0015808025577369903,0.004506378834237755,0.0008690896040849305,0.0009608771801377391,0.001568047412250524,0.004425877612706136,0.0012143245592734692,0.0009913793870317301,0.0015352333324059253,0.0045031181623514036,0.0007990396598496316,0.0010916332846070873,0.0017039079244511356,0.004759860970672225,0.000465849379034424,0.00046529209511599263,0.00046759494091879345,0.0004707533292360959,0.0004822714627991165,0.00046746590653322644,0.00046627976947813567,0.0004758093280032317,0.0004682464036114256,0.0004657019760440516,0.00047399808874709853,0.00046601801544848733,0.0004691604430384322,0.0004664989299019614,0.0004695429747892359,0.00046740411452442346,0.0004661378673128755,0.00046722096280318073,0.0004743574680106403,0.00047037965439477995,0.0004667411982721023,0.0004635388026685899,0.00046927824188553965,0.00046821215645770104,0.0004694572835279484,0.00047812947778563293,0.00046620162406128726,0.00047772799441805924,0.0004807037978239383,0.00046539356084877355,0.00047077986541856293,0.0,0.0,0.0,0.0,0.0,0.0,0.0,0.0,0.0,0.0,0.0,0.0,0.0,0.0,0.0,0.0,0.0,0.0,0.0,0.0,0.0,0.0,0.0,0.0,0.0,0.0,0.0,0.0,0.0,0.0,0.0
240,0.0012847953253606738,0.0010650524370926825,0.0016045650485177671,0.0048348412139637776,0.0012286592573509463,0.0009723120018381016,0.0015374643343939508,0.004534157969101919,0.001267157845287596,0.0011876796649344752,0.001845688622188372,0.005008436230004201,0.0012251938341658894,0.001115057108179791,0.001716648786672262,0.0048809841581488435,0.0008150949504151581,0.0011361209866236352,0.001778177779823523,0.004716778781052421,0.0012428415894495685,0.0011083714361909327,0.0017006341030555453,0.004827240258165357,0.0007597555341685704,0.0009276452588961744,0.001530080459208439,0.0041454921659992,0.0007974963926821966,0.0009419011094482751,0.0015334003614495971,0.004237731721281077,0.0012287285912233664,0.0011244191695250275,0.0016161978078623035,0.004808724036028163,0.0023957854705113565,0.001349195132903165,0.002243155016249785,0.00547309043845298,0.0012505485506896087,0.0013020827879133157,0.0020849106126165054,0.005155016231415027,0.0012481176357909826,0.0011242721355513203,0.0016630310715711409,0.004824327787603623,0.0012033900968377402,0.0011232598457958495,0.00173915878170015,0.0048759138912374735,0.0012369444831214398,0.0010270655046506895,0.0015547632409430362,0.004608940241989606,0.0012698756314943418,0.001338760584934465,0.0021871292702378,0.005264157995586284,0.0013212026822303222,0.0012050359981319576,0.0018667756746958044,0.005028275989260146,0.0012479119937145056,0.0010875253660716363,0.001647288691886793,0.004787396988012456,0.0012583204485358123,0.0010629364249444039,0.0016088579465337969,0.0046891461980272464,0.0012401475943130786,0.0013428460916317328,0.0021813171091699863,0.005336208571528054,0.001237411248244565,0.0010792517390966168,0.0016458117565860111,0.004678676323120259,0.0008221070351932525,0.0008930666139585074,0.0015160146385230183,0.003945988326020956,0.0012216567737309667,0.000983183333530355,0.0015397668110122514,0.004466485986436493,0.0012824113453252799,0.0011086271432380701,0.0016993738000553112,0.004840863387996239,0.0012281924102066522,0.0010235883060683423,0.0015686375229044716,0.004547922829970463,0.0012837058972192715,0.001040400611779725,0.0016045413133355044,0.004718564577611481,0.0008383948945306714,0.000881004280836337,0.0015427769109614925,0.004065673558785642,0.001154119067409816,0.0010611549683598824,0.001631760107369487,0.004657424928143221,0.000830689671900564,0.0009812442093330364,0.0015744035668176436,0.00448148955575971,0.0008690053264024786,0.0009577574190372579,0.0015654596742721953,0.004414644763483879,0.0012140177970631327,0.000992345209688349,0.0015352593335328849,0.004499970558760433,0.0008001123604799338,0.0010916304421740976,0.0017038855018217639,0.004758850289606493,0.0004655610440211798,0.0004654338741770452,0.0004676850109755498,0.00047090133069197697,0.00048132454281915886,0.00046756654233939094,0.00046456249465704245,0.0004742120258348311,0.0004684610205171995,0.00046704764506886747,0.0004743614962380589,0.0004668959516183146,0.0004694424919076414,0.00046539101508375554,0.00047067552064928843,0.0004697262577814373,0.0004683497717741141,0.0004682584600179225,0.0004732387081918306,0.00047074348097919514,0.00046808761107028796,0.0004653909134911811,0.0004695422176195245,0.00046849816092922375,0.00046991970130553763,0.00047796726461647265,0.00046612357496342446,0.00047780959286807304,0.0004807830039157945,0.0004656084456273823,0.0004706219120866918,0.0,0.0,0.0,0.0,0.0,0.0,0.0,0.0,0.0,0.0,0.0,0.0,0.0,0.0,0.0,0.0,0.0,0.0,0.0,0.0,0.0,0.0,0.0,0.0,0.0,0.0,0.0,0.0,0.0,0.0,0.0
241,0.0010289662703615206,0.0008679618917350355,0.001332946000147911,0.003947897205516856,0.0010121898095088997,0.0007996584205117387,0.0012539460778755972,0.00373946207333793,0.0010255508601496694,0.0010361746799930616,0.001572915728198764,0.004133965430150177,0.0010182117951680475,0.0009563987384897232,0.0014697096774402472,0.0040583796839280374,0.0006225076834692508,0.0009441775814320949,0.0014913410484816432,0.004050692558944607,0.0010628853773145418,0.0009310283706453606,0.0014189428039278148,0.00396778060441266,0.0005976967822826749,0.000772774962451383,0.0012404678414864852,0.0034628381671287264,0.0005825022506929877,0.0007742056931627672,0.0012428352256415433,0.003509172423743601,0.0010689360478028864,0.0008645431363379754,0.0013270203645827413,0.003979886737914109,0.0011376263257842582,0.0011129947005427555,0.0018282788236627801,0.004344835792319244,0.001127900311517744,0.0010956602640298139,0.0017597453041510757,0.0042527679047070855,0.0011034258624240739,0.000919196020046036,0.0014160579040562236,0.0040331128071958286,0.0007029224123392032,0.0009383975893596461,0.0014222568343194592,0.003980834567526433,0.0010464020660249707,0.0008474179299131646,0.001302515606203161,0.0038357801227970117,0.0003244400430327846,0.0011103044568864756,0.0017911237408686084,0.0042905381061241685,0.0011093004979371988,0.0010406018292048764,0.0016075077814087654,0.004172062427079829,0.0010682456612583753,0.0009087658721058235,0.0014062503307619178,0.004017394940379257,0.001078522229746091,0.0008694347401249885,0.0013400445146175628,0.003907529444813996,0.0011814078065392562,0.0010956905955009852,0.0017279122206560848,0.004172175127120257,0.0010314283533723466,0.0008896674721856263,0.0013610619950971728,0.003835810731302941,0.0009079708305879143,0.0007449504893192931,0.0012419045316845354,0.0034081678449770117,0.0010873247780709824,0.0008114384941675216,0.001239711022278042,0.003788129846266067,0.001083786491062191,0.0009681675689905275,0.0014924131379154253,0.004067947688711394,0.0009405854865216013,0.000847653082810293,0.0012994250310838726,0.0036158085098743705,0.0010223291312314742,0.0008779220469094309,0.0013487125731598173,0.0038854705695489855,0.0006731377730980731,0.0007183144109445215,0.0012485042018490974,0.0033832373246894384,0.0010354158040645875,0.0008832285447759348,0.0013682356732368389,0.003964393578862188,0.0006621406908364272,0.0008211195573474635,0.0013056248172329307,0.0038037128206093633,0.0006990405794446424,0.0007897710049942039,0.0012740367851410443,0.0037181201837396386,0.0010122168620440139,0.0008184212057643681,0.0012745268631771975,0.0037759993647145454,0.0006287302119523651,0.0009057510036926109,0.0014262015438963136,0.003987779088960094,0.00038831031943656964,0.0003862368004499327,0.00038743266282568144,0.0003916902997195815,0.00039698032691508345,0.0003876973194666747,0.00038477240481977055,0.00039390544860035554,0.00039274782723206457,0.00038740219528190926,0.00040072069539477055,0.00038723449987245563,0.0003955154567262582,0.0003885743381569376,0.000388560724635378,0.0003818420050743994,0.00038116511471414523,0.0003890961358795777,0.0003974868884354014,0.00039506584384673126,0.00039285715117137315,0.00037895991834438985,0.0003923856744476804,0.000394702090237568,0.00039154095458401986,0.00039900940621197234,0.00038454959349368864,0.0004014648283421705,0.00040043575789137513,0.00038663985549110497,0.00038887899171249793,0.0,0.0,0.0,0.0,0.0,0.0,0.0,0.0,0.0,0.0,0.0,0.0,0.0,0.0,0.0,0.0,0.0,0.0,0.0,0.0,0.0,0.0,0.0,0.0,0.0,0.0,0.0,0.0,0.0,0.0,0.0
242,0.0010272212468145489,0.0008626126670533548,0.0013222243728255938,0.003928697640388152,0.00101136952983558,0.0007941636629239428,0.0012499309495685167,0.0037196731714027997,0.001017040519074425,0.0010218055549774676,0.0015521098194199122,0.004114438645755597,0.001017993862227172,0.0009519758532237978,0.0014636652470816922,0.004052666195388304,0.0006264287795459247,0.0009426156449440207,0.001487770626742683,0.004046590850436235,0.0010526703287024454,0.0009258378664281821,0.001411280105844785,0.003955760333251502,0.0006007753634223575,0.0007689327630153322,0.001238148735245191,0.003450268911328915,0.0005921194706377547,0.0007701048864183515,0.0012397776404469121,0.0034958471106078777,0.0010647560224815314,0.0008609893945454624,0.0013147426923294286,0.003964375579279771,0.0011688530718831555,0.0011122136182973971,0.001827371833064074,0.004341391375220439,0.0011025950976703077,0.0010866738339151676,0.0017232560776539797,0.0042316403161708135,0.001095180414058585,0.000907325314409656,0.0013960852922769702,0.004013403290208495,0.0006825661955886539,0.0009259463457440973,0.001403646477660724,0.003936680592638127,0.0010431834324120027,0.0008408178113873724,0.001291882325484693,0.003793355508720209,0.0010485201386572244,0.0011097770910553587,0.001789923560647918,0.004290360789972932,0.0011075908190296905,0.0010323528692283597,0.001594634317057038,0.0041636391963415405,0.001063319286532656,0.0008986811976247383,0.0013904949602674182,0.0039994773423519285,0.00107360059284516,0.0008596377370302138,0.0013190894499292662,0.003856767151775846,0.0011097161236733647,0.00109338024658803,0.001704248805622973,0.004170603931777005,0.0010260433791813791,0.0008715278809294792,0.0013353985569091414,0.0038023956914551293,0.0008916956990841745,0.0007378476417097229,0.0012429243491192878,0.003378439663836293,0.0010805372641982441,0.0008043405039903507,0.0012347827476733224,0.003763247640694021,0.0010651725921381088,0.0009474591436726973,0.0014613360508245743,0.004034823191426356,0.0009367210915614578,0.000840516521172643,0.0012912119093838278,0.003601490105463405,0.001018406150089334,0.0008712289152345654,0.0013369582443886214,0.003870495481488971,0.0006725388888035205,0.0007175048785592768,0.0012474385560964332,0.0033728325140752733,0.0010326349311083729,0.0008776084921138224,0.0013565865307335076,0.00394943087798453,0.0006581469651470158,0.0008190058812230866,0.00130306289327982,0.003796352921555602,0.0006989658453280089,0.0007876007413092237,0.0012720629853040237,0.0037102376312965254,0.0010119805598057777,0.0008176400269063689,0.0012737224392464922,0.0037736139309987094,0.0006301067984800312,0.0009045148041110364,0.0014234576833082487,0.003985159632889785,0.00038828860973327047,0.0003860834889249994,0.0003879570695957925,0.00039165007794793327,0.0003977769438505992,0.0003876487977374782,0.00038473196498947974,0.0003938799572540384,0.0003926869974787103,0.0003874907124758777,0.00040058413614461045,0.0003875077433946957,0.00039548408404054913,0.00038850355167567823,0.0003893984828727552,0.00038322509555627747,0.00038256119310222,0.0003895218183416935,0.00039734693619304423,0.0003950259319371097,0.00039289949369662535,0.00038031925970979355,0.0003925420871312325,0.0003944233839387574,0.0003917030820939854,0.00039904878770767875,0.0003845436500677293,0.00040157010675946354,0.00040040636996018484,0.0003866031981807189,0.00038884094164393833,0.0,0.0,0.0,0.0,0.0,0.0,0.0,0.0,0.0,0.0,0.0,0.0,0.0,0.0,0.0,0.0,0.0,0.0,0.0,0.0,0.0,0.0,0.0,0.0,0.0,0.0,0.0,0.0,0.0,0.0,0.0
243,0.0010223232813920422,0.0008530931546779646,0.0013032942167140677,0.0038520230698884184,0.0010078039555191526,0.0007879675264620671,0.0012409958153834512,0.003650685271754521,0.0010081606554023543,0.0010095737794477962,0.0015317657054848672,0.004044833217791235,0.0010119101470684663,0.0009428635815197047,0.0014469228270631662,0.0039829133870773435,0.0006268783488564279,0.0009391978612377905,0.001478930794909082,0.0039877551570206456,0.0010403600533893682,0.0009189852484042622,0.00139847833724249,0.0038923487924369896,0.0006034767059873538,0.0007663167575198543,0.0012369606460188383,0.003441525326722381,0.0006013714331785234,0.0007661640291977645,0.0012369498252126545,0.003482639910096976,0.0010564104883321016,0.0008520014754120554,0.001286885629966203,0.003876165793914399,0.0012222488380846887,0.0011079421394666839,0.0018160774311895937,0.004266954660343915,0.0010682968240380932,0.001075638895921676,0.0016840484292868036,0.004147888049739729,0.0010880184061820535,0.000897013226799962,0.0013768009417638946,0.003939755464660732,0.0006853509415299455,0.0009142257951735835,0.0013887920605459853,0.003918996405483229,0.001039960781429758,0.0008350553213137537,0.0012844270765107147,0.0037783544053140894,0.0010976024902763352,0.0011053500142282377,0.0017786707782186722,0.004222467727714606,0.0010990223830167768,0.0010167356665076062,0.0015679550641093565,0.004086645667146899,0.001057282773161217,0.0008902706115017724,0.001374795823716086,0.003930721985269769,0.0010706228413334198,0.0008518283033169343,0.0013031696352474925,0.0038377484761298185,0.0010502432639964109,0.001089732097683454,0.0016690880917843009,0.00414904960762732,0.0010227571360398792,0.0008609686133980721,0.0013211996931362829,0.003780551327639409,0.000886495559215102,0.0007342119056646509,0.0012454776247519176,0.0033618518246964803,0.0010711356999874334,0.0007940622789021517,0.0012246608631842127,0.003682107510411846,0.001050768614491606,0.0009281009095134498,0.0014298535367718859,0.003955726154093034,0.0009455155246330535,0.0008348926800197292,0.001284824583010027,0.0035898253367578807,0.0010140271132497373,0.0008677267903007771,0.001331401009666894,0.003862692657449606,0.0006723957040599929,0.0007176721967239813,0.0012480419023616508,0.003377866872989241,0.0010272675415686295,0.0008686993872176168,0.001336233093886951,0.003873339475710509,0.0006549461856593658,0.0008159058629501029,0.0012958066009734221,0.0037392282699476908,0.0006969975168121718,0.0007866055823749728,0.001266781033905174,0.0036596573493344626,0.0010085429684107657,0.0008134877961202538,0.0012653091485429276,0.0037108895793526394,0.0006295155534725771,0.0009014510217255222,0.0014157253532299128,0.003932865362425355,0.00038803169322721494,0.0003860366415229642,0.000387609316252081,0.0003916712951526929,0.00039842960729292195,0.00038761457727035575,0.0003847084098264269,0.00039382454735829695,0.00039107502083259303,0.0003867659314084167,0.0003987488085433219,0.00038687138465750724,0.00039385806037833186,0.0003878542773699667,0.00038936558352041197,0.000384067620300038,0.0003833973367019365,0.00038891648785304247,0.00039646584826955603,0.0003931575666708082,0.0003914307521186408,0.00038114975980754745,0.0003915170392162864,0.0003927067933638532,0.00039071802335919985,0.00039888616123485656,0.0003845332659096305,0.00040084731164103987,0.0004002414144374958,0.0003866751043989405,0.00038878881187382527,0.0,0.0,0.0,0.0,0.0,0.0,0.0,0.0,0.0,0.0,0.0,0.0,0.0,0.0,0.0,0.0,0.0,0.0,0.0,0.0,0.0,0.0,0.0,0.0,0.0,0.0,0.0,0.0,0.0,0.0,0.0
244,0.0010208200679746365,0.0008485893049193212,0.001295337830971606,0.0038334726839320803,0.0010070352838275913,0.0007856096756107829,0.0012389926253612603,0.003636809101883669,0.0010038942131535603,0.0009995506872689278,0.0015169996651122918,0.004026519032839904,0.001006867691678188,0.0009410460782306117,0.0014423324736291853,0.003974586449250953,0.0006314149618016716,0.0009378302250713723,0.0014758269936829208,0.003979581170645222,0.0010338718812227766,0.0009165826453096052,0.0013945053141871063,0.0038806294284552748,0.0006051927375458143,0.0007635530170761731,0.001235759376765423,0.0034323706291545662,0.0006055343433458195,0.0007642894247095861,0.001235696772576143,0.0034763508719376844,0.0010513102230796647,0.000847944181384703,0.0012758139911143538,0.0038596761356417416,0.0012340161595334428,0.0011071273224184132,0.001813684211136804,0.004255798221242177,0.0010122667217055043,0.0010656017798207635,0.001646484420820756,0.0041217604564027285,0.0010827016201051464,0.0008873319177977034,0.0013620082155412316,0.003917263360245588,0.0006874124148013074,0.0008987124562514495,0.0013701004207385095,0.0038898306056217675,0.0010379976528306855,0.000831747805041946,0.0012801602283434748,0.003764683986499905,0.0010899916456447352,0.0011041575797144194,0.0017742249442201084,0.004210396814253128,0.0010939102053867235,0.0010033326202047409,0.001547643772939466,0.004068678561033851,0.0010543288399828686,0.0008853089062939618,0.0013673469243071883,0.003920712607873145,0.0010620916992255835,0.0008472692168532022,0.0012943283094010744,0.0038220764593391715,0.0010208806061523582,0.0010878622241994582,0.0016465134546954899,0.00414489876056025,0.0010199429358624266,0.0008513394414962884,0.0013088800749295735,0.003759602491894672,0.0008748008419542199,0.0007258799246164527,0.0012447466668556119,0.0033025501376772997,0.001068279445723148,0.0007892749049299849,0.00122244632448617,0.003665340525139223,0.0010468906317517453,0.0009187015831214069,0.001414588171288625,0.003942227740585581,0.0009539377364695642,0.0008310926849709686,0.001280561616270744,0.003581987195290292,0.0010134694904123682,0.0008639909234724317,0.0013258015874567694,0.0038544966478901454,0.0006720614534645946,0.0007174462602579413,0.0012477224984921436,0.00337462912480146,0.0010263343812940474,0.0008646539645955134,0.0013283598711193694,0.0038596605829623117,0.0006553185130572367,0.0008159458401408896,0.001295579991098478,0.0037353988374549682,0.0006969955275232632,0.0007864748789567844,0.0012663348672276396,0.003655393948016113,0.001008194270269991,0.0008129372499493257,0.0012646183639214085,0.00370491244576498,0.0006303469892102345,0.0009005837992628223,0.0014138898541180228,0.003925217164255327,0.00038837988467974526,0.0003861096599592735,0.00038859658197369607,0.00039162708097984254,0.000398805546428892,0.00038771704526410235,0.00038469767984323534,0.00039386893184270577,0.00039270475919860314,0.00038775396626338334,0.0004004522687002269,0.00038798883809685784,0.00039535657450622805,0.00038835521725100294,0.00039080318957578644,0.00038454214137042663,0.0003837760249551564,0.00039013712123941817,0.00039715698592979084,0.0003948504411494222,0.0003927235529340995,0.00038146752008521445,0.0003929369173236214,0.0003944376440309619,0.0003921807642793381,0.00039901985880901774,0.00038466992024603153,0.00040208950642152847,0.00040039072387603304,0.0003866341733258777,0.0003887975373343559,0.0,0.0,0.0,0.0,0.0,0.0,0.0,0.0,0.0,0.0,0.0,0.0,0.0,0.0,0.0,0.0,0.0,0.0,0.0,0.0,0.0,0.0,0.0,0.0,0.0,0.0,0.0,0.0,0.0,0.0,0.0
245,0.001020694937696502,0.0008479258105751654,0.0012941166679449564,0.00382969174520366,0.0010070103000418438,0.000785345134622531,0.00123857866149128,0.003635095477025027,0.0010043619865608784,0.0009928153172864209,0.0015071050590702154,0.00401729207537033,0.0010015671179506819,0.0009390153693758714,0.0014370575009714586,0.003968135041258747,0.0006317779261058637,0.0009374192916559805,0.0014750839381641866,0.003977411383928954,0.00103245651118618,0.0009156294520396613,0.0013928642055326544,0.0038732651732153504,0.0006040454191299172,0.0007638935746556628,0.0012359385941117004,0.003433373706168832,0.0006064935402157555,0.0007635358071152736,0.001235184583449243,0.003473706703682108,0.0010512963028516465,0.0008481459431558157,0.0012751560048827645,0.0038586654887299726,0.0012531834647585781,0.0011077106670627386,0.0018147263456563772,0.004256570231617049,0.0010128385067789073,0.0010681564589495624,0.0016524660045682917,0.00412321463831793,0.0010817877183435308,0.0008870239701452302,0.0013618134940123123,0.003916132652069247,0.000693722939718773,0.0008972950551333371,0.0013684056004477914,0.00388688425509936,0.001039727886674846,0.0008324732064557146,0.001280818926075268,0.0037659736289993575,0.0011212195436243958,0.0011040012168780837,0.0017744780885757777,0.0042097485476324924,0.0010939061325395615,0.001003661415691724,0.0015480965790002257,0.004068571700686925,0.0010510307736828863,0.0008803509790944106,0.0013578461304380443,0.00391035287893408,0.001058696083137379,0.0008464775031731238,0.001292911928462867,0.0038193934513298675,0.0010194460692706598,0.0010856170902833698,0.0016276746912807002,0.004141824628715208,0.00101767476675707,0.0008444478739357282,0.0012995234581139516,0.003734706890731128,0.0008745317110725191,0.0007253222921211974,0.001245252728956114,0.003299432741104479,0.0010719419578470643,0.0007870057664155672,0.001221145303293921,0.003657641864061761,0.0010455422713646317,0.0009133567266677793,0.0014065346184283462,0.003934335909125341,0.0009661861683662546,0.0008332953557090923,0.001282907641711921,0.003587085862478465,0.00100562104841125,0.0008641866413451782,0.0013261348850675645,0.0038551360988267613,0.0006711107205458886,0.0007169757479286653,0.0012480916985526923,0.0033692086640419302,0.0010266820717369815,0.0008653774254588831,0.0013299308862172756,0.003860742967694667,0.0006543096321352098,0.0008154578778587019,0.0012948797999910253,0.003733179905482933,0.0006965655221964459,0.0007859753907966313,0.0012658527148489437,0.0036533086632451277,0.0010085177314345622,0.0008126475057724393,0.0012639420971055737,0.0037033208918939857,0.0006282229923641608,0.0009009178322134991,0.0014145390565985776,0.003924887278568622,0.00038849352504067897,0.00038619513938575753,0.0003890998247807546,0.0003916822695207903,0.0003995152025049132,0.0003877749773018099,0.000384744375068798,0.0003939228956605232,0.0003927062046171334,0.00038817022525302356,0.000400572995650474,0.0003885386532987791,0.00039547312520696163,0.00038867521265504223,0.0003915633668506611,0.0003852525028428825,0.00038446934720802673,0.0003907352672095219,0.0003974884046333454,0.0003945586061871294,0.00039284230465904286,0.00038216308806604933,0.0003935649304725185,0.0003945689948957721,0.0003928191865011655,0.00039911921271977086,0.00038472686554206315,0.00040264371659032235,0.00040045226272861597,0.00038664817340297553,0.0003888660138407697,0.0,0.0,0.0,0.0,0.0,0.0,0.0,0.0,0.0,0.0,0.0,0.0,0.0,0.0,0.0,0.0,0.0,0.0,0.0,0.0,0.0,0.0,0.0,0.0,0.0,0.0,0.0,0.0,0.0,0.0,0.0
246,0.0010204034444681314,0.000848094210256355,0.0012945125175698707,0.0038302139202706113,0.0010068880795452739,0.0007845044838710926,0.0012380169448496432,0.0036321503103393074,0.001004135777687869,0.0009959755802969226,0.0015118070436183177,0.004021162640765874,0.0009986992470487166,0.0009388225529521827,0.0014354209103830898,0.0039661966398052695,0.0006277938852133022,0.0009390149313641999,0.0014783418099519401,0.003979672620959958,0.0010319279951130104,0.0009170976052926311,0.0013948549198944044,0.0038769157836419923,0.0006026731033158009,0.0007705591116572906,0.001239156801977475,0.003455150104617051,0.0005920490894393545,0.000770395709768284,0.0012401058493160771,0.0034965222982260664,0.001050648830817963,0.0008480110868913802,0.0012748860836420397,0.0038582249521523357,0.0012688395779895491,0.0011081800800700225,0.0018156555143317835,0.004258180386844604,0.0010133341779511463,0.0010737225439544083,0.0016680521352770115,0.004130217503042611,0.001087289751912479,0.0008948975857507792,0.00137390623076513,0.003928511287878999,0.0006927308053662571,0.0008951343346912627,0.0013660139020965452,0.0038851859671021854,0.0010486685724622922,0.0008426111986736785,0.001293573136834041,0.0037960092425150275,0.0011965313763770205,0.0011046386094069793,0.0017785954401469276,0.004218042464005609,0.0010924044746109234,0.0009998455075297666,0.0015425987506223287,0.004064550807378165,0.001048314529851509,0.0008783988019917756,0.0013538604655151474,0.0039058401547373174,0.0010558465488313437,0.0008453697859696085,0.0012907442723209483,0.0038171328517825065,0.0010194775274117544,0.001084441352772784,0.001620667526226731,0.004140149943557461,0.0010108103080424037,0.0008369249971194932,0.0012825708337577024,0.0036111159200800766,0.0008710458143258398,0.0007241943230683322,0.0012446641688242824,0.0032879310424329166,0.001066149084023129,0.0007830446180400064,0.001220128735476475,0.0036447784517070966,0.001046027341856459,0.000912068598797429,0.001404860613454515,0.003933025712037311,0.0009763881496380835,0.0008396331141770866,0.0012901826723604735,0.0036039762319134976,0.0010018838491109854,0.0008715157508794159,0.0013378583553053354,0.003870939272811465,0.000671224822520406,0.0007170344266414586,0.0012479395525949021,0.003370002024134198,0.0010281308464473622,0.0008686075839273656,0.0013367124807364614,0.0038716189869016605,0.0006588320630368163,0.0008176273916621614,0.001297269959151335,0.0037392154964388372,0.0006966203523953117,0.0007872946323444076,0.0012670338345434347,0.003657411183821624,0.0010094701344550605,0.0008156376723725679,0.0012671645618704105,0.003715001683031079,0.0006287758005787702,0.0009011263155684216,0.0014148008559926471,0.003925086861884046,0.0003881361138084832,0.0003861259121693991,0.00038677149727487633,0.00039172590701727763,0.00039807191668809057,0.00038769190762247974,0.0003847041700489346,0.00039383399900481963,0.00039089846240314587,0.0003859395086861063,0.0003987481638857538,0.00038605762695156096,0.00039380498004365093,0.00038749731534945856,0.00038876336052990246,0.00038368530095318244,0.0003829247693188681,0.0003879957519100789,0.00039609924501911255,0.00039248268941584656,0.0003913533331271925,0.00038069513994305504,0.0003905975193380048,0.00039263974940319707,0.00038989325237682976,0.0003989562560313383,0.00038460466826492493,0.00039996960145557953,0.0004002661219437545,0.00038660391582313414,0.00038881086780285276,0.0,0.0,0.0,0.0,0.0,0.0,0.0,0.0,0.0,0.0,0.0,0.0,0.0,0.0,0.0,0.0,0.0,0.0,0.0,0.0,0.0,0.0,0.0,0.0,0.0,0.0,0.0,0.0,0.0,0.0,0.0
247,0.0010215852259668112,0.0008589650999053977,0.001313702611162222,0.0038628042523131557,0.0010078799886494491,0.000790517601267442,0.00124270067684212,0.003656514512195225,0.0010022079346797808,0.0010231924110263998,0.0015495127213840496,0.004056239080620682,0.0009980168278237453,0.000945054884319637,0.0014447284489133225,0.0039770308047953696,0.0006138363093381173,0.0009436304308454689,0.0014879915516250865,0.003991238811707362,0.0010279717980535856,0.0009218945603554619,0.0014011651702344613,0.0038906084901711023,0.000601350713325106,0.000780440474356388,0.0012465850158344298,0.003485699113752936,0.0005388811296827241,0.0007906331457468213,0.0012575891982790877,0.0035592257254071736,0.0010547023832579295,0.0008563794145776409,0.0012942970905154292,0.003883255534379332,0.0015732496441648977,0.0011125299787491446,0.0018241505096780494,0.004280004476173069,0.0010158121183292189,0.001083916564488782,0.0017062648580945126,0.004152853491161401,0.001105863045243225,0.000921064010811015,0.0014168991956010635,0.003975000277296525,0.0006873457455235639,0.0009057934469874669,0.0013788458524256802,0.0039058984795854244,0.0010594617889526329,0.0008563482670632223,0.0013124466703111487,0.003835208303401621,0.001190588838855282,0.0011056599613602958,0.001781768355388909,0.004229629426687444,0.0010937890570093336,0.0010065685274686536,0.001552731131534782,0.004072244830792519,0.0010479859996366458,0.0008792286969669179,0.0013555475498395596,0.003908375527676049,0.0010615684259499905,0.0008523450144634338,0.0013041555473103286,0.0038385623622887275,0.0010237758533515743,0.001086665939992746,0.0016335176048501109,0.0041442983280067435,0.0010203128325646682,0.0008528191667754703,0.0013107645790341098,0.0037638145232558153,0.000876193643020698,0.0007268065371794775,0.0012450052254159379,0.003308701126666368,0.0010688262848992925,0.0007856564520588758,0.0012209649458673247,0.003653947717072977,0.0010501911866594377,0.0009264073735063366,0.001427416361924542,0.003954203299573449,0.0009816833382550404,0.0008621592112538179,0.0013175145322834032,0.0036658260134385724,0.0010051164600202078,0.0008925068548904765,0.001373274133572089,0.003911011368559949,0.0006721166247573194,0.0007174963403899518,0.0012478459145888326,0.003374623076397177,0.001030402901926872,0.0008746506811636975,0.0013493218297233195,0.003887833009817715,0.0006666629461292435,0.0008210415375193602,0.001301112594106936,0.003749210626378022,0.0006968526214533407,0.0007883555043729639,0.0012680494102123073,0.00366119371668327,0.0010095717397192794,0.0008154796871239765,0.0012672087777463358,0.0037174733736641194,0.0006306334312269205,0.0008997567193767924,0.0014124292482871623,0.003923798223373054,0.0003881613703281598,0.0003861749616471263,0.0003882292583228738,0.00039167122832862886,0.0003989347730279826,0.0003878574729523527,0.0003847016949727884,0.00039389223369429554,0.00039252515282353574,0.0003874224818946618,0.0004003630296514476,0.0003875859470120366,0.0003953148472135535,0.0003882713949503796,0.00039063018613043094,0.0003846141136550372,0.00038383319605312137,0.0003896704311086905,0.0003970277853070949,0.00039465164313974566,0.00039256708671272795,0.00038151773237335966,0.00039245918258987064,0.0003943022110459069,0.0003918297940657806,0.0003990933294938706,0.0003847745703706455,0.0004017602878460541,0.00040043826576124627,0.00038653954371328363,0.00038887301695653836,0.0,0.0,0.0,0.0,0.0,0.0,0.0,0.0,0.0,0.0,0.0,0.0,0.0,0.0,0.0,0.0,0.0,0.0,0.0,0.0,0.0,0.0,0.0,0.0,0.0,0.0,0.0,0.0,0.0,0.0,0.0
248,0.0010217789850346186,0.000861614682488567,0.0013183352075464428,0.0038690879524217675,0.0010080740853667819,0.0007928724660783504,0.0012446197472716356,0.0036641584933182515,0.001002541305503964,0.0010356509057678658,0.0015677091286190375,0.004069250757221506,0.0010027643110616052,0.0009582052334422812,0.0014662801582508633,0.003996046932616054,0.0006044109889741862,0.000945943788007763,0.0014937345936860366,0.003994964611697405,0.0010158085430402731,0.0009202420848217978,0.0013976351076091004,0.003885033277303661,0.0005989948623659085,0.0007829817957768395,0.0012482896088028736,0.003493118967839033,0.0005327386135219757,0.0007937310258366134,0.0012610985678416981,0.0035690192795057936,0.0010547409323461538,0.00085660402073808,0.0012936916852741575,0.0038839960498752405,0.0015715243166275256,0.001114210932930266,0.0018268592015260603,0.00429107486182538,0.0010219383963125583,0.0010963538791261085,0.0017616552440336145,0.004178471854638307,0.0011007916603819514,0.0009158642903249549,0.0014081301444279918,0.003966839501701438,0.000684132691101819,0.0009076581766512109,0.0013810652755457203,0.003909133427479779,0.00106482337221785,0.0008632471434788519,0.001322481258282219,0.003852264030818204,0.0010203383367020369,0.0011047984001855532,0.0017760938693517465,0.00421310932177879,0.001094085087490681,0.001007590899327598,0.0015542569525982379,0.004073707001457426,0.0010496054779904947,0.0008824858212679092,0.001362217657537431,0.003915877822815515,0.0010734424592115386,0.000861813229494646,0.0013235357510819877,0.0038647012647899186,0.0010239178071481615,0.0010872956994934311,0.0016371722351254069,0.004145074938138432,0.0010229046550833307,0.0008616485487861932,0.0013220709904435367,0.003783689779120054,0.0008724382324127324,0.000725675137233908,0.0012432996525292973,0.003295805902709611,0.0010647703415587008,0.0007829414471650506,0.0012203493695451754,0.0036451260567557904,0.0010527737462180387,0.0009323007350934873,0.0014359364212373788,0.0039618522012871416,0.0009819443712137405,0.0008717922941908574,0.0013287740199928813,0.003683431498343735,0.0009903262877792043,0.0009008041632704251,0.0013852318034000295,0.003923358758010906,0.0006727411463586149,0.0007177821197793603,0.0012477588095992855,0.0033772935308709973,0.0010328497440641373,0.0008798876972230521,0.0013597071345328293,0.0039004576142493905,0.0006684910192496365,0.0008217708777611497,0.001301994631540991,0.00375141949093503,0.0006970257063897895,0.0007906918471214219,0.0012702172260555292,0.003668514548579062,0.0010094587587985502,0.0008157515714140244,0.0012673131180997604,0.0037165347867877344,0.0006320034132379786,0.0008989953812623329,0.0014110568094938911,0.003922514307257659,0.0003885266532904401,0.00038647234132655806,0.00038850363267325076,0.00039170273767105744,0.0003992705218094259,0.0003881991174960578,0.0003847557064016029,0.00039383161315559734,0.0003924220650184627,0.00038747991588508645,0.0004001728134712652,0.0003879387132180565,0.0003953971241405545,0.00038836181369202884,0.0003911655038703608,0.0003850310799203209,0.0003843359655018606,0.00038993884360713884,0.0003970352760658321,0.00039459549402906855,0.0003922017328596369,0.0003819156500496217,0.0003926140002327925,0.0003941613961720287,0.0003920665330114248,0.0003990759165787639,0.0003848207859378179,0.0004019924715852184,0.0004004259091022253,0.0003864821193601634,0.0003888919467238827,0.0,0.0,0.0,0.0,0.0,0.0,0.0,0.0,0.0,0.0,0.0,0.0,0.0,0.0,0.0,0.0,0.0,0.0,0.0,0.0,0.0,0.0,0.0,0.0,0.0,0.0,0.0,0.0,0.0,0.0,0.0
249,0.0010211080785079481,0.0008627752347437728,0.0013195960410713084,0.0038695757736723338,0.0010076395711133095,0.0007937620015645504,0.0012454840514773723,0.003662282907101967,0.001001519180859859,0.001032466167918146,0.0015642612088584585,0.0040646234949074465,0.001003760474490721,0.0009507985066127193,0.0014558052237494496,0.003987577219539212,0.0006210525942785165,0.000943080072630964,0.001486788535207821,0.003989664005096906,0.001004000661760703,0.0009180858578051864,0.0013933176975696334,0.0038707441244369596,0.0006064776871498208,0.0007826933768317614,0.0012486750356815815,0.003493895815701422,0.0005501127382379634,0.0007878285699252301,0.0012552595136804746,0.0035520722134471973,0.0010575723224416963,0.0008537993493890098,0.0012889992820662463,0.0038774065332527812,0.0011542592235038306,0.0011086251912034411,0.0018166388806465854,0.004268311098270057,0.0010233824793093554,0.0011004132816879962,0.0017773436455994973,0.004191481352146214,0.0010712567638990552,0.0009032524776959852,0.0013902186679726324,0.003946447149544357,0.0006874973842289154,0.0009084686385853557,0.0013820305689615725,0.00391012771799025,0.001052322874599045,0.0008668343648783593,0.0013288504773071256,0.0038607451221117674,0.0003516296486931141,0.0011034243095237903,0.001762760787520988,0.004201699021803368,0.0010838145169945613,0.0009967483783750995,0.0015371659872827086,0.004062240649688696,0.0010380421945160858,0.0008799493702782321,0.0013564779985231964,0.003909956388113667,0.0010783467400111893,0.0008727105921566562,0.0013460967886517869,0.0038908603160992708,0.0010122829644749727,0.0010874231074692123,0.00164868289147537,0.004148597826289498,0.001021524985792568,0.0008586899508499265,0.0013182920426596766,0.0037776120041431403,0.0008632079262743701,0.0007234961375988112,0.0012417299211651817,0.0032640504135849533,0.0010648182131147601,0.0007823524631615391,0.0012211381259024925,0.0036431456096449504,0.0010565350693389813,0.0009425039665998008,0.0014507469107880458,0.003974256739055365,0.0009833039002575472,0.0008852771942624694,0.0013443499765317967,0.003706582274878625,0.0003618456568549055,0.0009147265142199721,0.0014034864458402304,0.003941681883253767,0.0006739434852823568,0.0007185465021932257,0.0012479723066413267,0.0033830914320995215,0.0010343240183452655,0.000886346272947753,0.0013692567726468472,0.003912407198967888,0.0006597876281420427,0.0008182708097083062,0.0012981011063189615,0.0037415828011529767,0.0006967904989369821,0.0007908430445787186,0.0012704368090635505,0.0036687110715425595,0.001008519704400101,0.0008113317569463457,0.0012626036565060233,0.0037023931763885153,0.0006293699604064104,0.0009007287890053306,0.0014139390805311593,0.0039251298728745256,0.00038812317775941524,0.0003865137336965495,0.00038784121158799196,0.0003915262969304509,0.0003998002584445864,0.0003882722435916688,0.00038473635696887535,0.00039391228234326146,0.00039083361026638066,0.00038655395904466967,0.0003986401389241997,0.00038679013067556057,0.000393812107996705,0.00038778502716118956,0.0003907668009836737,0.000385590847953843,0.0003849439471663098,0.00038878612274225675,0.0003962500931877311,0.0003924786642431806,0.00039014939224390316,0.0003826012834441236,0.00039178342680312646,0.00039196756120281914,0.00039090015603412265,0.0003994418646506425,0.00038512712229755297,0.0004012454961124616,0.0004004096428024193,0.0003866910852910057,0.0003889434441298636,0.0,0.0,0.0,0.0,0.0,0.0,0.0,0.0,0.0,0.0,0.0,0.0,0.0,0.0,0.0,0.0,0.0,0.0,0.0,0.0,0.0,0.0,0.0,0.0,0.0,0.0,0.0,0.0,0.0,0.0,0.0
250,0.001016460324619487,0.00085542804674386,0.001305415883735674,0.0038010474676521515,0.001004582144451599,0.0007913647589506909,0.0012391958800141206,0.003605467731611344,0.0010389628598941978,0.0010329438967864519,0.0015638278754325106,0.0040127479712362794,0.0009942096341209418,0.0009461048403308191,0.0014428728821460088,0.0039263341586571665,0.0006390912804539777,0.0009383967867822716,0.0014769181466479,0.003928925911152505,0.0009624415170570081,0.0009172092169286791,0.001388754127940909,0.00382906585498422,0.0006139657577724692,0.0007850034305139687,0.0012501648277010414,0.003501208067836213,0.0005584497079907326,0.0007864849640778664,0.001253866166955468,0.003548108086719819,0.0010480383963964144,0.000848558416229259,0.0012799917862671233,0.003819443102212215,0.0010474658026993417,0.0011018521162938699,0.0018000610614065935,0.004203660012171233,0.001020852032769224,0.0010976408469438508,0.001769399001244437,0.004137523531778129,0.001016886327900584,0.0008929038786988314,0.0013754219117513202,0.003876833952809294,0.0006755886398478359,0.0009199766001076885,0.0013927592735741756,0.0038801839435921946,0.001016792899939591,0.0008633062546886678,0.0013227312099542477,0.0038036766918354125,0.0010832438162502892,0.001096365008621328,0.0017207052405435173,0.004122928417142609,0.0010462626526968894,0.0009996549618138295,0.0015317404802340292,0.004007355064905007,0.0010295500754474145,0.0008835783959584632,0.001357937169994871,0.003857900487710059,0.001090639441151556,0.0008725357170955804,0.0013477318136353468,0.0038439757272502127,0.0009247683905395618,0.0010918353742123597,0.001696521173172324,0.004174066053186654,0.001029037296484527,0.0008835392222503579,0.0013512325698998933,0.0038244810841258207,0.0008575545134743524,0.0007279296470863673,0.001239438743033105,0.003288640043529678,0.0010538433482945465,0.0007846494537394402,0.0012166025850737928,0.0036071123933627365,0.0010542784885844043,0.000964678307531919,0.0014783686583637041,0.003953100078406818,0.0009813533189283706,0.0008872795199200064,0.001346853163415658,0.003710058387025171,0.0010056127093075317,0.0009191437871514028,0.0014105356312293328,0.003950226975359973,0.0006727239783502786,0.000717991266123673,0.0012431634266129106,0.0033488072586470444,0.0010276553443012574,0.0008867056605692781,0.00136874049523074,0.0038648732206380846,0.0006672031683489963,0.000820536084607688,0.001297506439914321,0.003706965859963109,0.0006953009543143546,0.0007862017373809967,0.0012627730970503706,0.003613948569075674,0.0010044762913204628,0.0008084516496259062,0.0012575012321630894,0.0036523639471728875,0.0006277764087390899,0.0008995602316449755,0.0014100275974655175,0.0038779897432985617,0.0003873711705551524,0.0003852183514940216,0.0003874186914860698,0.0003905546013810398,0.0003987855308001285,0.0003870719392402081,0.0003848302014106712,0.0003939884440003318,0.00039137462374953797,0.0003864079922831395,0.0003987352587491137,0.00038651108266668147,0.00039358165857459747,0.0003876027588163549,0.0003901702088419007,0.00038411863516502845,0.0003838162591026305,0.00038878046829173013,0.0003965782310322452,0.00039395369661614346,0.0003913359204412498,0.0003816970193985901,0.0003915665678323998,0.00039339668210000453,0.0003907198571559758,0.0003993613509703696,0.0003855032362144312,0.00040113449535599444,0.0004004828640532242,0.00038654794984213723,0.0003890488424486431,0.0,0.0,0.0,0.0,0.0,0.0,0.0,0.0,0.0,0.0,0.0,0.0,0.0,0.0,0.0,0.0,0.0,0.0,0.0,0.0,0.0,0.0,0.0,0.0,0.0,0.0,0.0,0.0,0.0,0.0,0.0
251,0.0010136070496174548,0.0008537099722631371,0.0013008852540979888,0.003753854873709654,0.0010026670762745718,0.0007921103063891169,0.0012361895739981044,0.0035700496175199957,0.0010748581423197724,0.001030932739038913,0.001561433235578171,0.003966823896629906,0.0009936328936104757,0.0009347819927324908,0.001425406275197663,0.0038786235536094546,0.0006547425951827857,0.0009344388607821729,0.0014684895599319126,0.003879462393685572,0.0009532449257772695,0.0009205773177321342,0.00139058272159302,0.0037969331351119084,0.0006158800115931391,0.0007890929289385481,0.0012542201041146023,0.0035162062079369793,0.0005620965232807864,0.000786864701231593,0.001254476749189506,0.00355170299291368,0.0010451254784760561,0.0008506903031702705,0.0012877944399955776,0.003791576381479777,0.0010499649363589906,0.001098657453660608,0.001794633208679227,0.004165776993758247,0.0010122739976570255,0.001094035857660082,0.0017578049014985468,0.0040887628547352905,0.0010141031809307345,0.0008811134156406281,0.0013576847568770103,0.0038237168882612445,0.0006873640079358772,0.0009301030875474379,0.0014041615366537858,0.0038598177512790288,0.0010013436229726464,0.0008647682098504259,0.0013235832969592425,0.003772017106562646,0.0009539153953203,0.0010931451284645695,0.001706234926800392,0.004064306853357334,0.0011523189344985391,0.0010031002550165904,0.0015406009551255867,0.003976235304456521,0.0010313584510578833,0.0008904610607000389,0.0013677443211269507,0.0038326490870246154,0.00107041538421634,0.000871993438587246,0.0013460166973768954,0.0038096476844423238,0.0006228644278614375,0.0010855481863760563,0.0016914101631588007,0.00405860894903032,0.0010299614612385344,0.0008964333839374147,0.0013670317647225306,0.003814327547761247,0.000867885003147291,0.0007323346391724468,0.0012377646873207092,0.003310542154637214,0.0010491650046474026,0.0007896445728540075,0.0012154508349312447,0.003590508874903292,0.0010771579776678746,0.0009810693411617486,0.0014978777219524504,0.0039260858088570084,0.000979313509514298,0.0008916274565420928,0.0013519368601278045,0.003715412482916348,0.0010519128121065956,0.0009239552675466301,0.0014190839060363122,0.003956649717520498,0.0006689115627410083,0.00071378853134881,0.001229729036258576,0.0032623644090217646,0.0010281647027617666,0.0008924577085242505,0.001375399311619549,0.00383748161082406,0.0006589378485705107,0.0008211151643507028,0.0012953361525863004,0.0036774994195107862,0.0006932012968398161,0.0007845590863699521,0.0012583893536061447,0.003578316923292035,0.0010006035839814171,0.0008077605751961739,0.0012557090559621514,0.0036151108470259133,0.0006257971776651265,0.0008994863897560569,0.0014089014842552606,0.003844413059434882,0.000387043572228811,0.0003853843084678684,0.00038771813969587455,0.00039043302532973265,0.00039946038351352375,0.0003869050807989503,0.00038476594515312083,0.00039398166648991703,0.00039149869379188863,0.00038678386940651057,0.00039871152823792866,0.00038695651016259976,0.00039354312195933174,0.0003877329487923719,0.00039092401786635473,0.00038469116830958116,0.00038439550370649876,0.00038920293884036364,0.0003961725848206823,0.0003935205643857535,0.00039143370106204734,0.0003821768821954169,0.00039175430984077735,0.00039340673507425316,0.0003913568351174299,0.00039793630796209446,0.0003844069002331474,0.0004013597364561774,0.0003998162598051624,0.00038546522242349817,0.0003882240331656776,0.0,0.0,0.0,0.0,0.0,0.0,0.0,0.0,0.0,0.0,0.0,0.0,0.0,0.0,0.0,0.0,0.0,0.0,0.0,0.0,0.0,0.0,0.0,0.0,0.0,0.0,0.0,0.0,0.0,0.0,0.0
252,0.001014496782578153,0.0008628885305140457,0.0013172080371155802,0.003764783283486924,0.0010038654986353522,0.0007966072121589137,0.0012388581223939394,0.0035726712755001946,0.0011575737735844568,0.0010380999207446106,0.001579501328352728,0.003966758488597484,0.000984306672402454,0.0009388667409809888,0.0014287436797233597,0.003878062094163556,0.000657061250199131,0.0009357522922105135,0.0014714131099194735,0.003870042225726862,0.0009673535155700901,0.0009264852928476335,0.0013976686587970815,0.003796627044831312,0.0006147038343046293,0.0007941628068514578,0.0012583249368950458,0.003528195181399181,0.0005439331666415733,0.0007948845782590658,0.0012619979262220742,0.0035702104510594505,0.00105067418733786,0.0008602506258115881,0.0013147312284688922,0.003814886586267518,0.0010517742711649049,0.0010994653146354347,0.001797125143439598,0.004170939557861797,0.001006292966036916,0.001092456750660597,0.0017497408210935816,0.004076897129902465,0.0010176054207943807,0.000899228356953474,0.001384979703717722,0.0038466046324131435,0.000701914361311465,0.0009450207231739301,0.0014240838740497517,0.003877258927755104,0.000993834903901943,0.0008625318581811463,0.0013205357410603269,0.003763605665488132,0.0005920141208650186,0.0010931186934942303,0.0017170012642320363,0.004057082334650802,0.0014064189437817212,0.001024163899734622,0.0015805108703509456,0.004000264992365468,0.0010541963897031997,0.0009040834929115442,0.001390427651219391,0.003851508128044294,0.0010534390285277565,0.0008814032316572344,0.00136064817287903,0.0038205929119618973,0.0005401853748485901,0.0010883317980801238,0.0017230869484756834,0.004066618616446787,0.0010313368192719002,0.0009045168200353492,0.00137797861274485,0.0038167526369061212,0.0008744112716572217,0.0007374270079224484,0.0012364755424503697,0.003333650207053426,0.0010390782151749294,0.0008010957552221785,0.001223427667217536,0.00362278280741583,0.001089181705611317,0.0010096394048019913,0.001537072238410212,0.003951819683000792,0.0009769849106641127,0.0008880235133794563,0.0013477726710425266,0.0037095029430166604,0.001025733924321905,0.0009076264706944753,0.001389448895266653,0.0038393453010460736,0.0006669906174054408,0.0007110548505634146,0.0012215869496528553,0.0032071825679356922,0.0010296604031118854,0.0008986109177372963,0.0013843112514371537,0.003843481301553583,0.0006492645797639292,0.0008242036532307415,0.001298263873194919,0.0036824873588753894,0.0006941037531560699,0.0007830351180946459,0.0012563989292666482,0.0035696711866075185,0.001000044801931182,0.0008088822724371979,0.0012569040911130037,0.0036139748851587703,0.0006253671307097119,0.0009001587693114334,0.0014101464669817605,0.003843646130988548,0.00038669362044899114,0.00038482327464665824,0.00038727877831929065,0.0003902004289451248,0.0003994609567171107,0.00038691030176511915,0.00038471423820121047,0.0003938715365170584,0.0003898025200771261,0.0003860922544880324,0.00039686351710554346,0.00038641455225558985,0.00039188976921322526,0.0003873766306883677,0.0003901749546853125,0.0003847235423551052,0.00038457428428301796,0.00038845623990789576,0.000395298972637639,0.0003918548151861227,0.0003903569960578703,0.00038228271834867515,0.0003906206446296964,0.0003917852388034319,0.00038958953830968434,0.00039750634477819747,0.0003843321808996823,0.0004003639125939335,0.0003995015601856506,0.00038546534356303434,0.0003882607652990301,0.0,0.0,0.0,0.0,0.0,0.0,0.0,0.0,0.0,0.0,0.0,0.0,0.0,0.0,0.0,0.0,0.0,0.0,0.0,0.0,0.0,0.0,0.0,0.0,0.0,0.0,0.0,0.0,0.0,0.0,0.0
253,0.0010173424008622376,0.0008723540301962434,0.001338112305200808,0.0037982486827830703,0.0010056614034424883,0.0008025480983348123,0.0012448420364127833,0.0035989382086437675,0.0011136954692484292,0.0010450561088389404,0.0015844330363424788,0.003978927096233981,0.0009722543657387839,0.0009468874721738911,0.0014383250798423158,0.0038831336275963243,0.0006607468338784828,0.000936452803581029,0.0014728509403324833,0.00388126871424333,0.0009787291497756973,0.0009337825816965368,0.0014078118809200458,0.0038168979874415275,0.0006179527878058142,0.0007894607843887674,0.0012543369546967875,0.0035153829745980286,0.000551983761383781,0.0007914886143504293,0.0012586895448777288,0.0035620587762341185,0.001065812636090924,0.0008800120430130091,0.0013483688580978007,0.0038414987776076125,0.0010664584826614114,0.0011023664484904317,0.0017979316378523155,0.004167296872847844,0.001007189205044106,0.001096154095346378,0.001768412648047035,0.0040936417473093935,0.001018411088006356,0.0008896102812130193,0.0013707907041554694,0.003829606219900703,0.0007096827985666538,0.0009504035310804924,0.0014309183720786016,0.00387996338124961,0.0009926465188785398,0.000861355975413134,0.0013187657641863357,0.003757272857324795,0.00030575614902122994,0.0010937249214147556,0.0017300042095049384,0.004069936677266524,0.002125744960124955,0.0010456480406136023,0.0016221436353537591,0.004020847975734076,0.0010805913086215603,0.0009188975764850868,0.0014152117902751188,0.003870441342680081,0.0010396117695360145,0.0008916878713120627,0.0013754770532639288,0.0038304864744825784,0.0005031188710531616,0.001088699450902601,0.0017303167586081739,0.004064895561263573,0.0010313379880736854,0.0009080310929855436,0.0013830673861563963,0.0038223338542237167,0.0008797304836173161,0.0007403415331343236,0.0012339404049870695,0.0033418322578137286,0.001030715011558852,0.0008130476735170978,0.0012341107174368411,0.0036548439969917926,0.0010759335945009314,0.0010100141177002394,0.001534357596795168,0.003939978962678129,0.0009788597757637366,0.0008854377736903288,0.0013445032692937496,0.0037039370374261117,0.001009301702807357,0.0008959166358641277,0.001369774133410986,0.0038150751729291135,0.0006681582074084781,0.0007101582737168773,0.0012213684525792783,0.0032005085308910216,0.001033898805807499,0.0009134680487013998,0.0014057504296654429,0.0038608868649019894,0.0006489134237081854,0.0008216803016738135,0.001295031628116292,0.0036730857284003504,0.0006942267725280485,0.0007833049223683059,0.0012560516052750987,0.0035667570767614377,0.0009983419111533904,0.0008122374621189505,0.0012603317662934735,0.003620494070157305,0.0006278682973751132,0.0008974161378151398,0.0014046955764648412,0.0038333735100999616,0.00038710330892859557,0.0003853643861456669,0.0003888058804840125,0.00039051802415682765,0.0004002321612569783,0.0003871331412356417,0.0003847930937808023,0.00039400771090348233,0.00039162540484088254,0.0003880128181517963,0.0003986808954939099,0.0003880314206139094,0.0003937705746250142,0.0003883165989389571,0.0003919905841234498,0.0003856675323802315,0.00038547591020324256,0.00039027613673730394,0.00039661881105791056,0.00039363936733572964,0.0003916446214730085,0.00038323123488992266,0.0003922978930477128,0.00039343886368258646,0.0003915110108858623,0.0003983274304492525,0.0003842072099542293,0.0004024251532271226,0.0004001977085228609,0.00038546287630348083,0.00038856772487503156,0.0,0.0,0.0,0.0,0.0,0.0,0.0,0.0,0.0,0.0,0.0,0.0,0.0,0.0,0.0,0.0,0.0,0.0,0.0,0.0,0.0,0.0,0.0,0.0,0.0,0.0,0.0,0.0,0.0,0.0,0.0
254,0.001017213598742012,0.0008736803448135126,0.0013402788368369564,0.0038012119417391863,0.0010059235594402746,0.0008039323801967255,0.001246343473867378,0.0036029661523627877,0.001137994445563753,0.0010423691727262602,0.001580967301069072,0.003976803686806157,0.0009458454895964621,0.0009386280145462516,0.0014262569117018857,0.0038668484600477325,0.0006633366069467391,0.0009340077830965743,0.001467651656367667,0.0038776612055953794,0.0009827916408370076,0.0009327401175219688,0.0014065974003700547,0.003817035073233495,0.0006204702975848892,0.0007901793057101999,0.0012549368366486964,0.003517425399417113,0.0005561110153000237,0.0007887724368183361,0.0012559318687519745,0.003554005143263439,0.0010661489681751959,0.0008887971983734652,0.0013597079490131473,0.003848732808259764,0.0010533736214817467,0.0011001683277763758,0.0017947997942747308,0.004154892964868365,0.0010073206463333522,0.0010967289304331016,0.0017716694376217522,0.004094715910249152,0.0010155217992726103,0.000897267496625307,0.0013816764764159435,0.003836146999403933,0.0006987788888493589,0.0009512273265908158,0.001431539731134043,0.0038764304095683113,0.0009902336354873204,0.0008642586837383655,0.0013225711328217302,0.003759302942224695,0.0002950276536201973,0.001093655012796203,0.0017341152552106565,0.004074485114654573,0.0019157332937466962,0.0010495199320445141,0.0016271012605014808,0.004017792041059812,0.0010949820160801858,0.0009278946679643003,0.0014286185967090788,0.003877374190560284,0.0010363845346260717,0.0008881113076119647,0.0013700588679379324,0.0038214210111165263,0.0005051929783015456,0.0010846608953292008,0.001716543920211728,0.004000138508694413,0.0010283511346145754,0.0009028694873566042,0.001372446588916565,0.0037619489048433836,0.0008793225212303734,0.0007414682619364861,0.00122662607678092,0.0033059377939024417,0.0010221987845952655,0.0008185255700356182,0.0012407963273363563,0.0036648504613680964,0.001081808448605647,0.0010157972641921284,0.00154193675159598,0.003940921617330033,0.000982769592830889,0.0008868262584131859,0.0013461449293870411,0.003708089942485895,0.0009279345762712329,0.0008937942619179155,0.0013637456325683145,0.0037614721947814072,0.0006677192641381723,0.0007091735374277996,0.0012190716821474993,0.0031837636604811715,0.0010353066842440828,0.0009172855980229868,0.001410993611490586,0.0038611805500952945,0.0006476762696407911,0.0008190474433150903,0.0012917683670052363,0.0036623621256403334,0.000694251881932724,0.0007835812398863467,0.001255960579147918,0.0035638536377720215,0.0009970099616597415,0.0008123826146263482,0.0012601720682167037,0.0036169588897374547,0.0006345459696708597,0.0008965347137009697,0.0014028790076275562,0.0038278492488427684,0.0003874514447984397,0.0003852789828064664,0.0003877197206763049,0.0003905627469880381,0.0003989339431652316,0.00038707577824258666,0.00038478118795001476,0.0003940280236537332,0.0003915821792419729,0.00038723891849765454,0.000398636042331699,0.00038693988996303967,0.0003937403005583007,0.0003879497856897634,0.00039054490664987187,0.0003843005329130406,0.0003841231937587432,0.00038903473751880483,0.00039638640082580965,0.00039364080736494395,0.0003915427646792955,0.00038194342534193467,0.00039114649979768836,0.0003932249144937025,0.00039061068848368234,0.0003982781229461876,0.0003844176691529431,0.00040122617055580735,0.00040018896302663424,0.0003857925811766422,0.00038851296974075366,0.0,0.0,0.0,0.0,0.0,0.0,0.0,0.0,0.0,0.0,0.0,0.0,0.0,0.0,0.0,0.0,0.0,0.0,0.0,0.0,0.0,0.0,0.0,0.0,0.0,0.0,0.0,0.0,0.0,0.0,0.0
255,0.0010136591455968908,0.0008615837272851329,0.0013140086867939852,0.0037498203465920208,0.001003052461246665,0.0007974427462563063,0.0012387649490839148,0.003562271902849961,0.001142483527841534,0.0010420861374672763,0.0015794626033416666,0.003951180462742645,0.0009381300439668862,0.0009273612866824506,0.001409121178209256,0.0038268524863698033,0.0006642429036754212,0.0009300805102188092,0.0014585234974597403,0.0038478665589500977,0.0009879597154459929,0.0009262031669897609,0.001396676385269819,0.0037843766409058547,0.000617142702293304,0.0007882168391594606,0.001252067379912649,0.003499889855220642,0.0005532314975201358,0.0007868820441464944,0.001252912453613538,0.0035350430939275887,0.001053875524509514,0.0008641890863170294,0.0013214923366131138,0.0037880874551016433,0.001055348002233952,0.0010984869567665098,0.0017890349169284517,0.004121558904820876,0.0010044121855116335,0.0010927361471411176,0.001757379007827705,0.004049854838346932,0.0010102938375921508,0.0008922878577314282,0.0013723140121483942,0.0038016136506368588,0.0006873973819216595,0.0009421506728376993,0.0014174569081682026,0.0038376239903295368,0.000996693884992816,0.0008584866812563618,0.0013125646794998574,0.003722227505413468,0.0003243027459791305,0.0010915318420478403,0.0017208341206577738,0.004042347931635501,0.0013613317206347152,0.0010341312931039784,0.0015904747790023903,0.003968944488980865,0.001072021491337525,0.0009120315537772352,0.001403027785197427,0.003829241378875548,0.0010430321721639699,0.0008722022280150182,0.0013453530540629872,0.003772270120669965,0.0005831098594115332,0.001086276192140803,0.0017167245787318565,0.004027472814247734,0.0010288797014643036,0.0009020988226817468,0.0013727529666510835,0.003784759731119117,0.0008777708037968556,0.0007396186416161539,0.0012314089503930867,0.0033174652174540677,0.0010226881584050535,0.0008107247489528056,0.0012304258813268382,0.003617887131382696,0.0010801277768626384,0.0010054696365545505,0.0015282430283718772,0.003909846342880631,0.0009892114758088188,0.0008880136912639209,0.0013491842618466661,0.0037348192745525143,0.0008020294300502715,0.0008899327080324215,0.0013599497393024808,0.00377936159820698,0.0006674623960335167,0.0007090243855134815,0.0012200301670739781,0.0031853704854378005,0.0010317038670608122,0.0009120804603960239,0.0014018666575201703,0.00382841659640833,0.0006465709319074033,0.0008161881031812721,0.0012866519992739832,0.003631502896572035,0.0006936827034528811,0.0007809740734927597,0.0012514637586078627,0.0035335421689529738,0.0009956617645929856,0.0008113362368709625,0.0012571574860365724,0.003591579560890069,0.0006349744398400893,0.0008952755200363042,0.0013995266982141249,0.0038007369410133765,0.00038707809837715073,0.00038539523175608364,0.00038725925248234546,0.0003903070896519185,0.0003991574932465103,0.00038683433842485733,0.0003847732035141093,0.0003939869056718389,0.0003897782447923044,0.0003865727946713929,0.0003968096211789616,0.00038644517969773284,0.0003923046498003229,0.0003875869790536785,0.00039019468649332216,0.00038466402414355163,0.00038450543999029403,0.0003884827195581019,0.00039579497095117616,0.00039193357401086034,0.00039026877246945395,0.000382266492767569,0.0003907338665579612,0.00039161659352702,0.00038980647149055496,0.00039802632010869243,0.00038379090207700945,0.00040048213426952873,0.0003997966810783691,0.0003854035003561919,0.0003880035361666267,0.0,0.0,0.0,0.0,0.0,0.0,0.0,0.0,0.0,0.0,0.0,0.0,0.0,0.0,0.0,0.0,0.0,0.0,0.0,0.0,0.0,0.0,0.0,0.0,0.0,0.0,0.0,0.0,0.0,0.0,0.0
256,0.001014956868082971,0.0008585160958034996,0.001309135654575755,0.0037688677511780126,0.0010038421260890162,0.0007958394466395047,0.0012393921093745632,0.003581623834658926,0.0010908955115208274,0.0010542820961176383,0.001599964057370569,0.003991902625586758,0.0009466798969185383,0.0009307617607685319,0.0014156663151495114,0.0038593329154963133,0.0006606750415532922,0.0009316152570903935,0.001462589352291382,0.003876711309972355,0.000999523145978609,0.0009257119455643884,0.0013982376257871498,0.003809784303861662,0.000605594809480046,0.0007887987143972298,0.0012550391812861945,0.003523462297440468,0.0005543933031933228,0.0007872908986300768,0.0012555264684111205,0.003558608295134635,0.0010543155643059413,0.0008598663424636135,0.0013130909637160057,0.0038090578969104407,0.0010818143060305346,0.0011020407597049232,0.0017973539764333886,0.0041591802508009375,0.0010052337122572308,0.0010937388382014864,0.001757693986891397,0.0040779021172048565,0.0010088060557535232,0.0009002753402954315,0.0013848293897527264,0.0038417029952048983,0.0006839629344068235,0.0009398570431751138,0.00141629260418358,0.003862235501177467,0.0010036672152346885,0.0008588284852646126,0.0013143858300006558,0.0037494731963646716,0.0003166860806029235,0.0010934103446116653,0.0017222418353504342,0.004067783684761049,0.001109308315769555,0.0010316252238725693,0.001576598655492454,0.003989589078575125,0.0010638773556620267,0.0009091322091467613,0.0013989195965489038,0.003853633487911468,0.0010529273218742828,0.0008689706609513177,0.0013400425253366872,0.003793758562196151,0.0008793454049391376,0.0010878615323355978,0.0017136508694658404,0.004059319828735001,0.001032261668600417,0.000900053717022392,0.0013720141878630697,0.0038138630795142886,0.0008819652596780835,0.0007387633447590961,0.001236298833633216,0.003339675983116654,0.001028461821442783,0.0008074145630451603,0.0012289511215198064,0.0036337579706102654,0.0010708792972079918,0.0010049219821617057,0.0015295047550311983,0.003940692821140399,0.0009942895151230499,0.0008914868931746949,0.0013553875328778438,0.003770815901676842,0.0008426361741341282,0.0008960708199944563,0.0013698487987851657,0.0038177395590356126,0.0006673795135296236,0.0007088363380704416,0.0012200169878879492,0.0031834137590177215,0.0010344299899530786,0.0009110374324540552,0.0014020483218807975,0.003855234252923755,0.0006490666481884148,0.0008185791436729333,0.0012913277481780836,0.003661627347855065,0.0006951533814019057,0.0007823337981361011,0.0012549353076985108,0.0035605475006715093,0.0009980905047673675,0.0008139033687846397,0.0012617589917029931,0.0036215811335166504,0.0006358017524779098,0.0008970038308501725,0.0014038664336076733,0.003829611734182373,0.0003872354433801591,0.0003855341774292668,0.00038813001196874385,0.00039056381494844675,0.0003999154787874359,0.0003870631160474023,0.00038495105217052107,0.0003939354372902274,0.00039147091056125963,0.00038750374239982074,0.0003984753173731352,0.0003874352211938967,0.00039320065705096156,0.00038803182674205307,0.0003915554924525254,0.00038500944986274543,0.0003848970191000376,0.00038970541632014563,0.0003964536869460755,0.00039359508848941117,0.00039151383913271505,0.0003826893731196105,0.00039230345078825594,0.0003935171856481116,0.00039118170731154093,0.0003980842683232091,0.000384134136623877,0.00040200081034595496,0.0004001444232186571,0.0003856270145461273,0.00038815733053892824,0.0,0.0,0.0,0.0,0.0,0.0,0.0,0.0,0.0,0.0,0.0,0.0,0.0,0.0,0.0,0.0,0.0,0.0,0.0,0.0,0.0,0.0,0.0,0.0,0.0,0.0,0.0,0.0,0.0,0.0,0.0
257,0.0010203364766922347,0.000862726188218584,0.001318535664621286,0.003832346527081326,0.0010064792019357693,0.0007982379886550323,0.0012452532209745305,0.0036361136480363276,0.0010034856452456014,0.0010697922051846188,0.0016248338360395885,0.004058625505902686,0.0009826410986560116,0.000941687316458788,0.0014346510186098531,0.003926181950104992,0.0006501305565728692,0.0009374701759440026,0.0014761770857533538,0.003937905813178133,0.0010183123279222481,0.0009296811876980272,0.001408618450903967,0.0038719636717258095,0.0006013677475897838,0.0007933638734066962,0.0012626880383761854,0.0035754534931161357,0.0005325643505489887,0.000796581234759773,0.0012685024381591812,0.0036262742001575065,0.001058351949822725,0.000865987570248647,0.0013209349813755877,0.003873258864611778,0.0013377888344211996,0.0011107870886599691,0.0018173961782235147,0.004232977468238651,0.0010108154222824655,0.0010959867128711115,0.0017598915161103905,0.004127814875230862,0.0010288838000150498,0.0009148310882169186,0.0014078293498098584,0.0039129305398610415,0.000702907929629483,0.0009430091065206975,0.0014239155199280216,0.003915469848549545,0.0010155930451941264,0.0008662555933482654,0.0013271846669677591,0.0038110287330018772,0.0010144909649885791,0.0010986141419572742,0.0017384135091836812,0.004138144134265134,0.0010564722480865777,0.0010371582532958097,0.0015850753696387227,0.004044163405653417,0.0010385118106007465,0.0009103482622714219,0.0014035792203018456,0.003907239790650275,0.001087411765588206,0.0008764956661701877,0.001356186566376335,0.0038555355370714565,0.0010223931311663292,0.001092426009426442,0.0017256617540323763,0.004093046039547955,0.0010366255472991114,0.000902831042644509,0.001378834063985086,0.0038533415163139874,0.0008804572553628767,0.0007380577971937423,0.0012419825111839393,0.003363123238224033,0.0010511965542541273,0.0008084073776627456,0.001232007431754002,0.0036866405484930133,0.0010608688155405576,0.0010068040939165716,0.0015368954710580543,0.003998969267695926,0.0009975890216776633,0.0009033088545471951,0.0013716979413930012,0.003821722968278777,0.0005798029601671366,0.0009054290913261203,0.0013853086598156548,0.003867235488484121,0.0006678405252744585,0.0007096543328823808,0.0012214381257990305,0.003196759910662322,0.0010352997870326903,0.0009156057019075475,0.0014119473889166857,0.003915719781498666,0.0006495585129185958,0.0008234953396244291,0.0013002268474420165,0.003715630413016696,0.0006940845901245368,0.0007844554653370077,0.0012606222236744354,0.0036063666648544564,0.001003565111762281,0.0008199599402480392,0.0012714106357854455,0.0036796058336713163,0.0006359795560678639,0.0009004623737186687,0.001412369130147154,0.0038803149451105572,0.0003876501005459919,0.00038552247531762934,0.00038898321615298876,0.0003905983599646018,0.0004005706951042483,0.0003868769506007922,0.00038564363389782287,0.0003944857853629447,0.0003914026072817352,0.0003881127338831843,0.0003984874710934232,0.00038804446987015574,0.00039348995740255433,0.00038855279390240005,0.00039217226212112736,0.0003857930791356745,0.0003856125551360451,0.0003904920238056173,0.0003969685855997519,0.0003937157427834154,0.0003915864666344382,0.0003834369217100188,0.00039302148687112053,0.0003936264813976569,0.0003918825820606878,0.0003979376943222985,0.0003856284404954325,0.0004027133964881528,0.0004002109806267559,0.0003863639143401291,0.0003891939551479512,0.0,0.0,0.0,0.0,0.0,0.0,0.0,0.0,0.0,0.0,0.0,0.0,0.0,0.0,0.0,0.0,0.0,0.0,0.0,0.0,0.0,0.0,0.0,0.0,0.0,0.0,0.0,0.0,0.0,0.0,0.0
258,0.0010293814087481115,0.0008723670149789473,0.0013413141325114963,0.003957054488801797,0.001012828779447339,0.0008041090170681098,0.001257990699182955,0.003747221155511488,0.0010660808701588487,0.0010858300899749401,0.0016727396069824488,0.004192015753153583,0.0010019521238878075,0.0009676718350176942,0.0014822480043027038,0.0040668010476705655,0.0006076572952692842,0.0009500338760418273,0.001505234415275895,0.004061907891847511,0.0010313719517984668,0.0009365620251983739,0.0014241141900896495,0.003974403873332513,0.000610641862221371,0.000801545673106144,0.001277092572079808,0.0036783526240171953,0.0005032768895532444,0.0008097361809971986,0.0012885318532302671,0.003742049382638952,0.0010599784686923578,0.0008771186722303673,0.0013461648116541527,0.003991499803860915,0.0014322849272098703,0.0011176975672327846,0.0018335038779495097,0.00439190227533407,0.0010197031087426354,0.0010978722243463333,0.0017627897852456023,0.004208186022485087,0.0011144154270550705,0.0009318551861532913,0.0014383976684468718,0.004044101777139155,0.0007226012285637467,0.0009550821030176078,0.001445195876429461,0.004008275758204844,0.0010558191978457475,0.0008795427963074403,0.0013509606034203298,0.003918788952475833,0.001159511782646425,0.001106109234866915,0.0017652884471795925,0.004260619784043692,0.0010896239040693553,0.001039556879960719,0.0016035647053677115,0.004161801302798098,0.0010410874793187177,0.0009146663659183785,0.0014153115089858398,0.004015419990820667,0.0010815385425744471,0.0009011379436437303,0.0013927950098378962,0.003968583469435095,0.0011632119569249314,0.0010976407051055098,0.0017548719606628555,0.004176126983878564,0.0010417240989046444,0.0009075504926924985,0.0013926882805586644,0.00393548328928376,0.0008897345154843445,0.0007406950650289145,0.001244470059033121,0.0033896478510508157,0.0010893938393175412,0.0008157522531075964,0.0012434032596158459,0.0037994583211117122,0.0010937118165369913,0.001013139045580221,0.0015547420320324657,0.00407624117864943,0.0010044509198874863,0.0009150144822403575,0.001390538886011604,0.003906078481601601,0.0004029452432572091,0.0009124943463862381,0.0014000799976680708,0.003943430610350998,0.0006716204846415764,0.0007179210272027037,0.00124090244713293,0.003350586224831979,0.0010469637417519424,0.0009175078608694785,0.0014178117717890942,0.004025362423801113,0.0006666362384497584,0.0008333329824882872,0.0013170826278807103,0.0038088926269503743,0.0006973498923193793,0.0007885684187415913,0.001270242655655376,0.0036809186684128173,0.0010114300801139342,0.0008218810249898531,0.0012768252723061248,0.00376031546579868,0.0006371725542993572,0.0009033913525326163,0.0014201515460240965,0.003945549808476663,0.0003883660458037602,0.0003866734094240578,0.0003873595397450495,0.0003915555463493555,0.0003988638515765194,0.00038811243712368005,0.00038562242126564516,0.0003945129712731796,0.0003913037298819823,0.0003867254032090127,0.0003986981933435636,0.00038652849721073094,0.00039377176404095676,0.0003880126061762896,0.00038998256745622804,0.0003844702772470559,0.00038406564728393517,0.0003882725573963977,0.00039629315619125343,0.0003936287543965091,0.0003906221465595321,0.0003818863673249944,0.0003906514737600701,0.0003929889364914113,0.0003899714736904529,0.00039793050596558617,0.0003852737778836483,0.0004003556671367286,0.0004005594156514821,0.0003866335232320953,0.0003891219703708907,0.0,0.0,0.0,0.0,0.0,0.0,0.0,0.0,0.0,0.0,0.0,0.0,0.0,0.0,0.0,0.0,0.0,0.0,0.0,0.0,0.0,0.0,0.0,0.0,0.0,0.0,0.0,0.0,0.0,0.0,0.0
259,0.0010310034350081664,0.0008779094517147846,0.0013534653304638606,0.003975219726001227,0.0010134905729659008,0.0008071641524433449,0.0012610147190804657,0.0037609533282268294,0.0010763189033997718,0.0010883879295706597,0.0016828997348251433,0.00419987011473512,0.0010087036768182723,0.0009904712198793232,0.0015147378411128024,0.004097325670830345,0.0005867494037236211,0.000952150952460891,0.0015127247382678518,0.004067443637693545,0.001027644120535513,0.0009389526899610645,0.0014269279410001573,0.003980244044483178,0.0006104345552038554,0.0007997717758338826,0.001270095473827017,0.003616182921702961,0.0004875081314707322,0.00081063276745011,0.001284617265970102,0.0036870195209623272,0.0010716321314953037,0.0008798391237694504,0.0013533364732950534,0.00400111471997282,0.0018107472597502932,0.0011220144018919192,0.0018425112157504113,0.004378522626715745,0.001022775234143033,0.001101333879307277,0.0017751901677645705,0.004250564961264057,0.0011211136581028766,0.0009362984220994689,0.0014458408991935299,0.004059983531550006,0.00072211014573165,0.0009555970580516807,0.0014478567362574252,0.004040712092016499,0.0010697967275408392,0.0008857207979211869,0.0013665901390583312,0.003966483052075668,0.0010959231008561272,0.0011069983630325525,0.0017659823344355037,0.0042697579664125055,0.0010644567463799978,0.001050223944441273,0.001619683382028383,0.004181562137017401,0.0010425775967309698,0.0009069395623932212,0.0014043454947069924,0.0040172136629713084,0.0010681289967257302,0.0009141450390413921,0.001409113201640237,0.004013386195227899,0.0012622383689991962,0.0011008808119876243,0.0017577486659084202,0.004238809268252538,0.0010477356213011593,0.0009073383265062769,0.0013996942766039099,0.003996723378348621,0.0009004127985031526,0.0007409149435633111,0.0012440560429695597,0.003390584639498223,0.0011101590345106956,0.0008159963522279686,0.0012424644456845808,0.003810335437193981,0.001335732668901343,0.0010000326254109996,0.0015579353860365362,0.004122035274397793,0.0010092214442098946,0.0009184015196559979,0.001398663107446315,0.003964494735865611,0.0009314063588756675,0.0009101472705864296,0.0013972055396520317,0.003942647692367922,0.0006736132201148289,0.000719791909853395,0.0012497010088734382,0.003392080632743089,0.001039303950972426,0.0009186237382319641,0.001419459323903775,0.004032806948610951,0.0006904283708261101,0.0008317953422201067,0.0013175866260124946,0.00383252436119691,0.0006994497816013043,0.0007907775351370429,0.0012751104884690216,0.0037203431565928074,0.00101451864420672,0.0008248584293150391,0.0012810452858709892,0.0037926505863326116,0.0006344794694577722,0.0009049899777884008,0.001424435404428656,0.003983319643448264,0.0003886326516665766,0.00038640806852505876,0.0003889403745784972,0.00039167157728678333,0.00039968211914204904,0.0003881843700975587,0.0003856271866565022,0.0003945818296502877,0.00039289216413224067,0.00038841964798506825,0.00040061049359964827,0.0003884087098770426,0.000395537122638582,0.00038914994909619073,0.0003917540016105543,0.00038531922330163994,0.00038487417418293435,0.0003903982321213726,0.0003977823248715751,0.00039569672144161333,0.00039218991778431825,0.0003823904557080774,0.0003926722645922042,0.00039471272876289234,0.000391806614382542,0.0003993592715165001,0.00038472341847187657,0.00040247850309924743,0.0004006045898728104,0.00038636786455489315,0.00038936341942562866,0.0,0.0,0.0,0.0,0.0,0.0,0.0,0.0,0.0,0.0,0.0,0.0,0.0,0.0,0.0,0.0,0.0,0.0,0.0,0.0,0.0,0.0,0.0,0.0,0.0,0.0,0.0,0.0,0.0,0.0,0.0
260,0.0010302051113656027,0.0008742773804455678,0.001345583720826348,0.003964918511991091,0.0010129240834018058,0.0008042014839357999,0.0012584284705377743,0.003751586464295478,0.001064257371965672,0.0010853750938873026,0.001670088749410173,0.0041942411262066576,0.0010115587391873624,0.000988756217682457,0.0015127736197423564,0.004097998564373808,0.0005781010425590196,0.0009531293049142185,0.0015162094033724146,0.004069403578978204,0.001020638861692111,0.0009364406132288948,0.001422669514353507,0.003971563747643041,0.0006016726490764542,0.000793556911308524,0.0012646906739497384,0.0035981762613943096,0.0005061057583622725,0.0008056899040008529,0.0012793904217271689,0.003673214399969949,0.0010725438138353947,0.000872863639558095,0.0013412751222640616,0.003988132547421629,0.0012541796592565053,0.0011152631454488778,0.0018335797843130374,0.0043611883705514005,0.0010236879332332016,0.0011027993212860902,0.0017808142473917004,0.00425537802796055,0.0011192861643211662,0.0009352392356399293,0.0014443394138270564,0.004057513848507648,0.0007155826650781935,0.0009521041135873344,0.0014429936492533,0.004035205893409652,0.0010680325484632713,0.000882203968513143,0.0013585511910779167,0.003956016342283795,0.0010973596333250656,0.0011071010593976856,0.001766250717326118,0.004271052227970892,0.0011035624974305592,0.0010412775923481746,0.0016081290648505499,0.004175880437070318,0.0010366508484765662,0.0008952921686866292,0.0013873408885465032,0.003999073316132902,0.0010659596081898917,0.0009124401312949317,0.0014080250563416913,0.004011127036590915,0.0013174947858295683,0.0011005804380946134,0.0017536142237229494,0.004238520011538071,0.0010513144764778847,0.0008994970201805662,0.0013874328256623359,0.003987354999164907,0.0008909776083411145,0.0007355813342860289,0.001244461247293815,0.0033667341583591944,0.0011030055578112627,0.0008110200256922702,0.0012387499273743352,0.0037965612978540005,0.0013098909497510094,0.0009868216010847333,0.0015380063479729304,0.004106923924946008,0.001010711287316197,0.0009200669711591138,0.0014010484922456266,0.0039711837031000015,0.0010195087268012545,0.0009096087442394876,0.001398895144657777,0.003989700902875591,0.0006763362318497027,0.0007208899588786744,0.0012480081939936635,0.003404288264406256,0.0010451694024387545,0.0009174800614071734,0.0014178182315839056,0.004028473961965802,0.0006881962024960075,0.0008305490892493364,0.0013161525039645534,0.003829602938913752,0.0006999220331176442,0.0007893055484898876,0.0012736193692610652,0.0037159320600254984,0.0010139560258854944,0.0008217811889565369,0.00127749359146844,0.0037839707023315503,0.0006309070558958877,0.0009059808158310956,0.001426542390768951,0.003988827131877285,0.0003880855051973988,0.0003863020877182224,0.00038913699407371245,0.0003913804418280384,0.00039993438333565647,0.0003879242186948368,0.0003856033235859995,0.0003945560644186661,0.0003928130500629089,0.00038855004161243847,0.00040026797689696794,0.000388738225502834,0.0003952002006962904,0.00038927295048014877,0.0003920043847106528,0.00038560508011608577,0.0003851057977382646,0.00039065394255973423,0.0003979968928595751,0.0003953140417612013,0.0003924485953431905,0.000382626155101559,0.0003932876866783006,0.0003950189058869633,0.0003925917964063024,0.00039945599846133754,0.0003846338981184698,0.0004028958752879935,0.00040053031026071205,0.0003863974863971255,0.00038919694159132446,0.0,0.0,0.0,0.0,0.0,0.0,0.0,0.0,0.0,0.0,0.0,0.0,0.0,0.0,0.0,0.0,0.0,0.0,0.0,0.0,0.0,0.0,0.0,0.0,0.0,0.0,0.0,0.0,0.0,0.0,0.0
261,0.0010302751725758707,0.0008730943230778823,0.0013433220762135139,0.003961983521793679,0.0010127911707218376,0.0008024051748447167,0.0012566076150280284,0.003745053030983482,0.001045632528599125,0.001079130915825774,0.001646047593309748,0.00417992556870889,0.0010114657300766933,0.0009844201323104206,0.001506618701128077,0.0040924995142477,0.000590281656684444,0.0009513172146728799,0.0015098252992214287,0.004065814787632401,0.0010176511908656246,0.0009322082321490282,0.0014167041449092263,0.003963453171795193,0.0006046489883383591,0.0007955835191874702,0.001266304674494978,0.003603504829085706,0.0005192233444509284,0.0008015712438538924,0.001275113288309561,0.0036617552800505995,0.0010661979058820008,0.0008697748711447057,0.0013308278401013723,0.003978548533064427,0.0017624473079614765,0.001119506665258747,0.0018398424399495455,0.0043662193412666445,0.0010245053495672612,0.0011022251324577408,0.0017790932629410533,0.004253689160662119,0.0011255532193478839,0.0009439376661524398,0.0014598856180306611,0.004069297841583462,0.0007237843886502878,0.0009529546928611414,0.0014441934640333643,0.004035653958555343,0.0010664808992637861,0.000872380463716289,0.0013403943859290487,0.0039308210230012495,0.0010719633597624629,0.0011078914212484274,0.0017725666098111395,0.004275611448647309,0.0010945907301202168,0.0010466997657370405,0.0016167071309968195,0.00418009608041412,0.0010375066918262665,0.000904706077953859,0.0014015406640612365,0.004012554407606409,0.001074043765612616,0.0009062757270101695,0.001398014892488185,0.004001028095626869,0.0013099045413051764,0.0011002444357140241,0.0017502629374411846,0.004237155512721581,0.0010475752183996658,0.0009042334738207358,0.001395466816478728,0.003996991653779986,0.0009058330903041041,0.000741549863208501,0.0012429714233000674,0.003393817558793582,0.0011037155086957495,0.0008070094771126048,0.001235344482332419,0.0037811969913208515,0.0013975170293202587,0.000983576136760277,0.0015365455788351854,0.0041053247474437775,0.0010118595747055014,0.0009179053472762921,0.0013984746625710835,0.003968132009707539,0.001030479952660358,0.0009131584895229944,0.0014056099742979589,0.003997201784267135,0.000676005264470694,0.00072039333788454,0.0012479233553306197,0.0034008498265399477,0.0010469008249964858,0.0009195255249217536,0.0014210419133763664,0.0040321161493115315,0.0006786376811838253,0.0008273120966775662,0.0013123530314225879,0.0038202581707757572,0.0006986399919550186,0.0007897953591814704,0.0012740749796810126,0.003717735034999165,0.0010142443193331776,0.0008219557931375717,0.0012775839518569777,0.00378488035394712,0.0006287836418877074,0.0009060266323722539,0.0014265491284864507,0.003989557184087682,0.00038788555644362103,0.00038631953023005424,0.00038869698233007927,0.0003915180152898015,0.00040039624559970823,0.0003878548959229524,0.00038566229843249784,0.00039455581074004595,0.00039120242674094304,0.0003879082374703157,0.00039882487073538786,0.0003882458485191373,0.00039380551979435155,0.00038911660340995157,0.0003916391142556309,0.00038602916992654736,0.0003855238240392456,0.00039013962698396725,0.00039766144917616485,0.0003936477219890209,0.00039137161890721417,0.0003831393676795964,0.0003926103928908872,0.0003934670563917222,0.000391830458744003,0.00039889757525504976,0.000384501626188616,0.00040219523045367724,0.00040035675583364745,0.0003865131141104439,0.0003890186771818927,0.0,0.0,0.0,0.0,0.0,0.0,0.0,0.0,0.0,0.0,0.0,0.0,0.0,0.0,0.0,0.0,0.0,0.0,0.0,0.0,0.0,0.0,0.0,0.0,0.0,0.0,0.0,0.0,0.0,0.0,0.0
262,0.0010296084498946207,0.0008715746860544106,0.0013402077671959042,0.003957728091696983,0.0010128155959558377,0.0008022762117732783,0.0012565803436882204,0.0037445616567882093,0.0010270323606259932,0.0010734495259620595,0.0016308908672706124,0.004171491500187435,0.0010110825094581935,0.0009804205629691755,0.0015009936892204788,0.004088089161238016,0.0005931378157242747,0.0009511731286914161,0.001509181998836926,0.004065987060358987,0.0010149100842995985,0.0009348043509417327,0.0014197255584195879,0.003966929305689763,0.0006056325806473369,0.0007960985668652354,0.0012666491360189612,0.0036047203981243057,0.0005388226362479258,0.0007957644313894591,0.0012692574748532687,0.003645388445253252,0.0010596888419401292,0.0008699337804327801,0.001328965166511565,0.0039774079301080996,0.0015487937689723918,0.0011187353233982217,0.0018359421488104316,0.004373724502729371,0.0010239571161879558,0.0011010888188132534,0.0017744679775227427,0.004249172179353007,0.0011002381785746554,0.0009344216802420185,0.0014441623402049848,0.004055430298173878,0.000727503273717531,0.0009566490092006449,0.0014491788824058994,0.004041011902731364,0.0010606818390256456,0.0008681170993323706,0.0013338497045186223,0.0039205000523205085,0.0010447304046393101,0.0011084455394516361,0.001776055974942944,0.004278010037096538,0.0010762853563194735,0.001053940285809553,0.0016274580215585649,0.004184912962504749,0.0010406558661273393,0.0009234368948393472,0.0014292414215283536,0.004038447876594849,0.0010789895439415021,0.0008982117209202224,0.001386613339150133,0.003991039734501102,0.0012935394474442223,0.0011004802105952151,0.0017533681402836033,0.004237625201057265,0.0010448751395693147,0.0009075168233129654,0.0014010715885017394,0.00400254829171662,0.0009081675849329314,0.000742828336893918,0.0012424117730703969,0.0033994496721674863,0.0011081370866893709,0.0008117870450102485,0.0012387149900083844,0.003796558230410196,0.0016286926003291717,0.0009856279497553518,0.0015450463040362534,0.004112052996105571,0.0010114932321169934,0.0009078415805195837,0.0013865142494616702,0.0039526563076075095,0.001027403037189452,0.0009055882770531905,0.001393870550156722,0.003984641489782165,0.0006771637173424914,0.0007213513357781596,0.0012474615231355003,0.0034090159375818533,0.0010480297061536525,0.000914445690533467,0.0014132248145745856,0.004019162193458617,0.0006765208791697298,0.0008263954249104893,0.0013113262190996475,0.003817873375923944,0.0006987947286982174,0.0007880895817567472,0.0012724953971115756,0.0037126538779731983,0.001013715174463626,0.0008199135772450966,0.0012753418427797327,0.0037788972474589334,0.0006289324077314674,0.0009066810455348865,0.0014282040183723399,0.003993661422959361,0.00038822315716691776,0.00038636599008233557,0.00038867719065904013,0.0003915798130052663,0.0003992067970857484,0.00038793838905424466,0.00038565567895543316,0.0003945972998991118,0.00039267709944087895,0.00038834985550240857,0.00040060416599667776,0.0003882470169726761,0.00039538973930348074,0.0003893532042464826,0.00039104065916417935,0.0003848564257799988,0.0003843025038455624,0.0003900773838803134,0.0003980373253343745,0.00039549239200110345,0.0003927257031440505,0.00038186945858658696,0.0003928684732775151,0.0003953419622179271,0.00039205097073906255,0.0003990052641130104,0.0003845954475190092,0.00040230530426137666,0.0004004733647110972,0.0003865222531037189,0.00038901570646278805,0.0,0.0,0.0,0.0,0.0,0.0,0.0,0.0,0.0,0.0,0.0,0.0,0.0,0.0,0.0,0.0,0.0,0.0,0.0,0.0,0.0,0.0,0.0,0.0,0.0,0.0,0.0,0.0,0.0,0.0,0.0
263,0.001028931334804892,0.0008693655690389254,0.0013357700898594055,0.003951611272810981,0.001012437987677547,0.0008004343922567679,0.0012550205305414844,0.0037386410465892646,0.0010267718292654511,0.0010682193191462184,0.0016208308411624084,0.004165203003648038,0.0010115921131400685,0.0009725861505699067,0.0014905936532420032,0.004076227610182077,0.0006018018610082875,0.0009497981739746545,0.0015043924165666677,0.004063448499285961,0.0010140783654754271,0.0009388846360011518,0.0014247800997788532,0.003970916005036293,0.0005982985635025126,0.0007848070825342394,0.0012538421475770773,0.0035384297894072575,0.0005619322660603173,0.0007846667218295616,0.001255074530545783,0.003579177547302889,0.0010584370174102334,0.0008689751170246403,0.0013281514100323773,0.003975932913794316,0.0014934475582954083,0.001118465847131552,0.0018354575969586036,0.00437330914491884,0.0010222969995129015,0.0010979179720291977,0.0017600935945146882,0.004232112947896533,0.0010772811247211577,0.0009265259378412591,0.0014312601999198948,0.0040344765855873915,0.0007278274991259928,0.0009578110944164667,0.001450313413703898,0.00403726233750195,0.0010519600836288783,0.0008576652269141299,0.001318811275617012,0.0038885305472638695,0.001028297728317145,0.0011085473515421954,0.0017756830293354563,0.004276501715158216,0.0010372933382018174,0.0010548213650576625,0.001625457507904195,0.004179965927694909,0.001040255848307708,0.0009161757913529386,0.001418478778051412,0.0040233955301179035,0.0010824390336041751,0.0008846951561447777,0.0013661866917452365,0.003964429349865635,0.0012326241649062287,0.0010998552879528077,0.0017442933105482877,0.004234598013095427,0.0010453139177474399,0.0009081745898557651,0.0014021014604458637,0.0040036287517175514,0.0009112408226807772,0.000744582805596366,0.0012418645461777448,0.003406904509789523,0.0011097841325282648,0.000812683748954271,0.0012389600981503896,0.003794939746676354,0.001283557363207323,0.0009749811138940231,0.0015191261424953389,0.004092131656739102,0.0010109613993397894,0.0008902647371339946,0.0013654983288876826,0.003923196909244686,0.0010270620012161468,0.0008924088431953596,0.0013727640246093357,0.0039598954744340135,0.0006770042950662051,0.0007210074073102354,0.0012474614493507843,0.003406562639685513,0.001045230821821971,0.000904868482606497,0.0013986695914295906,0.004000167813335763,0.0006798670672047844,0.0008275248883529377,0.00131235554153368,0.003817792133770028,0.0006989840220709107,0.0007877203406635728,0.0012718328890788857,0.0037085219722327607,0.001013489040721955,0.0008191911858091172,0.0012745772496509137,0.0037766064121002463,0.0006288118657395103,0.0009070230237239109,0.0014289240113733016,0.003990111969476442,0.0003882173233434015,0.00038627562893325183,0.00038922861120984633,0.00039164806584283577,0.0004002082536670933,0.00038791007911233365,0.00038557510266028775,0.0003943558937376931,0.0003926448173510937,0.00038861249493742653,0.00040067519058066054,0.0003887073897878763,0.0003954064793397594,0.0003896339601441939,0.0003918859458523562,0.0003856135505380093,0.0003849711412026345,0.00039053286816818065,0.0003981235652520252,0.000395501500247127,0.0003927613353795405,0.0003825845796495853,0.00039342120516594416,0.00039577207012828915,0.00039270837994353374,0.000398985237816603,0.0003845790451867113,0.0004028412873306219,0.0004004489767513837,0.00038654192893376423,0.0003889356308066986,0.0,0.0,0.0,0.0,0.0,0.0,0.0,0.0,0.0,0.0,0.0,0.0,0.0,0.0,0.0,0.0,0.0,0.0,0.0,0.0,0.0,0.0,0.0,0.0,0.0,0.0,0.0,0.0,0.0,0.0,0.0
264,0.0010284147632764575,0.0008677175843851547,0.0013325390950693072,0.003946976432954863,0.0010123447517613924,0.00079981296759193,0.001254611951657642,0.003736600043560251,0.0010221567090522507,0.0010547204777554713,0.001597439435997268,0.004150946268736076,0.0010120669068002265,0.0009596198162485396,0.0014733350867486132,0.0040627839767137545,0.0006122770192958932,0.0009474306506539591,0.001497844521260898,0.004059232408227422,0.0010122182348458663,0.0009365486952978693,0.0014202548984099208,0.003945675240255967,0.0005973647567573517,0.0007779154926372735,0.00124562398191869,0.003491839238846328,0.0005697278977422482,0.0007805168229779132,0.0012490267229262075,0.003541213673362954,0.0010573798939011213,0.000871585271550174,0.0013365398861530488,0.003983429238035033,0.001394346803497888,0.001117972623421565,0.0018326846926991092,0.004393236603311135,0.0010227938594680299,0.001099761764229137,0.001768515397646147,0.0042363679411535765,0.0010747224505177164,0.0009282452409650442,0.001433773828068051,0.004036336878450467,0.0007216001165679388,0.0009552659627628194,0.0014467288326134528,0.004033362020141781,0.0010510358120532622,0.0008524214925708118,0.0013113778014350072,0.003875436964131894,0.0010135574110164687,0.001108554290269056,0.0017743938023146934,0.004275402115715553,0.0010212316059003048,0.0010552369817318514,0.0016243545894472574,0.004179194446313962,0.0010430308713451834,0.0009174451870990119,0.0014205050537264932,0.004025386624411304,0.0010831843187921776,0.0008775493497355884,0.0013555337284973886,0.00395261112724373,0.0012138366755325128,0.0011002130168834227,0.0017498991571617455,0.004235083942145437,0.001050474040153694,0.0009016617529251658,0.001391183776943268,0.003991174872362371,0.0009157062391930825,0.0007468934772444112,0.0012412734353078095,0.003416434114806777,0.00111328761912697,0.0008123885042279046,0.0012386333264152503,0.0037942975138832015,0.001173773105591082,0.0009647781626786438,0.0014985493732805324,0.00407666154645815,0.0010113611003225908,0.0008810217468229122,0.0013545976477242333,0.003909371952287279,0.0010344180573930786,0.000889770050216544,0.001369441817799376,0.003957869264102422,0.0006755986884597835,0.0007194124085266233,0.0012479043332100615,0.00339365396269678,0.0010433469915346488,0.0008976922806111265,0.0013882240288185317,0.003988508818030037,0.0006691134653305365,0.0008235675784780725,0.0013079537698356986,0.0038074997967493386,0.0006996805878276089,0.0007868652019115245,0.0012710766774948438,0.0037059986556333495,0.0010133956456725402,0.0008189328097925118,0.0012743444361478216,0.003776417174220907,0.0006296464695532928,0.0009072461468309184,0.0014294224168308672,0.003990558804532488,0.0003878283325372006,0.0003859560572155728,0.0003881597836485545,0.0003916585787888415,0.0004028686196353151,0.00038770923541688203,0.0003848628387002308,0.0003938188718256868,0.00039090341287126946,0.0003879896020991871,0.00039890658420188243,0.0003877686020634493,0.00039382146577021724,0.0003882016090825402,0.00039223935247975714,0.0003876589368435058,0.00038694766282501087,0.0003897912168310974,0.0003970649049800771,0.0003936604803399505,0.0003914633956361204,0.00038460973026998164,0.0003923788477635391,0.0003939765388195261,0.0003914558267575831,0.00039873597509257146,0.0003843873775160934,0.0004015545686148308,0.00040021699376040443,0.00038652894492516293,0.0003887797564843334,0.0,0.0,0.0,0.0,0.0,0.0,0.0,0.0,0.0,0.0,0.0,0.0,0.0,0.0,0.0,0.0,0.0,0.0,0.0,0.0,0.0,0.0,0.0,0.0,0.0,0.0,0.0,0.0,0.0,0.0,0.0
265,0.007810004229733519,0.006803908372523655,0.011587485092196936,0.026027506811163552,0.007267450449224492,0.006672263141325702,0.011081407650428192,0.024151539531453315,0.007810038992116902,0.007231655615186891,0.012283152802185558,0.02851762116783773,0.007915751573208977,0.006926175712660829,0.011971126219610901,0.027385618216868683,0.006794217973544497,0.007213439905967208,0.012134799221484154,0.028321734024810145,0.007607986222116973,0.006889947181056396,0.01174418261783986,0.02671264877979916,0.0069592224699150315,0.0066301671772153094,0.010937035013465194,0.023615591948628625,0.006951457453129821,0.0066463817594299545,0.01103184186442029,0.024084903786267042,0.007802997825702281,0.0069027495037301415,0.011859219654410827,0.027649468211059562,0.008028177067707497,0.008261877526243064,0.01318359507059429,0.03221645019094604,0.007909011624607842,0.00788873376591185,0.012802983342845948,0.030232581787224086,0.007921490702544212,0.006972727172834943,0.012036684163456374,0.027602010057499193,0.007587559748072188,0.006918898963714198,0.011807214703691983,0.026950345819941456,0.007834193213103772,0.006797552949552554,0.011493849674892418,0.025539723152446805,0.007789480546851554,0.007938178253126198,0.012729936935942668,0.03007332612353683,0.007897387890516435,0.007084464748953699,0.012200876912692522,0.02814778974308426,0.00786372786738537,0.00690231718873213,0.011878795825716054,0.027029690332241018,0.00788399464872801,0.006862960650760607,0.011769571648112431,0.026604248933649797,0.008127952152924067,0.008035179062151529,0.013164947973598184,0.03265455389956043,0.007849748988121918,0.006817697302143268,0.011630488194971606,0.026199950990770896,0.006315820939858634,0.006575823083901731,0.010692300207239571,0.023142138102266768,0.007631262623022244,0.006717132613750159,0.011226998357367499,0.02463352593645267,0.007956224513007414,0.006975151459496106,0.012084041658092574,0.02776231142543929,0.007867667215331225,0.0067914899413191185,0.011527995489425423,0.025735000124743765,0.007850325584712856,0.006838472702684522,0.011691259226650427,0.026473017991243082,0.005887866486052635,0.006469521148640312,0.010440902110476368,0.022148014768835083,0.007820600003526558,0.006827635955221074,0.01167607515285381,0.02643352101112974,0.006798426095675542,0.006741580479570492,0.011332505710792225,0.025296730313776456,0.006721516952369661,0.0066825615845704026,0.011136884627196898,0.024535950991803744,0.007636967109060823,0.006725380813264376,0.011243693583759599,0.024686618226645585,0.0067933980300894994,0.007052885838159584,0.011928307371018205,0.027675637928610365,0.002592486655293294,0.002602449933192413,0.0025671676679432285,0.0025975197102747903,0.002691833538976695,0.0026380755513086495,0.0026210128926380315,0.0026233739187100187,0.002586341093488875,0.0025593292799709097,0.0025677390867070967,0.0025516403557167425,0.0025598799735311157,0.0025532280469924913,0.0026031175404939,0.0026211280455488407,0.0026196808530354644,0.0025569532686043144,0.0025824827094509837,0.002547895243940793,0.0025943967068359406,0.0026121536964852695,0.002551459423252896,0.0025470653993660245,0.0025500568444507257,0.002671292374692991,0.0026358820848414967,0.002585916346789229,0.0026419316867382432,0.002590722434158784,0.002701110316254802,0.0,0.0,0.0,0.0,0.0,0.0,0.0,0.0,0.0,0.0,0.0,0.0,0.0,0.0,0.0,0.0,0.0,0.0,0.0,0.0,0.0,0.0,0.0,0.0,0.0,0.0,0.0,0.0,0.0,0.0,0.0
266,0.007783661897570125,0.006786532026070883,0.01152429008575733,0.025794505587218176,0.007198803071738196,0.006657039166029495,0.011029180150027637,0.02395664317605976,0.007798513789682562,0.007200028051879884,0.012251701434820055,0.028416662450716577,0.00791085759933204,0.006916231906180212,0.011945196079041865,0.027292585547606336,0.006795767645050684,0.007207208986380762,0.012128753843943484,0.028296034836347007,0.007590295928565286,0.006871422026651282,0.011702298243944927,0.02656308574035196,0.006919747825388707,0.006622353548962212,0.010906402045130315,0.023492005733094436,0.006914910841895596,0.006634611234511394,0.010987084985649147,0.02390352064075769,0.007754434080800766,0.006862602739665221,0.011742219379003414,0.026965172390503164,0.007984817848384127,0.008205651765503006,0.013070103181414744,0.03148974679656109,0.007897833974901913,0.007796668390716795,0.012753491047060955,0.030042063237596547,0.007918732096224703,0.006963167540567057,0.01202049112232652,0.027541663110071377,0.007550231885916369,0.006889350880863535,0.01174021451860396,0.02670309296563818,0.00781691795737631,0.006787697066330554,0.01144609955236353,0.025353435998282943,0.007774065046751152,0.007893249053700894,0.01270532667341558,0.02998949196185106,0.00789241208689704,0.007065631248343432,0.012179327215312275,0.02807053523601949,0.007855383963794694,0.006876999525659506,0.011806396693051712,0.026773087005644344,0.007872074901899733,0.006841380632673933,0.011687659991693456,0.0263002777553432,0.008120227537387975,0.007941264412455554,0.013128411968391124,0.032420474631647204,0.007840296828195821,0.006803347406122203,0.011576127824025267,0.025992957858094422,0.0062213307458119805,0.006555220171193877,0.010626864680969164,0.0228771330005956,0.0075242213098769386,0.006702341307889034,0.011161472720288636,0.024376598945919085,0.007943233404378518,0.006937614090389896,0.012017164411989157,0.02752861207486656,0.007852991325900602,0.006780764534326268,0.01147398165305607,0.025520047444150373,0.007842279693581698,0.006822146037068622,0.011640237038537627,0.026284973767817958,0.005858038007398725,0.006459554259379753,0.010410653418173134,0.02201558823342613,0.007810965966904148,0.006814402730461955,0.011634456187137298,0.02628205059259862,0.006787148923873029,0.0067265624232529155,0.011287395803899376,0.025113091651347473,0.006719523429175726,0.006680154939065855,0.01112764135582104,0.02449457976238098,0.0076542894327952735,0.006729534591454151,0.011258109118802824,0.02473492464669206,0.0067972684497938345,0.0070456354064539605,0.01191810889782173,0.027633895183342617,0.002592351363081783,0.002602500958753576,0.002563714739620756,0.0025970556123302187,0.0026885218757476625,0.0026380240531773532,0.00262086872309328,0.0026232431081381984,0.002578593965232184,0.0025499411734444324,0.002567509917564126,0.0025474682755170426,0.002560056982481805,0.002548653275961748,0.0025986472664515526,0.0026181399088479745,0.002616566158707611,0.0025529621909391206,0.00257772273947149,0.0025477152852262626,0.0025942860762133537,0.0026091132256694637,0.0025465157642989415,0.002547022488348245,0.0025456175779340574,0.0026711778545481383,0.0026352711648687686,0.0025815037332099847,0.002641260853905468,0.0025903183973541104,0.0027002206727355467,0.0,0.0,0.0,0.0,0.0,0.0,0.0,0.0,0.0,0.0,0.0,0.0,0.0,0.0,0.0,0.0,0.0,0.0,0.0,0.0,0.0,0.0,0.0,0.0,0.0,0.0,0.0,0.0,0.0,0.0,0.0
267,0.007755157081548931,0.006775526841775063,0.0114783892955874,0.02561877871797043,0.007145329583231597,0.006649909719140892,0.010999644382745862,0.023837661653478746,0.0077804210028199795,0.0071504861493426435,0.012203110991512717,0.02825462193584111,0.00790481993480498,0.006905003141463875,0.011914861001771833,0.027185349399019065,0.00679983133138992,0.0071993925663700244,0.012120144631483785,0.028264809011459616,0.0075825840868342115,0.006863202062235457,0.011683294846332671,0.026495599459381958,0.0068706332073816,0.006612685738052561,0.010869038796384702,0.023341953083204248,0.006901930662713438,0.006630985356175269,0.010971868702163042,0.02383888579421147,0.007720935241032158,0.00683931521329125,0.011670841401166858,0.026710033740702372,0.007973332241363774,0.008155427680621772,0.013024917336767868,0.03136969133605544,0.007889483026490585,0.007714106579808984,0.012705106025165794,0.029863448827906335,0.007913575591545777,0.006950051705403892,0.01199086404372017,0.027428856385746825,0.007528114702268874,0.006869091052866528,0.011691306991059598,0.02652178632000358,0.0078040392257815415,0.006782110389287001,0.011418340636819617,0.025243652058104797,0.007764961380342205,0.007851213918729293,0.012680048195793828,0.029911864770106406,0.00788895215305287,0.007049939748341481,0.012160987185457862,0.02800322741488044,0.007848670804916032,0.006860663569338096,0.011754515785632792,0.026584019468742524,0.007867430481663433,0.006832911659838065,0.011654964198215507,0.02617853581410657,0.008099771555242188,0.007821053257493597,0.013056043831129219,0.031984643811768874,0.00782489072062539,0.006784610294916957,0.011503172942639297,0.025715857194709157,0.006125008982569372,0.006531515578263734,0.010558235260565717,0.02257404931111822,0.007389288219893941,0.0066888441078674105,0.011102679196226008,0.024144945405737223,0.007930618635922778,0.006913106858850225,0.011955114347517934,0.02731354237142633,0.007847341780211084,0.006777538225612535,0.011456224031634047,0.025442759404777304,0.007837913995552764,0.006812469565948532,0.01160774316467569,0.026162102097999244,0.005882760620398777,0.006466043897353304,0.010429598437514778,0.022096759365260236,0.007800567433730893,0.0068024592862000145,0.011595128255927012,0.02613761819302096,0.006787039203849981,0.006728226291093955,0.011288357180428836,0.025107698055064825,0.006710692845729747,0.006676158710562294,0.01111271119236762,0.024429449576033366,0.0076406791993391355,0.006727227932763117,0.011246912914547928,0.024688191385643543,0.006799213923205033,0.007042998122735198,0.011914476809343303,0.02761581823813203,0.002591841174791078,0.0026020095771291355,0.0025691177935255904,0.00259648006835051,0.002694812697158235,0.0026377782538260946,0.0026205979079357788,0.0026230006481614532,0.0025779873179648605,0.002555791326206068,0.002567431415520304,0.002553311983622646,0.00255999516233058,0.002553755250485505,0.0026047039554781574,0.002624295268920119,0.002622654561749844,0.0025589961184882696,0.0025839739637236897,0.002547607291294708,0.0025941357448918817,0.002614990422125485,0.0025521831345772135,0.0025471408623332077,0.002551261422969844,0.0026709171147888456,0.0026346047497952125,0.002587483872351797,0.002640669016612677,0.002589827045637179,0.0026994577955851717,0.0,0.0,0.0,0.0,0.0,0.0,0.0,0.0,0.0,0.0,0.0,0.0,0.0,0.0,0.0,0.0,0.0,0.0,0.0,0.0,0.0,0.0,0.0,0.0,0.0,0.0,0.0,0.0,0.0,0.0,0.0
268,0.007748519012632848,0.006773398325053092,0.011468265061275115,0.02557780169193961,0.007106235760751565,0.006644607099156749,0.010978039399976347,0.02375064783078751,0.007766332304298807,0.0071125733459553595,0.012164003823316212,0.028126679663951937,0.007903837734816637,0.006902570171923389,0.011908405204191987,0.027161852553844512,0.0068050202083325545,0.007194611866145725,0.012114851645695658,0.028246595320319638,0.007582103459466909,0.00686257635827965,0.01168106192869429,0.026484857827266207,0.006876536953382658,0.006613213268205389,0.01087051849523903,0.023346754392088366,0.00687484858648557,0.006623770175566087,0.01094458387263121,0.023728284953080298,0.007700974750165386,0.006828619944217351,0.01163464332242858,0.02657517673610499,0.007966130529245883,0.008119339834064118,0.01299102989488759,0.03127010606424114,0.007882311074008878,0.007653474033771134,0.012667440274042778,0.02972863987845208,0.007910106312751797,0.006939336316534364,0.01196532742964865,0.027340136992918346,0.0075147797215733645,0.00684837994195961,0.011640483332864977,0.026338407502852157,0.007794124349792031,0.006777944495289247,0.011398624625839066,0.025167103349864692,0.007758922254778317,0.007816279274352618,0.012658875111448259,0.029848809149075835,0.007886274186357817,0.007035214842701722,0.012139562484513434,0.02792820780583933,0.00784241678365263,0.00684753678483619,0.011710752077872139,0.026424710343657256,0.007861550646904502,0.006822840567782537,0.011616160603940192,0.02603653893468484,0.008088623398364672,0.007720065984831037,0.013006118127072462,0.0317366667255192,0.0078106396720301055,0.006772759363353688,0.011455260349454236,0.025532427390686438,0.006045822981623586,0.006511258033897216,0.010501099139925793,0.022330203312932215,0.007296676077011175,0.006678448981308332,0.011059840845037182,0.023978243363886202,0.007919560676537627,0.006892153351030399,0.01189787594865709,0.027116878901016873,0.00783905513954738,0.0067716843905004775,0.01142756885225931,0.02532680449991623,0.007835101387692806,0.006806366873210582,0.011586614082167502,0.026081695302295628,0.005845922671233914,0.006453508733108202,0.010392772560383933,0.0219408655811034,0.0077984446913521846,0.006799802337897883,0.011585920743472866,0.026103081514186433,0.006792755773984254,0.006727923844432737,0.011287352694159517,0.02510416799274045,0.006714073800242349,0.006677123699023657,0.011113828911767574,0.024429388281337415,0.007650666417967828,0.006729315501815835,0.011254509167269385,0.0247142558567848,0.006802936283005193,0.007041493337935354,0.011912479876365454,0.027606189999588495,0.0025918018875591238,0.0026020345480409755,0.0025742247089790013,0.0025963120151239953,0.002698723944420403,0.0026376878628357903,0.002620729933936127,0.0026231311942485165,0.002578437775986051,0.0025618525141649943,0.0025674575981617783,0.0025588447678949345,0.0025602018889168522,0.0025590516461309583,0.0026098758117346563,0.0026286249921656218,0.0026269954155050106,0.0025645465355911288,0.0025897885488943956,0.002547640347273343,0.002594347306785863,0.0026192281987149355,0.0025575143299737613,0.002547199815077928,0.0025567494400085427,0.002671059428617565,0.0026344889703534616,0.002592975925557203,0.00264056298107469,0.002589797665176935,0.0026994144668370003,0.0,0.0,0.0,0.0,0.0,0.0,0.0,0.0,0.0,0.0,0.0,0.0,0.0,0.0,0.0,0.0,0.0,0.0,0.0,0.0,0.0,0.0,0.0,0.0,0.0,0.0,0.0,0.0,0.0,0.0,0.0
269,0.007739050055201769,0.006769721636365662,0.011457156652601407,0.02553889209732635,0.007090663164104276,0.006642725393345548,0.010973239905250403,0.023734058275543455,0.007760195259715448,0.007100677665055184,0.012149320253655501,0.028084930796496082,0.007904237021405237,0.006902843455032786,0.011910214127777744,0.027165780086796862,0.006792255298870469,0.007206443266169778,0.012128042240086548,0.028292145066465477,0.007578563370000823,0.006859545559621026,0.0116764652517467,0.02647845559533868,0.006873801956460772,0.0066137459636953074,0.010875431092464001,0.023370363668631752,0.006883630611437529,0.006627463699640041,0.010960525882098218,0.023796105547804328,0.007707290002150738,0.006832368246810208,0.011649664283999625,0.026631823360899854,0.007965099505958261,0.008112741757869026,0.012981642342010939,0.03124016197365038,0.007877700923248795,0.007614687757072523,0.012638668920058656,0.029633958657022418,0.007910979016963842,0.006938650170294627,0.011965579583052078,0.027345080961871132,0.007501535351269967,0.006844181032086034,0.01163096427199864,0.026307258518217302,0.0078097739435490175,0.006783502336511391,0.01142822086582914,0.02528571455878378,0.007752427071774443,0.0077976450744638645,0.012643480523569964,0.02980560530280906,0.00788754857098511,0.007036015049997401,0.012140762317416742,0.02793609563877298,0.007842275412052572,0.0068484316926771035,0.011716059659970798,0.02644850151017882,0.007859608975113988,0.006819139264958041,0.011605823617407505,0.02600359895042164,0.008086468758314536,0.007699111678246935,0.012989675964489068,0.031672312439022965,0.0078031864084945725,0.006767592342574906,0.011437504167870614,0.02546709480530606,0.006010743928591601,0.0065060693860709085,0.010485744343280458,0.022269040357829603,0.007255061739164491,0.006672744848652474,0.011041421875677583,0.023912249596488,0.007917349780980961,0.006886108363539015,0.01188260920992332,0.027067838354100128,0.007838732346748102,0.006770263162220069,0.011427058024146033,0.02532690888111413,0.007833465882264716,0.006802592736290361,0.011577138080212691,0.026051551794344433,0.005847634901269936,0.0064577818630514915,0.010404789588642119,0.021993729137250385,0.0077933242990107935,0.006795283319837562,0.011573371982919668,0.0260611086346543,0.006779887898503915,0.006724666307917598,0.011278794403964404,0.025074038907003052,0.006704028058543665,0.006675700660425091,0.011113376093041808,0.024436355209878864,0.007647934302034257,0.006728567621576094,0.011254093891662039,0.024713736284371374,0.00679461772576973,0.00704060081342274,0.011910647920712251,0.027602631458343994,0.0025918827293355913,0.0026022148362823258,0.00257843464856524,0.0025962562779698628,0.002703343826886245,0.002638228921656764,0.002620900394624915,0.0026232416638427604,0.002578311053372674,0.0025660680308583436,0.002567457821679619,0.002562971377684028,0.00256011303051805,0.0025637017334071152,0.002616453046199883,0.002633049194459906,0.002631379680364522,0.0025687824135365474,0.0025950409481885713,0.0025476483598179537,0.0025943037455266912,0.0026235283765882206,0.002561783065703508,0.0025474403948027276,0.00256092232247695,0.0026712133991985193,0.0026346867176829216,0.002597174747014955,0.0026409175952132515,0.002589765253430406,0.002699668649071451,0.0,0.0,0.0,0.0,0.0,0.0,0.0,0.0,0.0,0.0,0.0,0.0,0.0,0.0,0.0,0.0,0.0,0.0,0.0,0.0,0.0,0.0,0.0,0.0,0.0,0.0,0.0,0.0,0.0,0.0,0.0
270,0.0077390231511588765,0.006770596142318714,0.011458306181839642,0.02553933437885312,0.0070977249799380575,0.006645630308245839,0.010979065662865453,0.023748095414277692,0.007757509743253245,0.0071000852165263514,0.012149962747407535,0.02808143166838078,0.007905742044463931,0.006905287899541363,0.011916855254407305,0.027187236883676174,0.006795227818964798,0.007217973111531571,0.012141701854454382,0.028339112322261092,0.007589130668515343,0.006866782006313248,0.011693037188958068,0.026536604019849863,0.006897451443301371,0.0066178798287394106,0.010890183085605786,0.023427905899307735,0.006927746413576302,0.006639533376153835,0.011003672020985747,0.023966546566383598,0.0077159767383096975,0.006837359595561485,0.011663726186014984,0.026676074574704823,0.00796296004345423,0.008108395475748563,0.012978306336961369,0.031223487049582384,0.007873397880015044,0.007585723912388761,0.012619996511106665,0.029566645276258276,0.00791048882123376,0.0069381198312617135,0.01196383683095641,0.02733803892584578,0.00750384635874342,0.0068432263865258434,0.0116277262734516,0.026292384692639243,0.007832438893633498,0.006797545895458498,0.011487916860615309,0.025510423743774283,0.007759925144777259,0.00782138634808311,0.012659456006540138,0.029858285975216413,0.007886915709845229,0.0070296999350769745,0.012131355200057863,0.027904984996555644,0.007844120026196427,0.0068501325220997784,0.011721934614102899,0.026470564080178872,0.007855409989403985,0.0068133346491457795,0.011582105978393799,0.02591656297302641,0.008079786183141832,0.0076458007335154,0.01295992238153682,0.03153436566268036,0.007795603426035743,0.00676372243284804,0.011419736953188934,0.025395957836414657,0.005980606369478358,0.006497952512037795,0.010460986036018825,0.022163964452367083,0.00720919864816132,0.0066672360324353174,0.011019066239477227,0.02382499009869969,0.007915472669247607,0.006883984210453583,0.011876959837272393,0.027052556067190005,0.007841431961696888,0.006773328858770446,0.011439431590766505,0.02536871409987697,0.007836843970572752,0.006807976809574321,0.011594785134907803,0.026116674339764067,0.005856668217945868,0.0064588729923035805,0.010408222736224637,0.022010209496502266,0.0077968246161926,0.006799440176586798,0.011585966215532173,0.026105027924741068,0.006793535285474334,0.006734771228490119,0.011308489831817854,0.025192666195169442,0.006723402132808855,0.006682495954583401,0.011134767638381893,0.024521440471079285,0.007658485141216859,0.006730790358492436,0.011262272274073674,0.02474268196104139,0.006798539751057502,0.007038549684043317,0.011908252993472068,0.027594143617606107,0.0025917288961318954,0.002601807472897794,0.002571620286407848,0.0025957579916215385,0.0026930058927655113,0.002637942705217784,0.0026205850843601048,0.002622934903335799,0.0025782579836315144,0.002560861846387394,0.0025675177974877924,0.002556614786024824,0.0025601563205372648,0.002557293590841498,0.002606676757557159,0.0026231908928783534,0.0026216689515978888,0.00256214313845499,0.0025873075467582026,0.0025477067442015756,0.00259414670959421,0.0026138660822008376,0.0025556248029510904,0.002547755404775304,0.002555284674542158,0.0026708319600194028,0.0026341752803468984,0.0025904897931160217,0.0026404716684347634,0.0025893496223895083,0.002699158003708753,0.0,0.0,0.0,0.0,0.0,0.0,0.0,0.0,0.0,0.0,0.0,0.0,0.0,0.0,0.0,0.0,0.0,0.0,0.0,0.0,0.0,0.0,0.0,0.0,0.0,0.0,0.0,0.0,0.0,0.0,0.0
271,0.0077802353994775395,0.006784956077327967,0.01151750520278979,0.02576127572851305,0.007168061488688765,0.006656000910112482,0.011016302926355121,0.02388763259715434,0.007776249804580626,0.007147452165204335,0.01219712574035555,0.028245810329855937,0.007905697653755457,0.006908098061384397,0.011922652710508621,0.02720444846575726,0.006791383410177382,0.00723918180687215,0.012165858417370867,0.028416006265480954,0.007607279675712191,0.006887100106011329,0.011737076444419226,0.026683607554680782,0.007004887368149523,0.006638545601277202,0.010966061117724468,0.0237260936858578,0.007041906675751931,0.006676354113728257,0.011135793508329241,0.024488284306938453,0.007750545502873784,0.0068630597057699,0.011740066280611944,0.02694205597268474,0.007967673113005402,0.008148503609889913,0.013018854451344115,0.03133133314721867,0.007880260762660967,0.007637091338694252,0.012655248758579886,0.029682034760567067,0.007917895262526295,0.006963483095103247,0.012020697618221447,0.02752824978616117,0.007525646443399089,0.0068680754058581366,0.011687449725771014,0.026500926402441317,0.007851279013066627,0.006815188744671859,0.011560929868578502,0.025780530660805257,0.007776447844317583,0.007901605852575325,0.012710757438476203,0.03001381973620229,0.007892442389719328,0.007062578777737487,0.012175555762585501,0.028052634412434,0.007847008479025702,0.0068582731346322565,0.011746147005864432,0.026554869054673667,0.00786480987507981,0.006828835837849042,0.011638159064408356,0.026116452304978763,0.008079978071106346,0.0076604386062230495,0.012968604946337399,0.031553353273153215,0.007818068427429652,0.006779952586147545,0.011481218079670803,0.02562211721768168,0.00605148104711576,0.006513083665832106,0.010506506700287105,0.02236040207501475,0.007392366560223025,0.006688631062478007,0.011102624089446967,0.024143885773123184,0.007930487125549519,0.006918116726952945,0.011966501695433384,0.027357088116430145,0.007870079334950137,0.00679729711411845,0.011554694579453583,0.02580573912582318,0.007847592314907888,0.006835407108077573,0.011678106370712107,0.026414247098293524,0.005855690975967732,0.006457593523917249,0.010404602289069139,0.021996256574796643,0.00781398397540643,0.006820781259862083,0.011652479821259488,0.026342272609380258,0.006806988459030778,0.006747121419926393,0.011343516070568382,0.02533129363749402,0.006733044198941799,0.006685728357802357,0.01114493270434748,0.02456245887661849,0.0076649438056277846,0.006732800767900029,0.011269214591189522,0.024766529983292793,0.0068008810993629406,0.007036835049283934,0.011906412045597923,0.027587795861064295,0.0025924855912798812,0.002602084779738459,0.002575158529094971,0.002596039648668092,0.002696913632914772,0.0026377485272538344,0.002620779315148976,0.0026231751592381966,0.002578616315682376,0.002563481471300495,0.002567980070152548,0.002559609337652958,0.00256061099903592,0.0025601762002858026,0.0026102974441691244,0.0026266645747315635,0.002625148435243599,0.002565293705480503,0.0025909109245321246,0.0025480826590160936,0.0025948646220512054,0.00261728774196517,0.002558587529323777,0.002548064498221189,0.0025577090803373254,0.0026709988606302233,0.002634283511486562,0.0025931794939441054,0.0026406516318699166,0.0025895467703007983,0.0026993244029788433,0.0,0.0,0.0,0.0,0.0,0.0,0.0,0.0,0.0,0.0,0.0,0.0,0.0,0.0,0.0,0.0,0.0,0.0,0.0,0.0,0.0,0.0,0.0,0.0,0.0,0.0,0.0,0.0,0.0,0.0,0.0
272,0.007789722264339976,0.006787716571864889,0.011529521493383689,0.025805039461579415,0.007226823574428614,0.006665758549336746,0.011051476243223526,0.024019117644688434,0.007823683046563704,0.007296795629968902,0.012332680980291534,0.028697826019643276,0.007908222334583484,0.00691236818085742,0.011934319824928496,0.027245098548877966,0.006790963245469254,0.007251665894892324,0.012177997396460222,0.028450650359923318,0.007596306438355717,0.006877480302505147,0.011715565733433414,0.026614975288890685,0.0070483403946407525,0.006648033031265579,0.01100094411873396,0.023863595460888922,0.007064813236892264,0.00668419868689101,0.011162515777354123,0.02459157004828227,0.007752298700299363,0.0068624862125946234,0.011738472834876938,0.0269047312061673,0.007954450409566551,0.008098077335434575,0.012961173319791113,0.031128681004799954,0.007869690718466302,0.007557667384105387,0.012603520820240754,0.029500567375985026,0.007925480614211163,0.006998413194341807,0.01207843584055037,0.02772533479436362,0.007561245106890723,0.0068950012681609895,0.011751760073021082,0.02673569014291766,0.007858349141180025,0.006823345191797482,0.011591850488199747,0.025890025660265457,0.007776400444470919,0.007911263973845143,0.012710516143950391,0.030011225275725608,0.00789262382925354,0.0070695393411507965,0.012182801143311854,0.02807589899908014,0.007854817999695337,0.0068831317966455054,0.011818431957630885,0.02680511681489416,0.007888230085659732,0.006875737454926487,0.011802380694783619,0.02670170629948396,0.008074215531034875,0.007612485842308064,0.0129409769533846,0.03142790145053946,0.007834087189604213,0.006799594578251165,0.011552351142656162,0.025879210503339023,0.006082062365099503,0.006519277451983529,0.010523620299634185,0.022437692142508833,0.007511945547457092,0.0067021389681686345,0.011155455693174266,0.024342861972748257,0.007928940403623647,0.006920149633822106,0.011969008849811585,0.027362171139953234,0.007889416778750375,0.006821145318579814,0.01165002919528363,0.02614685035830444,0.007864196688963767,0.0068657881745546,0.011762966916988705,0.02671384696159564,0.00585733550531135,0.006456370487545717,0.010401524454394788,0.021986104393449744,0.007827872150205655,0.006845090049470291,0.011723547706765227,0.026591843293663403,0.006816342356890609,0.006751953394810816,0.011357431713273863,0.025387607864344044,0.006741927881523685,0.0066871355916410784,0.011149790756660474,0.024583571281035912,0.007655129213172184,0.006730366745541772,0.011258887493250977,0.024726015211894135,0.006805182471087971,0.007029256157682493,0.011895756015856965,0.027549269186422923,0.00259275448780646,0.002602238385739854,0.0025784965845508565,0.0025961240332475224,0.002699639506865118,0.0026383899502162387,0.0026207362846916854,0.00262315875488934,0.0025784602059902052,0.0025667679235983915,0.0025684067244315075,0.0025634482221263554,0.002561076501284203,0.0025635849878889315,0.0026136274819410854,0.0026294994525702118,0.0026280285675565652,0.002569209726662568,0.002590123175808123,0.002548461419508827,0.002595216414132064,0.0026201389222962174,0.0025621074628929424,0.00254865391587196,0.0025609915480892423,0.002671017799530109,0.002634165741303885,0.0025963891855140097,0.002640547380418996,0.002589565308880833,0.002699178441317714,0.0,0.0,0.0,0.0,0.0,0.0,0.0,0.0,0.0,0.0,0.0,0.0,0.0,0.0,0.0,0.0,0.0,0.0,0.0,0.0,0.0,0.0,0.0,0.0,0.0,0.0,0.0,0.0,0.0,0.0,0.0
273,0.00777164427180141,0.00678151056640571,0.011503282562467968,0.025702048432199344,0.00718013693453954,0.0066625733995765955,0.011033451894550121,0.023939034038952662,0.007806289950661723,0.00724406177421398,0.012282648394373855,0.02854620679764165,0.007908719200940204,0.00691387592704432,0.011938977307235577,0.027258861016729218,0.006783662149505466,0.007238543106893911,0.01216038733939227,0.028398502320475937,0.007552604505315627,0.006858579132407011,0.011667660981098822,0.02643665934891514,0.00703062738100111,0.006646978257461073,0.010997073374885421,0.02385042546600413,0.0070248084121074545,0.0066730201457722155,0.011125385080463821,0.024451199620512922,0.007696254104994444,0.006826762592416933,0.011622967895485493,0.026193489404274867,0.007884216013835797,0.00781450460497004,0.012675096495186522,0.029875779366029732,0.007857064020192839,0.007454333219460871,0.012530507545130585,0.029231311642218753,0.00791223433943438,0.006954333243026755,0.011997999596483185,0.02742959544624184,0.007575953831133889,0.0069097465344175055,0.011783280514488416,0.02684012393757018,0.007860932854039618,0.006830110808660953,0.01161232864103253,0.02595368300585066,0.007756785480033347,0.007873733563724486,0.012683882234073867,0.02993157987391792,0.007897540370517273,0.007099366107063148,0.012214443254659518,0.02818199109765801,0.00785343886431842,0.006882718781885846,0.011817315119070963,0.026800264405838676,0.007878020307301382,0.006858981274694418,0.011740986874597516,0.026469285442815238,0.007974065967216446,0.0074271660591793956,0.012636990471159537,0.029529565657039868,0.007833027491706484,0.006798364494912603,0.011550692619635473,0.025872937325105805,0.0060023788903615675,0.006460404574277211,0.010363638557965078,0.021469359423708468,0.0075070861237935965,0.006701918164599535,0.011154650280313622,0.02433876100527272,0.007936300414151413,0.006934132735997321,0.012002601599453116,0.027480379751224415,0.007901617395578028,0.00684313993927574,0.011730758353504078,0.026427261879813976,0.007876979995151023,0.006891005442065922,0.011827788468887677,0.026941920392769346,0.005872936488940387,0.006464587327614377,0.010425805952789403,0.02209164189487991,0.007825829020843132,0.006842111145569861,0.011716384281162576,0.02656731545022986,0.0068017334474132374,0.006746600178148609,0.011343758754667373,0.025336693231446154,0.006699542465564392,0.0066736681115272724,0.01110898240500175,0.02442589190101916,0.007620150080028952,0.006722914186562805,0.011231050648806572,0.024621250487252007,0.006795353051337977,0.007031486404046577,0.01189780533336923,0.027557228781046068,0.002593393686310648,0.0026026357532842183,0.002581489858419321,0.002596320151108914,0.0027037335937994756,0.0026376264448811355,0.002620829440519975,0.0026235747527299596,0.0025774692072375945,0.002570426645275039,0.0025695109704301886,0.0025669027205397653,0.00256145791495705,0.002567618196278251,0.0026193279807969886,0.002633126484004368,0.0026322738053012043,0.0025728419800631814,0.002592453747938163,0.002548944852845631,0.0025731013516197936,0.002623715206987253,0.0025654230126580736,0.002549560836915744,0.002563926045063799,0.0026719029696250984,0.0026342488963386774,0.0025992572615924168,0.002640484292876612,0.002589605221698708,0.002699132107915431,0.0,0.0,0.0,0.0,0.0,0.0,0.0,0.0,0.0,0.0,0.0,0.0,0.0,0.0,0.0,0.0,0.0,0.0,0.0,0.0,0.0,0.0,0.0,0.0,0.0,0.0,0.0,0.0,0.0,0.0,0.0
274,0.00775971386730736,0.006781357803857014,0.011490671436556825,0.025638516079339806,0.0071660054061027725,0.00666453678943045,0.01102987249541885,0.02390780241563569,0.007793888367832719,0.007232997973331662,0.012270066082366669,0.028521895214281792,0.007910783141251002,0.006928966168156388,0.011971280458583271,0.027353914248958246,0.00678610741331062,0.007242199479659234,0.01216210710513602,0.02840414087611176,0.0075526581152149195,0.00685921499281856,0.011669106353422515,0.026447732915136114,0.007009707767400834,0.0066436775304106925,0.010982987432784933,0.023795334747550634,0.00700774450508759,0.006669041409207635,0.011108134497652727,0.024377804599846807,0.007694589411223921,0.006821108479524404,0.011609517156973788,0.026138334737564634,0.007865720656757332,0.007735643634305293,0.01260368895005559,0.029632948933068316,0.007856147344435342,0.00744921904524223,0.012525832122983402,0.029200962862422422,0.007894376544002782,0.006920491465996883,0.01190971116794262,0.027104224212973177,0.007587727168801842,0.00692229980989156,0.01180806368609776,0.02691495434559361,0.007864393205773345,0.006834871452128766,0.011630600820830922,0.02601860908463072,0.007732261519305006,0.007834059314470884,0.012660345266681451,0.02987537046621572,0.00788965963946077,0.007091786207115235,0.01220507559932506,0.028133822926907595,0.007849302795404144,0.006880053166138728,0.011802404436697292,0.0267348204804585,0.007871716914689145,0.006852581926162801,0.011712857717909296,0.026351338555252932,0.007965384034831286,0.007395497169927391,0.012603120088268473,0.02938537394586359,0.007837781898549293,0.006813801573964759,0.011592337465547813,0.026001297534569815,0.006057768148309321,0.006472495639574534,0.010396700790014417,0.0216088973612525,0.007531379757120086,0.006712038387810327,0.011176178319756383,0.0243963406277682,0.007945947486499329,0.006980428957893385,0.012077867372226244,0.027719710501165982,0.00790397589737025,0.006854668034034673,0.011756584188073639,0.02649351654869053,0.007880264616740636,0.006911278171196134,0.01187063001587091,0.02707396876650765,0.005900035983105107,0.0064735123943966905,0.010451590447587488,0.022199158799466823,0.007823292361416375,0.006842428133320228,0.011712119243515234,0.02654027424854323,0.0068073544793609015,0.006751634838330759,0.011357306429393752,0.025387554761223768,0.0066895148977808225,0.006667869349731951,0.011088873885956925,0.024343464038628915,0.0075788809633679875,0.006717953622040411,0.011204150231215479,0.024511193240499423,0.006796560989783096,0.007040668739451026,0.011910690383125736,0.027597412397154533,0.0025947026884464344,0.002603564999434426,0.0025754144337163834,0.002596922332157299,0.0026929649866162253,0.0026392840523111268,0.002621175856922709,0.0026241075688270875,0.0025785233252570558,0.002565198698718761,0.002570723679832454,0.002560642477278815,0.002562514283078884,0.002561031742596792,0.0026097360072197,0.002623611095438171,0.0026230921586743216,0.002566586330151737,0.002585921739027469,0.002549963630290835,0.002573020060156435,0.002614246681179195,0.00255900795463073,0.002551010517260223,0.002558346120874366,0.002652952862645156,0.002634453650775276,0.0025923196443784244,0.002640708920527967,0.0025900078031018785,0.0026990852717763344,0.0,0.0,0.0,0.0,0.0,0.0,0.0,0.0,0.0,0.0,0.0,0.0,0.0,0.0,0.0,0.0,0.0,0.0,0.0,0.0,0.0,0.0,0.0,0.0,0.0,0.0,0.0,0.0,0.0,0.0,0.0
275,0.007763797820779961,0.0067796003855107,0.011488606405292503,0.025637054564092293,0.007204726484251387,0.006665293210495399,0.01104259254906287,0.023970097253682897,0.00778934175971152,0.007234248678385102,0.012264369444251001,0.02853322596931736,0.007904975226563445,0.006919500358869828,0.011946493516781252,0.027268710126330854,0.006796224292424546,0.00723838477025646,0.012150019362646374,0.028388410369323266,0.007566012871329852,0.006865463800246332,0.011685505818322894,0.026515917123237122,0.00700665062372121,0.00664160115053866,0.01097865527693482,0.023783789018918852,0.007037157460810027,0.00667728767397393,0.011139762351331973,0.024507154700253463,0.0077239603790432605,0.006833730995248718,0.011655929334387907,0.02631367399537527,0.007859708176264864,0.007762340387696359,0.012614135944431209,0.029650125706478403,0.007865182593551687,0.007513308811291764,0.012568835994816958,0.02934541423057285,0.007887869005292003,0.00691417309499439,0.011890729954872847,0.027031795589404415,0.007602211894903865,0.006935921174207535,0.011836389349702593,0.027015978419436544,0.007869738318123452,0.006840819277568862,0.011655273718573042,0.0261112193780927,0.007721908808924613,0.007817796729605952,0.012646417950830526,0.029848464301056567,0.007883514681390535,0.00708324442787886,0.01219120333760109,0.028094305853070413,0.007849450848847627,0.006888670327493417,0.011823867865947867,0.026804817699275684,0.007871494314174006,0.00685189602684932,0.011713231868534731,0.026351614072135453,0.00796995718268274,0.007473501943833699,0.012650214896067683,0.02955459103962679,0.007843905649813738,0.006821737820963585,0.01162562210161023,0.02613057326625087,0.0061399371367169345,0.006491730013308083,0.010447791595157787,0.02181892600535229,0.007623228915698186,0.006722134779766623,0.011227995165710599,0.024608067494491504,0.007953777794695584,0.007036421724994096,0.012147018025625978,0.027962231635418548,0.007897346222562602,0.006844211306834826,0.011721843721305117,0.02637591112111655,0.007882102371756057,0.006924723493877903,0.011897613488218592,0.027156126015262228,0.005869390536801458,0.006413515609480002,0.01029046347939549,0.02118791548513531,0.007823671878763266,0.006845357417616436,0.011720211523519241,0.026568251319745273,0.006802741564322085,0.006750599248367352,0.011354220697293683,0.025369875162035753,0.006683081041816427,0.006665373677471354,0.011075500906115162,0.024278534483601136,0.0075658007765776105,0.006711239626294963,0.011185518379488064,0.024454778142693485,0.006794501710997089,0.0070561052383858675,0.011932169673339084,0.027669504631047948,0.002595874601987725,0.002605427155320855,0.0025784893859504047,0.0025974649346244584,0.0026973616197347,0.0026397680162385147,0.0026216980091706013,0.0026245973113283648,0.002579195558778081,0.0025677973010853456,0.0025715273966820298,0.00256343150915679,0.002563339140196819,0.002563779745392171,0.0026122454119102976,0.002627543406334622,0.0026266135412961987,0.0025698960473438145,0.002589299747709966,0.002550990566480755,0.002574598656950997,0.002618378565046902,0.002561827794823962,0.0025523418170720386,0.0025605681940036465,0.0026559427495254227,0.0026347678174115934,0.002594565814980761,0.00264065356388324,0.002590971613597437,0.0026989585013361098,0.0,0.0,0.0,0.0,0.0,0.0,0.0,0.0,0.0,0.0,0.0,0.0,0.0,0.0,0.0,0.0,0.0,0.0,0.0,0.0,0.0,0.0,0.0,0.0,0.0,0.0,0.0,0.0,0.0,0.0,0.0
276,0.007796219590102218,0.006794406230368824,0.011546883275970556,0.025853214954390608,0.007288576107734621,0.006672341062822303,0.01107729108372072,0.02411415660008718,0.00780321838222372,0.007300710252671344,0.012320961110571457,0.028727725342204462,0.007903603566521443,0.0069209321900973045,0.011948166497131249,0.027270709453846277,0.006790837909549855,0.007269310807400486,0.01217987676937268,0.028490486690541487,0.007570873898118636,0.006871284468595274,0.011698579005588778,0.026561520362450016,0.0070428470199623925,0.006650793144070472,0.011012135022640035,0.023913802469308028,0.007071614016441087,0.006689980659047553,0.011183913209573487,0.0246810231792279,0.007748224937721956,0.006854531375495795,0.011714710146705653,0.026515358791559567,0.007869060032172836,0.007825426386181713,0.012655250248764493,0.02976833882136018,0.007867921276617059,0.007550487945706147,0.012595159130471257,0.029423095403686605,0.007892129015749328,0.006924210992169128,0.011918275143685035,0.02713494913823795,0.007621871455003898,0.006968077018909509,0.011899271421140428,0.02722923445682168,0.007867062183524355,0.00683857809867814,0.011643782819881605,0.026067313096270424,0.007722314284721684,0.007836943129250352,0.01265693223330622,0.029889545458322224,0.007887729790152877,0.007124199962898179,0.012235426225079043,0.02823682838039051,0.007856591627340032,0.0069041821844134255,0.011870959793049885,0.026982087582621467,0.007884172656135217,0.0068833083682799095,0.0118159107927336,0.026708091311607965,0.007982305624352185,0.007617520379672762,0.012732153486921596,0.02986843260663518,0.007853244806704967,0.006841879752831934,0.011691310962031208,0.02636449141610566,0.006194936236453109,0.006505666972230638,0.010485356837266561,0.021954235398990586,0.007701071461114609,0.006734575002512089,0.011289894866014047,0.024858150919806567,0.007968468156209566,0.007148142802113249,0.012266950595580375,0.028359667114108686,0.007896474443680213,0.006837163581819066,0.011702439522098755,0.02631808072480116,0.00787926992281781,0.0069151059540963605,0.011877190336522514,0.027099750634570773,0.005879519685731162,0.006409085031926123,0.010283257886836754,0.021172622618655275,0.00782764909517768,0.006854989171962847,0.011747431500457905,0.02666489708474279,0.006808813315803255,0.006755473922066682,0.011372719612041468,0.02545423525430134,0.006698903781082715,0.006666354924985234,0.01108048399665707,0.024302568432133523,0.007574719504555828,0.006713425305864577,0.01119334113844118,0.024480601852317638,0.006791699525773309,0.007057630165288417,0.011935126834670073,0.02767191084753494,0.0025961347978518175,0.0026054502926888905,0.002581287998152134,0.0025974273575192185,0.0027001819448473716,0.0026395384616038436,0.0026214606456393336,0.002624426278758178,0.002579278426961019,0.002570770596780991,0.0025719732567215606,0.0025668940005180675,0.002563595085446197,0.002566839715981509,0.00261511825611136,0.002630405268848469,0.002630268835021469,0.002573204304415451,0.0025924261218512566,0.002551586979077883,0.0025750514239607186,0.0026218752692617952,0.002564699816766998,0.002552956985787157,0.002563788632956369,0.002647173774138508,0.0026343946480995766,0.002597509860440917,0.0026408013497163842,0.0025911146407931454,0.002698064512959623,0.0,0.0,0.0,0.0,0.0,0.0,0.0,0.0,0.0,0.0,0.0,0.0,0.0,0.0,0.0,0.0,0.0,0.0,0.0,0.0,0.0,0.0,0.0,0.0,0.0,0.0,0.0,0.0,0.0,0.0,0.0
277,0.007822460726070015,0.006811743164880366,0.011617188073845907,0.02611670028511126,0.007347776543652996,0.006681842676128644,0.011116857114880231,0.024270355300347487,0.007787091276199592,0.007255461076708743,0.012279611011674438,0.028597407452554055,0.007907428333056602,0.006930362493901105,0.011972197182161616,0.027355673225785443,0.006785139999718377,0.007266827147290549,0.012174311994097405,0.028481796879526868,0.00757577482651335,0.00687987766581769,0.011718744320865202,0.02663549158051602,0.007040616587819185,0.006651598952669482,0.011017760963127773,0.02393819067551558,0.0070517514340963155,0.006685616202161609,0.011171081953409418,0.024636508060995797,0.007776639005610405,0.006883154218872497,0.011795643557701598,0.02680330903128966,0.007878620303858117,0.007881293286999934,0.012690760485370428,0.029872093222149242,0.00787253904866851,0.007575521636143608,0.012609613722064544,0.029475470367047233,0.007886541350253391,0.006910374054780163,0.011883900649664441,0.027019728859755038,0.007618917024828115,0.006962993954779296,0.0118901811916752,0.02720898832465712,0.007870143906501167,0.0068381010607570444,0.011652032790611397,0.0261108955052347,0.007715247412435651,0.007826631609615952,0.012647722514978432,0.029864134614386452,0.007900550253752867,0.007211535629127101,0.012321801701539584,0.028532602337264887,0.007858615302674843,0.006918465006295665,0.011907997954623684,0.02711237496094719,0.007886678178504228,0.00688905232094359,0.01183444598920604,0.026773075624109164,0.00799467432715216,0.00776082794011211,0.012795145037150329,0.03015286368986022,0.00785909946990195,0.006850637883384951,0.01172883058867643,0.026515755281189143,0.006221431039210577,0.0065136805091987994,0.010511409678723566,0.022059692993031645,0.00775250211016484,0.006747613416649243,0.011349599016632638,0.025092237754677015,0.007966739476676045,0.0071291186672590495,0.012242349180698532,0.02828845239244682,0.007897343613622763,0.0068348268968997945,0.011698912151031684,0.02631464199165091,0.007867954094136757,0.006893239433140432,0.011824807052444111,0.02692359916383394,0.00586465339528137,0.006404487894584896,0.01027524437933682,0.021148192726882883,0.007830796334672688,0.006867972435531512,0.011782997452123276,0.026792155912183795,0.006798923815530482,0.006749940309553574,0.011363016917486453,0.025432736920695774,0.006696853512945635,0.006665859641686598,0.011085444265659817,0.02433671799549044,0.007604428214080643,0.006716855785015619,0.0112136521247241,0.024563233999234754,0.0067811995979019666,0.007043046102078352,0.011914391243613152,0.027619539707955523,0.0025965216144525766,0.002606408238010489,0.002584170344608366,0.002597949833941237,0.0027044566060241454,0.0026401661991693956,0.002621847315990632,0.002624792623238964,0.002579482676233193,0.0025735088395356246,0.002572249391181261,0.002569822301748664,0.002563821222748212,0.002569887656015746,0.0026196236074172326,0.0026346710542939277,0.0026342351466647844,0.0025763616730781523,0.002595906834108506,0.002551788767350719,0.0025757233999264034,0.002625939302589387,0.002567655835074987,0.002553454819104274,0.002566743099208439,0.0026513151795454614,0.0026352476844955525,0.002600590735170644,0.002641748175253004,0.002591823939583302,0.0026996001032327612,0.0,0.0,0.0,0.0,0.0,0.0,0.0,0.0,0.0,0.0,0.0,0.0,0.0,0.0,0.0,0.0,0.0,0.0,0.0,0.0,0.0,0.0,0.0,0.0,0.0,0.0,0.0,0.0,0.0,0.0,0.0
278,0.007824210682650209,0.00681706398288651,0.011632307844491218,0.026166058205758715,0.007337164198598136,0.006680311762653457,0.011109712784989963,0.024241428475000854,0.0077493781162713965,0.007144429523983249,0.01217624844239684,0.028253560846190524,0.00790261658725653,0.006919640456952616,0.011945217051035868,0.027263047084744245,0.006792694690577191,0.00725649178654444,0.012163447731803221,0.028448450114777195,0.007580199616171213,0.006880274050909681,0.011719604550804306,0.02663624919794405,0.0070535205835990916,0.0066536381812408295,0.011024468279835707,0.02396197227161556,0.007038182126384079,0.00667906622467283,0.011147590627402159,0.02454308524443835,0.007781921885342326,0.006889338673311566,0.011811223578917373,0.026856909586658987,0.007886498789561575,0.007939405321209049,0.012730725259871204,0.029989359932150197,0.007871082043426687,0.007555702025182166,0.012597153651403258,0.02943680576527189,0.007884493576811317,0.006906489792944053,0.01187352123135717,0.026984197037246922,0.007615463153631942,0.006949356335011897,0.011863599334616544,0.027116247812420002,0.00786849833036177,0.0068354485383272925,0.011642317639176973,0.02607891369233685,0.007723560819982383,0.007852109985044289,0.012664762903064078,0.02991683766521086,0.007900462187221177,0.007210539259810434,0.01232116591550401,0.028531061376619184,0.007863977781887849,0.00693189554369867,0.011941258286287882,0.027226721976012405,0.007878842373455378,0.006872312919683535,0.01178191628307944,0.026591192080716173,0.007996747995639467,0.007794512314383473,0.01281116592238491,0.030222701533107695,0.007856580701772645,0.006844546216750129,0.01170837767091211,0.026440483809021864,0.00625971439960487,0.0065193354381668615,0.01053076451374659,0.02213732039922523,0.00773280887894533,0.006742129440560516,0.011325888828471228,0.025004994626985005,0.007965846595948508,0.007108849996919507,0.012219563088732864,0.02822089283957729,0.00789706485061203,0.006834692572135409,0.011692384312162333,0.026288219541908756,0.007868250119046226,0.006890714957824997,0.011820044266612206,0.02691445427138868,0.005850198686757043,0.006395124022895291,0.010252091331925249,0.02106058146579217,0.007831327263310123,0.006870111004065182,0.01178804294020433,0.026807410301075328,0.006795278088886124,0.0067421560283787135,0.011341265739722437,0.025345180717130007,0.006711215801787886,0.006669947776493571,0.01109847198309531,0.02438888217881523,0.007588546662553637,0.006711428361177604,0.011196867322848669,0.024505771194682918,0.006779218976602394,0.007032379886687484,0.011899864036052591,0.02757401435040028,0.0025966476997586114,0.0026064885959775144,0.0025764682765380526,0.0025979271146858527,0.0026940111739726697,0.002639998963837381,0.002621745360472937,0.002624670956235641,0.002579432092020699,0.00256722706198696,0.002572122239717512,0.002562483451499321,0.002563862417592089,0.002562414716550996,0.002610707063603451,0.002624786037685525,0.00262423704728777,0.0025688266926598606,0.0025875963258865453,0.0025519961049233347,0.0025758013336213163,0.002616306850131132,0.002560649573098327,0.002553679919797245,0.0025604222364430437,0.0026520697114035584,0.0026352914077825422,0.0025933343743705277,0.0026418638038627675,0.0025923975145094487,0.0026997240231488463,0.0,0.0,0.0,0.0,0.0,0.0,0.0,0.0,0.0,0.0,0.0,0.0,0.0,0.0,0.0,0.0,0.0,0.0,0.0,0.0,0.0,0.0,0.0,0.0,0.0,0.0,0.0,0.0,0.0,0.0,0.0
279,0.00779449928913439,0.006792307924825152,0.011540280271417982,0.02583094048757118,0.00723609449274424,0.006664914765853255,0.011047978616904033,0.02400091030158042,0.007753302672960918,0.007144725034417888,0.012178372167124129,0.028253182475739217,0.007896615530421161,0.006905137653557464,0.011907880969256266,0.027135190022764516,0.00679687546784913,0.007248146505994013,0.012155635700236273,0.02842028836508659,0.007565043265381132,0.0068630582261885445,0.011680001011895693,0.026493145226836008,0.00700287374208373,0.006643396103853068,0.010980367473927454,0.023777495469144483,0.00702840400445893,0.006673937049885055,0.011128757749399046,0.024466835900096177,0.007751311860097924,0.0068583945526333335,0.011726085634702116,0.026557280177001066,0.007873672269344614,0.007850510740873779,0.012672032454112744,0.029823925728564307,0.007857247269305577,0.0074363130761806685,0.012511925027726455,0.029158984601030058,0.007877934104843068,0.006891887038829154,0.01183456774197419,0.026848290006569846,0.007585970644206942,0.006931129956021326,0.01182476188348362,0.02696840151354814,0.007843710373770858,0.006808128818724319,0.011531363039099081,0.025675377876311353,0.007724425411187967,0.007834933824134508,0.012655535216528997,0.029883429697245216,0.007889243836812852,0.007132774956907216,0.012242918986487829,0.028269018441111442,0.007857337623091478,0.006913656582849216,0.011893941418290185,0.027057818639770255,0.007870291483492031,0.0068523521530913095,0.011713296169909609,0.02634719527366823,0.0079922849959291,0.007733075374583381,0.01278901775563096,0.030117652179397554,0.007851760802357085,0.006833495030734946,0.011671301336874128,0.026305937873763285,0.006203269920863296,0.0065097130993240545,0.010496922600534713,0.02199864033983199,0.007678725524976246,0.006728948266775178,0.011266664384537738,0.02477839857406912,0.007962243181609385,0.007083389699294016,0.012192635654531308,0.028132340299993373,0.007896086792313888,0.006829776131697021,0.01167510016614573,0.026236996414369957,0.007860580228746845,0.006878664399818936,0.011788352534786039,0.02680103101657096,0.0058462679317282645,0.006393590339120329,0.01024746204989963,0.021041448690555076,0.007827054051896647,0.006858651290807453,0.011756777806823668,0.026694040494982526,0.006794352407804765,0.006739529720464398,0.011332271404856329,0.025304313900875584,0.006714814173809758,0.006670802697751495,0.011100268200292323,0.024394026765861016,0.007585185776545556,0.006711264982093054,0.011194808441421797,0.02449670740967061,0.006783621660216607,0.0070286360970787795,0.011893943648611231,0.027559497250319205,0.002596022167464305,0.0026060255854194496,0.0025784732249994374,0.0025976415592989834,0.0026972018899494806,0.0026395854735120684,0.0026210674733410824,0.0026243713610868847,0.002579126492621016,0.002568452431258374,0.002571775653038687,0.0025643345269634804,0.0025637025823408936,0.0025643188249254534,0.002612347000570305,0.0026275343451635166,0.0026267455978492065,0.002570848292519191,0.002589683533497298,0.0025519561352421657,0.0025745670690123833,0.0026190547004987484,0.0025625272423020823,0.002553439656728616,0.0025621157223113954,0.0026521360858417498,0.002635100232230701,0.00259542365455785,0.0026418417555469764,0.002592293681379667,0.0026997393199877985,0.0,0.0,0.0,0.0,0.0,0.0,0.0,0.0,0.0,0.0,0.0,0.0,0.0,0.0,0.0,0.0,0.0,0.0,0.0,0.0,0.0,0.0,0.0,0.0,0.0,0.0,0.0,0.0,0.0,0.0,0.0
280,0.007778172053824935,0.006790792802661004,0.011523711203799995,0.025757093639176335,0.0071925346353032184,0.006661619134491839,0.011028651317759335,0.02391795037590819,0.007767936399151709,0.007174384924438391,0.012211990956280375,0.028345018480590914,0.007893195646549883,0.006898434460609778,0.011888587958343615,0.027066106720927276,0.006796606335731534,0.007251008255017881,0.012161300784381194,0.02842967676362928,0.007558623211362098,0.006861621276816449,0.011674296379690264,0.026461155305925025,0.007025734637232354,0.006648119849476794,0.01099357769784309,0.023821576744781966,0.007030925012186541,0.0066752015050071676,0.011130265933756942,0.024466791721315308,0.007734619542486228,0.006842561615108898,0.011680570815490638,0.026400086154275616,0.007872055936635102,0.007835626400199452,0.012666942189449477,0.029817886198588377,0.007850178649258363,0.007398045445290712,0.012487921318538165,0.02907455727774224,0.007881761607821159,0.006902397846319058,0.011858473176103192,0.02691873923230438,0.007587909342132252,0.006918257420305263,0.011798843526994316,0.02688351966556273,0.007837167943577942,0.006804668960101836,0.011508714918730957,0.025582388994918374,0.007738715233989712,0.00786106296907547,0.012676721259282956,0.029935188390495197,0.007886397981134838,0.007111518857610046,0.012223207017397897,0.02819508908781398,0.007858457615144407,0.006914175837588354,0.011894529479236048,0.027054773733606933,0.007864589928756618,0.006839055097622733,0.01166684656231611,0.026184528560583856,0.007989741546137389,0.007674658147735423,0.012766583591748731,0.030033096606610604,0.007852715996551773,0.006837315227950662,0.01168096315642916,0.02633818685200777,0.006193433995776652,0.0065035858099504375,0.010481737256181586,0.021946614785639765,0.007618426167864261,0.006717874154160075,0.011216728497312077,0.02458559962223903,0.00796183954407632,0.007084056578744358,0.012196575698126313,0.02814123858354824,0.007897483255366038,0.0068300471518530515,0.011676764599166932,0.026252809099308903,0.007863349224727749,0.006887284234115285,0.011807824243871737,0.026861225932572636,0.005840340310125604,0.0063905559355399415,0.010238624352116421,0.021003319623619853,0.007829064752850829,0.00686047211801385,0.011761905055036012,0.026711170697244536,0.006797605257012557,0.00673628601766138,0.011322137582466904,0.025261650526641373,0.006714483511595551,0.006668402035942096,0.011091815496408676,0.024358464638451573,0.007601571142303249,0.006713363167987817,0.011203244231998043,0.02453059451760185,0.0067854828563375024,0.007035505299856037,0.011903791151839446,0.027595907297961464,0.0025956384811379567,0.00260584582444451,0.0025811651264380044,0.002597753561398838,0.002700019391447754,0.0026391186777806022,0.0026207291826542997,0.0026239906050633723,0.0025788301329389527,0.002570655090631273,0.0025714528427260557,0.00256672671115778,0.0025634874504593145,0.002566577045549483,0.0026147558003259503,0.002630097421777281,0.0026292215955042884,0.0025735765663339994,0.0025920056042025657,0.0025519871771052245,0.0025733280203515713,0.002621789208834875,0.002565425614539908,0.002552312255199133,0.002564577428122235,0.0026522318773450253,0.0026353442880892525,0.002598408056463838,0.002642177657943312,0.002592413100412,0.002700204684942082,0.0,0.0,0.0,0.0,0.0,0.0,0.0,0.0,0.0,0.0,0.0,0.0,0.0,0.0,0.0,0.0,0.0,0.0,0.0,0.0,0.0,0.0,0.0,0.0,0.0,0.0,0.0,0.0,0.0,0.0,0.0
281,0.007784908528049892,0.006796207759536616,0.011543695401407875,0.02583129373519389,0.007202858730213235,0.006668531251715306,0.011050563717791532,0.023998505905084656,0.007794355459256536,0.007224015043947766,0.012269457011121285,0.028491681172508273,0.007898596570454261,0.006903380308159512,0.011904758156811156,0.027125820595853712,0.006780230583834131,0.0072557857000721,0.0121706907369258,0.028448511787851467,0.007569381712652598,0.006868954538316359,0.011693518252135065,0.026535051419356172,0.007059405967479134,0.00665373863566717,0.011021917888999597,0.023943474229619375,0.007059603654849026,0.006685301212071151,0.011171432953317533,0.02463799894101417,0.007731240811861724,0.006846411319718808,0.011691568105064847,0.02644789576551204,0.007884493730560403,0.00787978356855495,0.01270774337069299,0.02996668452862017,0.007861916339023417,0.007457578747219814,0.012536588835497584,0.02925890251586722,0.007896292518062105,0.006923552243366217,0.011918173542283458,0.027139492001107615,0.007590709971827539,0.0069273294628527,0.011819639353833594,0.02696501996681167,0.007855491777812132,0.006824013690351603,0.011586975913335153,0.025867512164161856,0.007751501901081902,0.007877679662682647,0.012690165454257198,0.02995599851265421,0.007888666309962464,0.007092466526366256,0.012206035804782014,0.02813669472582837,0.007861373049149642,0.006918021620693167,0.011907321616652476,0.027103606040574733,0.007870417103211078,0.006848966930389049,0.011704870740851402,0.026328872804443175,0.007997219064843065,0.007694457250881602,0.012785568508606529,0.03015778246066224,0.007854562871330342,0.0068364813309248346,0.011683248099355892,0.02636028276918879,0.006172675012029789,0.006503112545188311,0.0104805042619375,0.02194305075014894,0.007662555940258117,0.006725107127676837,0.01125119500664545,0.024721633582602695,0.007965803036846887,0.0070953063104947445,0.012213370910148298,0.0282007389839891,0.007908744213182049,0.006841997963866441,0.011728420445731986,0.02645870864601462,0.007876757953499344,0.006910133500192017,0.011865874970404422,0.027069812230185373,0.005841018820874297,0.006394757829049483,0.01024964155016061,0.021043352764923574,0.007835033808899716,0.006866460268555675,0.011781976386025409,0.02679073729177388,0.006797048792661758,0.0067562497852928,0.011375424097585816,0.025470129248533025,0.006700681777665071,0.006668437161981199,0.011092477858488624,0.02436401204239424,0.0076194565337734665,0.006721720173752003,0.011229063022020227,0.02462454638379563,0.006778383689147525,0.007032655719736631,0.01190003796507422,0.02758880314253157,0.0025945596975771976,0.0026050049560030213,0.0025831515874462528,0.002597572078079409,0.0027034310339475102,0.00263891024792498,0.0026211088457832937,0.002623665525162704,0.00257787918661443,0.0025724676334611704,0.002570959276872356,0.002568747179525037,0.002562966222392312,0.0025692260480039983,0.002619412395901619,0.0026330104709734632,0.002632164237262126,0.002576070062099204,0.0025941146756399925,0.0025517835315514723,0.0025734951935632113,0.0026252101655367733,0.002567595464764258,0.0025572617599761635,0.002566993719444767,0.0026520828142163983,0.0026359841436052883,0.0026009453701648284,0.002642577699600741,0.002592248436001423,0.0027007189211578106,0.0,0.0,0.0,0.0,0.0,0.0,0.0,0.0,0.0,0.0,0.0,0.0,0.0,0.0,0.0,0.0,0.0,0.0,0.0,0.0,0.0,0.0,0.0,0.0,0.0,0.0,0.0,0.0,0.0,0.0,0.0
282,0.007802148704660542,0.006803132270205098,0.011575600616718133,0.025967674821514478,0.00727189665479641,0.006677562442959459,0.011091332160184156,0.02417068320950328,0.007831649234894137,0.007316227854205098,0.01235864926082157,0.028770887352546997,0.007912367239195932,0.006924226769228879,0.011962204080629068,0.027336996788151692,0.0067748487566625,0.007280994992624165,0.012204927207975625,0.028555751111510784,0.007598420988491481,0.00688785382742953,0.01173844174240258,0.026700558862715048,0.007107129947242445,0.00666293822685916,0.011057826686401963,0.02408752229718138,0.007128256613911194,0.006708347426657527,0.01125235713250508,0.02495629764182118,0.007786627653016111,0.006894833333008223,0.011832541984996966,0.027234959755640317,0.007901304234132451,0.007969166200571254,0.0127807556761567,0.030245298574193252,0.00787273199356625,0.007541920609761486,0.012605631907105935,0.02950587099226183,0.007910464752855634,0.006944244361898709,0.01197527594047516,0.027370323142901977,0.00762054102673711,0.006961858478836539,0.011890463404424014,0.02722053197151529,0.007884138858884716,0.006858691671426742,0.011721717369756706,0.02635625052239586,0.007777824044546024,0.007942485834510621,0.012731088716358899,0.030082956946390717,0.007901973053798505,0.007118204998060568,0.012238774185687074,0.028261898708185733,0.007877491012519045,0.006941622983142702,0.011969641893305965,0.027321059460015694,0.007887650194767367,0.006887498662897571,0.011826248342635091,0.02675462770785346,0.008095618052237265,0.007819988497040438,0.013066887950780048,0.03198615896975866,0.00786681901741325,0.006863876327568665,0.011763962093014666,0.026643377350405093,0.006289470716811053,0.006572048855833819,0.01067426528497874,0.02304218255449575,0.00771748970758595,0.00674516948182881,0.011322718164542257,0.0249776912660381,0.00797254805981602,0.0071389134128491145,0.012268677459428907,0.028384072084520366,0.008006994938474458,0.0069358986738645555,0.012003660430849418,0.028056918409492836,0.007886627852841326,0.006940594419319317,0.01192441746740067,0.027265340115360498,0.00585406359033767,0.006406125667718105,0.010274982576509755,0.021131560253138414,0.007842232081995587,0.0068839600010423135,0.011826519761455639,0.02694583901827028,0.00681092381940419,0.006766886634303794,0.011401072569884256,0.02557188440501315,0.006719439157355284,0.006679197070457522,0.011123069648182968,0.02448404018436378,0.007664702683057552,0.006736002016227153,0.01127605799053394,0.02479557973208817,0.0067841016660094445,0.007032629061771848,0.01190163171338832,0.02760090875244893,0.002593141958395155,0.0026035632661724948,0.0025745997001757437,0.0025970299247225774,0.0026921464014437596,0.0026382557488119894,0.0026206584493931543,0.0026232660402625003,0.00257770656821868,0.0025652635718477782,0.002569313975717685,0.002561102068257626,0.002562044157199129,0.002561567709694096,0.00260893221078601,0.0026227909026079,0.0026213116444164393,0.002567396906126379,0.0025870180952683366,0.002551637415129068,0.002594829118437246,0.0026137593609354805,0.0025605878616027935,0.0025570244747666294,0.002560273992010077,0.0026459808758321685,0.002635445247822283,0.0025936310017261295,0.0026420194117315237,0.002591373832062313,0.0027007951405961603,0.0,0.0,0.0,0.0,0.0,0.0,0.0,0.0,0.0,0.0,0.0,0.0,0.0,0.0,0.0,0.0,0.0,0.0,0.0,0.0,0.0,0.0,0.0,0.0,0.0,0.0,0.0,0.0,0.0,0.0,0.0
283,0.007852834796025818,0.006845205447833352,0.011706735967920621,0.02667726214625825,0.0073927329524559205,0.006720110991812141,0.011224116099731564,0.024875593782867165,0.007893437102061423,0.00748890571618499,0.012561063526525463,0.029725956022234407,0.007961379008468088,0.006995753002681714,0.01213307073527426,0.028194878900180548,0.00677423479147771,0.007301569418867084,0.012229322122758228,0.02864213400181353,0.007622251582279079,0.006907331839789828,0.011781495078682718,0.026853505648624057,0.007157419462865643,0.006674569087317301,0.011100455755090013,0.024253887582718354,0.00712815414832247,0.006707354681315146,0.011248500835020044,0.024939478970056793,0.007819299878376757,0.006920475945065553,0.01190759845631434,0.02755125235430813,0.007947589539427395,0.008067781760926682,0.012934880890593584,0.031105562339729123,0.007921133013189792,0.00764836463797972,0.01275269974205106,0.03035760185754016,0.007954708929304971,0.006997911284612361,0.012116099247297146,0.028152905172606414,0.007629164544836544,0.006997058436014159,0.011959283568768164,0.027493618134133223,0.007898461596260153,0.006876433168970575,0.011794367734544235,0.02665168992996814,0.007829611089775482,0.00805545716725304,0.01287952100992987,0.030867890074707888,0.007954886233081602,0.0072420131859817355,0.012429747924958674,0.029217124743595668,0.007918742457497154,0.006979625612202517,0.012079102846893182,0.027993609670286454,0.007902524138395595,0.0069076798624290725,0.011895055065510956,0.02701811617790336,0.008119846723869116,0.007934225525597565,0.013129203236564184,0.03240886134471559,0.00792227270630313,0.006915134497191468,0.011915111034117808,0.027545357873317092,0.006352571291784643,0.006579545225089907,0.01070435201023546,0.02317745427322448,0.007796280516684127,0.006782543228702032,0.011450782878547889,0.025696321832706592,0.008012038384462294,0.0071691195396273505,0.012370487302694955,0.029018895388480816,0.008027424174973591,0.006950835420346644,0.012054561774897256,0.02826517083456591,0.007886034885746514,0.006933395096690069,0.011912555388739698,0.02723220918810073,0.005877055478313686,0.006438000997417889,0.010356947580734634,0.021600308835606985,0.007883312631427277,0.006925625257412486,0.011946233215627926,0.027637828032294653,0.006851001532568415,0.006800757197379589,0.011495077654027883,0.02615301155801737,0.006731290962288625,0.006705553409034583,0.011190439538298841,0.024932205501917205,0.0077078706346556305,0.006766254543412632,0.011365023593177785,0.02535554559245007,0.006800712040679266,0.0070511351345595285,0.011952335008360215,0.02791900384744558,0.0025979533392624294,0.0026064403636683188,0.002576943426451938,0.002602342642747824,0.0026961015806735433,0.002638387732450494,0.002620872683612499,0.002623448711251088,0.002578399131786616,0.002566850829494006,0.0025736894928586745,0.002563293940390622,0.002561770936890578,0.002563373132108047,0.0026120136370320606,0.002626299527843006,0.002624921018109877,0.0025690175112683643,0.0025933770045269353,0.0025639781219180553,0.002594672608484052,0.0026182602693054662,0.0025631823896623985,0.0025594851455570805,0.0025619195391940333,0.002652934039730854,0.002640944657204383,0.002596747512608988,0.0026481719613609812,0.0025952864664469982,0.002703553236315564,0.0,0.0,0.0,0.0,0.0,0.0,0.0,0.0,0.0,0.0,0.0,0.0,0.0,0.0,0.0,0.0,0.0,0.0,0.0,0.0,0.0,0.0,0.0,0.0,0.0,0.0,0.0,0.0,0.0,0.0,0.0
284,0.007854443648992558,0.006846419324604212,0.011708355095998168,0.026696479873612934,0.007401183190995728,0.00672073942394313,0.011227933698004969,0.024910599589388106,0.007894843910000861,0.007482361916014468,0.012562773202668302,0.02973705319013464,0.007971097218717508,0.007027098007656895,0.012186506004630168,0.02839234579366603,0.006783714493597805,0.007291202489460703,0.012218243637000737,0.028601926890021195,0.007628888955354494,0.0069090484646342765,0.011785810522207193,0.026869112667052032,0.007143886400846277,0.006670677668697004,0.011085503820653637,0.024195332723649425,0.007131036088124454,0.006706710274325694,0.011245640926276728,0.02492629537064721,0.007813248478322642,0.0069121306045713034,0.011885705054946334,0.02747765139428306,0.007945438291773028,0.008050000708382321,0.01292500070086482,0.031094459221436447,0.007918801096858467,0.007618582488753299,0.012734732508188757,0.03031133121388114,0.007965329569297094,0.007043747778456458,0.01219254130569173,0.028420878885376633,0.007625645653563563,0.006980098577093363,0.011926056388797434,0.027356713971733976,0.007895595417832626,0.006875424018502622,0.011792305089864747,0.026617242543318674,0.007824629604808531,0.007998267725952751,0.012844055556889767,0.030778638190944757,0.007952375347836256,0.007217153221817018,0.012407184032095252,0.029147984080601874,0.007924108169863832,0.006992548791537408,0.012108968551788474,0.028100375916605882,0.007916015768423169,0.006935452721675505,0.011971710295126226,0.02728890402667198,0.008122686062012855,0.00794487944784488,0.013136305425413112,0.032484657946651764,0.007923828847013025,0.006910665127389161,0.011910451059727463,0.02754987429252881,0.006386258294370461,0.006586055249391169,0.010723717230611572,0.023247020240346895,0.007808146167343074,0.006786646567473875,0.011465753671959428,0.025756856182940005,0.008009942686582531,0.007122446578585984,0.01232488102082397,0.02887533537271055,0.008018780828517603,0.0069404270175741824,0.012024745136058272,0.02820857927910947,0.007883929576140316,0.0069173676338543655,0.011885722526060776,0.027152920134351832,0.005922517858892413,0.006477881189130169,0.010464093606201819,0.022251276277035326,0.007889388446182841,0.006943182029171466,0.011987861107207717,0.02778714804998729,0.006858939685396881,0.006799835007853985,0.01149262623607635,0.026148599030887846,0.006757017507216788,0.006712194459323242,0.011214813027216252,0.02504078345078261,0.007719924765700053,0.0067716606223076,0.011381250842418606,0.025417738217458005,0.006804617392557192,0.007062452359331949,0.011968945049655035,0.027970139663713884,0.002597961607962232,0.0026064573438021807,0.0025798966329646502,0.0026026198335279823,0.002699231744668573,0.0026382176353798433,0.002620817417566086,0.0026233678545726736,0.002578329115713865,0.002569868868795315,0.0025731343472761253,0.0025668474676060287,0.0025613380780445745,0.0025667585434754115,0.002615398634143537,0.0026291648025115848,0.002627753981687216,0.0025723702339892755,0.0025965311463587333,0.0025633119577050793,0.0025939166528063658,0.0026209445134553165,0.002566366463586063,0.002558256619527528,0.0025648110306019617,0.002672150978131922,0.002640354878099968,0.0026003533083051415,0.0026479032638233274,0.0025947000173366084,0.0027032318566472162,0.0,0.0,0.0,0.0,0.0,0.0,0.0,0.0,0.0,0.0,0.0,0.0,0.0,0.0,0.0,0.0,0.0,0.0,0.0,0.0,0.0,0.0,0.0,0.0,0.0,0.0,0.0,0.0,0.0,0.0,0.0
285,0.007844280665737943,0.006834275358079664,0.01167479990365388,0.02656531415090745,0.007351058631445802,0.006708529844261898,0.011192077617906422,0.024766633121880474,0.007883487506678527,0.007432173004975629,0.012517430345533452,0.029559885332928207,0.007961451643521892,0.006999445172121763,0.012136825034293596,0.02820369195509901,0.006771320998711146,0.007288390522200519,0.012212842212555041,0.028570536814319723,0.007617027715502651,0.006900797644314106,0.01176781501055605,0.026801053905820372,0.007115125040364289,0.006664962355132849,0.011066637086889552,0.024124482973275754,0.007097158787638376,0.006696388077796332,0.01121225147458443,0.02479874572968509,0.007800000081810028,0.0069020619399824115,0.011858403079920253,0.027371862462843254,0.007942932314565719,0.008032247345129861,0.012907468325900796,0.0310426029035952,0.007916506341170871,0.007601785131070609,0.012719304136952157,0.030262285432965656,0.00796661412050419,0.00705274214875337,0.01220588054091386,0.028466129989418665,0.007610856880996129,0.00695768784976251,0.01188468208995006,0.027221397369716245,0.007895193226182847,0.006875228576829281,0.011794547918901615,0.026633367821166085,0.007810796835167673,0.007951566186666812,0.012806896317454255,0.030637631132218707,0.007946075353394057,0.007188924704626733,0.012374306200409184,0.029023987416513443,0.007915733542902887,0.0069756117003529836,0.012069925988140086,0.027954159290715895,0.00791699369200268,0.006934496874267628,0.011971830720804913,0.027297314795301557,0.008122706040175363,0.007921492900540303,0.013122288295780729,0.03243947186234653,0.007923497873975198,0.006908316181000972,0.011906984025301978,0.027554550703183116,0.006371951957595733,0.006586815441452582,0.010725306098112973,0.023254103203559626,0.007798271783068446,0.00678345179558885,0.011455125300520484,0.025705297077654562,0.00801144363998604,0.007122998952574524,0.01232556179958217,0.02888143519657146,0.007973375553234203,0.006896536699830887,0.011895241265681046,0.02746118636200594,0.007878573252927632,0.0068985511275599706,0.011846152316309543,0.02701829880823483,0.0059283161298449155,0.0064814968005467615,0.010475337631078588,0.02230170485507131,0.00788357567079758,0.0069288745411213515,0.011953782546133064,0.02765770951675535,0.006843379327794021,0.006792650430525064,0.011473191992103105,0.026061175853748317,0.006726300142274189,0.006703560327358143,0.011188737982243051,0.02492481071586947,0.007700024892860624,0.006765278785986941,0.011359309140157176,0.02533394619283936,0.006810327905246734,0.007085341471581898,0.012017650736792689,0.028244079233398223,0.0025976352733794736,0.002605546527381669,0.0025829291643147665,0.0026017365910837096,0.002703766882175428,0.0026376076097821477,0.002620829307418536,0.00262333779841915,0.0025777750155405927,0.0025734678392271212,0.002572631803893861,0.0025705471875358556,0.002560744719195358,0.0025710910526931864,0.002621175536461838,0.0026332438862002342,0.0026317570600592863,0.0025759348237610344,0.002600764896843365,0.002562403506067292,0.0025937161578833785,0.002624666906419693,0.002569944743827965,0.002556776980287361,0.002568349869512044,0.0026720329287716602,0.002639898632730407,0.0026041058089722987,0.002647271818322931,0.0025944710083186467,0.0027080926619485303,0.0,0.0,0.0,0.0,0.0,0.0,0.0,0.0,0.0,0.0,0.0,0.0,0.0,0.0,0.0,0.0,0.0,0.0,0.0,0.0,0.0,0.0,0.0,0.0,0.0,0.0,0.0,0.0,0.0,0.0,0.0
286,0.007841485016186188,0.006831951727099089,0.011666287305836756,0.026531190045514956,0.007360069512017844,0.0067090074863162125,0.011194503285061363,0.0247747445223892,0.007884054865031463,0.007433737349575887,0.012516632393619517,0.029559965289892548,0.007958707189036301,0.006993916160682059,0.01212491069416822,0.028164472569438194,0.006780511455791528,0.007275279938732804,0.012199377733282826,0.028525189308832452,0.007612884297962025,0.0068948219001170995,0.011754906584275087,0.026756766602572334,0.0070820785070020145,0.006656283377679945,0.011033785925789252,0.02399486421536585,0.007073002964803399,0.006685921084277333,0.011175654980575574,0.02465413593075446,0.007792465595720999,0.0068925230014079495,0.011833310639046652,0.027285433755121418,0.007945476760564403,0.008048812663503123,0.012922997382223545,0.031091583736549827,0.007912753316737495,0.007578863446558283,0.012703298667118446,0.030209335534420963,0.007961225473516315,0.0070268182430233165,0.012164747994826976,0.028326521892844087,0.007611143048753765,0.006953206163309722,0.011876272846599568,0.027193737560431263,0.007891231688295787,0.006864991967658964,0.011764228417975336,0.02653748696434135,0.007810738767764752,0.007943089918370873,0.012801950939624012,0.03062121374431149,0.007942093712239697,0.007166319463037544,0.012350027841540677,0.02894036357732184,0.007910844572862789,0.006965527613602791,0.012045962414851424,0.02786939690716395,0.007912489999561262,0.006923070258607817,0.011942298974689857,0.0272004252599935,0.008123329595104029,0.0079340730199681,0.013128458275994393,0.032470811818020674,0.007905493455053918,0.006888763707231155,0.011851202675226633,0.02724053044918568,0.006347354186367089,0.006580952823120954,0.010706351351848891,0.023176334564792903,0.0077760829129391775,0.006775287775229124,0.011425385024708887,0.025595302474538163,0.008013948234046803,0.007144091301149465,0.012349458303239011,0.028967377644796902,0.007943892786834932,0.006869392335799491,0.01180826779438476,0.02700808861357322,0.007871697347955196,0.006882929950599763,0.011808532483165369,0.026886351985423728,0.005945668971649242,0.006485557614209557,0.010485577842843733,0.02234695684666612,0.00787814409303566,0.006910984519122539,0.01190962350032306,0.02750174986558112,0.006840949203473275,0.006783821709983714,0.01144866175191152,0.025958290176080676,0.006726396922429296,0.006701985243624107,0.011182797753939957,0.024894681806682754,0.007689760334658602,0.006762980190786059,0.011349088645751057,0.025292730106688602,0.006818007682915137,0.007092832761825171,0.012026605519712267,0.028282051611447707,0.0025977627355916735,0.002605477158007637,0.0025776663321604256,0.0026019027128756085,0.0026952014592516913,0.0026381380220080897,0.0026209856871897462,0.002623532410342866,0.002578231712757385,0.002569533462923459,0.002572476502724484,0.0025656816625169395,0.002560690997792291,0.0025657714286611566,0.0026135059369750955,0.0026258037296966984,0.0026244118715891586,0.002570663576424774,0.002594782471794632,0.002556616823544461,0.002593932131942616,0.002617774214029465,0.0025649059464694884,0.002553266049854326,0.002564053207843604,0.00267124851395007,0.0026403933633901353,0.0025990575495504604,0.0026473809176686403,0.0025946324578416838,0.002709146732162758,0.0,0.0,0.0,0.0,0.0,0.0,0.0,0.0,0.0,0.0,0.0,0.0,0.0,0.0,0.0,0.0,0.0,0.0,0.0,0.0,0.0,0.0,0.0,0.0,0.0,0.0,0.0,0.0,0.0,0.0,0.0
287,0.007834672000614497,0.006826171252449246,0.011647830030689739,0.02644206035981245,0.007344881527688955,0.006704405964613265,0.011178910866798196,0.02469489883227,0.007875695550368633,0.007400704929556901,0.012482915723924477,0.029424887556776642,0.007951007026819208,0.00698091031860518,0.01209747425853572,0.0280428898975671,0.006785989128887067,0.007263073600873328,0.012187516997792724,0.028484574396944892,0.007630017142125744,0.006914731028306047,0.01179738399536129,0.026904773914551233,0.007040164291587004,0.006645822840215178,0.010994660675104344,0.023840601748970063,0.007025682666756595,0.00666811649135929,0.011112751327526671,0.02440667288510559,0.007782323705915625,0.006884471135098215,0.011809212551617865,0.02718071565892691,0.007943879113968006,0.008048329123163184,0.012917969723373966,0.031040944630429126,0.007899682074024751,0.0075160673526089425,0.012648507220288775,0.0299824302156267,0.00795146956930298,0.006998893616475217,0.012113765483309863,0.0281156248814446,0.007604233154516976,0.006940261610912297,0.011851063270423675,0.027107840973795184,0.007878208865823823,0.006842440815513968,0.011679304715024057,0.02623074175274278,0.007801266000729371,0.007918000862884075,0.012784290333328285,0.030535415904254813,0.007932670860571709,0.007133031003213684,0.012307383053654442,0.02876100898475347,0.007895058418283646,0.006936954653721345,0.011972439482481959,0.027581965099609723,0.007902061926945165,0.006900625485451913,0.011880286353009048,0.02698828457150418,0.008125118624861172,0.007966636777587256,0.013142831243923575,0.03253920159934181,0.007868319197889289,0.0068505255448263695,0.011742180537995923,0.026617165174414592,0.006332780533708896,0.0065778991404690556,0.010696243472133543,0.0231349536292215,0.007737248847493598,0.006763174817703476,0.011377008181026431,0.02538085003443528,0.008000176353533821,0.007063834940697387,0.012251198596260489,0.0285895182534154,0.007893142187336683,0.006817286682541067,0.011637364465328547,0.026145779745320803,0.007858625844555486,0.006858449362810463,0.011745195830308327,0.026662435939268137,0.005935867603800503,0.006481801701224563,0.010474672933618583,0.022298143656784467,0.007864995548070675,0.006885019601553955,0.011838251669582429,0.027216285270691497,0.006844948351424094,0.006785433650535847,0.011452569197852097,0.025948419299278283,0.00672968156777382,0.0066980340159319895,0.011173195349157778,0.024836824473649655,0.007686252491726891,0.006757376655356417,0.01133607323006753,0.02522285181648114,0.006819781384854556,0.0070881012336117665,0.012015507250643974,0.02821212882418013,0.002597000562742529,0.0026045507460784856,0.00258271815559171,0.0026010745068301352,0.0027020751069925385,0.0026381273437525122,0.0026210559790718936,0.0026236409953600817,0.0025775085026758003,0.0025737741258573905,0.0025710543241820225,0.002571036104853674,0.00256055506382224,0.0025711508708647205,0.0026187507510981338,0.0026324773267375795,0.0026308751832002184,0.0025763264897703435,0.0026006750729204225,0.0025488154589069774,0.002594082588000478,0.0026239126070877004,0.00256960388471593,0.0025469586277118523,0.0025689471054205883,0.002671239244833511,0.0026392061100034537,0.0026044261979609818,0.0026464474974548374,0.0025937103915827215,0.0027075345641258417,0.0,0.0,0.0,0.0,0.0,0.0,0.0,0.0,0.0,0.0,0.0,0.0,0.0,0.0,0.0,0.0,0.0,0.0,0.0,0.0,0.0,0.0,0.0,0.0,0.0,0.0,0.0,0.0,0.0,0.0,0.0
288,0.007830832868113435,0.006820289619806206,0.011634006550750326,0.026344277744371314,0.0073232530501034475,0.00669500320984284,0.011149359742045298,0.024533772481470956,0.007861147808081824,0.007354875792160054,0.01242861721929193,0.029169583186738856,0.00793736847994608,0.006955409072886526,0.012043202236064253,0.02778371617126551,0.006789412714197966,0.007251495049834315,0.012176300896271624,0.02844685844463604,0.007626043241094661,0.0069056654567770095,0.011778853733120036,0.02684042078824445,0.006992374123889072,0.0066342147301659,0.010952545554426443,0.023676033693687502,0.007006352218621503,0.006661834801719705,0.011087191465350206,0.0243014367287039,0.007786668426225305,0.006885995455529875,0.01181413895791433,0.027201999202800094,0.007938793464634249,0.007987767071713383,0.012873242174530307,0.030908111455127354,0.007877768304573589,0.007429426933029318,0.01255787065425494,0.02957277967164505,0.0079367029833686,0.006973739785686136,0.01205737629292053,0.02783139607942665,0.007602656695583203,0.0069325043012782,0.011836200077326164,0.027060104403618265,0.007854705865393023,0.0068145457721938245,0.011570321333584299,0.025833171510790467,0.007793996895338438,0.00790647428240693,0.012758122378350367,0.0303643854778349,0.007921329169564588,0.007119995459767384,0.012276099037932715,0.028566860734280178,0.007884346692999407,0.006925355485258281,0.01194034473019941,0.027391624081362496,0.00789282672169653,0.006881468767890643,0.011824824108835306,0.026796658664880374,0.008130222281011573,0.008053670593946832,0.013175255674136114,0.03271467311655807,0.00786129380028042,0.006833690228565766,0.011689484776531284,0.02643115141222456,0.006319207944714427,0.006573952289599762,0.010684138762629393,0.023087988484076456,0.00768996624686254,0.006744658095470849,0.011311297781483624,0.025064500090582694,0.007982163973227398,0.007010283130512566,0.012166078062207535,0.028206934290531796,0.00788120493270216,0.006805224737291625,0.011587367962686765,0.025959302681463257,0.007853587849506957,0.006847883441676857,0.011717439360761115,0.026565731876214388,0.005931159035103695,0.0064779521803008016,0.010464055833140216,0.022252360608918175,0.007853547142609982,0.006869719377138378,0.011795813799708652,0.026997864795026066,0.006839551429193306,0.006780345900719923,0.011438359199544675,0.02583469872196763,0.00674390963036877,0.006695740075338252,0.011170838044305718,0.024776445621877512,0.007687580237980914,0.006749874919169228,0.011318767999409864,0.025091484015321925,0.006818079931991015,0.0070754402478513554,0.011985336586869958,0.02802576537191108,0.0025948447038478557,0.00260196089846035,0.002590476032969546,0.0025981641490668878,0.0027113604615436756,0.0026378756148975444,0.0026208725389485978,0.0026230829901926845,0.0025773487432712203,0.0025814336489682144,0.002567850489975937,0.0025804722822052747,0.0025603600182818533,0.0025815795286804636,0.0026325478296904624,0.0026420919763152535,0.0026399180467040323,0.0025864889367013125,0.0026122960505016593,0.002547879022303812,0.0025939017387845665,0.002632995945867274,0.0025785355109633127,0.0025470786848732583,0.0025783138368085643,0.0026709419977957163,0.0026368297385329573,0.00261415449979706,0.0026431195888559087,0.0025912416471938473,0.002702747877477153,0.0,0.0,0.0,0.0,0.0,0.0,0.0,0.0,0.0,0.0,0.0,0.0,0.0,0.0,0.0,0.0,0.0,0.0,0.0,0.0,0.0,0.0,0.0,0.0,0.0,0.0,0.0,0.0,0.0,0.0,0.0
