zone,Fuel,Investment,FixedOM,VariableOM,Startup,NonServedDemand,UnmetPolicyPenalty,Total
Region1Beijing,2.0513228411893715e10,3.665947647030673e9,4.6927762722625885e9,7.715663980742348e8,3.3669076661293286e8,0.0,0.0,2.9980209495874146e10
Region2Tianjin,8.920341231757877e9,1.048752128483791e10,2.713036448563155e9,7.399270486519127e8,3.167245113514887e8,0.0,0.0,2.3177550525162346e10
Region3Hebei,8.698266054643402e10,2.8474167571897575e10,3.3319820868992958e10,1.8750568380934997e9,2.994744184378099e8,0.0,0.0,1.5095118024385587e11
Region4Shanxi,5.291206674365563e10,1.3887442231473593e10,3.0421291721042694e10,9.736659235422312e9,2.8069842715684766e8,0.0,0.0,1.0723815835875108e11
Region5Innermongolia,3.590505392808683e10,1.1189602182447057e11,4.4359064458085495e10,5.746877983812636e9,3.180200015286482e8,0.0,0.0,1.9822503819598416e11
Region6Liaoning,2.464227787398762e10,5.21716699881384e10,1.3699087292012005e10,9.210725510424166e8,2.597905869845819e8,0.0,0.0,9.169389829216504e10
Region7Jilin,2.0691579926620342e10,7.244674901423642e9,8.700340216579504e9,8.217975404854641e8,2.4265863007844952e8,0.0,0.0,3.770105121518741e10
Region8Heilongjiang,1.600633515213142e10,1.7080290990473173e10,8.731576996675901e9,5.919660380618074e8,2.5100922275835624e8,0.0,0.0,4.2661178400100655e10
Region9Shanghai,3.242952392467045e10,7.939462506093292e9,5.804379044831966e9,3.7598805144778953e9,3.709065532685929e8,0.0,0.0,5.030415254334219e10
Region10Jiangsu,9.985032948849246e10,2.4690249209970955e10,1.9306920798488804e10,3.5455144197849736e9,4.8085905843051046e8,0.0,0.0,1.478738729751677e11
Region11Zhejiang,5.361435167538083e10,4.682367429101283e9,2.1219639304218044e10,3.2674050520366535e9,3.4517536002676123e8,0.0,0.0,8.312893882076357e10
Region12Anhui,5.738022519484597e10,1.3256478261652237e10,1.2613451648144993e10,1.8273974709128675e9,2.715874827202287e8,0.0,0.0,8.534914005827629e10
Region13Fujian,5.0831467347826195e10,1.9461558504643417e10,1.871711846861259e10,2.2416396087758603e9,2.884620500533507e8,0.0,0.0,9.15402459799114e10
Region14Jiangxi,4.388934648313778e10,4.56578417991505e9,9.425424497763159e9,1.3835398843823843e9,2.135036305502401e8,0.0,0.0,5.947759867574861e10
Region15Shandong,5.061752628478247e10,9.76612377488362e9,1.979898381731226e10,2.1103691256149395e9,2.9340098797816586e8,0.0,0.0,8.258640399057146e10
Region16Henan,3.46900471105704e10,3.165945430578954e9,5.057306342271756e9,1.1052385684251168e9,2.898638966626314e8,0.0,0.0,4.430840134850886e10
Region17Hubei,4.329947343913083e10,6.883868618483691e9,1.023754265600307e10,1.147227576944504e9,2.616501219513036e8,0.0,0.0,6.182976241251339e10
Region18Hunan,4.4509865957693535e10,5.003929364337304e10,1.1414782153303474e10,1.3839898351287756e9,2.3807397046924615e8,0.0,0.0,1.0758600555996808e11
Region19Guangdong,8.800433181736487e10,3.6951248281452965e10,2.1678719133092487e10,5.291928409680868e9,7.981188933079145e8,0.0,0.0,1.5272434653489914e11
Region20Guangxi,5.220807277080425e10,4.934733525837566e9,2.5531144774346508e10,5.383388038349898e9,2.5359312342705202e8,0.0,0.0,8.831093223276527e10
Region22Chongqing,2.0716927169629932e10,2.620161294570667e10,1.6145722860071453e10,4.752287922419844e9,2.9168842013582826e8,0.0,0.0,6.810823931796372e10
Region23Sichuan,4.713632381966713e10,5.291249207140808e10,2.3953946226525253e10,1.6232306249515524e9,3.114527563033608e8,0.0,0.0,1.2593744549885538e11
Region24Guizhou,2.3668310809915035e10,2.187025237631783e10,2.9975595819434963e10,6.436917649644587e9,2.3993194266319162e8,0.0,0.0,8.219100859797562e10
Region25Yunnan,3.9459146327578865e10,1.0900433210987278e10,2.6171986006594437e10,2.6560920376596465e9,2.645445072422107e8,0.0,0.0,7.945220209006245e10
Region27Shaanxi,2.879536999759098e10,4.60126728579923e9,1.570994744853729e10,1.504263713213795e9,2.8656014473834383e8,0.0,0.0,5.089740858987964e10
Region28Gansu,1.5272269508450321e10,3.7536443987751465e10,2.2862771924411163e10,8.800391644174498e8,2.2398527076259574e8,0.0,0.0,7.677550985579298e10
Region29Qinghai,7.95467535316817e9,1.110281853664198e10,5.007371995368357e9,8.478458090475472e8,2.9000896066023207e8,0.0,0.0,2.5202720654886284e10
Region30Ningxia,1.3880425476616793e10,1.4221340366386864e10,7.9067747647760725e9,1.3923443112973409e9,2.789375955096466e8,0.0,0.0,3.767982251458671e10
Region31Xinjiang,3.099013565758746e10,4.370948898678061e10,3.072806662612439e10,4.809821597544699e9,3.216886202779286e8,0.0,0.0,1.1055920148831508e11
Region21Hainan,1.3427858966764053e10,3.4622059043847904e9,3.902434025962827e9,1.036489298241467e9,3.225571651640898e8,0.0,0.0,2.2151545360517227e10
Region26Tibet,5.80997946860369e9,2.219178733713182e10,3.6571931550639277e9,6.454849446629362e8,2.6303908221824485e8,0.0,0.0,3.2567483987680622e10
aluminum_Region1Beijing_aluminum_Region2Tianjin,0.0,0.0,0.0,301524.23511689535,0.0,0.0,0.0,301524.23511689535
aluminum_Region1Beijing_aluminum_Region3Hebei,0.0,0.0,0.0,231766.1282580352,0.0,0.0,0.0,231766.1282580352
aluminum_Region1Beijing_aluminum_Region4Shanxi,0.0,0.0,0.0,130930.28288577824,0.0,0.0,0.0,130930.28288577824
aluminum_Region1Beijing_aluminum_Region5Innermongolia,0.0,0.0,0.0,89571.83499603746,0.0,0.0,0.0,89571.83499603746
aluminum_Region1Beijing_aluminum_Region6Liaoning,0.0,0.0,0.0,100581.14754320859,0.0,0.0,0.0,100581.14754320859
aluminum_Region1Beijing_aluminum_Region7Jilin,0.0,0.0,0.0,106750.09402442529,0.0,0.0,0.0,106750.09402442529
aluminum_Region1Beijing_aluminum_Region8Heilongjiang,0.0,0.0,0.0,117578.34281606186,0.0,0.0,0.0,117578.34281606186
aluminum_Region1Beijing_aluminum_Region9Shanghai,0.0,0.0,0.0,252591.25461811843,0.0,0.0,0.0,252591.25461811843
aluminum_Region1Beijing_aluminum_Region10Jiangsu,0.0,0.0,0.0,445007.75311698945,0.0,0.0,0.0,445007.75311698945
aluminum_Region1Beijing_aluminum_Region11Zhejiang,0.0,0.0,0.0,254803.25532057707,0.0,0.0,0.0,254803.25532057707
aluminum_Region1Beijing_aluminum_Region12Anhui,0.0,0.0,0.0,327803.9802118703,0.0,0.0,0.0,327803.9802118703
aluminum_Region1Beijing_aluminum_Region13Fujian,0.0,0.0,0.0,177157.1960983984,0.0,0.0,0.0,177157.1960983984
aluminum_Region1Beijing_aluminum_Region14Jiangxi,0.0,0.0,0.0,194571.32354110782,0.0,0.0,0.0,194571.32354110782
aluminum_Region1Beijing_aluminum_Region15Shandong,0.0,0.0,0.0,2.35417241834185e6,0.0,0.0,0.0,2.35417241834185e6
aluminum_Region1Beijing_aluminum_Region16Henan,0.0,0.0,0.0,317656.8284008458,0.0,0.0,0.0,317656.8284008458
aluminum_Region1Beijing_aluminum_Region17Hubei,0.0,0.0,0.0,209189.8014899269,0.0,0.0,0.0,209189.8014899269
aluminum_Region1Beijing_aluminum_Region18Hunan,0.0,0.0,0.0,169981.89767299537,0.0,0.0,0.0,169981.89767299537
aluminum_Region1Beijing_aluminum_Region19Guangdong,0.0,0.0,0.0,192014.58763986645,0.0,0.0,0.0,192014.58763986645
aluminum_Region1Beijing_aluminum_Region20Guangxi,0.0,0.0,0.0,154988.65395708347,0.0,0.0,0.0,154988.65395708347
aluminum_Region1Beijing_aluminum_Region21Hainan,0.0,0.0,0.0,158310.7808398982,0.0,0.0,0.0,158310.7808398982
aluminum_Region1Beijing_aluminum_Region22Chongqing,0.0,0.0,0.0,136873.99294264606,0.0,0.0,0.0,136873.99294264606
aluminum_Region1Beijing_aluminum_Region23Sichuan,0.0,0.0,0.0,159917.3572483136,0.0,0.0,0.0,159917.3572483136
aluminum_Region1Beijing_aluminum_Region24Guizhou,0.0,0.0,0.0,125373.96194613376,0.0,0.0,0.0,125373.96194613376
aluminum_Region1Beijing_aluminum_Region25Yunnan,0.0,0.0,0.0,161783.76377067552,0.0,0.0,0.0,161783.76377067552
aluminum_Region1Beijing_aluminum_Region27Shaanxi,0.0,0.0,0.0,171010.21961863112,0.0,0.0,0.0,171010.21961863112
aluminum_Region1Beijing_aluminum_Region28Gansu,0.0,0.0,0.0,132557.19266809654,0.0,0.0,0.0,132557.19266809654
aluminum_Region1Beijing_aluminum_Region29Qinghai,0.0,0.0,0.0,147627.5767572149,0.0,0.0,0.0,147627.5767572149
aluminum_Region1Beijing_aluminum_Region30Ningxia,0.0,0.0,0.0,155360.3318963597,0.0,0.0,0.0,155360.3318963597
aluminum_Region1Beijing_aluminum_Region31Xinjiang,0.0,0.0,0.0,156351.1160194568,0.0,0.0,0.0,156351.1160194568
aluminum_Region2Tianjin_aluminum_Region1Beijing,0.0,0.0,0.0,70865.82715730676,0.0,0.0,0.0,70865.82715730676
aluminum_Region2Tianjin_aluminum_Region3Hebei,0.0,0.0,0.0,137814.6104255818,0.0,0.0,0.0,137814.6104255818
aluminum_Region2Tianjin_aluminum_Region4Shanxi,0.0,0.0,0.0,119249.73967079761,0.0,0.0,0.0,119249.73967079761
aluminum_Region2Tianjin_aluminum_Region5Innermongolia,0.0,0.0,0.0,97823.06550078094,0.0,0.0,0.0,97823.06550078094
aluminum_Region2Tianjin_aluminum_Region6Liaoning,0.0,0.0,0.0,91989.41139807584,0.0,0.0,0.0,91989.41139807584
aluminum_Region2Tianjin_aluminum_Region7Jilin,0.0,0.0,0.0,101606.1637347684,0.0,0.0,0.0,101606.1637347684
aluminum_Region2Tianjin_aluminum_Region8Heilongjiang,0.0,0.0,0.0,112623.90347314953,0.0,0.0,0.0,112623.90347314953
aluminum_Region2Tianjin_aluminum_Region9Shanghai,0.0,0.0,0.0,237176.3534727679,0.0,0.0,0.0,237176.3534727679
aluminum_Region2Tianjin_aluminum_Region10Jiangsu,0.0,0.0,0.0,419179.16945111414,0.0,0.0,0.0,419179.16945111414
aluminum_Region2Tianjin_aluminum_Region11Zhejiang,0.0,0.0,0.0,239734.82723127597,0.0,0.0,0.0,239734.82723127597
aluminum_Region2Tianjin_aluminum_Region12Anhui,0.0,0.0,0.0,300107.94739575643,0.0,0.0,0.0,300107.94739575643
aluminum_Region2Tianjin_aluminum_Region13Fujian,0.0,0.0,0.0,168592.09903067097,0.0,0.0,0.0,168592.09903067097
aluminum_Region2Tianjin_aluminum_Region14Jiangxi,0.0,0.0,0.0,183268.93616987191,0.0,0.0,0.0,183268.93616987191
aluminum_Region2Tianjin_aluminum_Region15Shandong,0.0,0.0,0.0,2.958393195895401e6,0.0,0.0,0.0,2.958393195895401e6
aluminum_Region2Tianjin_aluminum_Region16Henan,0.0,0.0,0.0,269451.87738437764,0.0,0.0,0.0,269451.87738437764
aluminum_Region2Tianjin_aluminum_Region17Hubei,0.0,0.0,0.0,194152.2569215917,0.0,0.0,0.0,194152.2569215917
aluminum_Region2Tianjin_aluminum_Region18Hunan,0.0,0.0,0.0,161660.74780393933,0.0,0.0,0.0,161660.74780393933
aluminum_Region2Tianjin_aluminum_Region19Guangdong,0.0,0.0,0.0,184838.6144820499,0.0,0.0,0.0,184838.6144820499
aluminum_Region2Tianjin_aluminum_Region20Guangxi,0.0,0.0,0.0,150309.20606631268,0.0,0.0,0.0,150309.20606631268
aluminum_Region2Tianjin_aluminum_Region21Hainan,0.0,0.0,0.0,153974.87648371176,0.0,0.0,0.0,153974.87648371176
aluminum_Region2Tianjin_aluminum_Region22Chongqing,0.0,0.0,0.0,133181.15932617843,0.0,0.0,0.0,133181.15932617843
aluminum_Region2Tianjin_aluminum_Region23Sichuan,0.0,0.0,0.0,154424.36669179765,0.0,0.0,0.0,154424.36669179765
aluminum_Region2Tianjin_aluminum_Region24Guizhou,0.0,0.0,0.0,121975.84592440516,0.0,0.0,0.0,121975.84592440516
aluminum_Region2Tianjin_aluminum_Region25Yunnan,0.0,0.0,0.0,157747.0742569656,0.0,0.0,0.0,157747.0742569656
aluminum_Region2Tianjin_aluminum_Region27Shaanxi,0.0,0.0,0.0,160683.06999846816,0.0,0.0,0.0,160683.06999846816
aluminum_Region2Tianjin_aluminum_Region28Gansu,0.0,0.0,0.0,128951.44414620771,0.0,0.0,0.0,128951.44414620771
aluminum_Region2Tianjin_aluminum_Region29Qinghai,0.0,0.0,0.0,143228.20660917534,0.0,0.0,0.0,143228.20660917534
aluminum_Region2Tianjin_aluminum_Region30Ningxia,0.0,0.0,0.0,148070.48637841627,0.0,0.0,0.0,148070.48637841627
aluminum_Region2Tianjin_aluminum_Region31Xinjiang,0.0,0.0,0.0,154130.31444293508,0.0,0.0,0.0,154130.31444293508
aluminum_Region3Hebei_aluminum_Region1Beijing,0.0,0.0,0.0,116267.65477943834,0.0,0.0,0.0,116267.65477943834
aluminum_Region3Hebei_aluminum_Region2Tianjin,0.0,0.0,0.0,148371.6280238892,0.0,0.0,0.0,148371.6280238892
aluminum_Region3Hebei_aluminum_Region4Shanxi,0.0,0.0,0.0,73515.23265042684,0.0,0.0,0.0,73515.23265042684
aluminum_Region3Hebei_aluminum_Region5Innermongolia,0.0,0.0,0.0,93588.24017048486,0.0,0.0,0.0,93588.24017048486
aluminum_Region3Hebei_aluminum_Region6Liaoning,0.0,0.0,0.0,120640.22526092334,0.0,0.0,0.0,120640.22526092334
aluminum_Region3Hebei_aluminum_Region7Jilin,0.0,0.0,0.0,115250.36147824804,0.0,0.0,0.0,115250.36147824804
aluminum_Region3Hebei_aluminum_Region8Heilongjiang,0.0,0.0,0.0,123041.76320811073,0.0,0.0,0.0,123041.76320811073
aluminum_Region3Hebei_aluminum_Region9Shanghai,0.0,0.0,0.0,235656.5721269104,0.0,0.0,0.0,235656.5721269104
aluminum_Region3Hebei_aluminum_Region10Jiangsu,0.0,0.0,0.0,420203.7032483032,0.0,0.0,0.0,420203.7032483032
aluminum_Region3Hebei_aluminum_Region11Zhejiang,0.0,0.0,0.0,237959.4203228923,0.0,0.0,0.0,237959.4203228923
aluminum_Region3Hebei_aluminum_Region12Anhui,0.0,0.0,0.0,312603.00010389515,0.0,0.0,0.0,312603.00010389515
aluminum_Region3Hebei_aluminum_Region13Fujian,0.0,0.0,0.0,167530.81193730087,0.0,0.0,0.0,167530.81193730087
aluminum_Region3Hebei_aluminum_Region14Jiangxi,0.0,0.0,0.0,181269.73675680876,0.0,0.0,0.0,181269.73675680876
aluminum_Region3Hebei_aluminum_Region15Shandong,0.0,0.0,0.0,3.4336621321121627e6,0.0,0.0,0.0,3.4336621321121627e6
aluminum_Region3Hebei_aluminum_Region16Henan,0.0,0.0,0.0,361836.01927106606,0.0,0.0,0.0,361836.01927106606
aluminum_Region3Hebei_aluminum_Region17Hubei,0.0,0.0,0.0,193019.35738862597,0.0,0.0,0.0,193019.35738862597
aluminum_Region3Hebei_aluminum_Region18Hunan,0.0,0.0,0.0,155834.7052309068,0.0,0.0,0.0,155834.7052309068
aluminum_Region3Hebei_aluminum_Region19Guangdong,0.0,0.0,0.0,183463.9415769397,0.0,0.0,0.0,183463.9415769397
aluminum_Region3Hebei_aluminum_Region20Guangxi,0.0,0.0,0.0,146336.91890594928,0.0,0.0,0.0,146336.91890594928
aluminum_Region3Hebei_aluminum_Region21Hainan,0.0,0.0,0.0,150622.4857664326,0.0,0.0,0.0,150622.4857664326
aluminum_Region3Hebei_aluminum_Region22Chongqing,0.0,0.0,0.0,124764.21721396007,0.0,0.0,0.0,124764.21721396007
aluminum_Region3Hebei_aluminum_Region23Sichuan,0.0,0.0,0.0,148024.26920319305,0.0,0.0,0.0,148024.26920319305
aluminum_Region3Hebei_aluminum_Region24Guizhou,0.0,0.0,0.0,116616.16301243394,0.0,0.0,0.0,116616.16301243394
aluminum_Region3Hebei_aluminum_Region25Yunnan,0.0,0.0,0.0,153860.12900331907,0.0,0.0,0.0,153860.12900331907
aluminum_Region3Hebei_aluminum_Region27Shaanxi,0.0,0.0,0.0,148944.5256397178,0.0,0.0,0.0,148944.5256397178
aluminum_Region3Hebei_aluminum_Region28Gansu,0.0,0.0,0.0,118780.06119375819,0.0,0.0,0.0,118780.06119375819
aluminum_Region3Hebei_aluminum_Region29Qinghai,0.0,0.0,0.0,135423.79434641104,0.0,0.0,0.0,135423.79434641104
aluminum_Region3Hebei_aluminum_Region30Ningxia,0.0,0.0,0.0,138536.3440814364,0.0,0.0,0.0,138536.3440814364
aluminum_Region3Hebei_aluminum_Region31Xinjiang,0.0,0.0,0.0,152861.98784080567,0.0,0.0,0.0,152861.98784080567
aluminum_Region4Shanxi_aluminum_Region1Beijing,0.0,0.0,0.0,217055.4736984838,0.0,0.0,0.0,217055.4736984838
aluminum_Region4Shanxi_aluminum_Region2Tianjin,0.0,0.0,0.0,276379.2660171905,0.0,0.0,0.0,276379.2660171905
aluminum_Region4Shanxi_aluminum_Region3Hebei,0.0,0.0,0.0,5.472162578265521e7,0.0,0.0,0.0,5.472162578265521e7
aluminum_Region4Shanxi_aluminum_Region5Innermongolia,0.0,0.0,0.0,93354.02884164918,0.0,0.0,0.0,93354.02884164918
aluminum_Region4Shanxi_aluminum_Region6Liaoning,0.0,0.0,0.0,147659.70869044997,0.0,0.0,0.0,147659.70869044997
aluminum_Region4Shanxi_aluminum_Region7Jilin,0.0,0.0,0.0,134725.67104830634,0.0,0.0,0.0,134725.67104830634
aluminum_Region4Shanxi_aluminum_Region8Heilongjiang,0.0,0.0,0.0,140351.4943685403,0.0,0.0,0.0,140351.4943685403
aluminum_Region4Shanxi_aluminum_Region9Shanghai,0.0,0.0,0.0,282445.2362225074,0.0,0.0,0.0,282445.2362225074
aluminum_Region4Shanxi_aluminum_Region10Jiangsu,0.0,0.0,0.0,535193.4933541326,0.0,0.0,0.0,535193.4933541326
aluminum_Region4Shanxi_aluminum_Region11Zhejiang,0.0,0.0,0.0,284006.3611694925,0.0,0.0,0.0,284006.3611694925
aluminum_Region4Shanxi_aluminum_Region12Anhui,0.0,0.0,0.0,432704.45066440135,0.0,0.0,0.0,432704.45066440135
aluminum_Region4Shanxi_aluminum_Region13Fujian,0.0,0.0,0.0,189116.2166373549,0.0,0.0,0.0,189116.2166373549
aluminum_Region4Shanxi_aluminum_Region14Jiangxi,0.0,0.0,0.0,216582.35110409427,0.0,0.0,0.0,216582.35110409427
aluminum_Region4Shanxi_aluminum_Region15Shandong,0.0,0.0,0.0,3.0192379748479147e7,0.0,0.0,0.0,3.0192379748479147e7
aluminum_Region4Shanxi_aluminum_Region16Henan,0.0,0.0,0.0,7.203770482634223e7,0.0,0.0,0.0,7.203770482634223e7
aluminum_Region4Shanxi_aluminum_Region17Hubei,0.0,0.0,0.0,249752.78881709604,0.0,0.0,0.0,249752.78881709604
aluminum_Region4Shanxi_aluminum_Region18Hunan,0.0,0.0,0.0,181816.41010728193,0.0,0.0,0.0,181816.41010728193
aluminum_Region4Shanxi_aluminum_Region19Guangdong,0.0,0.0,0.0,205590.16244059248,0.0,0.0,0.0,205590.16244059248
aluminum_Region4Shanxi_aluminum_Region20Guangxi,0.0,0.0,0.0,157692.02080300494,0.0,0.0,0.0,157692.02080300494
aluminum_Region4Shanxi_aluminum_Region21Hainan,0.0,0.0,0.0,161743.6072590999,0.0,0.0,0.0,161743.6072590999
aluminum_Region4Shanxi_aluminum_Region22Chongqing,0.0,0.0,0.0,130963.06814184455,0.0,0.0,0.0,130963.06814184455
aluminum_Region4Shanxi_aluminum_Region23Sichuan,0.0,0.0,0.0,161382.74595466984,0.0,0.0,0.0,161382.74595466984
aluminum_Region4Shanxi_aluminum_Region24Guizhou,0.0,0.0,0.0,117899.24823724468,0.0,0.0,0.0,117899.24823724468
aluminum_Region4Shanxi_aluminum_Region25Yunnan,0.0,0.0,0.0,162652.75571110824,0.0,0.0,0.0,162652.75571110824
aluminum_Region4Shanxi_aluminum_Region27Shaanxi,0.0,0.0,0.0,167557.8799023825,0.0,0.0,0.0,167557.8799023825
aluminum_Region4Shanxi_aluminum_Region28Gansu,0.0,0.0,0.0,124162.85062001669,0.0,0.0,0.0,124162.85062001669
aluminum_Region4Shanxi_aluminum_Region29Qinghai,0.0,0.0,0.0,145884.74541201495,0.0,0.0,0.0,145884.74541201495
aluminum_Region4Shanxi_aluminum_Region30Ningxia,0.0,0.0,0.0,147835.26815108693,0.0,0.0,0.0,147835.26815108693
aluminum_Region4Shanxi_aluminum_Region31Xinjiang,0.0,0.0,0.0,160465.61907748153,0.0,0.0,0.0,160465.61907748153
aluminum_Region5Innermongolia_aluminum_Region1Beijing,0.0,0.0,0.0,1.3622638877311444e6,0.0,0.0,0.0,1.3622638877311444e6
aluminum_Region5Innermongolia_aluminum_Region2Tianjin,0.0,0.0,0.0,1.029581284234849e6,0.0,0.0,0.0,1.029581284234849e6
aluminum_Region5Innermongolia_aluminum_Region3Hebei,0.0,0.0,0.0,539741.9477718647,0.0,0.0,0.0,539741.9477718647
aluminum_Region5Innermongolia_aluminum_Region4Shanxi,0.0,0.0,0.0,766246.5589953098,0.0,0.0,0.0,766246.5589953098
aluminum_Region5Innermongolia_aluminum_Region6Liaoning,0.0,0.0,0.0,181151.45161670062,0.0,0.0,0.0,181151.45161670062
aluminum_Region5Innermongolia_aluminum_Region7Jilin,0.0,0.0,0.0,154040.83781733026,0.0,0.0,0.0,154040.83781733026
aluminum_Region5Innermongolia_aluminum_Region8Heilongjiang,0.0,0.0,0.0,158053.18623403774,0.0,0.0,0.0,158053.18623403774
aluminum_Region5Innermongolia_aluminum_Region9Shanghai,0.0,0.0,0.0,341430.0843826894,0.0,0.0,0.0,341430.0843826894
aluminum_Region5Innermongolia_aluminum_Region10Jiangsu,0.0,0.0,0.0,649595.3681740358,0.0,0.0,0.0,649595.3681740358
aluminum_Region5Innermongolia_aluminum_Region11Zhejiang,0.0,0.0,0.0,341974.61848312063,0.0,0.0,0.0,341974.61848312063
aluminum_Region5Innermongolia_aluminum_Region12Anhui,0.0,0.0,0.0,492529.3894029778,0.0,0.0,0.0,492529.3894029778
aluminum_Region5Innermongolia_aluminum_Region13Fujian,0.0,0.0,0.0,219283.37580976644,0.0,0.0,0.0,219283.37580976644
aluminum_Region5Innermongolia_aluminum_Region14Jiangxi,0.0,0.0,0.0,261043.7575225404,0.0,0.0,0.0,261043.7575225404
aluminum_Region5Innermongolia_aluminum_Region15Shandong,0.0,0.0,0.0,5.201120916346464e6,0.0,0.0,0.0,5.201120916346464e6
aluminum_Region5Innermongolia_aluminum_Region16Henan,0.0,0.0,0.0,1.3079821047369575e6,0.0,0.0,0.0,1.3079821047369575e6
aluminum_Region5Innermongolia_aluminum_Region17Hubei,0.0,0.0,0.0,311722.13399929175,0.0,0.0,0.0,311722.13399929175
aluminum_Region5Innermongolia_aluminum_Region18Hunan,0.0,0.0,0.0,222832.5517515224,0.0,0.0,0.0,222832.5517515224
aluminum_Region5Innermongolia_aluminum_Region19Guangdong,0.0,0.0,0.0,235104.38377249107,0.0,0.0,0.0,235104.38377249107
aluminum_Region5Innermongolia_aluminum_Region20Guangxi,0.0,0.0,0.0,181125.7284995658,0.0,0.0,0.0,181125.7284995658
aluminum_Region5Innermongolia_aluminum_Region21Hainan,0.0,0.0,0.0,183126.75694482544,0.0,0.0,0.0,183126.75694482544
aluminum_Region5Innermongolia_aluminum_Region22Chongqing,0.0,0.0,0.0,160174.08518791225,0.0,0.0,0.0,160174.08518791225
aluminum_Region5Innermongolia_aluminum_Region23Sichuan,0.0,0.0,0.0,194381.3409123151,0.0,0.0,0.0,194381.3409123151
aluminum_Region5Innermongolia_aluminum_Region24Guizhou,0.0,0.0,0.0,137042.8209097476,0.0,0.0,0.0,137042.8209097476
aluminum_Region5Innermongolia_aluminum_Region25Yunnan,0.0,0.0,0.0,184540.17596321373,0.0,0.0,0.0,184540.17596321373
aluminum_Region5Innermongolia_aluminum_Region27Shaanxi,0.0,0.0,0.0,264350.2330164618,0.0,0.0,0.0,264350.2330164618
aluminum_Region5Innermongolia_aluminum_Region28Gansu,0.0,0.0,0.0,154137.69569353882,0.0,0.0,0.0,154137.69569353882
aluminum_Region5Innermongolia_aluminum_Region29Qinghai,0.0,0.0,0.0,179705.25892082436,0.0,0.0,0.0,179705.25892082436
aluminum_Region5Innermongolia_aluminum_Region30Ningxia,0.0,0.0,0.0,212999.79738489893,0.0,0.0,0.0,212999.79738489893
aluminum_Region5Innermongolia_aluminum_Region31Xinjiang,0.0,0.0,0.0,174913.4856477694,0.0,0.0,0.0,174913.4856477694
aluminum_Region6Liaoning_aluminum_Region1Beijing,0.0,0.0,0.0,646363.6144999745,0.0,0.0,0.0,646363.6144999745
aluminum_Region6Liaoning_aluminum_Region2Tianjin,0.0,0.0,0.0,1.315738529172629e6,0.0,0.0,0.0,1.315738529172629e6
aluminum_Region6Liaoning_aluminum_Region3Hebei,0.0,0.0,0.0,463912.35928974964,0.0,0.0,0.0,463912.35928974964
aluminum_Region6Liaoning_aluminum_Region4Shanxi,0.0,0.0,0.0,282866.1498974004,0.0,0.0,0.0,282866.1498974004
aluminum_Region6Liaoning_aluminum_Region5Innermongolia,0.0,0.0,0.0,206153.76015683485,0.0,0.0,0.0,206153.76015683485
aluminum_Region6Liaoning_aluminum_Region7Jilin,0.0,0.0,0.0,71230.22828038526,0.0,0.0,0.0,71230.22828038526
aluminum_Region6Liaoning_aluminum_Region8Heilongjiang,0.0,0.0,0.0,106374.62811572489,0.0,0.0,0.0,106374.62811572489
aluminum_Region6Liaoning_aluminum_Region9Shanghai,0.0,0.0,0.0,354757.7976083643,0.0,0.0,0.0,354757.7976083643
aluminum_Region6Liaoning_aluminum_Region10Jiangsu,0.0,0.0,0.0,644689.5022437181,0.0,0.0,0.0,644689.5022437181
aluminum_Region6Liaoning_aluminum_Region11Zhejiang,0.0,0.0,0.0,355484.16636328615,0.0,0.0,0.0,355484.16636328615
aluminum_Region6Liaoning_aluminum_Region12Anhui,0.0,0.0,0.0,473906.03709504247,0.0,0.0,0.0,473906.03709504247
aluminum_Region6Liaoning_aluminum_Region13Fujian,0.0,0.0,0.0,224705.70851185164,0.0,0.0,0.0,224705.70851185164
aluminum_Region6Liaoning_aluminum_Region14Jiangxi,0.0,0.0,0.0,259765.95238391793,0.0,0.0,0.0,259765.95238391793
aluminum_Region6Liaoning_aluminum_Region15Shandong,0.0,0.0,0.0,2.722889623454361e6,0.0,0.0,0.0,2.722889623454361e6
aluminum_Region6Liaoning_aluminum_Region16Henan,0.0,0.0,0.0,481094.8866705361,0.0,0.0,0.0,481094.8866705361
aluminum_Region6Liaoning_aluminum_Region17Hubei,0.0,0.0,0.0,288459.4510721257,0.0,0.0,0.0,288459.4510721257
aluminum_Region6Liaoning_aluminum_Region18Hunan,0.0,0.0,0.0,224941.5152838192,0.0,0.0,0.0,224941.5152838192
aluminum_Region6Liaoning_aluminum_Region19Guangdong,0.0,0.0,0.0,234539.00502216266,0.0,0.0,0.0,234539.00502216266
aluminum_Region6Liaoning_aluminum_Region20Guangxi,0.0,0.0,0.0,188761.53020998143,0.0,0.0,0.0,188761.53020998143
aluminum_Region6Liaoning_aluminum_Region21Hainan,0.0,0.0,0.0,188851.9759502591,0.0,0.0,0.0,188851.9759502591
aluminum_Region6Liaoning_aluminum_Region22Chongqing,0.0,0.0,0.0,176572.99448625805,0.0,0.0,0.0,176572.99448625805
aluminum_Region6Liaoning_aluminum_Region23Sichuan,0.0,0.0,0.0,203443.30025661082,0.0,0.0,0.0,203443.30025661082
aluminum_Region6Liaoning_aluminum_Region24Guizhou,0.0,0.0,0.0,161889.8955365657,0.0,0.0,0.0,161889.8955365657
aluminum_Region6Liaoning_aluminum_Region25Yunnan,0.0,0.0,0.0,193754.41255377833,0.0,0.0,0.0,193754.41255377833
aluminum_Region6Liaoning_aluminum_Region27Shaanxi,0.0,0.0,0.0,243908.58943828524,0.0,0.0,0.0,243908.58943828524
aluminum_Region6Liaoning_aluminum_Region28Gansu,0.0,0.0,0.0,179873.2815564103,0.0,0.0,0.0,179873.2815564103
aluminum_Region6Liaoning_aluminum_Region29Qinghai,0.0,0.0,0.0,192786.55839379726,0.0,0.0,0.0,192786.55839379726
aluminum_Region6Liaoning_aluminum_Region30Ningxia,0.0,0.0,0.0,223293.36068608402,0.0,0.0,0.0,223293.36068608402
aluminum_Region6Liaoning_aluminum_Region31Xinjiang,0.0,0.0,0.0,184968.14492659585,0.0,0.0,0.0,184968.14492659585
aluminum_Region7Jilin_aluminum_Region1Beijing,0.0,0.0,0.0,1.0044975147060354e6,0.0,0.0,0.0,1.0044975147060354e6
aluminum_Region7Jilin_aluminum_Region2Tianjin,0.0,0.0,0.0,1.8709530038184917e6,0.0,0.0,0.0,1.8709530038184917e6
aluminum_Region7Jilin_aluminum_Region3Hebei,0.0,0.0,0.0,600827.6384041343,0.0,0.0,0.0,600827.6384041343
aluminum_Region7Jilin_aluminum_Region4Shanxi,0.0,0.0,0.0,351969.1173826734,0.0,0.0,0.0,351969.1173826734
aluminum_Region7Jilin_aluminum_Region5Innermongolia,0.0,0.0,0.0,261162.2370415273,0.0,0.0,0.0,261162.2370415273
aluminum_Region7Jilin_aluminum_Region6Liaoning,0.0,0.0,0.0,2.285027409006553e7,0.0,0.0,0.0,2.285027409006553e7
aluminum_Region7Jilin_aluminum_Region8Heilongjiang,0.0,0.0,0.0,127558.80351632909,0.0,0.0,0.0,127558.80351632909
aluminum_Region7Jilin_aluminum_Region9Shanghai,0.0,0.0,0.0,412051.30565694097,0.0,0.0,0.0,412051.30565694097
aluminum_Region7Jilin_aluminum_Region10Jiangsu,0.0,0.0,0.0,756427.3354873423,0.0,0.0,0.0,756427.3354873423
aluminum_Region7Jilin_aluminum_Region11Zhejiang,0.0,0.0,0.0,411995.3818225364,0.0,0.0,0.0,411995.3818225364
aluminum_Region7Jilin_aluminum_Region12Anhui,0.0,0.0,0.0,557394.8605597167,0.0,0.0,0.0,557394.8605597167
aluminum_Region7Jilin_aluminum_Region13Fujian,0.0,0.0,0.0,252040.96983755,0.0,0.0,0.0,252040.96983755
aluminum_Region7Jilin_aluminum_Region14Jiangxi,0.0,0.0,0.0,296916.37169331225,0.0,0.0,0.0,296916.37169331225
aluminum_Region7Jilin_aluminum_Region15Shandong,0.0,0.0,0.0,3.1980612959712674e6,0.0,0.0,0.0,3.1980612959712674e6
aluminum_Region7Jilin_aluminum_Region16Henan,0.0,0.0,0.0,578955.1975040957,0.0,0.0,0.0,578955.1975040957
aluminum_Region7Jilin_aluminum_Region17Hubei,0.0,0.0,0.0,334183.67243500083,0.0,0.0,0.0,334183.67243500083
aluminum_Region7Jilin_aluminum_Region18Hunan,0.0,0.0,0.0,255321.59753168808,0.0,0.0,0.0,255321.59753168808
aluminum_Region7Jilin_aluminum_Region19Guangdong,0.0,0.0,0.0,258753.49788858637,0.0,0.0,0.0,258753.49788858637
aluminum_Region7Jilin_aluminum_Region20Guangxi,0.0,0.0,0.0,207192.46884810622,0.0,0.0,0.0,207192.46884810622
aluminum_Region7Jilin_aluminum_Region21Hainan,0.0,0.0,0.0,205639.2607858026,0.0,0.0,0.0,205639.2607858026
aluminum_Region7Jilin_aluminum_Region22Chongqing,0.0,0.0,0.0,197210.95406980737,0.0,0.0,0.0,197210.95406980737
aluminum_Region7Jilin_aluminum_Region23Sichuan,0.0,0.0,0.0,227007.1364062992,0.0,0.0,0.0,227007.1364062992
aluminum_Region7Jilin_aluminum_Region24Guizhou,0.0,0.0,0.0,179669.07734137884,0.0,0.0,0.0,179669.07734137884
aluminum_Region7Jilin_aluminum_Region25Yunnan,0.0,0.0,0.0,211066.90024304268,0.0,0.0,0.0,211066.90024304268
aluminum_Region7Jilin_aluminum_Region27Shaanxi,0.0,0.0,0.0,283662.3167212369,0.0,0.0,0.0,283662.3167212369
aluminum_Region7Jilin_aluminum_Region28Gansu,0.0,0.0,0.0,204458.68195878246,0.0,0.0,0.0,204458.68195878246
aluminum_Region7Jilin_aluminum_Region29Qinghai,0.0,0.0,0.0,216815.2960509622,0.0,0.0,0.0,216815.2960509622
aluminum_Region7Jilin_aluminum_Region30Ningxia,0.0,0.0,0.0,261490.95328010074,0.0,0.0,0.0,261490.95328010074
aluminum_Region7Jilin_aluminum_Region31Xinjiang,0.0,0.0,0.0,200513.57049365697,0.0,0.0,0.0,200513.57049365697
aluminum_Region8Heilongjiang_aluminum_Region1Beijing,0.0,0.0,0.0,564107.3031545572,0.0,0.0,0.0,564107.3031545572
aluminum_Region8Heilongjiang_aluminum_Region2Tianjin,0.0,0.0,0.0,707683.7251875319,0.0,0.0,0.0,707683.7251875319
aluminum_Region8Heilongjiang_aluminum_Region3Hebei,0.0,0.0,0.0,462001.60146156064,0.0,0.0,0.0,462001.60146156064
aluminum_Region8Heilongjiang_aluminum_Region4Shanxi,0.0,0.0,0.0,320388.55914333474,0.0,0.0,0.0,320388.55914333474
aluminum_Region8Heilongjiang_aluminum_Region5Innermongolia,0.0,0.0,0.0,253895.4159510263,0.0,0.0,0.0,253895.4159510263
aluminum_Region8Heilongjiang_aluminum_Region6Liaoning,0.0,0.0,0.0,360697.6752657794,0.0,0.0,0.0,360697.6752657794
aluminum_Region8Heilongjiang_aluminum_Region7Jilin,0.0,0.0,0.0,142957.8803042253,0.0,0.0,0.0,142957.8803042253
aluminum_Region8Heilongjiang_aluminum_Region9Shanghai,0.0,0.0,0.0,372682.4335210264,0.0,0.0,0.0,372682.4335210264
aluminum_Region8Heilongjiang_aluminum_Region10Jiangsu,0.0,0.0,0.0,575082.6150253479,0.0,0.0,0.0,575082.6150253479
aluminum_Region8Heilongjiang_aluminum_Region11Zhejiang,0.0,0.0,0.0,373028.93651191663,0.0,0.0,0.0,373028.93651191663
aluminum_Region8Heilongjiang_aluminum_Region12Anhui,0.0,0.0,0.0,465306.8852116078,0.0,0.0,0.0,465306.8852116078
aluminum_Region8Heilongjiang_aluminum_Region13Fujian,0.0,0.0,0.0,247898.99463353737,0.0,0.0,0.0,247898.99463353737
aluminum_Region8Heilongjiang_aluminum_Region14Jiangxi,0.0,0.0,0.0,285364.25837368454,0.0,0.0,0.0,285364.25837368454
aluminum_Region8Heilongjiang_aluminum_Region15Shandong,0.0,0.0,0.0,937959.2238699681,0.0,0.0,0.0,937959.2238699681
aluminum_Region8Heilongjiang_aluminum_Region16Henan,0.0,0.0,0.0,469394.7347932825,0.0,0.0,0.0,469394.7347932825
aluminum_Region8Heilongjiang_aluminum_Region17Hubei,0.0,0.0,0.0,314303.2069462621,0.0,0.0,0.0,314303.2069462621
aluminum_Region8Heilongjiang_aluminum_Region18Hunan,0.0,0.0,0.0,250393.0232613113,0.0,0.0,0.0,250393.0232613113
aluminum_Region8Heilongjiang_aluminum_Region19Guangdong,0.0,0.0,0.0,254423.86082024526,0.0,0.0,0.0,254423.86082024526
aluminum_Region8Heilongjiang_aluminum_Region20Guangxi,0.0,0.0,0.0,207516.6112087552,0.0,0.0,0.0,207516.6112087552
aluminum_Region8Heilongjiang_aluminum_Region21Hainan,0.0,0.0,0.0,206047.24217932802,0.0,0.0,0.0,206047.24217932802
aluminum_Region8Heilongjiang_aluminum_Region22Chongqing,0.0,0.0,0.0,198352.07041760744,0.0,0.0,0.0,198352.07041760744
aluminum_Region8Heilongjiang_aluminum_Region23Sichuan,0.0,0.0,0.0,225630.1153411938,0.0,0.0,0.0,225630.1153411938
aluminum_Region8Heilongjiang_aluminum_Region24Guizhou,0.0,0.0,0.0,182998.82078912965,0.0,0.0,0.0,182998.82078912965
aluminum_Region8Heilongjiang_aluminum_Region25Yunnan,0.0,0.0,0.0,211144.15822188067,0.0,0.0,0.0,211144.15822188067
aluminum_Region8Heilongjiang_aluminum_Region27Shaanxi,0.0,0.0,0.0,273388.058602299,0.0,0.0,0.0,273388.058602299
aluminum_Region8Heilongjiang_aluminum_Region28Gansu,0.0,0.0,0.0,205158.6432441958,0.0,0.0,0.0,205158.6432441958
aluminum_Region8Heilongjiang_aluminum_Region29Qinghai,0.0,0.0,0.0,216372.761620286,0.0,0.0,0.0,216372.761620286
aluminum_Region8Heilongjiang_aluminum_Region30Ningxia,0.0,0.0,0.0,255195.1990571732,0.0,0.0,0.0,255195.1990571732
aluminum_Region8Heilongjiang_aluminum_Region31Xinjiang,0.0,0.0,0.0,201303.72085573475,0.0,0.0,0.0,201303.72085573475
aluminum_Region9Shanghai_aluminum_Region1Beijing,0.0,0.0,0.0,156075.44006033122,0.0,0.0,0.0,156075.44006033122
aluminum_Region9Shanghai_aluminum_Region2Tianjin,0.0,0.0,0.0,161419.70935819866,0.0,0.0,0.0,161419.70935819866
aluminum_Region9Shanghai_aluminum_Region3Hebei,0.0,0.0,0.0,159395.3172778907,0.0,0.0,0.0,159395.3172778907
aluminum_Region9Shanghai_aluminum_Region4Shanxi,0.0,0.0,0.0,147334.01732285344,0.0,0.0,0.0,147334.01732285344
aluminum_Region9Shanghai_aluminum_Region5Innermongolia,0.0,0.0,0.0,136878.70339975753,0.0,0.0,0.0,136878.70339975753
aluminum_Region9Shanghai_aluminum_Region6Liaoning,0.0,0.0,0.0,133052.85486454537,0.0,0.0,0.0,133052.85486454537
aluminum_Region9Shanghai_aluminum_Region7Jilin,0.0,0.0,0.0,126788.99798206711,0.0,0.0,0.0,126788.99798206711
aluminum_Region9Shanghai_aluminum_Region8Heilongjiang,0.0,0.0,0.0,131498.62237472206,0.0,0.0,0.0,131498.62237472206
aluminum_Region9Shanghai_aluminum_Region10Jiangsu,0.0,0.0,0.0,2.6466538720034533e6,0.0,0.0,0.0,2.6466538720034533e6
aluminum_Region9Shanghai_aluminum_Region11Zhejiang,0.0,0.0,0.0,158860.56902131342,0.0,0.0,0.0,158860.56902131342
aluminum_Region9Shanghai_aluminum_Region12Anhui,0.0,0.0,0.0,231202.0872696577,0.0,0.0,0.0,231202.0872696577
aluminum_Region9Shanghai_aluminum_Region13Fujian,0.0,0.0,0.0,113698.81119251743,0.0,0.0,0.0,113698.81119251743
aluminum_Region9Shanghai_aluminum_Region14Jiangxi,0.0,0.0,0.0,129986.35761634531,0.0,0.0,0.0,129986.35761634531
aluminum_Region9Shanghai_aluminum_Region15Shandong,0.0,0.0,0.0,202455.6629570783,0.0,0.0,0.0,202455.6629570783
aluminum_Region9Shanghai_aluminum_Region16Henan,0.0,0.0,0.0,192995.6096998149,0.0,0.0,0.0,192995.6096998149
aluminum_Region9Shanghai_aluminum_Region17Hubei,0.0,0.0,0.0,147794.27239650965,0.0,0.0,0.0,147794.27239650965
aluminum_Region9Shanghai_aluminum_Region18Hunan,0.0,0.0,0.0,130501.55457941878,0.0,0.0,0.0,130501.55457941878
aluminum_Region9Shanghai_aluminum_Region19Guangdong,0.0,0.0,0.0,158102.638574239,0.0,0.0,0.0,158102.638574239
aluminum_Region9Shanghai_aluminum_Region20Guangxi,0.0,0.0,0.0,131113.11450871723,0.0,0.0,0.0,131113.11450871723
aluminum_Region9Shanghai_aluminum_Region21Hainan,0.0,0.0,0.0,134555.1604343745,0.0,0.0,0.0,134555.1604343745
aluminum_Region9Shanghai_aluminum_Region22Chongqing,0.0,0.0,0.0,118754.40126335647,0.0,0.0,0.0,118754.40126335647
aluminum_Region9Shanghai_aluminum_Region23Sichuan,0.0,0.0,0.0,143992.44638236216,0.0,0.0,0.0,143992.44638236216
aluminum_Region9Shanghai_aluminum_Region24Guizhou,0.0,0.0,0.0,103377.9215387341,0.0,0.0,0.0,103377.9215387341
aluminum_Region9Shanghai_aluminum_Region25Yunnan,0.0,0.0,0.0,143695.61895140677,0.0,0.0,0.0,143695.61895140677
aluminum_Region9Shanghai_aluminum_Region27Shaanxi,0.0,0.0,0.0,148411.13408387935,0.0,0.0,0.0,148411.13408387935
aluminum_Region9Shanghai_aluminum_Region28Gansu,0.0,0.0,0.0,131309.81316131525,0.0,0.0,0.0,131309.81316131525
aluminum_Region9Shanghai_aluminum_Region29Qinghai,0.0,0.0,0.0,142766.51629632866,0.0,0.0,0.0,142766.51629632866
aluminum_Region9Shanghai_aluminum_Region30Ningxia,0.0,0.0,0.0,151173.9390475501,0.0,0.0,0.0,151173.9390475501
aluminum_Region9Shanghai_aluminum_Region31Xinjiang,0.0,0.0,0.0,156494.83606796802,0.0,0.0,0.0,156494.83606796802
aluminum_Region10Jiangsu_aluminum_Region1Beijing,0.0,0.0,0.0,122281.48548686497,0.0,0.0,0.0,122281.48548686497
aluminum_Region10Jiangsu_aluminum_Region2Tianjin,0.0,0.0,0.0,122196.85623745726,0.0,0.0,0.0,122196.85623745726
aluminum_Region10Jiangsu_aluminum_Region3Hebei,0.0,0.0,0.0,119305.00918566865,0.0,0.0,0.0,119305.00918566865
aluminum_Region10Jiangsu_aluminum_Region4Shanxi,0.0,0.0,0.0,117523.92843157658,0.0,0.0,0.0,117523.92843157658
aluminum_Region10Jiangsu_aluminum_Region5Innermongolia,0.0,0.0,0.0,115438.75793001265,0.0,0.0,0.0,115438.75793001265
aluminum_Region10Jiangsu_aluminum_Region6Liaoning,0.0,0.0,0.0,114526.19580924173,0.0,0.0,0.0,114526.19580924173
aluminum_Region10Jiangsu_aluminum_Region7Jilin,0.0,0.0,0.0,111943.12762870573,0.0,0.0,0.0,111943.12762870573
aluminum_Region10Jiangsu_aluminum_Region8Heilongjiang,0.0,0.0,0.0,117655.04397910424,0.0,0.0,0.0,117655.04397910424
aluminum_Region10Jiangsu_aluminum_Region9Shanghai,0.0,0.0,0.0,71098.35101560512,0.0,0.0,0.0,71098.35101560512
aluminum_Region10Jiangsu_aluminum_Region11Zhejiang,0.0,0.0,0.0,70793.10254429984,0.0,0.0,0.0,70793.10254429984
aluminum_Region10Jiangsu_aluminum_Region12Anhui,0.0,0.0,0.0,66342.142007317,0.0,0.0,0.0,66342.142007317
aluminum_Region10Jiangsu_aluminum_Region13Fujian,0.0,0.0,0.0,99869.41203686914,0.0,0.0,0.0,99869.41203686914
aluminum_Region10Jiangsu_aluminum_Region14Jiangxi,0.0,0.0,0.0,86127.56163570676,0.0,0.0,0.0,86127.56163570676
aluminum_Region10Jiangsu_aluminum_Region15Shandong,0.0,0.0,0.0,123550.88991881834,0.0,0.0,0.0,123550.88991881834
aluminum_Region10Jiangsu_aluminum_Region16Henan,0.0,0.0,0.0,122573.51915917572,0.0,0.0,0.0,122573.51915917572
aluminum_Region10Jiangsu_aluminum_Region17Hubei,0.0,0.0,0.0,84117.20684587283,0.0,0.0,0.0,84117.20684587283
aluminum_Region10Jiangsu_aluminum_Region18Hunan,0.0,0.0,0.0,98726.82617535413,0.0,0.0,0.0,98726.82617535413
aluminum_Region10Jiangsu_aluminum_Region19Guangdong,0.0,0.0,0.0,134183.40505469887,0.0,0.0,0.0,134183.40505469887
aluminum_Region10Jiangsu_aluminum_Region20Guangxi,0.0,0.0,0.0,115181.3134343787,0.0,0.0,0.0,115181.3134343787
aluminum_Region10Jiangsu_aluminum_Region21Hainan,0.0,0.0,0.0,121111.53078971502,0.0,0.0,0.0,121111.53078971502
aluminum_Region10Jiangsu_aluminum_Region22Chongqing,0.0,0.0,0.0,98864.6084690665,0.0,0.0,0.0,98864.6084690665
aluminum_Region10Jiangsu_aluminum_Region23Sichuan,0.0,0.0,0.0,123360.59691591944,0.0,0.0,0.0,123360.59691591944
aluminum_Region10Jiangsu_aluminum_Region24Guizhou,0.0,0.0,0.0,88958.81525583944,0.0,0.0,0.0,88958.81525583944
aluminum_Region10Jiangsu_aluminum_Region25Yunnan,0.0,0.0,0.0,127250.39127450557,0.0,0.0,0.0,127250.39127450557
aluminum_Region10Jiangsu_aluminum_Region27Shaanxi,0.0,0.0,0.0,116549.2768880235,0.0,0.0,0.0,116549.2768880235
aluminum_Region10Jiangsu_aluminum_Region28Gansu,0.0,0.0,0.0,112520.88290342232,0.0,0.0,0.0,112520.88290342232
aluminum_Region10Jiangsu_aluminum_Region29Qinghai,0.0,0.0,0.0,124389.13737498267,0.0,0.0,0.0,124389.13737498267
aluminum_Region10Jiangsu_aluminum_Region30Ningxia,0.0,0.0,0.0,128452.01594729516,0.0,0.0,0.0,128452.01594729516
aluminum_Region10Jiangsu_aluminum_Region31Xinjiang,0.0,0.0,0.0,145113.11793056046,0.0,0.0,0.0,145113.11793056046
aluminum_Region11Zhejiang_aluminum_Region1Beijing,0.0,0.0,0.0,155934.7833695627,0.0,0.0,0.0,155934.7833695627
aluminum_Region11Zhejiang_aluminum_Region2Tianjin,0.0,0.0,0.0,161026.84912172324,0.0,0.0,0.0,161026.84912172324
aluminum_Region11Zhejiang_aluminum_Region3Hebei,0.0,0.0,0.0,158976.96872005382,0.0,0.0,0.0,158976.96872005382
aluminum_Region11Zhejiang_aluminum_Region4Shanxi,0.0,0.0,0.0,147303.58201548678,0.0,0.0,0.0,147303.58201548678
aluminum_Region11Zhejiang_aluminum_Region5Innermongolia,0.0,0.0,0.0,137131.07401766448,0.0,0.0,0.0,137131.07401766448
aluminum_Region11Zhejiang_aluminum_Region6Liaoning,0.0,0.0,0.0,134249.3308148569,0.0,0.0,0.0,134249.3308148569
aluminum_Region11Zhejiang_aluminum_Region7Jilin,0.0,0.0,0.0,127950.09410261828,0.0,0.0,0.0,127950.09410261828
aluminum_Region11Zhejiang_aluminum_Region8Heilongjiang,0.0,0.0,0.0,132449.5186678683,0.0,0.0,0.0,132449.5186678683
aluminum_Region11Zhejiang_aluminum_Region9Shanghai,0.0,0.0,0.0,108214.14851386336,0.0,0.0,0.0,108214.14851386336
aluminum_Region11Zhejiang_aluminum_Region10Jiangsu,0.0,0.0,0.0,1.1413298754780388e7,0.0,0.0,0.0,1.1413298754780388e7
aluminum_Region11Zhejiang_aluminum_Region12Anhui,0.0,0.0,0.0,216217.00668574884,0.0,0.0,0.0,216217.00668574884
aluminum_Region11Zhejiang_aluminum_Region13Fujian,0.0,0.0,0.0,90874.20859353131,0.0,0.0,0.0,90874.20859353131
aluminum_Region11Zhejiang_aluminum_Region14Jiangxi,0.0,0.0,0.0,102913.62975662526,0.0,0.0,0.0,102913.62975662526
aluminum_Region11Zhejiang_aluminum_Region15Shandong,0.0,0.0,0.0,200174.60857922994,0.0,0.0,0.0,200174.60857922994
aluminum_Region11Zhejiang_aluminum_Region16Henan,0.0,0.0,0.0,189223.66484152921,0.0,0.0,0.0,189223.66484152921
aluminum_Region11Zhejiang_aluminum_Region17Hubei,0.0,0.0,0.0,133408.6415681487,0.0,0.0,0.0,133408.6415681487
aluminum_Region11Zhejiang_aluminum_Region18Hunan,0.0,0.0,0.0,117766.31014587358,0.0,0.0,0.0,117766.31014587358
aluminum_Region11Zhejiang_aluminum_Region19Guangdong,0.0,0.0,0.0,151568.8235884768,0.0,0.0,0.0,151568.8235884768
aluminum_Region11Zhejiang_aluminum_Region20Guangxi,0.0,0.0,0.0,125308.64460493463,0.0,0.0,0.0,125308.64460493463
aluminum_Region11Zhejiang_aluminum_Region21Hainan,0.0,0.0,0.0,129798.12032214322,0.0,0.0,0.0,129798.12032214322
aluminum_Region11Zhejiang_aluminum_Region22Chongqing,0.0,0.0,0.0,115396.29388324112,0.0,0.0,0.0,115396.29388324112
aluminum_Region11Zhejiang_aluminum_Region23Sichuan,0.0,0.0,0.0,141351.19505269328,0.0,0.0,0.0,141351.19505269328
aluminum_Region11Zhejiang_aluminum_Region24Guizhou,0.0,0.0,0.0,97241.63851065346,0.0,0.0,0.0,97241.63851065346
aluminum_Region11Zhejiang_aluminum_Region25Yunnan,0.0,0.0,0.0,139865.56689776178,0.0,0.0,0.0,139865.56689776178
aluminum_Region11Zhejiang_aluminum_Region27Shaanxi,0.0,0.0,0.0,145174.79744374452,0.0,0.0,0.0,145174.79744374452
aluminum_Region11Zhejiang_aluminum_Region28Gansu,0.0,0.0,0.0,129661.51947885157,0.0,0.0,0.0,129661.51947885157
aluminum_Region11Zhejiang_aluminum_Region29Qinghai,0.0,0.0,0.0,141293.27156677336,0.0,0.0,0.0,141293.27156677336
aluminum_Region11Zhejiang_aluminum_Region30Ningxia,0.0,0.0,0.0,150005.04272881016,0.0,0.0,0.0,150005.04272881016
aluminum_Region11Zhejiang_aluminum_Region31Xinjiang,0.0,0.0,0.0,155683.42072451356,0.0,0.0,0.0,155683.42072451356
aluminum_Region12Anhui_aluminum_Region1Beijing,0.0,0.0,0.0,135306.92401528428,0.0,0.0,0.0,135306.92401528428
aluminum_Region12Anhui_aluminum_Region2Tianjin,0.0,0.0,0.0,138642.8770722077,0.0,0.0,0.0,138642.8770722077
aluminum_Region12Anhui_aluminum_Region3Hebei,0.0,0.0,0.0,129835.14649400035,0.0,0.0,0.0,129835.14649400035
aluminum_Region12Anhui_aluminum_Region4Shanxi,0.0,0.0,0.0,122369.57242004701,0.0,0.0,0.0,122369.57242004701
aluminum_Region12Anhui_aluminum_Region5Innermongolia,0.0,0.0,0.0,121247.95114303325,0.0,0.0,0.0,121247.95114303325
aluminum_Region12Anhui_aluminum_Region6Liaoning,0.0,0.0,0.0,122333.67487872766,0.0,0.0,0.0,122333.67487872766
aluminum_Region12Anhui_aluminum_Region7Jilin,0.0,0.0,0.0,118175.96577268517,0.0,0.0,0.0,118175.96577268517
aluminum_Region12Anhui_aluminum_Region8Heilongjiang,0.0,0.0,0.0,123595.46643807334,0.0,0.0,0.0,123595.46643807334
aluminum_Region12Anhui_aluminum_Region9Shanghai,0.0,0.0,0.0,115757.80172271024,0.0,0.0,0.0,115757.80172271024
aluminum_Region12Anhui_aluminum_Region10Jiangsu,0.0,0.0,0.0,1.4223410568525055e6,0.0,0.0,0.0,1.4223410568525055e6
aluminum_Region12Anhui_aluminum_Region11Zhejiang,0.0,0.0,0.0,114551.35605813103,0.0,0.0,0.0,114551.35605813103
aluminum_Region12Anhui_aluminum_Region13Fujian,0.0,0.0,0.0,112319.80905786669,0.0,0.0,0.0,112319.80905786669
aluminum_Region12Anhui_aluminum_Region14Jiangxi,0.0,0.0,0.0,77848.02029026841,0.0,0.0,0.0,77848.02029026841
aluminum_Region12Anhui_aluminum_Region15Shandong,0.0,0.0,0.0,148604.75934196162,0.0,0.0,0.0,148604.75934196162
aluminum_Region12Anhui_aluminum_Region16Henan,0.0,0.0,0.0,125903.39911738444,0.0,0.0,0.0,125903.39911738444
aluminum_Region12Anhui_aluminum_Region17Hubei,0.0,0.0,0.0,74538.52431501664,0.0,0.0,0.0,74538.52431501664
aluminum_Region12Anhui_aluminum_Region18Hunan,0.0,0.0,0.0,91523.69030869567,0.0,0.0,0.0,91523.69030869567
aluminum_Region12Anhui_aluminum_Region19Guangdong,0.0,0.0,0.0,139954.87966258737,0.0,0.0,0.0,139954.87966258737
aluminum_Region12Anhui_aluminum_Region20Guangxi,0.0,0.0,0.0,116499.468075878,0.0,0.0,0.0,116499.468075878
aluminum_Region12Anhui_aluminum_Region21Hainan,0.0,0.0,0.0,123593.47599568786,0.0,0.0,0.0,123593.47599568786
aluminum_Region12Anhui_aluminum_Region22Chongqing,0.0,0.0,0.0,97632.1711965165,0.0,0.0,0.0,97632.1711965165
aluminum_Region12Anhui_aluminum_Region23Sichuan,0.0,0.0,0.0,126114.73368651544,0.0,0.0,0.0,126114.73368651544
aluminum_Region12Anhui_aluminum_Region24Guizhou,0.0,0.0,0.0,85191.69793902627,0.0,0.0,0.0,85191.69793902627
aluminum_Region12Anhui_aluminum_Region25Yunnan,0.0,0.0,0.0,129085.0846523938,0.0,0.0,0.0,129085.0846523938
aluminum_Region12Anhui_aluminum_Region27Shaanxi,0.0,0.0,0.0,117855.84681188529,0.0,0.0,0.0,117855.84681188529
aluminum_Region12Anhui_aluminum_Region28Gansu,0.0,0.0,0.0,113602.27667417961,0.0,0.0,0.0,113602.27667417961
aluminum_Region12Anhui_aluminum_Region29Qinghai,0.0,0.0,0.0,126874.48767557697,0.0,0.0,0.0,126874.48767557697
aluminum_Region12Anhui_aluminum_Region30Ningxia,0.0,0.0,0.0,133553.63611023538,0.0,0.0,0.0,133553.63611023538
aluminum_Region12Anhui_aluminum_Region31Xinjiang,0.0,0.0,0.0,148019.8997436437,0.0,0.0,0.0,148019.8997436437
aluminum_Region13Fujian_aluminum_Region1Beijing,0.0,0.0,0.0,217256.7626629571,0.0,0.0,0.0,217256.7626629571
aluminum_Region13Fujian_aluminum_Region2Tianjin,0.0,0.0,0.0,231337.9356805019,0.0,0.0,0.0,231337.9356805019
aluminum_Region13Fujian_aluminum_Region3Hebei,0.0,0.0,0.0,229853.05982119235,0.0,0.0,0.0,229853.05982119235
aluminum_Region13Fujian_aluminum_Region4Shanxi,0.0,0.0,0.0,201213.5908753762,0.0,0.0,0.0,201213.5908753762
aluminum_Region13Fujian_aluminum_Region5Innermongolia,0.0,0.0,0.0,176250.8624054419,0.0,0.0,0.0,176250.8624054419
aluminum_Region13Fujian_aluminum_Region6Liaoning,0.0,0.0,0.0,173030.31829265266,0.0,0.0,0.0,173030.31829265266
aluminum_Region13Fujian_aluminum_Region7Jilin,0.0,0.0,0.0,159930.04501951797,0.0,0.0,0.0,159930.04501951797
aluminum_Region13Fujian_aluminum_Region8Heilongjiang,0.0,0.0,0.0,161804.0227619981,0.0,0.0,0.0,161804.0227619981
aluminum_Region13Fujian_aluminum_Region9Shanghai,0.0,0.0,0.0,510606.4285248886,0.0,0.0,0.0,510606.4285248886
aluminum_Region13Fujian_aluminum_Region10Jiangsu,0.0,0.0,0.0,1.9840065740568382e6,0.0,0.0,0.0,1.9840065740568382e6
aluminum_Region13Fujian_aluminum_Region11Zhejiang,0.0,0.0,0.0,1.0227541893332046e6,0.0,0.0,0.0,1.0227541893332046e6
aluminum_Region13Fujian_aluminum_Region12Anhui,0.0,0.0,0.0,624679.5846983785,0.0,0.0,0.0,624679.5846983785
aluminum_Region13Fujian_aluminum_Region14Jiangxi,0.0,0.0,0.0,262278.2933162683,0.0,0.0,0.0,262278.2933162683
aluminum_Region13Fujian_aluminum_Region15Shandong,0.0,0.0,0.0,314783.6134741162,0.0,0.0,0.0,314783.6134741162
aluminum_Region13Fujian_aluminum_Region16Henan,0.0,0.0,0.0,304525.92319168954,0.0,0.0,0.0,304525.92319168954
aluminum_Region13Fujian_aluminum_Region17Hubei,0.0,0.0,0.0,279423.67222321406,0.0,0.0,0.0,279423.67222321406
aluminum_Region13Fujian_aluminum_Region18Hunan,0.0,0.0,0.0,183528.48258160468,0.0,0.0,0.0,183528.48258160468
aluminum_Region13Fujian_aluminum_Region19Guangdong,0.0,0.0,0.0,219768.81367719732,0.0,0.0,0.0,219768.81367719732
aluminum_Region13Fujian_aluminum_Region20Guangxi,0.0,0.0,0.0,146556.8335164827,0.0,0.0,0.0,146556.8335164827
aluminum_Region13Fujian_aluminum_Region21Hainan,0.0,0.0,0.0,149440.09774711155,0.0,0.0,0.0,149440.09774711155
aluminum_Region13Fujian_aluminum_Region22Chongqing,0.0,0.0,0.0,143876.41084718838,0.0,0.0,0.0,143876.41084718838
aluminum_Region13Fujian_aluminum_Region23Sichuan,0.0,0.0,0.0,176544.9331699433,0.0,0.0,0.0,176544.9331699433
aluminum_Region13Fujian_aluminum_Region24Guizhou,0.0,0.0,0.0,108931.98752649766,0.0,0.0,0.0,108931.98752649766
aluminum_Region13Fujian_aluminum_Region25Yunnan,0.0,0.0,0.0,165004.03540232487,0.0,0.0,0.0,165004.03540232487
aluminum_Region13Fujian_aluminum_Region27Shaanxi,0.0,0.0,0.0,200446.06457819094,0.0,0.0,0.0,200446.06457819094
aluminum_Region13Fujian_aluminum_Region28Gansu,0.0,0.0,0.0,160260.0019094977,0.0,0.0,0.0,160260.0019094977
aluminum_Region13Fujian_aluminum_Region29Qinghai,0.0,0.0,0.0,171907.20175103005,0.0,0.0,0.0,171907.20175103005
aluminum_Region13Fujian_aluminum_Region30Ningxia,0.0,0.0,0.0,188494.92254343568,0.0,0.0,0.0,188494.92254343568
aluminum_Region13Fujian_aluminum_Region31Xinjiang,0.0,0.0,0.0,174615.80925299905,0.0,0.0,0.0,174615.80925299905
aluminum_Region14Jiangxi_aluminum_Region1Beijing,0.0,0.0,0.0,193792.25763447405,0.0,0.0,0.0,193792.25763447405
aluminum_Region14Jiangxi_aluminum_Region2Tianjin,0.0,0.0,0.0,205714.27295218516,0.0,0.0,0.0,205714.27295218516
aluminum_Region14Jiangxi_aluminum_Region3Hebei,0.0,0.0,0.0,200870.1637432443,0.0,0.0,0.0,200870.1637432443
aluminum_Region14Jiangxi_aluminum_Region4Shanxi,0.0,0.0,0.0,174631.78410234273,0.0,0.0,0.0,174631.78410234273
aluminum_Region14Jiangxi_aluminum_Region5Innermongolia,0.0,0.0,0.0,155368.00763973015,0.0,0.0,0.0,155368.00763973015
aluminum_Region14Jiangxi_aluminum_Region6Liaoning,0.0,0.0,0.0,156180.36318021143,0.0,0.0,0.0,156180.36318021143
aluminum_Region14Jiangxi_aluminum_Region7Jilin,0.0,0.0,0.0,145519.5122399319,0.0,0.0,0.0,145519.5122399319
aluminum_Region14Jiangxi_aluminum_Region8Heilongjiang,0.0,0.0,0.0,148686.62322568512,0.0,0.0,0.0,148686.62322568512
aluminum_Region14Jiangxi_aluminum_Region9Shanghai,0.0,0.0,0.0,299143.8185361009,0.0,0.0,0.0,299143.8185361009
aluminum_Region14Jiangxi_aluminum_Region10Jiangsu,0.0,0.0,0.0,1.3967314364523176e7,0.0,0.0,0.0,1.3967314364523176e7
aluminum_Region14Jiangxi_aluminum_Region11Zhejiang,0.0,0.0,0.0,381697.4051539649,0.0,0.0,0.0,381697.4051539649
aluminum_Region14Jiangxi_aluminum_Region12Anhui,0.0,0.0,0.0,4.02502257053424e6,0.0,0.0,0.0,4.02502257053424e6
aluminum_Region14Jiangxi_aluminum_Region13Fujian,0.0,0.0,0.0,119407.42435222845,0.0,0.0,0.0,119407.42435222845
aluminum_Region14Jiangxi_aluminum_Region15Shandong,0.0,0.0,0.0,290666.09027439024,0.0,0.0,0.0,290666.09027439024
aluminum_Region14Jiangxi_aluminum_Region16Henan,0.0,0.0,0.0,283869.2963733205,0.0,0.0,0.0,283869.2963733205
aluminum_Region14Jiangxi_aluminum_Region17Hubei,0.0,0.0,0.0,182068.8431233106,0.0,0.0,0.0,182068.8431233106
aluminum_Region14Jiangxi_aluminum_Region18Hunan,0.0,0.0,0.0,76746.61260394707,0.0,0.0,0.0,76746.61260394707
aluminum_Region14Jiangxi_aluminum_Region19Guangdong,0.0,0.0,0.0,166740.4248583819,0.0,0.0,0.0,166740.4248583819
aluminum_Region14Jiangxi_aluminum_Region20Guangxi,0.0,0.0,0.0,120131.63041270344,0.0,0.0,0.0,120131.63041270344
aluminum_Region14Jiangxi_aluminum_Region21Hainan,0.0,0.0,0.0,133007.22832845524,0.0,0.0,0.0,133007.22832845524
aluminum_Region14Jiangxi_aluminum_Region22Chongqing,0.0,0.0,0.0,111289.45070281696,0.0,0.0,0.0,111289.45070281696
aluminum_Region14Jiangxi_aluminum_Region23Sichuan,0.0,0.0,0.0,151373.86917197617,0.0,0.0,0.0,151373.86917197617
aluminum_Region14Jiangxi_aluminum_Region24Guizhou,0.0,0.0,0.0,80552.93391260649,0.0,0.0,0.0,80552.93391260649
aluminum_Region14Jiangxi_aluminum_Region25Yunnan,0.0,0.0,0.0,139315.47426677818,0.0,0.0,0.0,139315.47426677818
aluminum_Region14Jiangxi_aluminum_Region27Shaanxi,0.0,0.0,0.0,169203.09165948632,0.0,0.0,0.0,169203.09165948632
aluminum_Region14Jiangxi_aluminum_Region28Gansu,0.0,0.0,0.0,138727.91212743794,0.0,0.0,0.0,138727.91212743794
aluminum_Region14Jiangxi_aluminum_Region29Qinghai,0.0,0.0,0.0,152820.88826165898,0.0,0.0,0.0,152820.88826165898
aluminum_Region14Jiangxi_aluminum_Region30Ningxia,0.0,0.0,0.0,167782.07470901893,0.0,0.0,0.0,167782.07470901893
aluminum_Region14Jiangxi_aluminum_Region31Xinjiang,0.0,0.0,0.0,164045.99074572444,0.0,0.0,0.0,164045.99074572444
aluminum_Region15Shandong_aluminum_Region1Beijing,0.0,0.0,0.0,78641.43843670872,0.0,0.0,0.0,78641.43843670872
aluminum_Region15Shandong_aluminum_Region2Tianjin,0.0,0.0,0.0,72313.05975330298,0.0,0.0,0.0,72313.05975330298
aluminum_Region15Shandong_aluminum_Region3Hebei,0.0,0.0,0.0,69861.08828750721,0.0,0.0,0.0,69861.08828750721
aluminum_Region15Shandong_aluminum_Region4Shanxi,0.0,0.0,0.0,83530.07243884933,0.0,0.0,0.0,83530.07243884933
aluminum_Region15Shandong_aluminum_Region5Innermongolia,0.0,0.0,0.0,100108.42551119067,0.0,0.0,0.0,100108.42551119067
aluminum_Region15Shandong_aluminum_Region6Liaoning,0.0,0.0,0.0,99504.71422518928,0.0,0.0,0.0,99504.71422518928
aluminum_Region15Shandong_aluminum_Region7Jilin,0.0,0.0,0.0,100222.19932490724,0.0,0.0,0.0,100222.19932490724
aluminum_Region15Shandong_aluminum_Region8Heilongjiang,0.0,0.0,0.0,108811.20432037461,0.0,0.0,0.0,108811.20432037461
aluminum_Region15Shandong_aluminum_Region9Shanghai,0.0,0.0,0.0,172631.8798899301,0.0,0.0,0.0,172631.8798899301
aluminum_Region15Shandong_aluminum_Region10Jiangsu,0.0,0.0,0.0,268223.12858553056,0.0,0.0,0.0,268223.12858553056
aluminum_Region15Shandong_aluminum_Region11Zhejiang,0.0,0.0,0.0,176232.78639926802,0.0,0.0,0.0,176232.78639926802
aluminum_Region15Shandong_aluminum_Region12Anhui,0.0,0.0,0.0,200860.3110095921,0.0,0.0,0.0,200860.3110095921
aluminum_Region15Shandong_aluminum_Region13Fujian,0.0,0.0,0.0,140717.00448159358,0.0,0.0,0.0,140717.00448159358
aluminum_Region15Shandong_aluminum_Region14Jiangxi,0.0,0.0,0.0,143515.67993797356,0.0,0.0,0.0,143515.67993797356
aluminum_Region15Shandong_aluminum_Region16Henan,0.0,0.0,0.0,135658.21791018388,0.0,0.0,0.0,135658.21791018388
aluminum_Region15Shandong_aluminum_Region17Hubei,0.0,0.0,0.0,142747.21274057543,0.0,0.0,0.0,142747.21274057543
aluminum_Region15Shandong_aluminum_Region18Hunan,0.0,0.0,0.0,129137.21140849144,0.0,0.0,0.0,129137.21140849144
aluminum_Region15Shandong_aluminum_Region19Guangdong,0.0,0.0,0.0,158962.46315754473,0.0,0.0,0.0,158962.46315754473
aluminum_Region15Shandong_aluminum_Region20Guangxi,0.0,0.0,0.0,131789.50626014592,0.0,0.0,0.0,131789.50626014592
aluminum_Region15Shandong_aluminum_Region21Hainan,0.0,0.0,0.0,136788.9722163657,0.0,0.0,0.0,136788.9722163657
aluminum_Region15Shandong_aluminum_Region22Chongqing,0.0,0.0,0.0,112362.44840103878,0.0,0.0,0.0,112362.44840103878
aluminum_Region15Shandong_aluminum_Region23Sichuan,0.0,0.0,0.0,132203.62754438937,0.0,0.0,0.0,132203.62754438937
aluminum_Region15Shandong_aluminum_Region24Guizhou,0.0,0.0,0.0,104568.13744205469,0.0,0.0,0.0,104568.13744205469
aluminum_Region15Shandong_aluminum_Region25Yunnan,0.0,0.0,0.0,140032.27250640243,0.0,0.0,0.0,140032.27250640243
aluminum_Region15Shandong_aluminum_Region27Shaanxi,0.0,0.0,0.0,122473.31317213528,0.0,0.0,0.0,122473.31317213528
aluminum_Region15Shandong_aluminum_Region28Gansu,0.0,0.0,0.0,111502.76066982347,0.0,0.0,0.0,111502.76066982347
aluminum_Region15Shandong_aluminum_Region29Qinghai,0.0,0.0,0.0,124870.43571262242,0.0,0.0,0.0,124870.43571262242
aluminum_Region15Shandong_aluminum_Region30Ningxia,0.0,0.0,0.0,122792.23976215061,0.0,0.0,0.0,122792.23976215061
aluminum_Region15Shandong_aluminum_Region31Xinjiang,0.0,0.0,0.0,145574.2706107306,0.0,0.0,0.0,145574.2706107306
aluminum_Region16Henan_aluminum_Region1Beijing,0.0,0.0,0.0,125142.3549302705,0.0,0.0,0.0,125142.3549302705
aluminum_Region16Henan_aluminum_Region2Tianjin,0.0,0.0,0.0,132403.28100368372,0.0,0.0,0.0,132403.28100368372
aluminum_Region16Henan_aluminum_Region3Hebei,0.0,0.0,0.0,94063.19376976797,0.0,0.0,0.0,94063.19376976797
aluminum_Region16Henan_aluminum_Region4Shanxi,0.0,0.0,0.0,78063.58886991578,0.0,0.0,0.0,78063.58886991578
aluminum_Region16Henan_aluminum_Region5Innermongolia,0.0,0.0,0.0,102985.04403028975,0.0,0.0,0.0,102985.04403028975
aluminum_Region16Henan_aluminum_Region6Liaoning,0.0,0.0,0.0,121848.83802358534,0.0,0.0,0.0,121848.83802358534
aluminum_Region16Henan_aluminum_Region7Jilin,0.0,0.0,0.0,117254.04518565876,0.0,0.0,0.0,117254.04518565876
aluminum_Region16Henan_aluminum_Region8Heilongjiang,0.0,0.0,0.0,123283.12320362915,0.0,0.0,0.0,123283.12320362915
aluminum_Region16Henan_aluminum_Region9Shanghai,0.0,0.0,0.0,189702.86268958158,0.0,0.0,0.0,189702.86268958158
aluminum_Region16Henan_aluminum_Region10Jiangsu,0.0,0.0,0.0,306324.4489641905,0.0,0.0,0.0,306324.4489641905
aluminum_Region16Henan_aluminum_Region11Zhejiang,0.0,0.0,0.0,192462.1726830107,0.0,0.0,0.0,192462.1726830107
aluminum_Region16Henan_aluminum_Region12Anhui,0.0,0.0,0.0,227890.18837068096,0.0,0.0,0.0,227890.18837068096
aluminum_Region16Henan_aluminum_Region13Fujian,0.0,0.0,0.0,142793.7601251989,0.0,0.0,0.0,142793.7601251989
aluminum_Region16Henan_aluminum_Region14Jiangxi,0.0,0.0,0.0,141882.9302084029,0.0,0.0,0.0,141882.9302084029
aluminum_Region16Henan_aluminum_Region15Shandong,0.0,0.0,0.0,179790.36142972356,0.0,0.0,0.0,179790.36142972356
aluminum_Region16Henan_aluminum_Region17Hubei,0.0,0.0,0.0,117746.19245655561,0.0,0.0,0.0,117746.19245655561
aluminum_Region16Henan_aluminum_Region18Hunan,0.0,0.0,0.0,116413.17593656565,0.0,0.0,0.0,116413.17593656565
aluminum_Region16Henan_aluminum_Region19Guangdong,0.0,0.0,0.0,158186.2234754411,0.0,0.0,0.0,158186.2234754411
aluminum_Region16Henan_aluminum_Region20Guangxi,0.0,0.0,0.0,125591.72651449405,0.0,0.0,0.0,125591.72651449405
aluminum_Region16Henan_aluminum_Region21Hainan,0.0,0.0,0.0,132524.84100720607,0.0,0.0,0.0,132524.84100720607
aluminum_Region16Henan_aluminum_Region22Chongqing,0.0,0.0,0.0,101801.97522819268,0.0,0.0,0.0,101801.97522819268
aluminum_Region16Henan_aluminum_Region23Sichuan,0.0,0.0,0.0,122900.13010923934,0.0,0.0,0.0,122900.13010923934
aluminum_Region16Henan_aluminum_Region24Guizhou,0.0,0.0,0.0,92502.5134282047,0.0,0.0,0.0,92502.5134282047
aluminum_Region16Henan_aluminum_Region25Yunnan,0.0,0.0,0.0,135811.1742959027,0.0,0.0,0.0,135811.1742959027
aluminum_Region16Henan_aluminum_Region27Shaanxi,0.0,0.0,0.0,81920.13993131886,0.0,0.0,0.0,81920.13993131886
aluminum_Region16Henan_aluminum_Region28Gansu,0.0,0.0,0.0,101643.68595044775,0.0,0.0,0.0,101643.68595044775
aluminum_Region16Henan_aluminum_Region29Qinghai,0.0,0.0,0.0,118832.5143535933,0.0,0.0,0.0,118832.5143535933
aluminum_Region16Henan_aluminum_Region30Ningxia,0.0,0.0,0.0,120680.65145689978,0.0,0.0,0.0,120680.65145689978
aluminum_Region16Henan_aluminum_Region31Xinjiang,0.0,0.0,0.0,146272.29054922066,0.0,0.0,0.0,146272.29054922066
aluminum_Region17Hubei_aluminum_Region1Beijing,0.0,0.0,0.0,179629.5004760547,0.0,0.0,0.0,179629.5004760547
aluminum_Region17Hubei_aluminum_Region2Tianjin,0.0,0.0,0.0,191783.7840858045,0.0,0.0,0.0,191783.7840858045
aluminum_Region17Hubei_aluminum_Region3Hebei,0.0,0.0,0.0,181695.7829215845,0.0,0.0,0.0,181695.7829215845
aluminum_Region17Hubei_aluminum_Region4Shanxi,0.0,0.0,0.0,155207.5695197293,0.0,0.0,0.0,155207.5695197293
aluminum_Region17Hubei_aluminum_Region5Innermongolia,0.0,0.0,0.0,141444.58461875468,0.0,0.0,0.0,141444.58461875468
aluminum_Region17Hubei_aluminum_Region6Liaoning,0.0,0.0,0.0,147233.8514006238,0.0,0.0,0.0,147233.8514006238
aluminum_Region17Hubei_aluminum_Region7Jilin,0.0,0.0,0.0,137935.07122260556,0.0,0.0,0.0,137935.07122260556
aluminum_Region17Hubei_aluminum_Region8Heilongjiang,0.0,0.0,0.0,141851.67537443375,0.0,0.0,0.0,141851.67537443375
aluminum_Region17Hubei_aluminum_Region9Shanghai,0.0,0.0,0.0,252698.36740710694,0.0,0.0,0.0,252698.36740710694
aluminum_Region17Hubei_aluminum_Region10Jiangsu,0.0,0.0,0.0,1.8916885033564253e6,0.0,0.0,0.0,1.8916885033564253e6
aluminum_Region17Hubei_aluminum_Region11Zhejiang,0.0,0.0,0.0,265585.8282471939,0.0,0.0,0.0,265585.8282471939
aluminum_Region17Hubei_aluminum_Region12Anhui,0.0,0.0,0.0,1.6518487933164304e6,0.0,0.0,0.0,1.6518487933164304e6
aluminum_Region17Hubei_aluminum_Region13Fujian,0.0,0.0,0.0,146453.82330016996,0.0,0.0,0.0,146453.82330016996
aluminum_Region17Hubei_aluminum_Region14Jiangxi,0.0,0.0,0.0,120719.56728589046,0.0,0.0,0.0,120719.56728589046
aluminum_Region17Hubei_aluminum_Region15Shandong,0.0,0.0,0.0,278635.2375054891,0.0,0.0,0.0,278635.2375054891
aluminum_Region17Hubei_aluminum_Region16Henan,0.0,0.0,0.0,264878.8330988038,0.0,0.0,0.0,264878.8330988038
aluminum_Region17Hubei_aluminum_Region18Hunan,0.0,0.0,0.0,73694.75898722715,0.0,0.0,0.0,73694.75898722715
aluminum_Region17Hubei_aluminum_Region19Guangdong,0.0,0.0,0.0,168962.06690364008,0.0,0.0,0.0,168962.06690364008
aluminum_Region17Hubei_aluminum_Region20Guangxi,0.0,0.0,0.0,119105.11218996324,0.0,0.0,0.0,119105.11218996324
aluminum_Region17Hubei_aluminum_Region21Hainan,0.0,0.0,0.0,131905.997993448,0.0,0.0,0.0,131905.997993448
aluminum_Region17Hubei_aluminum_Region22Chongqing,0.0,0.0,0.0,91062.62060859258,0.0,0.0,0.0,91062.62060859258
aluminum_Region17Hubei_aluminum_Region23Sichuan,0.0,0.0,0.0,134862.53697876693,0.0,0.0,0.0,134862.53697876693
aluminum_Region17Hubei_aluminum_Region24Guizhou,0.0,0.0,0.0,76201.39990888261,0.0,0.0,0.0,76201.39990888261
aluminum_Region17Hubei_aluminum_Region25Yunnan,0.0,0.0,0.0,133481.88603100466,0.0,0.0,0.0,133481.88603100466
aluminum_Region17Hubei_aluminum_Region27Shaanxi,0.0,0.0,0.0,137019.96841623634,0.0,0.0,0.0,137019.96841623634
aluminum_Region17Hubei_aluminum_Region28Gansu,0.0,0.0,0.0,124233.7140600735,0.0,0.0,0.0,124233.7140600735
aluminum_Region17Hubei_aluminum_Region29Qinghai,0.0,0.0,0.0,140493.3816617169,0.0,0.0,0.0,140493.3816617169
aluminum_Region17Hubei_aluminum_Region30Ningxia,0.0,0.0,0.0,153971.07542278437,0.0,0.0,0.0,153971.07542278437
aluminum_Region17Hubei_aluminum_Region31Xinjiang,0.0,0.0,0.0,158046.46247859678,0.0,0.0,0.0,158046.46247859678
aluminum_Region18Hunan_aluminum_Region1Beijing,0.0,0.0,0.0,227758.7351318968,0.0,0.0,0.0,227758.7351318968
aluminum_Region18Hunan_aluminum_Region2Tianjin,0.0,0.0,0.0,244472.21479343367,0.0,0.0,0.0,244472.21479343367
aluminum_Region18Hunan_aluminum_Region3Hebei,0.0,0.0,0.0,248684.77211399487,0.0,0.0,0.0,248684.77211399487
aluminum_Region18Hunan_aluminum_Region4Shanxi,0.0,0.0,0.0,206758.21500081505,0.0,0.0,0.0,206758.21500081505
aluminum_Region18Hunan_aluminum_Region5Innermongolia,0.0,0.0,0.0,172644.34227309172,0.0,0.0,0.0,172644.34227309172
aluminum_Region18Hunan_aluminum_Region6Liaoning,0.0,0.0,0.0,172625.7017959103,0.0,0.0,0.0,172625.7017959103
aluminum_Region18Hunan_aluminum_Region7Jilin,0.0,0.0,0.0,158444.28579870195,0.0,0.0,0.0,158444.28579870195
aluminum_Region18Hunan_aluminum_Region8Heilongjiang,0.0,0.0,0.0,160579.22994022854,0.0,0.0,0.0,160579.22994022854
aluminum_Region18Hunan_aluminum_Region9Shanghai,0.0,0.0,0.0,376380.98476760165,0.0,0.0,0.0,376380.98476760165
aluminum_Region18Hunan_aluminum_Region10Jiangsu,0.0,0.0,0.0,2.4863317479742235e6,0.0,0.0,0.0,2.4863317479742235e6
aluminum_Region18Hunan_aluminum_Region11Zhejiang,0.0,0.0,0.0,476245.997291732,0.0,0.0,0.0,476245.997291732
aluminum_Region18Hunan_aluminum_Region12Anhui,0.0,0.0,0.0,1.7480791999229298e6,0.0,0.0,0.0,1.7480791999229298e6
aluminum_Region18Hunan_aluminum_Region13Fujian,0.0,0.0,0.0,196838.31543603385,0.0,0.0,0.0,196838.31543603385
aluminum_Region18Hunan_aluminum_Region14Jiangxi,0.0,0.0,0.0,412157.1151810989,0.0,0.0,0.0,412157.1151810989
aluminum_Region18Hunan_aluminum_Region15Shandong,0.0,0.0,0.0,386360.7039452203,0.0,0.0,0.0,386360.7039452203
aluminum_Region18Hunan_aluminum_Region16Henan,0.0,0.0,0.0,494637.7518379636,0.0,0.0,0.0,494637.7518379636
aluminum_Region18Hunan_aluminum_Region17Hubei,0.0,0.0,0.0,1.830403677003811e6,0.0,0.0,0.0,1.830403677003811e6
aluminum_Region18Hunan_aluminum_Region19Guangdong,0.0,0.0,0.0,226114.5912815077,0.0,0.0,0.0,226114.5912815077
aluminum_Region18Hunan_aluminum_Region20Guangxi,0.0,0.0,0.0,121126.25047388767,0.0,0.0,0.0,121126.25047388767
aluminum_Region18Hunan_aluminum_Region21Hainan,0.0,0.0,0.0,143117.9964164246,0.0,0.0,0.0,143117.9964164246
aluminum_Region18Hunan_aluminum_Region22Chongqing,0.0,0.0,0.0,102116.6830187742,0.0,0.0,0.0,102116.6830187742
aluminum_Region18Hunan_aluminum_Region23Sichuan,0.0,0.0,0.0,165390.13186088947,0.0,0.0,0.0,165390.13186088947
aluminum_Region18Hunan_aluminum_Region24Guizhou,0.0,0.0,0.0,66493.42438006612,0.0,0.0,0.0,66493.42438006612
aluminum_Region18Hunan_aluminum_Region25Yunnan,0.0,0.0,0.0,143741.08409959835,0.0,0.0,0.0,143741.08409959835
aluminum_Region18Hunan_aluminum_Region27Shaanxi,0.0,0.0,0.0,207343.6655739625,0.0,0.0,0.0,207343.6655739625
aluminum_Region18Hunan_aluminum_Region28Gansu,0.0,0.0,0.0,150968.7282089813,0.0,0.0,0.0,150968.7282089813
aluminum_Region18Hunan_aluminum_Region29Qinghai,0.0,0.0,0.0,166639.8387034633,0.0,0.0,0.0,166639.8387034633
aluminum_Region18Hunan_aluminum_Region30Ningxia,0.0,0.0,0.0,188293.49908648452,0.0,0.0,0.0,188293.49908648452
aluminum_Region18Hunan_aluminum_Region31Xinjiang,0.0,0.0,0.0,172198.84599111544,0.0,0.0,0.0,172198.84599111544
aluminum_Region19Guangdong_aluminum_Region1Beijing,0.0,0.0,0.0,199102.608976444,0.0,0.0,0.0,199102.608976444
aluminum_Region19Guangdong_aluminum_Region2Tianjin,0.0,0.0,0.0,207446.14261151655,0.0,0.0,0.0,207446.14261151655
aluminum_Region19Guangdong_aluminum_Region3Hebei,0.0,0.0,0.0,208545.31289266126,0.0,0.0,0.0,208545.31289266126
aluminum_Region19Guangdong_aluminum_Region4Shanxi,0.0,0.0,0.0,186056.58451169575,0.0,0.0,0.0,186056.58451169575
aluminum_Region19Guangdong_aluminum_Region5Innermongolia,0.0,0.0,0.0,167154.08922098338,0.0,0.0,0.0,167154.08922098338
aluminum_Region19Guangdong_aluminum_Region6Liaoning,0.0,0.0,0.0,168099.46639923294,0.0,0.0,0.0,168099.46639923294
aluminum_Region19Guangdong_aluminum_Region7Jilin,0.0,0.0,0.0,157687.62574174916,0.0,0.0,0.0,157687.62574174916
aluminum_Region19Guangdong_aluminum_Region8Heilongjiang,0.0,0.0,0.0,159443.4806380725,0.0,0.0,0.0,159443.4806380725
aluminum_Region19Guangdong_aluminum_Region9Shanghai,0.0,0.0,0.0,251862.21702482426,0.0,0.0,0.0,251862.21702482426
aluminum_Region19Guangdong_aluminum_Region10Jiangsu,0.0,0.0,0.0,350460.2259902975,0.0,0.0,0.0,350460.2259902975
aluminum_Region19Guangdong_aluminum_Region11Zhejiang,0.0,0.0,0.0,265822.58928714256,0.0,0.0,0.0,265822.58928714256
aluminum_Region19Guangdong_aluminum_Region12Anhui,0.0,0.0,0.0,309722.2270450749,0.0,0.0,0.0,309722.2270450749
aluminum_Region19Guangdong_aluminum_Region13Fujian,0.0,0.0,0.0,163937.10494921147,0.0,0.0,0.0,163937.10494921147
aluminum_Region19Guangdong_aluminum_Region14Jiangxi,0.0,0.0,0.0,200152.52096445186,0.0,0.0,0.0,200152.52096445186
aluminum_Region19Guangdong_aluminum_Region15Shandong,0.0,0.0,0.0,253056.7707612364,0.0,0.0,0.0,253056.7707612364
aluminum_Region19Guangdong_aluminum_Region16Henan,0.0,0.0,0.0,254333.30053815796,0.0,0.0,0.0,254333.30053815796
aluminum_Region19Guangdong_aluminum_Region17Hubei,0.0,0.0,0.0,220535.0337604481,0.0,0.0,0.0,220535.0337604481
aluminum_Region19Guangdong_aluminum_Region18Hunan,0.0,0.0,0.0,141248.89127234678,0.0,0.0,0.0,141248.89127234678
aluminum_Region19Guangdong_aluminum_Region20Guangxi,0.0,0.0,0.0,72369.07583608941,0.0,0.0,0.0,72369.07583608941
aluminum_Region19Guangdong_aluminum_Region21Hainan,0.0,0.0,0.0,80382.84013357147,0.0,0.0,0.0,80382.84013357147
aluminum_Region19Guangdong_aluminum_Region22Chongqing,0.0,0.0,0.0,121798.44083683072,0.0,0.0,0.0,121798.44083683072
aluminum_Region19Guangdong_aluminum_Region23Sichuan,0.0,0.0,0.0,158051.58873982704,0.0,0.0,0.0,158051.58873982704
aluminum_Region19Guangdong_aluminum_Region24Guizhou,0.0,0.0,0.0,75496.92218222024,0.0,0.0,0.0,75496.92218222024
aluminum_Region19Guangdong_aluminum_Region25Yunnan,0.0,0.0,0.0,132146.89152818432,0.0,0.0,0.0,132146.89152818432
aluminum_Region19Guangdong_aluminum_Region27Shaanxi,0.0,0.0,0.0,183079.79835457122,0.0,0.0,0.0,183079.79835457122
aluminum_Region19Guangdong_aluminum_Region28Gansu,0.0,0.0,0.0,151736.40382664895,0.0,0.0,0.0,151736.40382664895
aluminum_Region19Guangdong_aluminum_Region29Qinghai,0.0,0.0,0.0,162734.59057113656,0.0,0.0,0.0,162734.59057113656
aluminum_Region19Guangdong_aluminum_Region30Ningxia,0.0,0.0,0.0,177061.1847938543,0.0,0.0,0.0,177061.1847938543
aluminum_Region19Guangdong_aluminum_Region31Xinjiang,0.0,0.0,0.0,169009.4215013907,0.0,0.0,0.0,169009.4215013907
aluminum_Region20Guangxi_aluminum_Region1Beijing,0.0,0.0,0.0,264609.26892036566,0.0,0.0,0.0,264609.26892036566
aluminum_Region20Guangxi_aluminum_Region2Tianjin,0.0,0.0,0.0,279770.97312897845,0.0,0.0,0.0,279770.97312897845
aluminum_Region20Guangxi_aluminum_Region3Hebei,0.0,0.0,0.0,294372.9329250299,0.0,0.0,0.0,294372.9329250299
aluminum_Region20Guangxi_aluminum_Region4Shanxi,0.0,0.0,0.0,255205.42164535643,0.0,0.0,0.0,255205.42164535643
aluminum_Region20Guangxi_aluminum_Region5Innermongolia,0.0,0.0,0.0,210659.48805586965,0.0,0.0,0.0,210659.48805586965
aluminum_Region20Guangxi_aluminum_Region6Liaoning,0.0,0.0,0.0,203491.82851593895,0.0,0.0,0.0,203491.82851593895
aluminum_Region20Guangxi_aluminum_Region7Jilin,0.0,0.0,0.0,185827.6758867607,0.0,0.0,0.0,185827.6758867607
aluminum_Region20Guangxi_aluminum_Region8Heilongjiang,0.0,0.0,0.0,185692.15154342575,0.0,0.0,0.0,185692.15154342575
aluminum_Region20Guangxi_aluminum_Region9Shanghai,0.0,0.0,0.0,374967.9979371559,0.0,0.0,0.0,374967.9979371559
aluminum_Region20Guangxi_aluminum_Region10Jiangsu,0.0,0.0,0.0,613984.7329146097,0.0,0.0,0.0,613984.7329146097
aluminum_Region20Guangxi_aluminum_Region11Zhejiang,0.0,0.0,0.0,420233.87575050135,0.0,0.0,0.0,420233.87575050135
aluminum_Region20Guangxi_aluminum_Region12Anhui,0.0,0.0,0.0,552638.2567399344,0.0,0.0,0.0,552638.2567399344
aluminum_Region20Guangxi_aluminum_Region13Fujian,0.0,0.0,0.0,273520.1656431739,0.0,0.0,0.0,273520.1656431739
aluminum_Region20Guangxi_aluminum_Region14Jiangxi,0.0,0.0,0.0,401603.95635793573,0.0,0.0,0.0,401603.95635793573
aluminum_Region20Guangxi_aluminum_Region15Shandong,0.0,0.0,0.0,377611.58088982006,0.0,0.0,0.0,377611.58088982006
aluminum_Region20Guangxi_aluminum_Region16Henan,0.0,0.0,0.0,434504.47273587494,0.0,0.0,0.0,434504.47273587494
aluminum_Region20Guangxi_aluminum_Region17Hubei,0.0,0.0,0.0,449218.82709213305,0.0,0.0,0.0,449218.82709213305
aluminum_Region20Guangxi_aluminum_Region18Hunan,0.0,0.0,0.0,342320.82580411085,0.0,0.0,0.0,342320.82580411085
aluminum_Region20Guangxi_aluminum_Region19Guangdong,0.0,0.0,0.0,1.0489739425040296e8,0.0,0.0,0.0,1.0489739425040296e8
aluminum_Region20Guangxi_aluminum_Region21Hainan,0.0,0.0,0.0,161795.91692770555,0.0,0.0,0.0,161795.91692770555
aluminum_Region20Guangxi_aluminum_Region22Chongqing,0.0,0.0,0.0,163126.02985062232,0.0,0.0,0.0,163126.02985062232
aluminum_Region20Guangxi_aluminum_Region23Sichuan,0.0,0.0,0.0,234084.22219162536,0.0,0.0,0.0,234084.22219162536
aluminum_Region20Guangxi_aluminum_Region24Guizhou,0.0,0.0,0.0,76131.80705781598,0.0,0.0,0.0,76131.80705781598
aluminum_Region20Guangxi_aluminum_Region25Yunnan,0.0,0.0,0.0,178495.44356017507,0.0,0.0,0.0,178495.44356017507
aluminum_Region20Guangxi_aluminum_Region27Shaanxi,0.0,0.0,0.0,273425.4978599354,0.0,0.0,0.0,273425.4978599354
aluminum_Region20Guangxi_aluminum_Region28Gansu,0.0,0.0,0.0,188115.91097636463,0.0,0.0,0.0,188115.91097636463
aluminum_Region20Guangxi_aluminum_Region29Qinghai,0.0,0.0,0.0,202814.3641289407,0.0,0.0,0.0,202814.3641289407
aluminum_Region20Guangxi_aluminum_Region30Ningxia,0.0,0.0,0.0,231826.6063160452,0.0,0.0,0.0,231826.6063160452
aluminum_Region20Guangxi_aluminum_Region31Xinjiang,0.0,0.0,0.0,191101.75719893363,0.0,0.0,0.0,191101.75719893363
aluminum_Region21Hainan_aluminum_Region1Beijing,0.0,0.0,0.0,256550.33121452725,0.0,0.0,0.0,256550.33121452725
aluminum_Region21Hainan_aluminum_Region2Tianjin,0.0,0.0,0.0,268966.9778442546,0.0,0.0,0.0,268966.9778442546
aluminum_Region21Hainan_aluminum_Region3Hebei,0.0,0.0,0.0,279240.90761651413,0.0,0.0,0.0,279240.90761651413
aluminum_Region21Hainan_aluminum_Region4Shanxi,0.0,0.0,0.0,247115.83346854142,0.0,0.0,0.0,247115.83346854142
aluminum_Region21Hainan_aluminum_Region5Innermongolia,0.0,0.0,0.0,210102.18913617852,0.0,0.0,0.0,210102.18913617852
aluminum_Region21Hainan_aluminum_Region6Liaoning,0.0,0.0,0.0,203661.10046067086,0.0,0.0,0.0,203661.10046067086
aluminum_Region21Hainan_aluminum_Region7Jilin,0.0,0.0,0.0,187274.4473563945,0.0,0.0,0.0,187274.4473563945
aluminum_Region21Hainan_aluminum_Region8Heilongjiang,0.0,0.0,0.0,187054.02851784363,0.0,0.0,0.0,187054.02851784363
aluminum_Region21Hainan_aluminum_Region9Shanghai,0.0,0.0,0.0,355450.5195240079,0.0,0.0,0.0,355450.5195240079
aluminum_Region21Hainan_aluminum_Region10Jiangsu,0.0,0.0,0.0,499567.8669770226,0.0,0.0,0.0,499567.8669770226
aluminum_Region21Hainan_aluminum_Region11Zhejiang,0.0,0.0,0.0,390360.8344728592,0.0,0.0,0.0,390360.8344728592
aluminum_Region21Hainan_aluminum_Region12Anhui,0.0,0.0,0.0,457006.88156541495,0.0,0.0,0.0,457006.88156541495
aluminum_Region21Hainan_aluminum_Region13Fujian,0.0,0.0,0.0,277478.85545131133,0.0,0.0,0.0,277478.85545131133
aluminum_Region21Hainan_aluminum_Region14Jiangxi,0.0,0.0,0.0,353042.6080841575,0.0,0.0,0.0,353042.6080841575
aluminum_Region21Hainan_aluminum_Region15Shandong,0.0,0.0,0.0,344303.0045265885,0.0,0.0,0.0,344303.0045265885
aluminum_Region21Hainan_aluminum_Region16Henan,0.0,0.0,0.0,373801.7907071176,0.0,0.0,0.0,373801.7907071176
aluminum_Region21Hainan_aluminum_Region17Hubei,0.0,0.0,0.0,371041.1323524692,0.0,0.0,0.0,371041.1323524692
aluminum_Region21Hainan_aluminum_Region18Hunan,0.0,0.0,0.0,297729.1434836035,0.0,0.0,0.0,297729.1434836035
aluminum_Region21Hainan_aluminum_Region19Guangdong,0.0,0.0,0.0,1.5758504018302714e7,0.0,0.0,0.0,1.5758504018302714e7
aluminum_Region21Hainan_aluminum_Region20Guangxi,0.0,0.0,0.0,212639.38267511933,0.0,0.0,0.0,212639.38267511933
aluminum_Region21Hainan_aluminum_Region22Chongqing,0.0,0.0,0.0,174787.54272244917,0.0,0.0,0.0,174787.54272244917
aluminum_Region21Hainan_aluminum_Region23Sichuan,0.0,0.0,0.0,224217.6075200457,0.0,0.0,0.0,224217.6075200457
aluminum_Region21Hainan_aluminum_Region24Guizhou,0.0,0.0,0.0,107350.87729441088,0.0,0.0,0.0,107350.87729441088
aluminum_Region21Hainan_aluminum_Region25Yunnan,0.0,0.0,0.0,183268.67560574025,0.0,0.0,0.0,183268.67560574025
aluminum_Region21Hainan_aluminum_Region27Shaanxi,0.0,0.0,0.0,254629.2725287822,0.0,0.0,0.0,254629.2725287822
aluminum_Region21Hainan_aluminum_Region28Gansu,0.0,0.0,0.0,190679.4743638626,0.0,0.0,0.0,190679.4743638626
aluminum_Region21Hainan_aluminum_Region29Qinghai,0.0,0.0,0.0,202734.2735811771,0.0,0.0,0.0,202734.2735811771
aluminum_Region21Hainan_aluminum_Region30Ningxia,0.0,0.0,0.0,225712.24344689323,0.0,0.0,0.0,225712.24344689323
aluminum_Region21Hainan_aluminum_Region31Xinjiang,0.0,0.0,0.0,192339.53590175466,0.0,0.0,0.0,192339.53590175466
aluminum_Region22Chongqing_aluminum_Region1Beijing,0.0,0.0,0.0,338712.79031494574,0.0,0.0,0.0,338712.79031494574
aluminum_Region22Chongqing_aluminum_Region2Tianjin,0.0,0.0,0.0,364600.7324565708,0.0,0.0,0.0,364600.7324565708
aluminum_Region22Chongqing_aluminum_Region3Hebei,0.0,0.0,0.0,418770.1916356856,0.0,0.0,0.0,418770.1916356856
aluminum_Region22Chongqing_aluminum_Region4Shanxi,0.0,0.0,0.0,358273.18991251686,0.0,0.0,0.0,358273.18991251686
aluminum_Region22Chongqing_aluminum_Region5Innermongolia,0.0,0.0,0.0,241819.58092104553,0.0,0.0,0.0,241819.58092104553
aluminum_Region22Chongqing_aluminum_Region6Liaoning,0.0,0.0,0.0,219066.25208921818,0.0,0.0,0.0,219066.25208921818
aluminum_Region22Chongqing_aluminum_Region7Jilin,0.0,0.0,0.0,194145.8958508807,0.0,0.0,0.0,194145.8958508807
aluminum_Region22Chongqing_aluminum_Region8Heilongjiang,0.0,0.0,0.0,193249.67660655593,0.0,0.0,0.0,193249.67660655593
aluminum_Region22Chongqing_aluminum_Region9Shanghai,0.0,0.0,0.0,548227.2001340532,0.0,0.0,0.0,548227.2001340532
aluminum_Region22Chongqing_aluminum_Region10Jiangsu,0.0,0.0,0.0,5.745449327805799e6,0.0,0.0,0.0,5.745449327805799e6
aluminum_Region22Chongqing_aluminum_Region11Zhejiang,0.0,0.0,0.0,621290.3501313152,0.0,0.0,0.0,621290.3501313152
aluminum_Region22Chongqing_aluminum_Region12Anhui,0.0,0.0,0.0,6.450962942652357e6,0.0,0.0,0.0,6.450962942652357e6
aluminum_Region22Chongqing_aluminum_Region13Fujian,0.0,0.0,0.0,302075.9475153447,0.0,0.0,0.0,302075.9475153447
aluminum_Region22Chongqing_aluminum_Region14Jiangxi,0.0,0.0,0.0,628240.6796736971,0.0,0.0,0.0,628240.6796736971
aluminum_Region22Chongqing_aluminum_Region15Shandong,0.0,0.0,0.0,725911.6069690818,0.0,0.0,0.0,725911.6069690818
aluminum_Region22Chongqing_aluminum_Region16Henan,0.0,0.0,0.0,3.1290844479720127e6,0.0,0.0,0.0,3.1290844479720127e6
aluminum_Region22Chongqing_aluminum_Region17Hubei,0.0,0.0,0.0,1.56437745120412e7,0.0,0.0,0.0,1.56437745120412e7
aluminum_Region22Chongqing_aluminum_Region18Hunan,0.0,0.0,0.0,669544.3592905515,0.0,0.0,0.0,669544.3592905515
aluminum_Region22Chongqing_aluminum_Region19Guangdong,0.0,0.0,0.0,454093.3112311296,0.0,0.0,0.0,454093.3112311296
aluminum_Region22Chongqing_aluminum_Region20Guangxi,0.0,0.0,0.0,197052.35804692627,0.0,0.0,0.0,197052.35804692627
aluminum_Region22Chongqing_aluminum_Region21Hainan,0.0,0.0,0.0,215945.91994315392,0.0,0.0,0.0,215945.91994315392
aluminum_Region22Chongqing_aluminum_Region23Sichuan,0.0,0.0,0.0,4.524768489010502e7,0.0,0.0,0.0,4.524768489010502e7
aluminum_Region22Chongqing_aluminum_Region24Guizhou,0.0,0.0,0.0,66205.0249723184,0.0,0.0,0.0,66205.0249723184
aluminum_Region22Chongqing_aluminum_Region25Yunnan,0.0,0.0,0.0,219491.15329986234,0.0,0.0,0.0,219491.15329986234
aluminum_Region22Chongqing_aluminum_Region27Shaanxi,0.0,0.0,0.0,1.3017900844079128e6,0.0,0.0,0.0,1.3017900844079128e6
aluminum_Region22Chongqing_aluminum_Region28Gansu,0.0,0.0,0.0,206424.99492806708,0.0,0.0,0.0,206424.99492806708
aluminum_Region22Chongqing_aluminum_Region29Qinghai,0.0,0.0,0.0,239701.81417742805,0.0,0.0,0.0,239701.81417742805
aluminum_Region22Chongqing_aluminum_Region30Ningxia,0.0,0.0,0.0,319580.87549989595,0.0,0.0,0.0,319580.87549989595
aluminum_Region22Chongqing_aluminum_Region31Xinjiang,0.0,0.0,0.0,199745.32634786324,0.0,0.0,0.0,199745.32634786324
aluminum_Region23Sichuan_aluminum_Region1Beijing,0.0,0.0,0.0,250673.43260335617,0.0,0.0,0.0,250673.43260335617
aluminum_Region23Sichuan_aluminum_Region2Tianjin,0.0,0.0,0.0,265889.827901511,0.0,0.0,0.0,265889.827901511
aluminum_Region23Sichuan_aluminum_Region3Hebei,0.0,0.0,0.0,278627.23385810276,0.0,0.0,0.0,278627.23385810276
aluminum_Region23Sichuan_aluminum_Region4Shanxi,0.0,0.0,0.0,240247.24942996536,0.0,0.0,0.0,240247.24942996536
aluminum_Region23Sichuan_aluminum_Region5Innermongolia,0.0,0.0,0.0,191488.86885958494,0.0,0.0,0.0,191488.86885958494
aluminum_Region23Sichuan_aluminum_Region6Liaoning,0.0,0.0,0.0,188380.63462297682,0.0,0.0,0.0,188380.63462297682
aluminum_Region23Sichuan_aluminum_Region7Jilin,0.0,0.0,0.0,172023.54440027708,0.0,0.0,0.0,172023.54440027708
aluminum_Region23Sichuan_aluminum_Region8Heilongjiang,0.0,0.0,0.0,172975.19124112758,0.0,0.0,0.0,172975.19124112758
aluminum_Region23Sichuan_aluminum_Region9Shanghai,0.0,0.0,0.0,304588.6653588535,0.0,0.0,0.0,304588.6653588535
aluminum_Region23Sichuan_aluminum_Region10Jiangsu,0.0,0.0,0.0,469526.61443834077,0.0,0.0,0.0,469526.61443834077
aluminum_Region23Sichuan_aluminum_Region11Zhejiang,0.0,0.0,0.0,315779.58699915727,0.0,0.0,0.0,315779.58699915727
aluminum_Region23Sichuan_aluminum_Region12Anhui,0.0,0.0,0.0,430178.9596653626,0.0,0.0,0.0,430178.9596653626
aluminum_Region23Sichuan_aluminum_Region13Fujian,0.0,0.0,0.0,218848.8490937142,0.0,0.0,0.0,218848.8490937142
aluminum_Region23Sichuan_aluminum_Region14Jiangxi,0.0,0.0,0.0,270594.55537502887,0.0,0.0,0.0,270594.55537502887
aluminum_Region23Sichuan_aluminum_Region15Shandong,0.0,0.0,0.0,372246.13894000946,0.0,0.0,0.0,372246.13894000946
aluminum_Region23Sichuan_aluminum_Region16Henan,0.0,0.0,0.0,461283.86873321224,0.0,0.0,0.0,461283.86873321224
aluminum_Region23Sichuan_aluminum_Region17Hubei,0.0,0.0,0.0,337457.87512017833,0.0,0.0,0.0,337457.87512017833
aluminum_Region23Sichuan_aluminum_Region18Hunan,0.0,0.0,0.0,232812.65054058383,0.0,0.0,0.0,232812.65054058383
aluminum_Region23Sichuan_aluminum_Region19Guangdong,0.0,0.0,0.0,253412.9420267161,0.0,0.0,0.0,253412.9420267161
aluminum_Region23Sichuan_aluminum_Region20Guangxi,0.0,0.0,0.0,160457.87604496506,0.0,0.0,0.0,160457.87604496506
aluminum_Region23Sichuan_aluminum_Region21Hainan,0.0,0.0,0.0,172252.86980458605,0.0,0.0,0.0,172252.86980458605
aluminum_Region23Sichuan_aluminum_Region22Chongqing,0.0,0.0,0.0,68815.40257868214,0.0,0.0,0.0,68815.40257868214
aluminum_Region23Sichuan_aluminum_Region24Guizhou,0.0,0.0,0.0,65570.19464276034,0.0,0.0,0.0,65570.19464276034
aluminum_Region23Sichuan_aluminum_Region25Yunnan,0.0,0.0,0.0,133406.88889834288,0.0,0.0,0.0,133406.88889834288
aluminum_Region23Sichuan_aluminum_Region27Shaanxi,0.0,0.0,0.0,276582.7960995081,0.0,0.0,0.0,276582.7960995081
aluminum_Region23Sichuan_aluminum_Region28Gansu,0.0,0.0,0.0,140774.5098532909,0.0,0.0,0.0,140774.5098532909
aluminum_Region23Sichuan_aluminum_Region29Qinghai,0.0,0.0,0.0,169668.81079904444,0.0,0.0,0.0,169668.81079904444
aluminum_Region23Sichuan_aluminum_Region30Ningxia,0.0,0.0,0.0,216738.62726926748,0.0,0.0,0.0,216738.62726926748
aluminum_Region23Sichuan_aluminum_Region31Xinjiang,0.0,0.0,0.0,176473.3414535578,0.0,0.0,0.0,176473.3414535578
aluminum_Region24Guizhou_aluminum_Region1Beijing,0.0,0.0,0.0,364439.84956322156,0.0,0.0,0.0,364439.84956322156
aluminum_Region24Guizhou_aluminum_Region2Tianjin,0.0,0.0,0.0,400068.5658263429,0.0,0.0,0.0,400068.5658263429
aluminum_Region24Guizhou_aluminum_Region3Hebei,0.0,0.0,0.0,464980.4153956392,0.0,0.0,0.0,464980.4153956392
aluminum_Region24Guizhou_aluminum_Region4Shanxi,0.0,0.0,0.0,392220.6826247766,0.0,0.0,0.0,392220.6826247766
aluminum_Region24Guizhou_aluminum_Region5Innermongolia,0.0,0.0,0.0,264593.6531971717,0.0,0.0,0.0,264593.6531971717
aluminum_Region24Guizhou_aluminum_Region6Liaoning,0.0,0.0,0.0,237203.07860972785,0.0,0.0,0.0,237203.07860972785
aluminum_Region24Guizhou_aluminum_Region7Jilin,0.0,0.0,0.0,208778.63211853613,0.0,0.0,0.0,208778.63211853613
aluminum_Region24Guizhou_aluminum_Region8Heilongjiang,0.0,0.0,0.0,206587.43037907686,0.0,0.0,0.0,206587.43037907686
aluminum_Region24Guizhou_aluminum_Region9Shanghai,0.0,0.0,0.0,646918.2224576195,0.0,0.0,0.0,646918.2224576195
aluminum_Region24Guizhou_aluminum_Region10Jiangsu,0.0,0.0,0.0,6.1347550798975965e6,0.0,0.0,0.0,6.1347550798975965e6
aluminum_Region24Guizhou_aluminum_Region11Zhejiang,0.0,0.0,0.0,836968.1979068258,0.0,0.0,0.0,836968.1979068258
aluminum_Region24Guizhou_aluminum_Region12Anhui,0.0,0.0,0.0,7.187757177216652e6,0.0,0.0,0.0,7.187757177216652e6
aluminum_Region24Guizhou_aluminum_Region13Fujian,0.0,0.0,0.0,395326.4755706517,0.0,0.0,0.0,395326.4755706517
aluminum_Region24Guizhou_aluminum_Region14Jiangxi,0.0,0.0,0.0,1.3521151731286831e6,0.0,0.0,0.0,1.3521151731286831e6
aluminum_Region24Guizhou_aluminum_Region15Shandong,0.0,0.0,0.0,782556.3562948573,0.0,0.0,0.0,782556.3562948573
aluminum_Region24Guizhou_aluminum_Region16Henan,0.0,0.0,0.0,1.8614751285327037e6,0.0,0.0,0.0,1.8614751285327037e6
aluminum_Region24Guizhou_aluminum_Region17Hubei,0.0,0.0,0.0,4.372209786461865e7,0.0,0.0,0.0,4.372209786461865e7
aluminum_Region24Guizhou_aluminum_Region18Hunan,0.0,0.0,0.0,3.0651768706187117e6,0.0,0.0,0.0,3.0651768706187117e6
aluminum_Region24Guizhou_aluminum_Region19Guangdong,0.0,0.0,0.0,5.190509021043053e7,0.0,0.0,0.0,5.190509021043053e7
aluminum_Region24Guizhou_aluminum_Region20Guangxi,0.0,0.0,0.0,583206.4011572337,0.0,0.0,0.0,583206.4011572337
aluminum_Region24Guizhou_aluminum_Region21Hainan,0.0,0.0,0.0,292806.6972885497,0.0,0.0,0.0,292806.6972885497
aluminum_Region24Guizhou_aluminum_Region22Chongqing,0.0,0.0,0.0,615254.7544051914,0.0,0.0,0.0,615254.7544051914
aluminum_Region24Guizhou_aluminum_Region23Sichuan,0.0,0.0,0.0,2.0616354793665071e6,0.0,0.0,0.0,2.0616354793665071e6
aluminum_Region24Guizhou_aluminum_Region25Yunnan,0.0,0.0,0.0,2.455201690975778e7,0.0,0.0,0.0,2.455201690975778e7
aluminum_Region24Guizhou_aluminum_Region27Shaanxi,0.0,0.0,0.0,837820.3841739296,0.0,0.0,0.0,837820.3841739296
aluminum_Region24Guizhou_aluminum_Region28Gansu,0.0,0.0,0.0,248253.8596261831,0.0,0.0,0.0,248253.8596261831
aluminum_Region24Guizhou_aluminum_Region29Qinghai,0.0,0.0,0.0,271423.4769238344,0.0,0.0,0.0,271423.4769238344
aluminum_Region24Guizhou_aluminum_Region30Ningxia,0.0,0.0,0.0,349303.0999681447,0.0,0.0,0.0,349303.0999681447
aluminum_Region24Guizhou_aluminum_Region31Xinjiang,0.0,0.0,0.0,213098.2533171993,0.0,0.0,0.0,213098.2533171993
aluminum_Region25Yunnan_aluminum_Region1Beijing,0.0,0.0,0.0,245603.987774421,0.0,0.0,0.0,245603.987774421
aluminum_Region25Yunnan_aluminum_Region2Tianjin,0.0,0.0,0.0,255801.25984627526,0.0,0.0,0.0,255801.25984627526
aluminum_Region25Yunnan_aluminum_Region3Hebei,0.0,0.0,0.0,265664.2436928729,0.0,0.0,0.0,265664.2436928729
aluminum_Region25Yunnan_aluminum_Region4Shanxi,0.0,0.0,0.0,239875.21829817595,0.0,0.0,0.0,239875.21829817595
aluminum_Region25Yunnan_aluminum_Region5Innermongolia,0.0,0.0,0.0,202939.2900339568,0.0,0.0,0.0,202939.2900339568
aluminum_Region25Yunnan_aluminum_Region6Liaoning,0.0,0.0,0.0,197446.18173811675,0.0,0.0,0.0,197446.18173811675
aluminum_Region25Yunnan_aluminum_Region7Jilin,0.0,0.0,0.0,182431.27299320695,0.0,0.0,0.0,182431.27299320695
aluminum_Region25Yunnan_aluminum_Region8Heilongjiang,0.0,0.0,0.0,182533.7415419273,0.0,0.0,0.0,182533.7415419273
aluminum_Region25Yunnan_aluminum_Region9Shanghai,0.0,0.0,0.0,300467.03732183384,0.0,0.0,0.0,300467.03732183384
aluminum_Region25Yunnan_aluminum_Region10Jiangsu,0.0,0.0,0.0,408252.3758184046,0.0,0.0,0.0,408252.3758184046
aluminum_Region25Yunnan_aluminum_Region11Zhejiang,0.0,0.0,0.0,314649.4173122203,0.0,0.0,0.0,314649.4173122203
aluminum_Region25Yunnan_aluminum_Region12Anhui,0.0,0.0,0.0,380965.40570235293,0.0,0.0,0.0,380965.40570235293
aluminum_Region25Yunnan_aluminum_Region13Fujian,0.0,0.0,0.0,232725.95605135147,0.0,0.0,0.0,232725.95605135147
aluminum_Region25Yunnan_aluminum_Region14Jiangxi,0.0,0.0,0.0,284651.184787446,0.0,0.0,0.0,284651.184787446
aluminum_Region25Yunnan_aluminum_Region15Shandong,0.0,0.0,0.0,320622.0983240997,0.0,0.0,0.0,320622.0983240997
aluminum_Region25Yunnan_aluminum_Region16Henan,0.0,0.0,0.0,341309.3408254202,0.0,0.0,0.0,341309.3408254202
aluminum_Region25Yunnan_aluminum_Region17Hubei,0.0,0.0,0.0,318667.27800653374,0.0,0.0,0.0,318667.27800653374
aluminum_Region25Yunnan_aluminum_Region18Hunan,0.0,0.0,0.0,253589.72235963252,0.0,0.0,0.0,253589.72235963252
aluminum_Region25Yunnan_aluminum_Region19Guangdong,0.0,0.0,0.0,304706.322530246,0.0,0.0,0.0,304706.322530246
aluminum_Region25Yunnan_aluminum_Region20Guangxi,0.0,0.0,0.0,149893.53344882728,0.0,0.0,0.0,149893.53344882728
aluminum_Region25Yunnan_aluminum_Region21Hainan,0.0,0.0,0.0,179948.78385369747,0.0,0.0,0.0,179948.78385369747
aluminum_Region25Yunnan_aluminum_Region22Chongqing,0.0,0.0,0.0,151354.49759015345,0.0,0.0,0.0,151354.49759015345
aluminum_Region25Yunnan_aluminum_Region23Sichuan,0.0,0.0,0.0,217764.79730732163,0.0,0.0,0.0,217764.79730732163
aluminum_Region25Yunnan_aluminum_Region24Guizhou,0.0,0.0,0.0,68710.38213297194,0.0,0.0,0.0,68710.38213297194
aluminum_Region25Yunnan_aluminum_Region27Shaanxi,0.0,0.0,0.0,261180.55154843256,0.0,0.0,0.0,261180.55154843256
aluminum_Region25Yunnan_aluminum_Region28Gansu,0.0,0.0,0.0,178290.94460900404,0.0,0.0,0.0,178290.94460900404
aluminum_Region25Yunnan_aluminum_Region29Qinghai,0.0,0.0,0.0,194330.39941165378,0.0,0.0,0.0,194330.39941165378
aluminum_Region25Yunnan_aluminum_Region30Ningxia,0.0,0.0,0.0,223866.57358433382,0.0,0.0,0.0,223866.57358433382
aluminum_Region25Yunnan_aluminum_Region31Xinjiang,0.0,0.0,0.0,186464.0261600729,0.0,0.0,0.0,186464.0261600729
aluminum_Region27Shaanxi_aluminum_Region1Beijing,0.0,0.0,0.0,223123.16183067363,0.0,0.0,0.0,223123.16183067363
aluminum_Region27Shaanxi_aluminum_Region2Tianjin,0.0,0.0,0.0,243669.06016119648,0.0,0.0,0.0,243669.06016119648
aluminum_Region27Shaanxi_aluminum_Region3Hebei,0.0,0.0,0.0,244600.31330640469,0.0,0.0,0.0,244600.31330640469
aluminum_Region27Shaanxi_aluminum_Region4Shanxi,0.0,0.0,0.0,176776.25182332605,0.0,0.0,0.0,176776.25182332605
aluminum_Region27Shaanxi_aluminum_Region5Innermongolia,0.0,0.0,0.0,150124.07575776157,0.0,0.0,0.0,150124.07575776157
aluminum_Region27Shaanxi_aluminum_Region6Liaoning,0.0,0.0,0.0,162627.74861660966,0.0,0.0,0.0,162627.74861660966
aluminum_Region27Shaanxi_aluminum_Region7Jilin,0.0,0.0,0.0,149045.83134349028,0.0,0.0,0.0,149045.83134349028
aluminum_Region27Shaanxi_aluminum_Region8Heilongjiang,0.0,0.0,0.0,152251.5195276031,0.0,0.0,0.0,152251.5195276031
aluminum_Region27Shaanxi_aluminum_Region9Shanghai,0.0,0.0,0.0,282860.72846098745,0.0,0.0,0.0,282860.72846098745
aluminum_Region27Shaanxi_aluminum_Region10Jiangsu,0.0,0.0,0.0,568243.1396025843,0.0,0.0,0.0,568243.1396025843
aluminum_Region27Shaanxi_aluminum_Region11Zhejiang,0.0,0.0,0.0,293608.2826958773,0.0,0.0,0.0,293608.2826958773
aluminum_Region27Shaanxi_aluminum_Region12Anhui,0.0,0.0,0.0,496063.38918796234,0.0,0.0,0.0,496063.38918796234
aluminum_Region27Shaanxi_aluminum_Region13Fujian,0.0,0.0,0.0,189998.2786423869,0.0,0.0,0.0,189998.2786423869
aluminum_Region27Shaanxi_aluminum_Region14Jiangxi,0.0,0.0,0.0,224687.2230909281,0.0,0.0,0.0,224687.2230909281
aluminum_Region27Shaanxi_aluminum_Region15Shandong,0.0,0.0,0.0,442490.9565669166,0.0,0.0,0.0,442490.9565669166
aluminum_Region27Shaanxi_aluminum_Region16Henan,0.0,0.0,0.0,2.237840193101033e6,0.0,0.0,0.0,2.237840193101033e6
aluminum_Region27Shaanxi_aluminum_Region17Hubei,0.0,0.0,0.0,274646.94853833696,0.0,0.0,0.0,274646.94853833696
aluminum_Region27Shaanxi_aluminum_Region18Hunan,0.0,0.0,0.0,180411.25319795185,0.0,0.0,0.0,180411.25319795185
aluminum_Region27Shaanxi_aluminum_Region19Guangdong,0.0,0.0,0.0,208784.22818187892,0.0,0.0,0.0,208784.22818187892
aluminum_Region27Shaanxi_aluminum_Region20Guangxi,0.0,0.0,0.0,149639.9304507744,0.0,0.0,0.0,149639.9304507744
aluminum_Region27Shaanxi_aluminum_Region21Hainan,0.0,0.0,0.0,158343.58877926934,0.0,0.0,0.0,158343.58877926934
aluminum_Region27Shaanxi_aluminum_Region22Chongqing,0.0,0.0,0.0,90927.64516907392,0.0,0.0,0.0,90927.64516907392
aluminum_Region27Shaanxi_aluminum_Region23Sichuan,0.0,0.0,0.0,125076.06255015038,0.0,0.0,0.0,125076.06255015038
aluminum_Region27Shaanxi_aluminum_Region24Guizhou,0.0,0.0,0.0,87367.6628562998,0.0,0.0,0.0,87367.6628562998
aluminum_Region27Shaanxi_aluminum_Region25Yunnan,0.0,0.0,0.0,143207.56889783958,0.0,0.0,0.0,143207.56889783958
aluminum_Region27Shaanxi_aluminum_Region28Gansu,0.0,0.0,0.0,89118.55446394985,0.0,0.0,0.0,89118.55446394985
aluminum_Region27Shaanxi_aluminum_Region29Qinghai,0.0,0.0,0.0,129279.62407910904,0.0,0.0,0.0,129279.62407910904
aluminum_Region27Shaanxi_aluminum_Region30Ningxia,0.0,0.0,0.0,139437.71001677436,0.0,0.0,0.0,139437.71001677436
aluminum_Region27Shaanxi_aluminum_Region31Xinjiang,0.0,0.0,0.0,160443.82219103366,0.0,0.0,0.0,160443.82219103366
aluminum_Region28Gansu_aluminum_Region1Beijing,0.0,0.0,0.0,366762.91863867175,0.0,0.0,0.0,366762.91863867175
aluminum_Region28Gansu_aluminum_Region2Tianjin,0.0,0.0,0.0,399091.96686500026,0.0,0.0,0.0,399091.96686500026
aluminum_Region28Gansu_aluminum_Region3Hebei,0.0,0.0,0.0,508816.59361431375,0.0,0.0,0.0,508816.59361431375
aluminum_Region28Gansu_aluminum_Region4Shanxi,0.0,0.0,0.0,428161.1961955749,0.0,0.0,0.0,428161.1961955749
aluminum_Region28Gansu_aluminum_Region5Innermongolia,0.0,0.0,0.0,253441.85512742112,0.0,0.0,0.0,253441.85512742112
aluminum_Region28Gansu_aluminum_Region6Liaoning,0.0,0.0,0.0,214053.57212299696,0.0,0.0,0.0,214053.57212299696
aluminum_Region28Gansu_aluminum_Region7Jilin,0.0,0.0,0.0,187529.44084098798,0.0,0.0,0.0,187529.44084098798
aluminum_Region28Gansu_aluminum_Region8Heilongjiang,0.0,0.0,0.0,187158.25068786452,0.0,0.0,0.0,187158.25068786452
aluminum_Region28Gansu_aluminum_Region9Shanghai,0.0,0.0,0.0,381785.88658765465,0.0,0.0,0.0,381785.88658765465
aluminum_Region28Gansu_aluminum_Region10Jiangsu,0.0,0.0,0.0,733297.7815601863,0.0,0.0,0.0,733297.7815601863
aluminum_Region28Gansu_aluminum_Region11Zhejiang,0.0,0.0,0.0,394629.1191112903,0.0,0.0,0.0,394629.1191112903
aluminum_Region28Gansu_aluminum_Region12Anhui,0.0,0.0,0.0,677456.4918887614,0.0,0.0,0.0,677456.4918887614
aluminum_Region28Gansu_aluminum_Region13Fujian,0.0,0.0,0.0,250401.21565365168,0.0,0.0,0.0,250401.21565365168
aluminum_Region28Gansu_aluminum_Region14Jiangxi,0.0,0.0,0.0,326164.03293980437,0.0,0.0,0.0,326164.03293980437
aluminum_Region28Gansu_aluminum_Region15Shandong,0.0,0.0,0.0,770726.4943723069,0.0,0.0,0.0,770726.4943723069
aluminum_Region28Gansu_aluminum_Region16Henan,0.0,0.0,0.0,2.267598337013662e6,0.0,0.0,0.0,2.267598337013662e6
aluminum_Region28Gansu_aluminum_Region17Hubei,0.0,0.0,0.0,445791.8455786565,0.0,0.0,0.0,445791.8455786565
aluminum_Region28Gansu_aluminum_Region18Hunan,0.0,0.0,0.0,274712.8573525415,0.0,0.0,0.0,274712.8573525415
aluminum_Region28Gansu_aluminum_Region19Guangdong,0.0,0.0,0.0,273789.56942925754,0.0,0.0,0.0,273789.56942925754
aluminum_Region28Gansu_aluminum_Region20Guangxi,0.0,0.0,0.0,200950.8069704475,0.0,0.0,0.0,200950.8069704475
aluminum_Region28Gansu_aluminum_Region21Hainan,0.0,0.0,0.0,200822.78234951137,0.0,0.0,0.0,200822.78234951137
aluminum_Region28Gansu_aluminum_Region22Chongqing,0.0,0.0,0.0,173897.21480184136,0.0,0.0,0.0,173897.21480184136
aluminum_Region28Gansu_aluminum_Region23Sichuan,0.0,0.0,0.0,290147.0028595698,0.0,0.0,0.0,290147.0028595698
aluminum_Region28Gansu_aluminum_Region24Guizhou,0.0,0.0,0.0,128085.57304789597,0.0,0.0,0.0,128085.57304789597
aluminum_Region28Gansu_aluminum_Region25Yunnan,0.0,0.0,0.0,196913.9817050094,0.0,0.0,0.0,196913.9817050094
aluminum_Region28Gansu_aluminum_Region27Shaanxi,0.0,0.0,0.0,1.3317184297583317e6,0.0,0.0,0.0,1.3317184297583317e6
aluminum_Region28Gansu_aluminum_Region29Qinghai,0.0,0.0,0.0,369372.95952735643,0.0,0.0,0.0,369372.95952735643
aluminum_Region28Gansu_aluminum_Region30Ningxia,0.0,0.0,0.0,2.545395549422198e6,0.0,0.0,0.0,2.545395549422198e6
aluminum_Region28Gansu_aluminum_Region31Xinjiang,0.0,0.0,0.0,192858.39681201146,0.0,0.0,0.0,192858.39681201146
aluminum_Region29Qinghai_aluminum_Region1Beijing,0.0,0.0,0.0,286725.07828735956,0.0,0.0,0.0,286725.07828735956
aluminum_Region29Qinghai_aluminum_Region2Tianjin,0.0,0.0,0.0,305196.4280245677,0.0,0.0,0.0,305196.4280245677
aluminum_Region29Qinghai_aluminum_Region3Hebei,0.0,0.0,0.0,331126.7289098608,0.0,0.0,0.0,331126.7289098608
aluminum_Region29Qinghai_aluminum_Region4Shanxi,0.0,0.0,0.0,291142.0090112857,0.0,0.0,0.0,291142.0090112857
aluminum_Region29Qinghai_aluminum_Region5Innermongolia,0.0,0.0,0.0,211207.9177183152,0.0,0.0,0.0,211207.9177183152
aluminum_Region29Qinghai_aluminum_Region6Liaoning,0.0,0.0,0.0,198255.72007918564,0.0,0.0,0.0,198255.72007918564
aluminum_Region29Qinghai_aluminum_Region7Jilin,0.0,0.0,0.0,178286.15714626026,0.0,0.0,0.0,178286.15714626026
aluminum_Region29Qinghai_aluminum_Region8Heilongjiang,0.0,0.0,0.0,178783.01896353601,0.0,0.0,0.0,178783.01896353601
aluminum_Region29Qinghai_aluminum_Region9Shanghai,0.0,0.0,0.0,310871.9306195601,0.0,0.0,0.0,310871.9306195601
aluminum_Region29Qinghai_aluminum_Region10Jiangsu,0.0,0.0,0.0,456620.6332597726,0.0,0.0,0.0,456620.6332597726
aluminum_Region29Qinghai_aluminum_Region11Zhejiang,0.0,0.0,0.0,317414.0112256807,0.0,0.0,0.0,317414.0112256807
aluminum_Region29Qinghai_aluminum_Region12Anhui,0.0,0.0,0.0,423293.9204936458,0.0,0.0,0.0,423293.9204936458
aluminum_Region29Qinghai_aluminum_Region13Fujian,0.0,0.0,0.0,227071.5025624876,0.0,0.0,0.0,227071.5025624876
aluminum_Region29Qinghai_aluminum_Region14Jiangxi,0.0,0.0,0.0,270152.8913342169,0.0,0.0,0.0,270152.8913342169
aluminum_Region29Qinghai_aluminum_Region15Shandong,0.0,0.0,0.0,443328.6273395409,0.0,0.0,0.0,443328.6273395409
aluminum_Region29Qinghai_aluminum_Region16Henan,0.0,0.0,0.0,536912.2792156446,0.0,0.0,0.0,536912.2792156446
aluminum_Region29Qinghai_aluminum_Region17Hubei,0.0,0.0,0.0,319275.32721562963,0.0,0.0,0.0,319275.32721562963
aluminum_Region29Qinghai_aluminum_Region18Hunan,0.0,0.0,0.0,235732.38068181035,0.0,0.0,0.0,235732.38068181035
aluminum_Region29Qinghai_aluminum_Region19Guangdong,0.0,0.0,0.0,244912.03127964897,0.0,0.0,0.0,244912.03127964897
aluminum_Region29Qinghai_aluminum_Region20Guangxi,0.0,0.0,0.0,186711.24936546525,0.0,0.0,0.0,186711.24936546525
aluminum_Region29Qinghai_aluminum_Region21Hainan,0.0,0.0,0.0,189017.2644054158,0.0,0.0,0.0,189017.2644054158
aluminum_Region29Qinghai_aluminum_Region22Chongqing,0.0,0.0,0.0,158366.5706809513,0.0,0.0,0.0,158366.5706809513
aluminum_Region29Qinghai_aluminum_Region23Sichuan,0.0,0.0,0.0,228330.36414091982,0.0,0.0,0.0,228330.36414091982
aluminum_Region29Qinghai_aluminum_Region24Guizhou,0.0,0.0,0.0,123594.65476670391,0.0,0.0,0.0,123594.65476670391
aluminum_Region29Qinghai_aluminum_Region25Yunnan,0.0,0.0,0.0,179298.01234042182,0.0,0.0,0.0,179298.01234042182
aluminum_Region29Qinghai_aluminum_Region27Shaanxi,0.0,0.0,0.0,352379.20965235186,0.0,0.0,0.0,352379.20965235186
aluminum_Region29Qinghai_aluminum_Region28Gansu,0.0,0.0,0.0,79882.43887424917,0.0,0.0,0.0,79882.43887424917
aluminum_Region29Qinghai_aluminum_Region30Ningxia,0.0,0.0,0.0,298097.9819736089,0.0,0.0,0.0,298097.9819736089
aluminum_Region29Qinghai_aluminum_Region31Xinjiang,0.0,0.0,0.0,177631.80366237648,0.0,0.0,0.0,177631.80366237648
aluminum_Region30Ningxia_aluminum_Region1Beijing,0.0,0.0,0.0,257730.68547056554,0.0,0.0,0.0,257730.68547056554
aluminum_Region30Ningxia_aluminum_Region2Tianjin,0.0,0.0,0.0,281393.20858629263,0.0,0.0,0.0,281393.20858629263
aluminum_Region30Ningxia_aluminum_Region3Hebei,0.0,0.0,0.0,290193.05357110495,0.0,0.0,0.0,290193.05357110495
aluminum_Region30Ningxia_aluminum_Region4Shanxi,0.0,0.0,0.0,232399.43007921567,0.0,0.0,0.0,232399.43007921567
aluminum_Region30Ningxia_aluminum_Region5Innermongolia,0.0,0.0,0.0,153017.01771073713,0.0,0.0,0.0,153017.01771073713
aluminum_Region30Ningxia_aluminum_Region6Liaoning,0.0,0.0,0.0,173262.359003138,0.0,0.0,0.0,173262.359003138
aluminum_Region30Ningxia_aluminum_Region7Jilin,0.0,0.0,0.0,156024.2394551065,0.0,0.0,0.0,156024.2394551065
aluminum_Region30Ningxia_aluminum_Region8Heilongjiang,0.0,0.0,0.0,158469.84072383787,0.0,0.0,0.0,158469.84072383787
aluminum_Region30Ningxia_aluminum_Region9Shanghai,0.0,0.0,0.0,275715.682087854,0.0,0.0,0.0,275715.682087854
aluminum_Region30Ningxia_aluminum_Region10Jiangsu,0.0,0.0,0.0,403738.47003524326,0.0,0.0,0.0,403738.47003524326
aluminum_Region30Ningxia_aluminum_Region11Zhejiang,0.0,0.0,0.0,279395.8989687368,0.0,0.0,0.0,279395.8989687368
aluminum_Region30Ningxia_aluminum_Region12Anhui,0.0,0.0,0.0,357269.2525521084,0.0,0.0,0.0,357269.2525521084
aluminum_Region30Ningxia_aluminum_Region13Fujian,0.0,0.0,0.0,203137.58417577128,0.0,0.0,0.0,203137.58417577128
aluminum_Region30Ningxia_aluminum_Region14Jiangxi,0.0,0.0,0.0,232651.22420467043,0.0,0.0,0.0,232651.22420467043
aluminum_Region30Ningxia_aluminum_Region15Shandong,0.0,0.0,0.0,459664.66460302495,0.0,0.0,0.0,459664.66460302495
aluminum_Region30Ningxia_aluminum_Region16Henan,0.0,0.0,0.0,469206.683884993,0.0,0.0,0.0,469206.683884993
aluminum_Region30Ningxia_aluminum_Region17Hubei,0.0,0.0,0.0,264168.3607031146,0.0,0.0,0.0,264168.3607031146
aluminum_Region30Ningxia_aluminum_Region18Hunan,0.0,0.0,0.0,202100.25295578613,0.0,0.0,0.0,202100.25295578613
aluminum_Region30Ningxia_aluminum_Region19Guangdong,0.0,0.0,0.0,218367.24286537955,0.0,0.0,0.0,218367.24286537955
aluminum_Region30Ningxia_aluminum_Region20Guangxi,0.0,0.0,0.0,168267.2531834964,0.0,0.0,0.0,168267.2531834964
aluminum_Region30Ningxia_aluminum_Region21Hainan,0.0,0.0,0.0,172682.78496278296,0.0,0.0,0.0,172682.78496278296
aluminum_Region30Ningxia_aluminum_Region22Chongqing,0.0,0.0,0.0,136719.39023719798,0.0,0.0,0.0,136719.39023719798
aluminum_Region30Ningxia_aluminum_Region23Sichuan,0.0,0.0,0.0,170201.94298548027,0.0,0.0,0.0,170201.94298548027
aluminum_Region30Ningxia_aluminum_Region24Guizhou,0.0,0.0,0.0,115762.16752259577,0.0,0.0,0.0,115762.16752259577
aluminum_Region30Ningxia_aluminum_Region25Yunnan,0.0,0.0,0.0,166270.71656377421,0.0,0.0,0.0,166270.71656377421
aluminum_Region30Ningxia_aluminum_Region27Shaanxi,0.0,0.0,0.0,218696.56610668666,0.0,0.0,0.0,218696.56610668666
aluminum_Region30Ningxia_aluminum_Region28Gansu,0.0,0.0,0.0,75607.37487966548,0.0,0.0,0.0,75607.37487966548
aluminum_Region30Ningxia_aluminum_Region29Qinghai,0.0,0.0,0.0,116394.32756585928,0.0,0.0,0.0,116394.32756585928
aluminum_Region30Ningxia_aluminum_Region31Xinjiang,0.0,0.0,0.0,161051.68221113013,0.0,0.0,0.0,161051.68221113013
aluminum_Region31Xinjiang_aluminum_Region1Beijing,0.0,0.0,0.0,261478.08169246317,0.0,0.0,0.0,261478.08169246317
aluminum_Region31Xinjiang_aluminum_Region2Tianjin,0.0,0.0,0.0,268034.7247072401,0.0,0.0,0.0,268034.7247072401
aluminum_Region31Xinjiang_aluminum_Region3Hebei,0.0,0.0,0.0,270952.87580727326,0.0,0.0,0.0,270952.87580727326
aluminum_Region31Xinjiang_aluminum_Region4Shanxi,0.0,0.0,0.0,250409.74915328695,0.0,0.0,0.0,250409.74915328695
aluminum_Region31Xinjiang_aluminum_Region5Innermongolia,0.0,0.0,0.0,221730.3423136345,0.0,0.0,0.0,221730.3423136345
aluminum_Region31Xinjiang_aluminum_Region6Liaoning,0.0,0.0,0.0,208400.29791283357,0.0,0.0,0.0,208400.29791283357
aluminum_Region31Xinjiang_aluminum_Region7Jilin,0.0,0.0,0.0,191747.3897741711,0.0,0.0,0.0,191747.3897741711
aluminum_Region31Xinjiang_aluminum_Region8Heilongjiang,0.0,0.0,0.0,191108.8467043604,0.0,0.0,0.0,191108.8467043604
aluminum_Region31Xinjiang_aluminum_Region9Shanghai,0.0,0.0,0.0,262830.31323403533,0.0,0.0,0.0,262830.31323403533
aluminum_Region31Xinjiang_aluminum_Region10Jiangsu,0.0,0.0,0.0,302325.8785447377,0.0,0.0,0.0,302325.8785447377
aluminum_Region31Xinjiang_aluminum_Region11Zhejiang,0.0,0.0,0.0,264940.76010832033,0.0,0.0,0.0,264940.76010832033
aluminum_Region31Xinjiang_aluminum_Region12Anhui,0.0,0.0,0.0,290055.7333296465,0.0,0.0,0.0,290055.7333296465
aluminum_Region31Xinjiang_aluminum_Region13Fujian,0.0,0.0,0.0,223879.4668845349,0.0,0.0,0.0,223879.4668845349
aluminum_Region31Xinjiang_aluminum_Region14Jiangxi,0.0,0.0,0.0,243418.88487362416,0.0,0.0,0.0,243418.88487362416
aluminum_Region31Xinjiang_aluminum_Region15Shandong,0.0,0.0,0.0,299476.315029731,0.0,0.0,0.0,299476.315029731
aluminum_Region31Xinjiang_aluminum_Region16Henan,0.0,0.0,0.0,295827.6984568653,0.0,0.0,0.0,295827.6984568653
aluminum_Region31Xinjiang_aluminum_Region17Hubei,0.0,0.0,0.0,257902.34881604568,0.0,0.0,0.0,257902.34881604568
aluminum_Region31Xinjiang_aluminum_Region18Hunan,0.0,0.0,0.0,227475.62926272914,0.0,0.0,0.0,227475.62926272914
aluminum_Region31Xinjiang_aluminum_Region19Guangdong,0.0,0.0,0.0,233433.31782578878,0.0,0.0,0.0,233433.31782578878
aluminum_Region31Xinjiang_aluminum_Region20Guangxi,0.0,0.0,0.0,201070.98039043718,0.0,0.0,0.0,201070.98039043718
aluminum_Region31Xinjiang_aluminum_Region21Hainan,0.0,0.0,0.0,200236.0407271146,0.0,0.0,0.0,200236.0407271146
aluminum_Region31Xinjiang_aluminum_Region22Chongqing,0.0,0.0,0.0,192001.48278330686,0.0,0.0,0.0,192001.48278330686
aluminum_Region31Xinjiang_aluminum_Region23Sichuan,0.0,0.0,0.0,219822.51971549814,0.0,0.0,0.0,219822.51971549814
aluminum_Region31Xinjiang_aluminum_Region24Guizhou,0.0,0.0,0.0,176772.28337303046,0.0,0.0,0.0,176772.28337303046
aluminum_Region31Xinjiang_aluminum_Region25Yunnan,0.0,0.0,0.0,205817.95119861118,0.0,0.0,0.0,205817.95119861118
aluminum_Region31Xinjiang_aluminum_Region27Shaanxi,0.0,0.0,0.0,250869.18063289515,0.0,0.0,0.0,250869.18063289515
aluminum_Region31Xinjiang_aluminum_Region28Gansu,0.0,0.0,0.0,197770.11431385012,0.0,0.0,0.0,197770.11431385012
aluminum_Region31Xinjiang_aluminum_Region29Qinghai,0.0,0.0,0.0,217000.07165466007,0.0,0.0,0.0,217000.07165466007
aluminum_Region31Xinjiang_aluminum_Region30Ningxia,0.0,0.0,0.0,248459.19937448055,0.0,0.0,0.0,248459.19937448055
aluminumscrap_source_Region1Beijing_aluminumscrap_source_Region2Tianjin,1.2328433249875135e10,0.0,0.0,2.4229587901122637e7,0.0,0.0,0.0,1.2352662837776258e10
aluminumscrap_source_Region1Beijing_aluminumscrap_source_Region3Hebei,4.862928581815343e9,0.0,0.0,2.244487062960604e7,0.0,0.0,0.0,4.885373452444949e9
aluminumscrap_source_Region1Beijing_aluminumscrap_source_Region4Shanxi,3.420231414410138e9,0.0,0.0,2.6679141930671856e7,0.0,0.0,0.0,3.44691055634081e9
aluminumscrap_source_Region1Beijing_aluminumscrap_source_Region5Innermongolia,3.2431770762038183e9,0.0,0.0,2.4491797177429717e7,0.0,0.0,0.0,3.267668873381248e9
aluminumscrap_source_Region1Beijing_aluminumscrap_source_Region6Liaoning,2.815498845985898e9,0.0,0.0,3.0836590618055306e7,0.0,0.0,0.0,2.8463354366039534e9
aluminumscrap_source_Region1Beijing_aluminumscrap_source_Region7Jilin,2.353897523547816e9,0.0,0.0,3.6203710654029734e7,0.0,0.0,0.0,2.3901012342018456e9
aluminumscrap_source_Region1Beijing_aluminumscrap_source_Region8Heilongjiang,1.8997889940957558e9,0.0,0.0,3.6856154014968336e7,0.0,0.0,0.0,1.9366451481107242e9
aluminumscrap_source_Region1Beijing_aluminumscrap_source_Region9Shanghai,1.9929510343207908e9,0.0,0.0,3.878503430492408e7,0.0,0.0,0.0,2.0317360686257148e9
aluminumscrap_source_Region1Beijing_aluminumscrap_source_Region10Jiangsu,2.394460454405229e9,0.0,0.0,3.7984410325048305e7,0.0,0.0,0.0,2.4324448647302775e9
aluminumscrap_source_Region1Beijing_aluminumscrap_source_Region11Zhejiang,2.0019375234659755e9,0.0,0.0,3.979564874008562e7,0.0,0.0,0.0,2.0417331722060611e9
aluminumscrap_source_Region1Beijing_aluminumscrap_source_Region12Anhui,2.3852210731591763e9,0.0,0.0,3.844199424957619e7,0.0,0.0,0.0,2.4236630674087524e9
aluminumscrap_source_Region1Beijing_aluminumscrap_source_Region13Fujian,1.2024295975796077e9,0.0,0.0,3.536318029520113e7,0.0,0.0,0.0,1.2377927778748088e9
aluminumscrap_source_Region1Beijing_aluminumscrap_source_Region14Jiangxi,1.5542454817964008e9,0.0,0.0,3.499330544031524e7,0.0,0.0,0.0,1.589238787236716e9
aluminumscrap_source_Region1Beijing_aluminumscrap_source_Region15Shandong,4.109715536460092e9,0.0,0.0,2.619722774016594e7,0.0,0.0,0.0,4.135912764200258e9
aluminumscrap_source_Region1Beijing_aluminumscrap_source_Region16Henan,2.372885893070655e9,0.0,0.0,2.6244890904362466e7,0.0,0.0,0.0,2.3991307839750175e9
aluminumscrap_source_Region1Beijing_aluminumscrap_source_Region17Hubei,1.7775427948696616e9,0.0,0.0,3.2358458518307414e7,0.0,0.0,0.0,1.809901253387969e9
aluminumscrap_source_Region1Beijing_aluminumscrap_source_Region18Hunan,1.482923384080653e9,0.0,0.0,3.484126075712835e7,0.0,0.0,0.0,1.5177646448377812e9
aluminumscrap_source_Region1Beijing_aluminumscrap_source_Region19Guangdong,9.775493410751472e8,0.0,0.0,3.311007381218645e7,0.0,0.0,0.0,1.0106594148873336e9
aluminumscrap_source_Region1Beijing_aluminumscrap_source_Region20Guangxi,9.551906489428436e8,0.0,0.0,3.513060529263726e7,0.0,0.0,0.0,9.903212542354808e8
aluminumscrap_source_Region1Beijing_aluminumscrap_source_Region21Hainan,9.024872811593322e8,0.0,0.0,3.73576819836247e7,0.0,0.0,0.0,9.398449631429569e8
aluminumscrap_source_Region1Beijing_aluminumscrap_source_Region22Chongqing,1.1907772717869549e9,0.0,0.0,3.37135033290186e7,0.0,0.0,0.0,1.2244907751159735e9
aluminumscrap_source_Region1Beijing_aluminumscrap_source_Region23Sichuan,1.2070739311017618e9,0.0,0.0,3.461085939670393e7,0.0,0.0,0.0,1.2416847904984658e9
aluminumscrap_source_Region1Beijing_aluminumscrap_source_Region24Guizhou,1.0456829966042753e9,0.0,0.0,3.445154205255294e7,0.0,0.0,0.0,1.0801345386568284e9
aluminumscrap_source_Region1Beijing_aluminumscrap_source_Region25Yunnan,8.708482517777625e8,0.0,0.0,3.528416145391879e7,0.0,0.0,0.0,9.061324132316813e8
aluminumscrap_source_Region1Beijing_aluminumscrap_source_Region27Shaanxi,1.7627483922046103e9,0.0,0.0,3.0203975968995932e7,0.0,0.0,0.0,1.7929523681736064e9
aluminumscrap_source_Region1Beijing_aluminumscrap_source_Region28Gansu,1.6554748147722063e9,0.0,0.0,3.78237708950092e7,0.0,0.0,0.0,1.6932985856672156e9
aluminumscrap_source_Region1Beijing_aluminumscrap_source_Region29Qinghai,1.4910323738319294e9,0.0,0.0,3.8787434479451165e7,0.0,0.0,0.0,1.5298198083113806e9
aluminumscrap_source_Region1Beijing_aluminumscrap_source_Region30Ningxia,1.753255021378746e9,0.0,0.0,3.0419602823046118e7,0.0,0.0,0.0,1.7836746242017922e9
aluminumscrap_source_Region1Beijing_aluminumscrap_source_Region31Xinjiang,7.533033954990042e8,0.0,0.0,3.3238788468081985e7,0.0,0.0,0.0,7.865421839670862e8
aluminumscrap_source_Region2Tianjin_aluminumscrap_source_Region1Beijing,1.2284582434035564e10,0.0,0.0,2.3163840649558615e7,0.0,0.0,0.0,1.2307746274685123e10
aluminumscrap_source_Region2Tianjin_aluminumscrap_source_Region3Hebei,4.693729488644071e9,0.0,0.0,2.2588611386652444e7,0.0,0.0,0.0,4.716318100030723e9
aluminumscrap_source_Region2Tianjin_aluminumscrap_source_Region4Shanxi,3.346381961789422e9,0.0,0.0,2.676233548073406e7,0.0,0.0,0.0,3.373144297270156e9
aluminumscrap_source_Region2Tianjin_aluminumscrap_source_Region5Innermongolia,2.727774444727155e9,0.0,0.0,2.5666313915363707e7,0.0,0.0,0.0,2.753440758642519e9
aluminumscrap_source_Region2Tianjin_aluminumscrap_source_Region6Liaoning,2.895667355377054e9,0.0,0.0,3.0492226144830495e7,0.0,0.0,0.0,2.926159581521885e9
aluminumscrap_source_Region2Tianjin_aluminumscrap_source_Region7Jilin,2.3674766188738937e9,0.0,0.0,3.605720872096512e7,0.0,0.0,0.0,2.4035338275948586e9
aluminumscrap_source_Region2Tianjin_aluminumscrap_source_Region8Heilongjiang,1.9079746966311004e9,0.0,0.0,3.67285750591615e7,0.0,0.0,0.0,1.9447032716902618e9
aluminumscrap_source_Region2Tianjin_aluminumscrap_source_Region9Shanghai,2.165931719584605e9,0.0,0.0,3.788447397575455e7,0.0,0.0,0.0,2.20381619356036e9
aluminumscrap_source_Region2Tianjin_aluminumscrap_source_Region10Jiangsu,2.612156499225717e9,0.0,0.0,3.703918794758796e7,0.0,0.0,0.0,2.649195687173305e9
aluminumscrap_source_Region2Tianjin_aluminumscrap_source_Region11Zhejiang,2.1775317853029776e9,0.0,0.0,3.8986188623068824e7,0.0,0.0,0.0,2.2165179739260464e9
aluminumscrap_source_Region2Tianjin_aluminumscrap_source_Region12Anhui,2.539211867037605e9,0.0,0.0,3.77556818588054e7,0.0,0.0,0.0,2.57696754889641e9
aluminumscrap_source_Region2Tianjin_aluminumscrap_source_Region13Fujian,1.2724662116318066e9,0.0,0.0,3.48087069790906e7,0.0,0.0,0.0,1.3072749186108973e9
aluminumscrap_source_Region2Tianjin_aluminumscrap_source_Region14Jiangxi,1.6172069570925093e9,0.0,0.0,3.456756165797263e7,0.0,0.0,0.0,1.6517745187504818e9
aluminumscrap_source_Region2Tianjin_aluminumscrap_source_Region15Shandong,5.04049727215763e9,0.0,0.0,2.4824859529323567e7,0.0,0.0,0.0,5.065322131686954e9
aluminumscrap_source_Region2Tianjin_aluminumscrap_source_Region16Henan,2.3985664520362015e9,0.0,0.0,2.603389963784019e7,0.0,0.0,0.0,2.4246003516740417e9
aluminumscrap_source_Region2Tianjin_aluminumscrap_source_Region17Hubei,1.8034221167482631e9,0.0,0.0,3.213592473940849e7,0.0,0.0,0.0,1.8355580414876716e9
aluminumscrap_source_Region2Tianjin_aluminumscrap_source_Region18Hunan,1.4999655741154058e9,0.0,0.0,3.465770619561301e7,0.0,0.0,0.0,1.5346232803110187e9
aluminumscrap_source_Region2Tianjin_aluminumscrap_source_Region19Guangdong,9.866959478160439e8,0.0,0.0,3.2929289911869887e7,0.0,0.0,0.0,1.0196252377279137e9
aluminumscrap_source_Region2Tianjin_aluminumscrap_source_Region20Guangxi,9.633522079561011e8,0.0,0.0,3.4969873426111035e7,0.0,0.0,0.0,9.98322081382212e8
aluminumscrap_source_Region2Tianjin_aluminumscrap_source_Region21Hainan,9.095862696491193e8,0.0,0.0,3.7220625692648925e7,0.0,0.0,0.0,9.468068953417681e8
aluminumscrap_source_Region2Tianjin_aluminumscrap_source_Region22Chongqing,1.1785154736970916e9,0.0,0.0,3.380304838823164e7,0.0,0.0,0.0,1.2123185220853233e9
aluminumscrap_source_Region2Tianjin_aluminumscrap_source_Region23Sichuan,1.1996273550807564e9,0.0,0.0,3.463367157508713e7,0.0,0.0,0.0,1.2342610266558435e9
aluminumscrap_source_Region2Tianjin_aluminumscrap_source_Region24Guizhou,1.0551400897596829e9,0.0,0.0,3.426325137337151e7,0.0,0.0,0.0,1.0894033411330545e9
aluminumscrap_source_Region2Tianjin_aluminumscrap_source_Region25Yunnan,8.679916456189406e8,0.0,0.0,3.528648981535588e7,0.0,0.0,0.0,9.032781354342965e8
aluminumscrap_source_Region2Tianjin_aluminumscrap_source_Region27Shaanxi,1.743207234588267e9,0.0,0.0,3.021256369315067e7,0.0,0.0,0.0,1.7734197982814178e9
aluminumscrap_source_Region2Tianjin_aluminumscrap_source_Region28Gansu,1.6154252791912904e9,0.0,0.0,3.801500853749807e7,0.0,0.0,0.0,1.6534402877287884e9
aluminumscrap_source_Region2Tianjin_aluminumscrap_source_Region29Qinghai,1.4593048519792266e9,0.0,0.0,3.896144310472527e7,0.0,0.0,0.0,1.498266295083952e9
aluminumscrap_source_Region2Tianjin_aluminumscrap_source_Region30Ningxia,1.6981365487984736e9,0.0,0.0,3.0626196883998077e7,0.0,0.0,0.0,1.7287627456824718e9
aluminumscrap_source_Region2Tianjin_aluminumscrap_source_Region31Xinjiang,7.274913212004668e8,0.0,0.0,3.3451141000939947e7,0.0,0.0,0.0,7.609424622014067e8
aluminumscrap_source_Region3Hebei_aluminumscrap_source_Region1Beijing,6.3938945341751175e9,0.0,0.0,2.981096052259575e7,0.0,0.0,0.0,6.423705494697713e9
aluminumscrap_source_Region3Hebei_aluminumscrap_source_Region2Tianjin,6.250863874601431e9,0.0,0.0,3.0111653312282e7,0.0,0.0,0.0,6.2809755279137125e9
aluminumscrap_source_Region3Hebei_aluminumscrap_source_Region4Shanxi,7.090334366592746e9,0.0,0.0,2.500971100617572e7,0.0,0.0,0.0,7.115344077598922e9
aluminumscrap_source_Region3Hebei_aluminumscrap_source_Region5Innermongolia,3.063210875565567e9,0.0,0.0,2.741444021118524e7,0.0,0.0,0.0,3.0906253157767525e9
aluminumscrap_source_Region3Hebei_aluminumscrap_source_Region6Liaoning,2.2786803191167173e9,0.0,0.0,3.455518501385749e7,0.0,0.0,0.0,2.3132355041305747e9
aluminumscrap_source_Region3Hebei_aluminumscrap_source_Region7Jilin,1.9683171027787185e9,0.0,0.0,3.90996254709634e7,0.0,0.0,0.0,2.007416728249682e9
aluminumscrap_source_Region3Hebei_aluminumscrap_source_Region8Heilongjiang,1.653576321033633e9,0.0,0.0,3.949451238583942e7,0.0,0.0,0.0,1.6930708334194725e9
aluminumscrap_source_Region3Hebei_aluminumscrap_source_Region9Shanghai,2.122273482294493e9,0.0,0.0,3.794707941657824e7,0.0,0.0,0.0,2.160220561711071e9
aluminumscrap_source_Region3Hebei_aluminumscrap_source_Region10Jiangsu,2.577055370345952e9,0.0,0.0,3.622718671236027e7,0.0,0.0,0.0,2.6132825570583124e9
aluminumscrap_source_Region3Hebei_aluminumscrap_source_Region11Zhejiang,2.128968673343429e9,0.0,0.0,3.9045424164146245e7,0.0,0.0,0.0,2.1680140975075755e9
aluminumscrap_source_Region3Hebei_aluminumscrap_source_Region12Anhui,2.6668352991599264e9,0.0,0.0,3.651357922826338e7,0.0,0.0,0.0,2.70334887838819e9
aluminumscrap_source_Region3Hebei_aluminumscrap_source_Region13Fujian,1.3516434818119593e9,0.0,0.0,3.558617525508514e7,0.0,0.0,0.0,1.3872296570670445e9
aluminumscrap_source_Region3Hebei_aluminumscrap_source_Region14Jiangxi,1.8724920006186004e9,0.0,0.0,3.5105748397786535e7,0.0,0.0,0.0,1.907597749016387e9
aluminumscrap_source_Region3Hebei_aluminumscrap_source_Region15Shandong,5.964394876696045e9,0.0,0.0,2.9067391005594652e7,0.0,0.0,0.0,5.993462267701639e9
aluminumscrap_source_Region3Hebei_aluminumscrap_source_Region16Henan,3.8126593779737372e9,0.0,0.0,2.534089644158911e7,0.0,0.0,0.0,3.838000274415326e9
aluminumscrap_source_Region3Hebei_aluminumscrap_source_Region17Hubei,2.2581208988630834e9,0.0,0.0,3.2230961332723554e7,0.0,0.0,0.0,2.290351860195807e9
aluminumscrap_source_Region3Hebei_aluminumscrap_source_Region18Hunan,1.8037150815304325e9,0.0,0.0,3.4620049002008006e7,0.0,0.0,0.0,1.8383351305324404e9
aluminumscrap_source_Region3Hebei_aluminumscrap_source_Region19Guangdong,1.0957308204446054e9,0.0,0.0,3.24410561291556e7,0.0,0.0,0.0,1.128171876573761e9
aluminumscrap_source_Region3Hebei_aluminumscrap_source_Region20Guangxi,1.0646508719364874e9,0.0,0.0,3.461204260092573e7,0.0,0.0,0.0,1.0992629145374131e9
aluminumscrap_source_Region3Hebei_aluminumscrap_source_Region21Hainan,9.981630962906021e8,0.0,0.0,3.705753650254651e7,0.0,0.0,0.0,1.0352206327931486e9
aluminumscrap_source_Region3Hebei_aluminumscrap_source_Region22Chongqing,1.3779303416727448e9,0.0,0.0,3.2813952365890715e7,0.0,0.0,0.0,1.4107442940386355e9
aluminumscrap_source_Region3Hebei_aluminumscrap_source_Region23Sichuan,1.4008471772491422e9,0.0,0.0,3.3872210964676976e7,0.0,0.0,0.0,1.434719388213819e9
aluminumscrap_source_Region3Hebei_aluminumscrap_source_Region24Guizhou,1.1735605800407562e9,0.0,0.0,3.366092848080416e7,0.0,0.0,0.0,1.2072215085215604e9
aluminumscrap_source_Region3Hebei_aluminumscrap_source_Region25Yunnan,9.64088029975038e8,0.0,0.0,3.472977961270336e7,0.0,0.0,0.0,9.988178095877414e8
aluminumscrap_source_Region3Hebei_aluminumscrap_source_Region27Shaanxi,2.380479216376014e9,0.0,0.0,3.0091738576260667e7,0.0,0.0,0.0,2.410570954952275e9
aluminumscrap_source_Region3Hebei_aluminumscrap_source_Region28Gansu,1.9884195600978503e9,0.0,0.0,3.7577632140043266e7,0.0,0.0,0.0,2.0259971922378936e9
aluminumscrap_source_Region3Hebei_aluminumscrap_source_Region29Qinghai,1.7452671022935848e9,0.0,0.0,3.850821005482802e7,0.0,0.0,0.0,1.7837753123484128e9
aluminumscrap_source_Region3Hebei_aluminumscrap_source_Region30Ningxia,2.1470419485169954e9,0.0,0.0,3.0605208773361944e7,0.0,0.0,0.0,2.1776471572903576e9
aluminumscrap_source_Region3Hebei_aluminumscrap_source_Region31Xinjiang,7.632604181836418e8,0.0,0.0,3.383923765683185e7,0.0,0.0,0.0,7.970996558404737e8
aluminumscrap_source_Region4Shanxi_aluminumscrap_source_Region1Beijing,3.9103403106668525e9,0.0,0.0,3.0557207879160162e7,0.0,0.0,0.0,3.9408975185460124e9
aluminumscrap_source_Region4Shanxi_aluminumscrap_source_Region2Tianjin,3.8653719992241926e9,0.0,0.0,3.0804118952514652e7,0.0,0.0,0.0,3.8961761181767073e9
aluminumscrap_source_Region4Shanxi_aluminumscrap_source_Region3Hebei,6.640221859934431e9,0.0,0.0,2.345317709173973e7,0.0,0.0,0.0,6.663675037026171e9
aluminumscrap_source_Region4Shanxi_aluminumscrap_source_Region5Innermongolia,3.9335837395802126e9,0.0,0.0,2.5757157578676622e7,0.0,0.0,0.0,3.9593408971588893e9
aluminumscrap_source_Region4Shanxi_aluminumscrap_source_Region6Liaoning,1.9377214215523314e9,0.0,0.0,3.549249217483081e7,0.0,0.0,0.0,1.9732139137271624e9
aluminumscrap_source_Region4Shanxi_aluminumscrap_source_Region7Jilin,1.7218415363065443e9,0.0,0.0,3.9630847045162685e7,0.0,0.0,0.0,1.761472383351707e9
aluminumscrap_source_Region4Shanxi_aluminumscrap_source_Region8Heilongjiang,1.4838998913100421e9,0.0,0.0,4.011923948487291e7,0.0,0.0,0.0,1.524019130794915e9
aluminumscrap_source_Region4Shanxi_aluminumscrap_source_Region9Shanghai,1.8345958300374696e9,0.0,0.0,3.878395343521033e7,0.0,0.0,0.0,1.8733797834726799e9
aluminumscrap_source_Region4Shanxi_aluminumscrap_source_Region10Jiangsu,2.1445517786984665e9,0.0,0.0,3.71483869543197e7,0.0,0.0,0.0,2.1817001656527863e9
aluminumscrap_source_Region4Shanxi_aluminumscrap_source_Region11Zhejiang,1.838706970598622e9,0.0,0.0,3.972469511879879e7,0.0,0.0,0.0,1.8784316657174208e9
aluminumscrap_source_Region4Shanxi_aluminumscrap_source_Region12Anhui,2.3511493053083434e9,0.0,0.0,3.687827465410286e7,0.0,0.0,0.0,2.388027579962446e9
aluminumscrap_source_Region4Shanxi_aluminumscrap_source_Region13Fujian,1.2660096285184658e9,0.0,0.0,3.584943382217259e7,0.0,0.0,0.0,1.3018590623406384e9
aluminumscrap_source_Region4Shanxi_aluminumscrap_source_Region14Jiangxi,1.7386715695923977e9,0.0,0.0,3.529627881629348e7,0.0,0.0,0.0,1.7739678484086912e9
aluminumscrap_source_Region4Shanxi_aluminumscrap_source_Region15Shandong,3.6233591258730636e9,0.0,0.0,2.9487297850427568e7,0.0,0.0,0.0,3.652846423723491e9
aluminumscrap_source_Region4Shanxi_aluminumscrap_source_Region16Henan,3.6187334974959655e9,0.0,0.0,2.507039707216362e7,0.0,0.0,0.0,3.643803894568129e9
aluminumscrap_source_Region4Shanxi_aluminumscrap_source_Region17Hubei,2.148483349271128e9,0.0,0.0,3.2207934883874737e7,0.0,0.0,0.0,2.180691284155003e9
aluminumscrap_source_Region4Shanxi_aluminumscrap_source_Region18Hunan,1.7570248081048515e9,0.0,0.0,3.453154684749651e7,0.0,0.0,0.0,1.791556354952348e9
aluminumscrap_source_Region4Shanxi_aluminumscrap_source_Region19Guangdong,1.0798806061189637e9,0.0,0.0,3.2463110484194387e7,0.0,0.0,0.0,1.112343716603158e9
aluminumscrap_source_Region4Shanxi_aluminumscrap_source_Region20Guangxi,1.0760665935422785e9,0.0,0.0,3.4311873003832646e7,0.0,0.0,0.0,1.110378466546111e9
aluminumscrap_source_Region4Shanxi_aluminumscrap_source_Region21Hainan,1.0045635445782775e9,0.0,0.0,3.682867386570138e7,0.0,0.0,0.0,1.0413922184439788e9
aluminumscrap_source_Region4Shanxi_aluminumscrap_source_Region22Chongqing,1.511175639772593e9,0.0,0.0,3.1408038222014908e7,0.0,0.0,0.0,1.542583677994608e9
aluminumscrap_source_Region4Shanxi_aluminumscrap_source_Region23Sichuan,1.539826646265167e9,0.0,0.0,3.2559659513886787e7,0.0,0.0,0.0,1.5723863057790537e9
aluminumscrap_source_Region4Shanxi_aluminumscrap_source_Region24Guizhou,1.2434703969531271e9,0.0,0.0,3.2639032220011756e7,0.0,0.0,0.0,1.2761094291731389e9
aluminumscrap_source_Region4Shanxi_aluminumscrap_source_Region25Yunnan,1.0245102461623665e9,0.0,0.0,3.379722478245698e7,0.0,0.0,0.0,1.0583074709448235e9
aluminumscrap_source_Region4Shanxi_aluminumscrap_source_Region27Shaanxi,3.0042588480432186e9,0.0,0.0,2.8859673791339442e7,0.0,0.0,0.0,3.033118521834558e9
aluminumscrap_source_Region4Shanxi_aluminumscrap_source_Region28Gansu,2.297011907043363e9,0.0,0.0,3.6050666615611196e7,0.0,0.0,0.0,2.333062573658974e9
aluminumscrap_source_Region4Shanxi_aluminumscrap_source_Region29Qinghai,1.9668071088196292e9,0.0,0.0,3.7104616925108954e7,0.0,0.0,0.0,2.003911725744738e9
aluminumscrap_source_Region4Shanxi_aluminumscrap_source_Region30Ningxia,2.6382821039136105e9,0.0,0.0,2.9155509436552007e7,0.0,0.0,0.0,2.6674376133501625e9
aluminumscrap_source_Region4Shanxi_aluminumscrap_source_Region31Xinjiang,8.114386214164096e8,0.0,0.0,3.3345211132280078e7,0.0,0.0,0.0,8.447838325486897e8
aluminumscrap_source_Region5Innermongolia_aluminumscrap_source_Region1Beijing,3.421237288819308e9,0.0,0.0,2.6333943201861903e7,0.0,0.0,0.0,3.4475712320211697e9
aluminumscrap_source_Region5Innermongolia_aluminumscrap_source_Region2Tianjin,2.857508444772677e9,0.0,0.0,2.7449952132403854e7,0.0,0.0,0.0,2.884958396905081e9
aluminumscrap_source_Region5Innermongolia_aluminumscrap_source_Region3Hebei,2.788566767347385e9,0.0,0.0,2.5165770498182274e7,0.0,0.0,0.0,2.813732537845567e9
aluminumscrap_source_Region5Innermongolia_aluminumscrap_source_Region4Shanxi,3.607389620371562e9,0.0,0.0,2.370583751049646e7,0.0,0.0,0.0,3.6310954578820586e9
aluminumscrap_source_Region5Innermongolia_aluminumscrap_source_Region6Liaoning,1.7323836996021795e9,0.0,0.0,3.221082520756083e7,0.0,0.0,0.0,1.7645945248097403e9
aluminumscrap_source_Region5Innermongolia_aluminumscrap_source_Region7Jilin,1.6217292824307272e9,0.0,0.0,3.512824100919143e7,0.0,0.0,0.0,1.6568575234399188e9
aluminumscrap_source_Region5Innermongolia_aluminumscrap_source_Region8Heilongjiang,1.4038238160949223e9,0.0,0.0,3.553768558654255e7,0.0,0.0,0.0,1.439361501681465e9
aluminumscrap_source_Region5Innermongolia_aluminumscrap_source_Region9Shanghai,1.3345922347852066e9,0.0,0.0,3.51685485733992e7,0.0,0.0,0.0,1.3697607833586059e9
aluminumscrap_source_Region5Innermongolia_aluminumscrap_source_Region10Jiangsu,1.5020986167633128e9,0.0,0.0,3.384741930651647e7,0.0,0.0,0.0,1.5359460360698292e9
aluminumscrap_source_Region5Innermongolia_aluminumscrap_source_Region11Zhejiang,1.3374016985851474e9,0.0,0.0,3.585735139127794e7,0.0,0.0,0.0,1.3732590499764254e9
aluminumscrap_source_Region5Innermongolia_aluminumscrap_source_Region12Anhui,1.5319793594759378e9,0.0,0.0,3.395305394747323e7,0.0,0.0,0.0,1.5659324134234111e9
aluminumscrap_source_Region5Innermongolia_aluminumscrap_source_Region13Fujian,1.060172499728767e9,0.0,0.0,3.689317419121273e7,0.0,0.0,0.0,1.0970656739199798e9
aluminumscrap_source_Region5Innermongolia_aluminumscrap_source_Region14Jiangxi,1.3311220785632539e9,0.0,0.0,3.564528131265591e7,0.0,0.0,0.0,1.3667673598759098e9
aluminumscrap_source_Region5Innermongolia_aluminumscrap_source_Region15Shandong,2.192806529363927e9,0.0,0.0,2.935475101667318e7,0.0,0.0,0.0,2.2221612803806e9
aluminumscrap_source_Region5Innermongolia_aluminumscrap_source_Region16Henan,2.09816642276128e9,0.0,0.0,2.8127185264503233e7,0.0,0.0,0.0,2.1262936080257833e9
aluminumscrap_source_Region5Innermongolia_aluminumscrap_source_Region17Hubei,1.5415733863029895e9,0.0,0.0,3.309552182513569e7,0.0,0.0,0.0,1.5746689081281252e9
aluminumscrap_source_Region5Innermongolia_aluminumscrap_source_Region18Hunan,1.341219853665389e9,0.0,0.0,3.504751647839939e7,0.0,0.0,0.0,1.3762673701437883e9
aluminumscrap_source_Region5Innermongolia_aluminumscrap_source_Region19Guangdong,9.328067648398162e8,0.0,0.0,3.408858764497878e7,0.0,0.0,0.0,9.66895352484795e8
aluminumscrap_source_Region5Innermongolia_aluminumscrap_source_Region20Guangxi,9.322673288048042e8,0.0,0.0,3.5765540242684335e7,0.0,0.0,0.0,9.680328690474886e8
aluminumscrap_source_Region5Innermongolia_aluminumscrap_source_Region21Hainan,8.797902496682007e8,0.0,0.0,3.7953291640800424e7,0.0,0.0,0.0,9.177435413090012e8
aluminumscrap_source_Region5Innermongolia_aluminumscrap_source_Region22Chongqing,1.215977729351655e9,0.0,0.0,3.244212738552182e7,0.0,0.0,0.0,1.248419856737177e9
aluminumscrap_source_Region5Innermongolia_aluminumscrap_source_Region23Sichuan,1.2417665570856152e9,0.0,0.0,3.3310731705409195e7,0.0,0.0,0.0,1.2750772887910244e9
aluminumscrap_source_Region5Innermongolia_aluminumscrap_source_Region24Guizhou,1.039720124963982e9,0.0,0.0,3.3426019871545654e7,0.0,0.0,0.0,1.0731461448355277e9
aluminumscrap_source_Region5Innermongolia_aluminumscrap_source_Region25Yunnan,9.062207343338418e8,0.0,0.0,3.504258168319675e7,0.0,0.0,0.0,9.412633160170386e8
aluminumscrap_source_Region5Innermongolia_aluminumscrap_source_Region27Shaanxi,1.9525718674488537e9,0.0,0.0,3.0076984554693464e7,0.0,0.0,0.0,1.9826488520035472e9
aluminumscrap_source_Region5Innermongolia_aluminumscrap_source_Region28Gansu,1.880458247559722e9,0.0,0.0,3.1585818298685342e7,0.0,0.0,0.0,1.9120440658584073e9
aluminumscrap_source_Region5Innermongolia_aluminumscrap_source_Region29Qinghai,1.6294397694656518e9,0.0,0.0,3.252850081022139e7,0.0,0.0,0.0,1.6619682702758732e9
aluminumscrap_source_Region5Innermongolia_aluminumscrap_source_Region30Ningxia,2.6915882946931276e9,0.0,0.0,2.8090713016927656e7,0.0,0.0,0.0,2.7196790077100554e9
aluminumscrap_source_Region5Innermongolia_aluminumscrap_source_Region31Xinjiang,8.873164283224851e8,0.0,0.0,3.2517748164352875e7,0.0,0.0,0.0,9.19834176486838e8
aluminumscrap_source_Region6Liaoning_aluminumscrap_source_Region1Beijing,2.594594167322108e9,0.0,0.0,2.8417144717276387e7,0.0,0.0,0.0,2.6230113120393844e9
aluminumscrap_source_Region6Liaoning_aluminumscrap_source_Region2Tianjin,2.672924153745278e9,0.0,0.0,2.822189989874951e7,0.0,0.0,0.0,2.701146053644027e9
aluminumscrap_source_Region6Liaoning_aluminumscrap_source_Region3Hebei,1.9736286402159617e9,0.0,0.0,2.9919953035362527e7,0.0,0.0,0.0,2.0035485932513242e9
aluminumscrap_source_Region6Liaoning_aluminumscrap_source_Region4Shanxi,1.7401560957591786e9,0.0,0.0,3.1922738457134746e7,0.0,0.0,0.0,1.7720788342163134e9
aluminumscrap_source_Region6Liaoning_aluminumscrap_source_Region5Innermongolia,1.6124742485352256e9,0.0,0.0,2.9724150707851928e7,0.0,0.0,0.0,1.6421983992430775e9
aluminumscrap_source_Region6Liaoning_aluminumscrap_source_Region7Jilin,7.188075553192036e9,0.0,0.0,3.2873153344239805e7,0.0,0.0,0.0,7.220948706536276e9
aluminumscrap_source_Region6Liaoning_aluminumscrap_source_Region8Heilongjiang,3.5693627180444007e9,0.0,0.0,3.06718710072267e7,0.0,0.0,0.0,3.600034589051627e9
aluminumscrap_source_Region6Liaoning_aluminumscrap_source_Region9Shanghai,1.3731960319429598e9,0.0,0.0,3.754487923479314e7,0.0,0.0,0.0,1.410740911177753e9
aluminumscrap_source_Region6Liaoning_aluminumscrap_source_Region10Jiangsu,1.50730759672448e9,0.0,0.0,3.622722977487739e7,0.0,0.0,0.0,1.5435348264993572e9
aluminumscrap_source_Region6Liaoning_aluminumscrap_source_Region11Zhejiang,1.376727676148249e9,0.0,0.0,3.8216166507886946e7,0.0,0.0,0.0,1.4149438426561358e9
aluminumscrap_source_Region6Liaoning_aluminumscrap_source_Region12Anhui,1.495460965601948e9,0.0,0.0,3.657381173776513e7,0.0,0.0,0.0,1.532034777339713e9
aluminumscrap_source_Region6Liaoning_aluminumscrap_source_Region13Fujian,9.841361130988797e8,0.0,0.0,3.661986505116381e7,0.0,0.0,0.0,1.0207559781500435e9
aluminumscrap_source_Region6Liaoning_aluminumscrap_source_Region14Jiangxi,1.1758593867607052e9,0.0,0.0,3.695339206341134e7,0.0,0.0,0.0,1.2128127788241165e9
aluminumscrap_source_Region6Liaoning_aluminumscrap_source_Region15Shandong,2.061527472592014e9,0.0,0.0,3.0652966146215044e7,0.0,0.0,0.0,2.092180438738229e9
aluminumscrap_source_Region6Liaoning_aluminumscrap_source_Region16Henan,1.441022320592648e9,0.0,0.0,3.0612383483870618e7,0.0,0.0,0.0,1.4716347040765185e9
aluminumscrap_source_Region6Liaoning_aluminumscrap_source_Region17Hubei,1.249634698938969e9,0.0,0.0,3.524507153223726e7,0.0,0.0,0.0,1.2848797704712062e9
aluminumscrap_source_Region6Liaoning_aluminumscrap_source_Region18Hunan,1.109700823138488e9,0.0,0.0,3.716970017057321e7,0.0,0.0,0.0,1.1468705233090613e9
aluminumscrap_source_Region6Liaoning_aluminumscrap_source_Region19Guangdong,8.07235059692889e8,0.0,0.0,3.532692011070318e7,0.0,0.0,0.0,8.425619798035922e8
aluminumscrap_source_Region6Liaoning_aluminumscrap_source_Region20Guangxi,7.944260823169212e8,0.0,0.0,3.709157264387934e7,0.0,0.0,0.0,8.315176549608005e8
aluminumscrap_source_Region6Liaoning_aluminumscrap_source_Region21Hainan,7.588706216330712e8,0.0,0.0,3.893406735364323e7,0.0,0.0,0.0,7.978046889867144e8
aluminumscrap_source_Region6Liaoning_aluminumscrap_source_Region22Chongqing,9.354692705046806e8,0.0,0.0,3.6550947861751676e7,0.0,0.0,0.0,9.720202183664323e8
aluminumscrap_source_Region6Liaoning_aluminumscrap_source_Region23Sichuan,9.484826852703143e8,0.0,0.0,3.719732825219851e7,0.0,0.0,0.0,9.856800135225128e8
aluminumscrap_source_Region6Liaoning_aluminumscrap_source_Region24Guizhou,8.601099695803386e8,0.0,0.0,3.6866274459010206e7,0.0,0.0,0.0,8.969762440393488e8
aluminumscrap_source_Region6Liaoning_aluminumscrap_source_Region25Yunnan,7.294946128816704e8,0.0,0.0,3.7235306004641116e7,0.0,0.0,0.0,7.667299188863115e8
aluminumscrap_source_Region6Liaoning_aluminumscrap_source_Region27Shaanxi,1.1958905147795029e9,0.0,0.0,3.310100291826683e7,0.0,0.0,0.0,1.2289915176977696e9
aluminumscrap_source_Region6Liaoning_aluminumscrap_source_Region28Gansu,1.1652014761579587e9,0.0,0.0,3.896312282046693e7,0.0,0.0,0.0,1.2041645989784257e9
aluminumscrap_source_Region6Liaoning_aluminumscrap_source_Region29Qinghai,1.084326760970841e9,0.0,0.0,3.9691869385562435e7,0.0,0.0,0.0,1.1240186303564034e9
aluminumscrap_source_Region6Liaoning_aluminumscrap_source_Region30Ningxia,1.1980897767979484e9,0.0,0.0,3.3476579650016062e7,0.0,0.0,0.0,1.2315663564479644e9
aluminumscrap_source_Region6Liaoning_aluminumscrap_source_Region31Xinjiang,6.232867043337895e8,0.0,0.0,3.428458560807881e7,0.0,0.0,0.0,6.575712899418683e8
aluminumscrap_source_Region7Jilin_aluminumscrap_source_Region1Beijing,1.943094130246462e9,0.0,0.0,2.9757822028556213e7,0.0,0.0,0.0,1.9728519522750182e9
aluminumscrap_source_Region7Jilin_aluminumscrap_source_Region2Tianjin,1.9519236529170477e9,0.0,0.0,2.9783175914763458e7,0.0,0.0,0.0,1.9817068288318112e9
aluminumscrap_source_Region7Jilin_aluminumscrap_source_Region3Hebei,1.5865121296337566e9,0.0,0.0,3.1507820827009212e7,0.0,0.0,0.0,1.6180199504607658e9
aluminumscrap_source_Region7Jilin_aluminumscrap_source_Region4Shanxi,1.4434895995446787e9,0.0,0.0,3.3264771139057722e7,0.0,0.0,0.0,1.4767543706837363e9
aluminumscrap_source_Region7Jilin_aluminumscrap_source_Region5Innermongolia,1.3591659001118834e9,0.0,0.0,2.9874377939449426e7,0.0,0.0,0.0,1.3890402780513327e9
aluminumscrap_source_Region7Jilin_aluminumscrap_source_Region6Liaoning,4.420988953652539e9,0.0,0.0,2.028067479872301e7,0.0,0.0,0.0,4.441269628451262e9
aluminumscrap_source_Region7Jilin_aluminumscrap_source_Region8Heilongjiang,5.595664000701036e9,0.0,0.0,2.267720300688016e7,0.0,0.0,0.0,5.618341203707916e9
aluminumscrap_source_Region7Jilin_aluminumscrap_source_Region9Shanghai,1.1935800940065835e9,0.0,0.0,3.824370584986628e7,0.0,0.0,0.0,1.2318237998564498e9
aluminumscrap_source_Region7Jilin_aluminumscrap_source_Region10Jiangsu,1.288007973334253e9,0.0,0.0,3.7010049043288805e7,0.0,0.0,0.0,1.3250180223775418e9
aluminumscrap_source_Region7Jilin_aluminumscrap_source_Region11Zhejiang,1.1958007699947665e9,0.0,0.0,3.881405704509391e7,0.0,0.0,0.0,1.2346148270398605e9
aluminumscrap_source_Region7Jilin_aluminumscrap_source_Region12Anhui,1.279636115934848e9,0.0,0.0,3.730968748917743e7,0.0,0.0,0.0,1.3169458034240255e9
aluminumscrap_source_Region7Jilin_aluminumscrap_source_Region13Fujian,8.742778568686153e8,0.0,0.0,3.664107041568198e7,0.0,0.0,0.0,9.109189272842972e8
aluminumscrap_source_Region7Jilin_aluminumscrap_source_Region14Jiangxi,1.0257891326885974e9,0.0,0.0,3.705831979137887e7,0.0,0.0,0.0,1.0628474524799763e9
aluminumscrap_source_Region7Jilin_aluminumscrap_source_Region15Shandong,1.606396705287707e9,0.0,0.0,3.1435561428087432e7,0.0,0.0,0.0,1.6378322667157946e9
aluminumscrap_source_Region7Jilin_aluminumscrap_source_Region16Henan,1.203751205655636e9,0.0,0.0,3.122946254922831e7,0.0,0.0,0.0,1.2349806682048645e9
aluminumscrap_source_Region7Jilin_aluminumscrap_source_Region17Hubei,1.0794380486901498e9,0.0,0.0,3.55180827122098e7,0.0,0.0,0.0,1.1149561314023595e9
aluminumscrap_source_Region7Jilin_aluminumscrap_source_Region18Hunan,9.769445738305892e8,0.0,0.0,3.731457302010295e7,0.0,0.0,0.0,1.0142591468506922e9
aluminumscrap_source_Region7Jilin_aluminumscrap_source_Region19Guangdong,7.357729165201168e8,0.0,0.0,3.565761665739279e7,0.0,0.0,0.0,7.714305331775095e8
aluminumscrap_source_Region7Jilin_aluminumscrap_source_Region20Guangxi,7.262032124757578e8,0.0,0.0,3.731937019567934e7,0.0,0.0,0.0,7.635225826714371e8
aluminumscrap_source_Region7Jilin_aluminumscrap_source_Region21Hainan,6.967529997784227e8,0.0,0.0,3.9021799273584045e7,0.0,0.0,0.0,7.357747990520067e8
aluminumscrap_source_Region7Jilin_aluminumscrap_source_Region22Chongqing,8.433182871867915e8,0.0,0.0,3.691393683608812e7,0.0,0.0,0.0,8.802322240228796e8
aluminumscrap_source_Region7Jilin_aluminumscrap_source_Region23Sichuan,8.534787062656016e8,0.0,0.0,3.748278313531388e7,0.0,0.0,0.0,8.909614894009155e8
aluminumscrap_source_Region7Jilin_aluminumscrap_source_Region24Guizhou,7.830663461619456e8,0.0,0.0,3.724069688788202e7,0.0,0.0,0.0,8.203070430498276e8
aluminumscrap_source_Region7Jilin_aluminumscrap_source_Region25Yunnan,6.718796659916201e8,0.0,0.0,3.7452279638201766e7,0.0,0.0,0.0,7.093319456298218e8
aluminumscrap_source_Region7Jilin_aluminumscrap_source_Region27Shaanxi,1.0299121930966073e9,0.0,0.0,3.3347416193101183e7,0.0,0.0,0.0,1.0632596092897085e9
aluminumscrap_source_Region7Jilin_aluminumscrap_source_Region28Gansu,1.0396214695541587e9,0.0,0.0,3.96500114764841e7,0.0,0.0,0.0,1.0792714810306427e9
aluminumscrap_source_Region7Jilin_aluminumscrap_source_Region29Qinghai,9.770265876932582e8,0.0,0.0,4.0356099117155105e7,0.0,0.0,0.0,1.0173826868104132e9
aluminumscrap_source_Region7Jilin_aluminumscrap_source_Region30Ningxia,1.0516064081155268e9,0.0,0.0,3.3531926129680365e7,0.0,0.0,0.0,1.085138334245207e9
aluminumscrap_source_Region7Jilin_aluminumscrap_source_Region31Xinjiang,5.986887917540351e8,0.0,0.0,3.376277164264692e7,0.0,0.0,0.0,6.32451563396682e8
aluminumscrap_source_Region8Heilongjiang_aluminumscrap_source_Region1Beijing,1.6845744394721916e9,0.0,0.0,3.2554538223129056e7,0.0,0.0,0.0,1.7171289776953206e9
aluminumscrap_source_Region8Heilongjiang_aluminumscrap_source_Region2Tianjin,1.6908955684862256e9,0.0,0.0,3.2581519717562374e7,0.0,0.0,0.0,1.723477088203788e9
aluminumscrap_source_Region8Heilongjiang_aluminumscrap_source_Region3Hebei,1.4189556545205982e9,0.0,0.0,3.387079501378383e7,0.0,0.0,0.0,1.452826449534382e9
aluminumscrap_source_Region8Heilongjiang_aluminumscrap_source_Region4Shanxi,1.306512996523959e9,0.0,0.0,3.5347858071948774e7,0.0,0.0,0.0,1.3418608545959077e9
aluminumscrap_source_Region8Heilongjiang_aluminumscrap_source_Region5Innermongolia,1.2466396148556395e9,0.0,0.0,3.159951234299362e7,0.0,0.0,0.0,1.2782391271986332e9
aluminumscrap_source_Region8Heilongjiang_aluminumscrap_source_Region6Liaoning,2.998525374261237e9,0.0,0.0,2.5780676533778537e7,0.0,0.0,0.0,3.024306050795016e9
aluminumscrap_source_Region8Heilongjiang_aluminumscrap_source_Region7Jilin,6.490194228635207e9,0.0,0.0,2.624152538149947e7,0.0,0.0,0.0,6.516435754016706e9
aluminumscrap_source_Region8Heilongjiang_aluminumscrap_source_Region9Shanghai,1.1018230321204782e9,0.0,0.0,3.972247891799438e7,0.0,0.0,0.0,1.1415455110384727e9
aluminumscrap_source_Region8Heilongjiang_aluminumscrap_source_Region10Jiangsu,1.1803177243780682e9,0.0,0.0,3.86492155335242e7,0.0,0.0,0.0,1.2189669399115925e9
aluminumscrap_source_Region8Heilongjiang_aluminumscrap_source_Region11Zhejiang,1.1036486123077302e9,0.0,0.0,4.024902235634301e7,0.0,0.0,0.0,1.1438976346640732e9
aluminumscrap_source_Region8Heilongjiang_aluminumscrap_source_Region12Anhui,1.1733908696460972e9,0.0,0.0,3.8917744132069245e7,0.0,0.0,0.0,1.2123086137781665e9
aluminumscrap_source_Region8Heilongjiang_aluminumscrap_source_Region13Fujian,8.21658515980361e8,0.0,0.0,3.773098727975485e7,0.0,0.0,0.0,8.593895032601159e8
aluminumscrap_source_Region8Heilongjiang_aluminumscrap_source_Region14Jiangxi,9.552540029741448e8,0.0,0.0,3.834109526048088e7,0.0,0.0,0.0,9.935950982346257e8
aluminumscrap_source_Region8Heilongjiang_aluminumscrap_source_Region15Shandong,1.4290747216777687e9,0.0,0.0,3.369674404318802e7,0.0,0.0,0.0,1.4627714657209568e9
aluminumscrap_source_Region8Heilongjiang_aluminumscrap_source_Region16Henan,1.1010941197239501e9,0.0,0.0,3.2982036970430925e7,0.0,0.0,0.0,1.134076156694381e9
aluminumscrap_source_Region8Heilongjiang_aluminumscrap_source_Region17Hubei,1.0007754152048998e9,0.0,0.0,3.694328216753775e7,0.0,0.0,0.0,1.0377186973724375e9
aluminumscrap_source_Region8Heilongjiang_aluminumscrap_source_Region18Hunan,9.134154082077029e8,0.0,0.0,3.855124773288667e7,0.0,0.0,0.0,9.519666559405895e8
aluminumscrap_source_Region8Heilongjiang_aluminumscrap_source_Region19Guangdong,6.99639036318619e8,0.0,0.0,3.671231640060845e7,0.0,0.0,0.0,7.363513527192274e8
aluminumscrap_source_Region8Heilongjiang_aluminumscrap_source_Region20Guangxi,6.914652468555473e8,0.0,0.0,3.830726476898903e7,0.0,0.0,0.0,7.297725116245363e8
aluminumscrap_source_Region8Heilongjiang_aluminumscrap_source_Region21Hainan,6.653720177128565e8,0.0,0.0,3.9932724273471735e7,0.0,0.0,0.0,7.053047419863282e8
aluminumscrap_source_Region8Heilongjiang_aluminumscrap_source_Region22Chongqing,7.969691245182462e8,0.0,0.0,3.808131348180133e7,0.0,0.0,0.0,8.350504380000474e8
aluminumscrap_source_Region8Heilongjiang_aluminumscrap_source_Region23Sichuan,8.058998132490577e8,0.0,0.0,3.862522925134049e7,0.0,0.0,0.0,8.445250425003982e8
aluminumscrap_source_Region8Heilongjiang_aluminumscrap_source_Region24Guizhou,7.434903714048074e8,0.0,0.0,3.83402727239192e7,0.0,0.0,0.0,7.818306441287266e8
aluminumscrap_source_Region8Heilongjiang_aluminumscrap_source_Region25Yunnan,6.425000842997619e8,0.0,0.0,3.839128451598804e7,0.0,0.0,0.0,6.808913688157499e8
aluminumscrap_source_Region8Heilongjiang_aluminumscrap_source_Region27Shaanxi,9.546503720016084e8,0.0,0.0,3.473907401896888e7,0.0,0.0,0.0,9.893894460205772e8
aluminumscrap_source_Region8Heilongjiang_aluminumscrap_source_Region28Gansu,9.709779587421918e8,0.0,0.0,4.092605677410603e7,0.0,0.0,0.0,1.0119040155162978e9
aluminumscrap_source_Region8Heilongjiang_aluminumscrap_source_Region29Qinghai,9.171136103940418e8,0.0,0.0,4.155940654600734e7,0.0,0.0,0.0,9.586730169400492e8
aluminumscrap_source_Region8Heilongjiang_aluminumscrap_source_Region30Ningxia,9.778109430421325e8,0.0,0.0,3.491683251305157e7,0.0,0.0,0.0,1.0127277755551841e9
aluminumscrap_source_Region8Heilongjiang_aluminumscrap_source_Region31Xinjiang,5.782783083739679e8,0.0,0.0,3.434498473781389e7,0.0,0.0,0.0,6.126232931117818e8
aluminumscrap_source_Region9Shanghai_aluminumscrap_source_Region1Beijing,1.8671162610233545e9,0.0,0.0,3.549540057503526e7,0.0,0.0,0.0,1.9026116615983899e9
aluminumscrap_source_Region9Shanghai_aluminumscrap_source_Region2Tianjin,2.0151519238026614e9,0.0,0.0,3.4519355534356266e7,0.0,0.0,0.0,2.0496712793370178e9
aluminumscrap_source_Region9Shanghai_aluminumscrap_source_Region3Hebei,1.827789929242092e9,0.0,0.0,3.2201490954058472e7,0.0,0.0,0.0,1.8599914201961503e9
aluminumscrap_source_Region9Shanghai_aluminumscrap_source_Region4Shanxi,1.6344957948487241e9,0.0,0.0,3.415510561274764e7,0.0,0.0,0.0,1.6686509004614718e9
aluminumscrap_source_Region9Shanghai_aluminumscrap_source_Region5Innermongolia,1.2267054825451126e9,0.0,0.0,3.2521201035103474e7,0.0,0.0,0.0,1.2592266835802162e9
aluminumscrap_source_Region9Shanghai_aluminumscrap_source_Region6Liaoning,1.3710736697196088e9,0.0,0.0,3.639999621395028e7,0.0,0.0,0.0,1.407473665933559e9
aluminumscrap_source_Region9Shanghai_aluminumscrap_source_Region7Jilin,1.272798212395932e9,0.0,0.0,3.9772995553790376e7,0.0,0.0,0.0,1.3125712079497223e9
aluminumscrap_source_Region9Shanghai_aluminumscrap_source_Region8Heilongjiang,1.1471887677044444e9,0.0,0.0,4.045936734818355e7,0.0,0.0,0.0,1.187648135052628e9
aluminumscrap_source_Region9Shanghai_aluminumscrap_source_Region10Jiangsu,5.413509341348258e9,0.0,0.0,2.5824026580513682e7,0.0,0.0,0.0,5.439333367928772e9
aluminumscrap_source_Region9Shanghai_aluminumscrap_source_Region11Zhejiang,9.811325314788845e9,0.0,0.0,2.802651416305294e7,0.0,0.0,0.0,9.839351828951899e9
aluminumscrap_source_Region9Shanghai_aluminumscrap_source_Region12Anhui,4.006230221266706e9,0.0,0.0,2.9164312042034306e7,0.0,0.0,0.0,4.03539453330874e9
aluminumscrap_source_Region9Shanghai_aluminumscrap_source_Region13Fujian,2.3683455563573585e9,0.0,0.0,2.8560858803154673e7,0.0,0.0,0.0,2.396906415160513e9
aluminumscrap_source_Region9Shanghai_aluminumscrap_source_Region14Jiangxi,2.5953444067782907e9,0.0,0.0,2.8741875335313138e7,0.0,0.0,0.0,2.624086282113604e9
aluminumscrap_source_Region9Shanghai_aluminumscrap_source_Region15Shandong,2.2357702942247005e9,0.0,0.0,2.879730400076583e7,0.0,0.0,0.0,2.2645675982254663e9
aluminumscrap_source_Region9Shanghai_aluminumscrap_source_Region16Henan,1.786684997145691e9,0.0,0.0,2.7253522604018304e7,0.0,0.0,0.0,1.8139385197497091e9
aluminumscrap_source_Region9Shanghai_aluminumscrap_source_Region17Hubei,2.2761701504528866e9,0.0,0.0,2.79083668844584e7,0.0,0.0,0.0,2.304078517337345e9
aluminumscrap_source_Region9Shanghai_aluminumscrap_source_Region18Hunan,1.8693228440368636e9,0.0,0.0,3.080254351005269e7,0.0,0.0,0.0,1.9001253875469162e9
aluminumscrap_source_Region9Shanghai_aluminumscrap_source_Region19Guangdong,1.2571877745641584e9,0.0,0.0,2.826387441374544e7,0.0,0.0,0.0,1.2854516489779038e9
aluminumscrap_source_Region9Shanghai_aluminumscrap_source_Region20Guangxi,1.0951011015392745e9,0.0,0.0,3.2160444023784593e7,0.0,0.0,0.0,1.127261545563059e9
aluminumscrap_source_Region9Shanghai_aluminumscrap_source_Region21Hainan,1.078616659349449e9,0.0,0.0,3.412504198348309e7,0.0,0.0,0.0,1.112741701332932e9
aluminumscrap_source_Region9Shanghai_aluminumscrap_source_Region22Chongqing,1.237183862089361e9,0.0,0.0,3.191692569298944e7,0.0,0.0,0.0,1.2691007877823503e9
aluminumscrap_source_Region9Shanghai_aluminumscrap_source_Region23Sichuan,1.131643531942481e9,0.0,0.0,3.4300520928057775e7,0.0,0.0,0.0,1.1659440528705387e9
aluminumscrap_source_Region9Shanghai_aluminumscrap_source_Region24Guizhou,1.1363060553288982e9,0.0,0.0,3.2032726792307585e7,0.0,0.0,0.0,1.1683387821212058e9
aluminumscrap_source_Region9Shanghai_aluminumscrap_source_Region25Yunnan,9.219804729427614e8,0.0,0.0,3.3537264942822147e7,0.0,0.0,0.0,9.555177378855835e8
aluminumscrap_source_Region9Shanghai_aluminumscrap_source_Region27Shaanxi,1.4035702757116306e9,0.0,0.0,3.0751630395122495e7,0.0,0.0,0.0,1.434321906106753e9
aluminumscrap_source_Region9Shanghai_aluminumscrap_source_Region28Gansu,1.2650001720099604e9,0.0,0.0,3.953525228139204e7,0.0,0.0,0.0,1.3045354242913525e9
aluminumscrap_source_Region9Shanghai_aluminumscrap_source_Region29Qinghai,1.1635257557854445e9,0.0,0.0,4.0435210903728604e7,0.0,0.0,0.0,1.2039609666891732e9
aluminumscrap_source_Region9Shanghai_aluminumscrap_source_Region30Ningxia,1.1192762886710274e9,0.0,0.0,3.37891646879379e7,0.0,0.0,0.0,1.1530654533589654e9
aluminumscrap_source_Region9Shanghai_aluminumscrap_source_Region31Xinjiang,5.66568239284898e8,0.0,0.0,3.4879933949461125e7,0.0,0.0,0.0,6.014481732343591e8
aluminumscrap_source_Region10Jiangsu_aluminumscrap_source_Region1Beijing,2.202185490315714e9,0.0,0.0,3.497558339120835e7,0.0,0.0,0.0,2.237161073706922e9
aluminumscrap_source_Region10Jiangsu_aluminumscrap_source_Region2Tianjin,2.3911753573037434e9,0.0,0.0,3.3950639874410905e7,0.0,0.0,0.0,2.4251259971781545e9
aluminumscrap_source_Region10Jiangsu_aluminumscrap_source_Region3Hebei,2.144567282056436e9,0.0,0.0,3.0117269046146065e7,0.0,0.0,0.0,2.174684551102582e9
aluminumscrap_source_Region10Jiangsu_aluminumscrap_source_Region4Shanxi,1.872304231436664e9,0.0,0.0,3.2432456411862027e7,0.0,0.0,0.0,1.9047366878485262e9
aluminumscrap_source_Region10Jiangsu_aluminumscrap_source_Region5Innermongolia,1.3682587858329747e9,0.0,0.0,3.133856357576645e7,0.0,0.0,0.0,1.3995973494087412e9
aluminumscrap_source_Region10Jiangsu_aluminumscrap_source_Region6Liaoning,1.483387462074888e9,0.0,0.0,3.565928166160484e7,0.0,0.0,0.0,1.5190467437364929e9
aluminumscrap_source_Region10Jiangsu_aluminumscrap_source_Region7Jilin,1.365678165210935e9,0.0,0.0,3.924825592923865e7,0.0,0.0,0.0,1.4049264211401737e9
aluminumscrap_source_Region10Jiangsu_aluminumscrap_source_Region8Heilongjiang,1.2199843444914153e9,0.0,0.0,3.996525652500464e7,0.0,0.0,0.0,1.25994960101642e9
aluminumscrap_source_Region10Jiangsu_aluminumscrap_source_Region9Shanghai,5.782086769268055e9,0.0,0.0,2.7283915887402263e7,0.0,0.0,0.0,5.8093706851554575e9
aluminumscrap_source_Region10Jiangsu_aluminumscrap_source_Region11Zhejiang,6.85904731340468e9,0.0,0.0,2.9791948044255197e7,0.0,0.0,0.0,6.8888392614489355e9
aluminumscrap_source_Region10Jiangsu_aluminumscrap_source_Region12Anhui,9.963105881983957e9,0.0,0.0,2.546920357062217e7,0.0,0.0,0.0,9.988575085554579e9
aluminumscrap_source_Region10Jiangsu_aluminumscrap_source_Region13Fujian,2.2029439189155126e9,0.0,0.0,2.9397461390922047e7,0.0,0.0,0.0,2.2323413803064346e9
aluminumscrap_source_Region10Jiangsu_aluminumscrap_source_Region14Jiangxi,3.0355102660189977e9,0.0,0.0,2.8191683617177144e7,0.0,0.0,0.0,3.0637019496361747e9
aluminumscrap_source_Region10Jiangsu_aluminumscrap_source_Region15Shandong,2.735781153231287e9,0.0,0.0,2.69350575977549e7,0.0,0.0,0.0,2.762716210829042e9
aluminumscrap_source_Region10Jiangsu_aluminumscrap_source_Region16Henan,2.2998605886909013e9,0.0,0.0,2.4649711013122223e7,0.0,0.0,0.0,2.3245102997040234e9
aluminumscrap_source_Region10Jiangsu_aluminumscrap_source_Region17Hubei,3.060964467230399e9,0.0,0.0,2.5700136842778772e7,0.0,0.0,0.0,3.086664604073178e9
aluminumscrap_source_Region10Jiangsu_aluminumscrap_source_Region18Hunan,2.1945266383200874e9,0.0,0.0,2.9624822924178224e7,0.0,0.0,0.0,2.2241514612442656e9
aluminumscrap_source_Region10Jiangsu_aluminumscrap_source_Region19Guangdong,1.3013600962995107e9,0.0,0.0,2.7968983792155996e7,0.0,0.0,0.0,1.3293290800916667e9
aluminumscrap_source_Region10Jiangsu_aluminumscrap_source_Region20Guangxi,1.1615846509609373e9,0.0,0.0,3.151942923897392e7,0.0,0.0,0.0,1.193104080199911e9
aluminumscrap_source_Region10Jiangsu_aluminumscrap_source_Region21Hainan,1.108634826535332e9,0.0,0.0,3.397752683217557e7,0.0,0.0,0.0,1.1426123533675075e9
aluminumscrap_source_Region10Jiangsu_aluminumscrap_source_Region22Chongqing,1.3933371959645836e9,0.0,0.0,3.0324826737970628e7,0.0,0.0,0.0,1.4236620227025542e9
aluminumscrap_source_Region10Jiangsu_aluminumscrap_source_Region23Sichuan,1.2564307713862414e9,0.0,0.0,3.3020474011045713e7,0.0,0.0,0.0,1.2894512453972871e9
aluminumscrap_source_Region10Jiangsu_aluminumscrap_source_Region24Guizhou,1.2415070498725657e9,0.0,0.0,3.0770610691199735e7,0.0,0.0,0.0,1.2722776605637655e9
aluminumscrap_source_Region10Jiangsu_aluminumscrap_source_Region25Yunnan,9.906831823556632e8,0.0,0.0,3.265808086012271e7,0.0,0.0,0.0,1.0233412632157859e9
aluminumscrap_source_Region10Jiangsu_aluminumscrap_source_Region27Shaanxi,1.6951177753981674e9,0.0,0.0,2.9053103927944962e7,0.0,0.0,0.0,1.7241708793261123e9
aluminumscrap_source_Region10Jiangsu_aluminumscrap_source_Region28Gansu,1.4240905269671981e9,0.0,0.0,3.827510018277439e7,0.0,0.0,0.0,1.4623656271499724e9
aluminumscrap_source_Region10Jiangsu_aluminumscrap_source_Region29Qinghai,1.2938644083473995e9,0.0,0.0,3.930245898429705e7,0.0,0.0,0.0,1.3331668673316965e9
aluminumscrap_source_Region10Jiangsu_aluminumscrap_source_Region30Ningxia,1.2667920052128267e9,0.0,0.0,3.25024992399363e7,0.0,0.0,0.0,1.299294504452763e9
aluminumscrap_source_Region10Jiangsu_aluminumscrap_source_Region31Xinjiang,6.01990205024464e8,0.0,0.0,3.442897674463559e7,0.0,0.0,0.0,6.364191817690996e8
aluminumscrap_source_Region11Zhejiang_aluminumscrap_source_Region1Beijing,1.7798573619418027e9,0.0,0.0,3.525578567052613e7,0.0,0.0,0.0,1.8151131476123288e9
aluminumscrap_source_Region11Zhejiang_aluminumscrap_source_Region2Tianjin,1.91188039326429e9,0.0,0.0,3.427484652378125e7,0.0,0.0,0.0,1.9461552397880714e9
aluminumscrap_source_Region11Zhejiang_aluminumscrap_source_Region3Hebei,1.7476312853437622e9,0.0,0.0,3.2010684833045766e7,0.0,0.0,0.0,1.7796419701768079e9
aluminumscrap_source_Region11Zhejiang_aluminumscrap_source_Region4Shanxi,1.5722789248195164e9,0.0,0.0,3.394647505850063e7,0.0,0.0,0.0,1.606225399878017e9
aluminumscrap_source_Region11Zhejiang_aluminumscrap_source_Region5Innermongolia,1.1892999419078097e9,0.0,0.0,3.231610739869577e7,0.0,0.0,0.0,1.2216160493065054e9
aluminumscrap_source_Region11Zhejiang_aluminumscrap_source_Region6Liaoning,1.3086552926062891e9,0.0,0.0,3.6332704152406275e7,0.0,0.0,0.0,1.3449879967586954e9
aluminumscrap_source_Region11Zhejiang_aluminumscrap_source_Region7Jilin,1.2203637082438295e9,0.0,0.0,3.961706059820199e7,0.0,0.0,0.0,1.2599807688420315e9
aluminumscrap_source_Region11Zhejiang_aluminumscrap_source_Region8Heilongjiang,1.1054656783588028e9,0.0,0.0,4.033084477731486e7,0.0,0.0,0.0,1.1457965231361177e9
aluminumscrap_source_Region11Zhejiang_aluminumscrap_source_Region9Shanghai,7.601582140945504e9,0.0,0.0,2.114378834461296e7,0.0,0.0,0.0,7.622725929290117e9
aluminumscrap_source_Region11Zhejiang_aluminumscrap_source_Region10Jiangsu,5.375746118609073e9,0.0,0.0,2.332408413676635e7,0.0,0.0,0.0,5.399070202745839e9
aluminumscrap_source_Region11Zhejiang_aluminumscrap_source_Region12Anhui,4.221105749292474e9,0.0,0.0,2.659049130511953e7,0.0,0.0,0.0,4.2476962405975933e9
aluminumscrap_source_Region11Zhejiang_aluminumscrap_source_Region13Fujian,2.7767550557626333e9,0.0,0.0,2.6348601589717407e7,0.0,0.0,0.0,2.8031036573523507e9
aluminumscrap_source_Region11Zhejiang_aluminumscrap_source_Region14Jiangxi,3.136794178632944e9,0.0,0.0,2.5954264171974763e7,0.0,0.0,0.0,3.162748442804919e9
aluminumscrap_source_Region11Zhejiang_aluminumscrap_source_Region15Shandong,2.1082658836406548e9,0.0,0.0,2.8460353312344134e7,0.0,0.0,0.0,2.1367262369529989e9
aluminumscrap_source_Region11Zhejiang_aluminumscrap_source_Region16Henan,1.7683353725257673e9,0.0,0.0,2.650083837757833e7,0.0,0.0,0.0,1.7948362109033456e9
aluminumscrap_source_Region11Zhejiang_aluminumscrap_source_Region17Hubei,2.4033311283001733e9,0.0,0.0,2.6209617646739345e7,0.0,0.0,0.0,2.429540745946913e9
aluminumscrap_source_Region11Zhejiang_aluminumscrap_source_Region18Hunan,2.0940392635928442e9,0.0,0.0,2.8641546024094205e7,0.0,0.0,0.0,2.1226808096169384e9
aluminumscrap_source_Region11Zhejiang_aluminumscrap_source_Region19Guangdong,1.3483303552823124e9,0.0,0.0,2.6537249530622195e7,0.0,0.0,0.0,1.3748676048129346e9
aluminumscrap_source_Region11Zhejiang_aluminumscrap_source_Region20Guangxi,1.1580913740512977e9,0.0,0.0,3.0761924722487275e7,0.0,0.0,0.0,1.1888532987737849e9
aluminumscrap_source_Region11Zhejiang_aluminumscrap_source_Region21Hainan,1.1388971963576005e9,0.0,0.0,3.28429757231837e7,0.0,0.0,0.0,1.171740172080784e9
aluminumscrap_source_Region11Zhejiang_aluminumscrap_source_Region22Chongqing,1.2656495645438254e9,0.0,0.0,3.0935608561584834e7,0.0,0.0,0.0,1.2965851731054103e9
aluminumscrap_source_Region11Zhejiang_aluminumscrap_source_Region23Sichuan,1.15468634151246e9,0.0,0.0,3.3433698540929258e7,0.0,0.0,0.0,1.1881200400533893e9
aluminumscrap_source_Region11Zhejiang_aluminumscrap_source_Region24Guizhou,1.1866710966638138e9,0.0,0.0,3.0725117958180215e7,0.0,0.0,0.0,1.217396214621994e9
aluminumscrap_source_Region11Zhejiang_aluminumscrap_source_Region25Yunnan,9.547120838463748e8,0.0,0.0,3.2533602398590304e7,0.0,0.0,0.0,9.872456862449651e8
aluminumscrap_source_Region11Zhejiang_aluminumscrap_source_Region27Shaanxi,1.43159903466966e9,0.0,0.0,2.9794420456788793e7,0.0,0.0,0.0,1.4613934551264489e9
aluminumscrap_source_Region11Zhejiang_aluminumscrap_source_Region28Gansu,1.2712925447043047e9,0.0,0.0,3.8837448908368565e7,0.0,0.0,0.0,1.3101299936126733e9
aluminumscrap_source_Region11Zhejiang_aluminumscrap_source_Region29Qinghai,1.1688343479446566e9,0.0,0.0,3.9797324709093235e7,0.0,0.0,0.0,1.20863167265375e9
aluminumscrap_source_Region11Zhejiang_aluminumscrap_source_Region30Ningxia,1.1122931446763952e9,0.0,0.0,3.3286187553000003e7,0.0,0.0,0.0,1.1455793322293952e9
aluminumscrap_source_Region11Zhejiang_aluminumscrap_source_Region31Xinjiang,5.677997729443413e8,0.0,0.0,3.455625719117938e7,0.0,0.0,0.0,6.023560301355207e8
aluminumscrap_source_Region12Anhui_aluminumscrap_source_Region1Beijing,2.1629771675882454e9,0.0,0.0,3.486014641328933e7,0.0,0.0,0.0,2.197837314001535e9
aluminumscrap_source_Region12Anhui_aluminumscrap_source_Region2Tianjin,2.296667081587873e9,0.0,0.0,3.41169520919864e7,0.0,0.0,0.0,2.330784033679859e9
aluminumscrap_source_Region12Anhui_aluminumscrap_source_Region3Hebei,2.1711896089168043e9,0.0,0.0,2.957457283056665e7,0.0,0.0,0.0,2.200764181747371e9
aluminumscrap_source_Region12Anhui_aluminumscrap_source_Region4Shanxi,1.9981015754890943e9,0.0,0.0,3.1143830002945747e7,0.0,0.0,0.0,2.02924540549204e9
aluminumscrap_source_Region12Anhui_aluminumscrap_source_Region5Innermongolia,1.396941091153026e9,0.0,0.0,3.0835722722968265e7,0.0,0.0,0.0,1.4277768138759944e9
aluminumscrap_source_Region12Anhui_aluminumscrap_source_Region6Liaoning,1.4570360601893556e9,0.0,0.0,3.56340712236851e7,0.0,0.0,0.0,1.4926701314130406e9
aluminumscrap_source_Region12Anhui_aluminumscrap_source_Region7Jilin,1.3440577640944555e9,0.0,0.0,3.9187996119609214e7,0.0,0.0,0.0,1.3832457602140646e9
aluminumscrap_source_Region12Anhui_aluminumscrap_source_Region8Heilongjiang,1.2032504704811502e9,0.0,0.0,3.991938251435488e7,0.0,0.0,0.0,1.243169852995505e9
aluminumscrap_source_Region12Anhui_aluminumscrap_source_Region9Shanghai,4.0322110908001914e9,0.0,0.0,2.912648636794298e7,0.0,0.0,0.0,4.061337577168134e9
aluminumscrap_source_Region12Anhui_aluminumscrap_source_Region10Jiangsu,8.969174552154638e9,0.0,0.0,2.2970435830247782e7,0.0,0.0,0.0,8.992144987984886e9
aluminumscrap_source_Region12Anhui_aluminumscrap_source_Region11Zhejiang,4.74481760201231e9,0.0,0.0,3.0156638778652746e7,0.0,0.0,0.0,4.774974240790963e9
aluminumscrap_source_Region12Anhui_aluminumscrap_source_Region13Fujian,2.1060620015796258e9,0.0,0.0,2.9299918733637266e7,0.0,0.0,0.0,2.1353619203132632e9
aluminumscrap_source_Region12Anhui_aluminumscrap_source_Region14Jiangxi,3.7809496693662524e9,0.0,0.0,2.6442508723505314e7,0.0,0.0,0.0,3.807392178089758e9
aluminumscrap_source_Region12Anhui_aluminumscrap_source_Region15Shandong,2.658193550165198e9,0.0,0.0,2.6807059385379422e7,0.0,0.0,0.0,2.685000609550577e9
aluminumscrap_source_Region12Anhui_aluminumscrap_source_Region16Henan,2.616761460579972e9,0.0,0.0,2.285430022483348e7,0.0,0.0,0.0,2.6396157608048053e9
aluminumscrap_source_Region12Anhui_aluminumscrap_source_Region17Hubei,3.934252205521699e9,0.0,0.0,2.3233361167826086e7,0.0,0.0,0.0,3.957485566689525e9
aluminumscrap_source_Region12Anhui_aluminumscrap_source_Region18Hunan,2.505683663653169e9,0.0,0.0,2.807802186434238e7,0.0,0.0,0.0,2.5337616855175114e9
aluminumscrap_source_Region12Anhui_aluminumscrap_source_Region19Guangdong,1.3927758825878747e9,0.0,0.0,2.673911931564277e7,0.0,0.0,0.0,1.4195150019035175e9
aluminumscrap_source_Region12Anhui_aluminumscrap_source_Region20Guangxi,1.2287949782323632e9,0.0,0.0,3.051894446262578e7,0.0,0.0,0.0,1.259313922694989e9
aluminumscrap_source_Region12Anhui_aluminumscrap_source_Region21Hainan,1.168320748862161e9,0.0,0.0,3.3127030797053214e7,0.0,0.0,0.0,1.201447779659214e9
aluminumscrap_source_Region12Anhui_aluminumscrap_source_Region22Chongqing,1.5019633000884292e9,0.0,0.0,2.8948067648505706e7,0.0,0.0,0.0,1.530911367736935e9
aluminumscrap_source_Region12Anhui_aluminumscrap_source_Region23Sichuan,1.3405933089506245e9,0.0,0.0,3.188708170798571e7,0.0,0.0,0.0,1.37248039065861e9
aluminumscrap_source_Region12Anhui_aluminumscrap_source_Region24Guizhou,1.3217852126051078e9,0.0,0.0,2.9523945611377075e7,0.0,0.0,0.0,1.3513091582164848e9
aluminumscrap_source_Region12Anhui_aluminumscrap_source_Region25Yunnan,1.0407950860167627e9,0.0,0.0,3.1766557718514595e7,0.0,0.0,0.0,1.0725616437352773e9
aluminumscrap_source_Region12Anhui_aluminumscrap_source_Region27Shaanxi,1.9002656897696419e9,0.0,0.0,2.764013818151456e7,0.0,0.0,0.0,1.9279058279511564e9
aluminumscrap_source_Region12Anhui_aluminumscrap_source_Region28Gansu,1.5290537746935184e9,0.0,0.0,3.7130007830251485e7,0.0,0.0,0.0,1.5661837825237699e9
aluminumscrap_source_Region12Anhui_aluminumscrap_source_Region29Qinghai,1.3778835653633435e9,0.0,0.0,3.8280567671048224e7,0.0,0.0,0.0,1.4161641330343916e9
aluminumscrap_source_Region12Anhui_aluminumscrap_source_Region30Ningxia,1.3298470394743726e9,0.0,0.0,3.1700088021617495e7,0.0,0.0,0.0,1.36154712749599e9
aluminumscrap_source_Region12Anhui_aluminumscrap_source_Region31Xinjiang,6.229735745779102e8,0.0,0.0,3.401021754298918e7,0.0,0.0,0.0,6.569837921208993e8
aluminumscrap_source_Region13Fujian_aluminumscrap_source_Region1Beijing,1.0952053577001128e9,0.0,0.0,3.225083680561402e7,0.0,0.0,0.0,1.1274561945057268e9
aluminumscrap_source_Region13Fujian_aluminumscrap_source_Region2Tianjin,1.154334377480386e9,0.0,0.0,3.160966090505517e7,0.0,0.0,0.0,1.1859440383854413e9
aluminumscrap_source_Region13Fujian_aluminumscrap_source_Region3Hebei,1.1586287290491915e9,0.0,0.0,3.05044677552458e7,0.0,0.0,0.0,1.1891331968044372e9
aluminumscrap_source_Region13Fujian_aluminumscrap_source_Region4Shanxi,1.1071014801545353e9,0.0,0.0,3.1323687377005555e7,0.0,0.0,0.0,1.1384251675315409e9
aluminumscrap_source_Region13Fujian_aluminumscrap_source_Region5Innermongolia,9.663614470665157e8,0.0,0.0,3.360595904466997e7,0.0,0.0,0.0,9.999674061111857e8
aluminumscrap_source_Region13Fujian_aluminumscrap_source_Region6Liaoning,9.380708519483781e8,0.0,0.0,3.4918969396513775e7,0.0,0.0,0.0,9.729898213448919e8
aluminumscrap_source_Region13Fujian_aluminumscrap_source_Region7Jilin,8.818570723618631e8,0.0,0.0,3.697112527162628e7,0.0,0.0,0.0,9.188281976334894e8
aluminumscrap_source_Region13Fujian_aluminumscrap_source_Region8Heilongjiang,8.169408849032471e8,0.0,0.0,3.753351072763275e7,0.0,0.0,0.0,8.544743956308799e8
aluminumscrap_source_Region13Fujian_aluminumscrap_source_Region9Shanghai,2.173320237290803e9,0.0,0.0,2.6045862596222546e7,0.0,0.0,0.0,2.1993660998870254e9
aluminumscrap_source_Region13Fujian_aluminumscrap_source_Region10Jiangsu,1.9871584919925313e9,0.0,0.0,2.6536527447726123e7,0.0,0.0,0.0,2.0136950194402573e9
aluminumscrap_source_Region13Fujian_aluminumscrap_source_Region11Zhejiang,2.6856730346277866e9,0.0,0.0,2.552211706235993e7,0.0,0.0,0.0,2.7111951516901464e9
aluminumscrap_source_Region13Fujian_aluminumscrap_source_Region12Anhui,1.9397910729552836e9,0.0,0.0,2.7105010270751353e7,0.0,0.0,0.0,1.9668960832260349e9
aluminumscrap_source_Region13Fujian_aluminumscrap_source_Region14Jiangxi,2.8102202953675694e9,0.0,0.0,2.4728473989308804e7,0.0,0.0,0.0,2.8349487693568783e9
aluminumscrap_source_Region13Fujian_aluminumscrap_source_Region15Shandong,1.2913997101352887e9,0.0,0.0,3.0232382321598392e7,0.0,0.0,0.0,1.321632092456887e9
aluminumscrap_source_Region13Fujian_aluminumscrap_source_Region16Henan,1.3405372334817936e9,0.0,0.0,2.8741816937176608e7,0.0,0.0,0.0,1.3692790504189703e9
aluminumscrap_source_Region13Fujian_aluminumscrap_source_Region17Hubei,1.8851313013148448e9,0.0,0.0,2.6447348273664836e7,0.0,0.0,0.0,1.9115786495885098e9
aluminumscrap_source_Region13Fujian_aluminumscrap_source_Region18Hunan,1.9777556289761643e9,0.0,0.0,2.6819139393006254e7,0.0,0.0,0.0,2.0045747683691707e9
aluminumscrap_source_Region13Fujian_aluminumscrap_source_Region19Guangdong,1.6651786319785168e9,0.0,0.0,2.300224606675729e7,0.0,0.0,0.0,1.688180878045274e9
aluminumscrap_source_Region13Fujian_aluminumscrap_source_Region20Guangxi,1.2616165208035693e9,0.0,0.0,2.8617900951897994e7,0.0,0.0,0.0,1.2902344217554674e9
aluminumscrap_source_Region13Fujian_aluminumscrap_source_Region21Hainan,1.3257906639710364e9,0.0,0.0,2.9998971969754543e7,0.0,0.0,0.0,1.355789635940791e9
aluminumscrap_source_Region13Fujian_aluminumscrap_source_Region22Chongqing,1.1516518596624248e9,0.0,0.0,2.9424067291846856e7,0.0,0.0,0.0,1.1810759269542716e9
aluminumscrap_source_Region13Fujian_aluminumscrap_source_Region23Sichuan,1.0309131021461456e9,0.0,0.0,3.2074225125117037e7,0.0,0.0,0.0,1.0629873272712626e9
aluminumscrap_source_Region13Fujian_aluminumscrap_source_Region24Guizhou,1.167763421621274e9,0.0,0.0,2.7962418452841338e7,0.0,0.0,0.0,1.1957258400741153e9
aluminumscrap_source_Region13Fujian_aluminumscrap_source_Region25Yunnan,9.850556078624309e8,0.0,0.0,3.1848805078807376e7,0.0,0.0,0.0,1.0169044129412383e9
aluminumscrap_source_Region13Fujian_aluminumscrap_source_Region27Shaanxi,1.2310020689663172e9,0.0,0.0,3.133593957238924e7,0.0,0.0,0.0,1.2623380085387063e9
aluminumscrap_source_Region13Fujian_aluminumscrap_source_Region28Gansu,9.774508537554126e8,0.0,0.0,3.439964758386541e7,0.0,0.0,0.0,1.011850501339278e9
aluminumscrap_source_Region13Fujian_aluminumscrap_source_Region29Qinghai,9.098077474477562e8,0.0,0.0,3.520262513525422e7,0.0,0.0,0.0,9.450103725830104e8
aluminumscrap_source_Region13Fujian_aluminumscrap_source_Region30Ningxia,9.705877743118056e8,0.0,0.0,3.418087665709305e7,0.0,0.0,0.0,1.0047686509688987e9
aluminumscrap_source_Region13Fujian_aluminumscrap_source_Region31Xinjiang,5.3475394527640253e8,0.0,0.0,3.5028299472085856e7,0.0,0.0,0.0,5.697822447484884e8
aluminumscrap_source_Region14Jiangxi_aluminumscrap_source_Region1Beijing,1.4238505696416008e9,0.0,0.0,3.1890542400181316e7,0.0,0.0,0.0,1.4557411120417821e9
aluminumscrap_source_Region14Jiangxi_aluminumscrap_source_Region2Tianjin,1.480584133865753e9,0.0,0.0,3.1445870813444655e7,0.0,0.0,0.0,1.5120300046791975e9
aluminumscrap_source_Region14Jiangxi_aluminumscrap_source_Region3Hebei,1.5708851865407453e9,0.0,0.0,2.9289077549704216e7,0.0,0.0,0.0,1.6001742640904496e9
aluminumscrap_source_Region14Jiangxi_aluminumscrap_source_Region4Shanxi,1.5056769440294082e9,0.0,0.0,3.0121386056843724e7,0.0,0.0,0.0,1.535798330086252e9
aluminumscrap_source_Region14Jiangxi_aluminumscrap_source_Region5Innermongolia,1.2163979566032028e9,0.0,0.0,3.2225115794165008e7,0.0,0.0,0.0,1.2486230723973677e9
aluminumscrap_source_Region14Jiangxi_aluminumscrap_source_Region6Liaoning,1.1369828040137281e9,0.0,0.0,3.560363507302196e7,0.0,0.0,0.0,1.17258643908675e9
aluminumscrap_source_Region14Jiangxi_aluminumscrap_source_Region7Jilin,1.0556558651370677e9,0.0,0.0,3.8018465976652324e7,0.0,0.0,0.0,1.09367433111372e9
aluminumscrap_source_Region14Jiangxi_aluminumscrap_source_Region8Heilongjiang,9.65500503858076e8,0.0,0.0,3.865272766324835e7,0.0,0.0,0.0,1.0041532315213243e9
aluminumscrap_source_Region14Jiangxi_aluminumscrap_source_Region9Shanghai,2.481903765652836e9,0.0,0.0,2.7497230097849037e7,0.0,0.0,0.0,2.5094009957506847e9
aluminumscrap_source_Region14Jiangxi_aluminumscrap_source_Region10Jiangsu,2.830747950747282e9,0.0,0.0,2.5878384262701336e7,0.0,0.0,0.0,2.8566263350099835e9
aluminumscrap_source_Region14Jiangxi_aluminumscrap_source_Region11Zhejiang,3.210371119044404e9,0.0,0.0,2.687927662668326e7,0.0,0.0,0.0,3.2372503956710873e9
aluminumscrap_source_Region14Jiangxi_aluminumscrap_source_Region12Anhui,3.5514839206397476e9,0.0,0.0,2.4571178656152446e7,0.0,0.0,0.0,3.5760550992959e9
aluminumscrap_source_Region14Jiangxi_aluminumscrap_source_Region13Fujian,2.998549346885721e9,0.0,0.0,2.6427866061333824e7,0.0,0.0,0.0,3.024977212947055e9
aluminumscrap_source_Region14Jiangxi_aluminumscrap_source_Region15Shandong,1.7397401389197488e9,0.0,0.0,2.9475164787493516e7,0.0,0.0,0.0,1.7692153037072423e9
aluminumscrap_source_Region14Jiangxi_aluminumscrap_source_Region16Henan,1.9446649886560724e9,0.0,0.0,2.5604206701455854e7,0.0,0.0,0.0,1.9702691953575282e9
aluminumscrap_source_Region14Jiangxi_aluminumscrap_source_Region17Hubei,4.094382356225886e9,0.0,0.0,2.1739970004028387e7,0.0,0.0,0.0,4.116122326229914e9
aluminumscrap_source_Region14Jiangxi_aluminumscrap_source_Region18Hunan,4.296800890168407e9,0.0,0.0,2.3056605584455468e7,0.0,0.0,0.0,4.319857495752863e9
aluminumscrap_source_Region14Jiangxi_aluminumscrap_source_Region19Guangdong,1.8141500060041363e9,0.0,0.0,2.2362619383457944e7,0.0,0.0,0.0,1.8365126253875942e9
aluminumscrap_source_Region14Jiangxi_aluminumscrap_source_Region20Guangxi,1.4927256209426618e9,0.0,0.0,2.731366974628063e7,0.0,0.0,0.0,1.5200392906889424e9
aluminumscrap_source_Region14Jiangxi_aluminumscrap_source_Region21Hainan,1.41253922664233e9,0.0,0.0,3.034520751645447e7,0.0,0.0,0.0,1.4428844341587844e9
aluminumscrap_source_Region14Jiangxi_aluminumscrap_source_Region22Chongqing,1.5914171250823534e9,0.0,0.0,2.7559404941882137e7,0.0,0.0,0.0,1.6189765300242355e9
aluminumscrap_source_Region14Jiangxi_aluminumscrap_source_Region23Sichuan,1.3770782789296122e9,0.0,0.0,3.1056120539852627e7,0.0,0.0,0.0,1.4081343994694648e9
aluminumscrap_source_Region14Jiangxi_aluminumscrap_source_Region24Guizhou,1.5261006957145784e9,0.0,0.0,2.6643033800675925e7,0.0,0.0,0.0,1.5527437295152543e9
aluminumscrap_source_Region14Jiangxi_aluminumscrap_source_Region25Yunnan,1.1535250831302834e9,0.0,0.0,2.98831381405378e7,0.0,0.0,0.0,1.183408221270821e9
aluminumscrap_source_Region14Jiangxi_aluminumscrap_source_Region27Shaanxi,1.6876896708416069e9,0.0,0.0,2.824499841566935e7,0.0,0.0,0.0,1.7159346692572763e9
aluminumscrap_source_Region14Jiangxi_aluminumscrap_source_Region28Gansu,1.2860442131843991e9,0.0,0.0,3.404607262692642e7,0.0,0.0,0.0,1.3200902858113256e9
aluminumscrap_source_Region14Jiangxi_aluminumscrap_source_Region29Qinghai,1.170733998944572e9,0.0,0.0,3.508998685566244e7,0.0,0.0,0.0,1.2058239858002343e9
aluminumscrap_source_Region14Jiangxi_aluminumscrap_source_Region30Ningxia,1.2198296458361897e9,0.0,0.0,3.2321750631378643e7,0.0,0.0,0.0,1.2521513964675684e9
aluminumscrap_source_Region14Jiangxi_aluminumscrap_source_Region31Xinjiang,6.009867387783098e8,0.0,0.0,3.41263370094342e7,0.0,0.0,0.0,6.35113075787744e8
aluminumscrap_source_Region15Shandong_aluminumscrap_source_Region1Beijing,4.013184656381462e9,0.0,0.0,2.560071931940546e7,0.0,0.0,0.0,4.0387853757008677e9
aluminumscrap_source_Region15Shandong_aluminumscrap_source_Region2Tianjin,4.97435404832987e9,0.0,0.0,2.445243381568578e7,0.0,0.0,0.0,4.998806482145556e9
aluminumscrap_source_Region15Shandong_aluminumscrap_source_Region3Hebei,4.439836194602707e9,0.0,0.0,2.1533350163894672e7,0.0,0.0,0.0,4.461369544766602e9
aluminumscrap_source_Region15Shandong_aluminumscrap_source_Region4Shanxi,3.1264851001906834e9,0.0,0.0,2.5414352108233985e7,0.0,0.0,0.0,3.1518994522989173e9
aluminumscrap_source_Region15Shandong_aluminumscrap_source_Region5Innermongolia,2.0417802171755335e9,0.0,0.0,2.8099152268266976e7,0.0,0.0,0.0,2.0698793694438004e9
aluminumscrap_source_Region15Shandong_aluminumscrap_source_Region6Liaoning,2.168931115515741e9,0.0,0.0,3.221943639637538e7,0.0,0.0,0.0,2.201150551912116e9
aluminumscrap_source_Region15Shandong_aluminumscrap_source_Region7Jilin,1.858662384581173e9,0.0,0.0,3.6345991573613204e7,0.0,0.0,0.0,1.895008376154786e9
aluminumscrap_source_Region15Shandong_aluminumscrap_source_Region8Heilongjiang,1.5713379287589846e9,0.0,0.0,3.7043856609503e7,0.0,0.0,0.0,1.6083817853684876e9
aluminumscrap_source_Region15Shandong_aluminumscrap_source_Region9Shanghai,2.45930684188322e9,0.0,0.0,3.219561097655486e7,0.0,0.0,0.0,2.491502452859775e9
aluminumscrap_source_Region15Shandong_aluminumscrap_source_Region10Jiangsu,3.0789991852768054e9,0.0,0.0,3.021310575134428e7,0.0,0.0,0.0,3.1092122910281496e9
aluminumscrap_source_Region15Shandong_aluminumscrap_source_Region11Zhejiang,2.4755464330517073e9,0.0,0.0,3.343003706934343e7,0.0,0.0,0.0,2.508976470121051e9
aluminumscrap_source_Region15Shandong_aluminumscrap_source_Region12Anhui,3.0588586875454245e9,0.0,0.0,3.079025234723254e7,0.0,0.0,0.0,3.089648939892657e9
aluminumscrap_source_Region15Shandong_aluminumscrap_source_Region13Fujian,1.4425675543628035e9,0.0,0.0,3.3696874416438125e7,0.0,0.0,0.0,1.4762644287792416e9
aluminumscrap_source_Region15Shandong_aluminumscrap_source_Region14Jiangxi,1.9371170787816155e9,0.0,0.0,3.3000903229297023e7,0.0,0.0,0.0,1.9701179820109124e9
aluminumscrap_source_Region15Shandong_aluminumscrap_source_Region16Henan,3.244647377636721e9,0.0,0.0,2.327014596151608e7,0.0,0.0,0.0,3.267917523598237e9
aluminumscrap_source_Region15Shandong_aluminumscrap_source_Region17Hubei,2.251342789528732e9,0.0,0.0,3.0075006322449856e7,0.0,0.0,0.0,2.2814177958511815e9
aluminumscrap_source_Region15Shandong_aluminumscrap_source_Region18Hunan,1.7707056445777671e9,0.0,0.0,3.301472022659008e7,0.0,0.0,0.0,1.8037203648043573e9
aluminumscrap_source_Region15Shandong_aluminumscrap_source_Region19Guangdong,1.0882028465236983e9,0.0,0.0,3.146274455439673e7,0.0,0.0,0.0,1.119665591078095e9
aluminumscrap_source_Region15Shandong_aluminumscrap_source_Region20Guangxi,1.0448543865181321e9,0.0,0.0,3.381162408510607e7,0.0,0.0,0.0,1.078666010603238e9
aluminumscrap_source_Region15Shandong_aluminumscrap_source_Region21Hainan,9.858240735856098e8,0.0,0.0,3.620177201246427e7,0.0,0.0,0.0,1.0220258455980741e9
aluminumscrap_source_Region15Shandong_aluminumscrap_source_Region22Chongqing,1.3116175469025552e9,0.0,0.0,3.220068073714237e7,0.0,0.0,0.0,1.3438182276396976e9
aluminumscrap_source_Region15Shandong_aluminumscrap_source_Region23Sichuan,1.2956008469189467e9,0.0,0.0,3.3545511439704627e7,0.0,0.0,0.0,1.3291463583586514e9
aluminumscrap_source_Region15Shandong_aluminumscrap_source_Region24Guizhou,1.156606553334583e9,0.0,0.0,3.27731813411065e7,0.0,0.0,0.0,1.1893797346756895e9
aluminumscrap_source_Region15Shandong_aluminumscrap_source_Region25Yunnan,9.36066250765831e8,0.0,0.0,3.41857492931152e7,0.0,0.0,0.0,9.702520000589461e8
aluminumscrap_source_Region15Shandong_aluminumscrap_source_Region27Shaanxi,2.0126838410532603e9,0.0,0.0,2.8963766107706916e7,0.0,0.0,0.0,2.0416476071609674e9
aluminumscrap_source_Region15Shandong_aluminumscrap_source_Region28Gansu,1.5821321988596654e9,0.0,0.0,3.541337520605861e7,0.0,0.0,0.0,1.617545574065724e9
aluminumscrap_source_Region15Shandong_aluminumscrap_source_Region29Qinghai,1.4238935691012068e9,0.0,0.0,3.6379692215269566e7,0.0,0.0,0.0,1.4602732613164763e9
aluminumscrap_source_Region15Shandong_aluminumscrap_source_Region30Ningxia,1.7154387781841314e9,0.0,0.0,3.0431325150140166e7,0.0,0.0,0.0,1.7458701033342714e9
aluminumscrap_source_Region15Shandong_aluminumscrap_source_Region31Xinjiang,6.838725223568522e8,0.0,0.0,3.387053533399047e7,0.0,0.0,0.0,7.177430576908426e8
aluminumscrap_source_Region16Henan_aluminumscrap_source_Region1Beijing,2.5942944888101387e9,0.0,0.0,2.8705910771037515e7,0.0,0.0,0.0,2.6230003995811763e9
aluminumscrap_source_Region16Henan_aluminumscrap_source_Region2Tianjin,2.6580772408607345e9,0.0,0.0,2.8688532420057304e7,0.0,0.0,0.0,2.6867657732807918e9
aluminumscrap_source_Region16Henan_aluminumscrap_source_Region3Hebei,3.6511761149777513e9,0.0,0.0,2.4130587264642596e7,0.0,0.0,0.0,3.675306702242394e9
aluminumscrap_source_Region16Henan_aluminumscrap_source_Region4Shanxi,3.582355198351293e9,0.0,0.0,2.4751157193247244e7,0.0,0.0,0.0,3.6071063555445404e9
aluminumscrap_source_Region16Henan_aluminumscrap_source_Region5Innermongolia,2.174193581713199e9,0.0,0.0,2.911578062911817e7,0.0,0.0,0.0,2.203309362342317e9
aluminumscrap_source_Region16Henan_aluminumscrap_source_Region6Liaoning,1.581520458429881e9,0.0,0.0,3.3485785091425236e7,0.0,0.0,0.0,1.6150062435213063e9
aluminumscrap_source_Region16Henan_aluminumscrap_source_Region7Jilin,1.4117696697107565e9,0.0,0.0,3.653347200528885e7,0.0,0.0,0.0,1.4483031417160454e9
aluminumscrap_source_Region16Henan_aluminumscrap_source_Region8Heilongjiang,1.2375367734083197e9,0.0,0.0,3.6999366537246495e7,0.0,0.0,0.0,1.2745361399455662e9
aluminumscrap_source_Region16Henan_aluminumscrap_source_Region9Shanghai,2.1246328333777506e9,0.0,0.0,3.2288882564844307e7,0.0,0.0,0.0,2.156921715942595e9
aluminumscrap_source_Region16Henan_aluminumscrap_source_Region10Jiangsu,2.861258376740432e9,0.0,0.0,3.0626462301756322e7,0.0,0.0,0.0,2.891884839042188e9
aluminumscrap_source_Region16Henan_aluminumscrap_source_Region11Zhejiang,2.2183709775991893e9,0.0,0.0,3.3245215614782844e7,0.0,0.0,0.0,2.251616193213972e9
aluminumscrap_source_Region16Henan_aluminumscrap_source_Region12Anhui,3.510306156996694e9,0.0,0.0,3.087239942635539e7,0.0,0.0,0.0,3.5411785564230494e9
aluminumscrap_source_Region16Henan_aluminumscrap_source_Region13Fujian,1.5961272168567195e9,0.0,0.0,3.419933922575305e7,0.0,0.0,0.0,1.6303265560824726e9
aluminumscrap_source_Region16Henan_aluminumscrap_source_Region14Jiangxi,2.4223589974592047e9,0.0,0.0,3.249590649881413e7,0.0,0.0,0.0,2.454854903958019e9
aluminumscrap_source_Region16Henan_aluminumscrap_source_Region15Shandong,3.8304893594054294e9,0.0,0.0,2.727408241208964e7,0.0,0.0,0.0,3.857763441817519e9
aluminumscrap_source_Region16Henan_aluminumscrap_source_Region17Hubei,3.5791537377251277e9,0.0,0.0,2.9010032015166808e7,0.0,0.0,0.0,3.6081637697402945e9
aluminumscrap_source_Region16Henan_aluminumscrap_source_Region18Hunan,2.4559269380596623e9,0.0,0.0,3.1471703740983102e7,0.0,0.0,0.0,2.4873986418006454e9
aluminumscrap_source_Region16Henan_aluminumscrap_source_Region19Guangdong,1.2927513891632104e9,0.0,0.0,3.002147708128906e7,0.0,0.0,0.0,1.3227728662444994e9
aluminumscrap_source_Region16Henan_aluminumscrap_source_Region20Guangxi,1.2405973826672373e9,0.0,0.0,3.249379130336145e7,0.0,0.0,0.0,1.2730911739705987e9
aluminumscrap_source_Region16Henan_aluminumscrap_source_Region21Hainan,1.1491395705779738e9,0.0,0.0,3.533211151335381e7,0.0,0.0,0.0,1.1844716820913277e9
aluminumscrap_source_Region16Henan_aluminumscrap_source_Region22Chongqing,1.58649614067204e9,0.0,0.0,2.9468519845499083e7,0.0,0.0,0.0,1.615964660517539e9
aluminumscrap_source_Region16Henan_aluminumscrap_source_Region23Sichuan,1.6082522709891312e9,0.0,0.0,3.077031875975606e7,0.0,0.0,0.0,1.6390225897488873e9
aluminumscrap_source_Region16Henan_aluminumscrap_source_Region24Guizhou,1.3449530662584693e9,0.0,0.0,3.00729753233548e7,0.0,0.0,0.0,1.375026041581824e9
aluminumscrap_source_Region16Henan_aluminumscrap_source_Region25Yunnan,1.0816766925186803e9,0.0,0.0,3.3039691254793398e7,0.0,0.0,0.0,1.1147163837734737e9
aluminumscrap_source_Region16Henan_aluminumscrap_source_Region27Shaanxi,3.696600333440999e9,0.0,0.0,2.8228058937108696e7,0.0,0.0,0.0,3.7248283923781075e9
aluminumscrap_source_Region16Henan_aluminumscrap_source_Region28Gansu,1.8792967575219953e9,0.0,0.0,3.21745399268261e7,0.0,0.0,0.0,1.9114712974488213e9
aluminumscrap_source_Region16Henan_aluminumscrap_source_Region29Qinghai,1.6077060724229608e9,0.0,0.0,3.315037553060172e7,0.0,0.0,0.0,1.6408564479535625e9
aluminumscrap_source_Region16Henan_aluminumscrap_source_Region30Ningxia,2.0109865902352874e9,0.0,0.0,3.0571188456324797e7,0.0,0.0,0.0,2.0415577786916122e9
aluminumscrap_source_Region16Henan_aluminumscrap_source_Region31Xinjiang,7.238820789319358e8,0.0,0.0,3.401519530979089e7,0.0,0.0,0.0,7.578972742417266e8
aluminumscrap_source_Region17Hubei_aluminumscrap_source_Region1Beijing,1.7021615411730592e9,0.0,0.0,3.097024706912973e7,0.0,0.0,0.0,1.733131788242189e9
aluminumscrap_source_Region17Hubei_aluminumscrap_source_Region2Tianjin,1.7337016555560849e9,0.0,0.0,3.084475487464129e7,0.0,0.0,0.0,1.764546410430726e9
aluminumscrap_source_Region17Hubei_aluminumscrap_source_Region3Hebei,1.950492674875796e9,0.0,0.0,2.7840074468702823e7,0.0,0.0,0.0,1.9783327493444989e9
aluminumscrap_source_Region17Hubei_aluminumscrap_source_Region4Shanxi,1.8957455823298423e9,0.0,0.0,2.8472493129162926e7,0.0,0.0,0.0,1.9242180754590054e9
aluminumscrap_source_Region17Hubei_aluminumscrap_source_Region5Innermongolia,1.4472007929289396e9,0.0,0.0,3.1116985492157e7,0.0,0.0,0.0,1.4783177784210966e9
aluminumscrap_source_Region17Hubei_aluminumscrap_source_Region6Liaoning,1.2558036573727055e9,0.0,0.0,3.537782978273583e7,0.0,0.0,0.0,1.2911814871554413e9
aluminumscrap_source_Region17Hubei_aluminumscrap_source_Region7Jilin,1.1552453858318133e9,0.0,0.0,3.797453392843483e7,0.0,0.0,0.0,1.1932199197602482e9
aluminumscrap_source_Region17Hubei_aluminumscrap_source_Region8Heilongjiang,1.0456669290947464e9,0.0,0.0,3.8580818021281295e7,0.0,0.0,0.0,1.0842477471160276e9
aluminumscrap_source_Region17Hubei_aluminumscrap_source_Region9Shanghai,2.4246131776828976e9,0.0,0.0,2.9694324462473255e7,0.0,0.0,0.0,2.454307502145371e9
aluminumscrap_source_Region17Hubei_aluminumscrap_source_Region10Jiangsu,3.2452763576293826e9,0.0,0.0,2.7278080571125276e7,0.0,0.0,0.0,3.272554438200508e9
aluminumscrap_source_Region17Hubei_aluminumscrap_source_Region11Zhejiang,2.750325282036199e9,0.0,0.0,3.0200184165326893e7,0.0,0.0,0.0,2.780525466201526e9
aluminumscrap_source_Region17Hubei_aluminumscrap_source_Region12Anhui,4.519676340401406e9,0.0,0.0,2.6414931846911523e7,0.0,0.0,0.0,4.546091272248318e9
aluminumscrap_source_Region17Hubei_aluminumscrap_source_Region13Fujian,2.15762800845194e9,0.0,0.0,3.0250085240581334e7,0.0,0.0,0.0,2.1878780936925216e9
aluminumscrap_source_Region17Hubei_aluminumscrap_source_Region14Jiangxi,5.105399357991927e9,0.0,0.0,2.765895834596796e7,0.0,0.0,0.0,5.133058316337895e9
aluminumscrap_source_Region17Hubei_aluminumscrap_source_Region15Shandong,2.149674563406738e9,0.0,0.0,2.8656352303748548e7,0.0,0.0,0.0,2.1783309157104864e9
aluminumscrap_source_Region17Hubei_aluminumscrap_source_Region16Henan,2.843679554845699e9,0.0,0.0,2.3262225038623083e7,0.0,0.0,0.0,2.8669417798843217e9
aluminumscrap_source_Region17Hubei_aluminumscrap_source_Region18Hunan,4.865404338472875e9,0.0,0.0,2.5925156459438115e7,0.0,0.0,0.0,4.891329494932313e9
aluminumscrap_source_Region17Hubei_aluminumscrap_source_Region19Guangdong,1.6222221991546862e9,0.0,0.0,2.530032537313565e7,0.0,0.0,0.0,1.6475225245278218e9
aluminumscrap_source_Region17Hubei_aluminumscrap_source_Region20Guangxi,1.4989926476041088e9,0.0,0.0,2.849707090900595e7,0.0,0.0,0.0,1.5274897185131147e9
aluminumscrap_source_Region17Hubei_aluminumscrap_source_Region21Hainan,1.3661366151130567e9,0.0,0.0,3.1930751154644955e7,0.0,0.0,0.0,1.3980673662677016e9
aluminumscrap_source_Region17Hubei_aluminumscrap_source_Region22Chongqing,1.9315132177051597e9,0.0,0.0,2.610147555537567e7,0.0,0.0,0.0,1.9576146932605352e9
aluminumscrap_source_Region17Hubei_aluminumscrap_source_Region23Sichuan,1.646223108129566e9,0.0,0.0,2.9813475848544348e7,0.0,0.0,0.0,1.6760365839781103e9
aluminumscrap_source_Region17Hubei_aluminumscrap_source_Region24Guizhou,1.6377240123301308e9,0.0,0.0,2.674045893539575e7,0.0,0.0,0.0,1.6644644712655265e9
aluminumscrap_source_Region17Hubei_aluminumscrap_source_Region25Yunnan,1.2248807013807583e9,0.0,0.0,3.001955178237404e7,0.0,0.0,0.0,1.2549002531631324e9
aluminumscrap_source_Region17Hubei_aluminumscrap_source_Region27Shaanxi,2.314244089291888e9,0.0,0.0,2.700745466966715e7,0.0,0.0,0.0,2.3412515439615555e9
aluminumscrap_source_Region17Hubei_aluminumscrap_source_Region28Gansu,1.5445007996087396e9,0.0,0.0,3.305694558307856e7,0.0,0.0,0.0,1.5775577451918182e9
aluminumscrap_source_Region17Hubei_aluminumscrap_source_Region29Qinghai,1.3728641247318487e9,0.0,0.0,3.418726814009769e7,0.0,0.0,0.0,1.4070513928719463e9
aluminumscrap_source_Region17Hubei_aluminumscrap_source_Region30Ningxia,1.4624541109175546e9,0.0,0.0,3.134205888992352e7,0.0,0.0,0.0,1.4937961698074782e9
aluminumscrap_source_Region17Hubei_aluminumscrap_source_Region31Xinjiang,6.55639923020639e8,0.0,0.0,3.390841543767028e7,0.0,0.0,0.0,6.895483384583092e8
aluminumscrap_source_Region18Hunan_aluminumscrap_source_Region1Beijing,1.3921514754561417e9,0.0,0.0,3.271510620368336e7,0.0,0.0,0.0,1.424866581659825e9
aluminumscrap_source_Region18Hunan_aluminumscrap_source_Region2Tianjin,1.4117044105702837e9,0.0,0.0,3.260512972447309e7,0.0,0.0,0.0,1.4443095402947567e9
aluminumscrap_source_Region18Hunan_aluminumscrap_source_Region3Hebei,1.5642954627620957e9,0.0,0.0,2.9929303313855056e7,0.0,0.0,0.0,1.5942247660759509e9
aluminumscrap_source_Region18Hunan_aluminumscrap_source_Region4Shanxi,1.5467163877496696e9,0.0,0.0,3.031846257180609e7,0.0,0.0,0.0,1.5770348503214757e9
aluminumscrap_source_Region18Hunan_aluminumscrap_source_Region5Innermongolia,1.242638564739428e9,0.0,0.0,3.2413194802159425e7,0.0,0.0,0.0,1.2750517595415874e9
aluminumscrap_source_Region18Hunan_aluminumscrap_source_Region6Liaoning,1.0915637470826023e9,0.0,0.0,3.6541714223508425e7,0.0,0.0,0.0,1.1281054613061106e9
aluminumscrap_source_Region18Hunan_aluminumscrap_source_Region7Jilin,1.0170830054767411e9,0.0,0.0,3.8828584877746835e7,0.0,0.0,0.0,1.0559115903544879e9
aluminumscrap_source_Region18Hunan_aluminumscrap_source_Region8Heilongjiang,9.337507132323643e8,0.0,0.0,3.94007519198152e7,0.0,0.0,0.0,9.731514651521795e8
aluminumscrap_source_Region18Hunan_aluminumscrap_source_Region9Shanghai,1.8870692386979918e9,0.0,0.0,3.090908770491221e7,0.0,0.0,0.0,1.917978326402904e9
aluminumscrap_source_Region18Hunan_aluminumscrap_source_Region10Jiangsu,2.1720046848023744e9,0.0,0.0,2.9198534900217522e7,0.0,0.0,0.0,2.201203219702592e9
aluminumscrap_source_Region18Hunan_aluminumscrap_source_Region11Zhejiang,2.2285208226089907e9,0.0,0.0,3.0470485358252548e7,0.0,0.0,0.0,2.258991307967243e9
aluminumscrap_source_Region18Hunan_aluminumscrap_source_Region12Anhui,2.5211730274059043e9,0.0,0.0,2.828706863009469e7,0.0,0.0,0.0,2.549460096035999e9
aluminumscrap_source_Region18Hunan_aluminumscrap_source_Region13Fujian,2.1628546789216967e9,0.0,0.0,2.9247994972759005e7,0.0,0.0,0.0,2.1921026738944554e9
aluminumscrap_source_Region18Hunan_aluminumscrap_source_Region14Jiangxi,4.751740402293634e9,0.0,0.0,2.5720690980180793e7,0.0,0.0,0.0,4.777461093273815e9
aluminumscrap_source_Region18Hunan_aluminumscrap_source_Region15Shandong,1.6504269995851455e9,0.0,0.0,3.07566479344188e7,0.0,0.0,0.0,1.6811836475195644e9
aluminumscrap_source_Region18Hunan_aluminumscrap_source_Region16Henan,2.022640888576637e9,0.0,0.0,2.585290829568316e7,0.0,0.0,0.0,2.0484937968723202e9
aluminumscrap_source_Region18Hunan_aluminumscrap_source_Region17Hubei,4.299711731336176e9,0.0,0.0,2.278987273364897e7,0.0,0.0,0.0,4.322501604069825e9
aluminumscrap_source_Region18Hunan_aluminumscrap_source_Region19Guangdong,2.0148215419929972e9,0.0,0.0,2.155688413580416e7,0.0,0.0,0.0,2.0363784261288013e9
aluminumscrap_source_Region18Hunan_aluminumscrap_source_Region20Guangxi,1.808871186932296e9,0.0,0.0,2.532655345247497e7,0.0,0.0,0.0,1.834197740384771e9
aluminumscrap_source_Region18Hunan_aluminumscrap_source_Region21Hainan,1.6032303992042456e9,0.0,0.0,2.944847019651041e7,0.0,0.0,0.0,1.632678869400756e9
aluminumscrap_source_Region18Hunan_aluminumscrap_source_Region22Chongqing,2.041363079465035e9,0.0,0.0,2.447401499935571e7,0.0,0.0,0.0,2.0658370944643908e9
aluminumscrap_source_Region18Hunan_aluminumscrap_source_Region23Sichuan,1.6533415619914632e9,0.0,0.0,2.9027292351169575e7,0.0,0.0,0.0,1.6823688543426328e9
aluminumscrap_source_Region18Hunan_aluminumscrap_source_Region24Guizhou,1.9027518816203861e9,0.0,0.0,2.3588669189891305e7,0.0,0.0,0.0,1.9263405508102775e9
aluminumscrap_source_Region18Hunan_aluminumscrap_source_Region25Yunnan,1.3596969018084033e9,0.0,0.0,2.7979107634710737e7,0.0,0.0,0.0,1.387676009443114e9
aluminumscrap_source_Region18Hunan_aluminumscrap_source_Region27Shaanxi,1.82300622482963e9,0.0,0.0,2.8132489546426263e7,0.0,0.0,0.0,1.8511387143760562e9
aluminumscrap_source_Region18Hunan_aluminumscrap_source_Region28Gansu,1.3490825575076218e9,0.0,0.0,3.395574881160816e7,0.0,0.0,0.0,1.3830383063192298e9
aluminumscrap_source_Region18Hunan_aluminumscrap_source_Region29Qinghai,1.221115814974146e9,0.0,0.0,3.500775960917144e7,0.0,0.0,0.0,1.2561235745833173e9
aluminumscrap_source_Region18Hunan_aluminumscrap_source_Region30Ningxia,1.2790127496313033e9,0.0,0.0,3.2228121651686877e7,0.0,0.0,0.0,1.3112408712829902e9
aluminumscrap_source_Region18Hunan_aluminumscrap_source_Region31Xinjiang,6.155620967725803e8,0.0,0.0,3.4151304925412215e7,0.0,0.0,0.0,6.497134016979924e8
aluminumscrap_source_Region19Guangdong_aluminumscrap_source_Region1Beijing,1.0919788867893806e9,0.0,0.0,3.700634637836052e7,0.0,0.0,0.0,1.128985233167741e9
aluminumscrap_source_Region19Guangdong_aluminumscrap_source_Region2Tianjin,1.1030924041123474e9,0.0,0.0,3.697422013189914e7,0.0,0.0,0.0,1.1400666242442465e9
aluminumscrap_source_Region19Guangdong_aluminumscrap_source_Region3Hebei,1.1911651931914823e9,0.0,0.0,3.5221862358781435e7,0.0,0.0,0.0,1.2263870555502636e9
aluminumscrap_source_Region19Guangdong_aluminumscrap_source_Region4Shanxi,1.1813398258389018e9,0.0,0.0,3.54854474017204e7,0.0,0.0,0.0,1.216825273240622e9
aluminumscrap_source_Region19Guangdong_aluminumscrap_source_Region5Innermongolia,1.0199174130016924e9,0.0,0.0,3.724804836413327e7,0.0,0.0,0.0,1.0571654613658257e9
aluminumscrap_source_Region19Guangdong_aluminumscrap_source_Region6Liaoning,8.966329861345719e8,0.0,0.0,3.9361195077577114e7,0.0,0.0,0.0,9.35994181212149e8
aluminumscrap_source_Region19Guangdong_aluminumscrap_source_Region7Jilin,8.457874769690485e8,0.0,0.0,4.110427957779106e7,0.0,0.0,0.0,8.868917565468396e8
aluminumscrap_source_Region19Guangdong_aluminumscrap_source_Region8Heilongjiang,7.860677916923894e8,0.0,0.0,4.136181179666298e7,0.0,0.0,0.0,8.274296034890523e8
aluminumscrap_source_Region19Guangdong_aluminumscrap_source_Region9Shanghai,1.604136647073542e9,0.0,0.0,3.600372362539275e7,0.0,0.0,0.0,1.6401403706989348e9
aluminumscrap_source_Region19Guangdong_aluminumscrap_source_Region10Jiangsu,1.6537626429491405e9,0.0,0.0,3.557388889906604e7,0.0,0.0,0.0,1.6893365318482065e9
aluminumscrap_source_Region19Guangdong_aluminumscrap_source_Region11Zhejiang,1.8528756797906222e9,0.0,0.0,3.6571782538126506e7,0.0,0.0,0.0,1.8894474623287487e9
aluminumscrap_source_Region19Guangdong_aluminumscrap_source_Region12Anhui,1.8439628927203662e9,0.0,0.0,3.556553940523542e7,0.0,0.0,0.0,1.8795284321256018e9
aluminumscrap_source_Region19Guangdong_aluminumscrap_source_Region13Fujian,2.730845467351627e9,0.0,0.0,3.7735836727745295e7,0.0,0.0,0.0,2.7685813040793724e9
aluminumscrap_source_Region19Guangdong_aluminumscrap_source_Region14Jiangxi,2.976742918532018e9,0.0,0.0,3.70008175150431e7,0.0,0.0,0.0,3.0137437360470614e9
aluminumscrap_source_Region19Guangdong_aluminumscrap_source_Region15Shandong,1.2423898994414732e9,0.0,0.0,3.6095513920137905e7,0.0,0.0,0.0,1.2784854133616111e9
aluminumscrap_source_Region19Guangdong_aluminumscrap_source_Region16Henan,1.4572044522563407e9,0.0,0.0,3.383372422046639e7,0.0,0.0,0.0,1.491038176476807e9
aluminumscrap_source_Region19Guangdong_aluminumscrap_source_Region17Hubei,2.173266405272474e9,0.0,0.0,3.415950046468408e7,0.0,0.0,0.0,2.207425905737158e9
aluminumscrap_source_Region19Guangdong_aluminumscrap_source_Region18Hunan,3.3530458140714607e9,0.0,0.0,3.631512446239422e7,0.0,0.0,0.0,3.389360938533855e9
aluminumscrap_source_Region19Guangdong_aluminumscrap_source_Region20Guangxi,3.162891791736664e9,0.0,0.0,2.817302077528148e7,0.0,0.0,0.0,3.1910648125119452e9
aluminumscrap_source_Region19Guangdong_aluminumscrap_source_Region21Hainan,3.7025315078241596e9,0.0,0.0,3.41086368376807e7,0.0,0.0,0.0,3.7366401446618404e9
aluminumscrap_source_Region19Guangdong_aluminumscrap_source_Region22Chongqing,1.6051753691050618e9,0.0,0.0,3.111049465864703e7,0.0,0.0,0.0,1.6362858637637088e9
aluminumscrap_source_Region19Guangdong_aluminumscrap_source_Region23Sichuan,1.379429732023835e9,0.0,0.0,3.379432099713064e7,0.0,0.0,0.0,1.4132240530209656e9
aluminumscrap_source_Region19Guangdong_aluminumscrap_source_Region24Guizhou,1.8995414360159247e9,0.0,0.0,2.7709792726559278e7,0.0,0.0,0.0,1.9272512287424839e9
aluminumscrap_source_Region19Guangdong_aluminumscrap_source_Region25Yunnan,1.5084724205154526e9,0.0,0.0,3.1705633483761735e7,0.0,0.0,0.0,1.5401780539992144e9
aluminumscrap_source_Region19Guangdong_aluminumscrap_source_Region27Shaanxi,1.3867543165545933e9,0.0,0.0,3.587962542855307e7,0.0,0.0,0.0,1.4226339419831464e9
aluminumscrap_source_Region19Guangdong_aluminumscrap_source_Region28Gansu,1.0778224955712473e9,0.0,0.0,3.782082647781968e7,0.0,0.0,0.0,1.115643322049067e9
aluminumscrap_source_Region19Guangdong_aluminumscrap_source_Region29Qinghai,9.981323729485341e8,0.0,0.0,3.830643475136633e7,0.0,0.0,0.0,1.0364388076999005e9
aluminumscrap_source_Region19Guangdong_aluminumscrap_source_Region30Ningxia,1.0560522726732106e9,0.0,0.0,3.763646463058745e7,0.0,0.0,0.0,1.093688737303798e9
aluminumscrap_source_Region19Guangdong_aluminumscrap_source_Region31Xinjiang,5.65648585093409e8,0.0,0.0,3.696445330954659e7,0.0,0.0,0.0,6.026130384029555e8
aluminumscrap_source_Region20Guangxi_aluminumscrap_source_Region1Beijing,1.0126587382953957e9,0.0,0.0,3.724420299818526e7,0.0,0.0,0.0,1.049902941293581e9
aluminumscrap_source_Region20Guangxi_aluminumscrap_source_Region2Tianjin,1.0246147309817916e9,0.0,0.0,3.717449094321694e7,0.0,0.0,0.0,1.0617892219250085e9
aluminumscrap_source_Region20Guangxi_aluminumscrap_source_Region3Hebei,1.0937470317700322e9,0.0,0.0,3.550153231981128e7,0.0,0.0,0.0,1.1292485640898435e9
aluminumscrap_source_Region20Guangxi_aluminumscrap_source_Region4Shanxi,1.1140835963162277e9,0.0,0.0,3.5477066745807275e7,0.0,0.0,0.0,1.1495606630620348e9
aluminumscrap_source_Region20Guangxi_aluminumscrap_source_Region5Innermongolia,9.73667717805591e8,0.0,0.0,3.7317290058478296e7,0.0,0.0,0.0,1.0109850078640692e9
aluminumscrap_source_Region20Guangxi_aluminumscrap_source_Region6Liaoning,8.492665174467546e8,0.0,0.0,3.962815887428946e7,0.0,0.0,0.0,8.888946763210441e8
aluminumscrap_source_Region20Guangxi_aluminumscrap_source_Region7Jilin,8.044668897468214e8,0.0,0.0,4.1322450650974385e7,0.0,0.0,0.0,8.457893403977958e8
aluminumscrap_source_Region20Guangxi_aluminumscrap_source_Region8Heilongjiang,7.516766950273788e8,0.0,0.0,4.163240950303562e7,0.0,0.0,0.0,7.933091045304145e8
aluminumscrap_source_Region20Guangxi_aluminumscrap_source_Region9Shanghai,1.2490325342168899e9,0.0,0.0,3.654628510019786e7,0.0,0.0,0.0,1.2855788193170877e9
aluminumscrap_source_Region20Guangxi_aluminumscrap_source_Region10Jiangsu,1.3237724440625644e9,0.0,0.0,3.585206974757271e7,0.0,0.0,0.0,1.359624513810137e9
aluminumscrap_source_Region20Guangxi_aluminumscrap_source_Region11Zhejiang,1.3765282334744296e9,0.0,0.0,3.6551263566013604e7,0.0,0.0,0.0,1.4130794970404432e9
aluminumscrap_source_Region20Guangxi_aluminumscrap_source_Region12Anhui,1.4296369365605848e9,0.0,0.0,3.554068110693947e7,0.0,0.0,0.0,1.4651776176675243e9
aluminumscrap_source_Region20Guangxi_aluminumscrap_source_Region13Fujian,1.5686645622716959e9,0.0,0.0,3.556075698508514e7,0.0,0.0,0.0,1.604225319256781e9
aluminumscrap_source_Region20Guangxi_aluminumscrap_source_Region14Jiangxi,1.886459833989004e9,0.0,0.0,3.460664479300524e7,0.0,0.0,0.0,1.9210664787820091e9
aluminumscrap_source_Region20Guangxi_aluminumscrap_source_Region15Shandong,1.122735206142918e9,0.0,0.0,3.63371238053292e7,0.0,0.0,0.0,1.1590723299482474e9
aluminumscrap_source_Region20Guangxi_aluminumscrap_source_Region16Henan,1.2983670898085015e9,0.0,0.0,3.3964268059287645e7,0.0,0.0,0.0,1.332331357867789e9
aluminumscrap_source_Region20Guangxi_aluminumscrap_source_Region17Hubei,1.7513622944065022e9,0.0,0.0,3.337697199716614e7,0.0,0.0,0.0,1.7847392664036684e9
aluminumscrap_source_Region20Guangxi_aluminumscrap_source_Region18Hunan,2.3657424636389046e9,0.0,0.0,3.3067993680675145e7,0.0,0.0,0.0,2.3988104573195796e9
aluminumscrap_source_Region20Guangxi_aluminumscrap_source_Region19Guangdong,2.6459221914224725e9,0.0,0.0,2.3518542266950067e7,0.0,0.0,0.0,2.6694407336894226e9
aluminumscrap_source_Region20Guangxi_aluminumscrap_source_Region21Hainan,4.1946349848864484e9,0.0,0.0,3.055552478632333e7,0.0,0.0,0.0,4.225190509672772e9
aluminumscrap_source_Region20Guangxi_aluminumscrap_source_Region22Chongqing,1.9706691013421588e9,0.0,0.0,2.7906215063227538e7,0.0,0.0,0.0,1.9985753164053864e9
aluminumscrap_source_Region20Guangxi_aluminumscrap_source_Region23Sichuan,1.6588660945362353e9,0.0,0.0,3.115512629717667e7,0.0,0.0,0.0,1.690021220833412e9
aluminumscrap_source_Region20Guangxi_aluminumscrap_source_Region24Guizhou,2.585564662662372e9,0.0,0.0,2.2933537456078567e7,0.0,0.0,0.0,2.6084982001184506e9
aluminumscrap_source_Region20Guangxi_aluminumscrap_source_Region25Yunnan,2.19216882052704e9,0.0,0.0,2.6539095521575414e7,0.0,0.0,0.0,2.2187079160486155e9
aluminumscrap_source_Region20Guangxi_aluminumscrap_source_Region27Shaanxi,1.3614153234943283e9,0.0,0.0,3.4521590175527304e7,0.0,0.0,0.0,1.3959369136698556e9
aluminumscrap_source_Region20Guangxi_aluminumscrap_source_Region28Gansu,1.2165629433363714e9,0.0,0.0,3.622393437326044e7,0.0,0.0,0.0,1.252786877709632e9
aluminumscrap_source_Region20Guangxi_aluminumscrap_source_Region29Qinghai,1.1144841047966156e9,0.0,0.0,3.684898297975355e7,0.0,0.0,0.0,1.151333087776369e9
aluminumscrap_source_Region20Guangxi_aluminumscrap_source_Region30Ningxia,1.098092963143626e9,0.0,0.0,3.6780892064249024e7,0.0,0.0,0.0,1.134873855207875e9
aluminumscrap_source_Region20Guangxi_aluminumscrap_source_Region31Xinjiang,5.982421620379528e8,0.0,0.0,3.591230160669994e7,0.0,0.0,0.0,6.341544636446527e8
aluminumscrap_source_Region21Hainan_aluminumscrap_source_Region1Beijing,8.979101135759491e8,0.0,0.0,3.702080473484982e7,0.0,0.0,0.0,9.349309183107989e8
aluminumscrap_source_Region21Hainan_aluminumscrap_source_Region2Tianjin,9.069629807059236e8,0.0,0.0,3.6943113339440756e7,0.0,0.0,0.0,9.439060940453643e8
aluminumscrap_source_Region21Hainan_aluminumscrap_source_Region3Hebei,9.590049948577293e8,0.0,0.0,3.539684312225111e7,0.0,0.0,0.0,9.944018379799805e8
aluminumscrap_source_Region21Hainan_aluminumscrap_source_Region4Shanxi,9.649370581434596e8,0.0,0.0,3.546643444352275e7,0.0,0.0,0.0,1.0004034925869823e9
aluminumscrap_source_Region21Hainan_aluminumscrap_source_Region5Innermongolia,8.613071343138076e8,0.0,0.0,3.724482826900371e7,0.0,0.0,0.0,8.985519625828114e8
aluminumscrap_source_Region21Hainan_aluminumscrap_source_Region6Liaoning,7.702886735990514e8,0.0,0.0,3.937173737374834e7,0.0,0.0,0.0,8.096604109727997e8
aluminumscrap_source_Region21Hainan_aluminumscrap_source_Region7Jilin,7.338670048059274e8,0.0,0.0,4.0959245035398796e7,0.0,0.0,0.0,7.748262498413262e8
aluminumscrap_source_Region21Hainan_aluminumscrap_source_Region8Heilongjiang,6.911202871468065e8,0.0,0.0,4.135159528109556e7,0.0,0.0,0.0,7.32471882427902e8
aluminumscrap_source_Region21Hainan_aluminumscrap_source_Region9Shanghai,1.1240362633167722e9,0.0,0.0,3.5519838829282485e7,0.0,0.0,0.0,1.1595561021460547e9
aluminumscrap_source_Region21Hainan_aluminumscrap_source_Region10Jiangsu,1.1435359276363385e9,0.0,0.0,3.513299957480769e7,0.0,0.0,0.0,1.178668927211146e9
aluminumscrap_source_Region21Hainan_aluminumscrap_source_Region11Zhejiang,1.2216317930540423e9,0.0,0.0,3.529759823161759e7,0.0,0.0,0.0,1.25692939128566e9
aluminumscrap_source_Region21Hainan_aluminumscrap_source_Region12Anhui,1.2171935448879209e9,0.0,0.0,3.4689778141316555e7,0.0,0.0,0.0,1.2518833230292375e9
aluminumscrap_source_Region21Hainan_aluminumscrap_source_Region13Fujian,1.4724046146549346e9,0.0,0.0,3.3344065311263215e7,0.0,0.0,0.0,1.505748679966198e9
aluminumscrap_source_Region21Hainan_aluminumscrap_source_Region14Jiangxi,1.5259958979778612e9,0.0,0.0,3.3025931288301583e7,0.0,0.0,0.0,1.5590218292661626e9
aluminumscrap_source_Region21Hainan_aluminumscrap_source_Region15Shandong,9.850948562882826e8,0.0,0.0,3.601327103020083e7,0.0,0.0,0.0,1.0211081273184835e9
aluminumscrap_source_Region21Hainan_aluminumscrap_source_Region16Henan,1.1059201648568728e9,0.0,0.0,3.3795767487365656e7,0.0,0.0,0.0,1.1397159323442385e9
aluminumscrap_source_Region21Hainan_aluminumscrap_source_Region17Hubei,1.4011236292781038e9,0.0,0.0,3.257763047451933e7,0.0,0.0,0.0,1.433701259752623e9
aluminumscrap_source_Region21Hainan_aluminumscrap_source_Region18Hunan,1.7256154960589569e9,0.0,0.0,3.1356513295422222e7,0.0,0.0,0.0,1.7569720093543792e9
aluminumscrap_source_Region21Hainan_aluminumscrap_source_Region19Guangdong,2.3085290445553937e9,0.0,0.0,2.137502384655178e7,0.0,0.0,0.0,2.3299040684019456e9
aluminumscrap_source_Region21Hainan_aluminumscrap_source_Region20Guangxi,2.9352140808796053e9,0.0,0.0,2.1491503646789655e7,0.0,0.0,0.0,2.956705584526395e9
aluminumscrap_source_Region21Hainan_aluminumscrap_source_Region22Chongqing,1.3671562752191007e9,0.0,0.0,2.9524162824744597e7,0.0,0.0,0.0,1.3966804380438454e9
aluminumscrap_source_Region21Hainan_aluminumscrap_source_Region23Sichuan,1.2220029197720053e9,0.0,0.0,3.2167256532557458e7,0.0,0.0,0.0,1.2541701763045628e9
aluminumscrap_source_Region21Hainan_aluminumscrap_source_Region24Guizhou,1.5817259710490046e9,0.0,0.0,2.5959678204197682e7,0.0,0.0,0.0,1.6076856492532022e9
aluminumscrap_source_Region21Hainan_aluminumscrap_source_Region25Yunnan,1.4597316301511376e9,0.0,0.0,2.812042227766858e7,0.0,0.0,0.0,1.487852052428806e9
aluminumscrap_source_Region21Hainan_aluminumscrap_source_Region27Shaanxi,1.0817058539286964e9,0.0,0.0,3.467941920751727e7,0.0,0.0,0.0,1.1163852731362138e9
aluminumscrap_source_Region21Hainan_aluminumscrap_source_Region28Gansu,9.824227441560092e8,0.0,0.0,3.655611031374924e7,0.0,0.0,0.0,1.0189788544697584e9
aluminumscrap_source_Region21Hainan_aluminumscrap_source_Region29Qinghai,9.186579205457488e8,0.0,0.0,3.720402990172134e7,0.0,0.0,0.0,9.558619504474702e8
aluminumscrap_source_Region21Hainan_aluminumscrap_source_Region30Ningxia,9.0820454606657e8,0.0,0.0,3.717260498803499e7,0.0,0.0,0.0,9.45377151054605e8
aluminumscrap_source_Region21Hainan_aluminumscrap_source_Region31Xinjiang,5.325362561663766e8,0.0,0.0,3.592715088050506e7,0.0,0.0,0.0,5.684634070468817e8
aluminumscrap_source_Region22Chongqing_aluminumscrap_source_Region1Beijing,1.3134273773182628e9,0.0,0.0,3.7235281103116184e7,0.0,0.0,0.0,1.350662658421379e9
aluminumscrap_source_Region22Chongqing_aluminumscrap_source_Region2Tianjin,1.303090744392763e9,0.0,0.0,3.737009579202934e7,0.0,0.0,0.0,1.3404608401847923e9
aluminumscrap_source_Region22Chongqing_aluminumscrap_source_Region3Hebei,1.4687333582469091e9,0.0,0.0,3.4976330078632474e7,0.0,0.0,0.0,1.5037096883255415e9
aluminumscrap_source_Region22Chongqing_aluminumscrap_source_Region4Shanxi,1.644120026286823e9,0.0,0.0,3.417113356523366e7,0.0,0.0,0.0,1.6782911598520567e9
aluminumscrap_source_Region22Chongqing_aluminumscrap_source_Region5Innermongolia,1.3229157095397391e9,0.0,0.0,3.546275935904952e7,0.0,0.0,0.0,1.3583784688987887e9
aluminumscrap_source_Region22Chongqing_aluminumscrap_source_Region6Liaoning,1.0293610530359776e9,0.0,0.0,4.020503212908151e7,0.0,0.0,0.0,1.0695660851650591e9
aluminumscrap_source_Region22Chongqing_aluminumscrap_source_Region7Jilin,9.637754466491541e8,0.0,0.0,4.217305551849372e7,0.0,0.0,0.0,1.0059485021676478e9
aluminumscrap_source_Region22Chongqing_aluminumscrap_source_Region8Heilongjiang,8.890319570068271e8,0.0,0.0,4.2476151466654696e7,0.0,0.0,0.0,9.315081084734818e8
aluminumscrap_source_Region22Chongqing_aluminumscrap_source_Region9Shanghai,1.4710220185139625e9,0.0,0.0,3.782529477495341e7,0.0,0.0,0.0,1.5088473132889159e9
aluminumscrap_source_Region22Chongqing_aluminumscrap_source_Region10Jiangsu,1.68452674077157e9,0.0,0.0,3.6678128039585456e7,0.0,0.0,0.0,1.7212048688111553e9
aluminumscrap_source_Region22Chongqing_aluminumscrap_source_Region11Zhejiang,1.5648660963406503e9,0.0,0.0,3.825654141870865e7,0.0,0.0,0.0,1.603122637759359e9
aluminumscrap_source_Region22Chongqing_aluminumscrap_source_Region12Anhui,1.8947592315095e9,0.0,0.0,3.6403077165011786e7,0.0,0.0,0.0,1.931162308674512e9
aluminumscrap_source_Region22Chongqing_aluminumscrap_source_Region13Fujian,1.4383807578078876e9,0.0,0.0,3.672959145774871e7,0.0,0.0,0.0,1.4751103492656362e9
aluminumscrap_source_Region22Chongqing_aluminumscrap_source_Region14Jiangxi,2.1074023626108575e9,0.0,0.0,3.672234423134541e7,0.0,0.0,0.0,2.144124706842203e9
aluminumscrap_source_Region22Chongqing_aluminumscrap_source_Region15Shandong,1.4808739646477227e9,0.0,0.0,3.6349040319486015e7,0.0,0.0,0.0,1.5172230049672086e9
aluminumscrap_source_Region22Chongqing_aluminumscrap_source_Region16Henan,1.8046528075422678e9,0.0,0.0,3.2394869915402345e7,0.0,0.0,0.0,1.8370476774576702e9
aluminumscrap_source_Region22Chongqing_aluminumscrap_source_Region17Hubei,2.5324438623496895e9,0.0,0.0,3.425777870548452e7,0.0,0.0,0.0,2.566701641055174e9
aluminumscrap_source_Region22Chongqing_aluminumscrap_source_Region18Hunan,2.9500750467786856e9,0.0,0.0,3.543780052284156e7,0.0,0.0,0.0,2.985512847301527e9
aluminumscrap_source_Region22Chongqing_aluminumscrap_source_Region19Guangdong,1.5337157304425669e9,0.0,0.0,2.9732703075060304e7,0.0,0.0,0.0,1.5634484335176272e9
aluminumscrap_source_Region22Chongqing_aluminumscrap_source_Region20Guangxi,2.0742271235978386e9,0.0,0.0,2.935321906817056e7,0.0,0.0,0.0,2.1035803426660092e9
aluminumscrap_source_Region22Chongqing_aluminumscrap_source_Region21Hainan,1.5894673288569784e9,0.0,0.0,3.427285044784349e7,0.0,0.0,0.0,1.623740179304822e9
aluminumscrap_source_Region22Chongqing_aluminumscrap_source_Region23Sichuan,4.873475330064497e9,0.0,0.0,2.797978070931101e7,0.0,0.0,0.0,4.901455110773808e9
aluminumscrap_source_Region22Chongqing_aluminumscrap_source_Region24Guizhou,3.6532829674606376e9,0.0,0.0,2.1951113658295054e7,0.0,0.0,0.0,3.6752340811189327e9
aluminumscrap_source_Region22Chongqing_aluminumscrap_source_Region25Yunnan,2.0518856910412042e9,0.0,0.0,2.80649840133866e7,0.0,0.0,0.0,2.0799506750545907e9
aluminumscrap_source_Region22Chongqing_aluminumscrap_source_Region27Shaanxi,2.8719400792923527e9,0.0,0.0,3.2465084205785535e7,0.0,0.0,0.0,2.9044051634981384e9
aluminumscrap_source_Region22Chongqing_aluminumscrap_source_Region28Gansu,2.1837995593928423e9,0.0,0.0,3.4929411584503695e7,0.0,0.0,0.0,2.218728970977346e9
aluminumscrap_source_Region22Chongqing_aluminumscrap_source_Region29Qinghai,1.8401500743206358e9,0.0,0.0,3.547473680735916e7,0.0,0.0,0.0,1.875624811127995e9
aluminumscrap_source_Region22Chongqing_aluminumscrap_source_Region30Ningxia,1.741539210271022e9,0.0,0.0,3.385960663930178e7,0.0,0.0,0.0,1.7753988169103239e9
aluminumscrap_source_Region22Chongqing_aluminumscrap_source_Region31Xinjiang,7.513744990920699e8,0.0,0.0,3.475021396712979e7,0.0,0.0,0.0,7.861247130591997e8
aluminumscrap_source_Region23Sichuan_aluminumscrap_source_Region1Beijing,1.2697381481729949e9,0.0,0.0,3.6365962316455364e7,0.0,0.0,0.0,1.3061041104894502e9
aluminumscrap_source_Region23Sichuan_aluminumscrap_source_Region2Tianjin,1.2659290770958743e9,0.0,0.0,3.645875742036127e7,0.0,0.0,0.0,1.3023878345162356e9
aluminumscrap_source_Region23Sichuan_aluminumscrap_source_Region3Hebei,1.4126081049164648e9,0.0,0.0,3.405057326931166e7,0.0,0.0,0.0,1.4466586781857765e9
aluminumscrap_source_Region23Sichuan_aluminumscrap_source_Region4Shanxi,1.571519628705139e9,0.0,0.0,3.3119238684533954e7,0.0,0.0,0.0,1.6046388673896728e9
aluminumscrap_source_Region23Sichuan_aluminumscrap_source_Region5Innermongolia,1.2890096757272172e9,0.0,0.0,3.448130273670407e7,0.0,0.0,0.0,1.3234909784639213e9
aluminumscrap_source_Region23Sichuan_aluminumscrap_source_Region6Liaoning,1.0084429651390821e9,0.0,0.0,3.947315121655798e7,0.0,0.0,0.0,1.04791611635564e9
aluminumscrap_source_Region23Sichuan_aluminumscrap_source_Region7Jilin,9.456537684071071e8,0.0,0.0,4.145992545131533e7,0.0,0.0,0.0,9.871136938584224e8
aluminumscrap_source_Region23Sichuan_aluminumscrap_source_Region8Heilongjiang,8.740026699772346e8,0.0,0.0,4.1831874501643844e7,0.0,0.0,0.0,9.158345444788785e8
aluminumscrap_source_Region23Sichuan_aluminumscrap_source_Region9Shanghai,1.2504720712776036e9,0.0,0.0,3.784946787418342e7,0.0,0.0,0.0,1.288321539151787e9
aluminumscrap_source_Region23Sichuan_aluminumscrap_source_Region10Jiangsu,1.3951075080042517e9,0.0,0.0,3.663234213330055e7,0.0,0.0,0.0,1.4317398501375523e9
aluminumscrap_source_Region23Sichuan_aluminumscrap_source_Region11Zhejiang,1.3135780287263713e9,0.0,0.0,3.809598778607759e7,0.0,0.0,0.0,1.3516740165124488e9
aluminumscrap_source_Region23Sichuan_aluminumscrap_source_Region12Anhui,1.525394148312141e9,0.0,0.0,3.6146773230205186e7,0.0,0.0,0.0,1.5615409215423462e9
aluminumscrap_source_Region23Sichuan_aluminumscrap_source_Region13Fujian,1.1816384676488466e9,0.0,0.0,3.670823408007553e7,0.0,0.0,0.0,1.2183467017289221e9
aluminumscrap_source_Region23Sichuan_aluminumscrap_source_Region14Jiangxi,1.6054029015146449e9,0.0,0.0,3.629570182030258e7,0.0,0.0,0.0,1.6416986033349473e9
aluminumscrap_source_Region23Sichuan_aluminumscrap_source_Region15Shandong,1.3800216973551028e9,0.0,0.0,3.566012027443043e7,0.0,0.0,0.0,1.4156818176295333e9
aluminumscrap_source_Region23Sichuan_aluminumscrap_source_Region16Henan,1.65672497743801e9,0.0,0.0,3.1495690945671104e7,0.0,0.0,0.0,1.688220668383681e9
aluminumscrap_source_Region23Sichuan_aluminumscrap_source_Region17Hubei,1.8664163300606713e9,0.0,0.0,3.372243456966439e7,0.0,0.0,0.0,1.9001387646303358e9
aluminumscrap_source_Region23Sichuan_aluminumscrap_source_Region18Hunan,1.9552459869396176e9,0.0,0.0,3.430023709205868e7,0.0,0.0,0.0,1.9895462240316763e9
aluminumscrap_source_Region23Sichuan_aluminumscrap_source_Region19Guangdong,1.256191272522134e9,0.0,0.0,3.0775131282057583e7,0.0,0.0,0.0,1.2869664038041916e9
aluminumscrap_source_Region23Sichuan_aluminumscrap_source_Region20Guangxi,1.5991216005899785e9,0.0,0.0,3.003306631862431e7,0.0,0.0,0.0,1.6291546669086027e9
aluminumscrap_source_Region23Sichuan_aluminumscrap_source_Region21Hainan,1.3127808490379078e9,0.0,0.0,3.440289742393391e7,0.0,0.0,0.0,1.3471837464618418e9
aluminumscrap_source_Region23Sichuan_aluminumscrap_source_Region22Chongqing,3.8484634430046167e9,0.0,0.0,2.19685837609014e7,0.0,0.0,0.0,3.870432026765518e9
aluminumscrap_source_Region23Sichuan_aluminumscrap_source_Region24Guizhou,2.4231039896587925e9,0.0,0.0,2.390206603896914e7,0.0,0.0,0.0,2.4470060556977615e9
aluminumscrap_source_Region23Sichuan_aluminumscrap_source_Region25Yunnan,2.0287386823355289e9,0.0,0.0,2.6330516954372074e7,0.0,0.0,0.0,2.055069199289901e9
aluminumscrap_source_Region23Sichuan_aluminumscrap_source_Region27Shaanxi,2.6123022880691605e9,0.0,0.0,3.0020203492859952e7,0.0,0.0,0.0,2.6423224915620203e9
aluminumscrap_source_Region23Sichuan_aluminumscrap_source_Region28Gansu,2.396009183059284e9,0.0,0.0,3.2378434974615827e7,0.0,0.0,0.0,2.4283876180339003e9
aluminumscrap_source_Region23Sichuan_aluminumscrap_source_Region29Qinghai,2.117316565855735e9,0.0,0.0,3.277357759265939e7,0.0,0.0,0.0,2.1500901434483943e9
aluminumscrap_source_Region23Sichuan_aluminumscrap_source_Region30Ningxia,1.7265103995282047e9,0.0,0.0,3.22635866504147e7,0.0,0.0,0.0,1.7587739861786194e9
aluminumscrap_source_Region23Sichuan_aluminumscrap_source_Region31Xinjiang,7.733078503250949e8,0.0,0.0,3.3849422662204094e7,0.0,0.0,0.0,8.071572729872991e8
aluminumscrap_source_Region24Guizhou_aluminumscrap_source_Region1Beijing,1.1952566442222505e9,0.0,0.0,3.941310117521386e7,0.0,0.0,0.0,1.2346697453974643e9
aluminumscrap_source_Region24Guizhou_aluminumscrap_source_Region2Tianjin,1.2119306267999716e9,0.0,0.0,3.936034863305125e7,0.0,0.0,0.0,1.2512909754330227e9
aluminumscrap_source_Region24Guizhou_aluminumscrap_source_Region3Hebei,1.310284999080053e9,0.0,0.0,3.754568314497472e7,0.0,0.0,0.0,1.3478306822250278e9
aluminumscrap_source_Region24Guizhou_aluminumscrap_source_Region4Shanxi,1.415046654654313e9,0.0,0.0,3.7109437193772264e7,0.0,0.0,0.0,1.4521560918480854e9
aluminumscrap_source_Region24Guizhou_aluminumscrap_source_Region5Innermongolia,1.1747424125077553e9,0.0,0.0,3.788257291148787e7,0.0,0.0,0.0,1.212624985419243e9
aluminumscrap_source_Region24Guizhou_aluminumscrap_source_Region6Liaoning,9.745823995983341e8,0.0,0.0,4.176825249051187e7,0.0,0.0,0.0,1.016350652088846e9
aluminumscrap_source_Region24Guizhou_aluminumscrap_source_Region7Jilin,9.16162353410111e8,0.0,0.0,4.357041350411788e7,0.0,0.0,0.0,9.597327669142288e8
aluminumscrap_source_Region24Guizhou_aluminumscrap_source_Region8Heilongjiang,8.489303739853078e8,0.0,0.0,4.378556118883759e7,0.0,0.0,0.0,8.927159351741455e8
aluminumscrap_source_Region24Guizhou_aluminumscrap_source_Region9Shanghai,1.4098937298261025e9,0.0,0.0,3.96857070770961e7,0.0,0.0,0.0,1.4495794369031985e9
aluminumscrap_source_Region24Guizhou_aluminumscrap_source_Region10Jiangsu,1.570463299371646e9,0.0,0.0,3.886482309178532e7,0.0,0.0,0.0,1.6093281224634314e9
aluminumscrap_source_Region24Guizhou_aluminumscrap_source_Region11Zhejiang,1.5488558850152698e9,0.0,0.0,4.005189964654207e7,0.0,0.0,0.0,1.5889077846618118e9
aluminumscrap_source_Region24Guizhou_aluminumscrap_source_Region12Anhui,1.7496363560595365e9,0.0,0.0,3.875233660446543e7,0.0,0.0,0.0,1.788388692664002e9
aluminumscrap_source_Region24Guizhou_aluminumscrap_source_Region13Fujian,1.5875277143025682e9,0.0,0.0,3.814037919161948e7,0.0,0.0,0.0,1.6256680934941876e9
aluminumscrap_source_Region24Guizhou_aluminumscrap_source_Region14Jiangxi,2.232489280645582e9,0.0,0.0,3.915335337224994e7,0.0,0.0,0.0,2.2716426340178323e9
aluminumscrap_source_Region24Guizhou_aluminumscrap_source_Region15Shandong,1.3604718961565585e9,0.0,0.0,3.8562598054080404e7,0.0,0.0,0.0,1.399034494210639e9
aluminumscrap_source_Region24Guizhou_aluminumscrap_source_Region16Henan,1.576216453171733e9,0.0,0.0,3.522920786672044e7,0.0,0.0,0.0,1.6114456610384533e9
aluminumscrap_source_Region24Guizhou_aluminumscrap_source_Region17Hubei,2.2774793643942623e9,0.0,0.0,3.713285442903459e7,0.0,0.0,0.0,2.314612218823297e9
aluminumscrap_source_Region24Guizhou_aluminumscrap_source_Region18Hunan,3.169678191177511e9,0.0,0.0,3.9205718572620705e7,0.0,0.0,0.0,3.208883909750132e9
aluminumscrap_source_Region24Guizhou_aluminumscrap_source_Region19Guangdong,2.0025815232719114e9,0.0,0.0,2.9212902585735913e7,0.0,0.0,0.0,2.0317944258576472e9
aluminumscrap_source_Region24Guizhou_aluminumscrap_source_Region20Guangxi,3.387223972541767e9,0.0,0.0,3.006001292739604e7,0.0,0.0,0.0,3.417283985469163e9
aluminumscrap_source_Region24Guizhou_aluminumscrap_source_Region21Hainan,2.148920559866008e9,0.0,0.0,3.51778995624189e7,0.0,0.0,0.0,2.1840984594284267e9
aluminumscrap_source_Region24Guizhou_aluminumscrap_source_Region22Chongqing,4.829852764568436e9,0.0,0.0,2.879410333493075e7,0.0,0.0,0.0,4.858646867903366e9
aluminumscrap_source_Region24Guizhou_aluminumscrap_source_Region23Sichuan,3.291480878502037e9,0.0,0.0,3.2514255932835277e7,0.0,0.0,0.0,3.323995134434872e9
aluminumscrap_source_Region24Guizhou_aluminumscrap_source_Region25Yunnan,3.406304774726392e9,0.0,0.0,2.8168254259587575e7,0.0,0.0,0.0,3.4344730289859796e9
aluminumscrap_source_Region24Guizhou_aluminumscrap_source_Region27Shaanxi,2.108589048312046e9,0.0,0.0,3.530890742528524e7,0.0,0.0,0.0,2.1438979557373314e9
aluminumscrap_source_Region24Guizhou_aluminumscrap_source_Region28Gansu,1.7901366674769423e9,0.0,0.0,3.788605591812564e7,0.0,0.0,0.0,1.828022723395068e9
aluminumscrap_source_Region24Guizhou_aluminumscrap_source_Region29Qinghai,1.5649156154939392e9,0.0,0.0,3.8265092342477635e7,0.0,0.0,0.0,1.6031807078364167e9
aluminumscrap_source_Region24Guizhou_aluminumscrap_source_Region30Ningxia,1.478437637014823e9,0.0,0.0,3.658049606112255e7,0.0,0.0,0.0,1.5150181330759456e9
aluminumscrap_source_Region24Guizhou_aluminumscrap_source_Region31Xinjiang,6.993995472918545e8,0.0,0.0,3.5964901697795644e7,0.0,0.0,0.0,7.353644489896501e8
aluminumscrap_source_Region25Yunnan_aluminumscrap_source_Region1Beijing,9.331699074056429e8,0.0,0.0,3.783988776322931e7,0.0,0.0,0.0,9.710097951688721e8
aluminumscrap_source_Region25Yunnan_aluminumscrap_source_Region2Tianjin,9.315879054552599e8,0.0,0.0,3.790245807284434e7,0.0,0.0,0.0,9.694903635281043e8
aluminumscrap_source_Region25Yunnan_aluminumscrap_source_Region3Hebei,1.00573201989586e9,0.0,0.0,3.621578759643757e7,0.0,0.0,0.0,1.0419478074922975e9
aluminumscrap_source_Region25Yunnan_aluminumscrap_source_Region4Shanxi,1.0805061535742404e9,0.0,0.0,3.563938681298062e7,0.0,0.0,0.0,1.116145540387221e9
aluminumscrap_source_Region25Yunnan_aluminumscrap_source_Region5Innermongolia,9.62371536403215e8,0.0,0.0,3.720484473084967e7,0.0,0.0,0.0,9.995763811340647e8
aluminumscrap_source_Region25Yunnan_aluminumscrap_source_Region6Liaoning,7.852218807663338e8,0.0,0.0,4.0098186602281556e7,0.0,0.0,0.0,8.253200673686154e8
aluminumscrap_source_Region25Yunnan_aluminumscrap_source_Region7Jilin,7.469686461031214e8,0.0,0.0,4.165544865234139e7,0.0,0.0,0.0,7.886240947554628e8
aluminumscrap_source_Region25Yunnan_aluminumscrap_source_Region8Heilongjiang,7.018050611480378e8,0.0,0.0,4.195797565317831e7,0.0,0.0,0.0,7.437630368012161e8
aluminumscrap_source_Region25Yunnan_aluminumscrap_source_Region9Shanghai,1.042455560165128e9,0.0,0.0,3.790001689722944e7,0.0,0.0,0.0,1.0803555770623574e9
aluminumscrap_source_Region25Yunnan_aluminumscrap_source_Region10Jiangsu,1.1250575881835406e9,0.0,0.0,3.707720731267645e7,0.0,0.0,0.0,1.162134795496217e9
aluminumscrap_source_Region25Yunnan_aluminumscrap_source_Region11Zhejiang,1.1142985879066696e9,0.0,0.0,3.7961358069417804e7,0.0,0.0,0.0,1.1522599459760873e9
aluminumscrap_source_Region25Yunnan_aluminumscrap_source_Region12Anhui,1.2100205270903907e9,0.0,0.0,3.6732912397113204e7,0.0,0.0,0.0,1.246753439487504e9
aluminumscrap_source_Region25Yunnan_aluminumscrap_source_Region13Fujian,1.168196226066924e9,0.0,0.0,3.787969490408123e7,0.0,0.0,0.0,1.2060759209710054e9
aluminumscrap_source_Region25Yunnan_aluminumscrap_source_Region14Jiangxi,1.3952524876441267e9,0.0,0.0,3.625656757468979e7,0.0,0.0,0.0,1.4315090552188165e9
aluminumscrap_source_Region25Yunnan_aluminumscrap_source_Region15Shandong,1.0157707725071727e9,0.0,0.0,3.7129962043692775e7,0.0,0.0,0.0,1.0529007345508655e9
aluminumscrap_source_Region25Yunnan_aluminumscrap_source_Region16Henan,1.1485400825723987e9,0.0,0.0,3.50981877480821e7,0.0,0.0,0.0,1.1836382703204808e9
aluminumscrap_source_Region25Yunnan_aluminumscrap_source_Region17Hubei,1.4231616222508554e9,0.0,0.0,3.488572442524921e7,0.0,0.0,0.0,1.4580473466761045e9
aluminumscrap_source_Region25Yunnan_aluminumscrap_source_Region18Hunan,1.6846374032875116e9,0.0,0.0,3.4665557573420666e7,0.0,0.0,0.0,1.7193029608609324e9
aluminumscrap_source_Region25Yunnan_aluminumscrap_source_Region19Guangdong,1.4413349382664516e9,0.0,0.0,3.035535888226573e7,0.0,0.0,0.0,1.4716902971487174e9
aluminumscrap_source_Region25Yunnan_aluminumscrap_source_Region20Guangxi,2.308634344952356e9,0.0,0.0,2.8079009619884428e7,0.0,0.0,0.0,2.3367133545722404e9
aluminumscrap_source_Region25Yunnan_aluminumscrap_source_Region21Hainan,1.721519429566543e9,0.0,0.0,3.317967949175255e7,0.0,0.0,0.0,1.7546991090582957e9
aluminumscrap_source_Region25Yunnan_aluminumscrap_source_Region22Chongqing,2.045609022185288e9,0.0,0.0,2.7969538864902087e7,0.0,0.0,0.0,2.07357856105019e9
aluminumscrap_source_Region25Yunnan_aluminumscrap_source_Region23Sichuan,2.2533159296839023e9,0.0,0.0,2.9245251646602396e7,0.0,0.0,0.0,2.282561181330505e9
aluminumscrap_source_Region25Yunnan_aluminumscrap_source_Region24Guizhou,2.7727567131676455e9,0.0,0.0,2.294216837954376e7,0.0,0.0,0.0,2.795698881547189e9
aluminumscrap_source_Region25Yunnan_aluminumscrap_source_Region27Shaanxi,1.4778975565174932e9,0.0,0.0,3.458453586198929e7,0.0,0.0,0.0,1.5124820923794825e9
aluminumscrap_source_Region25Yunnan_aluminumscrap_source_Region28Gansu,1.3393879385654478e9,0.0,0.0,3.543941954555261e7,0.0,0.0,0.0,1.3748273581110005e9
aluminumscrap_source_Region25Yunnan_aluminumscrap_source_Region29Qinghai,1.2670034567387488e9,0.0,0.0,3.566957275628068e7,0.0,0.0,0.0,1.3026730294950294e9
aluminumscrap_source_Region25Yunnan_aluminumscrap_source_Region30Ningxia,1.1753659917255435e9,0.0,0.0,3.604476126911501e7,0.0,0.0,0.0,1.2114107529946585e9
aluminumscrap_source_Region25Yunnan_aluminumscrap_source_Region31Xinjiang,6.314082955990677e8,0.0,0.0,3.58093651172873e7,0.0,0.0,0.0,6.67217660716355e8
aluminumscrap_source_Region27Shaanxi_aluminumscrap_source_Region1Beijing,1.6838198097563355e9,0.0,0.0,2.8891057082370408e7,0.0,0.0,0.0,1.712710866838706e9
aluminumscrap_source_Region27Shaanxi_aluminumscrap_source_Region2Tianjin,1.6757365399940302e9,0.0,0.0,2.9019608469535723e7,0.0,0.0,0.0,1.704756148463566e9
aluminumscrap_source_Region27Shaanxi_aluminumscrap_source_Region3Hebei,2.0183767916620564e9,0.0,0.0,2.5476517272840906e7,0.0,0.0,0.0,2.0438533089348974e9
aluminumscrap_source_Region27Shaanxi_aluminumscrap_source_Region4Shanxi,2.4765592663120522e9,0.0,0.0,2.3767224667033304e7,0.0,0.0,0.0,2.5003264909790854e9
aluminumscrap_source_Region27Shaanxi_aluminumscrap_source_Region5Innermongolia,1.7974820152815075e9,0.0,0.0,2.7637427708057407e7,0.0,0.0,0.0,1.825119442989565e9
aluminumscrap_source_Region27Shaanxi_aluminumscrap_source_Region6Liaoning,1.203806283351756e9,0.0,0.0,3.329751706909594e7,0.0,0.0,0.0,1.237103800420852e9
aluminumscrap_source_Region27Shaanxi_aluminumscrap_source_Region7Jilin,1.1070333924822934e9,0.0,0.0,3.582374481960544e7,0.0,0.0,0.0,1.1428571373018987e9
aluminumscrap_source_Region27Shaanxi_aluminumscrap_source_Region8Heilongjiang,1.000501520327756e9,0.0,0.0,3.640287303642547e7,0.0,0.0,0.0,1.0369043933641815e9
aluminumscrap_source_Region27Shaanxi_aluminumscrap_source_Region9Shanghai,1.4605583433287914e9,0.0,0.0,3.192485572336652e7,0.0,0.0,0.0,1.4924831990521579e9
aluminumscrap_source_Region27Shaanxi_aluminumscrap_source_Region10Jiangsu,1.751463574935421e9,0.0,0.0,3.00188305539159e7,0.0,0.0,0.0,1.781482405489337e9
aluminumscrap_source_Region27Shaanxi_aluminumscrap_source_Region11Zhejiang,1.5453939676982021e9,0.0,0.0,3.2220709148021705e7,0.0,0.0,0.0,1.5776146768462238e9
aluminumscrap_source_Region27Shaanxi_aluminumscrap_source_Region12Anhui,2.006027831053528e9,0.0,0.0,2.928199478418104e7,0.0,0.0,0.0,2.0353098258377092e9
aluminumscrap_source_Region27Shaanxi_aluminumscrap_source_Region13Fujian,1.3259995449993227e9,0.0,0.0,3.3835016402953446e7,0.0,0.0,0.0,1.359834561402276e9
aluminumscrap_source_Region27Shaanxi_aluminumscrap_source_Region14Jiangxi,1.8127488386816933e9,0.0,0.0,3.0661081855674498e7,0.0,0.0,0.0,1.8434099205373678e9
aluminumscrap_source_Region27Shaanxi_aluminumscrap_source_Region15Shandong,1.9290407795799017e9,0.0,0.0,2.77691389564959e7,0.0,0.0,0.0,1.9568099185363977e9
aluminumscrap_source_Region27Shaanxi_aluminumscrap_source_Region16Henan,2.9503745068787694e9,0.0,0.0,2.2308290994552266e7,0.0,0.0,0.0,2.9726827978733215e9
aluminumscrap_source_Region27Shaanxi_aluminumscrap_source_Region17Hubei,2.3266725885535536e9,0.0,0.0,2.7108842939258974e7,0.0,0.0,0.0,2.3537814314928126e9
aluminumscrap_source_Region27Shaanxi_aluminumscrap_source_Region18Hunan,1.9152465339624412e9,0.0,0.0,2.9520000518778007e7,0.0,0.0,0.0,1.9447665344812193e9
aluminumscrap_source_Region27Shaanxi_aluminumscrap_source_Region19Guangdong,1.1651316028745236e9,0.0,0.0,3.0036257774376754e7,0.0,0.0,0.0,1.1951678606489005e9
aluminumscrap_source_Region27Shaanxi_aluminumscrap_source_Region20Guangxi,1.2132338576802475e9,0.0,0.0,3.072429778686178e7,0.0,0.0,0.0,1.2439581554671094e9
aluminumscrap_source_Region27Shaanxi_aluminumscrap_source_Region21Hainan,1.0704846844330434e9,0.0,0.0,3.4153970768272065e7,0.0,0.0,0.0,1.1046386552013154e9
aluminumscrap_source_Region27Shaanxi_aluminumscrap_source_Region22Chongqing,2.0639154298108633e9,0.0,0.0,2.3282579532641537e7,0.0,0.0,0.0,2.087198009343505e9
aluminumscrap_source_Region27Shaanxi_aluminumscrap_source_Region23Sichuan,2.1431844687262447e9,0.0,0.0,2.4659326913912382e7,0.0,0.0,0.0,2.167843795640157e9
aluminumscrap_source_Region27Shaanxi_aluminumscrap_source_Region24Guizhou,1.5224267628008144e9,0.0,0.0,2.550059868646538e7,0.0,0.0,0.0,1.5479273614872797e9
aluminumscrap_source_Region27Shaanxi_aluminumscrap_source_Region25Yunnan,1.267304548659858e9,0.0,0.0,2.9591024567587696e7,0.0,0.0,0.0,1.2968955732274456e9
aluminumscrap_source_Region27Shaanxi_aluminumscrap_source_Region28Gansu,2.6948014487831855e9,0.0,0.0,2.632935127574641e7,0.0,0.0,0.0,2.721130800058932e9
aluminumscrap_source_Region27Shaanxi_aluminumscrap_source_Region29Qinghai,2.096519909496687e9,0.0,0.0,2.7819931421860784e7,0.0,0.0,0.0,2.1243398409185476e9
aluminumscrap_source_Region27Shaanxi_aluminumscrap_source_Region30Ningxia,2.6231380782702255e9,0.0,0.0,2.5702993620616782e7,0.0,0.0,0.0,2.6488410718908424e9
aluminumscrap_source_Region27Shaanxi_aluminumscrap_source_Region31Xinjiang,8.071091232658179e8,0.0,0.0,3.2353350414002363e7,0.0,0.0,0.0,8.394624736798203e8
aluminumscrap_source_Region28Gansu_aluminumscrap_source_Region1Beijing,1.588009874702918e9,0.0,0.0,3.631214762349995e7,0.0,0.0,0.0,1.624322022326418e9
aluminumscrap_source_Region28Gansu_aluminumscrap_source_Region2Tianjin,1.5573965104636326e9,0.0,0.0,3.6642141012831405e7,0.0,0.0,0.0,1.594038651476464e9
aluminumscrap_source_Region28Gansu_aluminumscrap_source_Region3Hebei,1.7694233146793284e9,0.0,0.0,3.3414089581285167e7,0.0,0.0,0.0,1.8028374042606137e9
aluminumscrap_source_Region28Gansu_aluminumscrap_source_Region4Shanxi,2.0240010056612403e9,0.0,0.0,3.1765871679209203e7,0.0,0.0,0.0,2.0557668773404496e9
aluminumscrap_source_Region28Gansu_aluminumscrap_source_Region5Innermongolia,1.7250801826205444e9,0.0,0.0,2.8919311611295052e7,0.0,0.0,0.0,1.7539994942318394e9
aluminumscrap_source_Region28Gansu_aluminumscrap_source_Region6Liaoning,1.1649391432516499e9,0.0,0.0,3.8937958052535005e7,0.0,0.0,0.0,1.203877101304185e9
aluminumscrap_source_Region28Gansu_aluminumscrap_source_Region7Jilin,1.0972457512029223e9,0.0,0.0,4.183229768963969e7,0.0,0.0,0.0,1.139078048892562e9
aluminumscrap_source_Region28Gansu_aluminumscrap_source_Region8Heilongjiang,1.0051179911015522e9,0.0,0.0,4.2360321224978335e7,0.0,0.0,0.0,1.0474783123265306e9
aluminumscrap_source_Region28Gansu_aluminumscrap_source_Region9Shanghai,1.2940457758103595e9,0.0,0.0,4.029734418264224e7,0.0,0.0,0.0,1.3343431199930017e9
aluminumscrap_source_Region28Gansu_aluminumscrap_source_Region10Jiangsu,1.4459631382841728e9,0.0,0.0,3.877479679694357e7,0.0,0.0,0.0,1.4847379350811164e9
aluminumscrap_source_Region28Gansu_aluminumscrap_source_Region11Zhejiang,1.3312698251306596e9,0.0,0.0,4.064475185718788e7,0.0,0.0,0.0,1.3719145769878476e9
aluminumscrap_source_Region28Gansu_aluminumscrap_source_Region12Anhui,1.5687468536262794e9,0.0,0.0,3.808651644525166e7,0.0,0.0,0.0,1.606833370071531e9
aluminumscrap_source_Region28Gansu_aluminumscrap_source_Region13Fujian,1.0274592895507178e9,0.0,0.0,3.61596057044906e7,0.0,0.0,0.0,1.0636188952552085e9
aluminumscrap_source_Region28Gansu_aluminumscrap_source_Region14Jiangxi,1.3368596710425186e9,0.0,0.0,3.5554370821263656e7,0.0,0.0,0.0,1.3724140418637822e9
aluminumscrap_source_Region28Gansu_aluminumscrap_source_Region15Shandong,1.529361264314807e9,0.0,0.0,3.4217839258389235e7,0.0,0.0,0.0,1.5635791035731962e9
aluminumscrap_source_Region28Gansu_aluminumscrap_source_Region16Henan,1.684871599617392e9,0.0,0.0,2.8672014316980742e7,0.0,0.0,0.0,1.713543613934373e9
aluminumscrap_source_Region28Gansu_aluminumscrap_source_Region17Hubei,1.5388079147671466e9,0.0,0.0,3.281961500769558e7,0.0,0.0,0.0,1.5716275297748423e9
aluminumscrap_source_Region28Gansu_aluminumscrap_source_Region18Hunan,1.3818066823101063e9,0.0,0.0,3.467569602774293e7,0.0,0.0,0.0,1.4164823783378491e9
aluminumscrap_source_Region28Gansu_aluminumscrap_source_Region19Guangdong,9.3496501734276e8,0.0,0.0,3.315002219926783e7,0.0,0.0,0.0,9.681150395420278e8
aluminumscrap_source_Region28Gansu_aluminumscrap_source_Region20Guangxi,1.0953438690626805e9,0.0,0.0,3.2614559440932404e7,0.0,0.0,0.0,1.127958428503613e9
aluminumscrap_source_Region28Gansu_aluminumscrap_source_Region21Hainan,9.662695004825146e8,0.0,0.0,3.593238379071179e7,0.0,0.0,0.0,1.0022018842732264e9
aluminumscrap_source_Region28Gansu_aluminumscrap_source_Region22Chongqing,1.7230135046967547e9,0.0,0.0,2.7551154312756334e7,0.0,0.0,0.0,1.750564659009511e9
aluminumscrap_source_Region28Gansu_aluminumscrap_source_Region23Sichuan,2.003126369553098e9,0.0,0.0,2.716317655213133e7,0.0,0.0,0.0,2.0302895461052294e9
aluminumscrap_source_Region28Gansu_aluminumscrap_source_Region24Guizhou,1.3839458647930007e9,0.0,0.0,2.930250668564458e7,0.0,0.0,0.0,1.4132483714786453e9
aluminumscrap_source_Region28Gansu_aluminumscrap_source_Region25Yunnan,1.1603399109227602e9,0.0,0.0,3.0663815256416757e7,0.0,0.0,0.0,1.191003726179177e9
aluminumscrap_source_Region28Gansu_aluminumscrap_source_Region27Shaanxi,2.6545569787639337e9,0.0,0.0,2.579918099804033e7,0.0,0.0,0.0,2.680356159761974e9
aluminumscrap_source_Region28Gansu_aluminumscrap_source_Region29Qinghai,6.678871156983572e9,0.0,0.0,2.3558358301219456e7,0.0,0.0,0.0,6.702429515284791e9
aluminumscrap_source_Region28Gansu_aluminumscrap_source_Region30Ningxia,3.5260681452866354e9,0.0,0.0,2.3684151794894665e7,0.0,0.0,0.0,3.54975229708153e9
aluminumscrap_source_Region28Gansu_aluminumscrap_source_Region31Xinjiang,1.0147567537259434e9,0.0,0.0,3.085283622090636e7,0.0,0.0,0.0,1.0456095899468498e9
aluminumscrap_source_Region29Qinghai_aluminumscrap_source_Region1Beijing,1.4488822685095608e9,0.0,0.0,3.769774566295902e7,0.0,0.0,0.0,1.48658001417252e9
aluminumscrap_source_Region29Qinghai_aluminumscrap_source_Region2Tianjin,1.4239086891150012e9,0.0,0.0,3.798969830002616e7,0.0,0.0,0.0,1.4618983874150274e9
aluminumscrap_source_Region29Qinghai_aluminumscrap_source_Region3Hebei,1.5944021234504364e9,0.0,0.0,3.513459834982737e7,0.0,0.0,0.0,1.6295367218002636e9
aluminumscrap_source_Region29Qinghai_aluminumscrap_source_Region4Shanxi,1.790498442839638e9,0.0,0.0,3.374488843776779e7,0.0,0.0,0.0,1.8242433312774057e9
aluminumscrap_source_Region29Qinghai_aluminumscrap_source_Region5Innermongolia,1.5317223185215204e9,0.0,0.0,3.050592139673313e7,0.0,0.0,0.0,1.5622282399182534e9
aluminumscrap_source_Region29Qinghai_aluminumscrap_source_Region6Liaoning,1.0902927671645644e9,0.0,0.0,3.98795710671757e7,0.0,0.0,0.0,1.13017233823174e9
aluminumscrap_source_Region29Qinghai_aluminumscrap_source_Region7Jilin,1.0320975036179963e9,0.0,0.0,4.260175754347645e7,0.0,0.0,0.0,1.0746992611614728e9
aluminumscrap_source_Region29Qinghai_aluminumscrap_source_Region8Heilongjiang,9.514114884593664e8,0.0,0.0,4.309577938578175e7,0.0,0.0,0.0,9.945072678451482e8
aluminumscrap_source_Region29Qinghai_aluminumscrap_source_Region9Shanghai,1.1941476635533075e9,0.0,0.0,4.1370565100738704e7,0.0,0.0,0.0,1.2355182286540463e9
aluminumscrap_source_Region29Qinghai_aluminumscrap_source_Region10Jiangsu,1.3198317695532367e9,0.0,0.0,4.0016955322751425e7,0.0,0.0,0.0,1.3598487248759882e9
aluminumscrap_source_Region29Qinghai_aluminumscrap_source_Region11Zhejiang,1.2251576944263966e9,0.0,0.0,4.16978231019265e7,0.0,0.0,0.0,1.2668555175283232e9
aluminumscrap_source_Region29Qinghai_aluminumscrap_source_Region12Anhui,1.4190759645892978e9,0.0,0.0,3.94183248264134e7,0.0,0.0,0.0,1.4584942894157112e9
aluminumscrap_source_Region29Qinghai_aluminumscrap_source_Region13Fujian,9.570537002850254e8,0.0,0.0,3.703517250614367e7,0.0,0.0,0.0,9.94088872791169e8
aluminumscrap_source_Region29Qinghai_aluminumscrap_source_Region14Jiangxi,1.2195564678802183e9,0.0,0.0,3.670205533877544e7,0.0,0.0,0.0,1.2562585232189937e9
aluminumscrap_source_Region29Qinghai_aluminumscrap_source_Region15Shandong,1.393555510159214e9,0.0,0.0,3.557188887378663e7,0.0,0.0,0.0,1.4291273990330007e9
aluminumscrap_source_Region29Qinghai_aluminumscrap_source_Region16Henan,1.483008522073945e9,0.0,0.0,3.0426117774573553e7,0.0,0.0,0.0,1.5134346398485186e9
aluminumscrap_source_Region29Qinghai_aluminumscrap_source_Region17Hubei,1.379286678994051e9,0.0,0.0,3.42501592741892e7,0.0,0.0,0.0,1.4135368382682402e9
aluminumscrap_source_Region29Qinghai_aluminumscrap_source_Region18Hunan,1.2556184217179291e9,0.0,0.0,3.5908560080744185e7,0.0,0.0,0.0,1.2915269817986734e9
aluminumscrap_source_Region29Qinghai_aluminumscrap_source_Region19Guangdong,8.875076886038079e8,0.0,0.0,3.404005385142416e7,0.0,0.0,0.0,9.215477424552321e8
aluminumscrap_source_Region29Qinghai_aluminumscrap_source_Region20Guangxi,1.0211166672885439e9,0.0,0.0,3.372838157102976e7,0.0,0.0,0.0,1.0548450488595737e9
aluminumscrap_source_Region29Qinghai_aluminumscrap_source_Region21Hainan,9.099223851298865e8,0.0,0.0,3.679903960459091e7,0.0,0.0,0.0,9.467214247344774e8
aluminumscrap_source_Region29Qinghai_aluminumscrap_source_Region22Chongqing,1.530519624992899e9,0.0,0.0,2.9462552635172807e7,0.0,0.0,0.0,1.5599821776280718e9
aluminumscrap_source_Region29Qinghai_aluminumscrap_source_Region23Sichuan,1.8360661195129278e9,0.0,0.0,2.848904782287373e7,0.0,0.0,0.0,1.8645551673358016e9
aluminumscrap_source_Region29Qinghai_aluminumscrap_source_Region24Guizhou,1.2654105530292015e9,0.0,0.0,3.0911960099848647e7,0.0,0.0,0.0,1.2963225131290503e9
aluminumscrap_source_Region29Qinghai_aluminumscrap_source_Region25Yunnan,1.11571896371669e9,0.0,0.0,3.1363405209634937e7,0.0,0.0,0.0,1.147082368926325e9
aluminumscrap_source_Region29Qinghai_aluminumscrap_source_Region27Shaanxi,2.104562563957093e9,0.0,0.0,2.7827938402686853e7,0.0,0.0,0.0,2.1323905023597798e9
aluminumscrap_source_Region29Qinghai_aluminumscrap_source_Region28Gansu,7.089695779117553e9,0.0,0.0,2.4874440122485656e7,0.0,0.0,0.0,7.114570219240039e9
aluminumscrap_source_Region29Qinghai_aluminumscrap_source_Region30Ningxia,2.7441390597134633e9,0.0,0.0,2.576880655526629e7,0.0,0.0,0.0,2.7699078662687297e9
aluminumscrap_source_Region29Qinghai_aluminumscrap_source_Region31Xinjiang,1.1026508971509254e9,0.0,0.0,3.0597808139624268e7,0.0,0.0,0.0,1.1332487052905498e9
aluminumscrap_source_Region30Ningxia_aluminumscrap_source_Region1Beijing,1.7050538219359016e9,0.0,0.0,2.9615285328290716e7,0.0,0.0,0.0,1.7346691072641923e9
aluminumscrap_source_Region30Ningxia_aluminumscrap_source_Region2Tianjin,1.6614635687575138e9,0.0,0.0,2.9956999934715226e7,0.0,0.0,0.0,1.691420568692229e9
aluminumscrap_source_Region30Ningxia_aluminumscrap_source_Region3Hebei,1.8954993844351985e9,0.0,0.0,2.6975117233296443e7,0.0,0.0,0.0,1.922474501668495e9
aluminumscrap_source_Region30Ningxia_aluminumscrap_source_Region4Shanxi,2.294321697094023e9,0.0,0.0,2.532213710976431e7,0.0,0.0,0.0,2.3196438342037873e9
aluminumscrap_source_Region30Ningxia_aluminumscrap_source_Region5Innermongolia,2.4514715651779366e9,0.0,0.0,2.5527245275442384e7,0.0,0.0,0.0,2.476998810453379e9
aluminumscrap_source_Region30Ningxia_aluminumscrap_source_Region6Liaoning,1.2186468002706897e9,0.0,0.0,3.403382798139688e7,0.0,0.0,0.0,1.2526806282520866e9
aluminumscrap_source_Region30Ningxia_aluminumscrap_source_Region7Jilin,1.139745542820384e9,0.0,0.0,3.6417208984616116e7,0.0,0.0,0.0,1.176162751805e9
aluminumscrap_source_Region30Ningxia_aluminumscrap_source_Region8Heilongjiang,1.0349366898466285e9,0.0,0.0,3.6917911002763584e7,0.0,0.0,0.0,1.0718546008493922e9
aluminumscrap_source_Region30Ningxia_aluminumscrap_source_Region9Shanghai,1.1603488437035112e9,0.0,0.0,3.508350635497879e7,0.0,0.0,0.0,1.19543235005849e9
aluminumscrap_source_Region30Ningxia_aluminumscrap_source_Region10Jiangsu,1.3064583640035152e9,0.0,0.0,3.363053629439036e7,0.0,0.0,0.0,1.3400889002979057e9
aluminumscrap_source_Region30Ningxia_aluminumscrap_source_Region11Zhejiang,1.182856217604101e9,0.0,0.0,3.5508804239216276e7,0.0,0.0,0.0,1.2183650218433173e9
aluminumscrap_source_Region30Ningxia_aluminumscrap_source_Region12Anhui,1.3845191903106441e9,0.0,0.0,3.329556690475789e7,0.0,0.0,0.0,1.4178147572154021e9
aluminumscrap_source_Region30Ningxia_aluminumscrap_source_Region13Fujian,1.0329512388164376e9,0.0,0.0,3.644009714879267e7,0.0,0.0,0.0,1.0693913359652302e9
aluminumscrap_source_Region30Ningxia_aluminumscrap_source_Region14Jiangxi,1.290679874662524e9,0.0,0.0,3.442911688591635e7,0.0,0.0,0.0,1.3251089915484405e9
aluminumscrap_source_Region30Ningxia_aluminumscrap_source_Region15Shandong,1.6872232810225158e9,0.0,0.0,2.9899135375284664e7,0.0,0.0,0.0,1.7171224163978004e9
aluminumscrap_source_Region30Ningxia_aluminumscrap_source_Region16Henan,1.8175482315865176e9,0.0,0.0,2.7809553606731977e7,0.0,0.0,0.0,1.8453577851932495e9
aluminumscrap_source_Region30Ningxia_aluminumscrap_source_Region17Hubei,1.4874761051224356e9,0.0,0.0,3.1843423319353268e7,0.0,0.0,0.0,1.519319528441789e9
aluminumscrap_source_Region30Ningxia_aluminumscrap_source_Region18Hunan,1.3341460933974624e9,0.0,0.0,3.358606319185797e7,0.0,0.0,0.0,1.3677321565893204e9
aluminumscrap_source_Region30Ningxia_aluminumscrap_source_Region19Guangdong,9.392109761729021e8,0.0,0.0,3.337986402509906e7,0.0,0.0,0.0,9.725908401980011e8
aluminumscrap_source_Region30Ningxia_aluminumscrap_source_Region20Guangxi,1.0156066083726338e9,0.0,0.0,3.398940891551715e7,0.0,0.0,0.0,1.049596017288151e9
aluminumscrap_source_Region30Ningxia_aluminumscrap_source_Region21Hainan,9.056933820039973e8,0.0,0.0,3.702309337719017e7,0.0,0.0,0.0,9.427164753811874e8
aluminumscrap_source_Region30Ningxia_aluminumscrap_source_Region22Chongqing,1.4645940895224304e9,0.0,0.0,2.8447664949790943e7,0.0,0.0,0.0,1.4930417544722214e9
aluminumscrap_source_Region30Ningxia_aluminumscrap_source_Region23Sichuan,1.5528905332803369e9,0.0,0.0,2.9084678616023775e7,0.0,0.0,0.0,1.5819752118963606e9
aluminumscrap_source_Region30Ningxia_aluminumscrap_source_Region24Guizhou,1.204489909616112e9,0.0,0.0,2.9813597017536405e7,0.0,0.0,0.0,1.2343035066336484e9
aluminumscrap_source_Region30Ningxia_aluminumscrap_source_Region25Yunnan,1.0550190122624099e9,0.0,0.0,3.2339253788254645e7,0.0,0.0,0.0,1.0873582660506647e9
aluminumscrap_source_Region30Ningxia_aluminumscrap_source_Region27Shaanxi,2.7030392168367243e9,0.0,0.0,2.6498589013002582e7,0.0,0.0,0.0,2.7295378058497267e9
aluminumscrap_source_Region30Ningxia_aluminumscrap_source_Region28Gansu,3.801098151421556e9,0.0,0.0,2.544234713157374e7,0.0,0.0,0.0,3.8265404985531297e9
aluminumscrap_source_Region30Ningxia_aluminumscrap_source_Region29Qinghai,2.8213494574721847e9,0.0,0.0,2.6573252062768746e7,0.0,0.0,0.0,2.8479227095349536e9
aluminumscrap_source_Region30Ningxia_aluminumscrap_source_Region31Xinjiang,9.846661694647197e8,0.0,0.0,3.1337401765922323e7,0.0,0.0,0.0,1.016003571230642e9
aluminumscrap_source_Region31Xinjiang_aluminumscrap_source_Region1Beijing,6.627575986532826e8,0.0,0.0,2.9377216294703178e7,0.0,0.0,0.0,6.921348149479858e8
aluminumscrap_source_Region31Xinjiang_aluminumscrap_source_Region2Tianjin,6.43922788734322e8,0.0,0.0,2.976861344723862e7,0.0,0.0,0.0,6.736914021815605e8
aluminumscrap_source_Region31Xinjiang_aluminumscrap_source_Region3Hebei,6.51888348061678e8,0.0,0.0,2.901773748948428e7,0.0,0.0,0.0,6.809060855511624e8
aluminumscrap_source_Region31Xinjiang_aluminumscrap_source_Region4Shanxi,6.893466954641079e8,0.0,0.0,2.8402341293347508e7,0.0,0.0,0.0,7.177490367574553e8
aluminumscrap_source_Region31Xinjiang_aluminumscrap_source_Region5Innermongolia,7.518682633788142e8,0.0,0.0,2.7578625864026617e7,0.0,0.0,0.0,7.794468892428409e8
aluminumscrap_source_Region31Xinjiang_aluminumscrap_source_Region6Liaoning,5.722107698309724e8,0.0,0.0,3.1595875774359275e7,0.0,0.0,0.0,6.038066456053317e8
aluminumscrap_source_Region31Xinjiang_aluminumscrap_source_Region7Jilin,5.726448185487633e8,0.0,0.0,3.24095329904805e7,0.0,0.0,0.0,6.050543515392438e8
aluminumscrap_source_Region31Xinjiang_aluminumscrap_source_Region8Heilongjiang,5.491665898742771e8,0.0,0.0,3.2675233215894204e7,0.0,0.0,0.0,5.818418230901713e8
aluminumscrap_source_Region31Xinjiang_aluminumscrap_source_Region9Shanghai,5.32241302962173e8,0.0,0.0,3.2741681925805856e7,0.0,0.0,0.0,5.649829848879788e8
aluminumscrap_source_Region31Xinjiang_aluminumscrap_source_Region10Jiangsu,5.598061728217815e8,0.0,0.0,3.201639087267425e7,0.0,0.0,0.0,5.918225636944557e8
aluminumscrap_source_Region31Xinjiang_aluminumscrap_source_Region11Zhejiang,5.394879170102305e8,0.0,0.0,3.2858504454150178e7,0.0,0.0,0.0,5.723464214643807e8
aluminumscrap_source_Region31Xinjiang_aluminumscrap_source_Region12Anhui,5.797499317067173e8,0.0,0.0,3.1685845387997374e7,0.0,0.0,0.0,6.114357770947146e8
aluminumscrap_source_Region31Xinjiang_aluminumscrap_source_Region13Fujian,5.124196823334812e8,0.0,0.0,3.359897467312452e7,0.0,0.0,0.0,5.460186570066057e8
aluminumscrap_source_Region31Xinjiang_aluminumscrap_source_Region14Jiangxi,5.650916526547973e8,0.0,0.0,3.2194099761983685e7,0.0,0.0,0.0,5.97285752416781e8
aluminumscrap_source_Region31Xinjiang_aluminumscrap_source_Region15Shandong,6.135513811773174e8,0.0,0.0,3.0416479962979928e7,0.0,0.0,0.0,6.439678611402973e8
aluminumscrap_source_Region31Xinjiang_aluminumscrap_source_Region16Henan,6.283980960202423e8,0.0,0.0,2.9631569789510597e7,0.0,0.0,0.0,6.58029665809753e8
aluminumscrap_source_Region31Xinjiang_aluminumscrap_source_Region17Hubei,5.991113430638888e8,0.0,0.0,3.0976437269753348e7,0.0,0.0,0.0,6.300877803336421e8
aluminumscrap_source_Region31Xinjiang_aluminumscrap_source_Region18Hunan,5.732191555118243e8,0.0,0.0,3.179674663074685e7,0.0,0.0,0.0,6.050159021425711e8
aluminumscrap_source_Region31Xinjiang_aluminumscrap_source_Region19Guangdong,4.8757602652424765e8,0.0,0.0,3.2098066861451536e7,0.0,0.0,0.0,5.1967409338569915e8
aluminumscrap_source_Region31Xinjiang_aluminumscrap_source_Region20Guangxi,5.257877575468007e8,0.0,0.0,3.1577682360215236e7,0.0,0.0,0.0,5.573654399070159e8
aluminumscrap_source_Region31Xinjiang_aluminumscrap_source_Region21Hainan,4.9311116483326524e8,0.0,0.0,3.3269680236953706e7,0.0,0.0,0.0,5.263808450702189e8
aluminumscrap_source_Region31Xinjiang_aluminumscrap_source_Region22Chongqing,6.250724453021636e8,0.0,0.0,2.8926479587314796e7,0.0,0.0,0.0,6.539989248894784e8
aluminumscrap_source_Region31Xinjiang_aluminumscrap_source_Region23Sichuan,6.578039933470315e8,0.0,0.0,2.8839841215547837e7,0.0,0.0,0.0,6.866438345625793e8
aluminumscrap_source_Region31Xinjiang_aluminumscrap_source_Region24Guizhou,5.732174160118479e8,0.0,0.0,2.949511686402587e7,0.0,0.0,0.0,6.027125328758737e8
aluminumscrap_source_Region31Xinjiang_aluminumscrap_source_Region25Yunnan,5.442202198381946e8,0.0,0.0,3.0862072766433407e7,0.0,0.0,0.0,5.75082292604628e8
aluminumscrap_source_Region31Xinjiang_aluminumscrap_source_Region27Shaanxi,7.174012766496977e8,0.0,0.0,2.8764099030730784e7,0.0,0.0,0.0,7.461653756804285e8
aluminumscrap_source_Region31Xinjiang_aluminumscrap_source_Region28Gansu,8.738835468654164e8,0.0,0.0,2.6602495360213283e7,0.0,0.0,0.0,9.004860422256297e8
aluminumscrap_source_Region31Xinjiang_aluminumscrap_source_Region29Qinghai,9.290896364725933e8,0.0,0.0,2.581646543748411e7,0.0,0.0,0.0,9.549061019100775e8
aluminumscrap_source_Region31Xinjiang_aluminumscrap_source_Region30Ningxia,8.392557458784648e8,0.0,0.0,2.6788387312743403e7,0.0,0.0,0.0,8.660441331912082e8
Region1Beijing_ammonia_coal_transforms_ammonia_Region1Beijing,0.0,4.873058128505197e6,2.292310455884166e6,0.0,0.0,0.0,0.0,7.165368584389363e6
coal_Region1Beijing_Region1Beijing_ammonia_coal_transforms,1.1340832622801946e7,0.0,0.0,0.0,0.0,0.0,0.0,1.1340832622801946e7
Region2Tianjin_ammonia_coal_transforms_ammonia_Region2Tianjin,0.0,4.746551234728056e7,2.1736328978611633e7,0.0,0.0,0.0,0.0,6.92018413258922e7
coal_Region2Tianjin_Region2Tianjin_ammonia_coal_transforms,1.2234103973814791e8,0.0,0.0,0.0,0.0,0.0,0.0,1.2234103973814791e8
Region3Hebei_ammonia_coal_transforms_ammonia_Region3Hebei,0.0,6.484889521004224e8,2.959198068859369e8,0.0,0.0,0.0,0.0,9.444087589863594e8
coal_Region3Hebei_Region3Hebei_ammonia_coal_transforms,1.3338978224181318e9,0.0,0.0,0.0,0.0,0.0,0.0,1.3338978224181318e9
Region4Shanxi_ammonia_coal_transforms_ammonia_Region4Shanxi,0.0,4.518612495699732e8,2.0621011587720937e8,0.0,0.0,0.0,0.0,6.580713654471825e8
coal_Region4Shanxi_Region4Shanxi_ammonia_coal_transforms,8.512524155970695e8,0.0,0.0,0.0,0.0,0.0,0.0,8.512524155970695e8
Region5Innermongolia_ammonia_coal_transforms_ammonia_Region5Innermongolia,0.0,4.7294481854177004e8,2.1583940352514532e8,0.0,0.0,0.0,0.0,6.887842220669154e8
coal_Region5Innermongolia_Region5Innermongolia_ammonia_coal_transforms,5.660019825030881e8,0.0,0.0,0.0,0.0,0.0,0.0,5.660019825030881e8
Region6Liaoning_ammonia_coal_transforms_ammonia_Region6Liaoning,0.0,2.0805366670253742e8,9.500814257365075e7,0.0,0.0,0.0,0.0,3.0306180927618814e8
coal_Region6Liaoning_Region6Liaoning_ammonia_coal_transforms,5.214301233395629e8,0.0,0.0,0.0,0.0,0.0,0.0,5.214301233395629e8
Region7Jilin_ammonia_coal_transforms_ammonia_Region7Jilin,0.0,2.6496780364892238e8,1.2096527032517476e8,0.0,0.0,0.0,0.0,3.8593307397409713e8
coal_Region7Jilin_Region7Jilin_ammonia_coal_transforms,6.912236054216661e8,0.0,0.0,0.0,0.0,0.0,0.0,6.912236054216661e8
Region8Heilongjiang_ammonia_coal_transforms_ammonia_Region8Heilongjiang,0.0,3.1718871461028963e8,1.4478982486528057e8,0.0,0.0,0.0,0.0,4.619785394755702e8
coal_Region8Heilongjiang_Region8Heilongjiang_ammonia_coal_transforms,7.547874139651881e8,0.0,0.0,0.0,0.0,0.0,0.0,7.547874139651881e8
Region9Shanghai_ammonia_coal_transforms_ammonia_Region9Shanghai,0.0,6.253777099718425e6,2.9284485445954325e6,0.0,0.0,0.0,0.0,9.182225644313857e6
coal_Region9Shanghai_Region9Shanghai_ammonia_coal_transforms,1.5912361786770238e7,0.0,0.0,0.0,0.0,0.0,0.0,1.5912361786770238e7
Region10Jiangsu_ammonia_coal_transforms_ammonia_Region10Jiangsu,0.0,1.0548170571260016e9,4.8125883605142397e8,0.0,0.0,0.0,0.0,1.5360758931774256e9
coal_Region10Jiangsu_Region10Jiangsu_ammonia_coal_transforms,2.864818222268008e9,0.0,0.0,0.0,0.0,0.0,0.0,2.864818222268008e9
Region11Zhejiang_ammonia_coal_transforms_ammonia_Region11Zhejiang,0.0,2.401040881753612e8,1.096317681541602e8,0.0,0.0,0.0,0.0,3.497358563295214e8
coal_Region11Zhejiang_Region11Zhejiang_ammonia_coal_transforms,6.320044063075207e8,0.0,0.0,0.0,0.0,0.0,0.0,6.320044063075207e8
Region12Anhui_ammonia_coal_transforms_ammonia_Region12Anhui,0.0,7.63859224090164e8,3.4855679629057324e8,0.0,0.0,0.0,0.0,1.1124160203807373e9
coal_Region12Anhui_Region12Anhui_ammonia_coal_transforms,2.18188415286133e9,0.0,0.0,0.0,0.0,0.0,0.0,2.18188415286133e9
Region13Fujian_ammonia_coal_transforms_ammonia_Region13Fujian,0.0,1.2288843082194178e8,5.613572266645744e7,0.0,0.0,0.0,0.0,1.790241534883992e8
coal_Region13Fujian_Region13Fujian_ammonia_coal_transforms,3.280448696570928e8,0.0,0.0,0.0,0.0,0.0,0.0,3.280448696570928e8
Region14Jiangxi_ammonia_coal_transforms_ammonia_Region14Jiangxi,0.0,6.904856086946788e7,3.1570973680938475e7,0.0,0.0,0.0,0.0,1.0061953455040637e8
coal_Region14Jiangxi_Region14Jiangxi_ammonia_coal_transforms,2.224214295108517e8,0.0,0.0,0.0,0.0,0.0,0.0,2.224214295108517e8
Region15Shandong_ammonia_coal_transforms_ammonia_Region15Shandong,0.0,1.3595777587093625e9,6.203424358340839e8,0.0,0.0,0.0,0.0,1.9799201945434465e9
coal_Region15Shandong_Region15Shandong_ammonia_coal_transforms,3.769138806718649e9,0.0,0.0,0.0,0.0,0.0,0.0,3.769138806718649e9
Region16Henan_ammonia_coal_transforms_ammonia_Region16Henan,0.0,9.660902590177975e8,4.408479389356174e8,0.0,0.0,0.0,0.0,1.406938197953415e9
coal_Region16Henan_Region16Henan_ammonia_coal_transforms,2.7145578324679575e9,0.0,0.0,0.0,0.0,0.0,0.0,2.7145578324679575e9
Region17Hubei_ammonia_coal_transforms_ammonia_Region17Hubei,0.0,7.691708178040369e8,3.5097310205211556e8,0.0,0.0,0.0,0.0,1.1201439198561525e9
coal_Region17Hubei_Region17Hubei_ammonia_coal_transforms,2.3732333828391676e9,0.0,0.0,0.0,0.0,0.0,0.0,2.3732333828391676e9
Region18Hunan_ammonia_coal_transforms_ammonia_Region18Hunan,0.0,3.3227320050290877e8,1.5164274729616874e8,0.0,0.0,0.0,0.0,4.839159477990775e8
coal_Region18Hunan_Region18Hunan_ammonia_coal_transforms,1.0763515807002223e9,0.0,0.0,0.0,0.0,0.0,0.0,1.0763515807002223e9
Region19Guangdong_ammonia_coal_transforms_ammonia_Region19Guangdong,0.0,2.746584062054887e8,1.2540915656835307e8,0.0,0.0,0.0,0.0,4.0006756277384174e8
coal_Region19Guangdong_Region19Guangdong_ammonia_coal_transforms,7.616257605351049e8,0.0,0.0,0.0,0.0,0.0,0.0,7.616257605351049e8
Region20Guangxi_ammonia_coal_transforms_ammonia_Region20Guangxi,0.0,2.9841818079046565e8,1.3622261725350317e8,0.0,0.0,0.0,0.0,4.346407980439688e8
coal_Region20Guangxi_Region20Guangxi_ammonia_coal_transforms,9.556387936341283e8,0.0,0.0,0.0,0.0,0.0,0.0,9.556387936341283e8
Region21Hainan_ammonia_coal_transforms_ammonia_Region21Hainan,0.0,3.2926224544346914e7,1.5099715427007811e7,0.0,0.0,0.0,0.0,4.802593997135472e7
coal_Region21Hainan_Region21Hainan_ammonia_coal_transforms,7.393003839910117e7,0.0,0.0,0.0,0.0,0.0,0.0,7.393003839910117e7
Region22Chongqing_ammonia_coal_transforms_ammonia_Region22Chongqing,0.0,9.370921930608796e7,4.283089679855199e7,0.0,0.0,0.0,0.0,1.3654011610463995e8
coal_Region22Chongqing_Region22Chongqing_ammonia_coal_transforms,2.6686442469690916e8,0.0,0.0,0.0,0.0,0.0,0.0,2.6686442469690916e8
Region23Sichuan_ammonia_coal_transforms_ammonia_Region23Sichuan,0.0,2.4298710596051848e8,1.1094213650374348e8,0.0,0.0,0.0,0.0,3.5392924246426195e8
coal_Region23Sichuan_Region23Sichuan_ammonia_coal_transforms,7.373244818923477e8,0.0,0.0,0.0,0.0,0.0,0.0,7.373244818923477e8
Region24Guizhou_ammonia_coal_transforms_ammonia_Region24Guizhou,0.0,2.1304335206781566e8,9.724339142578982e7,0.0,0.0,0.0,0.0,3.102867434936055e8
coal_Region24Guizhou_Region24Guizhou_ammonia_coal_transforms,4.928624913717033e8,0.0,0.0,0.0,0.0,0.0,0.0,4.928624913717033e8
Region25Yunnan_ammonia_coal_transforms_ammonia_Region25Yunnan,0.0,5.515878225412145e8,2.517200848563025e8,0.0,0.0,0.0,0.0,8.03307907397517e8
coal_Region25Yunnan_Region25Yunnan_ammonia_coal_transforms,1.0907579267302408e9,0.0,0.0,0.0,0.0,0.0,0.0,1.0907579267302408e9
Region26Tibet_ammonia_coal_transforms_ammonia_Region26Tibet,0.0,562014.4869163348,308340.34637526696,0.0,0.0,0.0,0.0,870354.8332916019
coal_Region26Tibet_Region26Tibet_ammonia_coal_transforms,1.0144636806186755e6,0.0,0.0,0.0,0.0,0.0,0.0,1.0144636806186755e6
Region27Shaanxi_ammonia_coal_transforms_ammonia_Region27Shaanxi,0.0,3.26799920129777e8,1.4915801454306975e8,0.0,0.0,0.0,0.0,4.759579346728468e8
coal_Region27Shaanxi_Region27Shaanxi_ammonia_coal_transforms,6.767577056767049e8,0.0,0.0,0.0,0.0,0.0,0.0,6.767577056767049e8
Region28Gansu_ammonia_coal_transforms_ammonia_Region28Gansu,0.0,1.151444245638202e8,5.260461593563972e7,0.0,0.0,0.0,0.0,1.6774904049945992e8
coal_Region28Gansu_Region28Gansu_ammonia_coal_transforms,2.847493218720705e8,0.0,0.0,0.0,0.0,0.0,0.0,2.847493218720705e8
Region29Qinghai_ammonia_coal_transforms_ammonia_Region29Qinghai,0.0,5.5818781515875325e7,2.554369616651756e7,0.0,0.0,0.0,0.0,8.136247768239288e7
coal_Region29Qinghai_Region29Qinghai_ammonia_coal_transforms,1.2662391513393562e8,0.0,0.0,0.0,0.0,0.0,0.0,1.2662391513393562e8
Region30Ningxia_ammonia_coal_transforms_ammonia_Region30Ningxia,0.0,1.692184423479221e8,7.728284568964894e7,0.0,0.0,0.0,0.0,2.46501288037571e8
coal_Region30Ningxia_Region30Ningxia_ammonia_coal_transforms,3.101317564766298e8,0.0,0.0,0.0,0.0,0.0,0.0,3.101317564766298e8
Region31Xinjiang_ammonia_coal_transforms_ammonia_Region31Xinjiang,0.0,6.646385206826688e8,3.0328866996993196e8,0.0,0.0,0.0,0.0,9.679271906526008e8
coal_Region31Xinjiang_Region31Xinjiang_ammonia_coal_transforms,7.456872434487876e8,0.0,0.0,0.0,0.0,0.0,0.0,7.456872434487876e8
Region1Beijing_ammonia_coal_ccs_transforms_ammonia_Region1Beijing,0.0,158591.76829762658,998790.0360258449,0.0,0.0,0.0,0.0,1.1573818043234714e6
coal_Region1Beijing_Region1Beijing_ammonia_coal_ccs_transforms,3.8278796037137313e6,0.0,0.0,0.0,0.0,0.0,0.0,3.8278796037137313e6
Region2Tianjin_ammonia_coal_ccs_transforms_ammonia_Region2Tianjin,0.0,159176.80492705086,1.0472522493496166e6,0.0,0.0,0.0,0.0,1.2064290542766675e6
coal_Region2Tianjin_Region2Tianjin_ammonia_coal_ccs_transforms,4.470316432705552e6,0.0,0.0,0.0,0.0,0.0,0.0,4.470316432705552e6
Region3Hebei_ammonia_coal_ccs_transforms_ammonia_Region3Hebei,0.0,190274.46615219588,1.1412300861267082e6,0.0,0.0,0.0,0.0,1.331504552278904e6
coal_Region3Hebei_Region3Hebei_ammonia_coal_ccs_transforms,3.878340371955136e6,0.0,0.0,0.0,0.0,0.0,0.0,3.878340371955136e6
Region4Shanxi_ammonia_coal_ccs_transforms_ammonia_Region4Shanxi,0.0,170469.76022102585,1.1284003025588463e6,0.0,0.0,0.0,0.0,1.2988700627798722e6
coal_Region4Shanxi_Region4Shanxi_ammonia_coal_ccs_transforms,3.529920671356678e6,0.0,0.0,0.0,0.0,0.0,0.0,3.529920671356678e6
Region5Innermongolia_ammonia_coal_ccs_transforms_ammonia_Region5Innermongolia,0.0,193549.06551452848,1.1673275713257985e6,0.0,0.0,0.0,0.0,1.360876636840327e6
coal_Region5Innermongolia_Region5Innermongolia_ammonia_coal_ccs_transforms,2.3038729854629473e6,0.0,0.0,0.0,0.0,0.0,0.0,2.3038729854629473e6
Region6Liaoning_ammonia_coal_ccs_transforms_ammonia_Region6Liaoning,0.0,171431.45202859095,1.108474805319039e6,0.0,0.0,0.0,0.0,1.2799062573476299e6
coal_Region6Liaoning_Region6Liaoning_ammonia_coal_ccs_transforms,4.614988108251328e6,0.0,0.0,0.0,0.0,0.0,0.0,4.614988108251328e6
Region7Jilin_ammonia_coal_ccs_transforms_ammonia_Region7Jilin,0.0,186573.9334687384,1.1108688570481301e6,0.0,0.0,0.0,0.0,1.2974427905168685e6
coal_Region7Jilin_Region7Jilin_ammonia_coal_ccs_transforms,4.808966845523689e6,0.0,0.0,0.0,0.0,0.0,0.0,4.808966845523689e6
Region8Heilongjiang_ammonia_coal_ccs_transforms_ammonia_Region8Heilongjiang,0.0,193415.92069498159,1.1346128259438036e6,0.0,0.0,0.0,0.0,1.328028746638785e6
coal_Region8Heilongjiang_Region8Heilongjiang_ammonia_coal_ccs_transforms,4.475062922049758e6,0.0,0.0,0.0,0.0,0.0,0.0,4.475062922049758e6
Region9Shanghai_ammonia_coal_ccs_transforms_ammonia_Region9Shanghai,0.0,147861.7648333155,1.0966722848341763e6,0.0,0.0,0.0,0.0,1.2445340496674918e6
coal_Region9Shanghai_Region9Shanghai_ammonia_coal_ccs_transforms,4.619909049457703e6,0.0,0.0,0.0,0.0,0.0,0.0,4.619909049457703e6
Region10Jiangsu_ammonia_coal_ccs_transforms_ammonia_Region10Jiangsu,0.0,191268.19849636024,1.1054624151935594e6,0.0,0.0,0.0,0.0,1.2967306136899197e6
coal_Region10Jiangsu_Region10Jiangsu_ammonia_coal_ccs_transforms,4.970181374746566e6,0.0,0.0,0.0,0.0,0.0,0.0,4.970181374746566e6
Region11Zhejiang_ammonia_coal_ccs_transforms_ammonia_Region11Zhejiang,0.0,123121.73718863775,1.1646118652167793e6,0.0,0.0,0.0,0.0,1.287733602405417e6
coal_Region11Zhejiang_Region11Zhejiang_ammonia_coal_ccs_transforms,5.086558744182781e6,0.0,0.0,0.0,0.0,0.0,0.0,5.086558744182781e6
Region12Anhui_ammonia_coal_ccs_transforms_ammonia_Region12Anhui,0.0,192670.7467024581,1.0929613179065369e6,0.0,0.0,0.0,0.0,1.2856320646089949e6
coal_Region12Anhui_Region12Anhui_ammonia_coal_ccs_transforms,5.176808025654932e6,0.0,0.0,0.0,0.0,0.0,0.0,5.176808025654932e6
Region13Fujian_ammonia_coal_ccs_transforms_ammonia_Region13Fujian,0.0,135214.13306196436,1.1419222774092974e6,0.0,0.0,0.0,0.0,1.2771364104712617e6
coal_Region13Fujian_Region13Fujian_ammonia_coal_ccs_transforms,5.045353160391666e6,0.0,0.0,0.0,0.0,0.0,0.0,5.045353160391666e6
Region14Jiangxi_ammonia_coal_ccs_transforms_ammonia_Region14Jiangxi,0.0,152460.53094055413,989562.0970872487,0.0,0.0,0.0,0.0,1.1420226280278028e6
coal_Region14Jiangxi_Region14Jiangxi_ammonia_coal_ccs_transforms,5.253122720682237e6,0.0,0.0,0.0,0.0,0.0,0.0,5.253122720682237e6
Region15Shandong_ammonia_coal_ccs_transforms_ammonia_Region15Shandong,0.0,194644.71035445292,1.0798350813860733e6,0.0,0.0,0.0,0.0,1.2744797917405262e6
coal_Region15Shandong_Region15Shandong_ammonia_coal_ccs_transforms,4.962670434093756e6,0.0,0.0,0.0,0.0,0.0,0.0,4.962670434093756e6
Region16Henan_ammonia_coal_ccs_transforms_ammonia_Region16Henan,0.0,196887.579250417,1.0684322754160631e6,0.0,0.0,0.0,0.0,1.26531985466648e6
coal_Region16Henan_Region16Henan_ammonia_coal_ccs_transforms,4.98509629701698e6,0.0,0.0,0.0,0.0,0.0,0.0,4.98509629701698e6
Region17Hubei_ammonia_coal_ccs_transforms_ammonia_Region17Hubei,0.0,195723.61723571995,1.10045377842805e6,0.0,0.0,0.0,0.0,1.29617739566377e6
coal_Region17Hubei_Region17Hubei_ammonia_coal_ccs_transforms,5.627449577894058e6,0.0,0.0,0.0,0.0,0.0,0.0,5.627449577894058e6
Region18Hunan_ammonia_coal_ccs_transforms_ammonia_Region18Hunan,0.0,153820.89331293193,946144.8826286413,0.0,0.0,0.0,0.0,1.0999657759415733e6
coal_Region18Hunan_Region18Hunan_ammonia_coal_ccs_transforms,5.050149174715231e6,0.0,0.0,0.0,0.0,0.0,0.0,5.050149174715231e6
Region19Guangdong_ammonia_coal_ccs_transforms_ammonia_Region19Guangdong,0.0,104668.88745194142,1.209627410742424e6,0.0,0.0,0.0,0.0,1.3142962981943653e6
coal_Region19Guangdong_Region19Guangdong_ammonia_coal_ccs_transforms,5.587990372564736e6,0.0,0.0,0.0,0.0,0.0,0.0,5.587990372564736e6
Region20Guangxi_ammonia_coal_ccs_transforms_ammonia_Region20Guangxi,0.0,179963.3741098341,1.0999468618294783e6,0.0,0.0,0.0,0.0,1.2799102359393125e6
coal_Region20Guangxi_Region20Guangxi_ammonia_coal_ccs_transforms,5.848893336463662e6,0.0,0.0,0.0,0.0,0.0,0.0,5.848893336463662e6
Region21Hainan_ammonia_coal_ccs_transforms_ammonia_Region21Hainan,0.0,144269.49798650708,1.048629637177693e6,0.0,0.0,0.0,0.0,1.1928991351642e6
coal_Region21Hainan_Region21Hainan_ammonia_coal_ccs_transforms,3.8735555556079163e6,0.0,0.0,0.0,0.0,0.0,0.0,3.8735555556079163e6
Region22Chongqing_ammonia_coal_ccs_transforms_ammonia_Region22Chongqing,0.0,175664.99318934252,1.0861144368127377e6,0.0,0.0,0.0,0.0,1.2617794300020803e6
coal_Region22Chongqing_Region22Chongqing_ammonia_coal_ccs_transforms,5.148830100377666e6,0.0,0.0,0.0,0.0,0.0,0.0,5.148830100377666e6
Region23Sichuan_ammonia_coal_ccs_transforms_ammonia_Region23Sichuan,0.0,164038.145570274,1.0354663842659069e6,0.0,0.0,0.0,0.0,1.1995045298361809e6
coal_Region23Sichuan_Region23Sichuan_ammonia_coal_ccs_transforms,5.195314224978627e6,0.0,0.0,0.0,0.0,0.0,0.0,5.195314224978627e6
Region24Guizhou_ammonia_coal_ccs_transforms_ammonia_Region24Guizhou,0.0,147115.8838010731,1.0478071141904825e6,0.0,0.0,0.0,0.0,1.1949229979915556e6
coal_Region24Guizhou_Region24Guizhou_ammonia_coal_ccs_transforms,3.9934302583035957e6,0.0,0.0,0.0,0.0,0.0,0.0,3.9934302583035957e6
Region25Yunnan_ammonia_coal_ccs_transforms_ammonia_Region25Yunnan,0.0,190054.52996808244,1.1237354702748954e6,0.0,0.0,0.0,0.0,1.3137900002429779e6
coal_Region25Yunnan_Region25Yunnan_ammonia_coal_ccs_transforms,3.6716739464570372e6,0.0,0.0,0.0,0.0,0.0,0.0,3.6716739464570372e6
Region26Tibet_ammonia_coal_ccs_transforms_ammonia_Region26Tibet,0.0,143882.6521352597,377266.83006654726,0.0,0.0,0.0,0.0,521149.48220180697
coal_Region26Tibet_Region26Tibet_ammonia_coal_ccs_transforms,1.108326762633496e6,0.0,0.0,0.0,0.0,0.0,0.0,1.108326762633496e6
Region27Shaanxi_ammonia_coal_ccs_transforms_ammonia_Region27Shaanxi,0.0,184940.51251963986,1.1710738035314626e6,0.0,0.0,0.0,0.0,1.3560143160511025e6
coal_Region27Shaanxi_Region27Shaanxi_ammonia_coal_ccs_transforms,4.0105847912877863e6,0.0,0.0,0.0,0.0,0.0,0.0,4.0105847912877863e6
Region28Gansu_ammonia_coal_ccs_transforms_ammonia_Region28Gansu,0.0,147468.84404152393,1.0493771130296013e6,0.0,0.0,0.0,0.0,1.1968459570711253e6
coal_Region28Gansu_Region28Gansu_ammonia_coal_ccs_transforms,4.266980125249849e6,0.0,0.0,0.0,0.0,0.0,0.0,4.266980125249849e6
Region29Qinghai_ammonia_coal_ccs_transforms_ammonia_Region29Qinghai,0.0,156724.66776511655,1.1063554903188106e6,0.0,0.0,0.0,0.0,1.2630801580839271e6
coal_Region29Qinghai_Region29Qinghai_ammonia_coal_ccs_transforms,4.1624167772048395e6,0.0,0.0,0.0,0.0,0.0,0.0,4.1624167772048395e6
Region30Ningxia_ammonia_coal_ccs_transforms_ammonia_Region30Ningxia,0.0,164462.4128286766,1.1027761874945671e6,0.0,0.0,0.0,0.0,1.2672386003232438e6
coal_Region30Ningxia_Region30Ningxia_ammonia_coal_ccs_transforms,3.3510138672351474e6,0.0,0.0,0.0,0.0,0.0,0.0,3.3510138672351474e6
Region31Xinjiang_ammonia_coal_ccs_transforms_ammonia_Region31Xinjiang,0.0,152347.00405749996,1.2140049077992188e6,0.0,0.0,0.0,0.0,1.3663519118567188e6
coal_Region31Xinjiang_Region31Xinjiang_ammonia_coal_ccs_transforms,2.253797345772829e6,0.0,0.0,0.0,0.0,0.0,0.0,2.253797345772829e6
Region4Shanxi_ammonia_cog_transforms_ammonia_Region4Shanxi,0.0,0.0,309412.19180821546,0.0,0.0,0.0,0.0,309412.19180821546
cog_Region4Shanxi_Region4Shanxi_ammonia_cog_transforms,2.635879177984105e7,0.0,0.0,0.0,0.0,0.0,0.0,2.635879177984105e7
Region15Shandong_ammonia_cog_transforms_ammonia_Region15Shandong,0.0,0.0,278910.4820841184,0.0,0.0,0.0,0.0,278910.4820841184
cog_Region15Shandong_Region15Shandong_ammonia_cog_transforms,3.914619431728868e7,0.0,0.0,0.0,0.0,0.0,0.0,3.914619431728868e7
Region23Sichuan_ammonia_cog_transforms_ammonia_Region23Sichuan,0.0,0.0,284543.2190271608,0.0,0.0,0.0,0.0,284543.2190271608
cog_Region23Sichuan_Region23Sichuan_ammonia_cog_transforms,4.004863881173388e7,0.0,0.0,0.0,0.0,0.0,0.0,4.004863881173388e7
Region30Ningxia_ammonia_cog_transforms_ammonia_Region30Ningxia,0.0,0.0,233893.17608043694,0.0,0.0,0.0,0.0,233893.17608043694
cog_Region30Ningxia_Region30Ningxia_ammonia_cog_transforms,4.702788748814419e7,0.0,0.0,0.0,0.0,0.0,0.0,4.702788748814419e7
Region1Beijing_ammonia_gas_transforms_ammonia_Region1Beijing,0.0,2.764094764020158e6,1.2898474466551684e6,0.0,0.0,0.0,0.0,4.053942210675326e6
natgas_Region1Beijing_Region1Beijing_ammonia_gas_transforms,1.6093146596756203e7,0.0,0.0,0.0,0.0,0.0,0.0,1.6093146596756203e7
Region2Tianjin_ammonia_gas_transforms_ammonia_Region2Tianjin,0.0,2.055587551350334e7,9.409769557729658e6,0.0,0.0,0.0,0.0,2.9965645071232997e7
natgas_Region2Tianjin_Region2Tianjin_ammonia_gas_transforms,1.2122580381291741e8,0.0,0.0,0.0,0.0,0.0,0.0,1.2122580381291741e8
Region3Hebei_ammonia_gas_transforms_ammonia_Region3Hebei,0.0,4.3321062681974515e7,1.978703790168313e7,0.0,0.0,0.0,0.0,6.3108100583657645e7
natgas_Region3Hebei_Region3Hebei_ammonia_gas_transforms,2.533731670570187e8,0.0,0.0,0.0,0.0,0.0,0.0,2.533731670570187e8
Region4Shanxi_ammonia_gas_transforms_ammonia_Region4Shanxi,0.0,4.0511343083252706e7,1.851280499788273e7,0.0,0.0,0.0,0.0,5.902414808113544e7
natgas_Region4Shanxi_Region4Shanxi_ammonia_gas_transforms,2.3077067964279205e8,0.0,0.0,0.0,0.0,0.0,0.0,2.3077067964279205e8
Region5Innermongolia_ammonia_gas_transforms_ammonia_Region5Innermongolia,0.0,4.419290807665509e7,2.0190003094056033e7,0.0,0.0,0.0,0.0,6.438291117071112e7
natgas_Region5Innermongolia_Region5Innermongolia_ammonia_gas_transforms,1.9732679502329615e8,0.0,0.0,0.0,0.0,0.0,0.0,1.9732679502329615e8
Region6Liaoning_ammonia_gas_transforms_ammonia_Region6Liaoning,0.0,4.813539334339141e7,2.19917201849338e7,0.0,0.0,0.0,0.0,7.012711352832521e7
natgas_Region6Liaoning_Region6Liaoning_ammonia_gas_transforms,2.816929736107467e8,0.0,0.0,0.0,0.0,0.0,0.0,2.816929736107467e8
Region7Jilin_ammonia_gas_transforms_ammonia_Region7Jilin,0.0,8.071036518190828e7,3.684632874095011e7,0.0,0.0,0.0,0.0,1.1755669392285839e8
natgas_Region7Jilin_Region7Jilin_ammonia_gas_transforms,4.348824696955815e8,0.0,0.0,0.0,0.0,0.0,0.0,4.348824696955815e8
Region8Heilongjiang_ammonia_gas_transforms_ammonia_Region8Heilongjiang,0.0,6.775115106110162e7,3.0933683704337575e7,0.0,0.0,0.0,0.0,9.868483476543918e7
natgas_Region8Heilongjiang_Region8Heilongjiang_ammonia_gas_transforms,3.650031889648925e8,0.0,0.0,0.0,0.0,0.0,0.0,3.650031889648925e8
Region9Shanghai_ammonia_gas_transforms_ammonia_Region9Shanghai,0.0,3.4697390690275063e6,1.6145120105072628e6,0.0,0.0,0.0,0.0,5.084251079534769e6
natgas_Region9Shanghai_Region9Shanghai_ammonia_gas_transforms,2.1648271868978046e7,0.0,0.0,0.0,0.0,0.0,0.0,2.1648271868978046e7
Region10Jiangsu_ammonia_gas_transforms_ammonia_Region10Jiangsu,0.0,6.672078694536937e7,3.0458912899440557e7,0.0,0.0,0.0,0.0,9.717969984480992e7
natgas_Region10Jiangsu_Region10Jiangsu_ammonia_gas_transforms,4.1690782767497796e8,0.0,0.0,0.0,0.0,0.0,0.0,4.1690782767497796e8
Region11Zhejiang_ammonia_gas_transforms_ammonia_Region11Zhejiang,0.0,4.473716545110848e7,2.044191290144709e7,0.0,0.0,0.0,0.0,6.517907835255557e7
natgas_Region11Zhejiang_Region11Zhejiang_ammonia_gas_transforms,2.8040516527782464e8,0.0,0.0,0.0,0.0,0.0,0.0,2.8040516527782464e8
Region12Anhui_ammonia_gas_transforms_ammonia_Region12Anhui,0.0,9.374603038401677e7,4.278634375731253e7,0.0,0.0,0.0,0.0,1.365323741413293e8
natgas_Region12Anhui_Region12Anhui_ammonia_gas_transforms,5.713949559970219e8,0.0,0.0,0.0,0.0,0.0,0.0,5.713949559970219e8
Region13Fujian_ammonia_gas_transforms_ammonia_Region13Fujian,0.0,3.511692200794368e7,1.6054095097593911e7,0.0,0.0,0.0,0.0,5.117101710553759e7
natgas_Region13Fujian_Region13Fujian_ammonia_gas_transforms,2.2091866446381643e8,0.0,0.0,0.0,0.0,0.0,0.0,2.2091866446381643e8
Region14Jiangxi_ammonia_gas_transforms_ammonia_Region14Jiangxi,0.0,4.1162540981901705e7,1.8801414714033943e7,0.0,0.0,0.0,0.0,5.996395569593565e7
natgas_Region14Jiangxi_Region14Jiangxi_ammonia_gas_transforms,2.3903188407528594e8,0.0,0.0,0.0,0.0,0.0,0.0,2.3903188407528594e8
Region15Shandong_ammonia_gas_transforms_ammonia_Region15Shandong,0.0,1.1237160274432553e8,5.1280562974859275e7,0.0,0.0,0.0,0.0,1.6365216571918482e8
natgas_Region15Shandong_Region15Shandong_ammonia_gas_transforms,6.575609314327388e8,0.0,0.0,0.0,0.0,0.0,0.0,6.575609314327388e8
Region16Henan_ammonia_gas_transforms_ammonia_Region16Henan,0.0,1.1603878942589805e8,5.294456603590098e7,0.0,0.0,0.0,0.0,1.6898335546179903e8
natgas_Region16Henan_Region16Henan_ammonia_gas_transforms,6.865014621907507e8,0.0,0.0,0.0,0.0,0.0,0.0,6.865014621907507e8
Region17Hubei_ammonia_gas_transforms_ammonia_Region17Hubei,0.0,2.175930419729611e8,9.927038330003321e7,0.0,0.0,0.0,0.0,3.168634252729943e8
natgas_Region17Hubei_Region17Hubei_ammonia_gas_transforms,1.2643889078190818e9,0.0,0.0,0.0,0.0,0.0,0.0,1.2643889078190818e9
Region18Hunan_ammonia_gas_transforms_ammonia_Region18Hunan,0.0,1.8618712518568766e8,8.49507020668101e7,0.0,0.0,0.0,0.0,2.711378272524978e8
natgas_Region18Hunan_Region18Hunan_ammonia_gas_transforms,1.0819152416839707e9,0.0,0.0,0.0,0.0,0.0,0.0,1.0819152416839707e9
Region19Guangdong_ammonia_gas_transforms_ammonia_Region19Guangdong,0.0,5.555352008512607e7,2.5380668946357608e7,0.0,0.0,0.0,0.0,8.093418903148368e7
natgas_Region19Guangdong_Region19Guangdong_ammonia_gas_transforms,3.49646956293912e8,0.0,0.0,0.0,0.0,0.0,0.0,3.49646956293912e8
Region20Guangxi_ammonia_gas_transforms_ammonia_Region20Guangxi,0.0,1.3532010124065915e8,6.1755193058049805e7,0.0,0.0,0.0,0.0,1.9707529429870895e8
natgas_Region20Guangxi_Region20Guangxi_ammonia_gas_transforms,8.008212207171147e8,0.0,0.0,0.0,0.0,0.0,0.0,8.008212207171147e8
Region21Hainan_ammonia_gas_transforms_ammonia_Region21Hainan,0.0,1.5671558354844948e7,7.178629620347928e6,0.0,0.0,0.0,0.0,2.2850187975192875e7
natgas_Region21Hainan_Region21Hainan_ammonia_gas_transforms,8.024123376194604e7,0.0,0.0,0.0,0.0,0.0,0.0,8.024123376194604e7
Region22Chongqing_ammonia_gas_transforms_ammonia_Region22Chongqing,0.0,5.840652447961014e7,2.6671926139804594e7,0.0,0.0,0.0,0.0,8.507845061941473e7
natgas_Region22Chongqing_Region22Chongqing_ammonia_gas_transforms,2.9938124385460925e8,0.0,0.0,0.0,0.0,0.0,0.0,2.9938124385460925e8
Region23Sichuan_ammonia_gas_transforms_ammonia_Region23Sichuan,0.0,3.0315907356718606e8,1.3830571600671834e8,0.0,0.0,0.0,0.0,4.414647895739044e8
natgas_Region23Sichuan_Region23Sichuan_ammonia_gas_transforms,1.561639050455861e9,0.0,0.0,0.0,0.0,0.0,0.0,1.561639050455861e9
Region24Guizhou_ammonia_gas_transforms_ammonia_Region24Guizhou,0.0,5.6980709942928776e7,2.6014445248755414e7,0.0,0.0,0.0,0.0,8.299515519168419e7
natgas_Region24Guizhou_Region24Guizhou_ammonia_gas_transforms,3.007739054829164e8,0.0,0.0,0.0,0.0,0.0,0.0,3.007739054829164e8
Region25Yunnan_ammonia_gas_transforms_ammonia_Region25Yunnan,0.0,5.50403355732253e7,2.513544126053403e7,0.0,0.0,0.0,0.0,8.017577683375932e7
natgas_Region25Yunnan_Region25Yunnan_ammonia_gas_transforms,2.905661563618928e8,0.0,0.0,0.0,0.0,0.0,0.0,2.905661563618928e8
Region26Tibet_ammonia_gas_transforms_ammonia_Region26Tibet,0.0,365067.9831842289,184014.3508465059,0.0,0.0,0.0,0.0,549082.3340307348
natgas_Region26Tibet_Region26Tibet_ammonia_gas_transforms,1.6361365990957732e6,0.0,0.0,0.0,0.0,0.0,0.0,1.6361365990957732e6
Region27Shaanxi_ammonia_gas_transforms_ammonia_Region27Shaanxi,0.0,1.0132698540570438e8,4.6247619838407874e7,0.0,0.0,0.0,0.0,1.4757460524411225e8
natgas_Region27Shaanxi_Region27Shaanxi_ammonia_gas_transforms,4.525449872529972e8,0.0,0.0,0.0,0.0,0.0,0.0,4.525449872529972e8
Region28Gansu_ammonia_gas_transforms_ammonia_Region28Gansu,0.0,6.36804720713539e7,2.9076736336555723e7,0.0,0.0,0.0,0.0,9.275720840790962e7
natgas_Region28Gansu_Region28Gansu_ammonia_gas_transforms,2.968799565473096e8,0.0,0.0,0.0,0.0,0.0,0.0,2.968799565473096e8
Region29Qinghai_ammonia_gas_transforms_ammonia_Region29Qinghai,0.0,2.7725148391543087e7,1.2679882079785496e7,0.0,0.0,0.0,0.0,4.040503047132859e7
natgas_Region29Qinghai_Region29Qinghai_ammonia_gas_transforms,1.3418963733920082e8,0.0,0.0,0.0,0.0,0.0,0.0,1.3418963733920082e8
Region30Ningxia_ammonia_gas_transforms_ammonia_Region30Ningxia,0.0,5.930963606278011e7,2.7083577527192116e7,0.0,0.0,0.0,0.0,8.639321358997223e7
natgas_Region30Ningxia_Region30Ningxia_ammonia_gas_transforms,2.5569061920988855e8,0.0,0.0,0.0,0.0,0.0,0.0,2.5569061920988855e8
Region31Xinjiang_ammonia_gas_transforms_ammonia_Region31Xinjiang,0.0,5.344794875729284e7,2.4407706928261653e7,0.0,0.0,0.0,0.0,7.785565568555449e7
natgas_Region31Xinjiang_Region31Xinjiang_ammonia_gas_transforms,2.163715058291739e8,0.0,0.0,0.0,0.0,0.0,0.0,2.163715058291739e8
Region1Beijing_ammonia_gas_ccs_transforms_ammonia_Region1Beijing,0.0,178942.8262236038,552889.2878434698,0.0,0.0,0.0,0.0,731832.1140670736
natgas_Region1Beijing_Region1Beijing_ammonia_gas_ccs_transforms,6.167379468281094e6,0.0,0.0,0.0,0.0,0.0,0.0,6.167379468281094e6
Region2Tianjin_ammonia_gas_ccs_transforms_ammonia_Region2Tianjin,0.0,172468.31516993186,604832.0829506696,0.0,0.0,0.0,0.0,777300.3981206014
natgas_Region2Tianjin_Region2Tianjin_ammonia_gas_ccs_transforms,6.815475704500927e6,0.0,0.0,0.0,0.0,0.0,0.0,6.815475704500927e6
Region3Hebei_ammonia_gas_ccs_transforms_ammonia_Region3Hebei,0.0,184809.0525897311,630724.5431697557,0.0,0.0,0.0,0.0,815533.5957594868
natgas_Region3Hebei_Region3Hebei_ammonia_gas_ccs_transforms,7.039636872780082e6,0.0,0.0,0.0,0.0,0.0,0.0,7.039636872780082e6
Region4Shanxi_ammonia_gas_ccs_transforms_ammonia_Region4Shanxi,0.0,172773.62063582803,635522.5626554975,0.0,0.0,0.0,0.0,808296.1832913255
natgas_Region4Shanxi_Region4Shanxi_ammonia_gas_ccs_transforms,6.928079977590217e6,0.0,0.0,0.0,0.0,0.0,0.0,6.928079977590217e6
Region5Innermongolia_ammonia_gas_ccs_transforms_ammonia_Region5Innermongolia,0.0,185652.1283572272,631463.7141127512,0.0,0.0,0.0,0.0,817115.8424699784
natgas_Region5Innermongolia_Region5Innermongolia_ammonia_gas_ccs_transforms,5.36343267299863e6,0.0,0.0,0.0,0.0,0.0,0.0,5.36343267299863e6
Region6Liaoning_ammonia_gas_ccs_transforms_ammonia_Region6Liaoning,0.0,176675.44224736243,648075.5680762038,0.0,0.0,0.0,0.0,824751.0103235663
natgas_Region6Liaoning_Region6Liaoning_ammonia_gas_ccs_transforms,7.248524844510094e6,0.0,0.0,0.0,0.0,0.0,0.0,7.248524844510094e6
Region7Jilin_ammonia_gas_ccs_transforms_ammonia_Region7Jilin,0.0,182291.00034849183,638021.049143964,0.0,0.0,0.0,0.0,820312.0494924558
natgas_Region7Jilin_Region7Jilin_ammonia_gas_ccs_transforms,6.565256740286166e6,0.0,0.0,0.0,0.0,0.0,0.0,6.565256740286166e6
Region8Heilongjiang_ammonia_gas_ccs_transforms_ammonia_Region8Heilongjiang,0.0,188350.98572347919,631725.9905157917,0.0,0.0,0.0,0.0,820076.9762392709
natgas_Region8Heilongjiang_Region8Heilongjiang_ammonia_gas_ccs_transforms,6.505248771930288e6,0.0,0.0,0.0,0.0,0.0,0.0,6.505248771930288e6
Region9Shanghai_ammonia_gas_ccs_transforms_ammonia_Region9Shanghai,0.0,171905.36178366677,616373.2183078518,0.0,0.0,0.0,0.0,788278.5800915186
natgas_Region9Shanghai_Region9Shanghai_ammonia_gas_ccs_transforms,7.392481774176405e6,0.0,0.0,0.0,0.0,0.0,0.0,7.392481774176405e6
Region10Jiangsu_ammonia_gas_ccs_transforms_ammonia_Region10Jiangsu,0.0,189002.78376010747,633594.5856275237,0.0,0.0,0.0,0.0,822597.3693876312
natgas_Region10Jiangsu_Region10Jiangsu_ammonia_gas_ccs_transforms,7.555718414331623e6,0.0,0.0,0.0,0.0,0.0,0.0,7.555718414331623e6
Region11Zhejiang_ammonia_gas_ccs_transforms_ammonia_Region11Zhejiang,0.0,163903.69209621692,648087.6753914435,0.0,0.0,0.0,0.0,811991.3674876605
natgas_Region11Zhejiang_Region11Zhejiang_ammonia_gas_ccs_transforms,7.767429137233572e6,0.0,0.0,0.0,0.0,0.0,0.0,7.767429137233572e6
Region12Anhui_ammonia_gas_ccs_transforms_ammonia_Region12Anhui,0.0,191957.3959302161,626715.5157803603,0.0,0.0,0.0,0.0,818672.9117105764
natgas_Region12Anhui_Region12Anhui_ammonia_gas_ccs_transforms,7.29149462530242e6,0.0,0.0,0.0,0.0,0.0,0.0,7.29149462530242e6
Region13Fujian_ammonia_gas_ccs_transforms_ammonia_Region13Fujian,0.0,159618.8279158442,640649.7003047913,0.0,0.0,0.0,0.0,800268.5282206355
natgas_Region13Fujian_Region13Fujian_ammonia_gas_ccs_transforms,7.6939649403503e6,0.0,0.0,0.0,0.0,0.0,0.0,7.6939649403503e6
Region14Jiangxi_ammonia_gas_ccs_transforms_ammonia_Region14Jiangxi,0.0,170897.20890794034,604563.9702453417,0.0,0.0,0.0,0.0,775461.179153282
natgas_Region14Jiangxi_Region14Jiangxi_ammonia_gas_ccs_transforms,6.713072016730876e6,0.0,0.0,0.0,0.0,0.0,0.0,6.713072016730876e6
Region15Shandong_ammonia_gas_ccs_transforms_ammonia_Region15Shandong,0.0,177448.4198759799,650583.0108295201,0.0,0.0,0.0,0.0,828031.4307055
natgas_Region15Shandong_Region15Shandong_ammonia_gas_ccs_transforms,7.258000221119675e6,0.0,0.0,0.0,0.0,0.0,0.0,7.258000221119675e6
Region16Henan_ammonia_gas_ccs_transforms_ammonia_Region16Henan,0.0,194890.05227815395,624075.9003525865,0.0,0.0,0.0,0.0,818965.9526307405
natgas_Region16Henan_Region16Henan_ammonia_gas_ccs_transforms,7.054779261289768e6,0.0,0.0,0.0,0.0,0.0,0.0,7.054779261289768e6
Region17Hubei_ammonia_gas_ccs_transforms_ammonia_Region17Hubei,0.0,193754.3839362538,627687.4196127017,0.0,0.0,0.0,0.0,821441.8035489556
natgas_Region17Hubei_Region17Hubei_ammonia_gas_ccs_transforms,6.964026223313132e6,0.0,0.0,0.0,0.0,0.0,0.0,6.964026223313132e6
Region18Hunan_ammonia_gas_ccs_transforms_ammonia_Region18Hunan,0.0,168034.12049821948,586447.8060870309,0.0,0.0,0.0,0.0,754481.9265852504
natgas_Region18Hunan_Region18Hunan_ammonia_gas_ccs_transforms,6.497217969258472e6,0.0,0.0,0.0,0.0,0.0,0.0,6.497217969258472e6
Region19Guangdong_ammonia_gas_ccs_transforms_ammonia_Region19Guangdong,0.0,148733.44620453138,658570.4735488401,0.0,0.0,0.0,0.0,807303.9197533715
natgas_Region19Guangdong_Region19Guangdong_ammonia_gas_ccs_transforms,7.936162648468665e6,0.0,0.0,0.0,0.0,0.0,0.0,7.936162648468665e6
Region20Guangxi_ammonia_gas_ccs_transforms_ammonia_Region20Guangxi,0.0,187920.8710153866,637734.4839500185,0.0,0.0,0.0,0.0,825655.3549654051
natgas_Region20Guangxi_Region20Guangxi_ammonia_gas_ccs_transforms,7.20494728586453e6,0.0,0.0,0.0,0.0,0.0,0.0,7.20494728586453e6
Region21Hainan_ammonia_gas_ccs_transforms_ammonia_Region21Hainan,0.0,170229.02121427856,573580.7050729102,0.0,0.0,0.0,0.0,743809.7262871887
natgas_Region21Hainan_Region21Hainan_ammonia_gas_ccs_transforms,5.599227181488719e6,0.0,0.0,0.0,0.0,0.0,0.0,5.599227181488719e6
Region22Chongqing_ammonia_gas_ccs_transforms_ammonia_Region22Chongqing,0.0,182927.4146178198,640726.0350236199,0.0,0.0,0.0,0.0,823653.4496414397
natgas_Region22Chongqing_Region22Chongqing_ammonia_gas_ccs_transforms,6.2818033000592375e6,0.0,0.0,0.0,0.0,0.0,0.0,6.2818033000592375e6
Region23Sichuan_ammonia_gas_ccs_transforms_ammonia_Region23Sichuan,0.0,170533.14870183662,610550.5639669617,0.0,0.0,0.0,0.0,781083.7126687983
natgas_Region23Sichuan_Region23Sichuan_ammonia_gas_ccs_transforms,6.012790839571075e6,0.0,0.0,0.0,0.0,0.0,0.0,6.012790839571075e6
Region24Guizhou_ammonia_gas_ccs_transforms_ammonia_Region24Guizhou,0.0,170522.36743924252,603024.4694851262,0.0,0.0,0.0,0.0,773546.8369243687
natgas_Region24Guizhou_Region24Guizhou_ammonia_gas_ccs_transforms,6.085070711905758e6,0.0,0.0,0.0,0.0,0.0,0.0,6.085070711905758e6
Region25Yunnan_ammonia_gas_ccs_transforms_ammonia_Region25Yunnan,0.0,188686.86421149544,615949.5854576861,0.0,0.0,0.0,0.0,804636.4496691816
natgas_Region25Yunnan_Region25Yunnan_ammonia_gas_ccs_transforms,6.204079493858083e6,0.0,0.0,0.0,0.0,0.0,0.0,6.204079493858083e6
Region26Tibet_ammonia_gas_ccs_transforms_ammonia_Region26Tibet,0.0,171366.30740868923,202061.3446443247,0.0,0.0,0.0,0.0,373427.6520530139
natgas_Region26Tibet_Region26Tibet_ammonia_gas_ccs_transforms,1.8641710125417747e6,0.0,0.0,0.0,0.0,0.0,0.0,1.8641710125417747e6
Region27Shaanxi_ammonia_gas_ccs_transforms_ammonia_Region27Shaanxi,0.0,174494.15141348648,650565.5198858676,0.0,0.0,0.0,0.0,825059.671299354
natgas_Region27Shaanxi_Region27Shaanxi_ammonia_gas_ccs_transforms,5.5308624377997685e6,0.0,0.0,0.0,0.0,0.0,0.0,5.5308624377997685e6
Region28Gansu_ammonia_gas_ccs_transforms_ammonia_Region28Gansu,0.0,168474.65973352312,607462.0111919242,0.0,0.0,0.0,0.0,775936.6709254474
natgas_Region28Gansu_Region28Gansu_ammonia_gas_ccs_transforms,5.40969323815369e6,0.0,0.0,0.0,0.0,0.0,0.0,5.40969323815369e6
Region29Qinghai_ammonia_gas_ccs_transforms_ammonia_Region29Qinghai,0.0,167909.64084342355,616139.0189515863,0.0,0.0,0.0,0.0,784048.6597950099
natgas_Region29Qinghai_Region29Qinghai_ammonia_gas_ccs_transforms,5.711785368987049e6,0.0,0.0,0.0,0.0,0.0,0.0,5.711785368987049e6
Region30Ningxia_ammonia_gas_ccs_transforms_ammonia_Region30Ningxia,0.0,179209.9661211521,623701.6906198212,0.0,0.0,0.0,0.0,802911.6567409732
natgas_Region30Ningxia_Region30Ningxia_ammonia_gas_ccs_transforms,5.149492188043069e6,0.0,0.0,0.0,0.0,0.0,0.0,5.149492188043069e6
Region31Xinjiang_ammonia_gas_ccs_transforms_ammonia_Region31Xinjiang,0.0,152295.01824236554,627106.0797150821,0.0,0.0,0.0,0.0,779401.0979574476
natgas_Region31Xinjiang_Region31Xinjiang_ammonia_gas_ccs_transforms,4.846452730694687e6,0.0,0.0,0.0,0.0,0.0,0.0,4.846452730694687e6
Region1Beijing_ammonia_h2_transforms_ammonia_Region1Beijing,0.0,103212.28716429924,77189.53156400207,0.0,0.0,0.0,0.0,180401.81872830132
Region2Tianjin_ammonia_h2_transforms_ammonia_Region2Tianjin,0.0,126304.79485073335,84469.64571930599,0.0,0.0,0.0,0.0,210774.44057003933
Region3Hebei_ammonia_h2_transforms_ammonia_Region3Hebei,0.0,120146.54717821172,76960.05217441989,0.0,0.0,0.0,0.0,197106.5993526316
Region4Shanxi_ammonia_h2_transforms_ammonia_Region4Shanxi,0.0,128228.84964045881,82561.14514151761,0.0,0.0,0.0,0.0,210789.99478197642
Region5Innermongolia_ammonia_h2_transforms_ammonia_Region5Innermongolia,0.0,129547.23051780647,76121.75258445623,0.0,0.0,0.0,0.0,205668.98310226272
Region6Liaoning_ammonia_h2_transforms_ammonia_Region6Liaoning,0.0,123753.12259595493,80797.28019191677,0.0,0.0,0.0,0.0,204550.40278787172
Region7Jilin_ammonia_h2_transforms_ammonia_Region7Jilin,0.0,123206.30688088197,76899.82438794474,0.0,0.0,0.0,0.0,200106.13126882672
Region8Heilongjiang_ammonia_h2_transforms_ammonia_Region8Heilongjiang,0.0,120045.40304511266,72023.9960768762,0.0,0.0,0.0,0.0,192069.39912198886
Region9Shanghai_ammonia_h2_transforms_ammonia_Region9Shanghai,0.0,117608.85806628669,83779.81873939092,0.0,0.0,0.0,0.0,201388.6768056776
Region10Jiangsu_ammonia_h2_transforms_ammonia_Region10Jiangsu,0.0,121217.44599647685,77170.60932208988,0.0,0.0,0.0,0.0,198388.05531856674
Region11Zhejiang_ammonia_h2_transforms_ammonia_Region11Zhejiang,0.0,123667.77451671245,81838.03492181932,0.0,0.0,0.0,0.0,205505.80943853175
Region12Anhui_ammonia_h2_transforms_ammonia_Region12Anhui,0.0,123261.20588874088,79537.68079125936,0.0,0.0,0.0,0.0,202798.88668000023
Region13Fujian_ammonia_h2_transforms_ammonia_Region13Fujian,0.0,131577.99089483832,87357.37341511487,0.0,0.0,0.0,0.0,218935.36430995318
Region14Jiangxi_ammonia_h2_transforms_ammonia_Region14Jiangxi,0.0,133578.649386602,85864.13173527634,0.0,0.0,0.0,0.0,219442.78112187833
Region15Shandong_ammonia_h2_transforms_ammonia_Region15Shandong,0.0,125197.1133973006,79034.48310877234,0.0,0.0,0.0,0.0,204231.59650607296
Region16Henan_ammonia_h2_transforms_ammonia_Region16Henan,0.0,125909.61198437963,80692.17780369155,0.0,0.0,0.0,0.0,206601.78978807118
Region17Hubei_ammonia_h2_transforms_ammonia_Region17Hubei,0.0,110220.34710773887,66832.02765588014,0.0,0.0,0.0,0.0,177052.374763619
Region18Hunan_ammonia_h2_transforms_ammonia_Region18Hunan,0.0,118137.03593368625,75788.39887986028,0.0,0.0,0.0,0.0,193925.43481354654
Region19Guangdong_ammonia_h2_transforms_ammonia_Region19Guangdong,0.0,107340.88109947968,66313.68482968422,0.0,0.0,0.0,0.0,173654.5659291639
Region20Guangxi_ammonia_h2_transforms_ammonia_Region20Guangxi,0.0,118279.1169034303,71116.30560017405,0.0,0.0,0.0,0.0,189395.42250360435
Region21Hainan_ammonia_h2_transforms_ammonia_Region21Hainan,0.0,129162.44485972103,79705.52343469989,0.0,0.0,0.0,0.0,208867.96829442092
Region22Chongqing_ammonia_h2_transforms_ammonia_Region22Chongqing,0.0,125509.57477738931,81627.67589407548,0.0,0.0,0.0,0.0,207137.25067146478
Region23Sichuan_ammonia_h2_transforms_ammonia_Region23Sichuan,0.0,120870.91793947485,76549.14646779175,0.0,0.0,0.0,0.0,197420.06440726662
Region24Guizhou_ammonia_h2_transforms_ammonia_Region24Guizhou,0.0,130796.92324585559,81797.28200693033,0.0,0.0,0.0,0.0,212594.20525278593
Region25Yunnan_ammonia_h2_transforms_ammonia_Region25Yunnan,0.0,113392.66705833099,71950.39523250995,0.0,0.0,0.0,0.0,185343.06229084096
Region26Tibet_ammonia_h2_transforms_ammonia_Region26Tibet,0.0,4856.729113552874,2952.01801962485,0.0,0.0,0.0,0.0,7808.747133177723
Region27Shaanxi_ammonia_h2_transforms_ammonia_Region27Shaanxi,0.0,128239.45576830811,81101.02160528806,0.0,0.0,0.0,0.0,209340.47737359616
Region28Gansu_ammonia_h2_transforms_ammonia_Region28Gansu,0.0,134346.958920816,83193.95906077421,0.0,0.0,0.0,0.0,217540.9179815902
Region29Qinghai_ammonia_h2_transforms_ammonia_Region29Qinghai,0.0,135872.67021707902,85162.44838204401,0.0,0.0,0.0,0.0,221035.11859912303
Region30Ningxia_ammonia_h2_transforms_ammonia_Region30Ningxia,0.0,126679.03615922954,85467.6835594277,0.0,0.0,0.0,0.0,212146.71971865726
Region31Xinjiang_ammonia_h2_transforms_ammonia_Region31Xinjiang,0.0,121048.23532667918,73561.2250489073,0.0,0.0,0.0,0.0,194609.46037558647
cement_Region1Beijing_cement_Region2Tianjin,0.0,0.0,0.0,163747.44179310708,0.0,0.0,0.0,163747.44179310708
cement_Region1Beijing_cement_Region3Hebei,0.0,0.0,0.0,118490.01109766432,0.0,0.0,0.0,118490.01109766432
cement_Region1Beijing_cement_Region4Shanxi,0.0,0.0,0.0,138455.53726663414,0.0,0.0,0.0,138455.53726663414
cement_Region1Beijing_cement_Region5Innermongolia,0.0,0.0,0.0,117202.21461010323,0.0,0.0,0.0,117202.21461010323
cement_Region1Beijing_cement_Region6Liaoning,0.0,0.0,0.0,187901.9290830129,0.0,0.0,0.0,187901.9290830129
cement_Region1Beijing_cement_Region7Jilin,0.0,0.0,0.0,197962.7111263116,0.0,0.0,0.0,197962.7111263116
cement_Region1Beijing_cement_Region8Heilongjiang,0.0,0.0,0.0,193002.2396032827,0.0,0.0,0.0,193002.2396032827
cement_Region1Beijing_cement_Region9Shanghai,0.0,0.0,0.0,200829.55931156172,0.0,0.0,0.0,200829.55931156172
cement_Region1Beijing_cement_Region10Jiangsu,0.0,0.0,0.0,207000.31896669223,0.0,0.0,0.0,207000.31896669223
cement_Region1Beijing_cement_Region11Zhejiang,0.0,0.0,0.0,201868.96001864874,0.0,0.0,0.0,201868.96001864874
cement_Region1Beijing_cement_Region12Anhui,0.0,0.0,0.0,209897.71488268604,0.0,0.0,0.0,209897.71488268604
cement_Region1Beijing_cement_Region13Fujian,0.0,0.0,0.0,200462.49235431282,0.0,0.0,0.0,200462.49235431282
cement_Region1Beijing_cement_Region14Jiangxi,0.0,0.0,0.0,213719.96370802933,0.0,0.0,0.0,213719.96370802933
cement_Region1Beijing_cement_Region15Shandong,0.0,0.0,0.0,183262.4984903452,0.0,0.0,0.0,183262.4984903452
cement_Region1Beijing_cement_Region16Henan,0.0,0.0,0.0,199844.3967787196,0.0,0.0,0.0,199844.3967787196
cement_Region1Beijing_cement_Region17Hubei,0.0,0.0,0.0,214393.56302722875,0.0,0.0,0.0,214393.56302722875
cement_Region1Beijing_cement_Region18Hunan,0.0,0.0,0.0,212610.83590028106,0.0,0.0,0.0,212610.83590028106
cement_Region1Beijing_cement_Region19Guangdong,0.0,0.0,0.0,202568.86637540758,0.0,0.0,0.0,202568.86637540758
cement_Region1Beijing_cement_Region20Guangxi,0.0,0.0,0.0,206211.93558741017,0.0,0.0,0.0,206211.93558741017
cement_Region1Beijing_cement_Region21Hainan,0.0,0.0,0.0,193827.51071428164,0.0,0.0,0.0,193827.51071428164
cement_Region1Beijing_cement_Region22Chongqing,0.0,0.0,0.0,203198.23802305994,0.0,0.0,0.0,203198.23802305994
cement_Region1Beijing_cement_Region23Sichuan,0.0,0.0,0.0,206171.18487102378,0.0,0.0,0.0,206171.18487102378
cement_Region1Beijing_cement_Region24Guizhou,0.0,0.0,0.0,194204.53020482112,0.0,0.0,0.0,194204.53020482112
cement_Region1Beijing_cement_Region25Yunnan,0.0,0.0,0.0,191475.07545997592,0.0,0.0,0.0,191475.07545997592
cement_Region1Beijing_cement_Region27Shaanxi,0.0,0.0,0.0,186181.50491336148,0.0,0.0,0.0,186181.50491336148
cement_Region1Beijing_cement_Region28Gansu,0.0,0.0,0.0,195424.93739717267,0.0,0.0,0.0,195424.93739717267
cement_Region1Beijing_cement_Region29Qinghai,0.0,0.0,0.0,193196.20963170705,0.0,0.0,0.0,193196.20963170705
cement_Region1Beijing_cement_Region30Ningxia,0.0,0.0,0.0,181342.0136628722,0.0,0.0,0.0,181342.0136628722
cement_Region1Beijing_cement_Region31Xinjiang,0.0,0.0,0.0,183123.5853159177,0.0,0.0,0.0,183123.5853159177
cement_Region2Tianjin_cement_Region1Beijing,0.0,0.0,0.0,85170.83870492723,0.0,0.0,0.0,85170.83870492723
cement_Region2Tianjin_cement_Region3Hebei,0.0,0.0,0.0,108207.24180909744,0.0,0.0,0.0,108207.24180909744
cement_Region2Tianjin_cement_Region4Shanxi,0.0,0.0,0.0,131076.50584147227,0.0,0.0,0.0,131076.50584147227
cement_Region2Tianjin_cement_Region5Innermongolia,0.0,0.0,0.0,126202.12372407105,0.0,0.0,0.0,126202.12372407105
cement_Region2Tianjin_cement_Region6Liaoning,0.0,0.0,0.0,174881.2219048802,0.0,0.0,0.0,174881.2219048802
cement_Region2Tianjin_cement_Region7Jilin,0.0,0.0,0.0,190797.7411833656,0.0,0.0,0.0,190797.7411833656
cement_Region2Tianjin_cement_Region8Heilongjiang,0.0,0.0,0.0,187592.01151145427,0.0,0.0,0.0,187592.01151145427
cement_Region2Tianjin_cement_Region9Shanghai,0.0,0.0,0.0,194768.89427378072,0.0,0.0,0.0,194768.89427378072
cement_Region2Tianjin_cement_Region10Jiangsu,0.0,0.0,0.0,198845.8171304677,0.0,0.0,0.0,198845.8171304677
cement_Region2Tianjin_cement_Region11Zhejiang,0.0,0.0,0.0,195980.06080859198,0.0,0.0,0.0,195980.06080859198
cement_Region2Tianjin_cement_Region12Anhui,0.0,0.0,0.0,202251.79518380086,0.0,0.0,0.0,202251.79518380086
cement_Region2Tianjin_cement_Region13Fujian,0.0,0.0,0.0,196672.18116005248,0.0,0.0,0.0,196672.18116005248
cement_Region2Tianjin_cement_Region14Jiangxi,0.0,0.0,0.0,208690.75800995834,0.0,0.0,0.0,208690.75800995834
cement_Region2Tianjin_cement_Region15Shandong,0.0,0.0,0.0,161114.57508577273,0.0,0.0,0.0,161114.57508577273
cement_Region2Tianjin_cement_Region16Henan,0.0,0.0,0.0,186844.4698980743,0.0,0.0,0.0,186844.4698980743
cement_Region2Tianjin_cement_Region17Hubei,0.0,0.0,0.0,207599.64660651563,0.0,0.0,0.0,207599.64660651563
cement_Region2Tianjin_cement_Region18Hunan,0.0,0.0,0.0,207440.30689363464,0.0,0.0,0.0,207440.30689363464
cement_Region2Tianjin_cement_Region19Guangdong,0.0,0.0,0.0,199225.6949228626,0.0,0.0,0.0,199225.6949228626
cement_Region2Tianjin_cement_Region20Guangxi,0.0,0.0,0.0,203068.55813883364,0.0,0.0,0.0,203068.55813883364
cement_Region2Tianjin_cement_Region21Hainan,0.0,0.0,0.0,191225.3787112179,0.0,0.0,0.0,191225.3787112179
cement_Region2Tianjin_cement_Region22Chongqing,0.0,0.0,0.0,199102.18096795343,0.0,0.0,0.0,199102.18096795343
cement_Region2Tianjin_cement_Region23Sichuan,0.0,0.0,0.0,202004.02745599116,0.0,0.0,0.0,202004.02745599116
cement_Region2Tianjin_cement_Region24Guizhou,0.0,0.0,0.0,190928.51136096485,0.0,0.0,0.0,190928.51136096485
cement_Region2Tianjin_cement_Region25Yunnan,0.0,0.0,0.0,188968.3902734124,0.0,0.0,0.0,188968.3902734124
cement_Region2Tianjin_cement_Region27Shaanxi,0.0,0.0,0.0,180724.3923354384,0.0,0.0,0.0,180724.3923354384
cement_Region2Tianjin_cement_Region28Gansu,0.0,0.0,0.0,190949.63780031062,0.0,0.0,0.0,190949.63780031062
cement_Region2Tianjin_cement_Region29Qinghai,0.0,0.0,0.0,189384.34439023765,0.0,0.0,0.0,189384.34439023765
cement_Region2Tianjin_cement_Region30Ningxia,0.0,0.0,0.0,176804.53070393432,0.0,0.0,0.0,176804.53070393432
cement_Region2Tianjin_cement_Region31Xinjiang,0.0,0.0,0.0,181589.28766971844,0.0,0.0,0.0,181589.28766971844
cement_Region3Hebei_cement_Region1Beijing,0.0,0.0,0.0,167061.29013895412,0.0,0.0,0.0,167061.29013895412
cement_Region3Hebei_cement_Region2Tianjin,0.0,0.0,0.0,194850.52585536716,0.0,0.0,0.0,194850.52585536716
cement_Region3Hebei_cement_Region4Shanxi,0.0,0.0,0.0,119799.60739815407,0.0,0.0,0.0,119799.60739815407
cement_Region3Hebei_cement_Region5Innermongolia,0.0,0.0,0.0,138329.09619238303,0.0,0.0,0.0,138329.09619238303
cement_Region3Hebei_cement_Region6Liaoning,0.0,0.0,0.0,206468.58170403686,0.0,0.0,0.0,206468.58170403686
cement_Region3Hebei_cement_Region7Jilin,0.0,0.0,0.0,204755.15859107996,0.0,0.0,0.0,204755.15859107996
cement_Region3Hebei_cement_Region8Heilongjiang,0.0,0.0,0.0,199160.14612671235,0.0,0.0,0.0,199160.14612671235
cement_Region3Hebei_cement_Region9Shanghai,0.0,0.0,0.0,209102.63133304918,0.0,0.0,0.0,209102.63133304918
cement_Region3Hebei_cement_Region10Jiangsu,0.0,0.0,0.0,218810.50475302147,0.0,0.0,0.0,218810.50475302147
cement_Region3Hebei_cement_Region11Zhejiang,0.0,0.0,0.0,210076.51497799344,0.0,0.0,0.0,210076.51497799344
cement_Region3Hebei_cement_Region12Anhui,0.0,0.0,0.0,222551.76343873038,0.0,0.0,0.0,222551.76343873038
cement_Region3Hebei_cement_Region13Fujian,0.0,0.0,0.0,206249.58909146965,0.0,0.0,0.0,206249.58909146965
cement_Region3Hebei_cement_Region14Jiangxi,0.0,0.0,0.0,226200.52140967821,0.0,0.0,0.0,226200.52140967821
cement_Region3Hebei_cement_Region15Shandong,0.0,0.0,0.0,230175.96480121693,0.0,0.0,0.0,230175.96480121693
cement_Region3Hebei_cement_Region16Henan,0.0,0.0,0.0,210465.8816058162,0.0,0.0,0.0,210465.8816058162
cement_Region3Hebei_cement_Region17Hubei,0.0,0.0,0.0,231209.3842267653,0.0,0.0,0.0,231209.3842267653
cement_Region3Hebei_cement_Region18Hunan,0.0,0.0,0.0,224949.5457251,0.0,0.0,0.0,224949.5457251
cement_Region3Hebei_cement_Region19Guangdong,0.0,0.0,0.0,208294.15235146377,0.0,0.0,0.0,208294.15235146377
cement_Region3Hebei_cement_Region20Guangxi,0.0,0.0,0.0,212097.75935879166,0.0,0.0,0.0,212097.75935879166
cement_Region3Hebei_cement_Region21Hainan,0.0,0.0,0.0,196943.40397624535,0.0,0.0,0.0,196943.40397624535
cement_Region3Hebei_cement_Region22Chongqing,0.0,0.0,0.0,210601.11382431514,0.0,0.0,0.0,210601.11382431514
cement_Region3Hebei_cement_Region23Sichuan,0.0,0.0,0.0,214262.9019185203,0.0,0.0,0.0,214262.9019185203
cement_Region3Hebei_cement_Region24Guizhou,0.0,0.0,0.0,198381.9784990374,0.0,0.0,0.0,198381.9784990374
cement_Region3Hebei_cement_Region25Yunnan,0.0,0.0,0.0,194292.6438084037,0.0,0.0,0.0,194292.6438084037
cement_Region3Hebei_cement_Region27Shaanxi,0.0,0.0,0.0,187418.72084224998,0.0,0.0,0.0,187418.72084224998
cement_Region3Hebei_cement_Region28Gansu,0.0,0.0,0.0,202080.9907481362,0.0,0.0,0.0,202080.9907481362
cement_Region3Hebei_cement_Region29Qinghai,0.0,0.0,0.0,198386.51637119587,0.0,0.0,0.0,198386.51637119587
cement_Region3Hebei_cement_Region30Ningxia,0.0,0.0,0.0,185695.76946672125,0.0,0.0,0.0,185695.76946672125
cement_Region3Hebei_cement_Region31Xinjiang,0.0,0.0,0.0,185755.6289734601,0.0,0.0,0.0,185755.6289734601
cement_Region4Shanxi_cement_Region1Beijing,0.0,0.0,0.0,184785.0288793198,0.0,0.0,0.0,184785.0288793198
cement_Region4Shanxi_cement_Region2Tianjin,0.0,0.0,0.0,202799.63091658405,0.0,0.0,0.0,202799.63091658405
cement_Region4Shanxi_cement_Region3Hebei,0.0,0.0,0.0,144527.35104100595,0.0,0.0,0.0,144527.35104100595
cement_Region4Shanxi_cement_Region5Innermongolia,0.0,0.0,0.0,123909.16905756372,0.0,0.0,0.0,123909.16905756372
cement_Region4Shanxi_cement_Region6Liaoning,0.0,0.0,0.0,209884.27331312894,0.0,0.0,0.0,209884.27331312894
cement_Region4Shanxi_cement_Region7Jilin,0.0,0.0,0.0,207530.19381430786,0.0,0.0,0.0,207530.19381430786
cement_Region4Shanxi_cement_Region8Heilongjiang,0.0,0.0,0.0,201975.41902841968,0.0,0.0,0.0,201975.41902841968
cement_Region4Shanxi_cement_Region9Shanghai,0.0,0.0,0.0,211584.89686298202,0.0,0.0,0.0,211584.89686298202
cement_Region4Shanxi_cement_Region10Jiangsu,0.0,0.0,0.0,220745.10768412208,0.0,0.0,0.0,220745.10768412208
cement_Region4Shanxi_cement_Region11Zhejiang,0.0,0.0,0.0,212386.40696814627,0.0,0.0,0.0,212386.40696814627
cement_Region4Shanxi_cement_Region12Anhui,0.0,0.0,0.0,227008.6241175897,0.0,0.0,0.0,227008.6241175897
cement_Region4Shanxi_cement_Region13Fujian,0.0,0.0,0.0,208717.94389925365,0.0,0.0,0.0,208717.94389925365
cement_Region4Shanxi_cement_Region14Jiangxi,0.0,0.0,0.0,229013.74393628413,0.0,0.0,0.0,229013.74393628413
cement_Region4Shanxi_cement_Region15Shandong,0.0,0.0,0.0,220097.9774591869,0.0,0.0,0.0,220097.9774591869
cement_Region4Shanxi_cement_Region16Henan,0.0,0.0,0.0,225488.7401348317,0.0,0.0,0.0,225488.7401348317
cement_Region4Shanxi_cement_Region17Hubei,0.0,0.0,0.0,237210.55020070806,0.0,0.0,0.0,237210.55020070806
cement_Region4Shanxi_cement_Region18Hunan,0.0,0.0,0.0,229742.108767099,0.0,0.0,0.0,229742.108767099
cement_Region4Shanxi_cement_Region19Guangdong,0.0,0.0,0.0,211184.01624891625,0.0,0.0,0.0,211184.01624891625
cement_Region4Shanxi_cement_Region20Guangxi,0.0,0.0,0.0,215451.4100000424,0.0,0.0,0.0,215451.4100000424
cement_Region4Shanxi_cement_Region21Hainan,0.0,0.0,0.0,199197.21069827184,0.0,0.0,0.0,199197.21069827184
cement_Region4Shanxi_cement_Region22Chongqing,0.0,0.0,0.0,217408.6563776545,0.0,0.0,0.0,217408.6563776545
cement_Region4Shanxi_cement_Region23Sichuan,0.0,0.0,0.0,221762.81259878623,0.0,0.0,0.0,221762.81259878623
cement_Region4Shanxi_cement_Region24Guizhou,0.0,0.0,0.0,201772.69101167363,0.0,0.0,0.0,201772.69101167363
cement_Region4Shanxi_cement_Region25Yunnan,0.0,0.0,0.0,196506.91196174384,0.0,0.0,0.0,196506.91196174384
cement_Region4Shanxi_cement_Region27Shaanxi,0.0,0.0,0.0,174386.1112216733,0.0,0.0,0.0,174386.1112216733
cement_Region4Shanxi_cement_Region28Gansu,0.0,0.0,0.0,208631.87166390565,0.0,0.0,0.0,208631.87166390565
cement_Region4Shanxi_cement_Region29Qinghai,0.0,0.0,0.0,203090.7814657715,0.0,0.0,0.0,203090.7814657715
cement_Region4Shanxi_cement_Region30Ningxia,0.0,0.0,0.0,179208.59817368235,0.0,0.0,0.0,179208.59817368235
cement_Region4Shanxi_cement_Region31Xinjiang,0.0,0.0,0.0,186706.97922973448,0.0,0.0,0.0,186706.97922973448
cement_Region5Innermongolia_cement_Region1Beijing,0.0,0.0,0.0,229997.77676222072,0.0,0.0,0.0,229997.77676222072
cement_Region5Innermongolia_cement_Region2Tianjin,0.0,0.0,0.0,249077.37079286194,0.0,0.0,0.0,249077.37079286194
cement_Region5Innermongolia_cement_Region3Hebei,0.0,0.0,0.0,200637.60901571135,0.0,0.0,0.0,200637.60901571135
cement_Region5Innermongolia_cement_Region4Shanxi,0.0,0.0,0.0,183009.53124365472,0.0,0.0,0.0,183009.53124365472
cement_Region5Innermongolia_cement_Region6Liaoning,0.0,0.0,0.0,232164.0287923147,0.0,0.0,0.0,232164.0287923147
cement_Region5Innermongolia_cement_Region7Jilin,0.0,0.0,0.0,227030.3523386372,0.0,0.0,0.0,227030.3523386372
cement_Region5Innermongolia_cement_Region8Heilongjiang,0.0,0.0,0.0,217331.31594424837,0.0,0.0,0.0,217331.31594424837
cement_Region5Innermongolia_cement_Region9Shanghai,0.0,0.0,0.0,223715.99141053692,0.0,0.0,0.0,223715.99141053692
cement_Region5Innermongolia_cement_Region10Jiangsu,0.0,0.0,0.0,233943.45574770393,0.0,0.0,0.0,233943.45574770393
cement_Region5Innermongolia_cement_Region11Zhejiang,0.0,0.0,0.0,224191.62308121345,0.0,0.0,0.0,224191.62308121345
cement_Region5Innermongolia_cement_Region12Anhui,0.0,0.0,0.0,237524.01951075965,0.0,0.0,0.0,237524.01951075965
cement_Region5Innermongolia_cement_Region13Fujian,0.0,0.0,0.0,217393.07047577057,0.0,0.0,0.0,217393.07047577057
cement_Region5Innermongolia_cement_Region14Jiangxi,0.0,0.0,0.0,237046.95733319802,0.0,0.0,0.0,237046.95733319802
cement_Region5Innermongolia_cement_Region15Shandong,0.0,0.0,0.0,262509.4519480946,0.0,0.0,0.0,262509.4519480946
cement_Region5Innermongolia_cement_Region16Henan,0.0,0.0,0.0,263821.99519053183,0.0,0.0,0.0,263821.99519053183
cement_Region5Innermongolia_cement_Region17Hubei,0.0,0.0,0.0,245641.54438884353,0.0,0.0,0.0,245641.54438884353
cement_Region5Innermongolia_cement_Region18Hunan,0.0,0.0,0.0,237853.07459460315,0.0,0.0,0.0,237853.07459460315
cement_Region5Innermongolia_cement_Region19Guangdong,0.0,0.0,0.0,219151.4218053151,0.0,0.0,0.0,219151.4218053151
cement_Region5Innermongolia_cement_Region20Guangxi,0.0,0.0,0.0,222574.82232224054,0.0,0.0,0.0,222574.82232224054
cement_Region5Innermongolia_cement_Region21Hainan,0.0,0.0,0.0,207015.92866842382,0.0,0.0,0.0,207015.92866842382
cement_Region5Innermongolia_cement_Region22Chongqing,0.0,0.0,0.0,228110.6490568662,0.0,0.0,0.0,228110.6490568662
cement_Region5Innermongolia_cement_Region23Sichuan,0.0,0.0,0.0,232003.13083276115,0.0,0.0,0.0,232003.13083276115
cement_Region5Innermongolia_cement_Region24Guizhou,0.0,0.0,0.0,212159.03264371728,0.0,0.0,0.0,212159.03264371728
cement_Region5Innermongolia_cement_Region25Yunnan,0.0,0.0,0.0,205488.66149347668,0.0,0.0,0.0,205488.66149347668
cement_Region5Innermongolia_cement_Region27Shaanxi,0.0,0.0,0.0,221000.40194561039,0.0,0.0,0.0,221000.40194561039
cement_Region5Innermongolia_cement_Region28Gansu,0.0,0.0,0.0,232668.2907702884,0.0,0.0,0.0,232668.2907702884
cement_Region5Innermongolia_cement_Region29Qinghai,0.0,0.0,0.0,222130.33997698137,0.0,0.0,0.0,222130.33997698137
cement_Region5Innermongolia_cement_Region30Ningxia,0.0,0.0,0.0,200788.9964221299,0.0,0.0,0.0,200788.9964221299
cement_Region5Innermongolia_cement_Region31Xinjiang,0.0,0.0,0.0,193988.93742267363,0.0,0.0,0.0,193988.93742267363
cement_Region6Liaoning_cement_Region1Beijing,0.0,0.0,0.0,170514.87383836313,0.0,0.0,0.0,170514.87383836313
cement_Region6Liaoning_cement_Region2Tianjin,0.0,0.0,0.0,177392.4147862664,0.0,0.0,0.0,177392.4147862664
cement_Region6Liaoning_cement_Region3Hebei,0.0,0.0,0.0,181286.05955513657,0.0,0.0,0.0,181286.05955513657
cement_Region6Liaoning_cement_Region4Shanxi,0.0,0.0,0.0,180875.3230702149,0.0,0.0,0.0,180875.3230702149
cement_Region6Liaoning_cement_Region5Innermongolia,0.0,0.0,0.0,166891.8106944726,0.0,0.0,0.0,166891.8106944726
cement_Region6Liaoning_cement_Region7Jilin,0.0,0.0,0.0,146646.36546367971,0.0,0.0,0.0,146646.36546367971
cement_Region6Liaoning_cement_Region8Heilongjiang,0.0,0.0,0.0,160206.0389036939,0.0,0.0,0.0,160206.0389036939
cement_Region6Liaoning_cement_Region9Shanghai,0.0,0.0,0.0,197663.222384568,0.0,0.0,0.0,197663.222384568
cement_Region6Liaoning_cement_Region10Jiangsu,0.0,0.0,0.0,201169.564717746,0.0,0.0,0.0,201169.564717746
cement_Region6Liaoning_cement_Region11Zhejiang,0.0,0.0,0.0,198383.5210982386,0.0,0.0,0.0,198383.5210982386
cement_Region6Liaoning_cement_Region12Anhui,0.0,0.0,0.0,203011.4328933433,0.0,0.0,0.0,203011.4328933433
cement_Region6Liaoning_cement_Region13Fujian,0.0,0.0,0.0,198102.25954553374,0.0,0.0,0.0,198102.25954553374
cement_Region6Liaoning_cement_Region14Jiangxi,0.0,0.0,0.0,206548.4467762297,0.0,0.0,0.0,206548.4467762297
cement_Region6Liaoning_cement_Region15Shandong,0.0,0.0,0.0,203092.96350332335,0.0,0.0,0.0,203092.96350332335
cement_Region6Liaoning_cement_Region16Henan,0.0,0.0,0.0,202620.44331412,0.0,0.0,0.0,202620.44331412
cement_Region6Liaoning_cement_Region17Hubei,0.0,0.0,0.0,205651.8353627266,0.0,0.0,0.0,205651.8353627266
cement_Region6Liaoning_cement_Region18Hunan,0.0,0.0,0.0,205664.28678218037,0.0,0.0,0.0,205664.28678218037
cement_Region6Liaoning_cement_Region19Guangdong,0.0,0.0,0.0,199895.7940190595,0.0,0.0,0.0,199895.7940190595
cement_Region6Liaoning_cement_Region20Guangxi,0.0,0.0,0.0,202863.94391095857,0.0,0.0,0.0,202863.94391095857
cement_Region6Liaoning_cement_Region21Hainan,0.0,0.0,0.0,193357.2906886284,0.0,0.0,0.0,193357.2906886284
cement_Region6Liaoning_cement_Region22Chongqing,0.0,0.0,0.0,199847.41515678537,0.0,0.0,0.0,199847.41515678537
cement_Region6Liaoning_cement_Region23Sichuan,0.0,0.0,0.0,201985.81065986687,0.0,0.0,0.0,201985.81065986687
cement_Region6Liaoning_cement_Region24Guizhou,0.0,0.0,0.0,193522.5556618795,0.0,0.0,0.0,193522.5556618795
cement_Region6Liaoning_cement_Region25Yunnan,0.0,0.0,0.0,191541.1841117688,0.0,0.0,0.0,191541.1841117688
cement_Region6Liaoning_cement_Region27Shaanxi,0.0,0.0,0.0,188445.66827115836,0.0,0.0,0.0,188445.66827115836
cement_Region6Liaoning_cement_Region28Gansu,0.0,0.0,0.0,194150.55558955928,0.0,0.0,0.0,194150.55558955928
cement_Region6Liaoning_cement_Region29Qinghai,0.0,0.0,0.0,192698.3993956518,0.0,0.0,0.0,192698.3993956518
cement_Region6Liaoning_cement_Region30Ningxia,0.0,0.0,0.0,185265.03982947968,0.0,0.0,0.0,185265.03982947968
cement_Region6Liaoning_cement_Region31Xinjiang,0.0,0.0,0.0,184799.54382613406,0.0,0.0,0.0,184799.54382613406
cement_Region7Jilin_cement_Region1Beijing,0.0,0.0,0.0,188512.31035123795,0.0,0.0,0.0,188512.31035123795
cement_Region7Jilin_cement_Region2Tianjin,0.0,0.0,0.0,195554.1400767744,0.0,0.0,0.0,195554.1400767744
cement_Region7Jilin_cement_Region3Hebei,0.0,0.0,0.0,185239.25041505622,0.0,0.0,0.0,185239.25041505622
cement_Region7Jilin_cement_Region4Shanxi,0.0,0.0,0.0,183812.52750247644,0.0,0.0,0.0,183812.52750247644
cement_Region7Jilin_cement_Region5Innermongolia,0.0,0.0,0.0,170964.9210375976,0.0,0.0,0.0,170964.9210375976
cement_Region7Jilin_cement_Region6Liaoning,0.0,0.0,0.0,131474.87667200976,0.0,0.0,0.0,131474.87667200976
cement_Region7Jilin_cement_Region8Heilongjiang,0.0,0.0,0.0,123375.0487453837,0.0,0.0,0.0,123375.0487453837
cement_Region7Jilin_cement_Region9Shanghai,0.0,0.0,0.0,197266.53069587913,0.0,0.0,0.0,197266.53069587913
cement_Region7Jilin_cement_Region10Jiangsu,0.0,0.0,0.0,200174.09749995085,0.0,0.0,0.0,200174.09749995085
cement_Region7Jilin_cement_Region11Zhejiang,0.0,0.0,0.0,197881.44909172438,0.0,0.0,0.0,197881.44909172438
cement_Region7Jilin_cement_Region12Anhui,0.0,0.0,0.0,201718.63123402244,0.0,0.0,0.0,201718.63123402244
cement_Region7Jilin_cement_Region13Fujian,0.0,0.0,0.0,197785.5141826559,0.0,0.0,0.0,197785.5141826559
cement_Region7Jilin_cement_Region14Jiangxi,0.0,0.0,0.0,204982.85570577622,0.0,0.0,0.0,204982.85570577622
cement_Region7Jilin_cement_Region15Shandong,0.0,0.0,0.0,201779.2289995082,0.0,0.0,0.0,201779.2289995082
cement_Region7Jilin_cement_Region16Henan,0.0,0.0,0.0,201333.97689001472,0.0,0.0,0.0,201333.97689001472
cement_Region7Jilin_cement_Region17Hubei,0.0,0.0,0.0,204053.00076870032,0.0,0.0,0.0,204053.00076870032
cement_Region7Jilin_cement_Region18Hunan,0.0,0.0,0.0,204313.20844222835,0.0,0.0,0.0,204313.20844222835
cement_Region7Jilin_cement_Region19Guangdong,0.0,0.0,0.0,199461.22028189217,0.0,0.0,0.0,199461.22028189217
cement_Region7Jilin_cement_Region20Guangxi,0.0,0.0,0.0,202174.48888198013,0.0,0.0,0.0,202174.48888198013
cement_Region7Jilin_cement_Region21Hainan,0.0,0.0,0.0,193544.35425942845,0.0,0.0,0.0,193544.35425942845
cement_Region7Jilin_cement_Region22Chongqing,0.0,0.0,0.0,199354.73535214106,0.0,0.0,0.0,199354.73535214106
cement_Region7Jilin_cement_Region23Sichuan,0.0,0.0,0.0,201253.0737843471,0.0,0.0,0.0,201253.0737843471
cement_Region7Jilin_cement_Region24Guizhou,0.0,0.0,0.0,193716.52517556952,0.0,0.0,0.0,193716.52517556952
cement_Region7Jilin_cement_Region25Yunnan,0.0,0.0,0.0,191877.1613598734,0.0,0.0,0.0,191877.1613598734
cement_Region7Jilin_cement_Region27Shaanxi,0.0,0.0,0.0,189372.37839463507,0.0,0.0,0.0,189372.37839463507
cement_Region7Jilin_cement_Region28Gansu,0.0,0.0,0.0,194286.57972777868,0.0,0.0,0.0,194286.57972777868
cement_Region7Jilin_cement_Region29Qinghai,0.0,0.0,0.0,192993.96569504292,0.0,0.0,0.0,192993.96569504292
cement_Region7Jilin_cement_Region30Ningxia,0.0,0.0,0.0,186393.44771890357,0.0,0.0,0.0,186393.44771890357
cement_Region7Jilin_cement_Region31Xinjiang,0.0,0.0,0.0,184982.87836977115,0.0,0.0,0.0,184982.87836977115
cement_Region8Heilongjiang_cement_Region1Beijing,0.0,0.0,0.0,195955.0103000451,0.0,0.0,0.0,195955.0103000451
cement_Region8Heilongjiang_cement_Region2Tianjin,0.0,0.0,0.0,201836.36567388754,0.0,0.0,0.0,201836.36567388754
cement_Region8Heilongjiang_cement_Region3Hebei,0.0,0.0,0.0,191023.4073419099,0.0,0.0,0.0,191023.4073419099
cement_Region8Heilongjiang_cement_Region4Shanxi,0.0,0.0,0.0,188933.94500526378,0.0,0.0,0.0,188933.94500526378
cement_Region8Heilongjiang_cement_Region5Innermongolia,0.0,0.0,0.0,177100.17224857458,0.0,0.0,0.0,177100.17224857458
cement_Region8Heilongjiang_cement_Region6Liaoning,0.0,0.0,0.0,165374.4656548747,0.0,0.0,0.0,165374.4656548747
cement_Region8Heilongjiang_cement_Region7Jilin,0.0,0.0,0.0,149884.3996995175,0.0,0.0,0.0,149884.3996995175
cement_Region8Heilongjiang_cement_Region9Shanghai,0.0,0.0,0.0,199917.7324306235,0.0,0.0,0.0,199917.7324306235
cement_Region8Heilongjiang_cement_Region10Jiangsu,0.0,0.0,0.0,202790.68706429668,0.0,0.0,0.0,202790.68706429668
cement_Region8Heilongjiang_cement_Region11Zhejiang,0.0,0.0,0.0,200449.73331108814,0.0,0.0,0.0,200449.73331108814
cement_Region8Heilongjiang_cement_Region12Anhui,0.0,0.0,0.0,204149.89716861356,0.0,0.0,0.0,204149.89716861356
cement_Region8Heilongjiang_cement_Region13Fujian,0.0,0.0,0.0,199848.35275156764,0.0,0.0,0.0,199848.35275156764
cement_Region8Heilongjiang_cement_Region14Jiangxi,0.0,0.0,0.0,206743.99791236233,0.0,0.0,0.0,206743.99791236233
cement_Region8Heilongjiang_cement_Region15Shandong,0.0,0.0,0.0,205452.02590281554,0.0,0.0,0.0,205452.02590281554
cement_Region8Heilongjiang_cement_Region16Henan,0.0,0.0,0.0,204092.0999328754,0.0,0.0,0.0,204092.0999328754
cement_Region8Heilongjiang_cement_Region17Hubei,0.0,0.0,0.0,206041.72670623288,0.0,0.0,0.0,206041.72670623288
cement_Region8Heilongjiang_cement_Region18Hunan,0.0,0.0,0.0,206044.80149369224,0.0,0.0,0.0,206044.80149369224
cement_Region8Heilongjiang_cement_Region19Guangdong,0.0,0.0,0.0,201171.49095831596,0.0,0.0,0.0,201171.49095831596
cement_Region8Heilongjiang_cement_Region20Guangxi,0.0,0.0,0.0,203630.62947718176,0.0,0.0,0.0,203630.62947718176
cement_Region8Heilongjiang_cement_Region21Hainan,0.0,0.0,0.0,195336.37162991846,0.0,0.0,0.0,195336.37162991846
cement_Region8Heilongjiang_cement_Region22Chongqing,0.0,0.0,0.0,201237.81608502465,0.0,0.0,0.0,201237.81608502465
cement_Region8Heilongjiang_cement_Region23Sichuan,0.0,0.0,0.0,203002.07015169348,0.0,0.0,0.0,203002.07015169348
cement_Region8Heilongjiang_cement_Region24Guizhou,0.0,0.0,0.0,195804.84646285506,0.0,0.0,0.0,195804.84646285506
cement_Region8Heilongjiang_cement_Region25Yunnan,0.0,0.0,0.0,193767.48665887132,0.0,0.0,0.0,193767.48665887132
cement_Region8Heilongjiang_cement_Region27Shaanxi,0.0,0.0,0.0,192657.8814757587,0.0,0.0,0.0,192657.8814757587
cement_Region8Heilongjiang_cement_Region28Gansu,0.0,0.0,0.0,196781.84025130462,0.0,0.0,0.0,196781.84025130462
cement_Region8Heilongjiang_cement_Region29Qinghai,0.0,0.0,0.0,195403.37847369886,0.0,0.0,0.0,195403.37847369886
cement_Region8Heilongjiang_cement_Region30Ningxia,0.0,0.0,0.0,189925.7170218674,0.0,0.0,0.0,189925.7170218674
cement_Region8Heilongjiang_cement_Region31Xinjiang,0.0,0.0,0.0,187007.48025673916,0.0,0.0,0.0,187007.48025673916
cement_Region9Shanghai_cement_Region1Beijing,0.0,0.0,0.0,188336.77419469942,0.0,0.0,0.0,188336.77419469942
cement_Region9Shanghai_cement_Region2Tianjin,0.0,0.0,0.0,193432.35650990426,0.0,0.0,0.0,193432.35650990426
cement_Region9Shanghai_cement_Region3Hebei,0.0,0.0,0.0,181084.49645907633,0.0,0.0,0.0,181084.49645907633
cement_Region9Shanghai_cement_Region4Shanxi,0.0,0.0,0.0,180213.02695557094,0.0,0.0,0.0,180213.02695557094
cement_Region9Shanghai_cement_Region5Innermongolia,0.0,0.0,0.0,173219.1138192372,0.0,0.0,0.0,173219.1138192372
cement_Region9Shanghai_cement_Region6Liaoning,0.0,0.0,0.0,192805.98878983175,0.0,0.0,0.0,192805.98878983175
cement_Region9Shanghai_cement_Region7Jilin,0.0,0.0,0.0,193575.52069316615,0.0,0.0,0.0,193575.52069316615
cement_Region9Shanghai_cement_Region8Heilongjiang,0.0,0.0,0.0,191307.09288819038,0.0,0.0,0.0,191307.09288819038
cement_Region9Shanghai_cement_Region10Jiangsu,0.0,0.0,0.0,159895.85893420462,0.0,0.0,0.0,159895.85893420462
cement_Region9Shanghai_cement_Region11Zhejiang,0.0,0.0,0.0,126865.38021192378,0.0,0.0,0.0,126865.38021192378
cement_Region9Shanghai_cement_Region12Anhui,0.0,0.0,0.0,169874.97758097263,0.0,0.0,0.0,169874.97758097263
cement_Region9Shanghai_cement_Region13Fujian,0.0,0.0,0.0,187321.75000520685,0.0,0.0,0.0,187321.75000520685
cement_Region9Shanghai_cement_Region14Jiangxi,0.0,0.0,0.0,205883.094167205,0.0,0.0,0.0,205883.094167205
cement_Region9Shanghai_cement_Region15Shandong,0.0,0.0,0.0,196831.63594234962,0.0,0.0,0.0,196831.63594234962
cement_Region9Shanghai_cement_Region16Henan,0.0,0.0,0.0,200032.73613802818,0.0,0.0,0.0,200032.73613802818
cement_Region9Shanghai_cement_Region17Hubei,0.0,0.0,0.0,205982.06092280496,0.0,0.0,0.0,205982.06092280496
cement_Region9Shanghai_cement_Region18Hunan,0.0,0.0,0.0,210932.90636060055,0.0,0.0,0.0,210932.90636060055
cement_Region9Shanghai_cement_Region19Guangdong,0.0,0.0,0.0,199894.628299398,0.0,0.0,0.0,199894.628299398
cement_Region9Shanghai_cement_Region20Guangxi,0.0,0.0,0.0,204221.11749735192,0.0,0.0,0.0,204221.11749735192
cement_Region9Shanghai_cement_Region21Hainan,0.0,0.0,0.0,189305.68885621935,0.0,0.0,0.0,189305.68885621935
cement_Region9Shanghai_cement_Region22Chongqing,0.0,0.0,0.0,198927.53832333835,0.0,0.0,0.0,198927.53832333835
cement_Region9Shanghai_cement_Region23Sichuan,0.0,0.0,0.0,201313.66328567767,0.0,0.0,0.0,201313.66328567767
cement_Region9Shanghai_cement_Region24Guizhou,0.0,0.0,0.0,189707.54186765416,0.0,0.0,0.0,189707.54186765416
cement_Region9Shanghai_cement_Region25Yunnan,0.0,0.0,0.0,187781.6221257839,0.0,0.0,0.0,187781.6221257839
cement_Region9Shanghai_cement_Region27Shaanxi,0.0,0.0,0.0,183655.85836752178,0.0,0.0,0.0,183655.85836752178
cement_Region9Shanghai_cement_Region28Gansu,0.0,0.0,0.0,191952.71856386252,0.0,0.0,0.0,191952.71856386252
cement_Region9Shanghai_cement_Region29Qinghai,0.0,0.0,0.0,190692.18600193996,0.0,0.0,0.0,190692.18600193996
cement_Region9Shanghai_cement_Region30Ningxia,0.0,0.0,0.0,184130.0571323571,0.0,0.0,0.0,184130.0571323571
cement_Region9Shanghai_cement_Region31Xinjiang,0.0,0.0,0.0,185086.49851854233,0.0,0.0,0.0,185086.49851854233
cement_Region10Jiangsu_cement_Region1Beijing,0.0,0.0,0.0,181986.6137493159,0.0,0.0,0.0,181986.6137493159
cement_Region10Jiangsu_cement_Region2Tianjin,0.0,0.0,0.0,186625.07088028232,0.0,0.0,0.0,186625.07088028232
cement_Region10Jiangsu_cement_Region3Hebei,0.0,0.0,0.0,171466.97318585636,0.0,0.0,0.0,171466.97318585636
cement_Region10Jiangsu_cement_Region4Shanxi,0.0,0.0,0.0,173224.3044872077,0.0,0.0,0.0,173224.3044872077
cement_Region10Jiangsu_cement_Region5Innermongolia,0.0,0.0,0.0,167428.06892166883,0.0,0.0,0.0,167428.06892166883
cement_Region10Jiangsu_cement_Region6Liaoning,0.0,0.0,0.0,189285.81342474624,0.0,0.0,0.0,189285.81342474624
cement_Region10Jiangsu_cement_Region7Jilin,0.0,0.0,0.0,190686.0558665063,0.0,0.0,0.0,190686.0558665063
cement_Region10Jiangsu_cement_Region8Heilongjiang,0.0,0.0,0.0,188655.43085213448,0.0,0.0,0.0,188655.43085213448
cement_Region10Jiangsu_cement_Region9Shanghai,0.0,0.0,0.0,129120.68616602664,0.0,0.0,0.0,129120.68616602664
cement_Region10Jiangsu_cement_Region11Zhejiang,0.0,0.0,0.0,126100.14218244985,0.0,0.0,0.0,126100.14218244985
cement_Region10Jiangsu_cement_Region12Anhui,0.0,0.0,0.0,125638.90447083618,0.0,0.0,0.0,125638.90447083618
cement_Region10Jiangsu_cement_Region13Fujian,0.0,0.0,0.0,186364.10802093658,0.0,0.0,0.0,186364.10802093658
cement_Region10Jiangsu_cement_Region14Jiangxi,0.0,0.0,0.0,185907.7253151384,0.0,0.0,0.0,185907.7253151384
cement_Region10Jiangsu_cement_Region15Shandong,0.0,0.0,0.0,172266.84063813492,0.0,0.0,0.0,172266.84063813492
cement_Region10Jiangsu_cement_Region16Henan,0.0,0.0,0.0,178521.64645525033,0.0,0.0,0.0,178521.64645525033
cement_Region10Jiangsu_cement_Region17Hubei,0.0,0.0,0.0,175938.5776837918,0.0,0.0,0.0,175938.5776837918
cement_Region10Jiangsu_cement_Region18Hunan,0.0,0.0,0.0,205056.26057755458,0.0,0.0,0.0,205056.26057755458
cement_Region10Jiangsu_cement_Region19Guangdong,0.0,0.0,0.0,196180.86622154724,0.0,0.0,0.0,196180.86622154724
cement_Region10Jiangsu_cement_Region20Guangxi,0.0,0.0,0.0,201764.98052432635,0.0,0.0,0.0,201764.98052432635
cement_Region10Jiangsu_cement_Region21Hainan,0.0,0.0,0.0,186720.22334549038,0.0,0.0,0.0,186720.22334549038
cement_Region10Jiangsu_cement_Region22Chongqing,0.0,0.0,0.0,195571.84054594766,0.0,0.0,0.0,195571.84054594766
cement_Region10Jiangsu_cement_Region23Sichuan,0.0,0.0,0.0,198936.33486253253,0.0,0.0,0.0,198936.33486253253
cement_Region10Jiangsu_cement_Region24Guizhou,0.0,0.0,0.0,185843.48606768087,0.0,0.0,0.0,185843.48606768087
cement_Region10Jiangsu_cement_Region25Yunnan,0.0,0.0,0.0,184758.71140838185,0.0,0.0,0.0,184758.71140838185
cement_Region10Jiangsu_cement_Region27Shaanxi,0.0,0.0,0.0,176130.0449107896,0.0,0.0,0.0,176130.0449107896
cement_Region10Jiangsu_cement_Region28Gansu,0.0,0.0,0.0,188467.64745618656,0.0,0.0,0.0,188467.64745618656
cement_Region10Jiangsu_cement_Region29Qinghai,0.0,0.0,0.0,187460.17734415288,0.0,0.0,0.0,187460.17734415288
cement_Region10Jiangsu_cement_Region30Ningxia,0.0,0.0,0.0,179473.8392006643,0.0,0.0,0.0,179473.8392006643
cement_Region10Jiangsu_cement_Region31Xinjiang,0.0,0.0,0.0,183021.73386744264,0.0,0.0,0.0,183021.73386744264
cement_Region11Zhejiang_cement_Region1Beijing,0.0,0.0,0.0,187742.32322338884,0.0,0.0,0.0,187742.32322338884
cement_Region11Zhejiang_cement_Region2Tianjin,0.0,0.0,0.0,192508.40834164975,0.0,0.0,0.0,192508.40834164975
cement_Region11Zhejiang_cement_Region3Hebei,0.0,0.0,0.0,180715.05154895035,0.0,0.0,0.0,180715.05154895035
cement_Region11Zhejiang_cement_Region4Shanxi,0.0,0.0,0.0,179916.90504153725,0.0,0.0,0.0,179916.90504153725
cement_Region11Zhejiang_cement_Region5Innermongolia,0.0,0.0,0.0,173144.73159865564,0.0,0.0,0.0,173144.73159865564
cement_Region11Zhejiang_cement_Region6Liaoning,0.0,0.0,0.0,192262.0645754791,0.0,0.0,0.0,192262.0645754791
cement_Region11Zhejiang_cement_Region7Jilin,0.0,0.0,0.0,193085.41852968716,0.0,0.0,0.0,193085.41852968716
cement_Region11Zhejiang_cement_Region8Heilongjiang,0.0,0.0,0.0,190958.83499928017,0.0,0.0,0.0,190958.83499928017
cement_Region11Zhejiang_cement_Region9Shanghai,0.0,0.0,0.0,121088.66661099135,0.0,0.0,0.0,121088.66661099135
cement_Region11Zhejiang_cement_Region10Jiangsu,0.0,0.0,0.0,151301.88268037522,0.0,0.0,0.0,151301.88268037522
cement_Region11Zhejiang_cement_Region12Anhui,0.0,0.0,0.0,163511.01856279187,0.0,0.0,0.0,163511.01856279187
cement_Region11Zhejiang_cement_Region13Fujian,0.0,0.0,0.0,169401.5434544822,0.0,0.0,0.0,169401.5434544822
cement_Region11Zhejiang_cement_Region14Jiangxi,0.0,0.0,0.0,191982.0091491344,0.0,0.0,0.0,191982.0091491344
cement_Region11Zhejiang_cement_Region15Shandong,0.0,0.0,0.0,196490.2887631577,0.0,0.0,0.0,196490.2887631577
cement_Region11Zhejiang_cement_Region16Henan,0.0,0.0,0.0,198602.4766467914,0.0,0.0,0.0,198602.4766467914
cement_Region11Zhejiang_cement_Region17Hubei,0.0,0.0,0.0,197846.90444617608,0.0,0.0,0.0,197846.90444617608
cement_Region11Zhejiang_cement_Region18Hunan,0.0,0.0,0.0,210781.74886922393,0.0,0.0,0.0,210781.74886922393
cement_Region11Zhejiang_cement_Region19Guangdong,0.0,0.0,0.0,199105.95205038434,0.0,0.0,0.0,199105.95205038434
cement_Region11Zhejiang_cement_Region20Guangxi,0.0,0.0,0.0,204260.2881367518,0.0,0.0,0.0,204260.2881367518
cement_Region11Zhejiang_cement_Region21Hainan,0.0,0.0,0.0,187984.59038788645,0.0,0.0,0.0,187984.59038788645
cement_Region11Zhejiang_cement_Region22Chongqing,0.0,0.0,0.0,198194.58250362912,0.0,0.0,0.0,198194.58250362912
cement_Region11Zhejiang_cement_Region23Sichuan,0.0,0.0,0.0,200814.18516959422,0.0,0.0,0.0,200814.18516959422
cement_Region11Zhejiang_cement_Region24Guizhou,0.0,0.0,0.0,188390.25599491494,0.0,0.0,0.0,188390.25599491494
cement_Region11Zhejiang_cement_Region25Yunnan,0.0,0.0,0.0,186672.4478751797,0.0,0.0,0.0,186672.4478751797
cement_Region11Zhejiang_cement_Region27Shaanxi,0.0,0.0,0.0,182108.85840014194,0.0,0.0,0.0,182108.85840014194
cement_Region11Zhejiang_cement_Region28Gansu,0.0,0.0,0.0,191219.49600973586,0.0,0.0,0.0,191219.49600973586
cement_Region11Zhejiang_cement_Region29Qinghai,0.0,0.0,0.0,190017.11712107103,0.0,0.0,0.0,190017.11712107103
cement_Region11Zhejiang_cement_Region30Ningxia,0.0,0.0,0.0,183438.1374918226,0.0,0.0,0.0,183438.1374918226
cement_Region11Zhejiang_cement_Region31Xinjiang,0.0,0.0,0.0,184664.7790598775,0.0,0.0,0.0,184664.7790598775
cement_Region12Anhui_cement_Region1Beijing,0.0,0.0,0.0,179909.2505232196,0.0,0.0,0.0,179909.2505232196
cement_Region12Anhui_cement_Region2Tianjin,0.0,0.0,0.0,184808.56796699978,0.0,0.0,0.0,184808.56796699978
cement_Region12Anhui_cement_Region3Hebei,0.0,0.0,0.0,168017.2008572686,0.0,0.0,0.0,168017.2008572686
cement_Region12Anhui_cement_Region4Shanxi,0.0,0.0,0.0,168581.51159077176,0.0,0.0,0.0,168581.51159077176
cement_Region12Anhui_cement_Region5Innermongolia,0.0,0.0,0.0,165045.42331502173,0.0,0.0,0.0,165045.42331502173
cement_Region12Anhui_cement_Region6Liaoning,0.0,0.0,0.0,187740.2141617676,0.0,0.0,0.0,187740.2141617676
cement_Region12Anhui_cement_Region7Jilin,0.0,0.0,0.0,189333.27890815467,0.0,0.0,0.0,189333.27890815467
cement_Region12Anhui_cement_Region8Heilongjiang,0.0,0.0,0.0,187519.9560264781,0.0,0.0,0.0,187519.9560264781
cement_Region12Anhui_cement_Region9Shanghai,0.0,0.0,0.0,143437.26571563812,0.0,0.0,0.0,143437.26571563812
cement_Region12Anhui_cement_Region10Jiangsu,0.0,0.0,0.0,114690.44488778985,0.0,0.0,0.0,114690.44488778985
cement_Region12Anhui_cement_Region11Zhejiang,0.0,0.0,0.0,139016.70491816898,0.0,0.0,0.0,139016.70491816898
cement_Region12Anhui_cement_Region13Fujian,0.0,0.0,0.0,185420.7550456132,0.0,0.0,0.0,185420.7550456132
cement_Region12Anhui_cement_Region14Jiangxi,0.0,0.0,0.0,172723.8019147497,0.0,0.0,0.0,172723.8019147497
cement_Region12Anhui_cement_Region15Shandong,0.0,0.0,0.0,171823.77741322885,0.0,0.0,0.0,171823.77741322885
cement_Region12Anhui_cement_Region16Henan,0.0,0.0,0.0,163520.7642003943,0.0,0.0,0.0,163520.7642003943
cement_Region12Anhui_cement_Region17Hubei,0.0,0.0,0.0,162435.43384312623,0.0,0.0,0.0,162435.43384312623
cement_Region12Anhui_cement_Region18Hunan,0.0,0.0,0.0,193899.94051443407,0.0,0.0,0.0,193899.94051443407
cement_Region12Anhui_cement_Region19Guangdong,0.0,0.0,0.0,193733.92004033687,0.0,0.0,0.0,193733.92004033687
cement_Region12Anhui_cement_Region20Guangxi,0.0,0.0,0.0,200354.8005618984,0.0,0.0,0.0,200354.8005618984
cement_Region12Anhui_cement_Region21Hainan,0.0,0.0,0.0,184563.18520842327,0.0,0.0,0.0,184563.18520842327
cement_Region12Anhui_cement_Region22Chongqing,0.0,0.0,0.0,193060.5278545878,0.0,0.0,0.0,193060.5278545878
cement_Region12Anhui_cement_Region23Sichuan,0.0,0.0,0.0,197235.2846258824,0.0,0.0,0.0,197235.2846258824
cement_Region12Anhui_cement_Region24Guizhou,0.0,0.0,0.0,182913.1355627752,0.0,0.0,0.0,182913.1355627752
cement_Region12Anhui_cement_Region25Yunnan,0.0,0.0,0.0,182601.20716336355,0.0,0.0,0.0,182601.20716336355
cement_Region12Anhui_cement_Region27Shaanxi,0.0,0.0,0.0,169968.1879446703,0.0,0.0,0.0,169968.1879446703
cement_Region12Anhui_cement_Region28Gansu,0.0,0.0,0.0,185965.98074908296,0.0,0.0,0.0,185965.98074908296
cement_Region12Anhui_cement_Region29Qinghai,0.0,0.0,0.0,185199.18464677525,0.0,0.0,0.0,185199.18464677525
cement_Region12Anhui_cement_Region30Ningxia,0.0,0.0,0.0,176728.46656471386,0.0,0.0,0.0,176728.46656471386
cement_Region12Anhui_cement_Region31Xinjiang,0.0,0.0,0.0,181696.8503779354,0.0,0.0,0.0,181696.8503779354
cement_Region13Fujian_cement_Region1Beijing,0.0,0.0,0.0,190486.43482724417,0.0,0.0,0.0,190486.43482724417
cement_Region13Fujian_cement_Region2Tianjin,0.0,0.0,0.0,193870.00408741686,0.0,0.0,0.0,193870.00408741686
cement_Region13Fujian_cement_Region3Hebei,0.0,0.0,0.0,185296.04587496124,0.0,0.0,0.0,185296.04587496124
cement_Region13Fujian_cement_Region4Shanxi,0.0,0.0,0.0,183491.4377530119,0.0,0.0,0.0,183491.4377530119
cement_Region13Fujian_cement_Region5Innermongolia,0.0,0.0,0.0,177666.87979081398,0.0,0.0,0.0,177666.87979081398
cement_Region13Fujian_cement_Region6Liaoning,0.0,0.0,0.0,193191.02441529985,0.0,0.0,0.0,193191.02441529985
cement_Region13Fujian_cement_Region7Jilin,0.0,0.0,0.0,193751.46801538506,0.0,0.0,0.0,193751.46801538506
cement_Region13Fujian_cement_Region8Heilongjiang,0.0,0.0,0.0,192001.36927406702,0.0,0.0,0.0,192001.36927406702
cement_Region13Fujian_cement_Region9Shanghai,0.0,0.0,0.0,183960.57256522917,0.0,0.0,0.0,183960.57256522917
cement_Region13Fujian_cement_Region10Jiangsu,0.0,0.0,0.0,195341.3708147587,0.0,0.0,0.0,195341.3708147587
cement_Region13Fujian_cement_Region11Zhejiang,0.0,0.0,0.0,168932.59766054092,0.0,0.0,0.0,168932.59766054092
cement_Region13Fujian_cement_Region12Anhui,0.0,0.0,0.0,199258.80384981426,0.0,0.0,0.0,199258.80384981426
cement_Region13Fujian_cement_Region14Jiangxi,0.0,0.0,0.0,193388.83596898685,0.0,0.0,0.0,193388.83596898685
cement_Region13Fujian_cement_Region15Shandong,0.0,0.0,0.0,197445.45372524997,0.0,0.0,0.0,197445.45372524997
cement_Region13Fujian_cement_Region16Henan,0.0,0.0,0.0,198174.34227327045,0.0,0.0,0.0,198174.34227327045
cement_Region13Fujian_cement_Region17Hubei,0.0,0.0,0.0,206704.7643941071,0.0,0.0,0.0,206704.7643941071
cement_Region13Fujian_cement_Region18Hunan,0.0,0.0,0.0,210262.28427917438,0.0,0.0,0.0,210262.28427917438
cement_Region13Fujian_cement_Region19Guangdong,0.0,0.0,0.0,195779.93476039407,0.0,0.0,0.0,195779.93476039407
cement_Region13Fujian_cement_Region20Guangxi,0.0,0.0,0.0,205259.282286535,0.0,0.0,0.0,205259.282286535
cement_Region13Fujian_cement_Region21Hainan,0.0,0.0,0.0,185423.4539109499,0.0,0.0,0.0,185423.4539109499
cement_Region13Fujian_cement_Region22Chongqing,0.0,0.0,0.0,197878.89461993298,0.0,0.0,0.0,197878.89461993298
cement_Region13Fujian_cement_Region23Sichuan,0.0,0.0,0.0,200290.2089553671,0.0,0.0,0.0,200290.2089553671
cement_Region13Fujian_cement_Region24Guizhou,0.0,0.0,0.0,187454.20005411268,0.0,0.0,0.0,187454.20005411268
cement_Region13Fujian_cement_Region25Yunnan,0.0,0.0,0.0,185978.63761935872,0.0,0.0,0.0,185978.63761935872
cement_Region13Fujian_cement_Region27Shaanxi,0.0,0.0,0.0,184504.21628989352,0.0,0.0,0.0,184504.21628989352
cement_Region13Fujian_cement_Region28Gansu,0.0,0.0,0.0,191747.79729285894,0.0,0.0,0.0,191747.79729285894
cement_Region13Fujian_cement_Region29Qinghai,0.0,0.0,0.0,190642.17430312594,0.0,0.0,0.0,190642.17430312594
cement_Region13Fujian_cement_Region30Ningxia,0.0,0.0,0.0,185154.87576273133,0.0,0.0,0.0,185154.87576273133
cement_Region13Fujian_cement_Region31Xinjiang,0.0,0.0,0.0,185415.4553301743,0.0,0.0,0.0,185415.4553301743
cement_Region14Jiangxi_cement_Region1Beijing,0.0,0.0,0.0,179074.2069805565,0.0,0.0,0.0,179074.2069805565
cement_Region14Jiangxi_cement_Region2Tianjin,0.0,0.0,0.0,182546.18003580463,0.0,0.0,0.0,182546.18003580463
cement_Region14Jiangxi_cement_Region3Hebei,0.0,0.0,0.0,170272.0890794117,0.0,0.0,0.0,170272.0890794117
cement_Region14Jiangxi_cement_Region4Shanxi,0.0,0.0,0.0,168869.69753387055,0.0,0.0,0.0,168869.69753387055
cement_Region14Jiangxi_cement_Region5Innermongolia,0.0,0.0,0.0,165648.36902787592,0.0,0.0,0.0,165648.36902787592
cement_Region14Jiangxi_cement_Region6Liaoning,0.0,0.0,0.0,185390.46057142425,0.0,0.0,0.0,185390.46057142425
cement_Region14Jiangxi_cement_Region7Jilin,0.0,0.0,0.0,186973.9720282801,0.0,0.0,0.0,186973.9720282801
cement_Region14Jiangxi_cement_Region8Heilongjiang,0.0,0.0,0.0,185750.71997172493,0.0,0.0,0.0,185750.71997172493
cement_Region14Jiangxi_cement_Region9Shanghai,0.0,0.0,0.0,160070.47273323045,0.0,0.0,0.0,160070.47273323045
cement_Region14Jiangxi_cement_Region10Jiangsu,0.0,0.0,0.0,151647.93071609997,0.0,0.0,0.0,151647.93071609997
cement_Region14Jiangxi_cement_Region11Zhejiang,0.0,0.0,0.0,140206.4846423295,0.0,0.0,0.0,140206.4846423295
cement_Region14Jiangxi_cement_Region12Anhui,0.0,0.0,0.0,137011.29003507333,0.0,0.0,0.0,137011.29003507333
cement_Region14Jiangxi_cement_Region13Fujian,0.0,0.0,0.0,143808.91795435213,0.0,0.0,0.0,143808.91795435213
cement_Region14Jiangxi_cement_Region15Shandong,0.0,0.0,0.0,183852.47387498114,0.0,0.0,0.0,183852.47387498114
cement_Region14Jiangxi_cement_Region16Henan,0.0,0.0,0.0,178792.2078865412,0.0,0.0,0.0,178792.2078865412
cement_Region14Jiangxi_cement_Region17Hubei,0.0,0.0,0.0,137882.95410937286,0.0,0.0,0.0,137882.95410937286
cement_Region14Jiangxi_cement_Region18Hunan,0.0,0.0,0.0,144306.4470339279,0.0,0.0,0.0,144306.4470339279
cement_Region14Jiangxi_cement_Region19Guangdong,0.0,0.0,0.0,170186.5530144601,0.0,0.0,0.0,170186.5530144601
cement_Region14Jiangxi_cement_Region20Guangxi,0.0,0.0,0.0,193345.5673988132,0.0,0.0,0.0,193345.5673988132
cement_Region14Jiangxi_cement_Region21Hainan,0.0,0.0,0.0,175324.15000505478,0.0,0.0,0.0,175324.15000505478
cement_Region14Jiangxi_cement_Region22Chongqing,0.0,0.0,0.0,184751.12232225822,0.0,0.0,0.0,184751.12232225822
cement_Region14Jiangxi_cement_Region23Sichuan,0.0,0.0,0.0,190925.86984230415,0.0,0.0,0.0,190925.86984230415
cement_Region14Jiangxi_cement_Region24Guizhou,0.0,0.0,0.0,172294.85664601217,0.0,0.0,0.0,172294.85664601217
cement_Region14Jiangxi_cement_Region25Yunnan,0.0,0.0,0.0,175653.434121622,0.0,0.0,0.0,175653.434121622
cement_Region14Jiangxi_cement_Region27Shaanxi,0.0,0.0,0.0,166971.50073649533,0.0,0.0,0.0,166971.50073649533
cement_Region14Jiangxi_cement_Region28Gansu,0.0,0.0,0.0,181975.14212338824,0.0,0.0,0.0,181975.14212338824
cement_Region14Jiangxi_cement_Region29Qinghai,0.0,0.0,0.0,181755.5570266301,0.0,0.0,0.0,181755.5570266301
cement_Region14Jiangxi_cement_Region30Ningxia,0.0,0.0,0.0,174149.33347321593,0.0,0.0,0.0,174149.33347321593
cement_Region14Jiangxi_cement_Region31Xinjiang,0.0,0.0,0.0,180079.38581141888,0.0,0.0,0.0,180079.38581141888
cement_Region15Shandong_cement_Region1Beijing,0.0,0.0,0.0,129878.21379014403,0.0,0.0,0.0,129878.21379014403
cement_Region15Shandong_cement_Region2Tianjin,0.0,0.0,0.0,131092.84057979533,0.0,0.0,0.0,131092.84057979533
cement_Region15Shandong_cement_Region3Hebei,0.0,0.0,0.0,102878.13361961138,0.0,0.0,0.0,102878.13361961138
cement_Region15Shandong_cement_Region4Shanxi,0.0,0.0,0.0,126946.38447468996,0.0,0.0,0.0,126946.38447468996
cement_Region15Shandong_cement_Region5Innermongolia,0.0,0.0,0.0,150858.37158046584,0.0,0.0,0.0,150858.37158046584
cement_Region15Shandong_cement_Region6Liaoning,0.0,0.0,0.0,184045.96971902708,0.0,0.0,0.0,184045.96971902708
cement_Region15Shandong_cement_Region7Jilin,0.0,0.0,0.0,187699.75635512554,0.0,0.0,0.0,187699.75635512554
cement_Region15Shandong_cement_Region8Heilongjiang,0.0,0.0,0.0,185560.5252783495,0.0,0.0,0.0,185560.5252783495
cement_Region15Shandong_cement_Region9Shanghai,0.0,0.0,0.0,183444.85666696256,0.0,0.0,0.0,183444.85666696256
cement_Region15Shandong_cement_Region10Jiangsu,0.0,0.0,0.0,169662.6062121678,0.0,0.0,0.0,169662.6062121678
cement_Region15Shandong_cement_Region11Zhejiang,0.0,0.0,0.0,185939.48679809534,0.0,0.0,0.0,185939.48679809534
cement_Region15Shandong_cement_Region12Anhui,0.0,0.0,0.0,173471.81010828706,0.0,0.0,0.0,173471.81010828706
cement_Region15Shandong_cement_Region13Fujian,0.0,0.0,0.0,192597.2710539093,0.0,0.0,0.0,192597.2710539093
cement_Region15Shandong_cement_Region14Jiangxi,0.0,0.0,0.0,205281.26943485043,0.0,0.0,0.0,205281.26943485043
cement_Region15Shandong_cement_Region16Henan,0.0,0.0,0.0,154521.47319902352,0.0,0.0,0.0,154521.47319902352
cement_Region15Shandong_cement_Region17Hubei,0.0,0.0,0.0,200357.44149717913,0.0,0.0,0.0,200357.44149717913
cement_Region15Shandong_cement_Region18Hunan,0.0,0.0,0.0,204200.42568335845,0.0,0.0,0.0,204200.42568335845
cement_Region15Shandong_cement_Region19Guangdong,0.0,0.0,0.0,196305.49971937193,0.0,0.0,0.0,196305.49971937193
cement_Region15Shandong_cement_Region20Guangxi,0.0,0.0,0.0,200760.37684321697,0.0,0.0,0.0,200760.37684321697
cement_Region15Shandong_cement_Region21Hainan,0.0,0.0,0.0,188203.80172393617,0.0,0.0,0.0,188203.80172393617
cement_Region15Shandong_cement_Region22Chongqing,0.0,0.0,0.0,195584.6267789188,0.0,0.0,0.0,195584.6267789188
cement_Region15Shandong_cement_Region23Sichuan,0.0,0.0,0.0,198788.23479672644,0.0,0.0,0.0,198788.23479672644
cement_Region15Shandong_cement_Region24Guizhou,0.0,0.0,0.0,187040.8538687288,0.0,0.0,0.0,187040.8538687288
cement_Region15Shandong_cement_Region25Yunnan,0.0,0.0,0.0,185761.1426211883,0.0,0.0,0.0,185761.1426211883
cement_Region15Shandong_cement_Region27Shaanxi,0.0,0.0,0.0,171282.0696100064,0.0,0.0,0.0,171282.0696100064
cement_Region15Shandong_cement_Region28Gansu,0.0,0.0,0.0,186674.23668533855,0.0,0.0,0.0,186674.23668533855
cement_Region15Shandong_cement_Region29Qinghai,0.0,0.0,0.0,185675.8675749422,0.0,0.0,0.0,185675.8675749422
cement_Region15Shandong_cement_Region30Ningxia,0.0,0.0,0.0,172210.96478465502,0.0,0.0,0.0,172210.96478465502
cement_Region15Shandong_cement_Region31Xinjiang,0.0,0.0,0.0,180957.7595837345,0.0,0.0,0.0,180957.7595837345
cement_Region16Henan_cement_Region1Beijing,0.0,0.0,0.0,164188.64989108485,0.0,0.0,0.0,164188.64989108485
cement_Region16Henan_cement_Region2Tianjin,0.0,0.0,0.0,170679.82310555066,0.0,0.0,0.0,170679.82310555066
cement_Region16Henan_cement_Region3Hebei,0.0,0.0,0.0,118248.55453103907,0.0,0.0,0.0,118248.55453103907
cement_Region16Henan_cement_Region4Shanxi,0.0,0.0,0.0,116424.89003039652,0.0,0.0,0.0,116424.89003039652
cement_Region16Henan_cement_Region5Innermongolia,0.0,0.0,0.0,148891.59128639565,0.0,0.0,0.0,148891.59128639565
cement_Region16Henan_cement_Region6Liaoning,0.0,0.0,0.0,187441.6818152492,0.0,0.0,0.0,187441.6818152492
cement_Region16Henan_cement_Region7Jilin,0.0,0.0,0.0,189360.83373121516,0.0,0.0,0.0,189360.83373121516
cement_Region16Henan_cement_Region8Heilongjiang,0.0,0.0,0.0,187330.38744243502,0.0,0.0,0.0,187330.38744243502
cement_Region16Henan_cement_Region9Shanghai,0.0,0.0,0.0,187146.71631608377,0.0,0.0,0.0,187146.71631608377
cement_Region16Henan_cement_Region10Jiangsu,0.0,0.0,0.0,175876.4243047728,0.0,0.0,0.0,175876.4243047728
cement_Region16Henan_cement_Region11Zhejiang,0.0,0.0,0.0,188201.58497437197,0.0,0.0,0.0,188201.58497437197
cement_Region16Henan_cement_Region12Anhui,0.0,0.0,0.0,165651.39603006386,0.0,0.0,0.0,165651.39603006386
cement_Region16Henan_cement_Region13Fujian,0.0,0.0,0.0,191524.58956865998,0.0,0.0,0.0,191524.58956865998
cement_Region16Henan_cement_Region14Jiangxi,0.0,0.0,0.0,203983.6146136892,0.0,0.0,0.0,203983.6146136892
cement_Region16Henan_cement_Region15Shandong,0.0,0.0,0.0,153870.9995604011,0.0,0.0,0.0,153870.9995604011
cement_Region16Henan_cement_Region17Hubei,0.0,0.0,0.0,173103.22078660314,0.0,0.0,0.0,173103.22078660314
cement_Region16Henan_cement_Region18Hunan,0.0,0.0,0.0,202178.51119983595,0.0,0.0,0.0,202178.51119983595
cement_Region16Henan_cement_Region19Guangdong,0.0,0.0,0.0,195488.1446481627,0.0,0.0,0.0,195488.1446481627
cement_Region16Henan_cement_Region20Guangxi,0.0,0.0,0.0,201185.5914911234,0.0,0.0,0.0,201185.5914911234
cement_Region16Henan_cement_Region21Hainan,0.0,0.0,0.0,186184.16689400942,0.0,0.0,0.0,186184.16689400942
cement_Region16Henan_cement_Region22Chongqing,0.0,0.0,0.0,194199.07385633964,0.0,0.0,0.0,194199.07385633964
cement_Region16Henan_cement_Region23Sichuan,0.0,0.0,0.0,198474.50966258885,0.0,0.0,0.0,198474.50966258885
cement_Region16Henan_cement_Region24Guizhou,0.0,0.0,0.0,183898.06568752337,0.0,0.0,0.0,183898.06568752337
cement_Region16Henan_cement_Region25Yunnan,0.0,0.0,0.0,183327.53849552167,0.0,0.0,0.0,183327.53849552167
cement_Region16Henan_cement_Region27Shaanxi,0.0,0.0,0.0,125720.29968532556,0.0,0.0,0.0,125720.29968532556
cement_Region16Henan_cement_Region28Gansu,0.0,0.0,0.0,182785.82381073016,0.0,0.0,0.0,182785.82381073016
cement_Region16Henan_cement_Region29Qinghai,0.0,0.0,0.0,182492.9519603006,0.0,0.0,0.0,182492.9519603006
cement_Region16Henan_cement_Region30Ningxia,0.0,0.0,0.0,167655.30237490387,0.0,0.0,0.0,167655.30237490387
cement_Region16Henan_cement_Region31Xinjiang,0.0,0.0,0.0,179902.18351457044,0.0,0.0,0.0,179902.18351457044
cement_Region17Hubei_cement_Region1Beijing,0.0,0.0,0.0,177637.32085135527,0.0,0.0,0.0,177637.32085135527
cement_Region17Hubei_cement_Region2Tianjin,0.0,0.0,0.0,182441.39436350588,0.0,0.0,0.0,182441.39436350588
cement_Region17Hubei_cement_Region3Hebei,0.0,0.0,0.0,165091.88288861452,0.0,0.0,0.0,165091.88288861452
cement_Region17Hubei_cement_Region4Shanxi,0.0,0.0,0.0,163153.6558585527,0.0,0.0,0.0,163153.6558585527
cement_Region17Hubei_cement_Region5Innermongolia,0.0,0.0,0.0,161401.8571485818,0.0,0.0,0.0,161401.8571485818
cement_Region17Hubei_cement_Region6Liaoning,0.0,0.0,0.0,185918.11876503573,0.0,0.0,0.0,185918.11876503573
cement_Region17Hubei_cement_Region7Jilin,0.0,0.0,0.0,187575.12298879254,0.0,0.0,0.0,187575.12298879254
cement_Region17Hubei_cement_Region8Heilongjiang,0.0,0.0,0.0,186167.87615848178,0.0,0.0,0.0,186167.87615848178
cement_Region17Hubei_cement_Region9Shanghai,0.0,0.0,0.0,171234.30071972116,0.0,0.0,0.0,171234.30071972116
cement_Region17Hubei_cement_Region10Jiangsu,0.0,0.0,0.0,150384.8783175418,0.0,0.0,0.0,150384.8783175418
cement_Region17Hubei_cement_Region11Zhejiang,0.0,0.0,0.0,163261.46431557141,0.0,0.0,0.0,163261.46431557141
cement_Region17Hubei_cement_Region12Anhui,0.0,0.0,0.0,134967.44805731793,0.0,0.0,0.0,134967.44805731793
cement_Region17Hubei_cement_Region13Fujian,0.0,0.0,0.0,179637.5424158367,0.0,0.0,0.0,179637.5424158367
cement_Region17Hubei_cement_Region14Jiangxi,0.0,0.0,0.0,152483.3337490833,0.0,0.0,0.0,152483.3337490833
cement_Region17Hubei_cement_Region15Shandong,0.0,0.0,0.0,181977.3975470865,0.0,0.0,0.0,181977.3975470865
cement_Region17Hubei_cement_Region16Henan,0.0,0.0,0.0,150287.80380518842,0.0,0.0,0.0,150287.80380518842
cement_Region17Hubei_cement_Region18Hunan,0.0,0.0,0.0,151395.88221945913,0.0,0.0,0.0,151395.88221945913
cement_Region17Hubei_cement_Region19Guangdong,0.0,0.0,0.0,186671.2349894428,0.0,0.0,0.0,186671.2349894428
cement_Region17Hubei_cement_Region20Guangxi,0.0,0.0,0.0,196308.55520641094,0.0,0.0,0.0,196308.55520641094
cement_Region17Hubei_cement_Region21Hainan,0.0,0.0,0.0,178827.7258395592,0.0,0.0,0.0,178827.7258395592
cement_Region17Hubei_cement_Region22Chongqing,0.0,0.0,0.0,182953.89664903542,0.0,0.0,0.0,182953.89664903542
cement_Region17Hubei_cement_Region23Sichuan,0.0,0.0,0.0,192133.83982968575,0.0,0.0,0.0,192133.83982968575
cement_Region17Hubei_cement_Region24Guizhou,0.0,0.0,0.0,173137.79166999666,0.0,0.0,0.0,173137.79166999666
cement_Region17Hubei_cement_Region25Yunnan,0.0,0.0,0.0,176298.5154984952,0.0,0.0,0.0,176298.5154984952
cement_Region17Hubei_cement_Region27Shaanxi,0.0,0.0,0.0,151062.26081579112,0.0,0.0,0.0,151062.26081579112
cement_Region17Hubei_cement_Region28Gansu,0.0,0.0,0.0,180853.6886454787,0.0,0.0,0.0,180853.6886454787
cement_Region17Hubei_cement_Region29Qinghai,0.0,0.0,0.0,180801.11582458508,0.0,0.0,0.0,180801.11582458508
cement_Region17Hubei_cement_Region30Ningxia,0.0,0.0,0.0,171362.44412910752,0.0,0.0,0.0,171362.44412910752
cement_Region17Hubei_cement_Region31Xinjiang,0.0,0.0,0.0,179440.79821588387,0.0,0.0,0.0,179440.79821588387
cement_Region18Hunan_cement_Region1Beijing,0.0,0.0,0.0,180115.19330196962,0.0,0.0,0.0,180115.19330196962
cement_Region18Hunan_cement_Region2Tianjin,0.0,0.0,0.0,183923.53899639862,0.0,0.0,0.0,183923.53899639862
cement_Region18Hunan_cement_Region3Hebei,0.0,0.0,0.0,171165.4557081416,0.0,0.0,0.0,171165.4557081416
cement_Region18Hunan_cement_Region4Shanxi,0.0,0.0,0.0,168622.42741491392,0.0,0.0,0.0,168622.42741491392
cement_Region18Hunan_cement_Region5Innermongolia,0.0,0.0,0.0,165431.51753684858,0.0,0.0,0.0,165431.51753684858
cement_Region18Hunan_cement_Region6Liaoning,0.0,0.0,0.0,186278.0257606954,0.0,0.0,0.0,186278.0257606954
cement_Region18Hunan_cement_Region7Jilin,0.0,0.0,0.0,187676.1945434719,0.0,0.0,0.0,187676.1945434719
cement_Region18Hunan_cement_Region8Heilongjiang,0.0,0.0,0.0,186440.32495847312,0.0,0.0,0.0,186440.32495847312
cement_Region18Hunan_cement_Region9Shanghai,0.0,0.0,0.0,179267.91092697272,0.0,0.0,0.0,179267.91092697272
cement_Region18Hunan_cement_Region10Jiangsu,0.0,0.0,0.0,178815.46155246394,0.0,0.0,0.0,178815.46155246394
cement_Region18Hunan_cement_Region11Zhejiang,0.0,0.0,0.0,175522.9353641287,0.0,0.0,0.0,175522.9353641287
cement_Region18Hunan_cement_Region12Anhui,0.0,0.0,0.0,169018.5883486921,0.0,0.0,0.0,169018.5883486921
cement_Region18Hunan_cement_Region13Fujian,0.0,0.0,0.0,175371.3890616967,0.0,0.0,0.0,175371.3890616967
cement_Region18Hunan_cement_Region14Jiangxi,0.0,0.0,0.0,145820.64335549588,0.0,0.0,0.0,145820.64335549588
cement_Region18Hunan_cement_Region15Shandong,0.0,0.0,0.0,185403.67666404307,0.0,0.0,0.0,185403.67666404307
cement_Region18Hunan_cement_Region16Henan,0.0,0.0,0.0,177628.03435175875,0.0,0.0,0.0,177628.03435175875
cement_Region18Hunan_cement_Region17Hubei,0.0,0.0,0.0,138415.40499214776,0.0,0.0,0.0,138415.40499214776
cement_Region18Hunan_cement_Region19Guangdong,0.0,0.0,0.0,158283.5249429048,0.0,0.0,0.0,158283.5249429048
cement_Region18Hunan_cement_Region20Guangxi,0.0,0.0,0.0,190659.71256206243,0.0,0.0,0.0,190659.71256206243
cement_Region18Hunan_cement_Region21Hainan,0.0,0.0,0.0,172273.34990055402,0.0,0.0,0.0,172273.34990055402
cement_Region18Hunan_cement_Region22Chongqing,0.0,0.0,0.0,173201.2596520902,0.0,0.0,0.0,173201.2596520902
cement_Region18Hunan_cement_Region23Sichuan,0.0,0.0,0.0,189404.50912986704,0.0,0.0,0.0,189404.50912986704
cement_Region18Hunan_cement_Region24Guizhou,0.0,0.0,0.0,155928.30116419014,0.0,0.0,0.0,155928.30116419014
cement_Region18Hunan_cement_Region25Yunnan,0.0,0.0,0.0,170896.6001681894,0.0,0.0,0.0,170896.6001681894
cement_Region18Hunan_cement_Region27Shaanxi,0.0,0.0,0.0,164936.01003816136,0.0,0.0,0.0,164936.01003816136
cement_Region18Hunan_cement_Region28Gansu,0.0,0.0,0.0,181516.70887846773,0.0,0.0,0.0,181516.70887846773
cement_Region18Hunan_cement_Region29Qinghai,0.0,0.0,0.0,181339.74197375082,0.0,0.0,0.0,181339.74197375082
cement_Region18Hunan_cement_Region30Ningxia,0.0,0.0,0.0,173346.28208879553,0.0,0.0,0.0,173346.28208879553
cement_Region18Hunan_cement_Region31Xinjiang,0.0,0.0,0.0,179823.89974290476,0.0,0.0,0.0,179823.89974290476
cement_Region19Guangdong_cement_Region1Beijing,0.0,0.0,0.0,188924.62759759804,0.0,0.0,0.0,188924.62759759804
cement_Region19Guangdong_cement_Region2Tianjin,0.0,0.0,0.0,191908.2873963981,0.0,0.0,0.0,191908.2873963981
cement_Region19Guangdong_cement_Region3Hebei,0.0,0.0,0.0,183904.39279068203,0.0,0.0,0.0,183904.39279068203
cement_Region19Guangdong_cement_Region4Shanxi,0.0,0.0,0.0,181744.32849974427,0.0,0.0,0.0,181744.32849974427
cement_Region19Guangdong_cement_Region5Innermongolia,0.0,0.0,0.0,176594.76457664176,0.0,0.0,0.0,176594.76457664176
cement_Region19Guangdong_cement_Region6Liaoning,0.0,0.0,0.0,191872.12980661937,0.0,0.0,0.0,191872.12980661937
cement_Region19Guangdong_cement_Region7Jilin,0.0,0.0,0.0,192466.08932705634,0.0,0.0,0.0,192466.08932705634
cement_Region19Guangdong_cement_Region8Heilongjiang,0.0,0.0,0.0,191057.9453148219,0.0,0.0,0.0,191057.9453148219
cement_Region19Guangdong_cement_Region9Shanghai,0.0,0.0,0.0,190127.50401020568,0.0,0.0,0.0,190127.50401020568
cement_Region19Guangdong_cement_Region10Jiangsu,0.0,0.0,0.0,193381.5961744045,0.0,0.0,0.0,193381.5961744045
cement_Region19Guangdong_cement_Region11Zhejiang,0.0,0.0,0.0,190161.9990741625,0.0,0.0,0.0,190161.9990741625
cement_Region19Guangdong_cement_Region12Anhui,0.0,0.0,0.0,195178.54446214475,0.0,0.0,0.0,195178.54446214475
cement_Region19Guangdong_cement_Region13Fujian,0.0,0.0,0.0,187192.35261899832,0.0,0.0,0.0,187192.35261899832
cement_Region19Guangdong_cement_Region14Jiangxi,0.0,0.0,0.0,203871.75083513427,0.0,0.0,0.0,203871.75083513427
cement_Region19Guangdong_cement_Region15Shandong,0.0,0.0,0.0,194354.61203787493,0.0,0.0,0.0,194354.61203787493
cement_Region19Guangdong_cement_Region16Henan,0.0,0.0,0.0,194449.99388291335,0.0,0.0,0.0,194449.99388291335
cement_Region19Guangdong_cement_Region17Hubei,0.0,0.0,0.0,200553.685451954,0.0,0.0,0.0,200553.685451954
cement_Region19Guangdong_cement_Region18Hunan,0.0,0.0,0.0,198618.73027303876,0.0,0.0,0.0,198618.73027303876
cement_Region19Guangdong_cement_Region20Guangxi,0.0,0.0,0.0,183675.20689682083,0.0,0.0,0.0,183675.20689682083
cement_Region19Guangdong_cement_Region21Hainan,0.0,0.0,0.0,148965.32048085393,0.0,0.0,0.0,148965.32048085393
cement_Region19Guangdong_cement_Region22Chongqing,0.0,0.0,0.0,193773.10911348974,0.0,0.0,0.0,193773.10911348974
cement_Region19Guangdong_cement_Region23Sichuan,0.0,0.0,0.0,197755.273511657,0.0,0.0,0.0,197755.273511657
cement_Region19Guangdong_cement_Region24Guizhou,0.0,0.0,0.0,176181.95691255736,0.0,0.0,0.0,176181.95691255736
cement_Region19Guangdong_cement_Region25Yunnan,0.0,0.0,0.0,177136.58467603417,0.0,0.0,0.0,177136.58467603417
cement_Region19Guangdong_cement_Region27Shaanxi,0.0,0.0,0.0,181824.18343660713,0.0,0.0,0.0,181824.18343660713
cement_Region19Guangdong_cement_Region28Gansu,0.0,0.0,0.0,189451.92825756583,0.0,0.0,0.0,189451.92825756583
cement_Region19Guangdong_cement_Region29Qinghai,0.0,0.0,0.0,188527.1092237102,0.0,0.0,0.0,188527.1092237102
cement_Region19Guangdong_cement_Region30Ningxia,0.0,0.0,0.0,183187.68528622476,0.0,0.0,0.0,183187.68528622476
cement_Region19Guangdong_cement_Region31Xinjiang,0.0,0.0,0.0,184227.9681718778,0.0,0.0,0.0,184227.9681718778
cement_Region20Guangxi_cement_Region1Beijing,0.0,0.0,0.0,186033.88170819377,0.0,0.0,0.0,186033.88170819377
cement_Region20Guangxi_cement_Region2Tianjin,0.0,0.0,0.0,188635.79330565035,0.0,0.0,0.0,188635.79330565035
cement_Region20Guangxi_cement_Region3Hebei,0.0,0.0,0.0,181221.2536193954,0.0,0.0,0.0,181221.2536193954
cement_Region20Guangxi_cement_Region4Shanxi,0.0,0.0,0.0,178806.67364379973,0.0,0.0,0.0,178806.67364379973
cement_Region20Guangxi_cement_Region5Innermongolia,0.0,0.0,0.0,174516.92148176552,0.0,0.0,0.0,174516.92148176552
cement_Region20Guangxi_cement_Region6Liaoning,0.0,0.0,0.0,189328.9921095549,0.0,0.0,0.0,189328.9921095549
cement_Region20Guangxi_cement_Region7Jilin,0.0,0.0,0.0,190111.61322857288,0.0,0.0,0.0,190111.61322857288
cement_Region20Guangxi_cement_Region8Heilongjiang,0.0,0.0,0.0,188977.2521096175,0.0,0.0,0.0,188977.2521096175
cement_Region20Guangxi_cement_Region9Shanghai,0.0,0.0,0.0,187167.87467706687,0.0,0.0,0.0,187167.87467706687
cement_Region20Guangxi_cement_Region10Jiangsu,0.0,0.0,0.0,189123.50059731485,0.0,0.0,0.0,189123.50059731485
cement_Region20Guangxi_cement_Region11Zhejiang,0.0,0.0,0.0,186947.43235377787,0.0,0.0,0.0,186947.43235377787
cement_Region20Guangxi_cement_Region12Anhui,0.0,0.0,0.0,190153.43782151182,0.0,0.0,0.0,190153.43782151182
cement_Region20Guangxi_cement_Region13Fujian,0.0,0.0,0.0,185578.75306922433,0.0,0.0,0.0,185578.75306922433
cement_Region20Guangxi_cement_Region14Jiangxi,0.0,0.0,0.0,195252.73178586463,0.0,0.0,0.0,195252.73178586463
cement_Region20Guangxi_cement_Region15Shandong,0.0,0.0,0.0,190422.24374827466,0.0,0.0,0.0,190422.24374827466
cement_Region20Guangxi_cement_Region16Henan,0.0,0.0,0.0,189558.11411777933,0.0,0.0,0.0,189558.11411777933
cement_Region20Guangxi_cement_Region17Hubei,0.0,0.0,0.0,192569.035614706,0.0,0.0,0.0,192569.035614706
cement_Region20Guangxi_cement_Region18Hunan,0.0,0.0,0.0,193545.93212007848,0.0,0.0,0.0,193545.93212007848
cement_Region20Guangxi_cement_Region19Guangdong,0.0,0.0,0.0,148345.4698164605,0.0,0.0,0.0,148345.4698164605
cement_Region20Guangxi_cement_Region21Hainan,0.0,0.0,0.0,121235.26601917323,0.0,0.0,0.0,121235.26601917323
cement_Region20Guangxi_cement_Region22Chongqing,0.0,0.0,0.0,182778.52323604017,0.0,0.0,0.0,182778.52323604017
cement_Region20Guangxi_cement_Region23Sichuan,0.0,0.0,0.0,190481.36552138912,0.0,0.0,0.0,190481.36552138912
cement_Region20Guangxi_cement_Region24Guizhou,0.0,0.0,0.0,131046.59190224145,0.0,0.0,0.0,131046.59190224145
cement_Region20Guangxi_cement_Region25Yunnan,0.0,0.0,0.0,144825.942009758,0.0,0.0,0.0,144825.942009758
cement_Region20Guangxi_cement_Region27Shaanxi,0.0,0.0,0.0,176929.5691716627,0.0,0.0,0.0,176929.5691716627
cement_Region20Guangxi_cement_Region28Gansu,0.0,0.0,0.0,183984.57261153002,0.0,0.0,0.0,183984.57261153002
cement_Region20Guangxi_cement_Region29Qinghai,0.0,0.0,0.0,183495.065790684,0.0,0.0,0.0,183495.065790684
cement_Region20Guangxi_cement_Region30Ningxia,0.0,0.0,0.0,178841.4542996539,0.0,0.0,0.0,178841.4542996539
cement_Region20Guangxi_cement_Region31Xinjiang,0.0,0.0,0.0,181164.7258178489,0.0,0.0,0.0,181164.7258178489
cement_Region21Hainan_cement_Region1Beijing,0.0,0.0,0.0,197686.10866808577,0.0,0.0,0.0,197686.10866808577
cement_Region21Hainan_cement_Region2Tianjin,0.0,0.0,0.0,200454.20892669584,0.0,0.0,0.0,200454.20892669584
cement_Region21Hainan_cement_Region3Hebei,0.0,0.0,0.0,194289.3585028405,0.0,0.0,0.0,194289.3585028405
cement_Region21Hainan_cement_Region4Shanxi,0.0,0.0,0.0,192142.8006253034,0.0,0.0,0.0,192142.8006253034
cement_Region21Hainan_cement_Region5Innermongolia,0.0,0.0,0.0,185726.53775831347,0.0,0.0,0.0,185726.53775831347
cement_Region21Hainan_cement_Region6Liaoning,0.0,0.0,0.0,198647.8895996881,0.0,0.0,0.0,198647.8895996881
cement_Region21Hainan_cement_Region7Jilin,0.0,0.0,0.0,198614.32392945845,0.0,0.0,0.0,198614.32392945845
cement_Region21Hainan_cement_Region8Heilongjiang,0.0,0.0,0.0,196884.8518395407,0.0,0.0,0.0,196884.8518395407
cement_Region21Hainan_cement_Region9Shanghai,0.0,0.0,0.0,201967.1753955499,0.0,0.0,0.0,201967.1753955499
cement_Region21Hainan_cement_Region10Jiangsu,0.0,0.0,0.0,204893.90878168587,0.0,0.0,0.0,204893.90878168587
cement_Region21Hainan_cement_Region11Zhejiang,0.0,0.0,0.0,203243.3586223282,0.0,0.0,0.0,203243.3586223282
cement_Region21Hainan_cement_Region12Anhui,0.0,0.0,0.0,207315.83446928367,0.0,0.0,0.0,207315.83446928367
cement_Region21Hainan_cement_Region13Fujian,0.0,0.0,0.0,205451.06284548697,0.0,0.0,0.0,205451.06284548697
cement_Region21Hainan_cement_Region14Jiangxi,0.0,0.0,0.0,219002.6937259881,0.0,0.0,0.0,219002.6937259881
cement_Region21Hainan_cement_Region15Shandong,0.0,0.0,0.0,203645.93582767536,0.0,0.0,0.0,203645.93582767536
cement_Region21Hainan_cement_Region16Henan,0.0,0.0,0.0,205630.68986550448,0.0,0.0,0.0,205630.68986550448
cement_Region21Hainan_cement_Region17Hubei,0.0,0.0,0.0,214507.43661610148,0.0,0.0,0.0,214507.43661610148
cement_Region21Hainan_cement_Region18Hunan,0.0,0.0,0.0,223211.69249503073,0.0,0.0,0.0,223211.69249503073
cement_Region21Hainan_cement_Region19Guangdong,0.0,0.0,0.0,191969.55570572725,0.0,0.0,0.0,191969.55570572725
cement_Region21Hainan_cement_Region20Guangxi,0.0,0.0,0.0,223811.46824158088,0.0,0.0,0.0,223811.46824158088
cement_Region21Hainan_cement_Region22Chongqing,0.0,0.0,0.0,209478.85997110314,0.0,0.0,0.0,209478.85997110314
cement_Region21Hainan_cement_Region23Sichuan,0.0,0.0,0.0,210558.1689151913,0.0,0.0,0.0,210558.1689151913
cement_Region21Hainan_cement_Region24Guizhou,0.0,0.0,0.0,195855.18995424552,0.0,0.0,0.0,195855.18995424552
cement_Region21Hainan_cement_Region25Yunnan,0.0,0.0,0.0,189413.7335799127,0.0,0.0,0.0,189413.7335799127
cement_Region21Hainan_cement_Region27Shaanxi,0.0,0.0,0.0,193558.84196140568,0.0,0.0,0.0,193558.84196140568
cement_Region21Hainan_cement_Region28Gansu,0.0,0.0,0.0,198063.20132990202,0.0,0.0,0.0,198063.20132990202
cement_Region21Hainan_cement_Region29Qinghai,0.0,0.0,0.0,196388.25740104943,0.0,0.0,0.0,196388.25740104943
cement_Region21Hainan_cement_Region30Ningxia,0.0,0.0,0.0,191879.55390956285,0.0,0.0,0.0,191879.55390956285
cement_Region21Hainan_cement_Region31Xinjiang,0.0,0.0,0.0,188808.32427123885,0.0,0.0,0.0,188808.32427123885
cement_Region22Chongqing_cement_Region1Beijing,0.0,0.0,0.0,188004.8530906318,0.0,0.0,0.0,188004.8530906318
cement_Region22Chongqing_cement_Region2Tianjin,0.0,0.0,0.0,191667.20593063507,0.0,0.0,0.0,191667.20593063507
cement_Region22Chongqing_cement_Region3Hebei,0.0,0.0,0.0,181619.39600792623,0.0,0.0,0.0,181619.39600792623
cement_Region22Chongqing_cement_Region4Shanxi,0.0,0.0,0.0,176295.80778221064,0.0,0.0,0.0,176295.80778221064
cement_Region22Chongqing_cement_Region5Innermongolia,0.0,0.0,0.0,170705.32155448015,0.0,0.0,0.0,170705.32155448015
cement_Region22Chongqing_cement_Region6Liaoning,0.0,0.0,0.0,191663.0175952207,0.0,0.0,0.0,191663.0175952207
cement_Region22Chongqing_cement_Region7Jilin,0.0,0.0,0.0,192357.7787253889,0.0,0.0,0.0,192357.7787253889
cement_Region22Chongqing_cement_Region8Heilongjiang,0.0,0.0,0.0,190812.69994003125,0.0,0.0,0.0,190812.69994003125
cement_Region22Chongqing_cement_Region9Shanghai,0.0,0.0,0.0,191565.62845328928,0.0,0.0,0.0,191565.62845328928
cement_Region22Chongqing_cement_Region10Jiangsu,0.0,0.0,0.0,194094.62121750845,0.0,0.0,0.0,194094.62121750845
cement_Region22Chongqing_cement_Region11Zhejiang,0.0,0.0,0.0,192087.91005054262,0.0,0.0,0.0,192087.91005054262
cement_Region22Chongqing_cement_Region12Anhui,0.0,0.0,0.0,195880.94961416678,0.0,0.0,0.0,195880.94961416678
cement_Region22Chongqing_cement_Region13Fujian,0.0,0.0,0.0,192534.07776264922,0.0,0.0,0.0,192534.07776264922
cement_Region22Chongqing_cement_Region14Jiangxi,0.0,0.0,0.0,204424.9506985428,0.0,0.0,0.0,204424.9506985428
cement_Region22Chongqing_cement_Region15Shandong,0.0,0.0,0.0,194617.49209698124,0.0,0.0,0.0,194617.49209698124
cement_Region22Chongqing_cement_Region16Henan,0.0,0.0,0.0,194390.13310678903,0.0,0.0,0.0,194390.13310678903
cement_Region22Chongqing_cement_Region17Hubei,0.0,0.0,0.0,200317.3488381105,0.0,0.0,0.0,200317.3488381105
cement_Region22Chongqing_cement_Region18Hunan,0.0,0.0,0.0,199936.02470071023,0.0,0.0,0.0,199936.02470071023
cement_Region22Chongqing_cement_Region19Guangdong,0.0,0.0,0.0,195162.85321398947,0.0,0.0,0.0,195162.85321398947
cement_Region22Chongqing_cement_Region20Guangxi,0.0,0.0,0.0,203096.80663004558,0.0,0.0,0.0,203096.80663004558
cement_Region22Chongqing_cement_Region21Hainan,0.0,0.0,0.0,182059.6617665849,0.0,0.0,0.0,182059.6617665849
cement_Region22Chongqing_cement_Region23Sichuan,0.0,0.0,0.0,152446.85394191707,0.0,0.0,0.0,152446.85394191707
cement_Region22Chongqing_cement_Region24Guizhou,0.0,0.0,0.0,114551.93710134864,0.0,0.0,0.0,114551.93710134864
cement_Region22Chongqing_cement_Region25Yunnan,0.0,0.0,0.0,161835.30455451662,0.0,0.0,0.0,161835.30455451662
cement_Region22Chongqing_cement_Region27Shaanxi,0.0,0.0,0.0,155183.6329406598,0.0,0.0,0.0,155183.6329406598
cement_Region22Chongqing_cement_Region28Gansu,0.0,0.0,0.0,181892.0473629364,0.0,0.0,0.0,181892.0473629364
cement_Region22Chongqing_cement_Region29Qinghai,0.0,0.0,0.0,181639.36738659337,0.0,0.0,0.0,181639.36738659337
cement_Region22Chongqing_cement_Region30Ningxia,0.0,0.0,0.0,173722.17551707808,0.0,0.0,0.0,173722.17551707808
cement_Region22Chongqing_cement_Region31Xinjiang,0.0,0.0,0.0,179703.92923152537,0.0,0.0,0.0,179703.92923152537
cement_Region23Sichuan_cement_Region1Beijing,0.0,0.0,0.0,185535.33742530306,0.0,0.0,0.0,185535.33742530306
cement_Region23Sichuan_cement_Region2Tianjin,0.0,0.0,0.0,189051.56590297946,0.0,0.0,0.0,189051.56590297946
cement_Region23Sichuan_cement_Region3Hebei,0.0,0.0,0.0,178971.00302169978,0.0,0.0,0.0,178971.00302169978
cement_Region23Sichuan_cement_Region4Shanxi,0.0,0.0,0.0,173540.26791653593,0.0,0.0,0.0,173540.26791653593
cement_Region23Sichuan_cement_Region5Innermongolia,0.0,0.0,0.0,168403.16795051575,0.0,0.0,0.0,168403.16795051575
cement_Region23Sichuan_cement_Region6Liaoning,0.0,0.0,0.0,189733.13818056893,0.0,0.0,0.0,189733.13818056893
cement_Region23Sichuan_cement_Region7Jilin,0.0,0.0,0.0,190616.6981270128,0.0,0.0,0.0,190616.6981270128
cement_Region23Sichuan_cement_Region8Heilongjiang,0.0,0.0,0.0,189244.7731300198,0.0,0.0,0.0,189244.7731300198
cement_Region23Sichuan_cement_Region9Shanghai,0.0,0.0,0.0,189774.43049491706,0.0,0.0,0.0,189774.43049491706
cement_Region23Sichuan_cement_Region10Jiangsu,0.0,0.0,0.0,191604.43546920593,0.0,0.0,0.0,191604.43546920593
cement_Region23Sichuan_cement_Region11Zhejiang,0.0,0.0,0.0,190136.5942622406,0.0,0.0,0.0,190136.5942622406
cement_Region23Sichuan_cement_Region12Anhui,0.0,0.0,0.0,192867.8895658496,0.0,0.0,0.0,192867.8895658496
cement_Region23Sichuan_cement_Region13Fujian,0.0,0.0,0.0,190751.05540094286,0.0,0.0,0.0,190751.05540094286
cement_Region23Sichuan_cement_Region14Jiangxi,0.0,0.0,0.0,199058.7308089452,0.0,0.0,0.0,199058.7308089452
cement_Region23Sichuan_cement_Region15Shandong,0.0,0.0,0.0,191677.3686462409,0.0,0.0,0.0,191677.3686462409
cement_Region23Sichuan_cement_Region16Henan,0.0,0.0,0.0,190511.65757186522,0.0,0.0,0.0,190511.65757186522
cement_Region23Sichuan_cement_Region17Hubei,0.0,0.0,0.0,196427.74229415372,0.0,0.0,0.0,196427.74229415372
cement_Region23Sichuan_cement_Region18Hunan,0.0,0.0,0.0,199121.2285463433,0.0,0.0,0.0,199121.2285463433
cement_Region23Sichuan_cement_Region19Guangdong,0.0,0.0,0.0,192501.07511682593,0.0,0.0,0.0,192501.07511682593
cement_Region23Sichuan_cement_Region20Guangxi,0.0,0.0,0.0,198424.58610553053,0.0,0.0,0.0,198424.58610553053
cement_Region23Sichuan_cement_Region21Hainan,0.0,0.0,0.0,181893.28231336758,0.0,0.0,0.0,181893.28231336758
cement_Region23Sichuan_cement_Region22Chongqing,0.0,0.0,0.0,141385.47025914083,0.0,0.0,0.0,141385.47025914083
cement_Region23Sichuan_cement_Region24Guizhou,0.0,0.0,0.0,143881.52668170008,0.0,0.0,0.0,143881.52668170008
cement_Region23Sichuan_cement_Region25Yunnan,0.0,0.0,0.0,155605.30170180235,0.0,0.0,0.0,155605.30170180235
cement_Region23Sichuan_cement_Region27Shaanxi,0.0,0.0,0.0,154402.64507827527,0.0,0.0,0.0,154402.64507827527
cement_Region23Sichuan_cement_Region28Gansu,0.0,0.0,0.0,173967.81917210834,0.0,0.0,0.0,173967.81917210834
cement_Region23Sichuan_cement_Region29Qinghai,0.0,0.0,0.0,173814.76914248578,0.0,0.0,0.0,173814.76914248578
cement_Region23Sichuan_cement_Region30Ningxia,0.0,0.0,0.0,169611.64274753458,0.0,0.0,0.0,169611.64274753458
cement_Region23Sichuan_cement_Region31Xinjiang,0.0,0.0,0.0,177305.22555511972,0.0,0.0,0.0,177305.22555511972
cement_Region24Guizhou_cement_Region1Beijing,0.0,0.0,0.0,196755.5120225155,0.0,0.0,0.0,196755.5120225155
cement_Region24Guizhou_cement_Region2Tianjin,0.0,0.0,0.0,200197.71356951588,0.0,0.0,0.0,200197.71356951588
cement_Region24Guizhou_cement_Region3Hebei,0.0,0.0,0.0,192331.16760916798,0.0,0.0,0.0,192331.16760916798
cement_Region24Guizhou_cement_Region4Shanxi,0.0,0.0,0.0,189033.07332586302,0.0,0.0,0.0,189033.07332586302
cement_Region24Guizhou_cement_Region5Innermongolia,0.0,0.0,0.0,181212.91651345105,0.0,0.0,0.0,181212.91651345105
cement_Region24Guizhou_cement_Region6Liaoning,0.0,0.0,0.0,198070.81677703728,0.0,0.0,0.0,198070.81677703728
cement_Region24Guizhou_cement_Region7Jilin,0.0,0.0,0.0,198080.85607940838,0.0,0.0,0.0,198080.85607940838
cement_Region24Guizhou_cement_Region8Heilongjiang,0.0,0.0,0.0,196114.07002518498,0.0,0.0,0.0,196114.07002518498
cement_Region24Guizhou_cement_Region9Shanghai,0.0,0.0,0.0,201219.1901666306,0.0,0.0,0.0,201219.1901666306
cement_Region24Guizhou_cement_Region10Jiangsu,0.0,0.0,0.0,205339.2529577273,0.0,0.0,0.0,205339.2529577273
cement_Region24Guizhou_cement_Region11Zhejiang,0.0,0.0,0.0,202485.0112366849,0.0,0.0,0.0,202485.0112366849
cement_Region24Guizhou_cement_Region12Anhui,0.0,0.0,0.0,208642.92823291756,0.0,0.0,0.0,208642.92823291756
cement_Region24Guizhou_cement_Region13Fujian,0.0,0.0,0.0,203247.8631411313,0.0,0.0,0.0,203247.8631411313
cement_Region24Guizhou_cement_Region14Jiangxi,0.0,0.0,0.0,222037.29706905482,0.0,0.0,0.0,222037.29706905482
cement_Region24Guizhou_cement_Region15Shandong,0.0,0.0,0.0,204313.919192441,0.0,0.0,0.0,204313.919192441
cement_Region24Guizhou_cement_Region16Henan,0.0,0.0,0.0,207265.46311719107,0.0,0.0,0.0,207265.46311719107
cement_Region24Guizhou_cement_Region17Hubei,0.0,0.0,0.0,219924.0843434178,0.0,0.0,0.0,219924.0843434178
cement_Region24Guizhou_cement_Region18Hunan,0.0,0.0,0.0,230960.15868375718,0.0,0.0,0.0,230960.15868375718
cement_Region24Guizhou_cement_Region19Guangdong,0.0,0.0,0.0,213370.33457978972,0.0,0.0,0.0,213370.33457978972
cement_Region24Guizhou_cement_Region20Guangxi,0.0,0.0,0.0,221046.08585883724,0.0,0.0,0.0,221046.08585883724
cement_Region24Guizhou_cement_Region21Hainan,0.0,0.0,0.0,191732.20676811493,0.0,0.0,0.0,191732.20676811493
cement_Region24Guizhou_cement_Region22Chongqing,0.0,0.0,0.0,201332.71629804818,0.0,0.0,0.0,201332.71629804818
cement_Region24Guizhou_cement_Region23Sichuan,0.0,0.0,0.0,211878.8697476511,0.0,0.0,0.0,211878.8697476511
cement_Region24Guizhou_cement_Region25Yunnan,0.0,0.0,0.0,142194.84766257458,0.0,0.0,0.0,142194.84766257458
cement_Region24Guizhou_cement_Region27Shaanxi,0.0,0.0,0.0,188395.06964368426,0.0,0.0,0.0,188395.06964368426
cement_Region24Guizhou_cement_Region28Gansu,0.0,0.0,0.0,197301.0036629681,0.0,0.0,0.0,197301.0036629681
cement_Region24Guizhou_cement_Region29Qinghai,0.0,0.0,0.0,194654.9315351777,0.0,0.0,0.0,194654.9315351777
cement_Region24Guizhou_cement_Region30Ningxia,0.0,0.0,0.0,187441.28334704915,0.0,0.0,0.0,187441.28334704915
cement_Region24Guizhou_cement_Region31Xinjiang,0.0,0.0,0.0,185676.41175769697,0.0,0.0,0.0,185676.41175769697
cement_Region25Yunnan_cement_Region1Beijing,0.0,0.0,0.0,200129.2115006515,0.0,0.0,0.0,200129.2115006515
cement_Region25Yunnan_cement_Region2Tianjin,0.0,0.0,0.0,202947.0634757955,0.0,0.0,0.0,202947.0634757955
cement_Region25Yunnan_cement_Region3Hebei,0.0,0.0,0.0,196875.44515262364,0.0,0.0,0.0,196875.44515262364
cement_Region25Yunnan_cement_Region4Shanxi,0.0,0.0,0.0,194449.7685307697,0.0,0.0,0.0,194449.7685307697
cement_Region25Yunnan_cement_Region5Innermongolia,0.0,0.0,0.0,186697.28935663152,0.0,0.0,0.0,186697.28935663152
cement_Region25Yunnan_cement_Region6Liaoning,0.0,0.0,0.0,200564.50168079557,0.0,0.0,0.0,200564.50168079557
cement_Region25Yunnan_cement_Region7Jilin,0.0,0.0,0.0,200366.47884523627,0.0,0.0,0.0,200366.47884523627
cement_Region25Yunnan_cement_Region8Heilongjiang,0.0,0.0,0.0,198494.73131933092,0.0,0.0,0.0,198494.73131933092
cement_Region25Yunnan_cement_Region9Shanghai,0.0,0.0,0.0,204067.99221187856,0.0,0.0,0.0,204067.99221187856
cement_Region25Yunnan_cement_Region10Jiangsu,0.0,0.0,0.0,207509.99905541522,0.0,0.0,0.0,207509.99905541522
cement_Region25Yunnan_cement_Region11Zhejiang,0.0,0.0,0.0,205231.381726159,0.0,0.0,0.0,205231.381726159
cement_Region25Yunnan_cement_Region12Anhui,0.0,0.0,0.0,210175.7326714064,0.0,0.0,0.0,210175.7326714064
cement_Region25Yunnan_cement_Region13Fujian,0.0,0.0,0.0,205908.13318452914,0.0,0.0,0.0,205908.13318452914
cement_Region25Yunnan_cement_Region14Jiangxi,0.0,0.0,0.0,219444.7159569998,0.0,0.0,0.0,219444.7159569998
cement_Region25Yunnan_cement_Region15Shandong,0.0,0.0,0.0,206507.50762346486,0.0,0.0,0.0,206507.50762346486
cement_Region25Yunnan_cement_Region16Henan,0.0,0.0,0.0,209133.3718287116,0.0,0.0,0.0,209133.3718287116
cement_Region25Yunnan_cement_Region17Hubei,0.0,0.0,0.0,218262.03955436638,0.0,0.0,0.0,218262.03955436638
cement_Region25Yunnan_cement_Region18Hunan,0.0,0.0,0.0,225976.0122443875,0.0,0.0,0.0,225976.0122443875
cement_Region25Yunnan_cement_Region19Guangdong,0.0,0.0,0.0,216138.85796054764,0.0,0.0,0.0,216138.85796054764
cement_Region25Yunnan_cement_Region20Guangxi,0.0,0.0,0.0,248075.81583228978,0.0,0.0,0.0,248075.81583228978
cement_Region25Yunnan_cement_Region21Hainan,0.0,0.0,0.0,199681.50076714266,0.0,0.0,0.0,199681.50076714266
cement_Region25Yunnan_cement_Region22Chongqing,0.0,0.0,0.0,226495.91705768186,0.0,0.0,0.0,226495.91705768186
cement_Region25Yunnan_cement_Region23Sichuan,0.0,0.0,0.0,236621.97262087988,0.0,0.0,0.0,236621.97262087988
cement_Region25Yunnan_cement_Region24Guizhou,0.0,0.0,0.0,184519.76770475556,0.0,0.0,0.0,184519.76770475556
cement_Region25Yunnan_cement_Region27Shaanxi,0.0,0.0,0.0,196529.3928592885,0.0,0.0,0.0,196529.3928592885
cement_Region25Yunnan_cement_Region28Gansu,0.0,0.0,0.0,202445.47825777612,0.0,0.0,0.0,202445.47825777612
cement_Region25Yunnan_cement_Region29Qinghai,0.0,0.0,0.0,199721.80277804626,0.0,0.0,0.0,199721.80277804626
cement_Region25Yunnan_cement_Region30Ningxia,0.0,0.0,0.0,193290.16066971194,0.0,0.0,0.0,193290.16066971194
cement_Region25Yunnan_cement_Region31Xinjiang,0.0,0.0,0.0,188825.1738601128,0.0,0.0,0.0,188825.1738601128
cement_Region27Shaanxi_cement_Region1Beijing,0.0,0.0,0.0,202602.2253727395,0.0,0.0,0.0,202602.2253727395
cement_Region27Shaanxi_cement_Region2Tianjin,0.0,0.0,0.0,209590.326929676,0.0,0.0,0.0,209590.326929676
cement_Region27Shaanxi_cement_Region3Hebei,0.0,0.0,0.0,189576.34042005125,0.0,0.0,0.0,189576.34042005125
cement_Region27Shaanxi_cement_Region4Shanxi,0.0,0.0,0.0,165387.5140728423,0.0,0.0,0.0,165387.5140728423
cement_Region27Shaanxi_cement_Region5Innermongolia,0.0,0.0,0.0,171116.80278192073,0.0,0.0,0.0,171116.80278192073
cement_Region27Shaanxi_cement_Region6Liaoning,0.0,0.0,0.0,202611.2334377499,0.0,0.0,0.0,202611.2334377499
cement_Region27Shaanxi_cement_Region7Jilin,0.0,0.0,0.0,201933.27454139912,0.0,0.0,0.0,201933.27454139912
cement_Region27Shaanxi_cement_Region8Heilongjiang,0.0,0.0,0.0,198600.62464662766,0.0,0.0,0.0,198600.62464662766
cement_Region27Shaanxi_cement_Region9Shanghai,0.0,0.0,0.0,207510.06805501023,0.0,0.0,0.0,207510.06805501023
cement_Region27Shaanxi_cement_Region10Jiangsu,0.0,0.0,0.0,216046.6307289467,0.0,0.0,0.0,216046.6307289467
cement_Region27Shaanxi_cement_Region11Zhejiang,0.0,0.0,0.0,209157.97785861182,0.0,0.0,0.0,209157.97785861182
cement_Region27Shaanxi_cement_Region12Anhui,0.0,0.0,0.0,223152.79944477897,0.0,0.0,0.0,223152.79944477897
cement_Region27Shaanxi_cement_Region13Fujian,0.0,0.0,0.0,207108.35139105364,0.0,0.0,0.0,207108.35139105364
cement_Region27Shaanxi_cement_Region14Jiangxi,0.0,0.0,0.0,230913.9799204574,0.0,0.0,0.0,230913.9799204574
cement_Region27Shaanxi_cement_Region15Shandong,0.0,0.0,0.0,220145.61506196868,0.0,0.0,0.0,220145.61506196868
cement_Region27Shaanxi_cement_Region16Henan,0.0,0.0,0.0,211653.74566815014,0.0,0.0,0.0,211653.74566815014
cement_Region27Shaanxi_cement_Region17Hubei,0.0,0.0,0.0,234174.12036619955,0.0,0.0,0.0,234174.12036619955
cement_Region27Shaanxi_cement_Region18Hunan,0.0,0.0,0.0,234030.34470405185,0.0,0.0,0.0,234030.34470405185
cement_Region27Shaanxi_cement_Region19Guangdong,0.0,0.0,0.0,210718.1731862948,0.0,0.0,0.0,210718.1731862948
cement_Region27Shaanxi_cement_Region20Guangxi,0.0,0.0,0.0,217607.81758283844,0.0,0.0,0.0,217607.81758283844
cement_Region27Shaanxi_cement_Region21Hainan,0.0,0.0,0.0,197368.38402374682,0.0,0.0,0.0,197368.38402374682
cement_Region27Shaanxi_cement_Region22Chongqing,0.0,0.0,0.0,217859.29213660164,0.0,0.0,0.0,217859.29213660164
cement_Region27Shaanxi_cement_Region23Sichuan,0.0,0.0,0.0,224691.19521215733,0.0,0.0,0.0,224691.19521215733
cement_Region27Shaanxi_cement_Region24Guizhou,0.0,0.0,0.0,199770.99275397035,0.0,0.0,0.0,199770.99275397035
cement_Region27Shaanxi_cement_Region25Yunnan,0.0,0.0,0.0,193437.75248479075,0.0,0.0,0.0,193437.75248479075
cement_Region27Shaanxi_cement_Region28Gansu,0.0,0.0,0.0,190355.70701500736,0.0,0.0,0.0,190355.70701500736
cement_Region27Shaanxi_cement_Region29Qinghai,0.0,0.0,0.0,198833.446547623,0.0,0.0,0.0,198833.446547623
cement_Region27Shaanxi_cement_Region30Ningxia,0.0,0.0,0.0,166305.0656839195,0.0,0.0,0.0,166305.0656839195
cement_Region27Shaanxi_cement_Region31Xinjiang,0.0,0.0,0.0,184924.59951322238,0.0,0.0,0.0,184924.59951322238
cement_Region28Gansu_cement_Region1Beijing,0.0,0.0,0.0,194465.07225887736,0.0,0.0,0.0,194465.07225887736
cement_Region28Gansu_cement_Region2Tianjin,0.0,0.0,0.0,199244.98216541784,0.0,0.0,0.0,199244.98216541784
cement_Region28Gansu_cement_Region3Hebei,0.0,0.0,0.0,187225.1220858599,0.0,0.0,0.0,187225.1220858599
cement_Region28Gansu_cement_Region4Shanxi,0.0,0.0,0.0,180428.35923425862,0.0,0.0,0.0,180428.35923425862
cement_Region28Gansu_cement_Region5Innermongolia,0.0,0.0,0.0,166207.77438899086,0.0,0.0,0.0,166207.77438899086
cement_Region28Gansu_cement_Region6Liaoning,0.0,0.0,0.0,196855.79033366038,0.0,0.0,0.0,196855.79033366038
cement_Region28Gansu_cement_Region7Jilin,0.0,0.0,0.0,197022.9522922633,0.0,0.0,0.0,197022.9522922633
cement_Region28Gansu_cement_Region8Heilongjiang,0.0,0.0,0.0,194743.78534610156,0.0,0.0,0.0,194743.78534610156
cement_Region28Gansu_cement_Region9Shanghai,0.0,0.0,0.0,199011.71835395772,0.0,0.0,0.0,199011.71835395772
cement_Region28Gansu_cement_Region10Jiangsu,0.0,0.0,0.0,202514.2271277061,0.0,0.0,0.0,202514.2271277061
cement_Region28Gansu_cement_Region11Zhejiang,0.0,0.0,0.0,199742.51637484704,0.0,0.0,0.0,199742.51637484704
cement_Region28Gansu_cement_Region12Anhui,0.0,0.0,0.0,205100.79810749518,0.0,0.0,0.0,205100.79810749518
cement_Region28Gansu_cement_Region13Fujian,0.0,0.0,0.0,199510.43105545902,0.0,0.0,0.0,199510.43105545902
cement_Region28Gansu_cement_Region14Jiangxi,0.0,0.0,0.0,210460.44381740436,0.0,0.0,0.0,210460.44381740436
cement_Region28Gansu_cement_Region15Shandong,0.0,0.0,0.0,203872.47683817617,0.0,0.0,0.0,203872.47683817617
cement_Region28Gansu_cement_Region16Henan,0.0,0.0,0.0,206824.4262161233,0.0,0.0,0.0,206824.4262161233
cement_Region28Gansu_cement_Region17Hubei,0.0,0.0,0.0,211071.75177362617,0.0,0.0,0.0,211071.75177362617
cement_Region28Gansu_cement_Region18Hunan,0.0,0.0,0.0,211004.64478195304,0.0,0.0,0.0,211004.64478195304
cement_Region28Gansu_cement_Region19Guangdong,0.0,0.0,0.0,201986.20658562827,0.0,0.0,0.0,201986.20658562827
cement_Region28Gansu_cement_Region20Guangxi,0.0,0.0,0.0,208233.0911718269,0.0,0.0,0.0,208233.0911718269
cement_Region28Gansu_cement_Region21Hainan,0.0,0.0,0.0,193226.05081919202,0.0,0.0,0.0,193226.05081919202
cement_Region28Gansu_cement_Region22Chongqing,0.0,0.0,0.0,207039.55651622344,0.0,0.0,0.0,207039.55651622344
cement_Region28Gansu_cement_Region23Sichuan,0.0,0.0,0.0,210398.51531596453,0.0,0.0,0.0,210398.51531596453
cement_Region28Gansu_cement_Region24Guizhou,0.0,0.0,0.0,192120.79588778713,0.0,0.0,0.0,192120.79588778713
cement_Region28Gansu_cement_Region25Yunnan,0.0,0.0,0.0,188369.02841345596,0.0,0.0,0.0,188369.02841345596
cement_Region28Gansu_cement_Region27Shaanxi,0.0,0.0,0.0,152411.99402501344,0.0,0.0,0.0,152411.99402501344
cement_Region28Gansu_cement_Region29Qinghai,0.0,0.0,0.0,122250.45492925817,0.0,0.0,0.0,122250.45492925817
cement_Region28Gansu_cement_Region30Ningxia,0.0,0.0,0.0,126402.98145936093,0.0,0.0,0.0,126402.98145936093
cement_Region28Gansu_cement_Region31Xinjiang,0.0,0.0,0.0,177274.77039933344,0.0,0.0,0.0,177274.77039933344
cement_Region29Qinghai_cement_Region1Beijing,0.0,0.0,0.0,197214.16966636726,0.0,0.0,0.0,197214.16966636726
cement_Region29Qinghai_cement_Region2Tianjin,0.0,0.0,0.0,201444.52511186473,0.0,0.0,0.0,201444.52511186473
cement_Region29Qinghai_cement_Region3Hebei,0.0,0.0,0.0,191409.72620189126,0.0,0.0,0.0,191409.72620189126
cement_Region29Qinghai_cement_Region4Shanxi,0.0,0.0,0.0,186364.22818982863,0.0,0.0,0.0,186364.22818982863
cement_Region29Qinghai_cement_Region5Innermongolia,0.0,0.0,0.0,173056.37868406353,0.0,0.0,0.0,173056.37868406353
cement_Region29Qinghai_cement_Region6Liaoning,0.0,0.0,0.0,198591.45374546564,0.0,0.0,0.0,198591.45374546564
cement_Region29Qinghai_cement_Region7Jilin,0.0,0.0,0.0,198558.5094125126,0.0,0.0,0.0,198558.5094125126
cement_Region29Qinghai_cement_Region8Heilongjiang,0.0,0.0,0.0,196278.9256404498,0.0,0.0,0.0,196278.9256404498
cement_Region29Qinghai_cement_Region9Shanghai,0.0,0.0,0.0,200648.90380128662,0.0,0.0,0.0,200648.90380128662
cement_Region29Qinghai_cement_Region10Jiangsu,0.0,0.0,0.0,204027.18228716415,0.0,0.0,0.0,204027.18228716415
cement_Region29Qinghai_cement_Region11Zhejiang,0.0,0.0,0.0,201341.8493151272,0.0,0.0,0.0,201341.8493151272
cement_Region29Qinghai_cement_Region12Anhui,0.0,0.0,0.0,206509.79557760025,0.0,0.0,0.0,206509.79557760025
cement_Region29Qinghai_cement_Region13Fujian,0.0,0.0,0.0,200949.76386039838,0.0,0.0,0.0,200949.76386039838
cement_Region29Qinghai_cement_Region14Jiangxi,0.0,0.0,0.0,211128.69590544613,0.0,0.0,0.0,211128.69590544613
cement_Region29Qinghai_cement_Region15Shandong,0.0,0.0,0.0,205706.47896790196,0.0,0.0,0.0,205706.47896790196
cement_Region29Qinghai_cement_Region16Henan,0.0,0.0,0.0,208672.04518403966,0.0,0.0,0.0,208672.04518403966
cement_Region29Qinghai_cement_Region17Hubei,0.0,0.0,0.0,211936.1047119858,0.0,0.0,0.0,211936.1047119858
cement_Region29Qinghai_cement_Region18Hunan,0.0,0.0,0.0,211671.7318813789,0.0,0.0,0.0,211671.7318813789
cement_Region29Qinghai_cement_Region19Guangdong,0.0,0.0,0.0,203326.9969766781,0.0,0.0,0.0,203326.9969766781
cement_Region29Qinghai_cement_Region20Guangxi,0.0,0.0,0.0,209157.55545682635,0.0,0.0,0.0,209157.55545682635
cement_Region29Qinghai_cement_Region21Hainan,0.0,0.0,0.0,195035.3544403573,0.0,0.0,0.0,195035.3544403573
cement_Region29Qinghai_cement_Region22Chongqing,0.0,0.0,0.0,209243.8434121304,0.0,0.0,0.0,209243.8434121304
cement_Region29Qinghai_cement_Region23Sichuan,0.0,0.0,0.0,217223.046806938,0.0,0.0,0.0,217223.046806938
cement_Region29Qinghai_cement_Region24Guizhou,0.0,0.0,0.0,195430.84650900264,0.0,0.0,0.0,195430.84650900264
cement_Region29Qinghai_cement_Region25Yunnan,0.0,0.0,0.0,190977.15834850533,0.0,0.0,0.0,190977.15834850533
cement_Region29Qinghai_cement_Region27Shaanxi,0.0,0.0,0.0,181072.24367133965,0.0,0.0,0.0,181072.24367133965
cement_Region29Qinghai_cement_Region28Gansu,0.0,0.0,0.0,140294.27669855618,0.0,0.0,0.0,140294.27669855618
cement_Region29Qinghai_cement_Region30Ningxia,0.0,0.0,0.0,150773.11594588903,0.0,0.0,0.0,150773.11594588903
cement_Region29Qinghai_cement_Region31Xinjiang,0.0,0.0,0.0,177460.19497500232,0.0,0.0,0.0,177460.19497500232
cement_Region30Ningxia_cement_Region1Beijing,0.0,0.0,0.0,208829.59013207658,0.0,0.0,0.0,208829.59013207658
cement_Region30Ningxia_cement_Region2Tianjin,0.0,0.0,0.0,215532.785189647,0.0,0.0,0.0,215532.785189647
cement_Region30Ningxia_cement_Region3Hebei,0.0,0.0,0.0,199773.45953997158,0.0,0.0,0.0,199773.45953997158
cement_Region30Ningxia_cement_Region4Shanxi,0.0,0.0,0.0,179927.93495401225,0.0,0.0,0.0,179927.93495401225
cement_Region30Ningxia_cement_Region5Innermongolia,0.0,0.0,0.0,154221.7302781304,0.0,0.0,0.0,154221.7302781304
cement_Region30Ningxia_cement_Region6Liaoning,0.0,0.0,0.0,206452.16585732583,0.0,0.0,0.0,206452.16585732583
cement_Region30Ningxia_cement_Region7Jilin,0.0,0.0,0.0,205380.75333771764,0.0,0.0,0.0,205380.75333771764
cement_Region30Ningxia_cement_Region8Heilongjiang,0.0,0.0,0.0,201558.04394779739,0.0,0.0,0.0,201558.04394779739
cement_Region30Ningxia_cement_Region9Shanghai,0.0,0.0,0.0,208062.5888109646,0.0,0.0,0.0,208062.5888109646
cement_Region30Ningxia_cement_Region10Jiangsu,0.0,0.0,0.0,213832.29654566868,0.0,0.0,0.0,213832.29654566868
cement_Region30Ningxia_cement_Region11Zhejiang,0.0,0.0,0.0,208908.44724741834,0.0,0.0,0.0,208908.44724741834
cement_Region30Ningxia_cement_Region12Anhui,0.0,0.0,0.0,217382.15063485107,0.0,0.0,0.0,217382.15063485107
cement_Region30Ningxia_cement_Region13Fujian,0.0,0.0,0.0,207172.9940305008,0.0,0.0,0.0,207172.9940305008
cement_Region30Ningxia_cement_Region14Jiangxi,0.0,0.0,0.0,221900.28487723105,0.0,0.0,0.0,221900.28487723105
cement_Region30Ningxia_cement_Region15Shandong,0.0,0.0,0.0,222686.41328001698,0.0,0.0,0.0,222686.41328001698
cement_Region30Ningxia_cement_Region16Henan,0.0,0.0,0.0,228303.54790591815,0.0,0.0,0.0,228303.54790591815
cement_Region30Ningxia_cement_Region17Hubei,0.0,0.0,0.0,225701.42424132678,0.0,0.0,0.0,225701.42424132678
cement_Region30Ningxia_cement_Region18Hunan,0.0,0.0,0.0,223254.8359389078,0.0,0.0,0.0,223254.8359389078
cement_Region30Ningxia_cement_Region19Guangdong,0.0,0.0,0.0,209780.17664149354,0.0,0.0,0.0,209780.17664149354
cement_Region30Ningxia_cement_Region20Guangxi,0.0,0.0,0.0,215594.1023124791,0.0,0.0,0.0,215594.1023124791
cement_Region30Ningxia_cement_Region21Hainan,0.0,0.0,0.0,199728.77050781954,0.0,0.0,0.0,199728.77050781954
cement_Region30Ningxia_cement_Region22Chongqing,0.0,0.0,0.0,220944.86105675736,0.0,0.0,0.0,220944.86105675736
cement_Region30Ningxia_cement_Region23Sichuan,0.0,0.0,0.0,227530.9784270956,0.0,0.0,0.0,227530.9784270956
cement_Region30Ningxia_cement_Region24Guizhou,0.0,0.0,0.0,203389.15226268192,0.0,0.0,0.0,203389.15226268192
cement_Region30Ningxia_cement_Region25Yunnan,0.0,0.0,0.0,197527.31858720948,0.0,0.0,0.0,197527.31858720948
cement_Region30Ningxia_cement_Region27Shaanxi,0.0,0.0,0.0,175885.93205549082,0.0,0.0,0.0,175885.93205549082
cement_Region30Ningxia_cement_Region28Gansu,0.0,0.0,0.0,189292.8427466795,0.0,0.0,0.0,189292.8427466795
cement_Region30Ningxia_cement_Region29Qinghai,0.0,0.0,0.0,189980.71985863452,0.0,0.0,0.0,189980.71985863452
cement_Region30Ningxia_cement_Region31Xinjiang,0.0,0.0,0.0,184830.44564042098,0.0,0.0,0.0,184830.44564042098
cement_Region31Xinjiang_cement_Region1Beijing,0.0,0.0,0.0,210300.00613841703,0.0,0.0,0.0,210300.00613841703
cement_Region31Xinjiang_cement_Region2Tianjin,0.0,0.0,0.0,212443.2473921315,0.0,0.0,0.0,212443.2473921315
cement_Region31Xinjiang_cement_Region3Hebei,0.0,0.0,0.0,206950.6975379226,0.0,0.0,0.0,206950.6975379226
cement_Region31Xinjiang_cement_Region4Shanxi,0.0,0.0,0.0,205628.5090650044,0.0,0.0,0.0,205628.5090650044
cement_Region31Xinjiang_cement_Region5Innermongolia,0.0,0.0,0.0,197244.77208515772,0.0,0.0,0.0,197244.77208515772
cement_Region31Xinjiang_cement_Region6Liaoning,0.0,0.0,0.0,208661.50726146472,0.0,0.0,0.0,208661.50726146472
cement_Region31Xinjiang_cement_Region7Jilin,0.0,0.0,0.0,208482.9843248651,0.0,0.0,0.0,208482.9843248651
cement_Region31Xinjiang_cement_Region8Heilongjiang,0.0,0.0,0.0,206103.34282047887,0.0,0.0,0.0,206103.34282047887
cement_Region31Xinjiang_cement_Region9Shanghai,0.0,0.0,0.0,208599.99413923835,0.0,0.0,0.0,208599.99413923835
cement_Region31Xinjiang_cement_Region10Jiangsu,0.0,0.0,0.0,211104.3492819863,0.0,0.0,0.0,211104.3492819863
cement_Region31Xinjiang_cement_Region11Zhejiang,0.0,0.0,0.0,209093.98202225307,0.0,0.0,0.0,209093.98202225307
cement_Region31Xinjiang_cement_Region12Anhui,0.0,0.0,0.0,212769.31829458746,0.0,0.0,0.0,212769.31829458746
cement_Region31Xinjiang_cement_Region13Fujian,0.0,0.0,0.0,208313.5898989429,0.0,0.0,0.0,208313.5898989429
cement_Region31Xinjiang_cement_Region14Jiangxi,0.0,0.0,0.0,215076.95271049158,0.0,0.0,0.0,215076.95271049158
cement_Region31Xinjiang_cement_Region15Shandong,0.0,0.0,0.0,213561.85155719335,0.0,0.0,0.0,213561.85155719335
cement_Region31Xinjiang_cement_Region16Henan,0.0,0.0,0.0,214872.38082164686,0.0,0.0,0.0,214872.38082164686
cement_Region31Xinjiang_cement_Region17Hubei,0.0,0.0,0.0,215849.01649155747,0.0,0.0,0.0,215849.01649155747
cement_Region31Xinjiang_cement_Region18Hunan,0.0,0.0,0.0,215458.56810427175,0.0,0.0,0.0,215458.56810427175
cement_Region31Xinjiang_cement_Region19Guangdong,0.0,0.0,0.0,209719.52233729078,0.0,0.0,0.0,209719.52233729078
cement_Region31Xinjiang_cement_Region20Guangxi,0.0,0.0,0.0,213741.58167471745,0.0,0.0,0.0,213741.58167471745
cement_Region31Xinjiang_cement_Region21Hainan,0.0,0.0,0.0,204270.50104761464,0.0,0.0,0.0,204270.50104761464
cement_Region31Xinjiang_cement_Region22Chongqing,0.0,0.0,0.0,215172.76008799655,0.0,0.0,0.0,215172.76008799655
cement_Region31Xinjiang_cement_Region23Sichuan,0.0,0.0,0.0,218540.55838508232,0.0,0.0,0.0,218540.55838508232
cement_Region31Xinjiang_cement_Region24Guizhou,0.0,0.0,0.0,207422.6561338687,0.0,0.0,0.0,207422.6561338687
cement_Region31Xinjiang_cement_Region25Yunnan,0.0,0.0,0.0,203837.49417662044,0.0,0.0,0.0,203837.49417662044
cement_Region31Xinjiang_cement_Region27Shaanxi,0.0,0.0,0.0,207787.74886650522,0.0,0.0,0.0,207787.74886650522
cement_Region31Xinjiang_cement_Region28Gansu,0.0,0.0,0.0,217585.5531422576,0.0,0.0,0.0,217585.5531422576
cement_Region31Xinjiang_cement_Region29Qinghai,0.0,0.0,0.0,217042.26959094984,0.0,0.0,0.0,217042.26959094984
cement_Region31Xinjiang_cement_Region30Ningxia,0.0,0.0,0.0,207290.07095511217,0.0,0.0,0.0,207290.07095511217
Region1Beijing_Region2Tianjin,0.0,0.0,0.0,5.176278940986492e6,0.0,0.0,0.0,5.176278940986492e6
Region1Beijing_Region3Hebei,0.0,0.0,0.0,65339.75604747817,0.0,0.0,0.0,65339.75604747817
Region1Beijing_Region4Shanxi,0.0,0.0,0.0,91496.41731280467,0.0,0.0,0.0,91496.41731280467
Region1Beijing_Region5Innermongolia,0.0,0.0,0.0,91078.734193755,0.0,0.0,0.0,91078.734193755
Region1Beijing_Region6Liaoning,0.0,0.0,0.0,197755.52197652002,0.0,0.0,0.0,197755.52197652002
Region1Beijing_Region7Jilin,0.0,0.0,0.0,226629.23080364772,0.0,0.0,0.0,226629.23080364772
Region1Beijing_Region8Heilongjiang,0.0,0.0,0.0,292398.85853421054,0.0,0.0,0.0,292398.85853421054
Region1Beijing_Region9Shanghai,0.0,0.0,0.0,411384.4813596083,0.0,0.0,0.0,411384.4813596083
Region1Beijing_Region10Jiangsu,0.0,0.0,0.0,298188.6428833655,0.0,0.0,0.0,298188.6428833655
Region1Beijing_Region11Zhejiang,0.0,0.0,0.0,391880.55430309207,0.0,0.0,0.0,391880.55430309207
Region1Beijing_Region12Anhui,0.0,0.0,0.0,415421.1830776842,0.0,0.0,0.0,415421.1830776842
Region1Beijing_Region13Fujian,0.0,0.0,0.0,251990.99950575794,0.0,0.0,0.0,251990.99950575794
Region1Beijing_Region14Jiangxi,0.0,0.0,0.0,463456.7063233241,0.0,0.0,0.0,463456.7063233241
Region1Beijing_Region15Shandong,0.0,0.0,0.0,227849.5506024746,0.0,0.0,0.0,227849.5506024746
Region1Beijing_Region16Henan,0.0,0.0,0.0,198552.91757679262,0.0,0.0,0.0,198552.91757679262
Region1Beijing_Region17Hubei,0.0,0.0,0.0,298778.5858550034,0.0,0.0,0.0,298778.5858550034
Region1Beijing_Region18Hunan,0.0,0.0,0.0,376787.2280678245,0.0,0.0,0.0,376787.2280678245
Region1Beijing_Region19Guangdong,0.0,0.0,0.0,847584.6098778107,0.0,0.0,0.0,847584.6098778107
Region1Beijing_Region20Guangxi,0.0,0.0,0.0,366576.6410239083,0.0,0.0,0.0,366576.6410239083
Region1Beijing_Region21Hainan,0.0,0.0,0.0,330533.534518374,0.0,0.0,0.0,330533.534518374
Region1Beijing_Region22Chongqing,0.0,0.0,0.0,490430.43703919393,0.0,0.0,0.0,490430.43703919393
Region1Beijing_Region23Sichuan,0.0,0.0,0.0,496215.36713256506,0.0,0.0,0.0,496215.36713256506
Region1Beijing_Region24Guizhou,0.0,0.0,0.0,635020.6043337708,0.0,0.0,0.0,635020.6043337708
Region1Beijing_Region25Yunnan,0.0,0.0,0.0,704252.9238611746,0.0,0.0,0.0,704252.9238611746
Region1Beijing_Region27Shaanxi,0.0,0.0,0.0,294628.1396350349,0.0,0.0,0.0,294628.1396350349
Region1Beijing_Region28Gansu,0.0,0.0,0.0,236330.01703233295,0.0,0.0,0.0,236330.01703233295
Region1Beijing_Region29Qinghai,0.0,0.0,0.0,188191.64293945607,0.0,0.0,0.0,188191.64293945607
Region1Beijing_Region30Ningxia,0.0,0.0,0.0,179746.7745091282,0.0,0.0,0.0,179746.7745091282
Region1Beijing_Region31Xinjiang,0.0,0.0,0.0,121216.62252858383,0.0,0.0,0.0,121216.62252858383
Region2Tianjin_Region1Beijing,0.0,0.0,0.0,122756.26291578588,0.0,0.0,0.0,122756.26291578588
Region2Tianjin_Region3Hebei,0.0,0.0,0.0,66580.7698635419,0.0,0.0,0.0,66580.7698635419
Region2Tianjin_Region4Shanxi,0.0,0.0,0.0,90663.30077829237,0.0,0.0,0.0,90663.30077829237
Region2Tianjin_Region5Innermongolia,0.0,0.0,0.0,97409.57854268442,0.0,0.0,0.0,97409.57854268442
Region2Tianjin_Region6Liaoning,0.0,0.0,0.0,175514.49871728025,0.0,0.0,0.0,175514.49871728025
Region2Tianjin_Region7Jilin,0.0,0.0,0.0,207800.0719906208,0.0,0.0,0.0,207800.0719906208
Region2Tianjin_Region8Heilongjiang,0.0,0.0,0.0,268218.26965357753,0.0,0.0,0.0,268218.26965357753
Region2Tianjin_Region9Shanghai,0.0,0.0,0.0,436081.3495808946,0.0,0.0,0.0,436081.3495808946
Region2Tianjin_Region10Jiangsu,0.0,0.0,0.0,293821.22279970493,0.0,0.0,0.0,293821.22279970493
Region2Tianjin_Region11Zhejiang,0.0,0.0,0.0,407096.24186702725,0.0,0.0,0.0,407096.24186702725
Region2Tianjin_Region12Anhui,0.0,0.0,0.0,396291.7479454618,0.0,0.0,0.0,396291.7479454618
Region2Tianjin_Region13Fujian,0.0,0.0,0.0,244890.48555576443,0.0,0.0,0.0,244890.48555576443
Region2Tianjin_Region14Jiangxi,0.0,0.0,0.0,442666.0897552535,0.0,0.0,0.0,442666.0897552535
Region2Tianjin_Region15Shandong,0.0,0.0,0.0,180857.44291761954,0.0,0.0,0.0,180857.44291761954
Region2Tianjin_Region16Henan,0.0,0.0,0.0,201706.64705810533,0.0,0.0,0.0,201706.64705810533
Region2Tianjin_Region17Hubei,0.0,0.0,0.0,291567.37447645393,0.0,0.0,0.0,291567.37447645393
Region2Tianjin_Region18Hunan,0.0,0.0,0.0,371471.4498967405,0.0,0.0,0.0,371471.4498967405
Region2Tianjin_Region19Guangdong,0.0,0.0,0.0,777281.9652728109,0.0,0.0,0.0,777281.9652728109
Region2Tianjin_Region20Guangxi,0.0,0.0,0.0,350893.17851728003,0.0,0.0,0.0,350893.17851728003
Region2Tianjin_Region21Hainan,0.0,0.0,0.0,312632.0254643222,0.0,0.0,0.0,312632.0254643222
Region2Tianjin_Region22Chongqing,0.0,0.0,0.0,447548.41445453983,0.0,0.0,0.0,447548.41445453983
Region2Tianjin_Region23Sichuan,0.0,0.0,0.0,454634.6014064359,0.0,0.0,0.0,454634.6014064359
Region2Tianjin_Region24Guizhou,0.0,0.0,0.0,592563.288037389,0.0,0.0,0.0,592563.288037389
Region2Tianjin_Region25Yunnan,0.0,0.0,0.0,636783.6902381418,0.0,0.0,0.0,636783.6902381418
Region2Tianjin_Region27Shaanxi,0.0,0.0,0.0,271237.0335540173,0.0,0.0,0.0,271237.0335540173
Region2Tianjin_Region28Gansu,0.0,0.0,0.0,223287.63685557208,0.0,0.0,0.0,223287.63685557208
Region2Tianjin_Region29Qinghai,0.0,0.0,0.0,182529.12981810438,0.0,0.0,0.0,182529.12981810438
Region2Tianjin_Region30Ningxia,0.0,0.0,0.0,172109.60731994433,0.0,0.0,0.0,172109.60731994433
Region2Tianjin_Region31Xinjiang,0.0,0.0,0.0,121360.27761155718,0.0,0.0,0.0,121360.27761155718
Region3Hebei_Region1Beijing,0.0,0.0,0.0,1.3032076049978395e6,0.0,0.0,0.0,1.3032076049978395e6
Region3Hebei_Region2Tianjin,0.0,0.0,0.0,6.03275296997965e8,0.0,0.0,0.0,6.03275296997965e8
Region3Hebei_Region4Shanxi,0.0,0.0,0.0,132747.51449985465,0.0,0.0,0.0,132747.51449985465
Region3Hebei_Region5Innermongolia,0.0,0.0,0.0,132477.7044696352,0.0,0.0,0.0,132477.7044696352
Region3Hebei_Region6Liaoning,0.0,0.0,0.0,300515.537988983,0.0,0.0,0.0,300515.537988983
Region3Hebei_Region7Jilin,0.0,0.0,0.0,281169.75593285554,0.0,0.0,0.0,281169.75593285554
Region3Hebei_Region8Heilongjiang,0.0,0.0,0.0,339983.74450053705,0.0,0.0,0.0,339983.74450053705
Region3Hebei_Region9Shanghai,0.0,0.0,0.0,4.316273706482817e6,0.0,0.0,0.0,4.316273706482817e6
Region3Hebei_Region10Jiangsu,0.0,0.0,0.0,1.0604312243299724e6,0.0,0.0,0.0,1.0604312243299724e6
Region3Hebei_Region11Zhejiang,0.0,0.0,0.0,1.4638997000061087e6,0.0,0.0,0.0,1.4638997000061087e6
Region3Hebei_Region12Anhui,0.0,0.0,0.0,6.49982359910638e8,0.0,0.0,0.0,6.49982359910638e8
Region3Hebei_Region13Fujian,0.0,0.0,0.0,2.0303037619675e7,0.0,0.0,0.0,2.0303037619675e7
Region3Hebei_Region14Jiangxi,0.0,0.0,0.0,1.2391677955466924e9,0.0,0.0,0.0,1.2391677955466924e9
Region3Hebei_Region15Shandong,0.0,0.0,0.0,1.976158596790925e9,0.0,0.0,0.0,1.976158596790925e9
Region3Hebei_Region16Henan,0.0,0.0,0.0,2.271986114217915e9,0.0,0.0,0.0,2.271986114217915e9
Region3Hebei_Region17Hubei,0.0,0.0,0.0,3.7918715620155627e8,0.0,0.0,0.0,3.7918715620155627e8
Region3Hebei_Region18Hunan,0.0,0.0,0.0,1.9083950247960253e9,0.0,0.0,0.0,1.9083950247960253e9
Region3Hebei_Region19Guangdong,0.0,0.0,0.0,9.866042928014793e8,0.0,0.0,0.0,9.866042928014793e8
Region3Hebei_Region20Guangxi,0.0,0.0,0.0,546973.8905532659,0.0,0.0,0.0,546973.8905532659
Region3Hebei_Region21Hainan,0.0,0.0,0.0,607556.5040944512,0.0,0.0,0.0,607556.5040944512
Region3Hebei_Region22Chongqing,0.0,0.0,0.0,1.6947229969537347e6,0.0,0.0,0.0,1.6947229969537347e6
Region3Hebei_Region23Sichuan,0.0,0.0,0.0,1.688898776245347e6,0.0,0.0,0.0,1.688898776245347e6
Region3Hebei_Region24Guizhou,0.0,0.0,0.0,2.7651511710983473e6,0.0,0.0,0.0,2.7651511710983473e6
Region3Hebei_Region25Yunnan,0.0,0.0,0.0,2.3672868128946633e6,0.0,0.0,0.0,2.3672868128946633e6
Region3Hebei_Region27Shaanxi,0.0,0.0,0.0,893664.745333887,0.0,0.0,0.0,893664.745333887
Region3Hebei_Region28Gansu,0.0,0.0,0.0,332448.54491338803,0.0,0.0,0.0,332448.54491338803
Region3Hebei_Region29Qinghai,0.0,0.0,0.0,215388.8046466033,0.0,0.0,0.0,215388.8046466033
Region3Hebei_Region30Ningxia,0.0,0.0,0.0,236290.65128437895,0.0,0.0,0.0,236290.65128437895
Region3Hebei_Region31Xinjiang,0.0,0.0,0.0,128076.970927713,0.0,0.0,0.0,128076.970927713
Region4Shanxi_Region1Beijing,0.0,0.0,0.0,317837.4894262512,0.0,0.0,0.0,317837.4894262512
Region4Shanxi_Region2Tianjin,0.0,0.0,0.0,444142.4180016955,0.0,0.0,0.0,444142.4180016955
Region4Shanxi_Region3Hebei,0.0,0.0,0.0,174616.57629137908,0.0,0.0,0.0,174616.57629137908
Region4Shanxi_Region5Innermongolia,0.0,0.0,0.0,113354.23030041477,0.0,0.0,0.0,113354.23030041477
Region4Shanxi_Region6Liaoning,0.0,0.0,0.0,266184.1500428839,0.0,0.0,0.0,266184.1500428839
Region4Shanxi_Region7Jilin,0.0,0.0,0.0,258031.94809637437,0.0,0.0,0.0,258031.94809637437
Region4Shanxi_Region8Heilongjiang,0.0,0.0,0.0,304444.6680890531,0.0,0.0,0.0,304444.6680890531
Region4Shanxi_Region9Shanghai,0.0,0.0,0.0,626894.0042643606,0.0,0.0,0.0,626894.0042643606
Region4Shanxi_Region10Jiangsu,0.0,0.0,0.0,448376.5675636749,0.0,0.0,0.0,448376.5675636749
Region4Shanxi_Region11Zhejiang,0.0,0.0,0.0,566309.8650703913,0.0,0.0,0.0,566309.8650703913
Region4Shanxi_Region12Anhui,0.0,0.0,0.0,1.293430884126928e6,0.0,0.0,0.0,1.293430884126928e6
Region4Shanxi_Region13Fujian,0.0,0.0,0.0,298796.9557315494,0.0,0.0,0.0,298796.9557315494
Region4Shanxi_Region14Jiangxi,0.0,0.0,0.0,1.5529354149952687e6,0.0,0.0,0.0,1.5529354149952687e6
Region4Shanxi_Region15Shandong,0.0,0.0,0.0,456943.25479717064,0.0,0.0,0.0,456943.25479717064
Region4Shanxi_Region16Henan,0.0,0.0,0.0,3.1552276020511676e7,0.0,0.0,0.0,3.1552276020511676e7
Region4Shanxi_Region17Hubei,0.0,0.0,0.0,2.530112432431073e6,0.0,0.0,0.0,2.530112432431073e6
Region4Shanxi_Region18Hunan,0.0,0.0,0.0,4.823162808297773e6,0.0,0.0,0.0,4.823162808297773e6
Region4Shanxi_Region19Guangdong,0.0,0.0,0.0,1.6138741235860799e7,0.0,0.0,0.0,1.6138741235860799e7
Region4Shanxi_Region20Guangxi,0.0,0.0,0.0,546726.0859304348,0.0,0.0,0.0,546726.0859304348
Region4Shanxi_Region21Hainan,0.0,0.0,0.0,608104.0595445267,0.0,0.0,0.0,608104.0595445267
Region4Shanxi_Region22Chongqing,0.0,0.0,0.0,9.514050795010387e8,0.0,0.0,0.0,9.514050795010387e8
Region4Shanxi_Region23Sichuan,0.0,0.0,0.0,1.1559612909255312e8,0.0,0.0,0.0,1.1559612909255312e8
Region4Shanxi_Region24Guizhou,0.0,0.0,0.0,2.157250907044839e9,0.0,0.0,0.0,2.157250907044839e9
Region4Shanxi_Region25Yunnan,0.0,0.0,0.0,4.981414900739215e7,0.0,0.0,0.0,4.981414900739215e7
Region4Shanxi_Region27Shaanxi,0.0,0.0,0.0,1.2776368715131178e9,0.0,0.0,0.0,1.2776368715131178e9
Region4Shanxi_Region28Gansu,0.0,0.0,0.0,374446.89978973416,0.0,0.0,0.0,374446.89978973416
Region4Shanxi_Region29Qinghai,0.0,0.0,0.0,210176.8215816589,0.0,0.0,0.0,210176.8215816589
Region4Shanxi_Region30Ningxia,0.0,0.0,0.0,239049.85885311238,0.0,0.0,0.0,239049.85885311238
Region4Shanxi_Region31Xinjiang,0.0,0.0,0.0,123842.39240207776,0.0,0.0,0.0,123842.39240207776
Region5Innermongolia_Region1Beijing,0.0,0.0,0.0,1.4378769712585142e8,0.0,0.0,0.0,1.4378769712585142e8
Region5Innermongolia_Region2Tianjin,0.0,0.0,0.0,6.102588158963296e6,0.0,0.0,0.0,6.102588158963296e6
Region5Innermongolia_Region3Hebei,0.0,0.0,0.0,153414.31641565912,0.0,0.0,0.0,153414.31641565912
Region5Innermongolia_Region4Shanxi,0.0,0.0,0.0,109036.00939343947,0.0,0.0,0.0,109036.00939343947
Region5Innermongolia_Region6Liaoning,0.0,0.0,0.0,356669.8153105703,0.0,0.0,0.0,356669.8153105703
Region5Innermongolia_Region7Jilin,0.0,0.0,0.0,352916.1803757456,0.0,0.0,0.0,352916.1803757456
Region5Innermongolia_Region8Heilongjiang,0.0,0.0,0.0,432293.1599665125,0.0,0.0,0.0,432293.1599665125
Region5Innermongolia_Region9Shanghai,0.0,0.0,0.0,545215.1755464205,0.0,0.0,0.0,545215.1755464205
Region5Innermongolia_Region10Jiangsu,0.0,0.0,0.0,419623.6524995972,0.0,0.0,0.0,419623.6524995972
Region5Innermongolia_Region11Zhejiang,0.0,0.0,0.0,508523.8454702694,0.0,0.0,0.0,508523.8454702694
Region5Innermongolia_Region12Anhui,0.0,0.0,0.0,689082.1675066829,0.0,0.0,0.0,689082.1675066829
Region5Innermongolia_Region13Fujian,0.0,0.0,0.0,306961.4973349586,0.0,0.0,0.0,306961.4973349586
Region5Innermongolia_Region14Jiangxi,0.0,0.0,0.0,780574.1384073575,0.0,0.0,0.0,780574.1384073575
Region5Innermongolia_Region15Shandong,0.0,0.0,0.0,462343.09285878413,0.0,0.0,0.0,462343.09285878413
Region5Innermongolia_Region16Henan,0.0,0.0,0.0,358904.86071667256,0.0,0.0,0.0,358904.86071667256
Region5Innermongolia_Region17Hubei,0.0,0.0,0.0,436599.22819136066,0.0,0.0,0.0,436599.22819136066
Region5Innermongolia_Region18Hunan,0.0,0.0,0.0,490627.03850942175,0.0,0.0,0.0,490627.03850942175
Region5Innermongolia_Region19Guangdong,0.0,0.0,0.0,2.6357646739607076e6,0.0,0.0,0.0,2.6357646739607076e6
Region5Innermongolia_Region20Guangxi,0.0,0.0,0.0,551999.8217894508,0.0,0.0,0.0,551999.8217894508
Region5Innermongolia_Region21Hainan,0.0,0.0,0.0,517463.5678120434,0.0,0.0,0.0,517463.5678120434
Region5Innermongolia_Region22Chongqing,0.0,0.0,0.0,1.487268737674021e6,0.0,0.0,0.0,1.487268737674021e6
Region5Innermongolia_Region23Sichuan,0.0,0.0,0.0,1.4303343682090305e6,0.0,0.0,0.0,1.4303343682090305e6
Region5Innermongolia_Region24Guizhou,0.0,0.0,0.0,4.489828134331961e6,0.0,0.0,0.0,4.489828134331961e6
Region5Innermongolia_Region25Yunnan,0.0,0.0,0.0,5.918007054731764e6,0.0,0.0,0.0,5.918007054731764e6
Region5Innermongolia_Region27Shaanxi,0.0,0.0,0.0,476483.2016308679,0.0,0.0,0.0,476483.2016308679
Region5Innermongolia_Region28Gansu,0.0,0.0,0.0,419302.691448918,0.0,0.0,0.0,419302.691448918
Region5Innermongolia_Region29Qinghai,0.0,0.0,0.0,166745.72595410302,0.0,0.0,0.0,166745.72595410302
Region5Innermongolia_Region30Ningxia,0.0,0.0,0.0,246439.2679693917,0.0,0.0,0.0,246439.2679693917
Region5Innermongolia_Region31Xinjiang,0.0,0.0,0.0,125559.05166486367,0.0,0.0,0.0,125559.05166486367
Region6Liaoning_Region1Beijing,0.0,0.0,0.0,171680.03775158184,0.0,0.0,0.0,171680.03775158184
Region6Liaoning_Region2Tianjin,0.0,0.0,0.0,194599.2744374794,0.0,0.0,0.0,194599.2744374794
Region6Liaoning_Region3Hebei,0.0,0.0,0.0,142638.0888941925,0.0,0.0,0.0,142638.0888941925
Region6Liaoning_Region4Shanxi,0.0,0.0,0.0,150342.793953228,0.0,0.0,0.0,150342.793953228
Region6Liaoning_Region5Innermongolia,0.0,0.0,0.0,130176.24652679866,0.0,0.0,0.0,130176.24652679866
Region6Liaoning_Region7Jilin,0.0,0.0,0.0,169494.63243787875,0.0,0.0,0.0,169494.63243787875
Region6Liaoning_Region8Heilongjiang,0.0,0.0,0.0,378853.1318317482,0.0,0.0,0.0,378853.1318317482
Region6Liaoning_Region9Shanghai,0.0,0.0,0.0,308464.0753785935,0.0,0.0,0.0,308464.0753785935
Region6Liaoning_Region10Jiangsu,0.0,0.0,0.0,250823.08102554153,0.0,0.0,0.0,250823.08102554153
Region6Liaoning_Region11Zhejiang,0.0,0.0,0.0,299713.26370884624,0.0,0.0,0.0,299713.26370884624
Region6Liaoning_Region12Anhui,0.0,0.0,0.0,292971.54245916934,0.0,0.0,0.0,292971.54245916934
Region6Liaoning_Region13Fujian,0.0,0.0,0.0,245570.03357440827,0.0,0.0,0.0,245570.03357440827
Region6Liaoning_Region14Jiangxi,0.0,0.0,0.0,304856.1335011501,0.0,0.0,0.0,304856.1335011501
Region6Liaoning_Region15Shandong,0.0,0.0,0.0,191881.16603099482,0.0,0.0,0.0,191881.16603099482
Region6Liaoning_Region16Henan,0.0,0.0,0.0,203379.01832993122,0.0,0.0,0.0,203379.01832993122
Region6Liaoning_Region17Hubei,0.0,0.0,0.0,243606.8715424554,0.0,0.0,0.0,243606.8715424554
Region6Liaoning_Region18Hunan,0.0,0.0,0.0,285919.5614782806,0.0,0.0,0.0,285919.5614782806
Region6Liaoning_Region19Guangdong,0.0,0.0,0.0,441085.2668078672,0.0,0.0,0.0,441085.2668078672
Region6Liaoning_Region20Guangxi,0.0,0.0,0.0,292881.9878277048,0.0,0.0,0.0,292881.9878277048
Region6Liaoning_Region21Hainan,0.0,0.0,0.0,254916.76298315075,0.0,0.0,0.0,254916.76298315075
Region6Liaoning_Region22Chongqing,0.0,0.0,0.0,326986.9329727979,0.0,0.0,0.0,326986.9329727979
Region6Liaoning_Region23Sichuan,0.0,0.0,0.0,330670.95535363065,0.0,0.0,0.0,330670.95535363065
Region6Liaoning_Region24Guizhou,0.0,0.0,0.0,386258.2524656628,0.0,0.0,0.0,386258.2524656628
Region6Liaoning_Region25Yunnan,0.0,0.0,0.0,425755.3146752233,0.0,0.0,0.0,425755.3146752233
Region6Liaoning_Region27Shaanxi,0.0,0.0,0.0,233956.9037804491,0.0,0.0,0.0,233956.9037804491
Region6Liaoning_Region28Gansu,0.0,0.0,0.0,211098.68095374687,0.0,0.0,0.0,211098.68095374687
Region6Liaoning_Region29Qinghai,0.0,0.0,0.0,187349.2871790492,0.0,0.0,0.0,187349.2871790492
Region6Liaoning_Region30Ningxia,0.0,0.0,0.0,178103.52141734076,0.0,0.0,0.0,178103.52141734076
Region6Liaoning_Region31Xinjiang,0.0,0.0,0.0,129149.74155156559,0.0,0.0,0.0,129149.74155156559
Region7Jilin_Region1Beijing,0.0,0.0,0.0,170324.35794851687,0.0,0.0,0.0,170324.35794851687
Region7Jilin_Region2Tianjin,0.0,0.0,0.0,182283.32179285324,0.0,0.0,0.0,182283.32179285324
Region7Jilin_Region3Hebei,0.0,0.0,0.0,148508.18670550094,0.0,0.0,0.0,148508.18670550094
Region7Jilin_Region4Shanxi,0.0,0.0,0.0,155166.10696088092,0.0,0.0,0.0,155166.10696088092
Region7Jilin_Region5Innermongolia,0.0,0.0,0.0,134860.1149849389,0.0,0.0,0.0,134860.1149849389
Region7Jilin_Region6Liaoning,0.0,0.0,0.0,149625.15580244997,0.0,0.0,0.0,149625.15580244997
Region7Jilin_Region8Heilongjiang,0.0,0.0,0.0,9.030151983169492e7,0.0,0.0,0.0,9.030151983169492e7
Region7Jilin_Region9Shanghai,0.0,0.0,0.0,274354.852916035,0.0,0.0,0.0,274354.852916035
Region7Jilin_Region10Jiangsu,0.0,0.0,0.0,231875.5450669198,0.0,0.0,0.0,231875.5450669198
Region7Jilin_Region11Zhejiang,0.0,0.0,0.0,268848.34654226986,0.0,0.0,0.0,268848.34654226986
Region7Jilin_Region12Anhui,0.0,0.0,0.0,261720.68775047868,0.0,0.0,0.0,261720.68775047868
Region7Jilin_Region13Fujian,0.0,0.0,0.0,237822.99325713195,0.0,0.0,0.0,237822.99325713195
Region7Jilin_Region14Jiangxi,0.0,0.0,0.0,280353.8690966511,0.0,0.0,0.0,280353.8690966511
Region7Jilin_Region15Shandong,0.0,0.0,0.0,185701.1260991451,0.0,0.0,0.0,185701.1260991451
Region7Jilin_Region16Henan,0.0,0.0,0.0,196802.30781099325,0.0,0.0,0.0,196802.30781099325
Region7Jilin_Region17Hubei,0.0,0.0,0.0,237990.58274804323,0.0,0.0,0.0,237990.58274804323
Region7Jilin_Region18Hunan,0.0,0.0,0.0,272996.9954397566,0.0,0.0,0.0,272996.9954397566
Region7Jilin_Region19Guangdong,0.0,0.0,0.0,380581.5162908864,0.0,0.0,0.0,380581.5162908864
Region7Jilin_Region20Guangxi,0.0,0.0,0.0,274125.40152088547,0.0,0.0,0.0,274125.40152088547
Region7Jilin_Region21Hainan,0.0,0.0,0.0,236674.6663636366,0.0,0.0,0.0,236674.6663636366
Region7Jilin_Region22Chongqing,0.0,0.0,0.0,296833.0152889194,0.0,0.0,0.0,296833.0152889194
Region7Jilin_Region23Sichuan,0.0,0.0,0.0,299679.6326470607,0.0,0.0,0.0,299679.6326470607
Region7Jilin_Region24Guizhou,0.0,0.0,0.0,341935.7669326723,0.0,0.0,0.0,341935.7669326723
Region7Jilin_Region25Yunnan,0.0,0.0,0.0,376594.81780914956,0.0,0.0,0.0,376594.81780914956
Region7Jilin_Region27Shaanxi,0.0,0.0,0.0,221532.625526902,0.0,0.0,0.0,221532.625526902
Region7Jilin_Region28Gansu,0.0,0.0,0.0,204795.28113714358,0.0,0.0,0.0,204795.28113714358
Region7Jilin_Region29Qinghai,0.0,0.0,0.0,185657.6688949049,0.0,0.0,0.0,185657.6688949049
Region7Jilin_Region30Ningxia,0.0,0.0,0.0,176319.49238515057,0.0,0.0,0.0,176319.49238515057
Region7Jilin_Region31Xinjiang,0.0,0.0,0.0,129146.44688307552,0.0,0.0,0.0,129146.44688307552
Region8Heilongjiang_Region1Beijing,0.0,0.0,0.0,146464.96355057243,0.0,0.0,0.0,146464.96355057243
Region8Heilongjiang_Region2Tianjin,0.0,0.0,0.0,152564.56943809136,0.0,0.0,0.0,152564.56943809136
Region8Heilongjiang_Region3Hebei,0.0,0.0,0.0,136570.81990372372,0.0,0.0,0.0,136570.81990372372
Region8Heilongjiang_Region4Shanxi,0.0,0.0,0.0,142920.08056268288,0.0,0.0,0.0,142920.08056268288
Region8Heilongjiang_Region5Innermongolia,0.0,0.0,0.0,126062.63328724052,0.0,0.0,0.0,126062.63328724052
Region8Heilongjiang_Region6Liaoning,0.0,0.0,0.0,106099.0783527832,0.0,0.0,0.0,106099.0783527832
Region8Heilongjiang_Region7Jilin,0.0,0.0,0.0,66252.9920178482,0.0,0.0,0.0,66252.9920178482
Region8Heilongjiang_Region9Shanghai,0.0,0.0,0.0,229094.60958156735,0.0,0.0,0.0,229094.60958156735
Region8Heilongjiang_Region10Jiangsu,0.0,0.0,0.0,198963.23815860166,0.0,0.0,0.0,198963.23815860166
Region8Heilongjiang_Region11Zhejiang,0.0,0.0,0.0,226009.38919831542,0.0,0.0,0.0,226009.38919831542
Region8Heilongjiang_Region12Anhui,0.0,0.0,0.0,217665.54888655053,0.0,0.0,0.0,217665.54888655053
Region8Heilongjiang_Region13Fujian,0.0,0.0,0.0,214078.7945139714,0.0,0.0,0.0,214078.7945139714
Region8Heilongjiang_Region14Jiangxi,0.0,0.0,0.0,243776.13991824343,0.0,0.0,0.0,243776.13991824343
Region8Heilongjiang_Region15Shandong,0.0,0.0,0.0,159344.74338832457,0.0,0.0,0.0,159344.74338832457
Region8Heilongjiang_Region16Henan,0.0,0.0,0.0,173668.55186123805,0.0,0.0,0.0,173668.55186123805
Region8Heilongjiang_Region17Hubei,0.0,0.0,0.0,216925.53740983433,0.0,0.0,0.0,216925.53740983433
Region8Heilongjiang_Region18Hunan,0.0,0.0,0.0,245562.84807044332,0.0,0.0,0.0,245562.84807044332
Region8Heilongjiang_Region19Guangdong,0.0,0.0,0.0,311713.625613149,0.0,0.0,0.0,311713.625613149
Region8Heilongjiang_Region20Guangxi,0.0,0.0,0.0,242465.29190718534,0.0,0.0,0.0,242465.29190718534
Region8Heilongjiang_Region21Hainan,0.0,0.0,0.0,205419.82365740996,0.0,0.0,0.0,205419.82365740996
Region8Heilongjiang_Region22Chongqing,0.0,0.0,0.0,253733.1340643663,0.0,0.0,0.0,253733.1340643663
Region8Heilongjiang_Region23Sichuan,0.0,0.0,0.0,255692.62362973316,0.0,0.0,0.0,255692.62362973316
Region8Heilongjiang_Region24Guizhou,0.0,0.0,0.0,286401.8861668446,0.0,0.0,0.0,286401.8861668446
Region8Heilongjiang_Region25Yunnan,0.0,0.0,0.0,316144.204928678,0.0,0.0,0.0,316144.204928678
Region8Heilongjiang_Region27Shaanxi,0.0,0.0,0.0,194433.4940852762,0.0,0.0,0.0,194433.4940852762
Region8Heilongjiang_Region28Gansu,0.0,0.0,0.0,185555.90010402974,0.0,0.0,0.0,185555.90010402974
Region8Heilongjiang_Region29Qinghai,0.0,0.0,0.0,172980.17015395488,0.0,0.0,0.0,172980.17015395488
Region8Heilongjiang_Region30Ningxia,0.0,0.0,0.0,161711.24579710237,0.0,0.0,0.0,161711.24579710237
Region8Heilongjiang_Region31Xinjiang,0.0,0.0,0.0,125836.00877941975,0.0,0.0,0.0,125836.00877941975
Region9Shanghai_Region1Beijing,0.0,0.0,0.0,118959.48716590008,0.0,0.0,0.0,118959.48716590008
Region9Shanghai_Region2Tianjin,0.0,0.0,0.0,118457.85412754258,0.0,0.0,0.0,118457.85412754258
Region9Shanghai_Region3Hebei,0.0,0.0,0.0,102175.05370238808,0.0,0.0,0.0,102175.05370238808
Region9Shanghai_Region4Shanxi,0.0,0.0,0.0,112134.86237010264,0.0,0.0,0.0,112134.86237010264
Region9Shanghai_Region5Innermongolia,0.0,0.0,0.0,112554.9143190167,0.0,0.0,0.0,112554.9143190167
Region9Shanghai_Region6Liaoning,0.0,0.0,0.0,140793.9550511879,0.0,0.0,0.0,140793.9550511879
Region9Shanghai_Region7Jilin,0.0,0.0,0.0,149954.88784147386,0.0,0.0,0.0,149954.88784147386
Region9Shanghai_Region8Heilongjiang,0.0,0.0,0.0,169537.5534517439,0.0,0.0,0.0,169537.5534517439
Region9Shanghai_Region10Jiangsu,0.0,0.0,0.0,71408.16479089636,0.0,0.0,0.0,71408.16479089636
Region9Shanghai_Region11Zhejiang,0.0,0.0,0.0,100652.94033653225,0.0,0.0,0.0,100652.94033653225
Region9Shanghai_Region12Anhui,0.0,0.0,0.0,109683.22188084607,0.0,0.0,0.0,109683.22188084607
Region9Shanghai_Region13Fujian,0.0,0.0,0.0,148821.80218562004,0.0,0.0,0.0,148821.80218562004
Region9Shanghai_Region14Jiangxi,0.0,0.0,0.0,177964.10438060088,0.0,0.0,0.0,177964.10438060088
Region9Shanghai_Region15Shandong,0.0,0.0,0.0,102324.068465123,0.0,0.0,0.0,102324.068465123
Region9Shanghai_Region16Henan,0.0,0.0,0.0,119479.51671723048,0.0,0.0,0.0,119479.51671723048
Region9Shanghai_Region17Hubei,0.0,0.0,0.0,137911.553681753,0.0,0.0,0.0,137911.553681753
Region9Shanghai_Region18Hunan,0.0,0.0,0.0,210022.7876704572,0.0,0.0,0.0,210022.7876704572
Region9Shanghai_Region19Guangdong,0.0,0.0,0.0,515048.8094589789,0.0,0.0,0.0,515048.8094589789
Region9Shanghai_Region20Guangxi,0.0,0.0,0.0,237246.05614738856,0.0,0.0,0.0,237246.05614738856
Region9Shanghai_Region21Hainan,0.0,0.0,0.0,205220.78305970877,0.0,0.0,0.0,205220.78305970877
Region9Shanghai_Region22Chongqing,0.0,0.0,0.0,247741.14081181702,0.0,0.0,0.0,247741.14081181702
Region9Shanghai_Region23Sichuan,0.0,0.0,0.0,241706.36928084018,0.0,0.0,0.0,241706.36928084018
Region9Shanghai_Region24Guizhou,0.0,0.0,0.0,317574.79335248045,0.0,0.0,0.0,317574.79335248045
Region9Shanghai_Region25Yunnan,0.0,0.0,0.0,372050.2452161884,0.0,0.0,0.0,372050.2452161884
Region9Shanghai_Region27Shaanxi,0.0,0.0,0.0,154910.97294188623,0.0,0.0,0.0,154910.97294188623
Region9Shanghai_Region28Gansu,0.0,0.0,0.0,156713.25448533916,0.0,0.0,0.0,156713.25448533916
Region9Shanghai_Region29Qinghai,0.0,0.0,0.0,147662.4610942289,0.0,0.0,0.0,147662.4610942289
Region9Shanghai_Region30Ningxia,0.0,0.0,0.0,136944.91809381396,0.0,0.0,0.0,136944.91809381396
Region9Shanghai_Region31Xinjiang,0.0,0.0,0.0,120693.70266274757,0.0,0.0,0.0,120693.70266274757
Region10Jiangsu_Region1Beijing,0.0,0.0,0.0,131039.3506569664,0.0,0.0,0.0,131039.3506569664
Region10Jiangsu_Region2Tianjin,0.0,0.0,0.0,130728.32972486553,0.0,0.0,0.0,130728.32972486553
Region10Jiangsu_Region3Hebei,0.0,0.0,0.0,101840.95233076098,0.0,0.0,0.0,101840.95233076098
Region10Jiangsu_Region4Shanxi,0.0,0.0,0.0,117982.85947390486,0.0,0.0,0.0,117982.85947390486
Region10Jiangsu_Region5Innermongolia,0.0,0.0,0.0,118503.1109788381,0.0,0.0,0.0,118503.1109788381
Region10Jiangsu_Region6Liaoning,0.0,0.0,0.0,158227.21707770092,0.0,0.0,0.0,158227.21707770092
Region10Jiangsu_Region7Jilin,0.0,0.0,0.0,167408.18701062864,0.0,0.0,0.0,167408.18701062864
Region10Jiangsu_Region8Heilongjiang,0.0,0.0,0.0,191246.38139796656,0.0,0.0,0.0,191246.38139796656
Region10Jiangsu_Region9Shanghai,0.0,0.0,0.0,3.034556852353588e8,0.0,0.0,0.0,3.034556852353588e8
Region10Jiangsu_Region11Zhejiang,0.0,0.0,0.0,1.0984323507138999e9,0.0,0.0,0.0,1.0984323507138999e9
Region10Jiangsu_Region12Anhui,0.0,0.0,0.0,2.96639377494786e6,0.0,0.0,0.0,2.96639377494786e6
Region10Jiangsu_Region13Fujian,0.0,0.0,0.0,173241.9605862377,0.0,0.0,0.0,173241.9605862377
Region10Jiangsu_Region14Jiangxi,0.0,0.0,0.0,521488.88412728545,0.0,0.0,0.0,521488.88412728545
Region10Jiangsu_Region15Shandong,0.0,0.0,0.0,111176.03176344538,0.0,0.0,0.0,111176.03176344538
Region10Jiangsu_Region16Henan,0.0,0.0,0.0,117382.6625043175,0.0,0.0,0.0,117382.6625043175
Region10Jiangsu_Region17Hubei,0.0,0.0,0.0,181996.9509965627,0.0,0.0,0.0,181996.9509965627
Region10Jiangsu_Region18Hunan,0.0,0.0,0.0,323800.63723022107,0.0,0.0,0.0,323800.63723022107
Region10Jiangsu_Region19Guangdong,0.0,0.0,0.0,1.4943816241789176e6,0.0,0.0,0.0,1.4943816241789176e6
Region10Jiangsu_Region20Guangxi,0.0,0.0,0.0,306544.21023425646,0.0,0.0,0.0,306544.21023425646
Region10Jiangsu_Region21Hainan,0.0,0.0,0.0,282356.1950361279,0.0,0.0,0.0,282356.1950361279
Region10Jiangsu_Region22Chongqing,0.0,0.0,0.0,365949.9664405226,0.0,0.0,0.0,365949.9664405226
Region10Jiangsu_Region23Sichuan,0.0,0.0,0.0,324593.39161365794,0.0,0.0,0.0,324593.39161365794
Region10Jiangsu_Region24Guizhou,0.0,0.0,0.0,522745.8430125317,0.0,0.0,0.0,522745.8430125317
Region10Jiangsu_Region25Yunnan,0.0,0.0,0.0,582680.2626973568,0.0,0.0,0.0,582680.2626973568
Region10Jiangsu_Region27Shaanxi,0.0,0.0,0.0,183278.6174459338,0.0,0.0,0.0,183278.6174459338
Region10Jiangsu_Region28Gansu,0.0,0.0,0.0,175391.1123492106,0.0,0.0,0.0,175391.1123492106
Region10Jiangsu_Region29Qinghai,0.0,0.0,0.0,159496.51176533778,0.0,0.0,0.0,159496.51176533778
Region10Jiangsu_Region30Ningxia,0.0,0.0,0.0,147844.9569686507,0.0,0.0,0.0,147844.9569686507
Region10Jiangsu_Region31Xinjiang,0.0,0.0,0.0,123159.53424642768,0.0,0.0,0.0,123159.53424642768
Region11Zhejiang_Region1Beijing,0.0,0.0,0.0,122245.87954923305,0.0,0.0,0.0,122245.87954923305
Region11Zhejiang_Region2Tianjin,0.0,0.0,0.0,122187.92596983539,0.0,0.0,0.0,122187.92596983539
Region11Zhejiang_Region3Hebei,0.0,0.0,0.0,105241.36970190909,0.0,0.0,0.0,105241.36970190909
Region11Zhejiang_Region4Shanxi,0.0,0.0,0.0,114825.52780638829,0.0,0.0,0.0,114825.52780638829
Region11Zhejiang_Region5Innermongolia,0.0,0.0,0.0,114628.72865282676,0.0,0.0,0.0,114628.72865282676
Region11Zhejiang_Region6Liaoning,0.0,0.0,0.0,143988.56787849046,0.0,0.0,0.0,143988.56787849046
Region11Zhejiang_Region7Jilin,0.0,0.0,0.0,152651.52849251332,0.0,0.0,0.0,152651.52849251332
Region11Zhejiang_Region8Heilongjiang,0.0,0.0,0.0,171845.28337585958,0.0,0.0,0.0,171845.28337585958
Region11Zhejiang_Region9Shanghai,0.0,0.0,0.0,153281.12730052316,0.0,0.0,0.0,153281.12730052316
Region11Zhejiang_Region10Jiangsu,0.0,0.0,0.0,68116.45785191993,0.0,0.0,0.0,68116.45785191993
Region11Zhejiang_Region12Anhui,0.0,0.0,0.0,117185.27186148573,0.0,0.0,0.0,117185.27186148573
Region11Zhejiang_Region13Fujian,0.0,0.0,0.0,114704.03189733785,0.0,0.0,0.0,114704.03189733785
Region11Zhejiang_Region14Jiangxi,0.0,0.0,0.0,173542.96179383862,0.0,0.0,0.0,173542.96179383862
Region11Zhejiang_Region15Shandong,0.0,0.0,0.0,106726.06751873966,0.0,0.0,0.0,106726.06751873966
Region11Zhejiang_Region16Henan,0.0,0.0,0.0,118960.59167233758,0.0,0.0,0.0,118960.59167233758
Region11Zhejiang_Region17Hubei,0.0,0.0,0.0,128326.10358005542,0.0,0.0,0.0,128326.10358005542
Region11Zhejiang_Region18Hunan,0.0,0.0,0.0,201674.00201760762,0.0,0.0,0.0,201674.00201760762
Region11Zhejiang_Region19Guangdong,0.0,0.0,0.0,723057.4340445461,0.0,0.0,0.0,723057.4340445461
Region11Zhejiang_Region20Guangxi,0.0,0.0,0.0,246624.05399542392,0.0,0.0,0.0,246624.05399542392
Region11Zhejiang_Region21Hainan,0.0,0.0,0.0,218367.8462121659,0.0,0.0,0.0,218367.8462121659
Region11Zhejiang_Region22Chongqing,0.0,0.0,0.0,256207.60024579804,0.0,0.0,0.0,256207.60024579804
Region11Zhejiang_Region23Sichuan,0.0,0.0,0.0,248206.4879785416,0.0,0.0,0.0,248206.4879785416
Region11Zhejiang_Region24Guizhou,0.0,0.0,0.0,344282.1063943605,0.0,0.0,0.0,344282.1063943605
Region11Zhejiang_Region25Yunnan,0.0,0.0,0.0,404508.2477424708,0.0,0.0,0.0,404508.2477424708
Region11Zhejiang_Region27Shaanxi,0.0,0.0,0.0,155193.05363531326,0.0,0.0,0.0,155193.05363531326
Region11Zhejiang_Region28Gansu,0.0,0.0,0.0,157472.1863417345,0.0,0.0,0.0,157472.1863417345
Region11Zhejiang_Region29Qinghai,0.0,0.0,0.0,147995.22872432685,0.0,0.0,0.0,147995.22872432685
Region11Zhejiang_Region30Ningxia,0.0,0.0,0.0,137737.84353380813,0.0,0.0,0.0,137737.84353380813
Region11Zhejiang_Region31Xinjiang,0.0,0.0,0.0,120580.46864291542,0.0,0.0,0.0,120580.46864291542
Region12Anhui_Region1Beijing,0.0,0.0,0.0,119044.19929973347,0.0,0.0,0.0,119044.19929973347
Region12Anhui_Region2Tianjin,0.0,0.0,0.0,120155.46221131181,0.0,0.0,0.0,120155.46221131181
Region12Anhui_Region3Hebei,0.0,0.0,0.0,91460.93628777521,0.0,0.0,0.0,91460.93628777521
Region12Anhui_Region4Shanxi,0.0,0.0,0.0,101871.68844904694,0.0,0.0,0.0,101871.68844904694
Region12Anhui_Region5Innermongolia,0.0,0.0,0.0,108744.20741364724,0.0,0.0,0.0,108744.20741364724
Region12Anhui_Region6Liaoning,0.0,0.0,0.0,145920.53890912028,0.0,0.0,0.0,145920.53890912028
Region12Anhui_Region7Jilin,0.0,0.0,0.0,155414.5251693536,0.0,0.0,0.0,155414.5251693536
Region12Anhui_Region8Heilongjiang,0.0,0.0,0.0,177209.43125542233,0.0,0.0,0.0,177209.43125542233
Region12Anhui_Region9Shanghai,0.0,0.0,0.0,256859.08633817645,0.0,0.0,0.0,256859.08633817645
Region12Anhui_Region10Jiangsu,0.0,0.0,0.0,90139.34156086973,0.0,0.0,0.0,90139.34156086973
Region12Anhui_Region11Zhejiang,0.0,0.0,0.0,270258.43183363887,0.0,0.0,0.0,270258.43183363887
Region12Anhui_Region13Fujian,0.0,0.0,0.0,246459.9736366551,0.0,0.0,0.0,246459.9736366551
Region12Anhui_Region14Jiangxi,0.0,0.0,0.0,558580.4744128649,0.0,0.0,0.0,558580.4744128649
Region12Anhui_Region15Shandong,0.0,0.0,0.0,100466.46916588511,0.0,0.0,0.0,100466.46916588511
Region12Anhui_Region16Henan,0.0,0.0,0.0,90455.93925487343,0.0,0.0,0.0,90455.93925487343
Region12Anhui_Region17Hubei,0.0,0.0,0.0,130067.00011710798,0.0,0.0,0.0,130067.00011710798
Region12Anhui_Region18Hunan,0.0,0.0,0.0,274842.9622339819,0.0,0.0,0.0,274842.9622339819
Region12Anhui_Region19Guangdong,0.0,0.0,0.0,1.2307334107343329e6,0.0,0.0,0.0,1.2307334107343329e6
Region12Anhui_Region20Guangxi,0.0,0.0,0.0,275595.48462688265,0.0,0.0,0.0,275595.48462688265
Region12Anhui_Region21Hainan,0.0,0.0,0.0,263550.37441056647,0.0,0.0,0.0,263550.37441056647
Region12Anhui_Region22Chongqing,0.0,0.0,0.0,321899.8184132119,0.0,0.0,0.0,321899.8184132119
Region12Anhui_Region23Sichuan,0.0,0.0,0.0,291678.0033371532,0.0,0.0,0.0,291678.0033371532
Region12Anhui_Region24Guizhou,0.0,0.0,0.0,465398.2627059834,0.0,0.0,0.0,465398.2627059834
Region12Anhui_Region25Yunnan,0.0,0.0,0.0,533658.8447568929,0.0,0.0,0.0,533658.8447568929
Region12Anhui_Region27Shaanxi,0.0,0.0,0.0,154720.86282737568,0.0,0.0,0.0,154720.86282737568
Region12Anhui_Region28Gansu,0.0,0.0,0.0,158100.4939566164,0.0,0.0,0.0,158100.4939566164
Region12Anhui_Region29Qinghai,0.0,0.0,0.0,144952.70985445034,0.0,0.0,0.0,144952.70985445034
Region12Anhui_Region30Ningxia,0.0,0.0,0.0,134029.34356682195,0.0,0.0,0.0,134029.34356682195
Region12Anhui_Region31Xinjiang,0.0,0.0,0.0,117306.01663770113,0.0,0.0,0.0,117306.01663770113
Region13Fujian_Region1Beijing,0.0,0.0,0.0,138332.593266359,0.0,0.0,0.0,138332.593266359
Region13Fujian_Region2Tianjin,0.0,0.0,0.0,139209.69041787303,0.0,0.0,0.0,139209.69041787303
Region13Fujian_Region3Hebei,0.0,0.0,0.0,121740.00019539098,0.0,0.0,0.0,121740.00019539098
Region13Fujian_Region4Shanxi,0.0,0.0,0.0,125882.17199209156,0.0,0.0,0.0,125882.17199209156
Region13Fujian_Region5Innermongolia,0.0,0.0,0.0,125081.32188895241,0.0,0.0,0.0,125081.32188895241
Region13Fujian_Region6Liaoning,0.0,0.0,0.0,152605.048520704,0.0,0.0,0.0,152605.048520704
Region13Fujian_Region7Jilin,0.0,0.0,0.0,159031.9783624469,0.0,0.0,0.0,159031.9783624469
Region13Fujian_Region8Heilongjiang,0.0,0.0,0.0,174495.32133002274,0.0,0.0,0.0,174495.32133002274
Region13Fujian_Region9Shanghai,0.0,0.0,0.0,205708.40944960585,0.0,0.0,0.0,205708.40944960585
Region13Fujian_Region10Jiangsu,0.0,0.0,0.0,145469.1385015458,0.0,0.0,0.0,145469.1385015458
Region13Fujian_Region11Zhejiang,0.0,0.0,0.0,406679.05653074203,0.0,0.0,0.0,406679.05653074203
Region13Fujian_Region12Anhui,0.0,0.0,0.0,169154.28189304686,0.0,0.0,0.0,169154.28189304686
Region13Fujian_Region14Jiangxi,0.0,0.0,0.0,204166.83482692583,0.0,0.0,0.0,204166.83482692583
Region13Fujian_Region15Shandong,0.0,0.0,0.0,132785.59857952554,0.0,0.0,0.0,132785.59857952554
Region13Fujian_Region16Henan,0.0,0.0,0.0,135225.4484131861,0.0,0.0,0.0,135225.4484131861
Region13Fujian_Region17Hubei,0.0,0.0,0.0,168287.25905148988,0.0,0.0,0.0,168287.25905148988
Region13Fujian_Region18Hunan,0.0,0.0,0.0,2.5731743402029993e6,0.0,0.0,0.0,2.5731743402029993e6
Region13Fujian_Region19Guangdong,0.0,0.0,0.0,4.097860293014043e8,0.0,0.0,0.0,4.097860293014043e8
Region13Fujian_Region20Guangxi,0.0,0.0,0.0,252891.78973892075,0.0,0.0,0.0,252891.78973892075
Region13Fujian_Region21Hainan,0.0,0.0,0.0,409429.9098197199,0.0,0.0,0.0,409429.9098197199
Region13Fujian_Region22Chongqing,0.0,0.0,0.0,247608.03655308756,0.0,0.0,0.0,247608.03655308756
Region13Fujian_Region23Sichuan,0.0,0.0,0.0,238445.16933263815,0.0,0.0,0.0,238445.16933263815
Region13Fujian_Region24Guizhou,0.0,0.0,0.0,361817.3253307885,0.0,0.0,0.0,361817.3253307885
Region13Fujian_Region25Yunnan,0.0,0.0,0.0,420344.49294413155,0.0,0.0,0.0,420344.49294413155
Region13Fujian_Region27Shaanxi,0.0,0.0,0.0,158436.42069113837,0.0,0.0,0.0,158436.42069113837
Region13Fujian_Region28Gansu,0.0,0.0,0.0,159569.16189293755,0.0,0.0,0.0,159569.16189293755
Region13Fujian_Region29Qinghai,0.0,0.0,0.0,152915.29858990226,0.0,0.0,0.0,152915.29858990226
Region13Fujian_Region30Ningxia,0.0,0.0,0.0,142513.5879214294,0.0,0.0,0.0,142513.5879214294
Region13Fujian_Region31Xinjiang,0.0,0.0,0.0,123822.23383142179,0.0,0.0,0.0,123822.23383142179
Region14Jiangxi_Region1Beijing,0.0,0.0,0.0,117358.39700887712,0.0,0.0,0.0,117358.39700887712
Region14Jiangxi_Region2Tianjin,0.0,0.0,0.0,118565.10825694437,0.0,0.0,0.0,118565.10825694437
Region14Jiangxi_Region3Hebei,0.0,0.0,0.0,97685.97691131134,0.0,0.0,0.0,97685.97691131134
Region14Jiangxi_Region4Shanxi,0.0,0.0,0.0,102077.19390436067,0.0,0.0,0.0,102077.19390436067
Region14Jiangxi_Region5Innermongolia,0.0,0.0,0.0,105850.91856017755,0.0,0.0,0.0,105850.91856017755
Region14Jiangxi_Region6Liaoning,0.0,0.0,0.0,137640.17558211018,0.0,0.0,0.0,137640.17558211018
Region14Jiangxi_Region7Jilin,0.0,0.0,0.0,145436.86752519722,0.0,0.0,0.0,145436.86752519722
Region14Jiangxi_Region8Heilongjiang,0.0,0.0,0.0,161842.5433293141,0.0,0.0,0.0,161842.5433293141
Region14Jiangxi_Region9Shanghai,0.0,0.0,0.0,150875.365849129,0.0,0.0,0.0,150875.365849129
Region14Jiangxi_Region10Jiangsu,0.0,0.0,0.0,102205.70266655684,0.0,0.0,0.0,102205.70266655684
Region14Jiangxi_Region11Zhejiang,0.0,0.0,0.0,134722.32008205712,0.0,0.0,0.0,134722.32008205712
Region14Jiangxi_Region12Anhui,0.0,0.0,0.0,95116.52823524443,0.0,0.0,0.0,95116.52823524443
Region14Jiangxi_Region13Fujian,0.0,0.0,0.0,161109.01944572793,0.0,0.0,0.0,161109.01944572793
Region14Jiangxi_Region15Shandong,0.0,0.0,0.0,107744.30029731139,0.0,0.0,0.0,107744.30029731139
Region14Jiangxi_Region16Henan,0.0,0.0,0.0,101225.7627394608,0.0,0.0,0.0,101225.7627394608
Region14Jiangxi_Region17Hubei,0.0,0.0,0.0,61639.65533191172,0.0,0.0,0.0,61639.65533191172
Region14Jiangxi_Region18Hunan,0.0,0.0,0.0,212880.62112726504,0.0,0.0,0.0,212880.62112726504
Region14Jiangxi_Region19Guangdong,0.0,0.0,0.0,2.4117714277313584e6,0.0,0.0,0.0,2.4117714277313584e6
Region14Jiangxi_Region20Guangxi,0.0,0.0,0.0,222144.34298219084,0.0,0.0,0.0,222144.34298219084
Region14Jiangxi_Region21Hainan,0.0,0.0,0.0,236247.1847701618,0.0,0.0,0.0,236247.1847701618
Region14Jiangxi_Region22Chongqing,0.0,0.0,0.0,229814.9487364212,0.0,0.0,0.0,229814.9487364212
Region14Jiangxi_Region23Sichuan,0.0,0.0,0.0,224802.6417228147,0.0,0.0,0.0,224802.6417228147
Region14Jiangxi_Region24Guizhou,0.0,0.0,0.0,358954.4595636039,0.0,0.0,0.0,358954.4595636039
Region14Jiangxi_Region25Yunnan,0.0,0.0,0.0,437466.3417016436,0.0,0.0,0.0,437466.3417016436
Region14Jiangxi_Region27Shaanxi,0.0,0.0,0.0,129053.77721472117,0.0,0.0,0.0,129053.77721472117
Region14Jiangxi_Region28Gansu,0.0,0.0,0.0,139492.32119363706,0.0,0.0,0.0,139492.32119363706
Region14Jiangxi_Region29Qinghai,0.0,0.0,0.0,132833.67325970283,0.0,0.0,0.0,132833.67325970283
Region14Jiangxi_Region30Ningxia,0.0,0.0,0.0,122473.1946515539,0.0,0.0,0.0,122473.1946515539
Region14Jiangxi_Region31Xinjiang,0.0,0.0,0.0,113338.78910135488,0.0,0.0,0.0,113338.78910135488
Region15Shandong_Region1Beijing,0.0,0.0,0.0,168483.21387435275,0.0,0.0,0.0,168483.21387435275
Region15Shandong_Region2Tianjin,0.0,0.0,0.0,195584.19839756464,0.0,0.0,0.0,195584.19839756464
Region15Shandong_Region3Hebei,0.0,0.0,0.0,98012.18661660195,0.0,0.0,0.0,98012.18661660195
Region15Shandong_Region4Shanxi,0.0,0.0,0.0,123073.36975469279,0.0,0.0,0.0,123073.36975469279
Region15Shandong_Region5Innermongolia,0.0,0.0,0.0,118947.75825971038,0.0,0.0,0.0,118947.75825971038
Region15Shandong_Region6Liaoning,0.0,0.0,0.0,200860.42078013945,0.0,0.0,0.0,200860.42078013945
Region15Shandong_Region7Jilin,0.0,0.0,0.0,207720.2876548777,0.0,0.0,0.0,207720.2876548777
Region15Shandong_Region8Heilongjiang,0.0,0.0,0.0,251847.2215858784,0.0,0.0,0.0,251847.2215858784
Region15Shandong_Region9Shanghai,0.0,0.0,0.0,7.20405397270568e6,0.0,0.0,0.0,7.20405397270568e6
Region15Shandong_Region10Jiangsu,0.0,0.0,0.0,555235.1994766239,0.0,0.0,0.0,555235.1994766239
Region15Shandong_Region11Zhejiang,0.0,0.0,0.0,1.2096865058623385e6,0.0,0.0,0.0,1.2096865058623385e6
Region15Shandong_Region12Anhui,0.0,0.0,0.0,1.6643256064185563e6,0.0,0.0,0.0,1.6643256064185563e6
Region15Shandong_Region13Fujian,0.0,0.0,0.0,302231.3243488835,0.0,0.0,0.0,302231.3243488835
Region15Shandong_Region14Jiangxi,0.0,0.0,0.0,881800.5172777721,0.0,0.0,0.0,881800.5172777721
Region15Shandong_Region16Henan,0.0,0.0,0.0,3.8595629026030404e6,0.0,0.0,0.0,3.8595629026030404e6
Region15Shandong_Region17Hubei,0.0,0.0,0.0,397660.1411573761,0.0,0.0,0.0,397660.1411573761
Region15Shandong_Region18Hunan,0.0,0.0,0.0,531467.8250173514,0.0,0.0,0.0,531467.8250173514
Region15Shandong_Region19Guangdong,0.0,0.0,0.0,1.4436853428183796e6,0.0,0.0,0.0,1.4436853428183796e6
Region15Shandong_Region20Guangxi,0.0,0.0,0.0,387866.3296620843,0.0,0.0,0.0,387866.3296620843
Region15Shandong_Region21Hainan,0.0,0.0,0.0,369656.05061006296,0.0,0.0,0.0,369656.05061006296
Region15Shandong_Region22Chongqing,0.0,0.0,0.0,585396.7808887297,0.0,0.0,0.0,585396.7808887297
Region15Shandong_Region23Sichuan,0.0,0.0,0.0,549011.862106161,0.0,0.0,0.0,549011.862106161
Region15Shandong_Region24Guizhou,0.0,0.0,0.0,848911.1234972457,0.0,0.0,0.0,848911.1234972457
Region15Shandong_Region25Yunnan,0.0,0.0,0.0,857664.0929305466,0.0,0.0,0.0,857664.0929305466
Region15Shandong_Region27Shaanxi,0.0,0.0,0.0,307332.95121860725,0.0,0.0,0.0,307332.95121860725
Region15Shandong_Region28Gansu,0.0,0.0,0.0,226048.02118837961,0.0,0.0,0.0,226048.02118837961
Region15Shandong_Region29Qinghai,0.0,0.0,0.0,183122.1587280192,0.0,0.0,0.0,183122.1587280192
Region15Shandong_Region30Ningxia,0.0,0.0,0.0,174126.59159149879,0.0,0.0,0.0,174126.59159149879
Region15Shandong_Region31Xinjiang,0.0,0.0,0.0,125007.03645780445,0.0,0.0,0.0,125007.03645780445
Region16Henan_Region1Beijing,0.0,0.0,0.0,147242.08687883636,0.0,0.0,0.0,147242.08687883636
Region16Henan_Region2Tianjin,0.0,0.0,0.0,153934.96055938277,0.0,0.0,0.0,153934.96055938277
Region16Henan_Region3Hebei,0.0,0.0,0.0,74850.64901639195,0.0,0.0,0.0,74850.64901639195
Region16Henan_Region4Shanxi,0.0,0.0,0.0,75680.75615046604,0.0,0.0,0.0,75680.75615046604
Region16Henan_Region5Innermongolia,0.0,0.0,0.0,108382.2066809346,0.0,0.0,0.0,108382.2066809346
Region16Henan_Region6Liaoning,0.0,0.0,0.0,184020.57525251183,0.0,0.0,0.0,184020.57525251183
Region16Henan_Region7Jilin,0.0,0.0,0.0,191406.65711414357,0.0,0.0,0.0,191406.65711414357
Region16Henan_Region8Heilongjiang,0.0,0.0,0.0,221876.37961463776,0.0,0.0,0.0,221876.37961463776
Region16Henan_Region9Shanghai,0.0,0.0,0.0,449546.4420200946,0.0,0.0,0.0,449546.4420200946
Region16Henan_Region10Jiangsu,0.0,0.0,0.0,302175.4434650493,0.0,0.0,0.0,302175.4434650493
Region16Henan_Region11Zhejiang,0.0,0.0,0.0,432839.5374598259,0.0,0.0,0.0,432839.5374598259
Region16Henan_Region12Anhui,0.0,0.0,0.0,1.0015416908442874e6,0.0,0.0,0.0,1.0015416908442874e6
Region16Henan_Region13Fujian,0.0,0.0,0.0,289642.45536035113,0.0,0.0,0.0,289642.45536035113
Region16Henan_Region14Jiangxi,0.0,0.0,0.0,1.5568062233303168e6,0.0,0.0,0.0,1.5568062233303168e6
Region16Henan_Region15Shandong,0.0,0.0,0.0,146860.50107275133,0.0,0.0,0.0,146860.50107275133
Region16Henan_Region17Hubei,0.0,0.0,0.0,3.333272858542048e6,0.0,0.0,0.0,3.333272858542048e6
Region16Henan_Region18Hunan,0.0,0.0,0.0,1.0134773160293598e7,0.0,0.0,0.0,1.0134773160293598e7
Region16Henan_Region19Guangdong,0.0,0.0,0.0,3.139059382350783e8,0.0,0.0,0.0,3.139059382350783e8
Region16Henan_Region20Guangxi,0.0,0.0,0.0,429084.83900661516,0.0,0.0,0.0,429084.83900661516
Region16Henan_Region21Hainan,0.0,0.0,0.0,462526.91118247603,0.0,0.0,0.0,462526.91118247603
Region16Henan_Region22Chongqing,0.0,0.0,0.0,901792.4740446974,0.0,0.0,0.0,901792.4740446974
Region16Henan_Region23Sichuan,0.0,0.0,0.0,876845.6341312304,0.0,0.0,0.0,876845.6341312304
Region16Henan_Region24Guizhou,0.0,0.0,0.0,1.8702608798518414e6,0.0,0.0,0.0,1.8702608798518414e6
Region16Henan_Region25Yunnan,0.0,0.0,0.0,1.4418920735431854e6,0.0,0.0,0.0,1.4418920735431854e6
Region16Henan_Region27Shaanxi,0.0,0.0,0.0,321519.3090967332,0.0,0.0,0.0,321519.3090967332
Region16Henan_Region28Gansu,0.0,0.0,0.0,210475.53790555822,0.0,0.0,0.0,210475.53790555822
Region16Henan_Region29Qinghai,0.0,0.0,0.0,165999.20683240108,0.0,0.0,0.0,165999.20683240108
Region16Henan_Region30Ningxia,0.0,0.0,0.0,154211.07001114907,0.0,0.0,0.0,154211.07001114907
Region16Henan_Region31Xinjiang,0.0,0.0,0.0,119811.49460808346,0.0,0.0,0.0,119811.49460808346
Region17Hubei_Region1Beijing,0.0,0.0,0.0,118421.11954152408,0.0,0.0,0.0,118421.11954152408
Region17Hubei_Region2Tianjin,0.0,0.0,0.0,119125.54978426067,0.0,0.0,0.0,119125.54978426067
Region17Hubei_Region3Hebei,0.0,0.0,0.0,82542.57897440811,0.0,0.0,0.0,82542.57897440811
Region17Hubei_Region4Shanxi,0.0,0.0,0.0,87474.83829646024,0.0,0.0,0.0,87474.83829646024
Region17Hubei_Region5Innermongolia,0.0,0.0,0.0,105393.0827210527,0.0,0.0,0.0,105393.0827210527
Region17Hubei_Region6Liaoning,0.0,0.0,0.0,148201.8572743541,0.0,0.0,0.0,148201.8572743541
Region17Hubei_Region7Jilin,0.0,0.0,0.0,156647.5110270355,0.0,0.0,0.0,156647.5110270355
Region17Hubei_Region8Heilongjiang,0.0,0.0,0.0,176133.2988136145,0.0,0.0,0.0,176133.2988136145
Region17Hubei_Region9Shanghai,0.0,0.0,0.0,115186.9828532335,0.0,0.0,0.0,115186.9828532335
Region17Hubei_Region10Jiangsu,0.0,0.0,0.0,67277.99093869398,0.0,0.0,0.0,67277.99093869398
Region17Hubei_Region11Zhejiang,0.0,0.0,0.0,83796.33522308613,0.0,0.0,0.0,83796.33522308613
Region17Hubei_Region12Anhui,0.0,0.0,0.0,57169.55174384757,0.0,0.0,0.0,57169.55174384757
Region17Hubei_Region13Fujian,0.0,0.0,0.0,160150.34585443462,0.0,0.0,0.0,160150.34585443462
Region17Hubei_Region14Jiangxi,0.0,0.0,0.0,1.3521973334218313e6,0.0,0.0,0.0,1.3521973334218313e6
Region17Hubei_Region15Shandong,0.0,0.0,0.0,99193.36740805187,0.0,0.0,0.0,99193.36740805187
Region17Hubei_Region16Henan,0.0,0.0,0.0,53664.39987974515,0.0,0.0,0.0,53664.39987974515
Region17Hubei_Region18Hunan,0.0,0.0,0.0,1.2409349790761634e6,0.0,0.0,0.0,1.2409349790761634e6
Region17Hubei_Region19Guangdong,0.0,0.0,0.0,2.3617724766647488e8,0.0,0.0,0.0,2.3617724766647488e8
Region17Hubei_Region20Guangxi,0.0,0.0,0.0,298765.7853035129,0.0,0.0,0.0,298765.7853035129
Region17Hubei_Region21Hainan,0.0,0.0,0.0,302281.3209863566,0.0,0.0,0.0,302281.3209863566
Region17Hubei_Region22Chongqing,0.0,0.0,0.0,145745.74828862672,0.0,0.0,0.0,145745.74828862672
Region17Hubei_Region23Sichuan,0.0,0.0,0.0,208237.07061874407,0.0,0.0,0.0,208237.07061874407
Region17Hubei_Region24Guizhou,0.0,0.0,0.0,793590.0957279353,0.0,0.0,0.0,793590.0957279353
Region17Hubei_Region25Yunnan,0.0,0.0,0.0,833374.2488221626,0.0,0.0,0.0,833374.2488221626
Region17Hubei_Region27Shaanxi,0.0,0.0,0.0,91982.25986339792,0.0,0.0,0.0,91982.25986339792
Region17Hubei_Region28Gansu,0.0,0.0,0.0,149704.2043549771,0.0,0.0,0.0,149704.2043549771
Region17Hubei_Region29Qinghai,0.0,0.0,0.0,136378.37905110195,0.0,0.0,0.0,136378.37905110195
Region17Hubei_Region30Ningxia,0.0,0.0,0.0,126197.703159308,0.0,0.0,0.0,126197.703159308
Region17Hubei_Region31Xinjiang,0.0,0.0,0.0,113884.02786413181,0.0,0.0,0.0,113884.02786413181
Region18Hunan_Region1Beijing,0.0,0.0,0.0,116610.38927932383,0.0,0.0,0.0,116610.38927932383
Region18Hunan_Region2Tianjin,0.0,0.0,0.0,119284.65420229224,0.0,0.0,0.0,119284.65420229224
Region18Hunan_Region3Hebei,0.0,0.0,0.0,95096.7426848017,0.0,0.0,0.0,95096.7426848017
Region18Hunan_Region4Shanxi,0.0,0.0,0.0,97326.60327980429,0.0,0.0,0.0,97326.60327980429
Region18Hunan_Region5Innermongolia,0.0,0.0,0.0,103545.93186335346,0.0,0.0,0.0,103545.93186335346
Region18Hunan_Region6Liaoning,0.0,0.0,0.0,138439.80673565247,0.0,0.0,0.0,138439.80673565247
Region18Hunan_Region7Jilin,0.0,0.0,0.0,145879.94675422992,0.0,0.0,0.0,145879.94675422992
Region18Hunan_Region8Heilongjiang,0.0,0.0,0.0,161441.6458420192,0.0,0.0,0.0,161441.6458420192
Region18Hunan_Region9Shanghai,0.0,0.0,0.0,145246.69817039283,0.0,0.0,0.0,145246.69817039283
Region18Hunan_Region10Jiangsu,0.0,0.0,0.0,105690.62964413848,0.0,0.0,0.0,105690.62964413848
Region18Hunan_Region11Zhejiang,0.0,0.0,0.0,125314.311740919,0.0,0.0,0.0,125314.311740919
Region18Hunan_Region12Anhui,0.0,0.0,0.0,109571.68820512526,0.0,0.0,0.0,109571.68820512526
Region18Hunan_Region13Fujian,0.0,0.0,0.0,110722.78248966779,0.0,0.0,0.0,110722.78248966779
Region18Hunan_Region14Jiangxi,0.0,0.0,0.0,16357.27142274039,0.0,0.0,0.0,16357.27142274039
Region18Hunan_Region15Shandong,0.0,0.0,0.0,108397.63220811135,0.0,0.0,0.0,108397.63220811135
Region18Hunan_Region16Henan,0.0,0.0,0.0,81494.73003442469,0.0,0.0,0.0,81494.73003442469
Region18Hunan_Region17Hubei,0.0,0.0,0.0,72889.95285576426,0.0,0.0,0.0,72889.95285576426
Region18Hunan_Region19Guangdong,0.0,0.0,0.0,5.6141791130846635e7,0.0,0.0,0.0,5.6141791130846635e7
Region18Hunan_Region20Guangxi,0.0,0.0,0.0,220010.2788316199,0.0,0.0,0.0,220010.2788316199
Region18Hunan_Region21Hainan,0.0,0.0,0.0,225217.39797135894,0.0,0.0,0.0,225217.39797135894
Region18Hunan_Region22Chongqing,0.0,0.0,0.0,186469.60526078442,0.0,0.0,0.0,186469.60526078442
Region18Hunan_Region23Sichuan,0.0,0.0,0.0,203781.54604641258,0.0,0.0,0.0,203781.54604641258
Region18Hunan_Region24Guizhou,0.0,0.0,0.0,462889.1946925595,0.0,0.0,0.0,462889.1946925595
Region18Hunan_Region25Yunnan,0.0,0.0,0.0,595046.1557615472,0.0,0.0,0.0,595046.1557615472
Region18Hunan_Region27Shaanxi,0.0,0.0,0.0,114683.80504125629,0.0,0.0,0.0,114683.80504125629
Region18Hunan_Region28Gansu,0.0,0.0,0.0,134792.1724167245,0.0,0.0,0.0,134792.1724167245
Region18Hunan_Region29Qinghai,0.0,0.0,0.0,127855.46831571712,0.0,0.0,0.0,127855.46831571712
Region18Hunan_Region30Ningxia,0.0,0.0,0.0,118059.61413935132,0.0,0.0,0.0,118059.61413935132
Region18Hunan_Region31Xinjiang,0.0,0.0,0.0,111412.61574766044,0.0,0.0,0.0,111412.61574766044
Region19Guangdong_Region1Beijing,0.0,0.0,0.0,110275.18030237434,0.0,0.0,0.0,110275.18030237434
Region19Guangdong_Region2Tianjin,0.0,0.0,0.0,111909.23319032663,0.0,0.0,0.0,111909.23319032663
Region19Guangdong_Region3Hebei,0.0,0.0,0.0,96935.17677772549,0.0,0.0,0.0,96935.17677772549
Region19Guangdong_Region4Shanxi,0.0,0.0,0.0,98163.44476458261,0.0,0.0,0.0,98163.44476458261
Region19Guangdong_Region5Innermongolia,0.0,0.0,0.0,101976.02222454234,0.0,0.0,0.0,101976.02222454234
Region19Guangdong_Region6Liaoning,0.0,0.0,0.0,125824.12558158285,0.0,0.0,0.0,125824.12558158285
Region19Guangdong_Region7Jilin,0.0,0.0,0.0,131751.93727656713,0.0,0.0,0.0,131751.93727656713
Region19Guangdong_Region8Heilongjiang,0.0,0.0,0.0,142812.18728629217,0.0,0.0,0.0,142812.18728629217
Region19Guangdong_Region9Shanghai,0.0,0.0,0.0,112703.98822178104,0.0,0.0,0.0,112703.98822178104
Region19Guangdong_Region10Jiangsu,0.0,0.0,0.0,98976.74267564266,0.0,0.0,0.0,98976.74267564266
Region19Guangdong_Region11Zhejiang,0.0,0.0,0.0,103399.81393981948,0.0,0.0,0.0,103399.81393981948
Region19Guangdong_Region12Anhui,0.0,0.0,0.0,99517.48535085314,0.0,0.0,0.0,99517.48535085314
Region19Guangdong_Region13Fujian,0.0,0.0,0.0,77254.9311278412,0.0,0.0,0.0,77254.9311278412
Region19Guangdong_Region14Jiangxi,0.0,0.0,0.0,65488.03760038213,0.0,0.0,0.0,65488.03760038213
Region19Guangdong_Region15Shandong,0.0,0.0,0.0,104794.72576753481,0.0,0.0,0.0,104794.72576753481
Region19Guangdong_Region16Henan,0.0,0.0,0.0,94734.42317086451,0.0,0.0,0.0,94734.42317086451
Region19Guangdong_Region17Hubei,0.0,0.0,0.0,84911.16897240003,0.0,0.0,0.0,84911.16897240003
Region19Guangdong_Region18Hunan,0.0,0.0,0.0,64659.776390921674,0.0,0.0,0.0,64659.776390921674
Region19Guangdong_Region20Guangxi,0.0,0.0,0.0,82123.33376256599,0.0,0.0,0.0,82123.33376256599
Region19Guangdong_Region21Hainan,0.0,0.0,0.0,73425.2053362576,0.0,0.0,0.0,73425.2053362576
Region19Guangdong_Region22Chongqing,0.0,0.0,0.0,124234.30970803085,0.0,0.0,0.0,124234.30970803085
Region19Guangdong_Region23Sichuan,0.0,0.0,0.0,138983.7329440998,0.0,0.0,0.0,138983.7329440998
Region19Guangdong_Region24Guizhou,0.0,0.0,0.0,145617.94790789104,0.0,0.0,0.0,145617.94790789104
Region19Guangdong_Region25Yunnan,0.0,0.0,0.0,229633.43945832757,0.0,0.0,0.0,229633.43945832757
Region19Guangdong_Region27Shaanxi,0.0,0.0,0.0,109336.98391785444,0.0,0.0,0.0,109336.98391785444
Region19Guangdong_Region28Gansu,0.0,0.0,0.0,120205.98103091263,0.0,0.0,0.0,120205.98103091263
Region19Guangdong_Region29Qinghai,0.0,0.0,0.0,117124.95157433323,0.0,0.0,0.0,117124.95157433323
Region19Guangdong_Region30Ningxia,0.0,0.0,0.0,111098.24374824137,0.0,0.0,0.0,111098.24374824137
Region19Guangdong_Region31Xinjiang,0.0,0.0,0.0,108702.9054768411,0.0,0.0,0.0,108702.9054768411
Region20Guangxi_Region1Beijing,0.0,0.0,0.0,132945.10509381583,0.0,0.0,0.0,132945.10509381583
Region20Guangxi_Region2Tianjin,0.0,0.0,0.0,135266.48761930183,0.0,0.0,0.0,135266.48761930183
Region20Guangxi_Region3Hebei,0.0,0.0,0.0,118320.17079079,0.0,0.0,0.0,118320.17079079
Region20Guangxi_Region4Shanxi,0.0,0.0,0.0,117806.94685422789,0.0,0.0,0.0,117806.94685422789
Region20Guangxi_Region5Innermongolia,0.0,0.0,0.0,119067.95763880653,0.0,0.0,0.0,119067.95763880653
Region20Guangxi_Region6Liaoning,0.0,0.0,0.0,146856.66697545032,0.0,0.0,0.0,146856.66697545032
Region20Guangxi_Region7Jilin,0.0,0.0,0.0,152075.88754827008,0.0,0.0,0.0,152075.88754827008
Region20Guangxi_Region8Heilongjiang,0.0,0.0,0.0,164141.53030040805,0.0,0.0,0.0,164141.53030040805
Region20Guangxi_Region9Shanghai,0.0,0.0,0.0,156757.31288257305,0.0,0.0,0.0,156757.31288257305
Region20Guangxi_Region10Jiangsu,0.0,0.0,0.0,136097.39083155763,0.0,0.0,0.0,136097.39083155763
Region20Guangxi_Region11Zhejiang,0.0,0.0,0.0,149303.15739909027,0.0,0.0,0.0,149303.15739909027
Region20Guangxi_Region12Anhui,0.0,0.0,0.0,142577.4803277811,0.0,0.0,0.0,142577.4803277811
Region20Guangxi_Region13Fujian,0.0,0.0,0.0,133299.89487200542,0.0,0.0,0.0,133299.89487200542
Region20Guangxi_Region14Jiangxi,0.0,0.0,0.0,113698.19768470236,0.0,0.0,0.0,113698.19768470236
Region20Guangxi_Region15Shandong,0.0,0.0,0.0,130190.11761235858,0.0,0.0,0.0,130190.11761235858
Region20Guangxi_Region16Henan,0.0,0.0,0.0,121346.77401703893,0.0,0.0,0.0,121346.77401703893
Region20Guangxi_Region17Hubei,0.0,0.0,0.0,121462.70600051341,0.0,0.0,0.0,121462.70600051341
Region20Guangxi_Region18Hunan,0.0,0.0,0.0,68712.5067472171,0.0,0.0,0.0,68712.5067472171
Region20Guangxi_Region19Guangdong,0.0,0.0,0.0,8.781029501787152e8,0.0,0.0,0.0,8.781029501787152e8
Region20Guangxi_Region21Hainan,0.0,0.0,0.0,1.9465417773612398e8,0.0,0.0,0.0,1.9465417773612398e8
Region20Guangxi_Region22Chongqing,0.0,0.0,0.0,216758.3107294725,0.0,0.0,0.0,216758.3107294725
Region20Guangxi_Region23Sichuan,0.0,0.0,0.0,157624.25982783354,0.0,0.0,0.0,157624.25982783354
Region20Guangxi_Region24Guizhou,0.0,0.0,0.0,8.09197790664218e6,0.0,0.0,0.0,8.09197790664218e6
Region20Guangxi_Region25Yunnan,0.0,0.0,0.0,4.8015346115556574e8,0.0,0.0,0.0,4.8015346115556574e8
Region20Guangxi_Region27Shaanxi,0.0,0.0,0.0,132688.18298955023,0.0,0.0,0.0,132688.18298955023
Region20Guangxi_Region28Gansu,0.0,0.0,0.0,134051.28355346248,0.0,0.0,0.0,134051.28355346248
Region20Guangxi_Region29Qinghai,0.0,0.0,0.0,126665.5481535772,0.0,0.0,0.0,126665.5481535772
Region20Guangxi_Region30Ningxia,0.0,0.0,0.0,126230.57262266877,0.0,0.0,0.0,126230.57262266877
Region20Guangxi_Region31Xinjiang,0.0,0.0,0.0,113350.94841722805,0.0,0.0,0.0,113350.94841722805
Region21Hainan_Region1Beijing,0.0,0.0,0.0,72329.25659167772,0.0,0.0,0.0,72329.25659167772
Region21Hainan_Region2Tianjin,0.0,0.0,0.0,72440.92135430487,0.0,0.0,0.0,72440.92135430487
Region21Hainan_Region3Hebei,0.0,0.0,0.0,61860.988694978274,0.0,0.0,0.0,61860.988694978274
Region21Hainan_Region4Shanxi,0.0,0.0,0.0,61373.48603652405,0.0,0.0,0.0,61373.48603652405
Region21Hainan_Region5Innermongolia,0.0,0.0,0.0,70157.54924200349,0.0,0.0,0.0,70157.54924200349
Region21Hainan_Region6Liaoning,0.0,0.0,0.0,83152.0060127413,0.0,0.0,0.0,83152.0060127413
Region21Hainan_Region7Jilin,0.0,0.0,0.0,88251.17510310594,0.0,0.0,0.0,88251.17510310594
Region21Hainan_Region8Heilongjiang,0.0,0.0,0.0,96527.08266935003,0.0,0.0,0.0,96527.08266935003
Region21Hainan_Region9Shanghai,0.0,0.0,0.0,74261.80390624685,0.0,0.0,0.0,74261.80390624685
Region21Hainan_Region10Jiangsu,0.0,0.0,0.0,66654.72323490989,0.0,0.0,0.0,66654.72323490989
Region21Hainan_Region11Zhejiang,0.0,0.0,0.0,69763.77424684391,0.0,0.0,0.0,69763.77424684391
Region21Hainan_Region12Anhui,0.0,0.0,0.0,66955.18328157236,0.0,0.0,0.0,66955.18328157236
Region21Hainan_Region13Fujian,0.0,0.0,0.0,58770.33674641913,0.0,0.0,0.0,58770.33674641913
Region21Hainan_Region14Jiangxi,0.0,0.0,0.0,55232.981962744765,0.0,0.0,0.0,55232.981962744765
Region21Hainan_Region15Shandong,0.0,0.0,0.0,68028.79393305923,0.0,0.0,0.0,68028.79393305923
Region21Hainan_Region16Henan,0.0,0.0,0.0,61395.359219995065,0.0,0.0,0.0,61395.359219995065
Region21Hainan_Region17Hubei,0.0,0.0,0.0,58392.20647758076,0.0,0.0,0.0,58392.20647758076
Region21Hainan_Region18Hunan,0.0,0.0,0.0,54708.3600933733,0.0,0.0,0.0,54708.3600933733
Region21Hainan_Region19Guangdong,0.0,0.0,0.0,103985.7382461927,0.0,0.0,0.0,103985.7382461927
Region21Hainan_Region20Guangxi,0.0,0.0,0.0,41289.31093139671,0.0,0.0,0.0,41289.31093139671
Region21Hainan_Region22Chongqing,0.0,0.0,0.0,69032.78541577929,0.0,0.0,0.0,69032.78541577929
Region21Hainan_Region23Sichuan,0.0,0.0,0.0,76346.52306343432,0.0,0.0,0.0,76346.52306343432
Region21Hainan_Region24Guizhou,0.0,0.0,0.0,79679.80756399481,0.0,0.0,0.0,79679.80756399481
Region21Hainan_Region25Yunnan,0.0,0.0,0.0,131500.57585142186,0.0,0.0,0.0,131500.57585142186
Region21Hainan_Region27Shaanxi,0.0,0.0,0.0,67394.55975871177,0.0,0.0,0.0,67394.55975871177
Region21Hainan_Region28Gansu,0.0,0.0,0.0,71273.14521384056,0.0,0.0,0.0,71273.14521384056
Region21Hainan_Region29Qinghai,0.0,0.0,0.0,69604.2832776188,0.0,0.0,0.0,69604.2832776188
Region21Hainan_Region30Ningxia,0.0,0.0,0.0,69924.7277539834,0.0,0.0,0.0,69924.7277539834
Region21Hainan_Region31Xinjiang,0.0,0.0,0.0,71730.14869748717,0.0,0.0,0.0,71730.14869748717
Region22Chongqing_Region1Beijing,0.0,0.0,0.0,120415.69880594155,0.0,0.0,0.0,120415.69880594155
Region22Chongqing_Region2Tianjin,0.0,0.0,0.0,124190.50339077694,0.0,0.0,0.0,124190.50339077694
Region22Chongqing_Region3Hebei,0.0,0.0,0.0,102843.74334291922,0.0,0.0,0.0,102843.74334291922
Region22Chongqing_Region4Shanxi,0.0,0.0,0.0,96817.54283741771,0.0,0.0,0.0,96817.54283741771
Region22Chongqing_Region5Innermongolia,0.0,0.0,0.0,100878.31919818961,0.0,0.0,0.0,100878.31919818961
Region22Chongqing_Region6Liaoning,0.0,0.0,0.0,139240.07962370527,0.0,0.0,0.0,139240.07962370527
Region22Chongqing_Region7Jilin,0.0,0.0,0.0,145609.78877750138,0.0,0.0,0.0,145609.78877750138
Region22Chongqing_Region8Heilongjiang,0.0,0.0,0.0,159168.48702134963,0.0,0.0,0.0,159168.48702134963
Region22Chongqing_Region9Shanghai,0.0,0.0,0.0,159286.65024051702,0.0,0.0,0.0,159286.65024051702
Region22Chongqing_Region10Jiangsu,0.0,0.0,0.0,131265.26904519115,0.0,0.0,0.0,131265.26904519115
Region22Chongqing_Region11Zhejiang,0.0,0.0,0.0,155710.52414989256,0.0,0.0,0.0,155710.52414989256
Region22Chongqing_Region12Anhui,0.0,0.0,0.0,138643.91238195053,0.0,0.0,0.0,138643.91238195053
Region22Chongqing_Region13Fujian,0.0,0.0,0.0,146571.47864267163,0.0,0.0,0.0,146571.47864267163
Region22Chongqing_Region14Jiangxi,0.0,0.0,0.0,153920.63654695984,0.0,0.0,0.0,153920.63654695984
Region22Chongqing_Region15Shandong,0.0,0.0,0.0,116861.03109360265,0.0,0.0,0.0,116861.03109360265
Region22Chongqing_Region16Henan,0.0,0.0,0.0,106068.97236135465,0.0,0.0,0.0,106068.97236135465
Region22Chongqing_Region17Hubei,0.0,0.0,0.0,121220.44797773854,0.0,0.0,0.0,121220.44797773854
Region22Chongqing_Region18Hunan,0.0,0.0,0.0,146856.76900334965,0.0,0.0,0.0,146856.76900334965
Region22Chongqing_Region19Guangdong,0.0,0.0,0.0,349022.99307036935,0.0,0.0,0.0,349022.99307036935
Region22Chongqing_Region20Guangxi,0.0,0.0,0.0,188967.02331825616,0.0,0.0,0.0,188967.02331825616
Region22Chongqing_Region21Hainan,0.0,0.0,0.0,167513.06886415553,0.0,0.0,0.0,167513.06886415553
Region22Chongqing_Region23Sichuan,0.0,0.0,0.0,127978.57055924628,0.0,0.0,0.0,127978.57055924628
Region22Chongqing_Region24Guizhou,0.0,0.0,0.0,2.2294114919198477e6,0.0,0.0,0.0,2.2294114919198477e6
Region22Chongqing_Region25Yunnan,0.0,0.0,0.0,1.5028009962271303e6,0.0,0.0,0.0,1.5028009962271303e6
Region22Chongqing_Region27Shaanxi,0.0,0.0,0.0,86157.89441930992,0.0,0.0,0.0,86157.89441930992
Region22Chongqing_Region28Gansu,0.0,0.0,0.0,104985.1621703911,0.0,0.0,0.0,104985.1621703911
Region22Chongqing_Region29Qinghai,0.0,0.0,0.0,101163.3021398933,0.0,0.0,0.0,101163.3021398933
Region22Chongqing_Region30Ningxia,0.0,0.0,0.0,99621.85624231293,0.0,0.0,0.0,99621.85624231293
Region22Chongqing_Region31Xinjiang,0.0,0.0,0.0,99969.68233221244,0.0,0.0,0.0,99969.68233221244
Region23Sichuan_Region1Beijing,0.0,0.0,0.0,120226.70444382858,0.0,0.0,0.0,120226.70444382858
Region23Sichuan_Region2Tianjin,0.0,0.0,0.0,123649.55578258961,0.0,0.0,0.0,123649.55578258961
Region23Sichuan_Region3Hebei,0.0,0.0,0.0,102905.21110593512,0.0,0.0,0.0,102905.21110593512
Region23Sichuan_Region4Shanxi,0.0,0.0,0.0,97007.75872545312,0.0,0.0,0.0,97007.75872545312
Region23Sichuan_Region5Innermongolia,0.0,0.0,0.0,100214.27893918088,0.0,0.0,0.0,100214.27893918088
Region23Sichuan_Region6Liaoning,0.0,0.0,0.0,138594.28727086593,0.0,0.0,0.0,138594.28727086593
Region23Sichuan_Region7Jilin,0.0,0.0,0.0,144967.10431549858,0.0,0.0,0.0,144967.10431549858
Region23Sichuan_Region8Heilongjiang,0.0,0.0,0.0,158433.6455772789,0.0,0.0,0.0,158433.6455772789
Region23Sichuan_Region9Shanghai,0.0,0.0,0.0,163111.11758389807,0.0,0.0,0.0,163111.11758389807
Region23Sichuan_Region10Jiangsu,0.0,0.0,0.0,138665.02556920925,0.0,0.0,0.0,138665.02556920925
Region23Sichuan_Region11Zhejiang,0.0,0.0,0.0,160199.20959504906,0.0,0.0,0.0,160199.20959504906
Region23Sichuan_Region12Anhui,0.0,0.0,0.0,145955.57546841918,0.0,0.0,0.0,145955.57546841918
Region23Sichuan_Region13Fujian,0.0,0.0,0.0,155054.88171379833,0.0,0.0,0.0,155054.88171379833
Region23Sichuan_Region14Jiangxi,0.0,0.0,0.0,168256.407923002,0.0,0.0,0.0,168256.407923002
Region23Sichuan_Region15Shandong,0.0,0.0,0.0,118592.70729342791,0.0,0.0,0.0,118592.70729342791
Region23Sichuan_Region16Henan,0.0,0.0,0.0,108459.76040815069,0.0,0.0,0.0,108459.76040815069
Region23Sichuan_Region17Hubei,0.0,0.0,0.0,137079.68070647155,0.0,0.0,0.0,137079.68070647155
Region23Sichuan_Region18Hunan,0.0,0.0,0.0,167958.078088568,0.0,0.0,0.0,167958.078088568
Region23Sichuan_Region19Guangdong,0.0,0.0,0.0,294262.35667281953,0.0,0.0,0.0,294262.35667281953
Region23Sichuan_Region20Guangxi,0.0,0.0,0.0,188376.35928225925,0.0,0.0,0.0,188376.35928225925
Region23Sichuan_Region21Hainan,0.0,0.0,0.0,159993.00308285054,0.0,0.0,0.0,159993.00308285054
Region23Sichuan_Region22Chongqing,0.0,0.0,0.0,146125.1692240509,0.0,0.0,0.0,146125.1692240509
Region23Sichuan_Region24Guizhou,0.0,0.0,0.0,365215.7076396653,0.0,0.0,0.0,365215.7076396653
Region23Sichuan_Region25Yunnan,0.0,0.0,0.0,1.8378132504934843e6,0.0,0.0,0.0,1.8378132504934843e6
Region23Sichuan_Region27Shaanxi,0.0,0.0,0.0,89849.08855925781,0.0,0.0,0.0,89849.08855925781
Region23Sichuan_Region28Gansu,0.0,0.0,0.0,94267.54332002594,0.0,0.0,0.0,94267.54332002594
Region23Sichuan_Region29Qinghai,0.0,0.0,0.0,88378.03100446735,0.0,0.0,0.0,88378.03100446735
Region23Sichuan_Region30Ningxia,0.0,0.0,0.0,96950.07982933462,0.0,0.0,0.0,96950.07982933462
Region23Sichuan_Region31Xinjiang,0.0,0.0,0.0,96888.24162912607,0.0,0.0,0.0,96888.24162912607
Region24Guizhou_Region1Beijing,0.0,0.0,0.0,115354.13617785509,0.0,0.0,0.0,115354.13617785509
Region24Guizhou_Region2Tianjin,0.0,0.0,0.0,117060.51152263735,0.0,0.0,0.0,117060.51152263735
Region24Guizhou_Region3Hebei,0.0,0.0,0.0,101235.78100620952,0.0,0.0,0.0,101235.78100620952
Region24Guizhou_Region4Shanxi,0.0,0.0,0.0,97449.45483570041,0.0,0.0,0.0,97449.45483570041
Region24Guizhou_Region5Innermongolia,0.0,0.0,0.0,100628.62531241227,0.0,0.0,0.0,100628.62531241227
Region24Guizhou_Region6Liaoning,0.0,0.0,0.0,131000.10594631732,0.0,0.0,0.0,131000.10594631732
Region24Guizhou_Region7Jilin,0.0,0.0,0.0,136992.57859573956,0.0,0.0,0.0,136992.57859573956
Region24Guizhou_Region8Heilongjiang,0.0,0.0,0.0,148707.53613536042,0.0,0.0,0.0,148707.53613536042
Region24Guizhou_Region9Shanghai,0.0,0.0,0.0,140127.2590755654,0.0,0.0,0.0,140127.2590755654
Region24Guizhou_Region10Jiangsu,0.0,0.0,0.0,119049.0916071439,0.0,0.0,0.0,119049.0916071439
Region24Guizhou_Region11Zhejiang,0.0,0.0,0.0,135187.12698315852,0.0,0.0,0.0,135187.12698315852
Region24Guizhou_Region12Anhui,0.0,0.0,0.0,122442.19839898127,0.0,0.0,0.0,122442.19839898127
Region24Guizhou_Region13Fujian,0.0,0.0,0.0,124690.40622234787,0.0,0.0,0.0,124690.40622234787
Region24Guizhou_Region14Jiangxi,0.0,0.0,0.0,116677.24702734633,0.0,0.0,0.0,116677.24702734633
Region24Guizhou_Region15Shandong,0.0,0.0,0.0,110556.10341375874,0.0,0.0,0.0,110556.10341375874
Region24Guizhou_Region16Henan,0.0,0.0,0.0,102316.88374779373,0.0,0.0,0.0,102316.88374779373
Region24Guizhou_Region17Hubei,0.0,0.0,0.0,106534.64366648048,0.0,0.0,0.0,106534.64366648048
Region24Guizhou_Region18Hunan,0.0,0.0,0.0,100098.1062747905,0.0,0.0,0.0,100098.1062747905
Region24Guizhou_Region19Guangdong,0.0,0.0,0.0,247804.66956333906,0.0,0.0,0.0,247804.66956333906
Region24Guizhou_Region20Guangxi,0.0,0.0,0.0,107772.99725954077,0.0,0.0,0.0,107772.99725954077
Region24Guizhou_Region21Hainan,0.0,0.0,0.0,117699.3140389252,0.0,0.0,0.0,117699.3140389252
Region24Guizhou_Region22Chongqing,0.0,0.0,0.0,103460.33531892297,0.0,0.0,0.0,103460.33531892297
Region24Guizhou_Region23Sichuan,0.0,0.0,0.0,89493.46464815868,0.0,0.0,0.0,89493.46464815868
Region24Guizhou_Region25Yunnan,0.0,0.0,0.0,875408.1291535608,0.0,0.0,0.0,875408.1291535608
Region24Guizhou_Region27Shaanxi,0.0,0.0,0.0,96921.04115112168,0.0,0.0,0.0,96921.04115112168
Region24Guizhou_Region28Gansu,0.0,0.0,0.0,103267.24015953878,0.0,0.0,0.0,103267.24015953878
Region24Guizhou_Region29Qinghai,0.0,0.0,0.0,101246.41970492987,0.0,0.0,0.0,101246.41970492987
Region24Guizhou_Region30Ningxia,0.0,0.0,0.0,99349.76851946328,0.0,0.0,0.0,99349.76851946328
Region24Guizhou_Region31Xinjiang,0.0,0.0,0.0,99745.20806919537,0.0,0.0,0.0,99745.20806919537
Region25Yunnan_Region1Beijing,0.0,0.0,0.0,113676.53062281998,0.0,0.0,0.0,113676.53062281998
Region25Yunnan_Region2Tianjin,0.0,0.0,0.0,115733.77137193974,0.0,0.0,0.0,115733.77137193974
Region25Yunnan_Region3Hebei,0.0,0.0,0.0,102033.4124497351,0.0,0.0,0.0,102033.4124497351
Region25Yunnan_Region4Shanxi,0.0,0.0,0.0,98068.20986151577,0.0,0.0,0.0,98068.20986151577
Region25Yunnan_Region5Innermongolia,0.0,0.0,0.0,100320.20091044191,0.0,0.0,0.0,100320.20091044191
Region25Yunnan_Region6Liaoning,0.0,0.0,0.0,127307.68735663661,0.0,0.0,0.0,127307.68735663661
Region25Yunnan_Region7Jilin,0.0,0.0,0.0,132405.806627397,0.0,0.0,0.0,132405.806627397
Region25Yunnan_Region8Heilongjiang,0.0,0.0,0.0,142053.98639032993,0.0,0.0,0.0,142053.98639032993
Region25Yunnan_Region9Shanghai,0.0,0.0,0.0,131756.94322511164,0.0,0.0,0.0,131756.94322511164
Region25Yunnan_Region10Jiangsu,0.0,0.0,0.0,116424.62902053032,0.0,0.0,0.0,116424.62902053032
Region25Yunnan_Region11Zhejiang,0.0,0.0,0.0,127606.95140225225,0.0,0.0,0.0,127606.95140225225
Region25Yunnan_Region12Anhui,0.0,0.0,0.0,118252.31792375221,0.0,0.0,0.0,118252.31792375221
Region25Yunnan_Region13Fujian,0.0,0.0,0.0,120949.59372727538,0.0,0.0,0.0,120949.59372727538
Region25Yunnan_Region14Jiangxi,0.0,0.0,0.0,115918.42448197014,0.0,0.0,0.0,115918.42448197014
Region25Yunnan_Region15Shandong,0.0,0.0,0.0,110517.80823604445,0.0,0.0,0.0,110517.80823604445
Region25Yunnan_Region16Henan,0.0,0.0,0.0,104214.13215589029,0.0,0.0,0.0,104214.13215589029
Region25Yunnan_Region17Hubei,0.0,0.0,0.0,107195.45776318033,0.0,0.0,0.0,107195.45776318033
Region25Yunnan_Region18Hunan,0.0,0.0,0.0,107858.28174227373,0.0,0.0,0.0,107858.28174227373
Region25Yunnan_Region19Guangdong,0.0,0.0,0.0,169112.28156849547,0.0,0.0,0.0,169112.28156849547
Region25Yunnan_Region20Guangxi,0.0,0.0,0.0,93573.60567765278,0.0,0.0,0.0,93573.60567765278
Region25Yunnan_Region21Hainan,0.0,0.0,0.0,81733.9870112138,0.0,0.0,0.0,81733.9870112138
Region25Yunnan_Region22Chongqing,0.0,0.0,0.0,91454.83454928144,0.0,0.0,0.0,91454.83454928144
Region25Yunnan_Region23Sichuan,0.0,0.0,0.0,85524.15624126137,0.0,0.0,0.0,85524.15624126137
Region25Yunnan_Region24Guizhou,0.0,0.0,0.0,87814.94113916285,0.0,0.0,0.0,87814.94113916285
Region25Yunnan_Region27Shaanxi,0.0,0.0,0.0,97180.44482483732,0.0,0.0,0.0,97180.44482483732
Region25Yunnan_Region28Gansu,0.0,0.0,0.0,99408.06330965667,0.0,0.0,0.0,99408.06330965667
Region25Yunnan_Region29Qinghai,0.0,0.0,0.0,94980.15751417831,0.0,0.0,0.0,94980.15751417831
Region25Yunnan_Region30Ningxia,0.0,0.0,0.0,98181.75778156171,0.0,0.0,0.0,98181.75778156171
Region25Yunnan_Region31Xinjiang,0.0,0.0,0.0,98723.92681747477,0.0,0.0,0.0,98723.92681747477
Region27Shaanxi_Region1Beijing,0.0,0.0,0.0,140574.70792514514,0.0,0.0,0.0,140574.70792514514
Region27Shaanxi_Region2Tianjin,0.0,0.0,0.0,148578.61961134293,0.0,0.0,0.0,148578.61961134293
Region27Shaanxi_Region3Hebei,0.0,0.0,0.0,99499.80223849947,0.0,0.0,0.0,99499.80223849947
Region27Shaanxi_Region4Shanxi,0.0,0.0,0.0,76568.25622346472,0.0,0.0,0.0,76568.25622346472
Region27Shaanxi_Region5Innermongolia,0.0,0.0,0.0,101661.42131113572,0.0,0.0,0.0,101661.42131113572
Region27Shaanxi_Region6Liaoning,0.0,0.0,0.0,166945.70724814798,0.0,0.0,0.0,166945.70724814798
Region27Shaanxi_Region7Jilin,0.0,0.0,0.0,174060.4382422795,0.0,0.0,0.0,174060.4382422795
Region27Shaanxi_Region8Heilongjiang,0.0,0.0,0.0,196091.1111616724,0.0,0.0,0.0,196091.1111616724
Region27Shaanxi_Region9Shanghai,0.0,0.0,0.0,255847.32700441108,0.0,0.0,0.0,255847.32700441108
Region27Shaanxi_Region10Jiangsu,0.0,0.0,0.0,199066.80985145952,0.0,0.0,0.0,199066.80985145952
Region27Shaanxi_Region11Zhejiang,0.0,0.0,0.0,253128.07191774333,0.0,0.0,0.0,253128.07191774333
Region27Shaanxi_Region12Anhui,0.0,0.0,0.0,254600.17940238354,0.0,0.0,0.0,254600.17940238354
Region27Shaanxi_Region13Fujian,0.0,0.0,0.0,196310.9403658417,0.0,0.0,0.0,196310.9403658417
Region27Shaanxi_Region14Jiangxi,0.0,0.0,0.0,327861.3507635524,0.0,0.0,0.0,327861.3507635524
Region27Shaanxi_Region15Shandong,0.0,0.0,0.0,140841.5531542182,0.0,0.0,0.0,140841.5531542182
Region27Shaanxi_Region16Henan,0.0,0.0,0.0,101918.23493183714,0.0,0.0,0.0,101918.23493183714
Region27Shaanxi_Region17Hubei,0.0,0.0,0.0,238278.98267582056,0.0,0.0,0.0,238278.98267582056
Region27Shaanxi_Region18Hunan,0.0,0.0,0.0,397645.5336243673,0.0,0.0,0.0,397645.5336243673
Region27Shaanxi_Region19Guangdong,0.0,0.0,0.0,842645.9372722267,0.0,0.0,0.0,842645.9372722267
Region27Shaanxi_Region20Guangxi,0.0,0.0,0.0,341520.4201530397,0.0,0.0,0.0,341520.4201530397
Region27Shaanxi_Region21Hainan,0.0,0.0,0.0,298310.69436222425,0.0,0.0,0.0,298310.69436222425
Region27Shaanxi_Region22Chongqing,0.0,0.0,0.0,2.1303443578315735e7,0.0,0.0,0.0,2.1303443578315735e7
Region27Shaanxi_Region23Sichuan,0.0,0.0,0.0,8.733115908819996e8,0.0,0.0,0.0,8.733115908819996e8
Region27Shaanxi_Region24Guizhou,0.0,0.0,0.0,1.2000722116425161e8,0.0,0.0,0.0,1.2000722116425161e8
Region27Shaanxi_Region25Yunnan,0.0,0.0,0.0,4.47004404792943e7,0.0,0.0,0.0,4.47004404792943e7
Region27Shaanxi_Region28Gansu,0.0,0.0,0.0,136150.05074966623,0.0,0.0,0.0,136150.05074966623
Region27Shaanxi_Region29Qinghai,0.0,0.0,0.0,117228.7915605578,0.0,0.0,0.0,117228.7915605578
Region27Shaanxi_Region30Ningxia,0.0,0.0,0.0,94020.39883315319,0.0,0.0,0.0,94020.39883315319
Region27Shaanxi_Region31Xinjiang,0.0,0.0,0.0,106626.86615236611,0.0,0.0,0.0,106626.86615236611
Region28Gansu_Region1Beijing,0.0,0.0,0.0,163726.53461726356,0.0,0.0,0.0,163726.53461726356
Region28Gansu_Region2Tianjin,0.0,0.0,0.0,171942.90045861978,0.0,0.0,0.0,171942.90045861978
Region28Gansu_Region3Hebei,0.0,0.0,0.0,136216.64268043113,0.0,0.0,0.0,136216.64268043113
Region28Gansu_Region4Shanxi,0.0,0.0,0.0,128657.50068150993,0.0,0.0,0.0,128657.50068150993
Region28Gansu_Region5Innermongolia,0.0,0.0,0.0,113950.48375731352,0.0,0.0,0.0,113950.48375731352
Region28Gansu_Region6Liaoning,0.0,0.0,0.0,181505.17923197927,0.0,0.0,0.0,181505.17923197927
Region28Gansu_Region7Jilin,0.0,0.0,0.0,186586.89017374814,0.0,0.0,0.0,186586.89017374814
Region28Gansu_Region8Heilongjiang,0.0,0.0,0.0,206614.569503511,0.0,0.0,0.0,206614.569503511
Region28Gansu_Region9Shanghai,0.0,0.0,0.0,257650.1814927149,0.0,0.0,0.0,257650.1814927149
Region28Gansu_Region10Jiangsu,0.0,0.0,0.0,217855.957350915,0.0,0.0,0.0,217855.957350915
Region28Gansu_Region11Zhejiang,0.0,0.0,0.0,255072.89694193858,0.0,0.0,0.0,255072.89694193858
Region28Gansu_Region12Anhui,0.0,0.0,0.0,253649.45389485365,0.0,0.0,0.0,253649.45389485365
Region28Gansu_Region13Fujian,0.0,0.0,0.0,225534.33259632377,0.0,0.0,0.0,225534.33259632377
Region28Gansu_Region14Jiangxi,0.0,0.0,0.0,310216.746730712,0.0,0.0,0.0,310216.746730712
Region28Gansu_Region15Shandong,0.0,0.0,0.0,171095.14581733974,0.0,0.0,0.0,171095.14581733974
Region28Gansu_Region16Henan,0.0,0.0,0.0,177410.9570084401,0.0,0.0,0.0,177410.9570084401
Region28Gansu_Region17Hubei,0.0,0.0,0.0,270813.1762331205,0.0,0.0,0.0,270813.1762331205
Region28Gansu_Region18Hunan,0.0,0.0,0.0,344834.89524908556,0.0,0.0,0.0,344834.89524908556
Region28Gansu_Region19Guangdong,0.0,0.0,0.0,507879.7296630818,0.0,0.0,0.0,507879.7296630818
Region28Gansu_Region20Guangxi,0.0,0.0,0.0,345315.41730727087,0.0,0.0,0.0,345315.41730727087
Region28Gansu_Region21Hainan,0.0,0.0,0.0,293902.5633174834,0.0,0.0,0.0,293902.5633174834
Region28Gansu_Region22Chongqing,0.0,0.0,0.0,1.1248193753545184e6,0.0,0.0,0.0,1.1248193753545184e6
Region28Gansu_Region23Sichuan,0.0,0.0,0.0,3.6977048359489757e8,0.0,0.0,0.0,3.6977048359489757e8
Region28Gansu_Region24Guizhou,0.0,0.0,0.0,1.6634476248517875e6,0.0,0.0,0.0,1.6634476248517875e6
Region28Gansu_Region25Yunnan,0.0,0.0,0.0,4.241758130839185e6,0.0,0.0,0.0,4.241758130839185e6
Region28Gansu_Region27Shaanxi,0.0,0.0,0.0,229330.85043780168,0.0,0.0,0.0,229330.85043780168
Region28Gansu_Region29Qinghai,0.0,0.0,0.0,21596.890970232816,0.0,0.0,0.0,21596.890970232816
Region28Gansu_Region30Ningxia,0.0,0.0,0.0,82392.73442304046,0.0,0.0,0.0,82392.73442304046
Region28Gansu_Region31Xinjiang,0.0,0.0,0.0,95525.7203241393,0.0,0.0,0.0,95525.7203241393
Region29Qinghai_Region1Beijing,0.0,0.0,0.0,183009.2902884188,0.0,0.0,0.0,183009.2902884188
Region29Qinghai_Region2Tianjin,0.0,0.0,0.0,190750.18198939486,0.0,0.0,0.0,190750.18198939486
Region29Qinghai_Region3Hebei,0.0,0.0,0.0,156186.8379275649,0.0,0.0,0.0,156186.8379275649
Region29Qinghai_Region4Shanxi,0.0,0.0,0.0,153085.86564114346,0.0,0.0,0.0,153085.86564114346
Region29Qinghai_Region5Innermongolia,0.0,0.0,0.0,132849.717605153,0.0,0.0,0.0,132849.717605153
Region29Qinghai_Region6Liaoning,0.0,0.0,0.0,195481.8375808808,0.0,0.0,0.0,195481.8375808808
Region29Qinghai_Region7Jilin,0.0,0.0,0.0,199355.47236731646,0.0,0.0,0.0,199355.47236731646
Region29Qinghai_Region8Heilongjiang,0.0,0.0,0.0,219024.00737322902,0.0,0.0,0.0,219024.00737322902
Region29Qinghai_Region9Shanghai,0.0,0.0,0.0,276578.8746075342,0.0,0.0,0.0,276578.8746075342
Region29Qinghai_Region10Jiangsu,0.0,0.0,0.0,238137.6787677596,0.0,0.0,0.0,238137.6787677596
Region29Qinghai_Region11Zhejiang,0.0,0.0,0.0,274333.11592385,0.0,0.0,0.0,274333.11592385
Region29Qinghai_Region12Anhui,0.0,0.0,0.0,276472.6752457918,0.0,0.0,0.0,276472.6752457918
Region29Qinghai_Region13Fujian,0.0,0.0,0.0,258729.09611530227,0.0,0.0,0.0,258729.09611530227
Region29Qinghai_Region14Jiangxi,0.0,0.0,0.0,344257.37106687773,0.0,0.0,0.0,344257.37106687773
Region29Qinghai_Region15Shandong,0.0,0.0,0.0,190665.97034764892,0.0,0.0,0.0,190665.97034764892
Region29Qinghai_Region16Henan,0.0,0.0,0.0,205605.55517077917,0.0,0.0,0.0,205605.55517077917
Region29Qinghai_Region17Hubei,0.0,0.0,0.0,299934.91363266227,0.0,0.0,0.0,299934.91363266227
Region29Qinghai_Region18Hunan,0.0,0.0,0.0,372196.1837295438,0.0,0.0,0.0,372196.1837295438
Region29Qinghai_Region19Guangdong,0.0,0.0,0.0,528484.2911681286,0.0,0.0,0.0,528484.2911681286
Region29Qinghai_Region20Guangxi,0.0,0.0,0.0,364533.9085240804,0.0,0.0,0.0,364533.9085240804
Region29Qinghai_Region21Hainan,0.0,0.0,0.0,328330.98460579646,0.0,0.0,0.0,328330.98460579646
Region29Qinghai_Region22Chongqing,0.0,0.0,0.0,988351.2142561704,0.0,0.0,0.0,988351.2142561704
Region29Qinghai_Region23Sichuan,0.0,0.0,0.0,8.687261550279103e7,0.0,0.0,0.0,8.687261550279103e7
Region29Qinghai_Region24Guizhou,0.0,0.0,0.0,1.3389144094598314e6,0.0,0.0,0.0,1.3389144094598314e6
Region29Qinghai_Region25Yunnan,0.0,0.0,0.0,4.912565431940101e6,0.0,0.0,0.0,4.912565431940101e6
Region29Qinghai_Region27Shaanxi,0.0,0.0,0.0,289961.77515050035,0.0,0.0,0.0,289961.77515050035
Region29Qinghai_Region28Gansu,0.0,0.0,0.0,411594.214279733,0.0,0.0,0.0,411594.214279733
Region29Qinghai_Region30Ningxia,0.0,0.0,0.0,138481.97498845647,0.0,0.0,0.0,138481.97498845647
Region29Qinghai_Region31Xinjiang,0.0,0.0,0.0,97112.62030099018,0.0,0.0,0.0,97112.62030099018
Region30Ningxia_Region1Beijing,0.0,0.0,0.0,202999.17083092837,0.0,0.0,0.0,202999.17083092837
Region30Ningxia_Region2Tianjin,0.0,0.0,0.0,217996.81034953982,0.0,0.0,0.0,217996.81034953982
Region30Ningxia_Region3Hebei,0.0,0.0,0.0,157612.94218187025,0.0,0.0,0.0,157612.94218187025
Region30Ningxia_Region4Shanxi,0.0,0.0,0.0,134645.33003467476,0.0,0.0,0.0,134645.33003467476
Region30Ningxia_Region5Innermongolia,0.0,0.0,0.0,116289.65033510888,0.0,0.0,0.0,116289.65033510888
Region30Ningxia_Region6Liaoning,0.0,0.0,0.0,215037.95041657376,0.0,0.0,0.0,215037.95041657376
Region30Ningxia_Region7Jilin,0.0,0.0,0.0,217670.20195853268,0.0,0.0,0.0,217670.20195853268
Region30Ningxia_Region8Heilongjiang,0.0,0.0,0.0,246111.53098490072,0.0,0.0,0.0,246111.53098490072
Region30Ningxia_Region9Shanghai,0.0,0.0,0.0,333937.29684386955,0.0,0.0,0.0,333937.29684386955
Region30Ningxia_Region10Jiangsu,0.0,0.0,0.0,280052.4276752606,0.0,0.0,0.0,280052.4276752606
Region30Ningxia_Region11Zhejiang,0.0,0.0,0.0,328508.27265289717,0.0,0.0,0.0,328508.27265289717
Region30Ningxia_Region12Anhui,0.0,0.0,0.0,352966.05615793186,0.0,0.0,0.0,352966.05615793186
Region30Ningxia_Region13Fujian,0.0,0.0,0.0,257816.02599130064,0.0,0.0,0.0,257816.02599130064
Region30Ningxia_Region14Jiangxi,0.0,0.0,0.0,437775.8348385798,0.0,0.0,0.0,437775.8348385798
Region30Ningxia_Region15Shandong,0.0,0.0,0.0,220308.14464437976,0.0,0.0,0.0,220308.14464437976
Region30Ningxia_Region16Henan,0.0,0.0,0.0,251446.12664534504,0.0,0.0,0.0,251446.12664534504
Region30Ningxia_Region17Hubei,0.0,0.0,0.0,392510.24826957646,0.0,0.0,0.0,392510.24826957646
Region30Ningxia_Region18Hunan,0.0,0.0,0.0,512232.636439121,0.0,0.0,0.0,512232.636439121
Region30Ningxia_Region19Guangdong,0.0,0.0,0.0,813952.8033290409,0.0,0.0,0.0,813952.8033290409
Region30Ningxia_Region20Guangxi,0.0,0.0,0.0,425461.0948466303,0.0,0.0,0.0,425461.0948466303
Region30Ningxia_Region21Hainan,0.0,0.0,0.0,366275.1147125424,0.0,0.0,0.0,366275.1147125424
Region30Ningxia_Region22Chongqing,0.0,0.0,0.0,3.536933544382162e6,0.0,0.0,0.0,3.536933544382162e6
Region30Ningxia_Region23Sichuan,0.0,0.0,0.0,3.171705525305713e8,0.0,0.0,0.0,3.171705525305713e8
Region30Ningxia_Region24Guizhou,0.0,0.0,0.0,5.594158790093227e6,0.0,0.0,0.0,5.594158790093227e6
Region30Ningxia_Region25Yunnan,0.0,0.0,0.0,3.147439530524798e7,0.0,0.0,0.0,3.147439530524798e7
Region30Ningxia_Region27Shaanxi,0.0,0.0,0.0,726302.8250551184,0.0,0.0,0.0,726302.8250551184
Region30Ningxia_Region28Gansu,0.0,0.0,0.0,680712.0793284741,0.0,0.0,0.0,680712.0793284741
Region30Ningxia_Region29Qinghai,0.0,0.0,0.0,105602.36475129858,0.0,0.0,0.0,105602.36475129858
Region30Ningxia_Region31Xinjiang,0.0,0.0,0.0,106442.81137868394,0.0,0.0,0.0,106442.81137868394
Region31Xinjiang_Region1Beijing,0.0,0.0,0.0,474624.9778949524,0.0,0.0,0.0,474624.9778949524
Region31Xinjiang_Region2Tianjin,0.0,0.0,0.0,474006.7123945223,0.0,0.0,0.0,474006.7123945223
Region31Xinjiang_Region3Hebei,0.0,0.0,0.0,393262.2704675261,0.0,0.0,0.0,393262.2704675261
Region31Xinjiang_Region4Shanxi,0.0,0.0,0.0,435763.1893536404,0.0,0.0,0.0,435763.1893536404
Region31Xinjiang_Region5Innermongolia,0.0,0.0,0.0,393012.5333490179,0.0,0.0,0.0,393012.5333490179
Region31Xinjiang_Region6Liaoning,0.0,0.0,0.0,394513.37017294666,0.0,0.0,0.0,394513.37017294666
Region31Xinjiang_Region7Jilin,0.0,0.0,0.0,395756.70102249965,0.0,0.0,0.0,395756.70102249965
Region31Xinjiang_Region8Heilongjiang,0.0,0.0,0.0,433711.7734515043,0.0,0.0,0.0,433711.7734515043
Region31Xinjiang_Region9Shanghai,0.0,0.0,0.0,511805.9944706397,0.0,0.0,0.0,511805.9944706397
Region31Xinjiang_Region10Jiangsu,0.0,0.0,0.0,468083.48937531566,0.0,0.0,0.0,468083.48937531566
Region31Xinjiang_Region11Zhejiang,0.0,0.0,0.0,511778.63173407636,0.0,0.0,0.0,511778.63173407636
Region31Xinjiang_Region12Anhui,0.0,0.0,0.0,572949.2259148845,0.0,0.0,0.0,572949.2259148845
Region31Xinjiang_Region13Fujian,0.0,0.0,0.0,457710.4463476081,0.0,0.0,0.0,457710.4463476081
Region31Xinjiang_Region14Jiangxi,0.0,0.0,0.0,694548.0547449425,0.0,0.0,0.0,694548.0547449425
Region31Xinjiang_Region15Shandong,0.0,0.0,0.0,433754.24430076894,0.0,0.0,0.0,433754.24430076894
Region31Xinjiang_Region16Henan,0.0,0.0,0.0,505903.252837869,0.0,0.0,0.0,505903.252837869
Region31Xinjiang_Region17Hubei,0.0,0.0,0.0,665311.7976485423,0.0,0.0,0.0,665311.7976485423
Region31Xinjiang_Region18Hunan,0.0,0.0,0.0,771747.1366667754,0.0,0.0,0.0,771747.1366667754
Region31Xinjiang_Region19Guangdong,0.0,0.0,0.0,928827.6284023267,0.0,0.0,0.0,928827.6284023267
Region31Xinjiang_Region20Guangxi,0.0,0.0,0.0,693888.9801239201,0.0,0.0,0.0,693888.9801239201
Region31Xinjiang_Region21Hainan,0.0,0.0,0.0,681002.9249690347,0.0,0.0,0.0,681002.9249690347
Region31Xinjiang_Region22Chongqing,0.0,0.0,0.0,2.942680820620743e6,0.0,0.0,0.0,2.942680820620743e6
Region31Xinjiang_Region23Sichuan,0.0,0.0,0.0,1.6445521133912614e7,0.0,0.0,0.0,1.6445521133912614e7
Region31Xinjiang_Region24Guizhou,0.0,0.0,0.0,3.5513343112444114e6,0.0,0.0,0.0,3.5513343112444114e6
Region31Xinjiang_Region25Yunnan,0.0,0.0,0.0,5.9386599394839285e6,0.0,0.0,0.0,5.9386599394839285e6
Region31Xinjiang_Region27Shaanxi,0.0,0.0,0.0,989925.561244582,0.0,0.0,0.0,989925.561244582
Region31Xinjiang_Region28Gansu,0.0,0.0,0.0,9.027543164389808e6,0.0,0.0,0.0,9.027543164389808e6
Region31Xinjiang_Region29Qinghai,0.0,0.0,0.0,4.931835018857493e8,0.0,0.0,0.0,4.931835018857493e8
Region31Xinjiang_Region30Ningxia,0.0,0.0,0.0,892621.8945664001,0.0,0.0,0.0,892621.8945664001
dri_Region1Beijing_dri_Region2Tianjin,0.0,0.0,0.0,2.444743773994529e7,0.0,0.0,0.0,2.444743773994529e7
dri_Region1Beijing_dri_Region3Hebei,0.0,0.0,0.0,2.442922014441432e7,0.0,0.0,0.0,2.442922014441432e7
dri_Region1Beijing_dri_Region4Shanxi,0.0,0.0,0.0,2.9113076559407327e7,0.0,0.0,0.0,2.9113076559407327e7
dri_Region1Beijing_dri_Region5Innermongolia,0.0,0.0,0.0,2.8272644776959248e7,0.0,0.0,0.0,2.8272644776959248e7
dri_Region1Beijing_dri_Region6Liaoning,0.0,0.0,0.0,3.074088591534135e7,0.0,0.0,0.0,3.074088591534135e7
dri_Region1Beijing_dri_Region7Jilin,0.0,0.0,0.0,3.360455012340714e7,0.0,0.0,0.0,3.360455012340714e7
dri_Region1Beijing_dri_Region8Heilongjiang,0.0,0.0,0.0,3.528572941306774e7,0.0,0.0,0.0,3.528572941306774e7
dri_Region1Beijing_dri_Region9Shanghai,0.0,0.0,0.0,3.734884011320156e7,0.0,0.0,0.0,3.734884011320156e7
dri_Region1Beijing_dri_Region10Jiangsu,0.0,0.0,0.0,3.616507375486193e7,0.0,0.0,0.0,3.616507375486193e7
dri_Region1Beijing_dri_Region11Zhejiang,0.0,0.0,0.0,3.763509877145651e7,0.0,0.0,0.0,3.763509877145651e7
dri_Region1Beijing_dri_Region12Anhui,0.0,0.0,0.0,3.640573115709254e7,0.0,0.0,0.0,3.640573115709254e7
dri_Region1Beijing_dri_Region13Fujian,0.0,0.0,0.0,3.382506578428865e7,0.0,0.0,0.0,3.382506578428865e7
dri_Region1Beijing_dri_Region14Jiangxi,0.0,0.0,0.0,3.358001796171203e7,0.0,0.0,0.0,3.358001796171203e7
dri_Region1Beijing_dri_Region15Shandong,0.0,0.0,0.0,2.62265075786635e7,0.0,0.0,0.0,2.62265075786635e7
dri_Region1Beijing_dri_Region16Henan,0.0,0.0,0.0,2.755883292409619e7,0.0,0.0,0.0,2.755883292409619e7
dri_Region1Beijing_dri_Region17Hubei,0.0,0.0,0.0,3.1782090031041656e7,0.0,0.0,0.0,3.1782090031041656e7
dri_Region1Beijing_dri_Region18Hunan,0.0,0.0,0.0,3.394957353679521e7,0.0,0.0,0.0,3.394957353679521e7
dri_Region1Beijing_dri_Region19Guangdong,0.0,0.0,0.0,3.540305590471009e7,0.0,0.0,0.0,3.540305590471009e7
dri_Region1Beijing_dri_Region20Guangxi,0.0,0.0,0.0,3.6193817409454934e7,0.0,0.0,0.0,3.6193817409454934e7
dri_Region1Beijing_dri_Region21Hainan,0.0,0.0,0.0,3.628327808641217e7,0.0,0.0,0.0,3.628327808641217e7
dri_Region1Beijing_dri_Region22Chongqing,0.0,0.0,0.0,3.571200734775411e7,0.0,0.0,0.0,3.571200734775411e7
dri_Region1Beijing_dri_Region23Sichuan,0.0,0.0,0.0,3.5897180529823735e7,0.0,0.0,0.0,3.5897180529823735e7
dri_Region1Beijing_dri_Region24Guizhou,0.0,0.0,0.0,3.468040324723259e7,0.0,0.0,0.0,3.468040324723259e7
dri_Region1Beijing_dri_Region25Yunnan,0.0,0.0,0.0,3.744102385728098e7,0.0,0.0,0.0,3.744102385728098e7
dri_Region1Beijing_dri_Region27Shaanxi,0.0,0.0,0.0,2.984950404806843e7,0.0,0.0,0.0,2.984950404806843e7
dri_Region1Beijing_dri_Region28Gansu,0.0,0.0,0.0,3.733980576420026e7,0.0,0.0,0.0,3.733980576420026e7
dri_Region1Beijing_dri_Region29Qinghai,0.0,0.0,0.0,3.859762436718237e7,0.0,0.0,0.0,3.859762436718237e7
dri_Region1Beijing_dri_Region30Ningxia,0.0,0.0,0.0,3.028071182193949e7,0.0,0.0,0.0,3.028071182193949e7
dri_Region1Beijing_dri_Region31Xinjiang,0.0,0.0,0.0,3.1661122127101753e7,0.0,0.0,0.0,3.1661122127101753e7
dri_Region2Tianjin_dri_Region1Beijing,0.0,0.0,0.0,2.3177528362154998e7,0.0,0.0,0.0,2.3177528362154998e7
dri_Region2Tianjin_dri_Region3Hebei,0.0,0.0,0.0,2.478800325461048e7,0.0,0.0,0.0,2.478800325461048e7
dri_Region2Tianjin_dri_Region4Shanxi,0.0,0.0,0.0,2.9253781806303825e7,0.0,0.0,0.0,2.9253781806303825e7
dri_Region2Tianjin_dri_Region5Innermongolia,0.0,0.0,0.0,2.944150497573621e7,0.0,0.0,0.0,2.944150497573621e7
dri_Region2Tianjin_dri_Region6Liaoning,0.0,0.0,0.0,3.035400779859569e7,0.0,0.0,0.0,3.035400779859569e7
dri_Region2Tianjin_dri_Region7Jilin,0.0,0.0,0.0,3.3414861220983412e7,0.0,0.0,0.0,3.3414861220983412e7
dri_Region2Tianjin_dri_Region8Heilongjiang,0.0,0.0,0.0,3.5138237482438505e7,0.0,0.0,0.0,3.5138237482438505e7
dri_Region2Tianjin_dri_Region9Shanghai,0.0,0.0,0.0,3.626696728492879e7,0.0,0.0,0.0,3.626696728492879e7
dri_Region2Tianjin_dri_Region10Jiangsu,0.0,0.0,0.0,3.510547592854167e7,0.0,0.0,0.0,3.510547592854167e7
dri_Region2Tianjin_dri_Region11Zhejiang,0.0,0.0,0.0,3.6574628029178575e7,0.0,0.0,0.0,3.6574628029178575e7
dri_Region2Tianjin_dri_Region12Anhui,0.0,0.0,0.0,3.547481819018331e7,0.0,0.0,0.0,3.547481819018331e7
dri_Region2Tianjin_dri_Region13Fujian,0.0,0.0,0.0,3.3171103122125145e7,0.0,0.0,0.0,3.3171103122125145e7
dri_Region2Tianjin_dri_Region14Jiangxi,0.0,0.0,0.0,3.2990908217275716e7,0.0,0.0,0.0,3.2990908217275716e7
dri_Region2Tianjin_dri_Region15Shandong,0.0,0.0,0.0,2.4563223877623916e7,0.0,0.0,0.0,2.4563223877623916e7
dri_Region2Tianjin_dri_Region16Henan,0.0,0.0,0.0,2.7235077658415258e7,0.0,0.0,0.0,2.7235077658415258e7
dri_Region2Tianjin_dri_Region17Hubei,0.0,0.0,0.0,3.1406921889018126e7,0.0,0.0,0.0,3.1406921889018126e7
dri_Region2Tianjin_dri_Region18Hunan,0.0,0.0,0.0,3.366015107471344e7,0.0,0.0,0.0,3.366015107471344e7
dri_Region2Tianjin_dri_Region19Guangdong,0.0,0.0,0.0,3.520291450845457e7,0.0,0.0,0.0,3.520291450845457e7
dri_Region2Tianjin_dri_Region20Guangxi,0.0,0.0,0.0,3.5993961765946575e7,0.0,0.0,0.0,3.5993961765946575e7
dri_Region2Tianjin_dri_Region21Hainan,0.0,0.0,0.0,3.6132873103565775e7,0.0,0.0,0.0,3.6132873103565775e7
dri_Region2Tianjin_dri_Region22Chongqing,0.0,0.0,0.0,3.574359623725762e7,0.0,0.0,0.0,3.574359623725762e7
dri_Region2Tianjin_dri_Region23Sichuan,0.0,0.0,0.0,3.585614185728411e7,0.0,0.0,0.0,3.585614185728411e7
dri_Region2Tianjin_dri_Region24Guizhou,0.0,0.0,0.0,3.446488766611111e7,0.0,0.0,0.0,3.446488766611111e7
dri_Region2Tianjin_dri_Region25Yunnan,0.0,0.0,0.0,3.741995533538437e7,0.0,0.0,0.0,3.741995533538437e7
dri_Region2Tianjin_dri_Region27Shaanxi,0.0,0.0,0.0,2.9799210116174918e7,0.0,0.0,0.0,2.9799210116174918e7
dri_Region2Tianjin_dri_Region28Gansu,0.0,0.0,0.0,3.752042838072889e7,0.0,0.0,0.0,3.752042838072889e7
dri_Region2Tianjin_dri_Region29Qinghai,0.0,0.0,0.0,3.8766537779982336e7,0.0,0.0,0.0,3.8766537779982336e7
dri_Region2Tianjin_dri_Region30Ningxia,0.0,0.0,0.0,3.04649160610658e7,0.0,0.0,0.0,3.04649160610658e7
dri_Region2Tianjin_dri_Region31Xinjiang,0.0,0.0,0.0,3.1928376486912392e7,0.0,0.0,0.0,3.1928376486912392e7
dri_Region3Hebei_dri_Region1Beijing,0.0,0.0,0.0,2.5863697459308706e7,0.0,0.0,0.0,2.5863697459308706e7
dri_Region3Hebei_dri_Region2Tianjin,0.0,0.0,0.0,2.613626141799126e7,0.0,0.0,0.0,2.613626141799126e7
dri_Region3Hebei_dri_Region4Shanxi,0.0,0.0,0.0,2.3530635902048547e7,0.0,0.0,0.0,2.3530635902048547e7
dri_Region3Hebei_dri_Region5Innermongolia,0.0,0.0,0.0,2.7745927582252212e7,0.0,0.0,0.0,2.7745927582252212e7
dri_Region3Hebei_dri_Region6Liaoning,0.0,0.0,0.0,3.2747854464390583e7,0.0,0.0,0.0,3.2747854464390583e7
dri_Region3Hebei_dri_Region7Jilin,0.0,0.0,0.0,3.542847516082424e7,0.0,0.0,0.0,3.542847516082424e7
dri_Region3Hebei_dri_Region8Heilongjiang,0.0,0.0,0.0,3.686111822415081e7,0.0,0.0,0.0,3.686111822415081e7
dri_Region3Hebei_dri_Region9Shanghai,0.0,0.0,0.0,3.520759811133983e7,0.0,0.0,0.0,3.520759811133983e7
dri_Region3Hebei_dri_Region10Jiangsu,0.0,0.0,0.0,3.39313214101901e7,0.0,0.0,0.0,3.39313214101901e7
dri_Region3Hebei_dri_Region11Zhejiang,0.0,0.0,0.0,3.540534729138012e7,0.0,0.0,0.0,3.540534729138012e7
dri_Region3Hebei_dri_Region12Anhui,0.0,0.0,0.0,3.2548412931923643e7,0.0,0.0,0.0,3.2548412931923643e7
dri_Region3Hebei_dri_Region13Fujian,0.0,0.0,0.0,3.2731978034371693e7,0.0,0.0,0.0,3.2731978034371693e7
dri_Region3Hebei_dri_Region14Jiangxi,0.0,0.0,0.0,3.1706633068005014e7,0.0,0.0,0.0,3.1706633068005014e7
dri_Region3Hebei_dri_Region15Shandong,0.0,0.0,0.0,2.513785956619234e7,0.0,0.0,0.0,2.513785956619234e7
dri_Region3Hebei_dri_Region16Henan,0.0,0.0,0.0,2.4570779342683244e7,0.0,0.0,0.0,2.4570779342683244e7
dri_Region3Hebei_dri_Region17Hubei,0.0,0.0,0.0,2.9537437048142914e7,0.0,0.0,0.0,2.9537437048142914e7
dri_Region3Hebei_dri_Region18Hunan,0.0,0.0,0.0,3.1843796694555346e7,0.0,0.0,0.0,3.1843796694555346e7
dri_Region3Hebei_dri_Region19Guangdong,0.0,0.0,0.0,3.398460004746053e7,0.0,0.0,0.0,3.398460004746053e7
dri_Region3Hebei_dri_Region20Guangxi,0.0,0.0,0.0,3.481821765266007e7,0.0,0.0,0.0,3.481821765266007e7
dri_Region3Hebei_dri_Region21Hainan,0.0,0.0,0.0,3.5081660926010944e7,0.0,0.0,0.0,3.5081660926010944e7
dri_Region3Hebei_dri_Region22Chongqing,0.0,0.0,0.0,3.405828954443593e7,0.0,0.0,0.0,3.405828954443593e7
dri_Region3Hebei_dri_Region23Sichuan,0.0,0.0,0.0,3.411990755585087e7,0.0,0.0,0.0,3.411990755585087e7
dri_Region3Hebei_dri_Region24Guizhou,0.0,0.0,0.0,3.2907365075780645e7,0.0,0.0,0.0,3.2907365075780645e7
dri_Region3Hebei_dri_Region25Yunnan,0.0,0.0,0.0,3.6270903841663815e7,0.0,0.0,0.0,3.6270903841663815e7
dri_Region3Hebei_dri_Region27Shaanxi,0.0,0.0,0.0,2.7904559185499113e7,0.0,0.0,0.0,2.7904559185499113e7
dri_Region3Hebei_dri_Region28Gansu,0.0,0.0,0.0,3.548569559288893e7,0.0,0.0,0.0,3.548569559288893e7
dri_Region3Hebei_dri_Region29Qinghai,0.0,0.0,0.0,3.703924393553435e7,0.0,0.0,0.0,3.703924393553435e7
dri_Region3Hebei_dri_Region30Ningxia,0.0,0.0,0.0,2.8763628481498703e7,0.0,0.0,0.0,2.8763628481498703e7
dri_Region3Hebei_dri_Region31Xinjiang,0.0,0.0,0.0,3.1697584230671987e7,0.0,0.0,0.0,3.1697584230671987e7
dri_Region4Shanxi_dri_Region1Beijing,0.0,0.0,0.0,2.9552290340279832e7,0.0,0.0,0.0,2.9552290340279832e7
dri_Region4Shanxi_dri_Region2Tianjin,0.0,0.0,0.0,2.9668936910358578e7,0.0,0.0,0.0,2.9668936910358578e7
dri_Region4Shanxi_dri_Region3Hebei,0.0,0.0,0.0,3.093151482987294e7,0.0,0.0,0.0,3.093151482987294e7
dri_Region4Shanxi_dri_Region5Innermongolia,0.0,0.0,0.0,2.6403354003380537e7,0.0,0.0,0.0,2.6403354003380537e7
dri_Region4Shanxi_dri_Region6Liaoning,0.0,0.0,0.0,3.429453497355221e7,0.0,0.0,0.0,3.429453497355221e7
dri_Region4Shanxi_dri_Region7Jilin,0.0,0.0,0.0,3.679835690981474e7,0.0,0.0,0.0,3.679835690981474e7
dri_Region4Shanxi_dri_Region8Heilongjiang,0.0,0.0,0.0,3.808549919545865e7,0.0,0.0,0.0,3.808549919545865e7
dri_Region4Shanxi_dri_Region9Shanghai,0.0,0.0,0.0,3.6260077484070964e7,0.0,0.0,0.0,3.6260077484070964e7
dri_Region4Shanxi_dri_Region10Jiangsu,0.0,0.0,0.0,3.4779646870738894e7,0.0,0.0,0.0,3.4779646870738894e7
dri_Region4Shanxi_dri_Region11Zhejiang,0.0,0.0,0.0,3.651351071582273e7,0.0,0.0,0.0,3.651351071582273e7
dri_Region4Shanxi_dri_Region12Anhui,0.0,0.0,0.0,3.377844870132684e7,0.0,0.0,0.0,3.377844870132684e7
dri_Region4Shanxi_dri_Region13Fujian,0.0,0.0,0.0,3.319446039038508e7,0.0,0.0,0.0,3.319446039038508e7
dri_Region4Shanxi_dri_Region14Jiangxi,0.0,0.0,0.0,3.231530462195699e7,0.0,0.0,0.0,3.231530462195699e7
dri_Region4Shanxi_dri_Region15Shandong,0.0,0.0,0.0,2.8775149297275648e7,0.0,0.0,0.0,2.8775149297275648e7
dri_Region4Shanxi_dri_Region16Henan,0.0,0.0,0.0,2.749963588500576e7,0.0,0.0,0.0,2.749963588500576e7
dri_Region4Shanxi_dri_Region17Hubei,0.0,0.0,0.0,3.0302793615997244e7,0.0,0.0,0.0,3.0302793615997244e7
dri_Region4Shanxi_dri_Region18Hunan,0.0,0.0,0.0,3.2036020960582625e7,0.0,0.0,0.0,3.2036020960582625e7
dri_Region4Shanxi_dri_Region19Guangdong,0.0,0.0,0.0,3.4010057966447845e7,0.0,0.0,0.0,3.4010057966447845e7
dri_Region4Shanxi_dri_Region20Guangxi,0.0,0.0,0.0,3.449655368178499e7,0.0,0.0,0.0,3.449655368178499e7
dri_Region4Shanxi_dri_Region21Hainan,0.0,0.0,0.0,3.4974034293061666e7,0.0,0.0,0.0,3.4974034293061666e7
dri_Region4Shanxi_dri_Region22Chongqing,0.0,0.0,0.0,3.296909040980555e7,0.0,0.0,0.0,3.296909040980555e7
dri_Region4Shanxi_dri_Region23Sichuan,0.0,0.0,0.0,3.2993217965948686e7,0.0,0.0,0.0,3.2993217965948686e7
dri_Region4Shanxi_dri_Region24Guizhou,0.0,0.0,0.0,3.1932338615938988e7,0.0,0.0,0.0,3.1932338615938988e7
dri_Region4Shanxi_dri_Region25Yunnan,0.0,0.0,0.0,3.570133158967258e7,0.0,0.0,0.0,3.570133158967258e7
dri_Region4Shanxi_dri_Region27Shaanxi,0.0,0.0,0.0,2.7887422296603516e7,0.0,0.0,0.0,2.7887422296603516e7
dri_Region4Shanxi_dri_Region28Gansu,0.0,0.0,0.0,3.4166643626946285e7,0.0,0.0,0.0,3.4166643626946285e7
dri_Region4Shanxi_dri_Region29Qinghai,0.0,0.0,0.0,3.605226245265934e7,0.0,0.0,0.0,3.605226245265934e7
dri_Region4Shanxi_dri_Region30Ningxia,0.0,0.0,0.0,2.776568720971991e7,0.0,0.0,0.0,2.776568720971991e7
dri_Region4Shanxi_dri_Region31Xinjiang,0.0,0.0,0.0,3.138739565683878e7,0.0,0.0,0.0,3.138739565683878e7
dri_Region5Innermongolia_dri_Region1Beijing,0.0,0.0,0.0,3.1756469026296526e7,0.0,0.0,0.0,3.1756469026296526e7
dri_Region5Innermongolia_dri_Region2Tianjin,0.0,0.0,0.0,2.860355569562032e7,0.0,0.0,0.0,2.860355569562032e7
dri_Region5Innermongolia_dri_Region3Hebei,0.0,0.0,0.0,2.2744267863035943e7,0.0,0.0,0.0,2.2744267863035943e7
dri_Region5Innermongolia_dri_Region4Shanxi,0.0,0.0,0.0,4.657644978951121e7,0.0,0.0,0.0,4.657644978951121e7
dri_Region5Innermongolia_dri_Region6Liaoning,0.0,0.0,0.0,3.1125539968331374e7,0.0,0.0,0.0,3.1125539968331374e7
dri_Region5Innermongolia_dri_Region7Jilin,0.0,0.0,0.0,3.2381309450771403e7,0.0,0.0,0.0,3.2381309450771403e7
dri_Region5Innermongolia_dri_Region8Heilongjiang,0.0,0.0,0.0,3.3229794992502186e7,0.0,0.0,0.0,3.3229794992502186e7
dri_Region5Innermongolia_dri_Region9Shanghai,0.0,0.0,0.0,3.23953891616642e7,0.0,0.0,0.0,3.23953891616642e7
dri_Region5Innermongolia_dri_Region10Jiangsu,0.0,0.0,0.0,3.0858778247882146e7,0.0,0.0,0.0,3.0858778247882146e7
dri_Region5Innermongolia_dri_Region11Zhejiang,0.0,0.0,0.0,3.2613474875724785e7,0.0,0.0,0.0,3.2613474875724785e7
dri_Region5Innermongolia_dri_Region12Anhui,0.0,0.0,0.0,3.0625877033295e7,0.0,0.0,0.0,3.0625877033295e7
dri_Region5Innermongolia_dri_Region13Fujian,0.0,0.0,0.0,3.373559882602247e7,0.0,0.0,0.0,3.373559882602247e7
dri_Region5Innermongolia_dri_Region14Jiangxi,0.0,0.0,0.0,3.2213017596237242e7,0.0,0.0,0.0,3.2213017596237242e7
dri_Region5Innermongolia_dri_Region15Shandong,0.0,0.0,0.0,2.841535222707092e7,0.0,0.0,0.0,2.841535222707092e7
dri_Region5Innermongolia_dri_Region16Henan,0.0,0.0,0.0,2.8212280586353328e7,0.0,0.0,0.0,2.8212280586353328e7
dri_Region5Innermongolia_dri_Region17Hubei,0.0,0.0,0.0,3.050424923619181e7,0.0,0.0,0.0,3.050424923619181e7
dri_Region5Innermongolia_dri_Region18Hunan,0.0,0.0,0.0,3.20081430980971e7,0.0,0.0,0.0,3.20081430980971e7
dri_Region5Innermongolia_dri_Region19Guangdong,0.0,0.0,0.0,3.4377217493293025e7,0.0,0.0,0.0,3.4377217493293025e7
dri_Region5Innermongolia_dri_Region20Guangxi,0.0,0.0,0.0,3.482437104944839e7,0.0,0.0,0.0,3.482437104944839e7
dri_Region5Innermongolia_dri_Region21Hainan,0.0,0.0,0.0,3.5279109805788e7,0.0,0.0,0.0,3.5279109805788e7
dri_Region5Innermongolia_dri_Region22Chongqing,0.0,0.0,0.0,3.2733734135569498e7,0.0,0.0,0.0,3.2733734135569498e7
dri_Region5Innermongolia_dri_Region23Sichuan,0.0,0.0,0.0,3.2501086260273725e7,0.0,0.0,0.0,3.2501086260273725e7
dri_Region5Innermongolia_dri_Region24Guizhou,0.0,0.0,0.0,3.1641531887756523e7,0.0,0.0,0.0,3.1641531887756523e7
dri_Region5Innermongolia_dri_Region25Yunnan,0.0,0.0,0.0,3.561578355063391e7,0.0,0.0,0.0,3.561578355063391e7
dri_Region5Innermongolia_dri_Region27Shaanxi,0.0,0.0,0.0,2.870587999173364e7,0.0,0.0,0.0,2.870587999173364e7
dri_Region5Innermongolia_dri_Region28Gansu,0.0,0.0,0.0,2.9954459068579234e7,0.0,0.0,0.0,2.9954459068579234e7
dri_Region5Innermongolia_dri_Region29Qinghai,0.0,0.0,0.0,3.146611766394419e7,0.0,0.0,0.0,3.146611766394419e7
dri_Region5Innermongolia_dri_Region30Ningxia,0.0,0.0,0.0,2.874171081227419e7,0.0,0.0,0.0,2.874171081227419e7
dri_Region5Innermongolia_dri_Region31Xinjiang,0.0,0.0,0.0,3.0417226047838397e7,0.0,0.0,0.0,3.0417226047838397e7
dri_Region6Liaoning_dri_Region1Beijing,0.0,0.0,0.0,2.988593601056911e7,0.0,0.0,0.0,2.988593601056911e7
dri_Region6Liaoning_dri_Region2Tianjin,0.0,0.0,0.0,2.969750766097591e7,0.0,0.0,0.0,2.969750766097591e7
dri_Region6Liaoning_dri_Region3Hebei,0.0,0.0,0.0,3.202274052101058e7,0.0,0.0,0.0,3.202274052101058e7
dri_Region6Liaoning_dri_Region4Shanxi,0.0,0.0,0.0,3.44074808297992e7,0.0,0.0,0.0,3.44074808297992e7
dri_Region6Liaoning_dri_Region5Innermongolia,0.0,0.0,0.0,3.3622180199622445e7,0.0,0.0,0.0,3.3622180199622445e7
dri_Region6Liaoning_dri_Region7Jilin,0.0,0.0,0.0,2.5080830514859162e7,0.0,0.0,0.0,2.5080830514859162e7
dri_Region6Liaoning_dri_Region8Heilongjiang,0.0,0.0,0.0,2.818163816461272e7,0.0,0.0,0.0,2.818163816461272e7
dri_Region6Liaoning_dri_Region9Shanghai,0.0,0.0,0.0,3.7071815630913004e7,0.0,0.0,0.0,3.7071815630913004e7
dri_Region6Liaoning_dri_Region10Jiangsu,0.0,0.0,0.0,3.570443625926913e7,0.0,0.0,0.0,3.570443625926913e7
dri_Region6Liaoning_dri_Region11Zhejiang,0.0,0.0,0.0,3.728574890206562e7,0.0,0.0,0.0,3.728574890206562e7
dri_Region6Liaoning_dri_Region12Anhui,0.0,0.0,0.0,3.610482852162448e7,0.0,0.0,0.0,3.610482852162448e7
dri_Region6Liaoning_dri_Region13Fujian,0.0,0.0,0.0,3.5777293540498585e7,0.0,0.0,0.0,3.5777293540498585e7
dri_Region6Liaoning_dri_Region14Jiangxi,0.0,0.0,0.0,3.639321965444475e7,0.0,0.0,0.0,3.639321965444475e7
dri_Region6Liaoning_dri_Region15Shandong,0.0,0.0,0.0,3.1601736698532086e7,0.0,0.0,0.0,3.1601736698532086e7
dri_Region6Liaoning_dri_Region16Henan,0.0,0.0,0.0,3.199294494954919e7,0.0,0.0,0.0,3.199294494954919e7
dri_Region6Liaoning_dri_Region17Hubei,0.0,0.0,0.0,3.5293104610413656e7,0.0,0.0,0.0,3.5293104610413656e7
dri_Region6Liaoning_dri_Region18Hunan,0.0,0.0,0.0,3.697226000392148e7,0.0,0.0,0.0,3.697226000392148e7
dri_Region6Liaoning_dri_Region19Guangdong,0.0,0.0,0.0,3.75369516738845e7,0.0,0.0,0.0,3.75369516738845e7
dri_Region6Liaoning_dri_Region20Guangxi,0.0,0.0,0.0,3.8270514516778946e7,0.0,0.0,0.0,3.8270514516778946e7
dri_Region6Liaoning_dri_Region21Hainan,0.0,0.0,0.0,3.815030340318321e7,0.0,0.0,0.0,3.815030340318321e7
dri_Region6Liaoning_dri_Region22Chongqing,0.0,0.0,0.0,3.84061649897101e7,0.0,0.0,0.0,3.84061649897101e7
dri_Region6Liaoning_dri_Region23Sichuan,0.0,0.0,0.0,3.853457025638025e7,0.0,0.0,0.0,3.853457025638025e7
dri_Region6Liaoning_dri_Region24Guizhou,0.0,0.0,0.0,3.76167676907214e7,0.0,0.0,0.0,3.76167676907214e7
dri_Region6Liaoning_dri_Region25Yunnan,0.0,0.0,0.0,3.928002448244397e7,0.0,0.0,0.0,3.928002448244397e7
dri_Region6Liaoning_dri_Region27Shaanxi,0.0,0.0,0.0,3.3231220890836205e7,0.0,0.0,0.0,3.3231220890836205e7
dri_Region6Liaoning_dri_Region28Gansu,0.0,0.0,0.0,3.898071234833217e7,0.0,0.0,0.0,3.898071234833217e7
dri_Region6Liaoning_dri_Region29Qinghai,0.0,0.0,0.0,3.981637547583789e7,0.0,0.0,0.0,3.981637547583789e7
dri_Region6Liaoning_dri_Region30Ningxia,0.0,0.0,0.0,3.383773185716635e7,0.0,0.0,0.0,3.383773185716635e7
dri_Region6Liaoning_dri_Region31Xinjiang,0.0,0.0,0.0,3.3010969435170382e7,0.0,0.0,0.0,3.3010969435170382e7
dri_Region7Jilin_dri_Region1Beijing,0.0,0.0,0.0,3.3077099268779036e7,0.0,0.0,0.0,3.3077099268779036e7
dri_Region7Jilin_dri_Region2Tianjin,0.0,0.0,0.0,3.3061739051238094e7,0.0,0.0,0.0,3.3061739051238094e7
dri_Region7Jilin_dri_Region3Hebei,0.0,0.0,0.0,3.500696392219314e7,0.0,0.0,0.0,3.500696392219314e7
dri_Region7Jilin_dri_Region4Shanxi,0.0,0.0,0.0,3.703482527299927e7,0.0,0.0,0.0,3.703482527299927e7
dri_Region7Jilin_dri_Region5Innermongolia,0.0,0.0,0.0,3.480100193272896e7,0.0,0.0,0.0,3.480100193272896e7
dri_Region7Jilin_dri_Region6Liaoning,0.0,0.0,0.0,2.475418632522338e7,0.0,0.0,0.0,2.475418632522338e7
dri_Region7Jilin_dri_Region8Heilongjiang,0.0,0.0,0.0,2.403484202531827e7,0.0,0.0,0.0,2.403484202531827e7
dri_Region7Jilin_dri_Region9Shanghai,0.0,0.0,0.0,3.911570663311305e7,0.0,0.0,0.0,3.911570663311305e7
dri_Region7Jilin_dri_Region10Jiangsu,0.0,0.0,0.0,3.797936024494263e7,0.0,0.0,0.0,3.797936024494263e7
dri_Region7Jilin_dri_Region11Zhejiang,0.0,0.0,0.0,3.9312073398697585e7,0.0,0.0,0.0,3.9312073398697585e7
dri_Region7Jilin_dri_Region12Anhui,0.0,0.0,0.0,3.830942054020599e7,0.0,0.0,0.0,3.830942054020599e7
dri_Region7Jilin_dri_Region13Fujian,0.0,0.0,0.0,3.686401198516949e7,0.0,0.0,0.0,3.686401198516949e7
dri_Region7Jilin_dri_Region14Jiangxi,0.0,0.0,0.0,3.776507259376368e7,0.0,0.0,0.0,3.776507259376368e7
dri_Region7Jilin_dri_Region15Shandong,0.0,0.0,0.0,3.3987086834660575e7,0.0,0.0,0.0,3.3987086834660575e7
dri_Region7Jilin_dri_Region16Henan,0.0,0.0,0.0,3.37390926791958e7,0.0,0.0,0.0,3.37390926791958e7
dri_Region7Jilin_dri_Region17Hubei,0.0,0.0,0.0,3.679826418425308e7,0.0,0.0,0.0,3.679826418425308e7
dri_Region7Jilin_dri_Region18Hunan,0.0,0.0,0.0,3.8262534069361515e7,0.0,0.0,0.0,3.8262534069361515e7
dri_Region7Jilin_dri_Region19Guangdong,0.0,0.0,0.0,3.846148843229344e7,0.0,0.0,0.0,3.846148843229344e7
dri_Region7Jilin_dri_Region20Guangxi,0.0,0.0,0.0,3.924582053814751e7,0.0,0.0,0.0,3.924582053814751e7
dri_Region7Jilin_dri_Region21Hainan,0.0,0.0,0.0,3.8995928242806755e7,0.0,0.0,0.0,3.8995928242806755e7
dri_Region7Jilin_dri_Region22Chongqing,0.0,0.0,0.0,3.947477133249461e7,0.0,0.0,0.0,3.947477133249461e7
dri_Region7Jilin_dri_Region23Sichuan,0.0,0.0,0.0,3.960381762950507e7,0.0,0.0,0.0,3.960381762950507e7
dri_Region7Jilin_dri_Region24Guizhou,0.0,0.0,0.0,3.8806068225088164e7,0.0,0.0,0.0,3.8806068225088164e7
dri_Region7Jilin_dri_Region25Yunnan,0.0,0.0,0.0,4.0056077701180756e7,0.0,0.0,0.0,4.0056077701180756e7
dri_Region7Jilin_dri_Region27Shaanxi,0.0,0.0,0.0,3.46082568490295e7,0.0,0.0,0.0,3.46082568490295e7
dri_Region7Jilin_dri_Region28Gansu,0.0,0.0,0.0,4.0767132705298014e7,0.0,0.0,0.0,4.0767132705298014e7
dri_Region7Jilin_dri_Region29Qinghai,0.0,0.0,0.0,4.146879399479764e7,0.0,0.0,0.0,4.146879399479764e7
dri_Region7Jilin_dri_Region30Ningxia,0.0,0.0,0.0,3.5035436032233104e7,0.0,0.0,0.0,3.5035436032233104e7
dri_Region7Jilin_dri_Region31Xinjiang,0.0,0.0,0.0,3.3123518030932046e7,0.0,0.0,0.0,3.3123518030932046e7
dri_Region8Heilongjiang_dri_Region1Beijing,0.0,0.0,0.0,3.492641505868256e7,0.0,0.0,0.0,3.492641505868256e7
dri_Region8Heilongjiang_dri_Region2Tianjin,0.0,0.0,0.0,3.492194712921282e7,0.0,0.0,0.0,3.492194712921282e7
dri_Region8Heilongjiang_dri_Region3Hebei,0.0,0.0,0.0,3.665806698064046e7,0.0,0.0,0.0,3.665806698064046e7
dri_Region8Heilongjiang_dri_Region4Shanxi,0.0,0.0,0.0,3.8390951061189465e7,0.0,0.0,0.0,3.8390951061189465e7
dri_Region8Heilongjiang_dri_Region5Innermongolia,0.0,0.0,0.0,3.5805225797904246e7,0.0,0.0,0.0,3.5805225797904246e7
dri_Region8Heilongjiang_dri_Region6Liaoning,0.0,0.0,0.0,2.809942065962135e7,0.0,0.0,0.0,2.809942065962135e7
dri_Region8Heilongjiang_dri_Region7Jilin,0.0,0.0,0.0,2.3672682761347204e7,0.0,0.0,0.0,2.3672682761347204e7
dri_Region8Heilongjiang_dri_Region9Shanghai,0.0,0.0,0.0,4.02353053284357e7,0.0,0.0,0.0,4.02353053284357e7
dri_Region8Heilongjiang_dri_Region10Jiangsu,0.0,0.0,0.0,3.9237668770554386e7,0.0,0.0,0.0,3.9237668770554386e7
dri_Region8Heilongjiang_dri_Region11Zhejiang,0.0,0.0,0.0,4.040840060480925e7,0.0,0.0,0.0,4.040840060480925e7
dri_Region8Heilongjiang_dri_Region12Anhui,0.0,0.0,0.0,3.952877260564596e7,0.0,0.0,0.0,3.952877260564596e7
dri_Region8Heilongjiang_dri_Region13Fujian,0.0,0.0,0.0,3.769949987841267e7,0.0,0.0,0.0,3.769949987841267e7
dri_Region8Heilongjiang_dri_Region14Jiangxi,0.0,0.0,0.0,3.871203289422009e7,0.0,0.0,0.0,3.871203289422009e7
dri_Region8Heilongjiang_dri_Region15Shandong,0.0,0.0,0.0,3.55487022013876e7,0.0,0.0,0.0,3.55487022013876e7
dri_Region8Heilongjiang_dri_Region16Henan,0.0,0.0,0.0,3.4969079483387485e7,0.0,0.0,0.0,3.4969079483387485e7
dri_Region8Heilongjiang_dri_Region17Hubei,0.0,0.0,0.0,3.7839584609602645e7,0.0,0.0,0.0,3.7839584609602645e7
dri_Region8Heilongjiang_dri_Region18Hunan,0.0,0.0,0.0,3.916664395436612e7,0.0,0.0,0.0,3.916664395436612e7
dri_Region8Heilongjiang_dri_Region19Guangdong,0.0,0.0,0.0,3.918637003959415e7,0.0,0.0,0.0,3.918637003959415e7
dri_Region8Heilongjiang_dri_Region20Guangxi,0.0,0.0,0.0,3.992664485924285e7,0.0,0.0,0.0,3.992664485924285e7
dri_Region8Heilongjiang_dri_Region21Hainan,0.0,0.0,0.0,3.9638638659582876e7,0.0,0.0,0.0,3.9638638659582876e7
dri_Region8Heilongjiang_dri_Region22Chongqing,0.0,0.0,0.0,4.029450457984186e7,0.0,0.0,0.0,4.029450457984186e7
dri_Region8Heilongjiang_dri_Region23Sichuan,0.0,0.0,0.0,4.0413035923736505e7,0.0,0.0,0.0,4.0413035923736505e7
dri_Region8Heilongjiang_dri_Region24Guizhou,0.0,0.0,0.0,3.968029590179582e7,0.0,0.0,0.0,3.968029590179582e7
dri_Region8Heilongjiang_dri_Region25Yunnan,0.0,0.0,0.0,4.070571524012708e7,0.0,0.0,0.0,4.070571524012708e7
dri_Region8Heilongjiang_dri_Region27Shaanxi,0.0,0.0,0.0,3.5636914687964745e7,0.0,0.0,0.0,3.5636914687964745e7
dri_Region8Heilongjiang_dri_Region28Gansu,0.0,0.0,0.0,4.1716177730618075e7,0.0,0.0,0.0,4.1716177730618075e7
dri_Region8Heilongjiang_dri_Region29Qinghai,0.0,0.0,0.0,4.2368997422206216e7,0.0,0.0,0.0,4.2368997422206216e7
dri_Region8Heilongjiang_dri_Region30Ningxia,0.0,0.0,0.0,3.604748812617171e7,0.0,0.0,0.0,3.604748812617171e7
dri_Region8Heilongjiang_dri_Region31Xinjiang,0.0,0.0,0.0,3.356361752471529e7,0.0,0.0,0.0,3.356361752471529e7
dri_Region9Shanghai_dri_Region1Beijing,0.0,0.0,0.0,3.672709788353962e7,0.0,0.0,0.0,3.672709788353962e7
dri_Region9Shanghai_dri_Region2Tianjin,0.0,0.0,0.0,3.578943952541645e7,0.0,0.0,0.0,3.578943952541645e7
dri_Region9Shanghai_dri_Region3Hebei,0.0,0.0,0.0,3.422238253799802e7,0.0,0.0,0.0,3.422238253799802e7
dri_Region9Shanghai_dri_Region4Shanxi,0.0,0.0,0.0,3.623864678397096e7,0.0,0.0,0.0,3.623864678397096e7
dri_Region9Shanghai_dri_Region5Innermongolia,0.0,0.0,0.0,3.536403872202237e7,0.0,0.0,0.0,3.536403872202237e7
dri_Region9Shanghai_dri_Region6Liaoning,0.0,0.0,0.0,3.682177330346071e7,0.0,0.0,0.0,3.682177330346071e7
dri_Region9Shanghai_dri_Region7Jilin,0.0,0.0,0.0,3.886201949774586e7,0.0,0.0,0.0,3.886201949774586e7
dri_Region9Shanghai_dri_Region8Heilongjiang,0.0,0.0,0.0,3.997932606326172e7,0.0,0.0,0.0,3.997932606326172e7
dri_Region9Shanghai_dri_Region10Jiangsu,0.0,0.0,0.0,2.687199333837295e7,0.0,0.0,0.0,2.687199333837295e7
dri_Region9Shanghai_dri_Region11Zhejiang,0.0,0.0,0.0,2.4092066109263547e7,0.0,0.0,0.0,2.4092066109263547e7
dri_Region9Shanghai_dri_Region12Anhui,0.0,0.0,0.0,2.903287834448239e7,0.0,0.0,0.0,2.903287834448239e7
dri_Region9Shanghai_dri_Region13Fujian,0.0,0.0,0.0,2.714877877145172e7,0.0,0.0,0.0,2.714877877145172e7
dri_Region9Shanghai_dri_Region14Jiangxi,0.0,0.0,0.0,2.8198191259294037e7,0.0,0.0,0.0,2.8198191259294037e7
dri_Region9Shanghai_dri_Region15Shandong,0.0,0.0,0.0,3.015373947488936e7,0.0,0.0,0.0,3.015373947488936e7
dri_Region9Shanghai_dri_Region16Henan,0.0,0.0,0.0,2.937162279544721e7,0.0,0.0,0.0,2.937162279544721e7
dri_Region9Shanghai_dri_Region17Hubei,0.0,0.0,0.0,2.8680086297375657e7,0.0,0.0,0.0,2.8680086297375657e7
dri_Region9Shanghai_dri_Region18Hunan,0.0,0.0,0.0,3.0988539061404444e7,0.0,0.0,0.0,3.0988539061404444e7
dri_Region9Shanghai_dri_Region19Guangdong,0.0,0.0,0.0,3.205352663896865e7,0.0,0.0,0.0,3.205352663896865e7
dri_Region9Shanghai_dri_Region20Guangxi,0.0,0.0,0.0,3.414422817134002e7,0.0,0.0,0.0,3.414422817134002e7
dri_Region9Shanghai_dri_Region21Hainan,0.0,0.0,0.0,3.3839625449904665e7,0.0,0.0,0.0,3.3839625449904665e7
dri_Region9Shanghai_dri_Region22Chongqing,0.0,0.0,0.0,3.470123291417501e7,0.0,0.0,0.0,3.470123291417501e7
dri_Region9Shanghai_dri_Region23Sichuan,0.0,0.0,0.0,3.621867226825903e7,0.0,0.0,0.0,3.621867226825903e7
dri_Region9Shanghai_dri_Region24Guizhou,0.0,0.0,0.0,3.3054227247160286e7,0.0,0.0,0.0,3.3054227247160286e7
dri_Region9Shanghai_dri_Region25Yunnan,0.0,0.0,0.0,3.631837895137274e7,0.0,0.0,0.0,3.631837895137274e7
dri_Region9Shanghai_dri_Region27Shaanxi,0.0,0.0,0.0,3.1292703938614134e7,0.0,0.0,0.0,3.1292703938614134e7
dri_Region9Shanghai_dri_Region28Gansu,0.0,0.0,0.0,3.990256912181957e7,0.0,0.0,0.0,3.990256912181957e7
dri_Region9Shanghai_dri_Region29Qinghai,0.0,0.0,0.0,4.090448399590735e7,0.0,0.0,0.0,4.090448399590735e7
dri_Region9Shanghai_dri_Region30Ningxia,0.0,0.0,0.0,3.436658534243979e7,0.0,0.0,0.0,3.436658534243979e7
dri_Region9Shanghai_dri_Region31Xinjiang,0.0,0.0,0.0,3.3916836410646886e7,0.0,0.0,0.0,3.3916836410646886e7
dri_Region10Jiangsu_dri_Region1Beijing,0.0,0.0,0.0,3.600807639854925e7,0.0,0.0,0.0,3.600807639854925e7
dri_Region10Jiangsu_dri_Region2Tianjin,0.0,0.0,0.0,3.497438731953323e7,0.0,0.0,0.0,3.497438731953323e7
dri_Region10Jiangsu_dri_Region3Hebei,0.0,0.0,0.0,3.1885157976325713e7,0.0,0.0,0.0,3.1885157976325713e7
dri_Region10Jiangsu_dri_Region4Shanxi,0.0,0.0,0.0,3.420007465708014e7,0.0,0.0,0.0,3.420007465708014e7
dri_Region10Jiangsu_dri_Region5Innermongolia,0.0,0.0,0.0,3.391424322408974e7,0.0,0.0,0.0,3.391424322408974e7
dri_Region10Jiangsu_dri_Region6Liaoning,0.0,0.0,0.0,3.600957304286427e7,0.0,0.0,0.0,3.600957304286427e7
dri_Region10Jiangsu_dri_Region7Jilin,0.0,0.0,0.0,3.8206798469606735e7,0.0,0.0,0.0,3.8206798469606735e7
dri_Region10Jiangsu_dri_Region8Heilongjiang,0.0,0.0,0.0,3.9398607302393354e7,0.0,0.0,0.0,3.9398607302393354e7
dri_Region10Jiangsu_dri_Region9Shanghai,0.0,0.0,0.0,2.6820170909570906e7,0.0,0.0,0.0,2.6820170909570906e7
dri_Region10Jiangsu_dri_Region11Zhejiang,0.0,0.0,0.0,2.6253756553831667e7,0.0,0.0,0.0,2.6253756553831667e7
dri_Region10Jiangsu_dri_Region12Anhui,0.0,0.0,0.0,2.4973169718257964e7,0.0,0.0,0.0,2.4973169718257964e7
dri_Region10Jiangsu_dri_Region13Fujian,0.0,0.0,0.0,2.8005080311534304e7,0.0,0.0,0.0,2.8005080311534304e7
dri_Region10Jiangsu_dri_Region14Jiangxi,0.0,0.0,0.0,2.711879161749768e7,0.0,0.0,0.0,2.711879161749768e7
dri_Region10Jiangsu_dri_Region15Shandong,0.0,0.0,0.0,2.802421371951147e7,0.0,0.0,0.0,2.802421371951147e7
dri_Region10Jiangsu_dri_Region16Henan,0.0,0.0,0.0,2.6973409275517147e7,0.0,0.0,0.0,2.6973409275517147e7
dri_Region10Jiangsu_dri_Region17Hubei,0.0,0.0,0.0,2.622102839691572e7,0.0,0.0,0.0,2.622102839691572e7
dri_Region10Jiangsu_dri_Region18Hunan,0.0,0.0,0.0,2.9558616793016676e7,0.0,0.0,0.0,2.9558616793016676e7
dri_Region10Jiangsu_dri_Region19Guangdong,0.0,0.0,0.0,3.1685828543569647e7,0.0,0.0,0.0,3.1685828543569647e7
dri_Region10Jiangsu_dri_Region20Guangxi,0.0,0.0,0.0,3.354976276866325e7,0.0,0.0,0.0,3.354976276866325e7
dri_Region10Jiangsu_dri_Region21Hainan,0.0,0.0,0.0,3.360905422408603e7,0.0,0.0,0.0,3.360905422408603e7
dri_Region10Jiangsu_dri_Region22Chongqing,0.0,0.0,0.0,3.3328646474245887e7,0.0,0.0,0.0,3.3328646474245887e7
dri_Region10Jiangsu_dri_Region23Sichuan,0.0,0.0,0.0,3.5043565880789235e7,0.0,0.0,0.0,3.5043565880789235e7
dri_Region10Jiangsu_dri_Region24Guizhou,0.0,0.0,0.0,3.17282983011928e7,0.0,0.0,0.0,3.17282983011928e7
dri_Region10Jiangsu_dri_Region25Yunnan,0.0,0.0,0.0,3.5526123580402374e7,0.0,0.0,0.0,3.5526123580402374e7
dri_Region10Jiangsu_dri_Region27Shaanxi,0.0,0.0,0.0,2.9499491486564327e7,0.0,0.0,0.0,2.9499491486564327e7
dri_Region10Jiangsu_dri_Region28Gansu,0.0,0.0,0.0,3.854836551240853e7,0.0,0.0,0.0,3.854836551240853e7
dri_Region10Jiangsu_dri_Region29Qinghai,0.0,0.0,0.0,3.9721287388705164e7,0.0,0.0,0.0,3.9721287388705164e7
dri_Region10Jiangsu_dri_Region30Ningxia,0.0,0.0,0.0,3.298104354759635e7,0.0,0.0,0.0,3.298104354759635e7
dri_Region10Jiangsu_dri_Region31Xinjiang,0.0,0.0,0.0,3.3382390105166566e7,0.0,0.0,0.0,3.3382390105166566e7
dri_Region11Zhejiang_dri_Region1Beijing,0.0,0.0,0.0,3.704293580357097e7,0.0,0.0,0.0,3.704293580357097e7
dri_Region11Zhejiang_dri_Region2Tianjin,0.0,0.0,0.0,3.6137934075151525e7,0.0,0.0,0.0,3.6137934075151525e7
dri_Region11Zhejiang_dri_Region3Hebei,0.0,0.0,0.0,3.44973906623982e7,0.0,0.0,0.0,3.44973906623982e7
dri_Region11Zhejiang_dri_Region4Shanxi,0.0,0.0,0.0,3.648542507371069e7,0.0,0.0,0.0,3.648542507371069e7
dri_Region11Zhejiang_dri_Region5Innermongolia,0.0,0.0,0.0,3.5541965634339705e7,0.0,0.0,0.0,3.5541965634339705e7
dri_Region11Zhejiang_dri_Region6Liaoning,0.0,0.0,0.0,3.7190710364077084e7,0.0,0.0,0.0,3.7190710364077084e7
dri_Region11Zhejiang_dri_Region7Jilin,0.0,0.0,0.0,3.918200190447142e7,0.0,0.0,0.0,3.918200190447142e7
dri_Region11Zhejiang_dri_Region8Heilongjiang,0.0,0.0,0.0,4.025871170384866e7,0.0,0.0,0.0,4.025871170384866e7
dri_Region11Zhejiang_dri_Region9Shanghai,0.0,0.0,0.0,2.3680698220882535e7,0.0,0.0,0.0,2.3680698220882535e7
dri_Region11Zhejiang_dri_Region10Jiangsu,0.0,0.0,0.0,2.6108334071231484e7,0.0,0.0,0.0,2.6108334071231484e7
dri_Region11Zhejiang_dri_Region12Anhui,0.0,0.0,0.0,2.813290781197878e7,0.0,0.0,0.0,2.813290781197878e7
dri_Region11Zhejiang_dri_Region13Fujian,0.0,0.0,0.0,2.562039759424587e7,0.0,0.0,0.0,2.562039759424587e7
dri_Region11Zhejiang_dri_Region14Jiangxi,0.0,0.0,0.0,2.6239976983284652e7,0.0,0.0,0.0,2.6239976983284652e7
dri_Region11Zhejiang_dri_Region15Shandong,0.0,0.0,0.0,3.043262216858487e7,0.0,0.0,0.0,3.043262216858487e7
dri_Region11Zhejiang_dri_Region16Henan,0.0,0.0,0.0,2.9174712100896217e7,0.0,0.0,0.0,2.9174712100896217e7
dri_Region11Zhejiang_dri_Region17Hubei,0.0,0.0,0.0,2.7910675672299664e7,0.0,0.0,0.0,2.7910675672299664e7
dri_Region11Zhejiang_dri_Region18Hunan,0.0,0.0,0.0,2.955729307104991e7,0.0,0.0,0.0,2.955729307104991e7
dri_Region11Zhejiang_dri_Region19Guangdong,0.0,0.0,0.0,3.0999283307480853e7,0.0,0.0,0.0,3.0999283307480853e7
dri_Region11Zhejiang_dri_Region20Guangxi,0.0,0.0,0.0,3.3257802168274503e7,0.0,0.0,0.0,3.3257802168274503e7
dri_Region11Zhejiang_dri_Region21Hainan,0.0,0.0,0.0,3.3016902418014005e7,0.0,0.0,0.0,3.3016902418014005e7
dri_Region11Zhejiang_dri_Region22Chongqing,0.0,0.0,0.0,3.416386622841764e7,0.0,0.0,0.0,3.416386622841764e7
dri_Region11Zhejiang_dri_Region23Sichuan,0.0,0.0,0.0,3.5747502592028864e7,0.0,0.0,0.0,3.5747502592028864e7
dri_Region11Zhejiang_dri_Region24Guizhou,0.0,0.0,0.0,3.2039154565338288e7,0.0,0.0,0.0,3.2039154565338288e7
dri_Region11Zhejiang_dri_Region25Yunnan,0.0,0.0,0.0,3.57296378236817e7,0.0,0.0,0.0,3.57296378236817e7
dri_Region11Zhejiang_dri_Region27Shaanxi,0.0,0.0,0.0,3.0844916924118895e7,0.0,0.0,0.0,3.0844916924118895e7
dri_Region11Zhejiang_dri_Region28Gansu,0.0,0.0,0.0,3.964010954967087e7,0.0,0.0,0.0,3.964010954967087e7
dri_Region11Zhejiang_dri_Region29Qinghai,0.0,0.0,0.0,4.067287895815742e7,0.0,0.0,0.0,4.067287895815742e7
dri_Region11Zhejiang_dri_Region30Ningxia,0.0,0.0,0.0,3.4247993995354414e7,0.0,0.0,0.0,3.4247993995354414e7
dri_Region11Zhejiang_dri_Region31Xinjiang,0.0,0.0,0.0,3.381204546181753e7,0.0,0.0,0.0,3.381204546181753e7
dri_Region12Anhui_dri_Region1Beijing,0.0,0.0,0.0,3.6100549324107364e7,0.0,0.0,0.0,3.6100549324107364e7
dri_Region12Anhui_dri_Region2Tianjin,0.0,0.0,0.0,3.537557390429881e7,0.0,0.0,0.0,3.537557390429881e7
dri_Region12Anhui_dri_Region3Hebei,0.0,0.0,0.0,3.164939905450028e7,0.0,0.0,0.0,3.164939905450028e7
dri_Region12Anhui_dri_Region4Shanxi,0.0,0.0,0.0,3.3275197212567795e7,0.0,0.0,0.0,3.3275197212567795e7
dri_Region12Anhui_dri_Region5Innermongolia,0.0,0.0,0.0,3.365604060949298e7,0.0,0.0,0.0,3.365604060949298e7
dri_Region12Anhui_dri_Region6Liaoning,0.0,0.0,0.0,3.611479088432889e7,0.0,0.0,0.0,3.611479088432889e7
dri_Region12Anhui_dri_Region7Jilin,0.0,0.0,0.0,3.8277913395306446e7,0.0,0.0,0.0,3.8277913395306446e7
dri_Region12Anhui_dri_Region8Heilongjiang,0.0,0.0,0.0,3.945706539651158e7,0.0,0.0,0.0,3.945706539651158e7
dri_Region12Anhui_dri_Region9Shanghai,0.0,0.0,0.0,2.9206524198748667e7,0.0,0.0,0.0,2.9206524198748667e7
dri_Region12Anhui_dri_Region10Jiangsu,0.0,0.0,0.0,2.527994559247941e7,0.0,0.0,0.0,2.527994559247941e7
dri_Region12Anhui_dri_Region11Zhejiang,0.0,0.0,0.0,2.8302640586463142e7,0.0,0.0,0.0,2.8302640586463142e7
dri_Region12Anhui_dri_Region13Fujian,0.0,0.0,0.0,2.817276063389258e7,0.0,0.0,0.0,2.817276063389258e7
dri_Region12Anhui_dri_Region14Jiangxi,0.0,0.0,0.0,2.438000669186647e7,0.0,0.0,0.0,2.438000669186647e7
dri_Region12Anhui_dri_Region15Shandong,0.0,0.0,0.0,2.8156204888466872e7,0.0,0.0,0.0,2.8156204888466872e7
dri_Region12Anhui_dri_Region16Henan,0.0,0.0,0.0,2.5662163872934148e7,0.0,0.0,0.0,2.5662163872934148e7
dri_Region12Anhui_dri_Region17Hubei,0.0,0.0,0.0,2.3333437622724097e7,0.0,0.0,0.0,2.3333437622724097e7
dri_Region12Anhui_dri_Region18Hunan,0.0,0.0,0.0,2.7785501625947397e7,0.0,0.0,0.0,2.7785501625947397e7
dri_Region12Anhui_dri_Region19Guangdong,0.0,0.0,0.0,3.063076565653749e7,0.0,0.0,0.0,3.063076565653749e7
dri_Region12Anhui_dri_Region20Guangxi,0.0,0.0,0.0,3.2590937732430346e7,0.0,0.0,0.0,3.2590937732430346e7
dri_Region12Anhui_dri_Region21Hainan,0.0,0.0,0.0,3.2849778908467863e7,0.0,0.0,0.0,3.2849778908467863e7
dri_Region12Anhui_dri_Region22Chongqing,0.0,0.0,0.0,3.224088558498655e7,0.0,0.0,0.0,3.224088558498655e7
dri_Region12Anhui_dri_Region23Sichuan,0.0,0.0,0.0,3.408292157841748e7,0.0,0.0,0.0,3.408292157841748e7
dri_Region12Anhui_dri_Region24Guizhou,0.0,0.0,0.0,3.0672602855785526e7,0.0,0.0,0.0,3.0672602855785526e7
dri_Region12Anhui_dri_Region25Yunnan,0.0,0.0,0.0,3.487244898475454e7,0.0,0.0,0.0,3.487244898475454e7
dri_Region12Anhui_dri_Region27Shaanxi,0.0,0.0,0.0,2.8283601115482662e7,0.0,0.0,0.0,2.8283601115482662e7
dri_Region12Anhui_dri_Region28Gansu,0.0,0.0,0.0,3.753261727375532e7,0.0,0.0,0.0,3.753261727375532e7
dri_Region12Anhui_dri_Region29Qinghai,0.0,0.0,0.0,3.884366385013192e7,0.0,0.0,0.0,3.884366385013192e7
dri_Region12Anhui_dri_Region30Ningxia,0.0,0.0,0.0,3.231187252601199e7,0.0,0.0,0.0,3.231187252601199e7
dri_Region12Anhui_dri_Region31Xinjiang,0.0,0.0,0.0,3.3004756611762587e7,0.0,0.0,0.0,3.3004756611762587e7
dri_Region13Fujian_dri_Region1Beijing,0.0,0.0,0.0,3.347441466028335e7,0.0,0.0,0.0,3.347441466028335e7
dri_Region13Fujian_dri_Region2Tianjin,0.0,0.0,0.0,3.2881139335169066e7,0.0,0.0,0.0,3.2881139335169066e7
dri_Region13Fujian_dri_Region3Hebei,0.0,0.0,0.0,3.2412961313431416e7,0.0,0.0,0.0,3.2412961313431416e7
dri_Region13Fujian_dri_Region4Shanxi,0.0,0.0,0.0,3.326559279787978e7,0.0,0.0,0.0,3.326559279787978e7
dri_Region13Fujian_dri_Region5Innermongolia,0.0,0.0,0.0,3.6352797149618745e7,0.0,0.0,0.0,3.6352797149618745e7
dri_Region13Fujian_dri_Region6Liaoning,0.0,0.0,0.0,3.5689842007889226e7,0.0,0.0,0.0,3.5689842007889226e7
dri_Region13Fujian_dri_Region7Jilin,0.0,0.0,0.0,3.67597251559883e7,0.0,0.0,0.0,3.67597251559883e7
dri_Region13Fujian_dri_Region8Heilongjiang,0.0,0.0,0.0,3.758162687958111e7,0.0,0.0,0.0,3.758162687958111e7
dri_Region13Fujian_dri_Region9Shanghai,0.0,0.0,0.0,2.696994876788486e7,0.0,0.0,0.0,2.696994876788486e7
dri_Region13Fujian_dri_Region10Jiangsu,0.0,0.0,0.0,2.7529530030743457e7,0.0,0.0,0.0,2.7529530030743457e7
dri_Region13Fujian_dri_Region11Zhejiang,0.0,0.0,0.0,2.5677126631489705e7,0.0,0.0,0.0,2.5677126631489705e7
dri_Region13Fujian_dri_Region12Anhui,0.0,0.0,0.0,2.8035463396058027e7,0.0,0.0,0.0,2.8035463396058027e7
dri_Region13Fujian_dri_Region14Jiangxi,0.0,0.0,0.0,2.6035898337786227e7,0.0,0.0,0.0,2.6035898337786227e7
dri_Region13Fujian_dri_Region15Shandong,0.0,0.0,0.0,3.1655137002819866e7,0.0,0.0,0.0,3.1655137002819866e7
dri_Region13Fujian_dri_Region16Henan,0.0,0.0,0.0,3.0963636274606742e7,0.0,0.0,0.0,3.0963636274606742e7
dri_Region13Fujian_dri_Region17Hubei,0.0,0.0,0.0,2.812866014677615e7,0.0,0.0,0.0,2.812866014677615e7
dri_Region13Fujian_dri_Region18Hunan,0.0,0.0,0.0,2.7965706125476282e7,0.0,0.0,0.0,2.7965706125476282e7
dri_Region13Fujian_dri_Region19Guangdong,0.0,0.0,0.0,2.8481579931474403e7,0.0,0.0,0.0,2.8481579931474403e7
dri_Region13Fujian_dri_Region20Guangxi,0.0,0.0,0.0,3.1561333646201286e7,0.0,0.0,0.0,3.1561333646201286e7
dri_Region13Fujian_dri_Region21Hainan,0.0,0.0,0.0,3.057055420225195e7,0.0,0.0,0.0,3.057055420225195e7
dri_Region13Fujian_dri_Region22Chongqing,0.0,0.0,0.0,3.2559442425708525e7,0.0,0.0,0.0,3.2559442425708525e7
dri_Region13Fujian_dri_Region23Sichuan,0.0,0.0,0.0,3.4349713463148326e7,0.0,0.0,0.0,3.4349713463148326e7
dri_Region13Fujian_dri_Region24Guizhou,0.0,0.0,0.0,2.9611376375850797e7,0.0,0.0,0.0,2.9611376375850797e7
dri_Region13Fujian_dri_Region25Yunnan,0.0,0.0,0.0,3.5173705736512996e7,0.0,0.0,0.0,3.5173705736512996e7
dri_Region13Fujian_dri_Region27Shaanxi,0.0,0.0,0.0,3.2383005363702636e7,0.0,0.0,0.0,3.2383005363702636e7
dri_Region13Fujian_dri_Region28Gansu,0.0,0.0,0.0,3.512724186831611e7,0.0,0.0,0.0,3.512724186831611e7
dri_Region13Fujian_dri_Region29Qinghai,0.0,0.0,0.0,3.598190490020144e7,0.0,0.0,0.0,3.598190490020144e7
dri_Region13Fujian_dri_Region30Ningxia,0.0,0.0,0.0,3.513020513510015e7,0.0,0.0,0.0,3.513020513510015e7
dri_Region13Fujian_dri_Region31Xinjiang,0.0,0.0,0.0,3.434549151228539e7,0.0,0.0,0.0,3.434549151228539e7
dri_Region14Jiangxi_dri_Region1Beijing,0.0,0.0,0.0,3.295440779641335e7,0.0,0.0,0.0,3.295440779641335e7
dri_Region14Jiangxi_dri_Region2Tianjin,0.0,0.0,0.0,3.2511242170749944e7,0.0,0.0,0.0,3.2511242170749944e7
dri_Region14Jiangxi_dri_Region3Hebei,0.0,0.0,0.0,3.1179378879298225e7,0.0,0.0,0.0,3.1179378879298225e7
dri_Region14Jiangxi_dri_Region4Shanxi,0.0,0.0,0.0,3.1970351040272046e7,0.0,0.0,0.0,3.1970351040272046e7
dri_Region14Jiangxi_dri_Region5Innermongolia,0.0,0.0,0.0,3.493806334979841e7,0.0,0.0,0.0,3.493806334979841e7
dri_Region14Jiangxi_dri_Region6Liaoning,0.0,0.0,0.0,3.618390895715601e7,0.0,0.0,0.0,3.618390895715601e7
dri_Region14Jiangxi_dri_Region7Jilin,0.0,0.0,0.0,3.751812769816295e7,0.0,0.0,0.0,3.751812769816295e7
dri_Region14Jiangxi_dri_Region8Heilongjiang,0.0,0.0,0.0,3.846739124976849e7,0.0,0.0,0.0,3.846739124976849e7
dri_Region14Jiangxi_dri_Region9Shanghai,0.0,0.0,0.0,2.7999364515858468e7,0.0,0.0,0.0,2.7999364515858468e7
dri_Region14Jiangxi_dri_Region10Jiangsu,0.0,0.0,0.0,2.6450158416236553e7,0.0,0.0,0.0,2.6450158416236553e7
dri_Region14Jiangxi_dri_Region11Zhejiang,0.0,0.0,0.0,2.6367069451723915e7,0.0,0.0,0.0,2.6367069451723915e7
dri_Region14Jiangxi_dri_Region12Anhui,0.0,0.0,0.0,2.4795582781140473e7,0.0,0.0,0.0,2.4795582781140473e7
dri_Region14Jiangxi_dri_Region13Fujian,0.0,0.0,0.0,2.5383895088112045e7,0.0,0.0,0.0,2.5383895088112045e7
dri_Region14Jiangxi_dri_Region15Shandong,0.0,0.0,0.0,3.0722944312474407e7,0.0,0.0,0.0,3.0722944312474407e7
dri_Region14Jiangxi_dri_Region16Henan,0.0,0.0,0.0,2.813081599792872e7,0.0,0.0,0.0,2.813081599792872e7
dri_Region14Jiangxi_dri_Region17Hubei,0.0,0.0,0.0,2.4256818088696916e7,0.0,0.0,0.0,2.4256818088696916e7
dri_Region14Jiangxi_dri_Region18Hunan,0.0,0.0,0.0,2.424585871112996e7,0.0,0.0,0.0,2.424585871112996e7
dri_Region14Jiangxi_dri_Region19Guangdong,0.0,0.0,0.0,2.7147587049262755e7,0.0,0.0,0.0,2.7147587049262755e7
dri_Region14Jiangxi_dri_Region20Guangxi,0.0,0.0,0.0,3.0408220331316177e7,0.0,0.0,0.0,3.0408220331316177e7
dri_Region14Jiangxi_dri_Region21Hainan,0.0,0.0,0.0,3.0598463903976716e7,0.0,0.0,0.0,3.0598463903976716e7
dri_Region14Jiangxi_dri_Region22Chongqing,0.0,0.0,0.0,3.1335985895104032e7,0.0,0.0,0.0,3.1335985895104032e7
dri_Region14Jiangxi_dri_Region23Sichuan,0.0,0.0,0.0,3.3440084300417844e7,0.0,0.0,0.0,3.3440084300417844e7
dri_Region14Jiangxi_dri_Region24Guizhou,0.0,0.0,0.0,2.885347392640538e7,0.0,0.0,0.0,2.885347392640538e7
dri_Region14Jiangxi_dri_Region25Yunnan,0.0,0.0,0.0,3.3469590226798203e7,0.0,0.0,0.0,3.3469590226798203e7
dri_Region14Jiangxi_dri_Region27Shaanxi,0.0,0.0,0.0,2.9166274885345723e7,0.0,0.0,0.0,2.9166274885345723e7
dri_Region14Jiangxi_dri_Region28Gansu,0.0,0.0,0.0,3.463289886778365e7,0.0,0.0,0.0,3.463289886778365e7
dri_Region14Jiangxi_dri_Region29Qinghai,0.0,0.0,0.0,3.579151405003971e7,0.0,0.0,0.0,3.579151405003971e7
dri_Region14Jiangxi_dri_Region30Ningxia,0.0,0.0,0.0,3.3108553929656915e7,0.0,0.0,0.0,3.3108553929656915e7
dri_Region14Jiangxi_dri_Region31Xinjiang,0.0,0.0,0.0,3.325432157297339e7,0.0,0.0,0.0,3.325432157297339e7
dri_Region15Shandong_dri_Region1Beijing,0.0,0.0,0.0,2.564572550253007e7,0.0,0.0,0.0,2.564572550253007e7
dri_Region15Shandong_dri_Region2Tianjin,0.0,0.0,0.0,2.436562147623968e7,0.0,0.0,0.0,2.436562147623968e7
dri_Region15Shandong_dri_Region3Hebei,0.0,0.0,0.0,2.383898183718432e7,0.0,0.0,0.0,2.383898183718432e7
dri_Region15Shandong_dri_Region4Shanxi,0.0,0.0,0.0,2.7306477874711238e7,0.0,0.0,0.0,2.7306477874711238e7
dri_Region15Shandong_dri_Region5Innermongolia,0.0,0.0,0.0,3.1092740550822146e7,0.0,0.0,0.0,3.1092740550822146e7
dri_Region15Shandong_dri_Region6Liaoning,0.0,0.0,0.0,3.1930385922583546e7,0.0,0.0,0.0,3.1930385922583546e7
dri_Region15Shandong_dri_Region7Jilin,0.0,0.0,0.0,3.4195067790927805e7,0.0,0.0,0.0,3.4195067790927805e7
dri_Region15Shandong_dri_Region8Heilongjiang,0.0,0.0,0.0,3.567737591147477e7,0.0,0.0,0.0,3.567737591147477e7
dri_Region15Shandong_dri_Region9Shanghai,0.0,0.0,0.0,3.072334048108445e7,0.0,0.0,0.0,3.072334048108445e7
dri_Region15Shandong_dri_Region10Jiangsu,0.0,0.0,0.0,2.8885614382379744e7,0.0,0.0,0.0,2.8885614382379744e7
dri_Region15Shandong_dri_Region11Zhejiang,0.0,0.0,0.0,3.1002616537790783e7,0.0,0.0,0.0,3.1002616537790783e7
dri_Region15Shandong_dri_Region12Anhui,0.0,0.0,0.0,2.8350973187658947e7,0.0,0.0,0.0,2.8350973187658947e7
dri_Region15Shandong_dri_Region13Fujian,0.0,0.0,0.0,3.196647430717328e7,0.0,0.0,0.0,3.196647430717328e7
dri_Region15Shandong_dri_Region14Jiangxi,0.0,0.0,0.0,3.126569604715572e7,0.0,0.0,0.0,3.126569604715572e7
dri_Region15Shandong_dri_Region16Henan,0.0,0.0,0.0,2.51580790501835e7,0.0,0.0,0.0,2.51580790501835e7
dri_Region15Shandong_dri_Region17Hubei,0.0,0.0,0.0,2.935070001554178e7,0.0,0.0,0.0,2.935070001554178e7
dri_Region15Shandong_dri_Region18Hunan,0.0,0.0,0.0,3.197010597359719e7,0.0,0.0,0.0,3.197010597359719e7
dri_Region15Shandong_dri_Region19Guangdong,0.0,0.0,0.0,3.396773103035046e7,0.0,0.0,0.0,3.396773103035046e7
dri_Region15Shandong_dri_Region20Guangxi,0.0,0.0,0.0,3.501412717074777e7,0.0,0.0,0.0,3.501412717074777e7
dri_Region15Shandong_dri_Region21Hainan,0.0,0.0,0.0,3.51805375051392e7,0.0,0.0,0.0,3.51805375051392e7
dri_Region15Shandong_dri_Region22Chongqing,0.0,0.0,0.0,3.441746986445955e7,0.0,0.0,0.0,3.441746986445955e7
dri_Region15Shandong_dri_Region23Sichuan,0.0,0.0,0.0,3.493217754318442e7,0.0,0.0,0.0,3.493217754318442e7
dri_Region15Shandong_dri_Region24Guizhou,0.0,0.0,0.0,3.3025098218842503e7,0.0,0.0,0.0,3.3025098218842503e7
dri_Region15Shandong_dri_Region25Yunnan,0.0,0.0,0.0,3.648763487343029e7,0.0,0.0,0.0,3.648763487343029e7
dri_Region15Shandong_dri_Region27Shaanxi,0.0,0.0,0.0,2.8567702711319827e7,0.0,0.0,0.0,2.8567702711319827e7
dri_Region15Shandong_dri_Region28Gansu,0.0,0.0,0.0,3.500046752334718e7,0.0,0.0,0.0,3.500046752334718e7
dri_Region15Shandong_dri_Region29Qinghai,0.0,0.0,0.0,3.624856771241111e7,0.0,0.0,0.0,3.624856771241111e7
dri_Region15Shandong_dri_Region30Ningxia,0.0,0.0,0.0,3.029635041900268e7,0.0,0.0,0.0,3.029635041900268e7
dri_Region15Shandong_dri_Region31Xinjiang,0.0,0.0,0.0,3.241983266274657e7,0.0,0.0,0.0,3.241983266274657e7
dri_Region16Henan_dri_Region1Beijing,0.0,0.0,0.0,2.7152799292297535e7,0.0,0.0,0.0,2.7152799292297535e7
dri_Region16Henan_dri_Region2Tianjin,0.0,0.0,0.0,2.7030997678091545e7,0.0,0.0,0.0,2.7030997678091545e7
dri_Region16Henan_dri_Region3Hebei,0.0,0.0,0.0,2.366636639389136e7,0.0,0.0,0.0,2.366636639389136e7
dri_Region16Henan_dri_Region4Shanxi,0.0,0.0,0.0,2.459579758990864e7,0.0,0.0,0.0,2.459579758990864e7
dri_Region16Henan_dri_Region5Innermongolia,0.0,0.0,0.0,3.0550785871832997e7,0.0,0.0,0.0,3.0550785871832997e7
dri_Region16Henan_dri_Region6Liaoning,0.0,0.0,0.0,3.2167462468509648e7,0.0,0.0,0.0,3.2167462468509648e7
dri_Region16Henan_dri_Region7Jilin,0.0,0.0,0.0,3.386256790172524e7,0.0,0.0,0.0,3.386256790172524e7
dri_Region16Henan_dri_Region8Heilongjiang,0.0,0.0,0.0,3.504641573825341e7,0.0,0.0,0.0,3.504641573825341e7
dri_Region16Henan_dri_Region9Shanghai,0.0,0.0,0.0,2.9647358151025143e7,0.0,0.0,0.0,2.9647358151025143e7
dri_Region16Henan_dri_Region10Jiangsu,0.0,0.0,0.0,2.7382817158306662e7,0.0,0.0,0.0,2.7382817158306662e7
dri_Region16Henan_dri_Region11Zhejiang,0.0,0.0,0.0,2.961662523778603e7,0.0,0.0,0.0,2.961662523778603e7
dri_Region16Henan_dri_Region12Anhui,0.0,0.0,0.0,2.5943345991056435e7,0.0,0.0,0.0,2.5943345991056435e7
dri_Region16Henan_dri_Region13Fujian,0.0,0.0,0.0,3.130430060560092e7,0.0,0.0,0.0,3.130430060560092e7
dri_Region16Henan_dri_Region14Jiangxi,0.0,0.0,0.0,2.8855842216481596e7,0.0,0.0,0.0,2.8855842216481596e7
dri_Region16Henan_dri_Region15Shandong,0.0,0.0,0.0,2.4923420483942833e7,0.0,0.0,0.0,2.4923420483942833e7
dri_Region16Henan_dri_Region17Hubei,0.0,0.0,0.0,2.5640846852741193e7,0.0,0.0,0.0,2.5640846852741193e7
dri_Region16Henan_dri_Region18Hunan,0.0,0.0,0.0,2.850749133651674e7,0.0,0.0,0.0,2.850749133651674e7
dri_Region16Henan_dri_Region19Guangdong,0.0,0.0,0.0,3.224466467148334e7,0.0,0.0,0.0,3.224466467148334e7
dri_Region16Henan_dri_Region20Guangxi,0.0,0.0,0.0,3.3242184732581243e7,0.0,0.0,0.0,3.3242184732581243e7
dri_Region16Henan_dri_Region21Hainan,0.0,0.0,0.0,3.366634040309739e7,0.0,0.0,0.0,3.366634040309739e7
dri_Region16Henan_dri_Region22Chongqing,0.0,0.0,0.0,3.1312170572885245e7,0.0,0.0,0.0,3.1312170572885245e7
dri_Region16Henan_dri_Region23Sichuan,0.0,0.0,0.0,3.1665549401593555e7,0.0,0.0,0.0,3.1665549401593555e7
dri_Region16Henan_dri_Region24Guizhou,0.0,0.0,0.0,2.9946737439407848e7,0.0,0.0,0.0,2.9946737439407848e7
dri_Region16Henan_dri_Region25Yunnan,0.0,0.0,0.0,3.505167113583513e7,0.0,0.0,0.0,3.505167113583513e7
dri_Region16Henan_dri_Region27Shaanxi,0.0,0.0,0.0,2.5158591235443152e7,0.0,0.0,0.0,2.5158591235443152e7
dri_Region16Henan_dri_Region28Gansu,0.0,0.0,0.0,3.04935353973972e7,0.0,0.0,0.0,3.04935353973972e7
dri_Region16Henan_dri_Region29Qinghai,0.0,0.0,0.0,3.198617249748954e7,0.0,0.0,0.0,3.198617249748954e7
dri_Region16Henan_dri_Region30Ningxia,0.0,0.0,0.0,2.912761269427204e7,0.0,0.0,0.0,2.912761269427204e7
dri_Region16Henan_dri_Region31Xinjiang,0.0,0.0,0.0,3.196757125756176e7,0.0,0.0,0.0,3.196757125756176e7
dri_Region17Hubei_dri_Region1Beijing,0.0,0.0,0.0,3.124039505022011e7,0.0,0.0,0.0,3.124039505022011e7
dri_Region17Hubei_dri_Region2Tianjin,0.0,0.0,0.0,3.1072622831226744e7,0.0,0.0,0.0,3.1072622831226744e7
dri_Region17Hubei_dri_Region3Hebei,0.0,0.0,0.0,2.906167245444666e7,0.0,0.0,0.0,2.906167245444666e7
dri_Region17Hubei_dri_Region4Shanxi,0.0,0.0,0.0,2.9740197337707303e7,0.0,0.0,0.0,2.9740197337707303e7
dri_Region17Hubei_dri_Region5Innermongolia,0.0,0.0,0.0,3.3455139730762284e7,0.0,0.0,0.0,3.3455139730762284e7
dri_Region17Hubei_dri_Region6Liaoning,0.0,0.0,0.0,3.524715845143362e7,0.0,0.0,0.0,3.524715845143362e7
dri_Region17Hubei_dri_Region7Jilin,0.0,0.0,0.0,3.670248884108873e7,0.0,0.0,0.0,3.670248884108873e7
dri_Region17Hubei_dri_Region8Heilongjiang,0.0,0.0,0.0,3.773345292177441e7,0.0,0.0,0.0,3.773345292177441e7
dri_Region17Hubei_dri_Region9Shanghai,0.0,0.0,0.0,2.8604091378495596e7,0.0,0.0,0.0,2.8604091378495596e7
dri_Region17Hubei_dri_Region10Jiangsu,0.0,0.0,0.0,2.603456859285476e7,0.0,0.0,0.0,2.603456859285476e7
dri_Region17Hubei_dri_Region11Zhejiang,0.0,0.0,0.0,2.796566797103419e7,0.0,0.0,0.0,2.796566797103419e7
dri_Region17Hubei_dri_Region12Anhui,0.0,0.0,0.0,2.3693151770710252e7,0.0,0.0,0.0,2.3693151770710252e7
dri_Region17Hubei_dri_Region13Fujian,0.0,0.0,0.0,2.8152375113122247e7,0.0,0.0,0.0,2.8152375113122247e7
dri_Region17Hubei_dri_Region14Jiangxi,0.0,0.0,0.0,2.4652621382940967e7,0.0,0.0,0.0,2.4652621382940967e7
dri_Region17Hubei_dri_Region15Shandong,0.0,0.0,0.0,2.8933079799944695e7,0.0,0.0,0.0,2.8933079799944695e7
dri_Region17Hubei_dri_Region16Henan,0.0,0.0,0.0,2.5198675302268725e7,0.0,0.0,0.0,2.5198675302268725e7
dri_Region17Hubei_dri_Region18Hunan,0.0,0.0,0.0,2.4774751602385793e7,0.0,0.0,0.0,2.4774751602385793e7
dri_Region17Hubei_dri_Region19Guangdong,0.0,0.0,0.0,2.9121091925180644e7,0.0,0.0,0.0,2.9121091925180644e7
dri_Region17Hubei_dri_Region20Guangxi,0.0,0.0,0.0,3.0703522815152824e7,0.0,0.0,0.0,3.0703522815152824e7
dri_Region17Hubei_dri_Region21Hainan,0.0,0.0,0.0,3.1328341221140794e7,0.0,0.0,0.0,3.1328341221140794e7
dri_Region17Hubei_dri_Region22Chongqing,0.0,0.0,0.0,2.9554402496124975e7,0.0,0.0,0.0,2.9554402496124975e7
dri_Region17Hubei_dri_Region23Sichuan,0.0,0.0,0.0,3.1817491886578135e7,0.0,0.0,0.0,3.1817491886578135e7
dri_Region17Hubei_dri_Region24Guizhou,0.0,0.0,0.0,2.8465262168923512e7,0.0,0.0,0.0,2.8465262168923512e7
dri_Region17Hubei_dri_Region25Yunnan,0.0,0.0,0.0,3.3164299982438046e7,0.0,0.0,0.0,3.3164299982438046e7
dri_Region17Hubei_dri_Region27Shaanxi,0.0,0.0,0.0,2.6828247476424325e7,0.0,0.0,0.0,2.6828247476424325e7
dri_Region17Hubei_dri_Region28Gansu,0.0,0.0,0.0,3.284071222722196e7,0.0,0.0,0.0,3.284071222722196e7
dri_Region17Hubei_dri_Region29Qinghai,0.0,0.0,0.0,3.4180478477829605e7,0.0,0.0,0.0,3.4180478477829605e7
dri_Region17Hubei_dri_Region30Ningxia,0.0,0.0,0.0,3.140897809307314e7,0.0,0.0,0.0,3.140897809307314e7
dri_Region17Hubei_dri_Region31Xinjiang,0.0,0.0,0.0,3.2527400366767757e7,0.0,0.0,0.0,3.2527400366767757e7
dri_Region18Hunan_dri_Region1Beijing,0.0,0.0,0.0,3.3409660339654982e7,0.0,0.0,0.0,3.3409660339654982e7
dri_Region18Hunan_dri_Region2Tianjin,0.0,0.0,0.0,3.327405138695533e7,0.0,0.0,0.0,3.327405138695533e7
dri_Region18Hunan_dri_Region3Hebei,0.0,0.0,0.0,3.144467874311381e7,0.0,0.0,0.0,3.144467874311381e7
dri_Region18Hunan_dri_Region4Shanxi,0.0,0.0,0.0,3.1831491341338616e7,0.0,0.0,0.0,3.1831491341338616e7
dri_Region18Hunan_dri_Region5Innermongolia,0.0,0.0,0.0,3.484680589262694e7,0.0,0.0,0.0,3.484680589262694e7
dri_Region18Hunan_dri_Region6Liaoning,0.0,0.0,0.0,3.6814226934002854e7,0.0,0.0,0.0,3.6814226934002854e7
dri_Region18Hunan_dri_Region7Jilin,0.0,0.0,0.0,3.806817962470636e7,0.0,0.0,0.0,3.806817962470636e7
dri_Region18Hunan_dri_Region8Heilongjiang,0.0,0.0,0.0,3.8969947763527595e7,0.0,0.0,0.0,3.8969947763527595e7
dri_Region18Hunan_dri_Region9Shanghai,0.0,0.0,0.0,3.076082330872824e7,0.0,0.0,0.0,3.076082330872824e7
dri_Region18Hunan_dri_Region10Jiangsu,0.0,0.0,0.0,2.9019162455111306e7,0.0,0.0,0.0,2.9019162455111306e7
dri_Region18Hunan_dri_Region11Zhejiang,0.0,0.0,0.0,2.9488920613693114e7,0.0,0.0,0.0,2.9488920613693114e7
dri_Region18Hunan_dri_Region12Anhui,0.0,0.0,0.0,2.7807357340400495e7,0.0,0.0,0.0,2.7807357340400495e7
dri_Region18Hunan_dri_Region13Fujian,0.0,0.0,0.0,2.7829608137514062e7,0.0,0.0,0.0,2.7829608137514062e7
dri_Region18Hunan_dri_Region14Jiangxi,0.0,0.0,0.0,2.439985353987532e7,0.0,0.0,0.0,2.439985353987532e7
dri_Region18Hunan_dri_Region15Shandong,0.0,0.0,0.0,3.153008380059171e7,0.0,0.0,0.0,3.153008380059171e7
dri_Region18Hunan_dri_Region16Henan,0.0,0.0,0.0,2.797637588284277e7,0.0,0.0,0.0,2.797637588284277e7
dri_Region18Hunan_dri_Region17Hubei,0.0,0.0,0.0,2.450187789043147e7,0.0,0.0,0.0,2.450187789043147e7
dri_Region18Hunan_dri_Region19Guangdong,0.0,0.0,0.0,2.5998235886830397e7,0.0,0.0,0.0,2.5998235886830397e7
dri_Region18Hunan_dri_Region20Guangxi,0.0,0.0,0.0,2.868406888553058e7,0.0,0.0,0.0,2.868406888553058e7
dri_Region18Hunan_dri_Region21Hainan,0.0,0.0,0.0,2.947089696326236e7,0.0,0.0,0.0,2.947089696326236e7
dri_Region18Hunan_dri_Region22Chongqing,0.0,0.0,0.0,2.8849524923026796e7,0.0,0.0,0.0,2.8849524923026796e7
dri_Region18Hunan_dri_Region23Sichuan,0.0,0.0,0.0,3.141649631909733e7,0.0,0.0,0.0,3.141649631909733e7
dri_Region18Hunan_dri_Region24Guizhou,0.0,0.0,0.0,2.732249764596771e7,0.0,0.0,0.0,2.732249764596771e7
dri_Region18Hunan_dri_Region25Yunnan,0.0,0.0,0.0,3.1874178161741577e7,0.0,0.0,0.0,3.1874178161741577e7
dri_Region18Hunan_dri_Region27Shaanxi,0.0,0.0,0.0,2.8642922126134556e7,0.0,0.0,0.0,2.8642922126134556e7
dri_Region18Hunan_dri_Region28Gansu,0.0,0.0,0.0,3.4226102739751145e7,0.0,0.0,0.0,3.4226102739751145e7
dri_Region18Hunan_dri_Region29Qinghai,0.0,0.0,0.0,3.543142397587832e7,0.0,0.0,0.0,3.543142397587832e7
dri_Region18Hunan_dri_Region30Ningxia,0.0,0.0,0.0,3.2708853204618115e7,0.0,0.0,0.0,3.2708853204618115e7
dri_Region18Hunan_dri_Region31Xinjiang,0.0,0.0,0.0,3.3082099175870057e7,0.0,0.0,0.0,3.3082099175870057e7
dri_Region19Guangdong_dri_Region1Beijing,0.0,0.0,0.0,3.478260690148461e7,0.0,0.0,0.0,3.478260690148461e7
dri_Region19Guangdong_dri_Region2Tianjin,0.0,0.0,0.0,3.469455728791189e7,0.0,0.0,0.0,3.469455728791189e7
dri_Region19Guangdong_dri_Region3Hebei,0.0,0.0,0.0,3.342588646864879e7,0.0,0.0,0.0,3.342588646864879e7
dri_Region19Guangdong_dri_Region4Shanxi,0.0,0.0,0.0,3.377833438716984e7,0.0,0.0,0.0,3.377833438716984e7
dri_Region19Guangdong_dri_Region5Innermongolia,0.0,0.0,0.0,3.677620120025714e7,0.0,0.0,0.0,3.677620120025714e7
dri_Region19Guangdong_dri_Region6Liaoning,0.0,0.0,0.0,3.725027688003918e7,0.0,0.0,0.0,3.725027688003918e7
dri_Region19Guangdong_dri_Region7Jilin,0.0,0.0,0.0,3.81824996996878e7,0.0,0.0,0.0,3.81824996996878e7
dri_Region19Guangdong_dri_Region8Heilongjiang,0.0,0.0,0.0,3.88929557569989e7,0.0,0.0,0.0,3.88929557569989e7
dri_Region19Guangdong_dri_Region9Shanghai,0.0,0.0,0.0,3.1683298289663028e7,0.0,0.0,0.0,3.1683298289663028e7
dri_Region19Guangdong_dri_Region10Jiangsu,0.0,0.0,0.0,3.1127194670665726e7,0.0,0.0,0.0,3.1127194670665726e7
dri_Region19Guangdong_dri_Region11Zhejiang,0.0,0.0,0.0,3.0779931974390175e7,0.0,0.0,0.0,3.0779931974390175e7
dri_Region19Guangdong_dri_Region12Anhui,0.0,0.0,0.0,3.0284518568192866e7,0.0,0.0,0.0,3.0284518568192866e7
dri_Region19Guangdong_dri_Region13Fujian,0.0,0.0,0.0,2.851918084996063e7,0.0,0.0,0.0,2.851918084996063e7
dri_Region19Guangdong_dri_Region14Jiangxi,0.0,0.0,0.0,2.7354070281978726e7,0.0,0.0,0.0,2.7354070281978726e7
dri_Region19Guangdong_dri_Region15Shandong,0.0,0.0,0.0,3.3469976156689905e7,0.0,0.0,0.0,3.3469976156689905e7
dri_Region19Guangdong_dri_Region16Henan,0.0,0.0,0.0,3.1682831968371294e7,0.0,0.0,0.0,3.1682831968371294e7
dri_Region19Guangdong_dri_Region17Hubei,0.0,0.0,0.0,2.9053534948101074e7,0.0,0.0,0.0,2.9053534948101074e7
dri_Region19Guangdong_dri_Region18Hunan,0.0,0.0,0.0,2.6175215245803155e7,0.0,0.0,0.0,2.6175215245803155e7
dri_Region19Guangdong_dri_Region20Guangxi,0.0,0.0,0.0,2.7195123928718284e7,0.0,0.0,0.0,2.7195123928718284e7
dri_Region19Guangdong_dri_Region21Hainan,0.0,0.0,0.0,2.5437838517943054e7,0.0,0.0,0.0,2.5437838517943054e7
dri_Region19Guangdong_dri_Region22Chongqing,0.0,0.0,0.0,3.043057323120656e7,0.0,0.0,0.0,3.043057323120656e7
dri_Region19Guangdong_dri_Region23Sichuan,0.0,0.0,0.0,3.2086167089082964e7,0.0,0.0,0.0,3.2086167089082964e7
dri_Region19Guangdong_dri_Region24Guizhou,0.0,0.0,0.0,2.5777143434816364e7,0.0,0.0,0.0,2.5777143434816364e7
dri_Region19Guangdong_dri_Region25Yunnan,0.0,0.0,0.0,3.148018581548747e7,0.0,0.0,0.0,3.148018581548747e7
dri_Region19Guangdong_dri_Region27Shaanxi,0.0,0.0,0.0,3.2588313798399325e7,0.0,0.0,0.0,3.2588313798399325e7
dri_Region19Guangdong_dri_Region28Gansu,0.0,0.0,0.0,3.521373110852311e7,0.0,0.0,0.0,3.521373110852311e7
dri_Region19Guangdong_dri_Region29Qinghai,0.0,0.0,0.0,3.609157988949208e7,0.0,0.0,0.0,3.609157988949208e7
dri_Region19Guangdong_dri_Region30Ningxia,0.0,0.0,0.0,3.527175959809192e7,0.0,0.0,0.0,3.527175959809192e7
dri_Region19Guangdong_dri_Region31Xinjiang,0.0,0.0,0.0,3.453079336588168e7,0.0,0.0,0.0,3.453079336588168e7
dri_Region20Guangxi_dri_Region1Beijing,0.0,0.0,0.0,3.584673016580254e7,0.0,0.0,0.0,3.584673016580254e7
dri_Region20Guangxi_dri_Region2Tianjin,0.0,0.0,0.0,3.573236619060489e7,0.0,0.0,0.0,3.573236619060489e7
dri_Region20Guangxi_dri_Region3Hebei,0.0,0.0,0.0,3.463288397612718e7,0.0,0.0,0.0,3.463288397612718e7
dri_Region20Guangxi_dri_Region4Shanxi,0.0,0.0,0.0,3.4608696345948264e7,0.0,0.0,0.0,3.4608696345948264e7
dri_Region20Guangxi_dri_Region5Innermongolia,0.0,0.0,0.0,3.744404688031791e7,0.0,0.0,0.0,3.744404688031791e7
dri_Region20Guangxi_dri_Region6Liaoning,0.0,0.0,0.0,3.816959008262942e7,0.0,0.0,0.0,3.816959008262942e7
dri_Region20Guangxi_dri_Region7Jilin,0.0,0.0,0.0,3.9101418174761064e7,0.0,0.0,0.0,3.9101418174761064e7
dri_Region20Guangxi_dri_Region8Heilongjiang,0.0,0.0,0.0,3.978223648117228e7,0.0,0.0,0.0,3.978223648117228e7
dri_Region20Guangxi_dri_Region9Shanghai,0.0,0.0,0.0,3.394468044210969e7,0.0,0.0,0.0,3.394468044210969e7
dri_Region20Guangxi_dri_Region10Jiangsu,0.0,0.0,0.0,3.3164438053492006e7,0.0,0.0,0.0,3.3164438053492006e7
dri_Region20Guangxi_dri_Region11Zhejiang,0.0,0.0,0.0,3.315378072329009e7,0.0,0.0,0.0,3.315378072329009e7
dri_Region20Guangxi_dri_Region12Anhui,0.0,0.0,0.0,3.2473695107839964e7,0.0,0.0,0.0,3.2473695107839964e7
dri_Region20Guangxi_dri_Region13Fujian,0.0,0.0,0.0,3.1418065522046696e7,0.0,0.0,0.0,3.1418065522046696e7
dri_Region20Guangxi_dri_Region14Jiangxi,0.0,0.0,0.0,3.0365965050420754e7,0.0,0.0,0.0,3.0365965050420754e7
dri_Region20Guangxi_dri_Region15Shandong,0.0,0.0,0.0,3.473498558029072e7,0.0,0.0,0.0,3.473498558029072e7
dri_Region20Guangxi_dri_Region16Henan,0.0,0.0,0.0,3.2883732345097855e7,0.0,0.0,0.0,3.2883732345097855e7
dri_Region20Guangxi_dri_Region17Hubei,0.0,0.0,0.0,3.0515735313255176e7,0.0,0.0,0.0,3.0515735313255176e7
dri_Region20Guangxi_dri_Region18Hunan,0.0,0.0,0.0,2.8489300906874757e7,0.0,0.0,0.0,2.8489300906874757e7
dri_Region20Guangxi_dri_Region19Guangdong,0.0,0.0,0.0,2.4947009171520647e7,0.0,0.0,0.0,2.4947009171520647e7
dri_Region20Guangxi_dri_Region21Hainan,0.0,0.0,0.0,2.3634633799988963e7,0.0,0.0,0.0,2.3634633799988963e7
dri_Region20Guangxi_dri_Region22Chongqing,0.0,0.0,0.0,2.8402368766597293e7,0.0,0.0,0.0,2.8402368766597293e7
dri_Region20Guangxi_dri_Region23Sichuan,0.0,0.0,0.0,3.0522140602820747e7,0.0,0.0,0.0,3.0522140602820747e7
dri_Region20Guangxi_dri_Region24Guizhou,0.0,0.0,0.0,2.4347445103090256e7,0.0,0.0,0.0,2.4347445103090256e7
dri_Region20Guangxi_dri_Region25Yunnan,0.0,0.0,0.0,2.8210915981434494e7,0.0,0.0,0.0,2.8210915981434494e7
dri_Region20Guangxi_dri_Region27Shaanxi,0.0,0.0,0.0,3.221817430190245e7,0.0,0.0,0.0,3.221817430190245e7
dri_Region20Guangxi_dri_Region28Gansu,0.0,0.0,0.0,3.408433331538989e7,0.0,0.0,0.0,3.408433331538989e7
dri_Region20Guangxi_dri_Region29Qinghai,0.0,0.0,0.0,3.503423355596763e7,0.0,0.0,0.0,3.503423355596763e7
dri_Region20Guangxi_dri_Region30Ningxia,0.0,0.0,0.0,3.509246389226087e7,0.0,0.0,0.0,3.509246389226087e7
dri_Region20Guangxi_dri_Region31Xinjiang,0.0,0.0,0.0,3.361042345467829e7,0.0,0.0,0.0,3.361042345467829e7
dri_Region21Hainan_dri_Region1Beijing,0.0,0.0,0.0,3.598549761790732e7,0.0,0.0,0.0,3.598549761790732e7
dri_Region21Hainan_dri_Region2Tianjin,0.0,0.0,0.0,3.58912192109554e7,0.0,0.0,0.0,3.58912192109554e7
dri_Region21Hainan_dri_Region3Hebei,0.0,0.0,0.0,3.49932809870512e7,0.0,0.0,0.0,3.49932809870512e7
dri_Region21Hainan_dri_Region4Shanxi,0.0,0.0,0.0,3.505248410663899e7,0.0,0.0,0.0,3.505248410663899e7
dri_Region21Hainan_dri_Region5Innermongolia,0.0,0.0,0.0,3.758825844912891e7,0.0,0.0,0.0,3.758825844912891e7
dri_Region21Hainan_dri_Region6Liaoning,0.0,0.0,0.0,3.80621104379734e7,0.0,0.0,0.0,3.80621104379734e7
dri_Region21Hainan_dri_Region7Jilin,0.0,0.0,0.0,3.889062406413516e7,0.0,0.0,0.0,3.889062406413516e7
dri_Region21Hainan_dri_Region8Heilongjiang,0.0,0.0,0.0,3.952505064261572e7,0.0,0.0,0.0,3.952505064261572e7
dri_Region21Hainan_dri_Region9Shanghai,0.0,0.0,0.0,3.375639022865607e7,0.0,0.0,0.0,3.375639022865607e7
dri_Region21Hainan_dri_Region10Jiangsu,0.0,0.0,0.0,3.339241205029984e7,0.0,0.0,0.0,3.339241205029984e7
dri_Region21Hainan_dri_Region11Zhejiang,0.0,0.0,0.0,3.304077493608677e7,0.0,0.0,0.0,3.304077493608677e7
dri_Region21Hainan_dri_Region12Anhui,0.0,0.0,0.0,3.282533558841911e7,0.0,0.0,0.0,3.282533558841911e7
dri_Region21Hainan_dri_Region13Fujian,0.0,0.0,0.0,3.062944442162598e7,0.0,0.0,0.0,3.062944442162598e7
dri_Region21Hainan_dri_Region14Jiangxi,0.0,0.0,0.0,3.0783679072974723e7,0.0,0.0,0.0,3.0783679072974723e7
dri_Region21Hainan_dri_Region15Shandong,0.0,0.0,0.0,3.494096272122483e7,0.0,0.0,0.0,3.494096272122483e7
dri_Region21Hainan_dri_Region16Henan,0.0,0.0,0.0,3.339090881936864e7,0.0,0.0,0.0,3.339090881936864e7
dri_Region21Hainan_dri_Region17Hubei,0.0,0.0,0.0,3.127761593901596e7,0.0,0.0,0.0,3.127761593901596e7
dri_Region21Hainan_dri_Region18Hunan,0.0,0.0,0.0,2.9497262637129605e7,0.0,0.0,0.0,2.9497262637129605e7
dri_Region21Hainan_dri_Region19Guangdong,0.0,0.0,0.0,2.5281093604010966e7,0.0,0.0,0.0,2.5281093604010966e7
dri_Region21Hainan_dri_Region20Guangxi,0.0,0.0,0.0,2.3853544933901086e7,0.0,0.0,0.0,2.3853544933901086e7
dri_Region21Hainan_dri_Region22Chongqing,0.0,0.0,0.0,3.0884978471864577e7,0.0,0.0,0.0,3.0884978471864577e7
dri_Region21Hainan_dri_Region23Sichuan,0.0,0.0,0.0,3.2388841444807027e7,0.0,0.0,0.0,3.2388841444807027e7
dri_Region21Hainan_dri_Region24Guizhou,0.0,0.0,0.0,2.6412376021906685e7,0.0,0.0,0.0,2.6412376021906685e7
dri_Region21Hainan_dri_Region25Yunnan,0.0,0.0,0.0,3.046060023344323e7,0.0,0.0,0.0,3.046060023344323e7
dri_Region21Hainan_dri_Region27Shaanxi,0.0,0.0,0.0,3.336801500879458e7,0.0,0.0,0.0,3.336801500879458e7
dri_Region21Hainan_dri_Region28Gansu,0.0,0.0,0.0,3.518861771990418e7,0.0,0.0,0.0,3.518861771990418e7
dri_Region21Hainan_dri_Region29Qinghai,0.0,0.0,0.0,3.5976889907861225e7,0.0,0.0,0.0,3.5976889907861225e7
dri_Region21Hainan_dri_Region30Ningxia,0.0,0.0,0.0,3.600110174168533e7,0.0,0.0,0.0,3.600110174168533e7
dri_Region21Hainan_dri_Region31Xinjiang,0.0,0.0,0.0,3.469366652993888e7,0.0,0.0,0.0,3.469366652993888e7
dri_Region22Chongqing_dri_Region1Beijing,0.0,0.0,0.0,3.502400781289696e7,0.0,0.0,0.0,3.502400781289696e7
dri_Region22Chongqing_dri_Region2Tianjin,0.0,0.0,0.0,3.5151393554924175e7,0.0,0.0,0.0,3.5151393554924175e7
dri_Region22Chongqing_dri_Region3Hebei,0.0,0.0,0.0,3.338383156621226e7,0.0,0.0,0.0,3.338383156621226e7
dri_Region22Chongqing_dri_Region4Shanxi,0.0,0.0,0.0,3.2512421275310956e7,0.0,0.0,0.0,3.2512421275310956e7
dri_Region22Chongqing_dri_Region5Innermongolia,0.0,0.0,0.0,3.512881520903839e7,0.0,0.0,0.0,3.512881520903839e7
dri_Region22Chongqing_dri_Region6Liaoning,0.0,0.0,0.0,3.810776977091421e7,0.0,0.0,0.0,3.810776977091421e7
dri_Region22Chongqing_dri_Region7Jilin,0.0,0.0,0.0,3.917797684120431e7,0.0,0.0,0.0,3.917797684120431e7
dri_Region22Chongqing_dri_Region8Heilongjiang,0.0,0.0,0.0,3.999856927348923e7,0.0,0.0,0.0,3.999856927348923e7
dri_Region22Chongqing_dri_Region9Shanghai,0.0,0.0,0.0,3.424839469087157e7,0.0,0.0,0.0,3.424839469087157e7
dri_Region22Chongqing_dri_Region10Jiangsu,0.0,0.0,0.0,3.2591525902660947e7,0.0,0.0,0.0,3.2591525902660947e7
dri_Region22Chongqing_dri_Region11Zhejiang,0.0,0.0,0.0,3.383848513075474e7,0.0,0.0,0.0,3.383848513075474e7
dri_Region22Chongqing_dri_Region12Anhui,0.0,0.0,0.0,3.1683468299215995e7,0.0,0.0,0.0,3.1683468299215995e7
dri_Region22Chongqing_dri_Region13Fujian,0.0,0.0,0.0,3.2274866381136e7,0.0,0.0,0.0,3.2274866381136e7
dri_Region22Chongqing_dri_Region14Jiangxi,0.0,0.0,0.0,3.0993624855982002e7,0.0,0.0,0.0,3.0993624855982002e7
dri_Region22Chongqing_dri_Region15Shandong,0.0,0.0,0.0,3.377514166934407e7,0.0,0.0,0.0,3.377514166934407e7
dri_Region22Chongqing_dri_Region16Henan,0.0,0.0,0.0,3.0234289568350323e7,0.0,0.0,0.0,3.0234289568350323e7
dri_Region22Chongqing_dri_Region17Hubei,0.0,0.0,0.0,2.8894875079455007e7,0.0,0.0,0.0,2.8894875079455007e7
dri_Region22Chongqing_dri_Region18Hunan,0.0,0.0,0.0,2.798289806775873e7,0.0,0.0,0.0,2.798289806775873e7
dri_Region22Chongqing_dri_Region19Guangdong,0.0,0.0,0.0,3.0285896381543465e7,0.0,0.0,0.0,3.0285896381543465e7
dri_Region22Chongqing_dri_Region20Guangxi,0.0,0.0,0.0,2.7672694399336442e7,0.0,0.0,0.0,2.7672694399336442e7
dri_Region22Chongqing_dri_Region21Hainan,0.0,0.0,0.0,3.047672039658365e7,0.0,0.0,0.0,3.047672039658365e7
dri_Region22Chongqing_dri_Region23Sichuan,0.0,0.0,0.0,2.453696028188554e7,0.0,0.0,0.0,2.453696028188554e7
dri_Region22Chongqing_dri_Region24Guizhou,0.0,0.0,0.0,2.832106184511605e7,0.0,0.0,0.0,2.832106184511605e7
dri_Region22Chongqing_dri_Region25Yunnan,0.0,0.0,0.0,2.9673138026201468e7,0.0,0.0,0.0,2.9673138026201468e7
dri_Region22Chongqing_dri_Region27Shaanxi,0.0,0.0,0.0,2.6312844385690223e7,0.0,0.0,0.0,2.6312844385690223e7
dri_Region22Chongqing_dri_Region28Gansu,0.0,0.0,0.0,3.0309710816372927e7,0.0,0.0,0.0,3.0309710816372927e7
dri_Region22Chongqing_dri_Region29Qinghai,0.0,0.0,0.0,3.1879658400262684e7,0.0,0.0,0.0,3.1879658400262684e7
dri_Region22Chongqing_dri_Region30Ningxia,0.0,0.0,0.0,3.0515501623850144e7,0.0,0.0,0.0,3.0515501623850144e7
dri_Region22Chongqing_dri_Region31Xinjiang,0.0,0.0,0.0,3.158563772728328e7,0.0,0.0,0.0,3.158563772728328e7
dri_Region23Sichuan_dri_Region1Beijing,0.0,0.0,0.0,3.5146715679699965e7,0.0,0.0,0.0,3.5146715679699965e7
dri_Region23Sichuan_dri_Region2Tianjin,0.0,0.0,0.0,3.5218804852486774e7,0.0,0.0,0.0,3.5218804852486774e7
dri_Region23Sichuan_dri_Region3Hebei,0.0,0.0,0.0,3.346384051637858e7,0.0,0.0,0.0,3.346384051637858e7
dri_Region23Sichuan_dri_Region4Shanxi,0.0,0.0,0.0,3.242553705625013e7,0.0,0.0,0.0,3.242553705625013e7
dri_Region23Sichuan_dri_Region5Innermongolia,0.0,0.0,0.0,3.498973623327545e7,0.0,0.0,0.0,3.498973623327545e7
dri_Region23Sichuan_dri_Region6Liaoning,0.0,0.0,0.0,3.820241778838353e7,0.0,0.0,0.0,3.820241778838353e7
dri_Region23Sichuan_dri_Region7Jilin,0.0,0.0,0.0,3.927543583596203e7,0.0,0.0,0.0,3.927543583596203e7
dri_Region23Sichuan_dri_Region8Heilongjiang,0.0,0.0,0.0,4.008241977655524e7,0.0,0.0,0.0,4.008241977655524e7
dri_Region23Sichuan_dri_Region9Shanghai,0.0,0.0,0.0,3.582933042675824e7,0.0,0.0,0.0,3.582933042675824e7
dri_Region23Sichuan_dri_Region10Jiangsu,0.0,0.0,0.0,3.442137960394516e7,0.0,0.0,0.0,3.442137960394516e7
dri_Region23Sichuan_dri_Region11Zhejiang,0.0,0.0,0.0,3.547494186380045e7,0.0,0.0,0.0,3.547494186380045e7
dri_Region23Sichuan_dri_Region12Anhui,0.0,0.0,0.0,3.362986037509894e7,0.0,0.0,0.0,3.362986037509894e7
dri_Region23Sichuan_dri_Region13Fujian,0.0,0.0,0.0,3.408728287363645e7,0.0,0.0,0.0,3.408728287363645e7
dri_Region23Sichuan_dri_Region14Jiangxi,0.0,0.0,0.0,3.3275568848580617e7,0.0,0.0,0.0,3.3275568848580617e7
dri_Region23Sichuan_dri_Region15Shandong,0.0,0.0,0.0,3.428609165935355e7,0.0,0.0,0.0,3.428609165935355e7
dri_Region23Sichuan_dri_Region16Henan,0.0,0.0,0.0,3.0812454166688897e7,0.0,0.0,0.0,3.0812454166688897e7
dri_Region23Sichuan_dri_Region17Hubei,0.0,0.0,0.0,3.1397463285593346e7,0.0,0.0,0.0,3.1397463285593346e7
dri_Region23Sichuan_dri_Region18Hunan,0.0,0.0,0.0,3.114536445973317e7,0.0,0.0,0.0,3.114536445973317e7
dri_Region23Sichuan_dri_Region19Guangdong,0.0,0.0,0.0,3.207011014439789e7,0.0,0.0,0.0,3.207011014439789e7
dri_Region23Sichuan_dri_Region20Guangxi,0.0,0.0,0.0,3.0329289862493828e7,0.0,0.0,0.0,3.0329289862493828e7
dri_Region23Sichuan_dri_Region21Hainan,0.0,0.0,0.0,3.2085222996960275e7,0.0,0.0,0.0,3.2085222996960275e7
dri_Region23Sichuan_dri_Region22Chongqing,0.0,0.0,0.0,2.5275141265602496e7,0.0,0.0,0.0,2.5275141265602496e7
dri_Region23Sichuan_dri_Region24Guizhou,0.0,0.0,0.0,2.633429012679291e7,0.0,0.0,0.0,2.633429012679291e7
dri_Region23Sichuan_dri_Region25Yunnan,0.0,0.0,0.0,2.9519695991030157e7,0.0,0.0,0.0,2.9519695991030157e7
dri_Region23Sichuan_dri_Region27Shaanxi,0.0,0.0,0.0,2.6719924115751214e7,0.0,0.0,0.0,2.6719924115751214e7
dri_Region23Sichuan_dri_Region28Gansu,0.0,0.0,0.0,2.923987216472815e7,0.0,0.0,0.0,2.923987216472815e7
dri_Region23Sichuan_dri_Region29Qinghai,0.0,0.0,0.0,3.040481540737949e7,0.0,0.0,0.0,3.040481540737949e7
dri_Region23Sichuan_dri_Region30Ningxia,0.0,0.0,0.0,3.025326323862266e7,0.0,0.0,0.0,3.025326323862266e7
dri_Region23Sichuan_dri_Region31Xinjiang,0.0,0.0,0.0,3.1301410597440954e7,0.0,0.0,0.0,3.1301410597440954e7
dri_Region24Guizhou_dri_Region1Beijing,0.0,0.0,0.0,3.685725350647549e7,0.0,0.0,0.0,3.685725350647549e7
dri_Region24Guizhou_dri_Region2Tianjin,0.0,0.0,0.0,3.673689972991689e7,0.0,0.0,0.0,3.673689972991689e7
dri_Region24Guizhou_dri_Region3Hebei,0.0,0.0,0.0,3.549201814291267e7,0.0,0.0,0.0,3.549201814291267e7
dri_Region24Guizhou_dri_Region4Shanxi,0.0,0.0,0.0,3.4770692531427056e7,0.0,0.0,0.0,3.4770692531427056e7
dri_Region24Guizhou_dri_Region5Innermongolia,0.0,0.0,0.0,3.648086890642231e7,0.0,0.0,0.0,3.648086890642231e7
dri_Region24Guizhou_dri_Region6Liaoning,0.0,0.0,0.0,3.9512229789384976e7,0.0,0.0,0.0,3.9512229789384976e7
dri_Region24Guizhou_dri_Region7Jilin,0.0,0.0,0.0,4.052927854836185e7,0.0,0.0,0.0,4.052927854836185e7
dri_Region24Guizhou_dri_Region8Heilongjiang,0.0,0.0,0.0,4.1290362349851295e7,0.0,0.0,0.0,4.1290362349851295e7
dri_Region24Guizhou_dri_Region9Shanghai,0.0,0.0,0.0,3.557443788428741e7,0.0,0.0,0.0,3.557443788428741e7
dri_Region24Guizhou_dri_Region10Jiangsu,0.0,0.0,0.0,3.423535516228618e7,0.0,0.0,0.0,3.423535516228618e7
dri_Region24Guizhou_dri_Region11Zhejiang,0.0,0.0,0.0,3.4763518028302625e7,0.0,0.0,0.0,3.4763518028302625e7
dri_Region24Guizhou_dri_Region12Anhui,0.0,0.0,0.0,3.329810591307956e7,0.0,0.0,0.0,3.329810591307956e7
dri_Region24Guizhou_dri_Region13Fujian,0.0,0.0,0.0,3.197427219975052e7,0.0,0.0,0.0,3.197427219975052e7
dri_Region24Guizhou_dri_Region14Jiangxi,0.0,0.0,0.0,3.1387732344973426e7,0.0,0.0,0.0,3.1387732344973426e7
dri_Region24Guizhou_dri_Region15Shandong,0.0,0.0,0.0,3.553447558293172e7,0.0,0.0,0.0,3.553447558293172e7
dri_Region24Guizhou_dri_Region16Henan,0.0,0.0,0.0,3.2457615648471225e7,0.0,0.0,0.0,3.2457615648471225e7
dri_Region24Guizhou_dri_Region17Hubei,0.0,0.0,0.0,3.074531349102541e7,0.0,0.0,0.0,3.074531349102541e7
dri_Region24Guizhou_dri_Region18Hunan,0.0,0.0,0.0,2.831928359479804e7,0.0,0.0,0.0,2.831928359479804e7
dri_Region24Guizhou_dri_Region19Guangdong,0.0,0.0,0.0,2.8011076203197103e7,0.0,0.0,0.0,2.8011076203197103e7
dri_Region24Guizhou_dri_Region20Guangxi,0.0,0.0,0.0,2.4942673509848814e7,0.0,0.0,0.0,2.4942673509848814e7
dri_Region24Guizhou_dri_Region21Hainan,0.0,0.0,0.0,2.8995300970412333e7,0.0,0.0,0.0,2.8995300970412333e7
dri_Region24Guizhou_dri_Region22Chongqing,0.0,0.0,0.0,2.4947086654541925e7,0.0,0.0,0.0,2.4947086654541925e7
dri_Region24Guizhou_dri_Region23Sichuan,0.0,0.0,0.0,2.7100347266471438e7,0.0,0.0,0.0,2.7100347266471438e7
dri_Region24Guizhou_dri_Region25Yunnan,0.0,0.0,0.0,2.6871457934085313e7,0.0,0.0,0.0,2.6871457934085313e7
dri_Region24Guizhou_dri_Region27Shaanxi,0.0,0.0,0.0,2.9311467247156505e7,0.0,0.0,0.0,2.9311467247156505e7
dri_Region24Guizhou_dri_Region28Gansu,0.0,0.0,0.0,3.3042742325516295e7,0.0,0.0,0.0,3.3042742325516295e7
dri_Region24Guizhou_dri_Region29Qinghai,0.0,0.0,0.0,3.436336530948451e7,0.0,0.0,0.0,3.436336530948451e7
dri_Region24Guizhou_dri_Region30Ningxia,0.0,0.0,0.0,3.2939224461971164e7,0.0,0.0,0.0,3.2939224461971164e7
dri_Region24Guizhou_dri_Region31Xinjiang,0.0,0.0,0.0,3.2630979380028643e7,0.0,0.0,0.0,3.2630979380028643e7
dri_Region25Yunnan_dri_Region1Beijing,0.0,0.0,0.0,3.5827207977503724e7,0.0,0.0,0.0,3.5827207977503724e7
dri_Region25Yunnan_dri_Region2Tianjin,0.0,0.0,0.0,3.5876234362390235e7,0.0,0.0,0.0,3.5876234362390235e7
dri_Region25Yunnan_dri_Region3Hebei,0.0,0.0,0.0,3.466687674315405e7,0.0,0.0,0.0,3.466687674315405e7
dri_Region25Yunnan_dri_Region4Shanxi,0.0,0.0,0.0,3.412260618462021e7,0.0,0.0,0.0,3.412260618462021e7
dri_Region25Yunnan_dri_Region5Innermongolia,0.0,0.0,0.0,3.672262048155045e7,0.0,0.0,0.0,3.672262048155045e7
dri_Region25Yunnan_dri_Region6Liaoning,0.0,0.0,0.0,3.811520348521979e7,0.0,0.0,0.0,3.811520348521979e7
dri_Region25Yunnan_dri_Region7Jilin,0.0,0.0,0.0,3.895048158609046e7,0.0,0.0,0.0,3.895048158609046e7
dri_Region25Yunnan_dri_Region8Heilongjiang,0.0,0.0,0.0,3.964154283123145e7,0.0,0.0,0.0,3.964154283123145e7
dri_Region25Yunnan_dri_Region9Shanghai,0.0,0.0,0.0,3.479643629678117e7,0.0,0.0,0.0,3.479643629678117e7
dri_Region25Yunnan_dri_Region10Jiangsu,0.0,0.0,0.0,3.368898739385813e7,0.0,0.0,0.0,3.368898739385813e7
dri_Region25Yunnan_dri_Region11Zhejiang,0.0,0.0,0.0,3.4218889776590265e7,0.0,0.0,0.0,3.4218889776590265e7
dri_Region25Yunnan_dri_Region12Anhui,0.0,0.0,0.0,3.305432385997968e7,0.0,0.0,0.0,3.305432385997968e7
dri_Region25Yunnan_dri_Region13Fujian,0.0,0.0,0.0,3.367944346644318e7,0.0,0.0,0.0,3.367944346644318e7
dri_Region25Yunnan_dri_Region14Jiangxi,0.0,0.0,0.0,3.1634925989907186e7,0.0,0.0,0.0,3.1634925989907186e7
dri_Region25Yunnan_dri_Region15Shandong,0.0,0.0,0.0,3.484217888773919e7,0.0,0.0,0.0,3.484217888773919e7
dri_Region25Yunnan_dri_Region16Henan,0.0,0.0,0.0,3.315113457723139e7,0.0,0.0,0.0,3.315113457723139e7
dri_Region25Yunnan_dri_Region17Hubei,0.0,0.0,0.0,3.112516852278313e7,0.0,0.0,0.0,3.112516852278313e7
dri_Region25Yunnan_dri_Region18Hunan,0.0,0.0,0.0,2.944392817205114e7,0.0,0.0,0.0,2.944392817205114e7
dri_Region25Yunnan_dri_Region19Guangdong,0.0,0.0,0.0,2.9805777306238927e7,0.0,0.0,0.0,2.9805777306238927e7
dri_Region25Yunnan_dri_Region20Guangxi,0.0,0.0,0.0,2.4576621381078426e7,0.0,0.0,0.0,2.4576621381078426e7
dri_Region25Yunnan_dri_Region21Hainan,0.0,0.0,0.0,2.8263039649223875e7,0.0,0.0,0.0,2.8263039649223875e7
dri_Region25Yunnan_dri_Region22Chongqing,0.0,0.0,0.0,2.7028584431333877e7,0.0,0.0,0.0,2.7028584431333877e7
dri_Region25Yunnan_dri_Region23Sichuan,0.0,0.0,0.0,2.591264466950852e7,0.0,0.0,0.0,2.591264466950852e7
dri_Region25Yunnan_dri_Region24Guizhou,0.0,0.0,0.0,4.440374926139193e7,0.0,0.0,0.0,4.440374926139193e7
dri_Region25Yunnan_dri_Region27Shaanxi,0.0,0.0,0.0,3.0862931937380303e7,0.0,0.0,0.0,3.0862931937380303e7
dri_Region25Yunnan_dri_Region28Gansu,0.0,0.0,0.0,3.206169645601679e7,0.0,0.0,0.0,3.206169645601679e7
dri_Region25Yunnan_dri_Region29Qinghai,0.0,0.0,0.0,3.2721170222206064e7,0.0,0.0,0.0,3.2721170222206064e7
dri_Region25Yunnan_dri_Region30Ningxia,0.0,0.0,0.0,3.3314158483884376e7,0.0,0.0,0.0,3.3314158483884376e7
dri_Region25Yunnan_dri_Region31Xinjiang,0.0,0.0,0.0,3.301891011117081e7,0.0,0.0,0.0,3.301891011117081e7
dri_Region27Shaanxi_dri_Region1Beijing,0.0,0.0,0.0,2.9344414862024218e7,0.0,0.0,0.0,2.9344414862024218e7
dri_Region27Shaanxi_dri_Region2Tianjin,0.0,0.0,0.0,2.943692161753477e7,0.0,0.0,0.0,2.943692161753477e7
dri_Region27Shaanxi_dri_Region3Hebei,0.0,0.0,0.0,2.7059238016110964e7,0.0,0.0,0.0,2.7059238016110964e7
dri_Region27Shaanxi_dri_Region4Shanxi,0.0,0.0,0.0,2.6056497663145475e7,0.0,0.0,0.0,2.6056497663145475e7
dri_Region27Shaanxi_dri_Region5Innermongolia,0.0,0.0,0.0,3.0943980310019672e7,0.0,0.0,0.0,3.0943980310019672e7
dri_Region27Shaanxi_dri_Region6Liaoning,0.0,0.0,0.0,3.324829398302702e7,0.0,0.0,0.0,3.324829398302702e7
dri_Region27Shaanxi_dri_Region7Jilin,0.0,0.0,0.0,3.460891284678278e7,0.0,0.0,0.0,3.460891284678278e7
dri_Region27Shaanxi_dri_Region8Heilongjiang,0.0,0.0,0.0,3.5613303212420076e7,0.0,0.0,0.0,3.5613303212420076e7
dri_Region27Shaanxi_dri_Region9Shanghai,0.0,0.0,0.0,3.1303848967522748e7,0.0,0.0,0.0,3.1303848967522748e7
dri_Region27Shaanxi_dri_Region10Jiangsu,0.0,0.0,0.0,2.931134789143622e7,0.0,0.0,0.0,2.931134789143622e7
dri_Region27Shaanxi_dri_Region11Zhejiang,0.0,0.0,0.0,3.1004169909454715e7,0.0,0.0,0.0,3.1004169909454715e7
dri_Region27Shaanxi_dri_Region12Anhui,0.0,0.0,0.0,2.8268141612453684e7,0.0,0.0,0.0,2.8268141612453684e7
dri_Region27Shaanxi_dri_Region13Fujian,0.0,0.0,0.0,3.2551604502040006e7,0.0,0.0,0.0,3.2551604502040006e7
dri_Region27Shaanxi_dri_Region14Jiangxi,0.0,0.0,0.0,2.952077970189775e7,0.0,0.0,0.0,2.952077970189775e7
dri_Region27Shaanxi_dri_Region15Shandong,0.0,0.0,0.0,2.8233510275998242e7,0.0,0.0,0.0,2.8233510275998242e7
dri_Region27Shaanxi_dri_Region16Henan,0.0,0.0,0.0,2.4644224404113185e7,0.0,0.0,0.0,2.4644224404113185e7
dri_Region27Shaanxi_dri_Region17Hubei,0.0,0.0,0.0,2.694361993663224e7,0.0,0.0,0.0,2.694361993663224e7
dri_Region27Shaanxi_dri_Region18Hunan,0.0,0.0,0.0,2.8846882170147233e7,0.0,0.0,0.0,2.8846882170147233e7
dri_Region27Shaanxi_dri_Region19Guangdong,0.0,0.0,0.0,3.292740183850786e7,0.0,0.0,0.0,3.292740183850786e7
dri_Region27Shaanxi_dri_Region20Guangxi,0.0,0.0,0.0,3.2399887069751386e7,0.0,0.0,0.0,3.2399887069751386e7
dri_Region27Shaanxi_dri_Region21Hainan,0.0,0.0,0.0,3.342038494454448e7,0.0,0.0,0.0,3.342038494454448e7
dri_Region27Shaanxi_dri_Region22Chongqing,0.0,0.0,0.0,2.7238876740827754e7,0.0,0.0,0.0,2.7238876740827754e7
dri_Region27Shaanxi_dri_Region23Sichuan,0.0,0.0,0.0,2.7630887806883942e7,0.0,0.0,0.0,2.7630887806883942e7
dri_Region27Shaanxi_dri_Region24Guizhou,0.0,0.0,0.0,2.7188551910551306e7,0.0,0.0,0.0,2.7188551910551306e7
dri_Region27Shaanxi_dri_Region25Yunnan,0.0,0.0,0.0,3.307768053551297e7,0.0,0.0,0.0,3.307768053551297e7
dri_Region27Shaanxi_dri_Region28Gansu,0.0,0.0,0.0,2.6163330855790924e7,0.0,0.0,0.0,2.6163330855790924e7
dri_Region27Shaanxi_dri_Region29Qinghai,0.0,0.0,0.0,2.805318287473474e7,0.0,0.0,0.0,2.805318287473474e7
dri_Region27Shaanxi_dri_Region30Ningxia,0.0,0.0,0.0,2.6046442980004925e7,0.0,0.0,0.0,2.6046442980004925e7
dri_Region27Shaanxi_dri_Region31Xinjiang,0.0,0.0,0.0,3.076818932075936e7,0.0,0.0,0.0,3.076818932075936e7
dri_Region28Gansu_dri_Region1Beijing,0.0,0.0,0.0,3.688154813717569e7,0.0,0.0,0.0,3.688154813717569e7
dri_Region28Gansu_dri_Region2Tianjin,0.0,0.0,0.0,3.718035031718212e7,0.0,0.0,0.0,3.718035031718212e7
dri_Region28Gansu_dri_Region3Hebei,0.0,0.0,0.0,3.493645185212439e7,0.0,0.0,0.0,3.493645185212439e7
dri_Region28Gansu_dri_Region4Shanxi,0.0,0.0,0.0,3.404800007617202e7,0.0,0.0,0.0,3.404800007617202e7
dri_Region28Gansu_dri_Region5Innermongolia,0.0,0.0,0.0,3.2715275686452407e7,0.0,0.0,0.0,3.2715275686452407e7
dri_Region28Gansu_dri_Region6Liaoning,0.0,0.0,0.0,3.889439027725751e7,0.0,0.0,0.0,3.889439027725751e7
dri_Region28Gansu_dri_Region7Jilin,0.0,0.0,0.0,4.0648087241390936e7,0.0,0.0,0.0,4.0648087241390936e7
dri_Region28Gansu_dri_Region8Heilongjiang,0.0,0.0,0.0,4.158307031690495e7,0.0,0.0,0.0,4.158307031690495e7
dri_Region28Gansu_dri_Region9Shanghai,0.0,0.0,0.0,3.976740320516533e7,0.0,0.0,0.0,3.976740320516533e7
dri_Region28Gansu_dri_Region10Jiangsu,0.0,0.0,0.0,3.814121542673036e7,0.0,0.0,0.0,3.814121542673036e7
dri_Region28Gansu_dri_Region11Zhejiang,0.0,0.0,0.0,3.964560712633752e7,0.0,0.0,0.0,3.964560712633752e7
dri_Region28Gansu_dri_Region12Anhui,0.0,0.0,0.0,3.740094997238981e7,0.0,0.0,0.0,3.740094997238981e7
dri_Region28Gansu_dri_Region13Fujian,0.0,0.0,0.0,3.5132984861563936e7,0.0,0.0,0.0,3.5132984861563936e7
dri_Region28Gansu_dri_Region14Jiangxi,0.0,0.0,0.0,3.475964426496946e7,0.0,0.0,0.0,3.475964426496946e7
dri_Region28Gansu_dri_Region15Shandong,0.0,0.0,0.0,3.469346078307181e7,0.0,0.0,0.0,3.469346078307181e7
dri_Region28Gansu_dri_Region16Henan,0.0,0.0,0.0,3.008466671317691e7,0.0,0.0,0.0,3.008466671317691e7
dri_Region28Gansu_dri_Region17Hubei,0.0,0.0,0.0,3.2744166920765195e7,0.0,0.0,0.0,3.2744166920765195e7
dri_Region28Gansu_dri_Region18Hunan,0.0,0.0,0.0,3.425427687976403e7,0.0,0.0,0.0,3.425427687976403e7
dri_Region28Gansu_dri_Region19Guangdong,0.0,0.0,0.0,3.5572798142637186e7,0.0,0.0,0.0,3.5572798142637186e7
dri_Region28Gansu_dri_Region20Guangxi,0.0,0.0,0.0,3.4116478995337956e7,0.0,0.0,0.0,3.4116478995337956e7
dri_Region28Gansu_dri_Region21Hainan,0.0,0.0,0.0,3.5187767632795e7,0.0,0.0,0.0,3.5187767632795e7
dri_Region28Gansu_dri_Region22Chongqing,0.0,0.0,0.0,3.0858896728622396e7,0.0,0.0,0.0,3.0858896728622396e7
dri_Region28Gansu_dri_Region23Sichuan,0.0,0.0,0.0,2.9832385025531773e7,0.0,0.0,0.0,2.9832385025531773e7
dri_Region28Gansu_dri_Region24Guizhou,0.0,0.0,0.0,3.0352108993441883e7,0.0,0.0,0.0,3.0352108993441883e7
dri_Region28Gansu_dri_Region25Yunnan,0.0,0.0,0.0,3.397716677268068e7,0.0,0.0,0.0,3.397716677268068e7
dri_Region28Gansu_dri_Region27Shaanxi,0.0,0.0,0.0,2.5935794795506395e7,0.0,0.0,0.0,2.5935794795506395e7
dri_Region28Gansu_dri_Region29Qinghai,0.0,0.0,0.0,2.503809659325481e7,0.0,0.0,0.0,2.503809659325481e7
dri_Region28Gansu_dri_Region30Ningxia,0.0,0.0,0.0,2.4450845735773515e7,0.0,0.0,0.0,2.4450845735773515e7
dri_Region28Gansu_dri_Region31Xinjiang,0.0,0.0,0.0,2.8953978927321393e7,0.0,0.0,0.0,2.8953978927321393e7
dri_Region29Qinghai_dri_Region1Beijing,0.0,0.0,0.0,3.816383733034891e7,0.0,0.0,0.0,3.816383733034891e7
dri_Region29Qinghai_dri_Region2Tianjin,0.0,0.0,0.0,3.84306922486437e7,0.0,0.0,0.0,3.84306922486437e7
dri_Region29Qinghai_dri_Region3Hebei,0.0,0.0,0.0,3.652912580805521e7,0.0,0.0,0.0,3.652912580805521e7
dri_Region29Qinghai_dri_Region4Shanxi,0.0,0.0,0.0,3.608109620746124e7,0.0,0.0,0.0,3.608109620746124e7
dri_Region29Qinghai_dri_Region5Innermongolia,0.0,0.0,0.0,3.437294161043338e7,0.0,0.0,0.0,3.437294161043338e7
dri_Region29Qinghai_dri_Region6Liaoning,0.0,0.0,0.0,3.969231639837961e7,0.0,0.0,0.0,3.969231639837961e7
dri_Region29Qinghai_dri_Region7Jilin,0.0,0.0,0.0,4.1313984352777705e7,0.0,0.0,0.0,4.1313984352777705e7
dri_Region29Qinghai_dri_Region8Heilongjiang,0.0,0.0,0.0,4.220863218275678e7,0.0,0.0,0.0,4.220863218275678e7
dri_Region29Qinghai_dri_Region9Shanghai,0.0,0.0,0.0,4.072990509715994e7,0.0,0.0,0.0,4.072990509715994e7
dri_Region29Qinghai_dri_Region10Jiangsu,0.0,0.0,0.0,3.928069759781562e7,0.0,0.0,0.0,3.928069759781562e7
dri_Region29Qinghai_dri_Region11Zhejiang,0.0,0.0,0.0,4.062862699435074e7,0.0,0.0,0.0,4.062862699435074e7
dri_Region29Qinghai_dri_Region12Anhui,0.0,0.0,0.0,3.8657255713913724e7,0.0,0.0,0.0,3.8657255713913724e7
dri_Region29Qinghai_dri_Region13Fujian,0.0,0.0,0.0,3.592875999156595e7,0.0,0.0,0.0,3.592875999156595e7
dri_Region29Qinghai_dri_Region14Jiangxi,0.0,0.0,0.0,3.583715413366861e7,0.0,0.0,0.0,3.583715413366861e7
dri_Region29Qinghai_dri_Region15Shandong,0.0,0.0,0.0,3.5934003204113916e7,0.0,0.0,0.0,3.5934003204113916e7
dri_Region29Qinghai_dri_Region16Henan,0.0,0.0,0.0,3.1565085558338188e7,0.0,0.0,0.0,3.1565085558338188e7
dri_Region29Qinghai_dri_Region17Hubei,0.0,0.0,0.0,3.3997709486178935e7,0.0,0.0,0.0,3.3997709486178935e7
dri_Region29Qinghai_dri_Region18Hunan,0.0,0.0,0.0,3.538090776066094e7,0.0,0.0,0.0,3.538090776066094e7
dri_Region29Qinghai_dri_Region19Guangdong,0.0,0.0,0.0,3.631760707332549e7,0.0,0.0,0.0,3.631760707332549e7
dri_Region29Qinghai_dri_Region20Guangxi,0.0,0.0,0.0,3.496999246357422e7,0.0,0.0,0.0,3.496999246357422e7
dri_Region29Qinghai_dri_Region21Hainan,0.0,0.0,0.0,3.593054325905754e7,0.0,0.0,0.0,3.593054325905754e7
dri_Region29Qinghai_dri_Region22Chongqing,0.0,0.0,0.0,3.2268914437599484e7,0.0,0.0,0.0,3.2268914437599484e7
dri_Region29Qinghai_dri_Region23Sichuan,0.0,0.0,0.0,3.084594869618552e7,0.0,0.0,0.0,3.084594869618552e7
dri_Region29Qinghai_dri_Region24Guizhou,0.0,0.0,0.0,3.1631480705861337e7,0.0,0.0,0.0,3.1631480705861337e7
dri_Region29Qinghai_dri_Region25Yunnan,0.0,0.0,0.0,3.4530918170961626e7,0.0,0.0,0.0,3.4530918170961626e7
dri_Region29Qinghai_dri_Region27Shaanxi,0.0,0.0,0.0,2.7749478571278084e7,0.0,0.0,0.0,2.7749478571278084e7
dri_Region29Qinghai_dri_Region28Gansu,0.0,0.0,0.0,2.485109720356165e7,0.0,0.0,0.0,2.485109720356165e7
dri_Region29Qinghai_dri_Region30Ningxia,0.0,0.0,0.0,2.6572332193923082e7,0.0,0.0,0.0,2.6572332193923082e7
dri_Region29Qinghai_dri_Region31Xinjiang,0.0,0.0,0.0,2.8271832656854764e7,0.0,0.0,0.0,2.8271832656854764e7
dri_Region30Ningxia_dri_Region1Beijing,0.0,0.0,0.0,2.9834069437313356e7,0.0,0.0,0.0,2.9834069437313356e7
dri_Region30Ningxia_dri_Region2Tianjin,0.0,0.0,0.0,3.0151115060991067e7,0.0,0.0,0.0,3.0151115060991067e7
dri_Region30Ningxia_dri_Region3Hebei,0.0,0.0,0.0,2.8133416637824357e7,0.0,0.0,0.0,2.8133416637824357e7
dri_Region30Ningxia_dri_Region4Shanxi,0.0,0.0,0.0,2.720012463654076e7,0.0,0.0,0.0,2.720012463654076e7
dri_Region30Ningxia_dri_Region5Innermongolia,0.0,0.0,0.0,2.9300336070023555e7,0.0,0.0,0.0,2.9300336070023555e7
dri_Region30Ningxia_dri_Region6Liaoning,0.0,0.0,0.0,3.384020284968016e7,0.0,0.0,0.0,3.384020284968016e7
dri_Region30Ningxia_dri_Region7Jilin,0.0,0.0,0.0,3.503235768390759e7,0.0,0.0,0.0,3.503235768390759e7
dri_Region30Ningxia_dri_Region8Heilongjiang,0.0,0.0,0.0,3.598657209806794e7,0.0,0.0,0.0,3.598657209806794e7
dri_Region30Ningxia_dri_Region9Shanghai,0.0,0.0,0.0,3.438000612272927e7,0.0,0.0,0.0,3.438000612272927e7
dri_Region30Ningxia_dri_Region10Jiangsu,0.0,0.0,0.0,3.274646295243446e7,0.0,0.0,0.0,3.274646295243446e7
dri_Region30Ningxia_dri_Region11Zhejiang,0.0,0.0,0.0,3.437106709753656e7,0.0,0.0,0.0,3.437106709753656e7
dri_Region30Ningxia_dri_Region12Anhui,0.0,0.0,0.0,3.235675149151991e7,0.0,0.0,0.0,3.235675149151991e7
dri_Region30Ningxia_dri_Region13Fujian,0.0,0.0,0.0,3.5232487557015315e7,0.0,0.0,0.0,3.5232487557015315e7
dri_Region30Ningxia_dri_Region14Jiangxi,0.0,0.0,0.0,3.334105917712973e7,0.0,0.0,0.0,3.334105917712973e7
dri_Region30Ningxia_dri_Region15Shandong,0.0,0.0,0.0,3.0044833663876154e7,0.0,0.0,0.0,3.0044833663876154e7
dri_Region30Ningxia_dri_Region16Henan,0.0,0.0,0.0,2.8931670584458373e7,0.0,0.0,0.0,2.8931670584458373e7
dri_Region30Ningxia_dri_Region17Hubei,0.0,0.0,0.0,3.1458529477473278e7,0.0,0.0,0.0,3.1458529477473278e7
dri_Region30Ningxia_dri_Region18Hunan,0.0,0.0,0.0,3.2850777431152437e7,0.0,0.0,0.0,3.2850777431152437e7
dri_Region30Ningxia_dri_Region19Guangdong,0.0,0.0,0.0,3.5584427144576706e7,0.0,0.0,0.0,3.5584427144576706e7
dri_Region30Ningxia_dri_Region20Guangxi,0.0,0.0,0.0,3.520167411300873e7,0.0,0.0,0.0,3.520167411300873e7
dri_Region30Ningxia_dri_Region21Hainan,0.0,0.0,0.0,3.605056521425848e7,0.0,0.0,0.0,3.605056521425848e7
dri_Region30Ningxia_dri_Region22Chongqing,0.0,0.0,0.0,3.109362195763625e7,0.0,0.0,0.0,3.109362195763625e7
dri_Region30Ningxia_dri_Region23Sichuan,0.0,0.0,0.0,3.0821691329803534e7,0.0,0.0,0.0,3.0821691329803534e7
dri_Region30Ningxia_dri_Region24Guizhou,0.0,0.0,0.0,3.021772637149853e7,0.0,0.0,0.0,3.021772637149853e7
dri_Region30Ningxia_dri_Region25Yunnan,0.0,0.0,0.0,3.5079998556855865e7,0.0,0.0,0.0,3.5079998556855865e7
dri_Region30Ningxia_dri_Region27Shaanxi,0.0,0.0,0.0,2.6127912404569224e7,0.0,0.0,0.0,2.6127912404569224e7
dri_Region30Ningxia_dri_Region28Gansu,0.0,0.0,0.0,2.4875833944253754e7,0.0,0.0,0.0,2.4875833944253754e7
dri_Region30Ningxia_dri_Region29Qinghai,0.0,0.0,0.0,2.685430890192709e7,0.0,0.0,0.0,2.685430890192709e7
dri_Region30Ningxia_dri_Region31Xinjiang,0.0,0.0,0.0,2.9408304841173526e7,0.0,0.0,0.0,2.9408304841173526e7
dri_Region31Xinjiang_dri_Region1Beijing,0.0,0.0,0.0,3.145668007421051e7,0.0,0.0,0.0,3.145668007421051e7
dri_Region31Xinjiang_dri_Region2Tianjin,0.0,0.0,0.0,3.1763961037156306e7,0.0,0.0,0.0,3.1763961037156306e7
dri_Region31Xinjiang_dri_Region3Hebei,0.0,0.0,0.0,3.152430394362894e7,0.0,0.0,0.0,3.152430394362894e7
dri_Region31Xinjiang_dri_Region4Shanxi,0.0,0.0,0.0,3.166356215102317e7,0.0,0.0,0.0,3.166356215102317e7
dri_Region31Xinjiang_dri_Region5Innermongolia,0.0,0.0,0.0,3.3939214535605684e7,0.0,0.0,0.0,3.3939214535605684e7
dri_Region31Xinjiang_dri_Region6Liaoning,0.0,0.0,0.0,3.2831760081977144e7,0.0,0.0,0.0,3.2831760081977144e7
dri_Region31Xinjiang_dri_Region7Jilin,0.0,0.0,0.0,3.2876093878002137e7,0.0,0.0,0.0,3.2876093878002137e7
dri_Region31Xinjiang_dri_Region8Heilongjiang,0.0,0.0,0.0,3.3327828054799363e7,0.0,0.0,0.0,3.3327828054799363e7
dri_Region31Xinjiang_dri_Region9Shanghai,0.0,0.0,0.0,3.37062694618257e7,0.0,0.0,0.0,3.37062694618257e7
dri_Region31Xinjiang_dri_Region10Jiangsu,0.0,0.0,0.0,3.3076253440470245e7,0.0,0.0,0.0,3.3076253440470245e7
dri_Region31Xinjiang_dri_Region11Zhejiang,0.0,0.0,0.0,3.365817074471747e7,0.0,0.0,0.0,3.365817074471747e7
dri_Region31Xinjiang_dri_Region12Anhui,0.0,0.0,0.0,3.2810844778972723e7,0.0,0.0,0.0,3.2810844778972723e7
dri_Region31Xinjiang_dri_Region13Fujian,0.0,0.0,0.0,3.415067252116736e7,0.0,0.0,0.0,3.415067252116736e7
dri_Region31Xinjiang_dri_Region14Jiangxi,0.0,0.0,0.0,3.3158508464590035e7,0.0,0.0,0.0,3.3158508464590035e7
dri_Region31Xinjiang_dri_Region15Shandong,0.0,0.0,0.0,3.2227425178959478e7,0.0,0.0,0.0,3.2227425178959478e7
dri_Region31Xinjiang_dri_Region16Henan,0.0,0.0,0.0,3.1756995114854995e7,0.0,0.0,0.0,3.1756995114854995e7
dri_Region31Xinjiang_dri_Region17Hubei,0.0,0.0,0.0,3.2332189166077577e7,0.0,0.0,0.0,3.2332189166077577e7
dri_Region31Xinjiang_dri_Region18Hunan,0.0,0.0,0.0,3.293515694202342e7,0.0,0.0,0.0,3.293515694202342e7
dri_Region31Xinjiang_dri_Region19Guangdong,0.0,0.0,0.0,3.4663092085120216e7,0.0,0.0,0.0,3.4663092085120216e7
dri_Region31Xinjiang_dri_Region20Guangxi,0.0,0.0,0.0,3.34669712764667e7,0.0,0.0,0.0,3.34669712764667e7
dri_Region31Xinjiang_dri_Region21Hainan,0.0,0.0,0.0,3.4573598237964414e7,0.0,0.0,0.0,3.4573598237964414e7
dri_Region31Xinjiang_dri_Region22Chongqing,0.0,0.0,0.0,3.167300535532476e7,0.0,0.0,0.0,3.167300535532476e7
dri_Region31Xinjiang_dri_Region23Sichuan,0.0,0.0,0.0,3.1435787553160273e7,0.0,0.0,0.0,3.1435787553160273e7
dri_Region31Xinjiang_dri_Region24Guizhou,0.0,0.0,0.0,3.113137570987255e7,0.0,0.0,0.0,3.113137570987255e7
dri_Region31Xinjiang_dri_Region25Yunnan,0.0,0.0,0.0,3.384340792004348e7,0.0,0.0,0.0,3.384340792004348e7
dri_Region31Xinjiang_dri_Region27Shaanxi,0.0,0.0,0.0,3.0621772653203208e7,0.0,0.0,0.0,3.0621772653203208e7
dri_Region31Xinjiang_dri_Region28Gansu,0.0,0.0,0.0,2.9003876945739284e7,0.0,0.0,0.0,2.9003876945739284e7
dri_Region31Xinjiang_dri_Region29Qinghai,0.0,0.0,0.0,2.824860562215333e7,0.0,0.0,0.0,2.824860562215333e7
dri_Region31Xinjiang_dri_Region30Ningxia,0.0,0.0,0.0,2.958198285783634e7,0.0,0.0,0.0,2.958198285783634e7
natgas_Region1Beijing_Region1Beijing_gasdri_transforms,5105.297398359683,0.0,0.0,0.0,0.0,0.0,0.0,5105.297398359683
steelscrap_source_Region1Beijing_Region1Beijing_gasdri_transforms,-1459.8358600713468,0.0,0.0,0.0,0.0,0.0,0.0,-1459.8358600713468
Region1Beijing_gasdri_transforms_dri_Region1Beijing,0.0,2195.227955388037,681.2567346999622,0.0,0.0,0.0,0.0,2876.4846900879993
natgas_Region2Tianjin_Region2Tianjin_gasdri_transforms,5106.290006822214,0.0,0.0,0.0,0.0,0.0,0.0,5106.290006822214
steelscrap_source_Region2Tianjin_Region2Tianjin_gasdri_transforms,-1460.1196918083735,0.0,0.0,0.0,0.0,0.0,0.0,-1460.1196918083735
Region2Tianjin_gasdri_transforms_dri_Region2Tianjin,0.0,2195.761908058507,681.3891895105739,0.0,0.0,0.0,0.0,2877.151097569081
natgas_Region3Hebei_Region3Hebei_gasdri_transforms,5069.390497756339,0.0,0.0,0.0,0.0,0.0,0.0,5069.390497756339
steelscrap_source_Region3Hebei_Region3Hebei_gasdri_transforms,-1461.353559484494,0.0,0.0,0.0,0.0,0.0,0.0,-1461.353559484494
Region3Hebei_gasdri_transforms_dri_Region3Hebei,0.0,2198.083107327759,681.9649944260959,0.0,0.0,0.0,0.0,2880.048101753855
natgas_Region4Shanxi_Region4Shanxi_gasdri_transforms,4962.932332119398,0.0,0.0,0.0,0.0,0.0,0.0,4962.932332119398
steelscrap_source_Region4Shanxi_Region4Shanxi_gasdri_transforms,-1469.4929215705242,0.0,0.0,0.0,0.0,0.0,0.0,-1469.4929215705242
Region4Shanxi_gasdri_transforms_dri_Region4Shanxi,0.0,2213.395176627089,685.7633633995816,0.0,0.0,0.0,0.0,2899.1585400266704
natgas_Region5Innermongolia_Region5Innermongolia_gasdri_transforms,3887.2196033521,0.0,0.0,0.0,0.0,0.0,0.0,3887.2196033521
steelscrap_source_Region5Innermongolia_Region5Innermongolia_gasdri_transforms,-1468.2289833039665,0.0,0.0,0.0,0.0,0.0,0.0,-1468.2289833039665
Region5Innermongolia_gasdri_transforms_dri_Region5Innermongolia,0.0,2211.0174109588656,685.1735255418517,0.0,0.0,0.0,0.0,2896.1909365007173
natgas_Region6Liaoning_Region6Liaoning_gasdri_transforms,4992.373076540186,0.0,0.0,0.0,0.0,0.0,0.0,4992.373076540186
steelscrap_source_Region6Liaoning_Region6Liaoning_gasdri_transforms,-1439.151741990588,0.0,0.0,0.0,0.0,0.0,0.0,-1439.151741990588
Region6Liaoning_gasdri_transforms_dri_Region6Liaoning,0.0,2156.3162273224,671.6041462622734,0.0,0.0,0.0,0.0,2827.9203735846736
natgas_Region7Jilin_Region7Jilin_gasdri_transforms,4462.997978666764,0.0,0.0,0.0,0.0,0.0,0.0,4462.997978666764
steelscrap_source_Region7Jilin_Region7Jilin_gasdri_transforms,-1397.31121919841,0.0,0.0,0.0,0.0,0.0,0.0,-1397.31121919841
Region7Jilin_gasdri_transforms_dri_Region7Jilin,0.0,2077.6042784064525,652.0785689592573,0.0,0.0,0.0,0.0,2729.6828473657097
natgas_Region8Heilongjiang_Region8Heilongjiang_gasdri_transforms,4449.439418979535,0.0,0.0,0.0,0.0,0.0,0.0,4449.439418979535
steelscrap_source_Region8Heilongjiang_Region8Heilongjiang_gasdri_transforms,-1393.0661965347829,0.0,0.0,0.0,0.0,0.0,0.0,-1393.0661965347829
Region8Heilongjiang_gasdri_transforms_dri_Region8Heilongjiang,0.0,2069.6183879383975,650.0975583829004,0.0,0.0,0.0,0.0,2719.715946321298
natgas_Region9Shanghai_Region9Shanghai_gasdri_transforms,5453.702222702466,0.0,0.0,0.0,0.0,0.0,0.0,5453.702222702466
steelscrap_source_Region9Shanghai_Region9Shanghai_gasdri_transforms,-1462.1785461303748,0.0,0.0,0.0,0.0,0.0,0.0,-1462.1785461303748
Region9Shanghai_gasdri_transforms_dri_Region9Shanghai,0.0,2199.6351005540437,682.3499881941758,0.0,0.0,0.0,0.0,2881.9850887482194
natgas_Region10Jiangsu_Region10Jiangsu_gasdri_transforms,5413.419391824466,0.0,0.0,0.0,0.0,0.0,0.0,5413.419391824466
steelscrap_source_Region10Jiangsu_Region10Jiangsu_gasdri_transforms,-1461.0450661695318,0.0,0.0,0.0,0.0,0.0,0.0,-1461.0450661695318
Region10Jiangsu_gasdri_transforms_dri_Region10Jiangsu,0.0,2197.5027612020313,681.8210308791155,0.0,0.0,0.0,0.0,2879.3237920811466
natgas_Region11Zhejiang_Region11Zhejiang_gasdri_transforms,5462.09316814683,0.0,0.0,0.0,0.0,0.0,0.0,5462.09316814683
steelscrap_source_Region11Zhejiang_Region11Zhejiang_gasdri_transforms,-1469.985824273343,0.0,0.0,0.0,0.0,0.0,0.0,-1469.985824273343
Region11Zhejiang_gasdri_transforms_dri_Region11Zhejiang,0.0,2214.322448583153,685.9933846608919,0.0,0.0,0.0,0.0,2900.315833244045
natgas_Region12Anhui_Region12Anhui_gasdri_transforms,5263.729434083887,0.0,0.0,0.0,0.0,0.0,0.0,5263.729434083887
steelscrap_source_Region12Anhui_Region12Anhui_gasdri_transforms,-1456.6806321934846,0.0,0.0,0.0,0.0,0.0,0.0,-1456.6806321934846
Region12Anhui_gasdri_transforms_dri_Region12Anhui,0.0,2189.2922257480373,679.7842950236272,0.0,0.0,0.0,0.0,2869.0765207716645
natgas_Region13Fujian_Region13Fujian_gasdri_transforms,5549.550319948264,0.0,0.0,0.0,0.0,0.0,0.0,5549.550319948264
steelscrap_source_Region13Fujian_Region13Fujian_gasdri_transforms,-1487.8761412240037,0.0,0.0,0.0,0.0,0.0,0.0,-1487.8761412240037
Region13Fujian_gasdri_transforms_dri_Region13Fujian,0.0,2247.9783776806903,694.3421992378692,0.0,0.0,0.0,0.0,2942.3205769185597
natgas_Region14Jiangxi_Region14Jiangxi_gasdri_transforms,4966.948442138672,0.0,0.0,0.0,0.0,0.0,0.0,4966.948442138672
steelscrap_source_Region14Jiangxi_Region14Jiangxi_gasdri_transforms,-1442.081289089037,0.0,0.0,0.0,0.0,0.0,0.0,-1442.081289089037
Region14Jiangxi_gasdri_transforms_dri_Region14Jiangxi,0.0,2161.827403730503,672.9712682415498,0.0,0.0,0.0,0.0,2834.798671972053
natgas_Region15Shandong_Region15Shandong_gasdri_transforms,5030.984401439458,0.0,0.0,0.0,0.0,0.0,0.0,5030.984401439458
steelscrap_source_Region15Shandong_Region15Shandong_gasdri_transforms,-1450.2822313665627,0.0,0.0,0.0,0.0,0.0,0.0,-1450.2822313665627
Region15Shandong_gasdri_transforms_dri_Region15Shandong,0.0,2177.2553061871895,676.798374637728,0.0,0.0,0.0,0.0,2854.0536808249176
natgas_Region16Henan_Region16Henan_gasdri_transforms,5063.569036370626,0.0,0.0,0.0,0.0,0.0,0.0,5063.569036370626
steelscrap_source_Region16Henan_Region16Henan_gasdri_transforms,-1443.5382911720878,0.0,0.0,0.0,0.0,0.0,0.0,-1443.5382911720878
Region16Henan_gasdri_transforms_dri_Region16Henan,0.0,2164.568370843909,673.6512025469733,0.0,0.0,0.0,0.0,2838.2195733908825
natgas_Region17Hubei_Region17Hubei_gasdri_transforms,4926.068417054661,0.0,0.0,0.0,0.0,0.0,0.0,4926.068417054661
steelscrap_source_Region17Hubei_Region17Hubei_gasdri_transforms,-1430.2123679681733,0.0,0.0,0.0,0.0,0.0,0.0,-1430.2123679681733
Region17Hubei_gasdri_transforms_dri_Region17Hubei,0.0,2139.499145088978,667.432438385145,0.0,0.0,0.0,0.0,2806.931583474123
natgas_Region18Hunan_Region18Hunan_gasdri_transforms,4939.393638988232,0.0,0.0,0.0,0.0,0.0,0.0,4939.393638988232
steelscrap_source_Region18Hunan_Region18Hunan_gasdri_transforms,-1434.0811524838964,0.0,0.0,0.0,0.0,0.0,0.0,-1434.0811524838964
Region18Hunan_gasdri_transforms_dri_Region18Hunan,0.0,2146.7772465607595,669.237871159153,0.0,0.0,0.0,0.0,2816.0151177199123
natgas_Region19Guangdong_Region19Guangdong_gasdri_transforms,5644.535485432807,0.0,0.0,0.0,0.0,0.0,0.0,5644.535485432807
steelscrap_source_Region19Guangdong_Region19Guangdong_gasdri_transforms,-1513.342377828195,0.0,0.0,0.0,0.0,0.0,0.0,-1513.342377828195
Region19Guangdong_gasdri_transforms_dri_Region19Guangdong,0.0,2295.886403613447,706.2264429864917,0.0,0.0,0.0,0.0,3002.1128465999386
natgas_Region20Guangxi_Region20Guangxi_gasdri_transforms,4907.064078687077,0.0,0.0,0.0,0.0,0.0,0.0,4907.064078687077
steelscrap_source_Region20Guangxi_Region20Guangxi_gasdri_transforms,-1398.9213623711273,0.0,0.0,0.0,0.0,0.0,0.0,-1398.9213623711273
Region20Guangxi_gasdri_transforms_dri_Region20Guangxi,0.0,2080.633343746486,652.8299691065278,0.0,0.0,0.0,0.0,2733.4633128530136
natgas_Region22Chongqing_Region22Chongqing_gasdri_transforms,3997.533799858669,0.0,0.0,0.0,0.0,0.0,0.0,3997.533799858669
steelscrap_source_Region22Chongqing_Region22Chongqing_gasdri_transforms,-1315.4657118221537,0.0,0.0,0.0,0.0,0.0,0.0,-1315.4657118221537
Region22Chongqing_gasdri_transforms_dri_Region22Chongqing,0.0,1923.6334780923441,613.8839988503391,0.0,0.0,0.0,0.0,2537.517476942683
natgas_Region23Sichuan_Region23Sichuan_gasdri_transforms,4223.199283732714,0.0,0.0,0.0,0.0,0.0,0.0,4223.199283732714
steelscrap_source_Region23Sichuan_Region23Sichuan_gasdri_transforms,-1383.3062433742864,0.0,0.0,0.0,0.0,0.0,0.0,-1383.3062433742864
Region23Sichuan_gasdri_transforms_dri_Region23Sichuan,0.0,2051.257594935021,645.5429135746668,0.0,0.0,0.0,0.0,2696.800508509688
natgas_Region24Guizhou_Region24Guizhou_gasdri_transforms,3421.371039659592,0.0,0.0,0.0,0.0,0.0,0.0,3421.371039659592
steelscrap_source_Region24Guizhou_Region24Guizhou_gasdri_transforms,-1092.903615838612,0.0,0.0,0.0,0.0,0.0,0.0,-1092.903615838612
Region24Guizhou_gasdri_transforms_dri_Region24Guizhou,0.0,1504.9414022329365,510.021687391351,0.0,0.0,0.0,0.0,2014.9630896242875
natgas_Region25Yunnan_Region25Yunnan_gasdri_transforms,4434.136363742132,0.0,0.0,0.0,0.0,0.0,0.0,4434.136363742132
steelscrap_source_Region25Yunnan_Region25Yunnan_gasdri_transforms,-1416.4157026176847,0.0,0.0,0.0,0.0,0.0,0.0,-1416.4157026176847
Region25Yunnan_gasdri_transforms_dri_Region25Yunnan,0.0,2113.5443534737906,660.9939945549205,0.0,0.0,0.0,0.0,2774.538348028711
natgas_Region27Shaanxi_Region27Shaanxi_gasdri_transforms,3579.3221798454715,0.0,0.0,0.0,0.0,0.0,0.0,3579.3221798454715
steelscrap_source_Region27Shaanxi_Region27Shaanxi_gasdri_transforms,-1351.9340560281346,0.0,0.0,0.0,0.0,0.0,0.0,-1351.9340560281346
Region27Shaanxi_gasdri_transforms_dri_Region27Shaanxi,0.0,1992.2390770866714,630.9025594797973,0.0,0.0,0.0,0.0,2623.1416365664686
natgas_Region28Gansu_Region28Gansu_gasdri_transforms,3772.9529592649474,0.0,0.0,0.0,0.0,0.0,0.0,3772.9529592649474
steelscrap_source_Region28Gansu_Region28Gansu_gasdri_transforms,-1365.0859021974702,0.0,0.0,0.0,0.0,0.0,0.0,-1365.0859021974702
Region28Gansu_gasdri_transforms_dri_Region28Gansu,0.0,2016.9808226921377,637.04008769215,0.0,0.0,0.0,0.0,2654.0209103842876
natgas_Region29Qinghai_Region29Qinghai_gasdri_transforms,3955.0810143066965,0.0,0.0,0.0,0.0,0.0,0.0,3955.0810143066965
steelscrap_source_Region29Qinghai_Region29Qinghai_gasdri_transforms,-1378.2424838385439,0.0,0.0,0.0,0.0,0.0,0.0,-1378.2424838385439
Region29Qinghai_gasdri_transforms_dri_Region29Qinghai,0.0,2041.7314691104339,643.179825791323,0.0,0.0,0.0,0.0,2684.9112949017567
natgas_Region30Ningxia_Region30Ningxia_gasdri_transforms,3484.6403318174353,0.0,0.0,0.0,0.0,0.0,0.0,3484.6403318174353
steelscrap_source_Region30Ningxia_Region30Ningxia_gasdri_transforms,-1363.3727395313877,0.0,0.0,0.0,0.0,0.0,0.0,-1363.3727395313877
Region30Ningxia_gasdri_transforms_dri_Region30Ningxia,0.0,2013.757957912042,636.2406117813141,0.0,0.0,0.0,0.0,2649.9985696933563
natgas_Region31Xinjiang_Region31Xinjiang_gasdri_transforms,3423.234416042136,0.0,0.0,0.0,0.0,0.0,0.0,3423.234416042136
steelscrap_source_Region31Xinjiang_Region31Xinjiang_gasdri_transforms,-1425.8839527996265,0.0,0.0,0.0,0.0,0.0,0.0,-1425.8839527996265
Region31Xinjiang_gasdri_transforms_dri_Region31Xinjiang,0.0,2131.356369135566,665.4125113064925,0.0,0.0,0.0,0.0,2796.7688804420586
natgas_Region1Beijing_Region1Beijing_gasdriccs_transforms,6362.692795229859,0.0,0.0,0.0,0.0,0.0,0.0,6362.692795229859
steelscrap_source_Region1Beijing_Region1Beijing_gasdriccs_transforms,-1437.316609953697,0.0,0.0,0.0,0.0,0.0,0.0,-1437.316609953697
Region1Beijing_gasdriccs_transforms_dri_Region1Beijing,0.0,3329.6117305481353,919.8826303703665,0.0,0.0,0.0,0.0,4249.494360918502
natgas_Region2Tianjin_Region2Tianjin_gasdriccs_transforms,6351.0007307182,0.0,0.0,0.0,0.0,0.0,0.0,6351.0007307182
steelscrap_source_Region2Tianjin_Region2Tianjin_gasdriccs_transforms,-1434.6754014169805,0.0,0.0,0.0,0.0,0.0,0.0,-1434.6754014169805
Region2Tianjin_gasdriccs_transforms_dri_Region2Tianjin,0.0,3322.7990216832827,918.1922569068686,0.0,0.0,0.0,0.0,4240.9912785901515
natgas_Region3Hebei_Region3Hebei_gasdriccs_transforms,6322.093305254719,0.0,0.0,0.0,0.0,0.0,0.0,6322.093305254719
steelscrap_source_Region3Hebei_Region3Hebei_gasdriccs_transforms,-1439.756222556037,0.0,0.0,0.0,0.0,0.0,0.0,-1439.756222556037
Region3Hebei_gasdriccs_transforms_dri_Region3Hebei,0.0,3335.904446715556,921.4439824358642,0.0,0.0,0.0,0.0,4257.34842915142
natgas_Region4Shanxi_Region4Shanxi_gasdriccs_transforms,6366.527426638818,0.0,0.0,0.0,0.0,0.0,0.0,6366.527426638818
steelscrap_source_Region4Shanxi_Region4Shanxi_gasdriccs_transforms,-1489.2248236189293,0.0,0.0,0.0,0.0,0.0,0.0,-1489.2248236189293
Region4Shanxi_gasdriccs_transforms_dri_Region4Shanxi,0.0,3463.5033044497086,953.1038871161151,0.0,0.0,0.0,0.0,4416.607191565824
natgas_Region5Innermongolia_Region5Innermongolia_gasdriccs_transforms,4727.441620538188,0.0,0.0,0.0,0.0,0.0,0.0,4727.441620538188
steelscrap_source_Region5Innermongolia_Region5Innermongolia_gasdriccs_transforms,-1410.617927279323,0.0,0.0,0.0,0.0,0.0,0.0,-1410.617927279323
Region5Innermongolia_gasdriccs_transforms_dri_Region5Innermongolia,0.0,3260.745394344115,902.7954734587692,0.0,0.0,0.0,0.0,4163.540867802884
natgas_Region6Liaoning_Region6Liaoning_gasdriccs_transforms,6300.198582730589,0.0,0.0,0.0,0.0,0.0,0.0,6300.198582730589
steelscrap_source_Region6Liaoning_Region6Liaoning_gasdriccs_transforms,-1434.7700476495268,0.0,0.0,0.0,0.0,0.0,0.0,-1434.7700476495268
Region6Liaoning_gasdriccs_transforms_dri_Region6Liaoning,0.0,3323.0431556155436,918.2528304956992,0.0,0.0,0.0,0.0,4241.295986111243
natgas_Region7Jilin_Region7Jilin_gasdriccs_transforms,5669.128144669925,0.0,0.0,0.0,0.0,0.0,0.0,5669.128144669925
steelscrap_source_Region7Jilin_Region7Jilin_gasdriccs_transforms,-1402.204115951692,0.0,0.0,0.0,0.0,0.0,0.0,-1402.204115951692
Region7Jilin_gasdriccs_transforms_dri_Region7Jilin,0.0,3239.0428886702407,897.410634209082,0.0,0.0,0.0,0.0,4136.453522879323
natgas_Region8Heilongjiang_Region8Heilongjiang_gasdriccs_transforms,5641.813311224912,0.0,0.0,0.0,0.0,0.0,0.0,5641.813311224912
steelscrap_source_Region8Heilongjiang_Region8Heilongjiang_gasdriccs_transforms,-1395.4480556006542,0.0,0.0,0.0,0.0,0.0,0.0,-1395.4480556006542
Region8Heilongjiang_gasdriccs_transforms_dri_Region8Heilongjiang,0.0,3221.6163677692284,893.0867555844185,0.0,0.0,0.0,0.0,4114.703123353647
natgas_Region9Shanghai_Region9Shanghai_gasdriccs_transforms,6660.062930972804,0.0,0.0,0.0,0.0,0.0,0.0,6660.062930972804
steelscrap_source_Region9Shanghai_Region9Shanghai_gasdriccs_transforms,-1410.6388052259986,0.0,0.0,0.0,0.0,0.0,0.0,-1410.6388052259986
Region9Shanghai_gasdriccs_transforms_dri_Region9Shanghai,0.0,3260.799246562665,902.8088353446373,0.0,0.0,0.0,0.0,4163.608081907302
natgas_Region10Jiangsu_Region10Jiangsu_gasdriccs_transforms,6797.464835154735,0.0,0.0,0.0,0.0,0.0,0.0,6797.464835154735
steelscrap_source_Region10Jiangsu_Region10Jiangsu_gasdriccs_transforms,-1449.3304444403766,0.0,0.0,0.0,0.0,0.0,0.0,-1449.3304444403766
Region10Jiangsu_gasdriccs_transforms_dri_Region10Jiangsu,0.0,3360.6001084223603,927.5714844418413,0.0,0.0,0.0,0.0,4288.171592864202
natgas_Region11Zhejiang_Region11Zhejiang_gasdriccs_transforms,6659.583712861887,0.0,0.0,0.0,0.0,0.0,0.0,6659.583712861887
steelscrap_source_Region11Zhejiang_Region11Zhejiang_gasdriccs_transforms,-1415.8903871309715,0.0,0.0,0.0,0.0,0.0,0.0,-1415.8903871309715
Region11Zhejiang_gasdriccs_transforms_dri_Region11Zhejiang,0.0,3274.345129065303,906.1698477638225,0.0,0.0,0.0,0.0,4180.514976829126
natgas_Region12Anhui_Region12Anhui_gasdriccs_transforms,6557.8934405000855,0.0,0.0,0.0,0.0,0.0,0.0,6557.8934405000855
steelscrap_source_Region12Anhui_Region12Anhui_gasdriccs_transforms,-1433.7177157853264,0.0,0.0,0.0,0.0,0.0,0.0,-1433.7177157853264
Region12Anhui_gasdriccs_transforms_dri_Region12Anhui,0.0,3320.3287807270194,917.579338102609,0.0,0.0,0.0,0.0,4237.908118829629
natgas_Region13Fujian_Region13Fujian_gasdriccs_transforms,6739.810618571962,0.0,0.0,0.0,0.0,0.0,0.0,6739.810618571962
steelscrap_source_Region13Fujian_Region13Fujian_gasdriccs_transforms,-1427.5298142029835,0.0,0.0,0.0,0.0,0.0,0.0,-1427.5298142029835
Region13Fujian_gasdriccs_transforms_dri_Region13Fujian,0.0,3304.3677648130565,913.6190810899099,0.0,0.0,0.0,0.0,4217.986845902967
natgas_Region14Jiangxi_Region14Jiangxi_gasdriccs_transforms,6780.8727912658105,0.0,0.0,0.0,0.0,0.0,0.0,6780.8727912658105
steelscrap_source_Region14Jiangxi_Region14Jiangxi_gasdriccs_transforms,-1555.300081935513,0.0,0.0,0.0,0.0,0.0,0.0,-1555.300081935513
Region14Jiangxi_gasdriccs_transforms_dri_Region14Jiangxi,0.0,3633.937219289352,995.3920524387252,0.0,0.0,0.0,0.0,4629.329271728077
natgas_Region15Shandong_Region15Shandong_gasdriccs_transforms,6327.273245172253,0.0,0.0,0.0,0.0,0.0,0.0,6327.273245172253
steelscrap_source_Region15Shandong_Region15Shandong_gasdriccs_transforms,-1440.9358715059377,0.0,0.0,0.0,0.0,0.0,0.0,-1440.9358715059377
Region15Shandong_gasdriccs_transforms_dri_Region15Shandong,0.0,3338.9472254423727,922.1989577638029,0.0,0.0,0.0,0.0,4261.146183206176
natgas_Region16Henan_Region16Henan_gasdriccs_transforms,6342.65602980446,0.0,0.0,0.0,0.0,0.0,0.0,6342.65602980446
steelscrap_source_Region16Henan_Region16Henan_gasdriccs_transforms,-1428.4703829448658,0.0,0.0,0.0,0.0,0.0,0.0,-1428.4703829448658
Region16Henan_gasdriccs_transforms_dri_Region16Henan,0.0,3306.7938587708095,914.2210450847151,0.0,0.0,0.0,0.0,4221.014903855525
natgas_Region17Hubei_Region17Hubei_gasdriccs_transforms,6187.538279782966,0.0,0.0,0.0,0.0,0.0,0.0,6187.538279782966
steelscrap_source_Region17Hubei_Region17Hubei_gasdriccs_transforms,-1419.2094572134154,0.0,0.0,0.0,0.0,0.0,0.0,-1419.2094572134154
Region17Hubei_gasdriccs_transforms_dri_Region17Hubei,0.0,3282.9063075828826,908.294052616584,0.0,0.0,0.0,0.0,4191.200360199467
natgas_Region18Hunan_Region18Hunan_gasdriccs_transforms,6522.911119676255,0.0,0.0,0.0,0.0,0.0,0.0,6522.911119676255
steelscrap_source_Region18Hunan_Region18Hunan_gasdriccs_transforms,-1496.1325055320276,0.0,0.0,0.0,0.0,0.0,0.0,-1496.1325055320276
Region18Hunan_gasdriccs_transforms_dri_Region18Hunan,0.0,3481.3209133121964,957.524803540499,0.0,0.0,0.0,0.0,4438.845716852696
natgas_Region19Guangdong_Region19Guangdong_gasdriccs_transforms,6865.695824126157,0.0,0.0,0.0,0.0,0.0,0.0,6865.695824126157
steelscrap_source_Region19Guangdong_Region19Guangdong_gasdriccs_transforms,-1454.19300910056,0.0,0.0,0.0,0.0,0.0,0.0,-1454.19300910056
Region19Guangdong_gasdriccs_transforms_dri_Region19Guangdong,0.0,3373.1425650365177,930.6835258243589,0.0,0.0,0.0,0.0,4303.826090860876
natgas_Region20Guangxi_Region20Guangxi_gasdriccs_transforms,6186.939708671806,0.0,0.0,0.0,0.0,0.0,0.0,6186.939708671806
steelscrap_source_Region20Guangxi_Region20Guangxi_gasdriccs_transforms,-1393.400508142588,0.0,0.0,0.0,0.0,0.0,0.0,-1393.400508142588
Region20Guangxi_gasdriccs_transforms_dri_Region20Guangxi,0.0,3216.3349468186784,891.7763252112594,0.0,0.0,0.0,0.0,4108.111272029938
natgas_Region22Chongqing_Region22Chongqing_gasdriccs_transforms,5156.237008956574,0.0,0.0,0.0,0.0,0.0,0.0,5156.237008956574
steelscrap_source_Region22Chongqing_Region22Chongqing_gasdriccs_transforms,-1340.4442852341726,0.0,0.0,0.0,0.0,0.0,0.0,-1340.4442852341726
Region22Chongqing_gasdriccs_transforms_dri_Region22Chongqing,0.0,3079.740148092808,857.884342549871,0.0,0.0,0.0,0.0,3937.624490642679
natgas_Region23Sichuan_Region23Sichuan_gasdriccs_transforms,6009.965762661956,0.0,0.0,0.0,0.0,0.0,0.0,6009.965762661956
steelscrap_source_Region23Sichuan_Region23Sichuan_gasdriccs_transforms,-1555.1678426794722,0.0,0.0,0.0,0.0,0.0,0.0,-1555.1678426794722
Region23Sichuan_gasdriccs_transforms_dri_Region23Sichuan,0.0,3633.596120112165,995.3074193148632,0.0,0.0,0.0,0.0,4628.903539427029
natgas_Region24Guizhou_Region24Guizhou_gasdriccs_transforms,5686.943801322677,0.0,0.0,0.0,0.0,0.0,0.0,5686.943801322677
steelscrap_source_Region24Guizhou_Region24Guizhou_gasdriccs_transforms,-1435.1230246928997,0.0,0.0,0.0,0.0,0.0,0.0,-1435.1230246928997
Region24Guizhou_gasdriccs_transforms_dri_Region24Guizhou,0.0,3323.9536197643624,918.47873580346,0.0,0.0,0.0,0.0,4242.432355567822
natgas_Region25Yunnan_Region25Yunnan_gasdriccs_transforms,5556.978164915766,0.0,0.0,0.0,0.0,0.0,0.0,5556.978164915766
steelscrap_source_Region25Yunnan_Region25Yunnan_gasdriccs_transforms,-1402.325676285306,0.0,0.0,0.0,0.0,0.0,0.0,-1402.325676285306
Region25Yunnan_gasdriccs_transforms_dri_Region25Yunnan,0.0,3239.3564403044643,897.4884328225979,0.0,0.0,0.0,0.0,4136.844873127062
natgas_Region27Shaanxi_Region27Shaanxi_gasdriccs_transforms,4570.379244128048,0.0,0.0,0.0,0.0,0.0,0.0,4570.379244128048
steelscrap_source_Region27Shaanxi_Region27Shaanxi_gasdriccs_transforms,-1363.75219700723,0.0,0.0,0.0,0.0,0.0,0.0,-1363.75219700723
Region27Shaanxi_gasdriccs_transforms_dri_Region27Shaanxi,0.0,3139.8603600459346,872.80140608463,0.0,0.0,0.0,0.0,4012.6617661305645
natgas_Region28Gansu_Region28Gansu_gasdriccs_transforms,5286.939118376262,0.0,0.0,0.0,0.0,0.0,0.0,5286.939118376262
steelscrap_source_Region28Gansu_Region28Gansu_gasdriccs_transforms,-1511.163336002205,0.0,0.0,0.0,0.0,0.0,0.0,-1511.163336002205
Region28Gansu_gasdriccs_transforms_dri_Region28Gansu,0.0,3520.091302082346,967.1445350414149,0.0,0.0,0.0,0.0,4487.235837123761
natgas_Region29Qinghai_Region29Qinghai_gasdriccs_transforms,4915.747261853425,0.0,0.0,0.0,0.0,0.0,0.0,4915.747261853425
steelscrap_source_Region29Qinghai_Region29Qinghai_gasdriccs_transforms,-1353.2819918062041,0.0,0.0,0.0,0.0,0.0,0.0,-1353.2819918062041
Region29Qinghai_gasdriccs_transforms_dri_Region29Qinghai,0.0,3112.8536105173052,866.1004747559721,0.0,0.0,0.0,0.0,3978.954085273277
natgas_Region30Ningxia_Region30Ningxia_gasdriccs_transforms,4762.219670399322,0.0,0.0,0.0,0.0,0.0,0.0,4762.219670399322
steelscrap_source_Region30Ningxia_Region30Ningxia_gasdriccs_transforms,-1471.955157153597,0.0,0.0,0.0,0.0,0.0,0.0,-1471.955157153597
Region30Ningxia_gasdriccs_transforms_dri_Region30Ningxia,0.0,3418.958086046867,942.0513005783024,0.0,0.0,0.0,0.0,4361.009386625169
natgas_Region31Xinjiang_Region31Xinjiang_gasdriccs_transforms,4182.845278423713,0.0,0.0,0.0,0.0,0.0,0.0,4182.845278423713
steelscrap_source_Region31Xinjiang_Region31Xinjiang_gasdriccs_transforms,-1376.4100973585178,0.0,0.0,0.0,0.0,0.0,0.0,-1376.4100973585178
Region31Xinjiang_gasdriccs_transforms_dri_Region31Xinjiang,0.0,3172.5100329255347,880.9024623094533,0.0,0.0,0.0,0.0,4053.412495234988
steelscrap_source_Region1Beijing_Region1Beijing_h2dri_transforms,-11433.247058272531,0.0,0.0,0.0,0.0,0.0,0.0,-11433.247058272531
Region1Beijing_h2dri_transforms_dri_Region1Beijing,0.0,20957.579238031496,5335.515293860508,0.0,0.0,0.0,0.0,26293.094531892006
steelscrap_source_Region2Tianjin_Region2Tianjin_h2dri_transforms,-5852.797952074729,0.0,0.0,0.0,0.0,0.0,0.0,-5852.797952074729
Region2Tianjin_h2dri_transforms_dri_Region2Tianjin,0.0,10459.431278171642,2731.3057109682004,0.0,0.0,0.0,0.0,13190.736989139841
steelscrap_source_Region3Hebei_Region3Hebei_h2dri_transforms,-33062.566431875675,0.0,0.0,0.0,0.0,0.0,0.0,-33062.566431875675
Region3Hebei_h2dri_transforms_dri_Region3Hebei,0.0,61647.45756640984,15429.197668208692,0.0,0.0,0.0,0.0,77076.65523461853
steelscrap_source_Region4Shanxi_Region4Shanxi_h2dri_transforms,-4126.814573148179,0.0,0.0,0.0,0.0,0.0,0.0,-4126.814573148179
Region4Shanxi_h2dri_transforms_dri_Region4Shanxi,0.0,7212.447289694255,1925.84680080249,0.0,0.0,0.0,0.0,9138.294090496745
steelscrap_source_Region5Innermongolia_Region5Innermongolia_h2dri_transforms,-15606.225816594373,0.0,0.0,0.0,0.0,0.0,0.0,-15606.225816594373
Region5Innermongolia_h2dri_transforms_dri_Region5Innermongolia,0.0,28807.941752284834,7282.905381077378,0.0,0.0,0.0,0.0,36090.847133362215
steelscrap_source_Region6Liaoning_Region6Liaoning_h2dri_transforms,-4330.999761671612,0.0,0.0,0.0,0.0,0.0,0.0,-4330.999761671612
Region6Liaoning_h2dri_transforms_dri_Region6Liaoning,0.0,7596.5680462313785,2021.1332221134205,0.0,0.0,0.0,0.0,9617.7012683448
steelscrap_source_Region7Jilin_Region7Jilin_h2dri_transforms,-6827.560879934382,0.0,0.0,0.0,0.0,0.0,0.0,-6827.560879934382
Region7Jilin_h2dri_transforms_dri_Region7Jilin,0.0,12293.191473649322,3186.195077302712,0.0,0.0,0.0,0.0,15479.386550952033
steelscrap_source_Region8Heilongjiang_Region8Heilongjiang_h2dri_transforms,-4107.986611727839,0.0,0.0,0.0,0.0,0.0,0.0,-4107.986611727839
Region8Heilongjiang_h2dri_transforms_dri_Region8Heilongjiang,0.0,7177.027429975963,1917.0604188063246,0.0,0.0,0.0,0.0,9094.087848782288
steelscrap_source_Region9Shanghai_Region9Shanghai_h2dri_transforms,-5677.936547167435,0.0,0.0,0.0,0.0,0.0,0.0,-5677.936547167435
Region9Shanghai_h2dri_transforms_dri_Region9Shanghai,0.0,10130.47551055743,2649.7037220114803,0.0,0.0,0.0,0.0,12780.17923256891
steelscrap_source_Region10Jiangsu_Region10Jiangsu_h2dri_transforms,-35796.121623347186,0.0,0.0,0.0,0.0,0.0,0.0,-35796.121623347186
Region10Jiangsu_h2dri_transforms_dri_Region10Jiangsu,0.0,66789.92304497754,16704.85675756197,0.0,0.0,0.0,0.0,83494.7798025395
steelscrap_source_Region11Zhejiang_Region11Zhejiang_h2dri_transforms,-8051.346419066382,0.0,0.0,0.0,0.0,0.0,0.0,-8051.346419066382
Region11Zhejiang_h2dri_transforms_dri_Region11Zhejiang,0.0,14595.422245178752,3757.2949955643176,0.0,0.0,0.0,0.0,18352.71724074307
steelscrap_source_Region12Anhui_Region12Anhui_h2dri_transforms,-43376.1690863671,0.0,0.0,0.0,0.0,0.0,0.0,-43376.1690863671
Region12Anhui_h2dri_transforms_dri_Region12Anhui,0.0,81049.78964497679,20242.21224030459,0.0,0.0,0.0,0.0,101292.00188528138
steelscrap_source_Region13Fujian_Region13Fujian_h2dri_transforms,-6850.638797205094,0.0,0.0,0.0,0.0,0.0,0.0,-6850.638797205094
Region13Fujian_h2dri_transforms_dri_Region13Fujian,0.0,12336.606510686208,3196.964772029048,0.0,0.0,0.0,0.0,15533.571282715257
steelscrap_source_Region14Jiangxi_Region14Jiangxi_h2dri_transforms,-1517.3835234134767,0.0,0.0,0.0,0.0,0.0,0.0,-1517.3835234134767
Region14Jiangxi_h2dri_transforms_dri_Region14Jiangxi,0.0,2303.4887586047116,708.1123109262886,0.0,0.0,0.0,0.0,3011.601069531
steelscrap_source_Region15Shandong_Region15Shandong_h2dri_transforms,-32679.838922941926,0.0,0.0,0.0,0.0,0.0,0.0,-32679.838922941926
Region15Shandong_h2dri_transforms_dri_Region15Shandong,0.0,60927.456370760454,15250.591497372923,0.0,0.0,0.0,0.0,76178.04786813338
steelscrap_source_Region16Henan_Region16Henan_h2dri_transforms,-29961.676696881965,0.0,0.0,0.0,0.0,0.0,0.0,-29961.676696881965
Region16Henan_h2dri_transforms_dri_Region16Henan,0.0,55813.94871710713,13982.115791878232,0.0,0.0,0.0,0.0,69796.06450898536
steelscrap_source_Region17Hubei_Region17Hubei_h2dri_transforms,-24844.47643489271,0.0,0.0,0.0,0.0,0.0,0.0,-24844.47643489271
Region17Hubei_h2dri_transforms_dri_Region17Hubei,0.0,46187.28167084213,11594.089002949908,0.0,0.0,0.0,0.0,57781.37067379204
steelscrap_source_Region18Hunan_Region18Hunan_h2dri_transforms,-1379.0208096279414,0.0,0.0,0.0,0.0,0.0,0.0,-1379.0208096279414
Region18Hunan_h2dri_transforms_dri_Region18Hunan,0.0,2043.1956799063173,643.5430444930395,0.0,0.0,0.0,0.0,2686.7387243993567
steelscrap_source_Region19Guangdong_Region19Guangdong_h2dri_transforms,-21899.447569962787,0.0,0.0,0.0,0.0,0.0,0.0,-21899.447569962787
Region19Guangdong_h2dri_transforms_dri_Region19Guangdong,0.0,40646.98406740427,10219.742199315948,0.0,0.0,0.0,0.0,50866.726266720216
steelscrap_source_Region20Guangxi_Region20Guangxi_h2dri_transforms,-12877.36821379931,0.0,0.0,0.0,0.0,0.0,0.0,-12877.36821379931
Region20Guangxi_h2dri_transforms_dri_Region20Guangxi,0.0,23674.313556289904,6009.43849977301,0.0,0.0,0.0,0.0,29683.752056062913
steelscrap_source_Region22Chongqing_Region22Chongqing_h2dri_transforms,-11809.225716642995,0.0,0.0,0.0,0.0,0.0,0.0,-11809.225716642995
Region22Chongqing_h2dri_transforms_dri_Region22Chongqing,0.0,21664.884247482853,5510.97200110006,0.0,0.0,0.0,0.0,27175.856248582913
steelscrap_source_Region23Sichuan_Region23Sichuan_h2dri_transforms,-1417.1582805773103,0.0,0.0,0.0,0.0,0.0,0.0,-1417.1582805773103
Region23Sichuan_h2dri_transforms_dri_Region23Sichuan,0.0,2114.941310207457,661.3405309360758,0.0,0.0,0.0,0.0,2776.281841143533
steelscrap_source_Region24Guizhou_Region24Guizhou_h2dri_transforms,-1143.0686249399105,0.0,0.0,0.0,0.0,0.0,0.0,-1143.0686249399105
Region24Guizhou_h2dri_transforms_dri_Region24Guizhou,0.0,1599.3136774302513,533.4320249719581,0.0,0.0,0.0,0.0,2132.7457024022096
steelscrap_source_Region25Yunnan_Region25Yunnan_h2dri_transforms,-18189.74548831206,0.0,0.0,0.0,0.0,0.0,0.0,-18189.74548831206
Region25Yunnan_h2dri_transforms_dri_Region25Yunnan,0.0,33668.15483814828,8488.547894545629,0.0,0.0,0.0,0.0,42156.702732693906
steelscrap_source_Region27Shaanxi_Region27Shaanxi_h2dri_transforms,-21489.683042951037,0.0,0.0,0.0,0.0,0.0,0.0,-21489.683042951037
Region27Shaanxi_h2dri_transforms_dri_Region27Shaanxi,0.0,39876.11983818315,10028.518753377166,0.0,0.0,0.0,0.0,49904.63859156032
steelscrap_source_Region28Gansu_Region28Gansu_h2dri_transforms,-6610.246323732512,0.0,0.0,0.0,0.0,0.0,0.0,-6610.246323732512
Region28Gansu_h2dri_transforms_dri_Region28Gansu,0.0,11884.371265298183,3084.7816177418417,0.0,0.0,0.0,0.0,14969.152883040024
steelscrap_source_Region29Qinghai_Region29Qinghai_h2dri_transforms,-8315.47126506811,0.0,0.0,0.0,0.0,0.0,0.0,-8315.47126506811
Region29Qinghai_h2dri_transforms_dri_Region29Qinghai,0.0,15092.303709117487,3880.5532570317846,0.0,0.0,0.0,0.0,18972.856966149273
steelscrap_source_Region30Ningxia_Region30Ningxia_h2dri_transforms,-2220.3406806512485,0.0,0.0,0.0,0.0,0.0,0.0,-2220.3406806512485
Region30Ningxia_h2dri_transforms_dri_Region30Ningxia,0.0,3625.9178473453935,1036.1589843039176,0.0,0.0,0.0,0.0,4662.076831649311
steelscrap_source_Region31Xinjiang_Region31Xinjiang_h2dri_transforms,-3266.050438811906,0.0,0.0,0.0,0.0,0.0,0.0,-3266.050438811906
Region31Xinjiang_h2dri_transforms_dri_Region31Xinjiang,0.0,5593.1458581020515,1524.1568714455566,0.0,0.0,0.0,0.0,7117.302729547608
Region1Beijing_methanol_coal_transforms_methanol_Region1Beijing,0.0,1.1074988137278117e7,2.932837095866197e7,0.0,0.0,0.0,0.0,4.040335909594008e7
coal_Region1Beijing_Region1Beijing_methanol_coal_transforms,2.8332075232880216e7,0.0,0.0,0.0,0.0,0.0,0.0,2.8332075232880216e7
Region2Tianjin_methanol_coal_transforms_methanol_Region2Tianjin,0.0,1.3726472717834236e6,3.557565158366368e7,0.0,0.0,0.0,0.0,3.6948298855447106e7
coal_Region2Tianjin_Region2Tianjin_methanol_coal_transforms,7.67771986058127e7,0.0,0.0,0.0,0.0,0.0,0.0,7.67771986058127e7
Region3Hebei_methanol_coal_transforms_methanol_Region3Hebei,0.0,443031.7353203597,1.4763618103998566e8,0.0,0.0,0.0,0.0,1.4807921277530602e8
coal_Region3Hebei_Region3Hebei_methanol_coal_transforms,9.602379145905524e8,0.0,0.0,0.0,0.0,0.0,0.0,9.602379145905524e8
Region4Shanxi_methanol_coal_transforms_methanol_Region4Shanxi,0.0,1.2248288940240915e8,3.57208071074069e8,0.0,0.0,0.0,0.0,4.7969096047647816e8
coal_Region4Shanxi_Region4Shanxi_methanol_coal_transforms,2.207903804941331e9,0.0,0.0,0.0,0.0,0.0,0.0,2.207903804941331e9
Region5Innermongolia_methanol_coal_transforms_methanol_Region5Innermongolia,0.0,951743.709696033,1.1006935140966113e9,0.0,0.0,0.0,0.0,1.1016452578063073e9
coal_Region5Innermongolia_Region5Innermongolia_methanol_coal_transforms,4.4024958827318e9,0.0,0.0,0.0,0.0,0.0,0.0,4.4024958827318e9
Region6Liaoning_methanol_coal_transforms_methanol_Region6Liaoning,0.0,8.604129165684292e6,2.9905367598554555e7,0.0,0.0,0.0,0.0,3.850949676423885e7
coal_Region6Liaoning_Region6Liaoning_methanol_coal_transforms,4.1166773713981524e7,0.0,0.0,0.0,0.0,0.0,0.0,4.1166773713981524e7
Region7Jilin_methanol_coal_transforms_methanol_Region7Jilin,0.0,9.358883628881115e6,2.873593223441886e7,0.0,0.0,0.0,0.0,3.809481586329998e7
coal_Region7Jilin_Region7Jilin_methanol_coal_transforms,2.8190501399050202e7,0.0,0.0,0.0,0.0,0.0,0.0,2.8190501399050202e7
Region8Heilongjiang_methanol_coal_transforms_methanol_Region8Heilongjiang,0.0,1.3995942704241471e6,4.070609212571645e7,0.0,0.0,0.0,0.0,4.21056863961406e7
coal_Region8Heilongjiang_Region8Heilongjiang_methanol_coal_transforms,1.6626767407437286e8,0.0,0.0,0.0,0.0,0.0,0.0,1.6626767407437286e8
Region9Shanghai_methanol_coal_transforms_methanol_Region9Shanghai,0.0,185955.3956835091,6.976343377403377e7,0.0,0.0,0.0,0.0,6.994938916971728e7
coal_Region9Shanghai_Region9Shanghai_methanol_coal_transforms,3.278885223558656e8,0.0,0.0,0.0,0.0,0.0,0.0,3.278885223558656e8
Region10Jiangsu_methanol_coal_transforms_methanol_Region10Jiangsu,0.0,1.6883655151760182e6,1.1871590983829474e8,0.0,0.0,0.0,0.0,1.2040427535347076e8
coal_Region10Jiangsu_Region10Jiangsu_methanol_coal_transforms,1.0081335018318546e9,0.0,0.0,0.0,0.0,0.0,0.0,1.0081335018318546e9
Region11Zhejiang_methanol_coal_transforms_methanol_Region11Zhejiang,0.0,8.611987707971642e6,2.9617378935541384e7,0.0,0.0,0.0,0.0,3.8229366643513024e7
coal_Region11Zhejiang_Region11Zhejiang_methanol_coal_transforms,3.930563346190788e7,0.0,0.0,0.0,0.0,0.0,0.0,3.930563346190788e7
Region12Anhui_methanol_coal_transforms_methanol_Region12Anhui,0.0,361753.2085394974,2.0256174413899636e8,0.0,0.0,0.0,0.0,2.0292349734753585e8
coal_Region12Anhui_Region12Anhui_methanol_coal_transforms,1.804069496179414e9,0.0,0.0,0.0,0.0,0.0,0.0,1.804069496179414e9
Region13Fujian_methanol_coal_transforms_methanol_Region13Fujian,0.0,8.551503748414144e6,3.034017747383407e7,0.0,0.0,0.0,0.0,3.889168122224821e7
coal_Region13Fujian_Region13Fujian_methanol_coal_transforms,4.991218712353513e7,0.0,0.0,0.0,0.0,0.0,0.0,4.991218712353513e7
Region14Jiangxi_methanol_coal_transforms_methanol_Region14Jiangxi,0.0,1.0354153925906783e7,2.812085719928659e7,0.0,0.0,0.0,0.0,3.847501112519337e7
coal_Region14Jiangxi_Region14Jiangxi_methanol_coal_transforms,2.8743960484089043e7,0.0,0.0,0.0,0.0,0.0,0.0,2.8743960484089043e7
Region15Shandong_methanol_coal_transforms_methanol_Region15Shandong,0.0,693449.5050411163,5.50970349467813e8,0.0,0.0,0.0,0.0,5.516637989728541e8
coal_Region15Shandong_Region15Shandong_methanol_coal_transforms,5.075713668911792e9,0.0,0.0,0.0,0.0,0.0,0.0,5.075713668911792e9
Region16Henan_methanol_coal_transforms_methanol_Region16Henan,0.0,341800.97996091354,3.247729226751954e8,0.0,0.0,0.0,0.0,3.251147236551563e8
coal_Region16Henan_Region16Henan_methanol_coal_transforms,2.931303550079573e9,0.0,0.0,0.0,0.0,0.0,0.0,2.931303550079573e9
Region17Hubei_methanol_coal_transforms_methanol_Region17Hubei,0.0,8.985542362778123e6,2.929774869903613e7,0.0,0.0,0.0,0.0,3.828329106181425e7
coal_Region17Hubei_Region17Hubei_methanol_coal_transforms,4.460913902221139e7,0.0,0.0,0.0,0.0,0.0,0.0,4.460913902221139e7
Region18Hunan_methanol_coal_transforms_methanol_Region18Hunan,0.0,1.056809893124754e7,2.814179825437257e7,0.0,0.0,0.0,0.0,3.8709897185620114e7
coal_Region18Hunan_Region18Hunan_methanol_coal_transforms,2.9091660392746657e7,0.0,0.0,0.0,0.0,0.0,0.0,2.9091660392746657e7
Region19Guangdong_methanol_coal_transforms_methanol_Region19Guangdong,0.0,9.838145918409666e6,2.8507518094340242e7,0.0,0.0,0.0,0.0,3.834566401274991e7
coal_Region19Guangdong_Region19Guangdong_methanol_coal_transforms,2.8007302995589096e7,0.0,0.0,0.0,0.0,0.0,0.0,2.8007302995589096e7
Region20Guangxi_methanol_coal_transforms_methanol_Region20Guangxi,0.0,6.86779931391602e6,3.0056172447094087e7,0.0,0.0,0.0,0.0,3.692397176101011e7
coal_Region20Guangxi_Region20Guangxi_methanol_coal_transforms,5.471821602879489e7,0.0,0.0,0.0,0.0,0.0,0.0,5.471821602879489e7
Region21Hainan_methanol_coal_transforms_methanol_Region21Hainan,0.0,1.255570177171465e7,4.45186370676159e7,0.0,0.0,0.0,0.0,5.707433883933055e7
coal_Region21Hainan_Region21Hainan_methanol_coal_transforms,2.2738186845301902e8,0.0,0.0,0.0,0.0,0.0,0.0,2.2738186845301902e8
Region22Chongqing_methanol_coal_transforms_methanol_Region22Chongqing,0.0,7.986058979252569e6,3.734574634630664e7,0.0,0.0,0.0,0.0,4.533180532555921e7
coal_Region22Chongqing_Region22Chongqing_methanol_coal_transforms,1.8073105200966635e8,0.0,0.0,0.0,0.0,0.0,0.0,1.8073105200966635e8
Region23Sichuan_methanol_coal_transforms_methanol_Region23Sichuan,0.0,1.2606281130863575e7,3.2920479271603953e7,0.0,0.0,0.0,0.0,4.552676040246753e7
coal_Region23Sichuan_Region23Sichuan_methanol_coal_transforms,1.1047738016071685e8,0.0,0.0,0.0,0.0,0.0,0.0,1.1047738016071685e8
Region24Guizhou_methanol_coal_transforms_methanol_Region24Guizhou,0.0,303961.3296678783,6.32368979215622e7,0.0,0.0,0.0,0.0,6.354085925123008e7
coal_Region24Guizhou_Region24Guizhou_methanol_coal_transforms,3.414425345645004e7,0.0,0.0,0.0,0.0,0.0,0.0,3.414425345645004e7
Region25Yunnan_methanol_coal_transforms_methanol_Region25Yunnan,0.0,1.5842839717938928e6,8.486815929087128e7,0.0,0.0,0.0,0.0,8.645244326266517e7
coal_Region25Yunnan_Region25Yunnan_methanol_coal_transforms,5.0841568695444137e8,0.0,0.0,0.0,0.0,0.0,0.0,5.0841568695444137e8
Region26Tibet_methanol_coal_transforms_methanol_Region26Tibet,0.0,1.0985535496177271e7,2.9201926330092825e7,0.0,0.0,0.0,0.0,4.0187461826270096e7
coal_Region26Tibet_Region26Tibet_methanol_coal_transforms,2.6868011090446386e7,0.0,0.0,0.0,0.0,0.0,0.0,2.6868011090446386e7
Region27Shaanxi_methanol_coal_transforms_methanol_Region27Shaanxi,0.0,2.227115641169419e6,8.489291665889982e8,0.0,0.0,0.0,0.0,8.511562822301676e8
coal_Region27Shaanxi_Region27Shaanxi_methanol_coal_transforms,5.877504758424409e9,0.0,0.0,0.0,0.0,0.0,0.0,5.877504758424409e9
Region28Gansu_methanol_coal_transforms_methanol_Region28Gansu,0.0,1.0028063342946067e7,2.873965516864556e7,0.0,0.0,0.0,0.0,3.876771851159163e7
coal_Region28Gansu_Region28Gansu_methanol_coal_transforms,2.702717867389004e7,0.0,0.0,0.0,0.0,0.0,0.0,2.702717867389004e7
Region29Qinghai_methanol_coal_transforms_methanol_Region29Qinghai,0.0,3.9029429652881003e6,5.0878439726614185e7,0.0,0.0,0.0,0.0,5.478138269190229e7
coal_Region29Qinghai_Region29Qinghai_methanol_coal_transforms,2.861863656113029e8,0.0,0.0,0.0,0.0,0.0,0.0,2.861863656113029e8
Region30Ningxia_methanol_coal_transforms_methanol_Region30Ningxia,0.0,363855.6484579618,3.3855504318147516e8,0.0,0.0,0.0,0.0,3.389188988299331e8
coal_Region30Ningxia_Region30Ningxia_methanol_coal_transforms,2.0074721620817769e9,0.0,0.0,0.0,0.0,0.0,0.0,2.0074721620817769e9
Region31Xinjiang_methanol_coal_transforms_methanol_Region31Xinjiang,0.0,629878.0923307412,1.9042813859632584e8,0.0,0.0,0.0,0.0,1.910580166886566e8
coal_Region31Xinjiang_Region31Xinjiang_methanol_coal_transforms,6.630439590726731e8,0.0,0.0,0.0,0.0,0.0,0.0,6.630439590726731e8
Region1Beijing_methanol_coal_ccs_transforms_methanol_Region1Beijing,0.0,8.17196216709932e6,3.1787749983499896e7,0.0,0.0,0.0,0.0,3.995971215059922e7
coal_Region1Beijing_Region1Beijing_methanol_coal_ccs_transforms,3.0252413577701017e7,0.0,0.0,0.0,0.0,0.0,0.0,3.0252413577701017e7
Region2Tianjin_methanol_coal_ccs_transforms_methanol_Region2Tianjin,0.0,3.132624000585749e6,3.511410683241382e7,0.0,0.0,0.0,0.0,3.824673083299957e7
coal_Region2Tianjin_Region2Tianjin_methanol_coal_ccs_transforms,5.49453168287609e7,0.0,0.0,0.0,0.0,0.0,0.0,5.49453168287609e7
Region3Hebei_methanol_coal_ccs_transforms_methanol_Region3Hebei,0.0,394600.23332980217,5.328717408556429e7,0.0,0.0,0.0,0.0,5.3681774318894096e7
coal_Region3Hebei_Region3Hebei_methanol_coal_ccs_transforms,8.358464917076278e7,0.0,0.0,0.0,0.0,0.0,0.0,8.358464917076278e7
Region4Shanxi_methanol_coal_ccs_transforms_methanol_Region4Shanxi,0.0,2.972949818961524e7,4.500619250641593e7,0.0,0.0,0.0,0.0,7.473569069603117e7
coal_Region4Shanxi_Region4Shanxi_methanol_coal_ccs_transforms,9.391394705507977e7,0.0,0.0,0.0,0.0,0.0,0.0,9.391394705507977e7
Region5Innermongolia_methanol_coal_ccs_transforms_methanol_Region5Innermongolia,0.0,368367.6803502225,5.982580324314886e7,0.0,0.0,0.0,0.0,6.0194170923499085e7
coal_Region5Innermongolia_Region5Innermongolia_methanol_coal_ccs_transforms,5.5732622082705624e7,0.0,0.0,0.0,0.0,0.0,0.0,5.5732622082705624e7
Region6Liaoning_methanol_coal_ccs_transforms_methanol_Region6Liaoning,0.0,4.720380054857926e6,3.3127780261919655e7,0.0,0.0,0.0,0.0,3.784816031677758e7
coal_Region6Liaoning_Region6Liaoning_methanol_coal_ccs_transforms,4.066824943865582e7,0.0,0.0,0.0,0.0,0.0,0.0,4.066824943865582e7
Region7Jilin_methanol_coal_ccs_transforms_methanol_Region7Jilin,0.0,6.962390532369249e6,3.1659372215544097e7,0.0,0.0,0.0,0.0,3.8621762747913346e7
coal_Region7Jilin_Region7Jilin_methanol_coal_ccs_transforms,3.219230032754676e7,0.0,0.0,0.0,0.0,0.0,0.0,3.219230032754676e7
Region8Heilongjiang_methanol_coal_ccs_transforms_methanol_Region8Heilongjiang,0.0,1.0239169365230143e6,4.0182222041945554e7,0.0,0.0,0.0,0.0,4.120613897846857e7
coal_Region8Heilongjiang_Region8Heilongjiang_methanol_coal_ccs_transforms,6.71838974523142e7,0.0,0.0,0.0,0.0,0.0,0.0,6.71838974523142e7
Region9Shanghai_methanol_coal_ccs_transforms_methanol_Region9Shanghai,0.0,8.198350541887313e6,4.353636714975786e7,0.0,0.0,0.0,0.0,5.1734717691645175e7
coal_Region9Shanghai_Region9Shanghai_methanol_coal_ccs_transforms,1.6673185374446604e8,0.0,0.0,0.0,0.0,0.0,0.0,1.6673185374446604e8
Region10Jiangsu_methanol_coal_ccs_transforms_methanol_Region10Jiangsu,0.0,597278.9224379039,4.621718588681786e7,0.0,0.0,0.0,0.0,4.6814464809255764e7
coal_Region10Jiangsu_Region10Jiangsu_methanol_coal_ccs_transforms,1.075767750652703e8,0.0,0.0,0.0,0.0,0.0,0.0,1.075767750652703e8
Region11Zhejiang_methanol_coal_ccs_transforms_methanol_Region11Zhejiang,0.0,9.213207485980932e6,3.401572654408485e7,0.0,0.0,0.0,0.0,4.3228934030065775e7
coal_Region11Zhejiang_Region11Zhejiang_methanol_coal_ccs_transforms,5.713814334917327e7,0.0,0.0,0.0,0.0,0.0,0.0,5.713814334917327e7
Region12Anhui_methanol_coal_ccs_transforms_methanol_Region12Anhui,0.0,815984.7189174657,4.2385180994351745e7,0.0,0.0,0.0,0.0,4.320116571326921e7
coal_Region12Anhui_Region12Anhui_methanol_coal_ccs_transforms,9.649488126959132e7,0.0,0.0,0.0,0.0,0.0,0.0,9.649488126959132e7
Region13Fujian_methanol_coal_ccs_transforms_methanol_Region13Fujian,0.0,8.410204371774672e6,3.517571449680683e7,0.0,0.0,0.0,0.0,4.35859188685815e7
coal_Region13Fujian_Region13Fujian_methanol_coal_ccs_transforms,7.077499524584979e7,0.0,0.0,0.0,0.0,0.0,0.0,7.077499524584979e7
Region14Jiangxi_methanol_coal_ccs_transforms_methanol_Region14Jiangxi,0.0,1.0103298457495188e7,2.8747946299439352e7,0.0,0.0,0.0,0.0,3.885124475693454e7
coal_Region14Jiangxi_Region14Jiangxi_methanol_coal_ccs_transforms,1.29844778515617e7,0.0,0.0,0.0,0.0,0.0,0.0,1.29844778515617e7
Region15Shandong_methanol_coal_ccs_transforms_methanol_Region15Shandong,0.0,281068.34931496775,6.366805161282686e7,0.0,0.0,0.0,0.0,6.394911996214183e7
coal_Region15Shandong_Region15Shandong_methanol_coal_ccs_transforms,1.2561437670409463e8,0.0,0.0,0.0,0.0,0.0,0.0,1.2561437670409463e8
Region16Henan_methanol_coal_ccs_transforms_methanol_Region16Henan,0.0,685597.2666631193,4.497639343319785e7,0.0,0.0,0.0,0.0,4.566199069986097e7
coal_Region16Henan_Region16Henan_methanol_coal_ccs_transforms,1.0038012117608206e8,0.0,0.0,0.0,0.0,0.0,0.0,1.0038012117608206e8
Region17Hubei_methanol_coal_ccs_transforms_methanol_Region17Hubei,0.0,6.751677141190399e6,3.204887401526009e7,0.0,0.0,0.0,0.0,3.880055115645049e7
coal_Region17Hubei_Region17Hubei_methanol_coal_ccs_transforms,4.4553373844162494e7,0.0,0.0,0.0,0.0,0.0,0.0,4.4553373844162494e7
Region18Hunan_methanol_coal_ccs_transforms_methanol_Region18Hunan,0.0,1.1788204194271041e7,2.984215010827422e7,0.0,0.0,0.0,0.0,4.1630354302545264e7
coal_Region18Hunan_Region18Hunan_methanol_coal_ccs_transforms,2.9748090658032596e7,0.0,0.0,0.0,0.0,0.0,0.0,2.9748090658032596e7
Region19Guangdong_methanol_coal_ccs_transforms_methanol_Region19Guangdong,0.0,1.1226959149783459e7,3.224488346805473e7,0.0,0.0,0.0,0.0,4.347184261783819e7
coal_Region19Guangdong_Region19Guangdong_methanol_coal_ccs_transforms,4.1721916998621754e7,0.0,0.0,0.0,0.0,0.0,0.0,4.1721916998621754e7
Region20Guangxi_methanol_coal_ccs_transforms_methanol_Region20Guangxi,0.0,5.841465142045322e6,3.24152421307886e7,0.0,0.0,0.0,0.0,3.825670727283392e7
coal_Region20Guangxi_Region20Guangxi_methanol_coal_ccs_transforms,4.9515013674399756e7,0.0,0.0,0.0,0.0,0.0,0.0,4.9515013674399756e7
Region21Hainan_methanol_coal_ccs_transforms_methanol_Region21Hainan,0.0,5.278693389762963e6,4.904097460229824e7,0.0,0.0,0.0,0.0,5.43196679920612e7
coal_Region21Hainan_Region21Hainan_methanol_coal_ccs_transforms,1.9471638224135622e8,0.0,0.0,0.0,0.0,0.0,0.0,1.9471638224135622e8
Region22Chongqing_methanol_coal_ccs_transforms_methanol_Region22Chongqing,0.0,2.424490063571413e6,3.602054370122123e7,0.0,0.0,0.0,0.0,3.844503376479264e7
coal_Region22Chongqing_Region22Chongqing_methanol_coal_ccs_transforms,7.198345286461885e7,0.0,0.0,0.0,0.0,0.0,0.0,7.198345286461885e7
Region23Sichuan_methanol_coal_ccs_transforms_methanol_Region23Sichuan,0.0,1.0042414444072787e7,3.014034355750742e7,0.0,0.0,0.0,0.0,4.018275800158021e7
coal_Region23Sichuan_Region23Sichuan_methanol_coal_ccs_transforms,4.146498680760697e7,0.0,0.0,0.0,0.0,0.0,0.0,4.146498680760697e7
Region24Guizhou_methanol_coal_ccs_transforms_methanol_Region24Guizhou,0.0,9.697826603996726e6,2.9387520103256326e7,0.0,0.0,0.0,0.0,3.9085346707253054e7
coal_Region24Guizhou_Region24Guizhou_methanol_coal_ccs_transforms,1.2578810493950997e7,0.0,0.0,0.0,0.0,0.0,0.0,1.2578810493950997e7
Region25Yunnan_methanol_coal_ccs_transforms_methanol_Region25Yunnan,0.0,556458.2613600148,4.809195026274328e7,0.0,0.0,0.0,0.0,4.864840852410329e7
coal_Region25Yunnan_Region25Yunnan_methanol_coal_ccs_transforms,7.264758067500924e7,0.0,0.0,0.0,0.0,0.0,0.0,7.264758067500924e7
Region26Tibet_methanol_coal_ccs_transforms_methanol_Region26Tibet,0.0,1.0225461407859132e7,3.2813921890985023e7,0.0,0.0,0.0,0.0,4.303938329884416e7
coal_Region26Tibet_Region26Tibet_methanol_coal_ccs_transforms,4.040362306432043e7,0.0,0.0,0.0,0.0,0.0,0.0,4.040362306432043e7
Region27Shaanxi_methanol_coal_ccs_transforms_methanol_Region27Shaanxi,0.0,359155.5348799448,5.687005939701605e7,0.0,0.0,0.0,0.0,5.722921493189599e7
coal_Region27Shaanxi_Region27Shaanxi_methanol_coal_ccs_transforms,1.0307581824814123e8,0.0,0.0,0.0,0.0,0.0,0.0,1.0307581824814123e8
Region28Gansu_methanol_coal_ccs_transforms_methanol_Region28Gansu,0.0,9.735479088827927e6,2.9374374991248645e7,0.0,0.0,0.0,0.0,3.9109854080076575e7
coal_Region28Gansu_Region28Gansu_methanol_coal_ccs_transforms,1.2853627188597832e7,0.0,0.0,0.0,0.0,0.0,0.0,1.2853627188597832e7
Region29Qinghai_methanol_coal_ccs_transforms_methanol_Region29Qinghai,0.0,1.0857465026980171e7,4.948458842017328e7,0.0,0.0,0.0,0.0,6.034205344715345e7
coal_Region29Qinghai_Region29Qinghai_methanol_coal_ccs_transforms,1.9409883956128925e8,0.0,0.0,0.0,0.0,0.0,0.0,1.9409883956128925e8
Region30Ningxia_methanol_coal_ccs_transforms_methanol_Region30Ningxia,0.0,1.4118298167179817e7,3.3152318694595933e7,0.0,0.0,0.0,0.0,4.727061686177575e7
coal_Region30Ningxia_Region30Ningxia_methanol_coal_ccs_transforms,4.401222060246466e7,0.0,0.0,0.0,0.0,0.0,0.0,4.401222060246466e7
Region31Xinjiang_methanol_coal_ccs_transforms_methanol_Region31Xinjiang,0.0,1.4976979900260622e7,6.79774409120242e7,0.0,0.0,0.0,0.0,8.295442081228483e7
coal_Region31Xinjiang_Region31Xinjiang_methanol_coal_ccs_transforms,1.569454488531292e8,0.0,0.0,0.0,0.0,0.0,0.0,1.569454488531292e8
Region3Hebei_methanol_cog_transforms_methanol_Region3Hebei,0.0,0.0,8.458654475046365e7,0.0,0.0,0.0,0.0,8.458654475046365e7
cog_Region3Hebei_Region3Hebei_methanol_cog_transforms,5.373296881720208e7,0.0,0.0,0.0,0.0,0.0,0.0,5.373296881720208e7
Region4Shanxi_methanol_cog_transforms_methanol_Region4Shanxi,0.0,0.0,9.392692989457831e7,0.0,0.0,0.0,0.0,9.392692989457831e7
cog_Region4Shanxi_Region4Shanxi_methanol_cog_transforms,5.764547472388604e7,0.0,0.0,0.0,0.0,0.0,0.0,5.764547472388604e7
Region5Innermongolia_methanol_cog_transforms_methanol_Region5Innermongolia,0.0,0.0,6.928549478911524e7,0.0,0.0,0.0,0.0,6.928549478911524e7
cog_Region5Innermongolia_Region5Innermongolia_methanol_cog_transforms,4.87933392386247e7,0.0,0.0,0.0,0.0,0.0,0.0,4.87933392386247e7
Region7Jilin_methanol_cog_transforms_methanol_Region7Jilin,0.0,0.0,3.4386374416222884e6,0.0,0.0,0.0,0.0,3.4386374416222884e6
cog_Region7Jilin_Region7Jilin_methanol_cog_transforms,4.793272223891856e7,0.0,0.0,0.0,0.0,0.0,0.0,4.793272223891856e7
Region8Heilongjiang_methanol_cog_transforms_methanol_Region8Heilongjiang,0.0,0.0,2.6490119613774974e7,0.0,0.0,0.0,0.0,2.6490119613774974e7
cog_Region8Heilongjiang_Region8Heilongjiang_methanol_cog_transforms,5.240254151212493e7,0.0,0.0,0.0,0.0,0.0,0.0,5.240254151212493e7
Region10Jiangsu_methanol_cog_transforms_methanol_Region10Jiangsu,0.0,0.0,4.159194523698548e7,0.0,0.0,0.0,0.0,4.159194523698548e7
cog_Region10Jiangsu_Region10Jiangsu_methanol_cog_transforms,4.9525314738350295e7,0.0,0.0,0.0,0.0,0.0,0.0,4.9525314738350295e7
Region12Anhui_methanol_cog_transforms_methanol_Region12Anhui,0.0,0.0,2.2689674075315177e7,0.0,0.0,0.0,0.0,2.2689674075315177e7
cog_Region12Anhui_Region12Anhui_methanol_cog_transforms,4.933317985006569e7,0.0,0.0,0.0,0.0,0.0,0.0,4.933317985006569e7
Region15Shandong_methanol_cog_transforms_methanol_Region15Shandong,0.0,0.0,6.329537184000486e7,0.0,0.0,0.0,0.0,6.329537184000486e7
cog_Region15Shandong_Region15Shandong_methanol_cog_transforms,4.999395481985582e7,0.0,0.0,0.0,0.0,0.0,0.0,4.999395481985582e7
Region16Henan_methanol_cog_transforms_methanol_Region16Henan,0.0,0.0,1.1087767620838918e7,0.0,0.0,0.0,0.0,1.1087767620838918e7
cog_Region16Henan_Region16Henan_methanol_cog_transforms,5.124726064113143e7,0.0,0.0,0.0,0.0,0.0,0.0,5.124726064113143e7
Region23Sichuan_methanol_cog_transforms_methanol_Region23Sichuan,0.0,0.0,1.7043707521365378e7,0.0,0.0,0.0,0.0,1.7043707521365378e7
cog_Region23Sichuan_Region23Sichuan_methanol_cog_transforms,4.899564448552849e7,0.0,0.0,0.0,0.0,0.0,0.0,4.899564448552849e7
Region25Yunnan_methanol_cog_transforms_methanol_Region25Yunnan,0.0,0.0,4.1537156908997126e7,0.0,0.0,0.0,0.0,4.1537156908997126e7
cog_Region25Yunnan_Region25Yunnan_methanol_cog_transforms,4.910233557460345e7,0.0,0.0,0.0,0.0,0.0,0.0,4.910233557460345e7
Region27Shaanxi_methanol_cog_transforms_methanol_Region27Shaanxi,0.0,0.0,3.386077507029157e7,0.0,0.0,0.0,0.0,3.386077507029157e7
cog_Region27Shaanxi_Region27Shaanxi_methanol_cog_transforms,4.931028227545107e7,0.0,0.0,0.0,0.0,0.0,0.0,4.931028227545107e7
Region30Ningxia_methanol_cog_transforms_methanol_Region30Ningxia,0.0,0.0,1.9994666618969254e7,0.0,0.0,0.0,0.0,1.9994666618969254e7
cog_Region30Ningxia_Region30Ningxia_methanol_cog_transforms,5.0596864032389246e7,0.0,0.0,0.0,0.0,0.0,0.0,5.0596864032389246e7
Region5Innermongolia_methanol_gas_transforms_methanol_Region5Innermongolia,0.0,0.0,7.052432459085324e7,0.0,0.0,0.0,0.0,7.052432459085324e7
natgas_Region5Innermongolia_Region5Innermongolia_methanol_gas_transforms,1.519585941389169e8,0.0,0.0,0.0,0.0,0.0,0.0,1.519585941389169e8
Region8Heilongjiang_methanol_gas_transforms_methanol_Region8Heilongjiang,0.0,0.0,9.525066206680601e6,0.0,0.0,0.0,0.0,9.525066206680601e6
natgas_Region8Heilongjiang_Region8Heilongjiang_methanol_gas_transforms,5.187517865203947e7,0.0,0.0,0.0,0.0,0.0,0.0,5.187517865203947e7
Region15Shandong_methanol_gas_transforms_methanol_Region15Shandong,0.0,0.0,2.873342069573241e6,0.0,0.0,0.0,0.0,2.873342069573241e6
natgas_Region15Shandong_Region15Shandong_methanol_gas_transforms,2.1891539805055812e7,0.0,0.0,0.0,0.0,0.0,0.0,2.1891539805055812e7
Region21Hainan_methanol_gas_transforms_methanol_Region21Hainan,0.0,0.0,6.339476612991699e7,0.0,0.0,0.0,0.0,6.339476612991699e7
natgas_Region21Hainan_Region21Hainan_methanol_gas_transforms,1.6636630394727737e8,0.0,0.0,0.0,0.0,0.0,0.0,1.6636630394727737e8
Region22Chongqing_methanol_gas_transforms_methanol_Region22Chongqing,0.0,0.0,5.945996292143192e7,0.0,0.0,0.0,0.0,5.945996292143192e7
natgas_Region22Chongqing_Region22Chongqing_methanol_gas_transforms,2.983835952971396e8,0.0,0.0,0.0,0.0,0.0,0.0,2.983835952971396e8
Region23Sichuan_methanol_gas_transforms_methanol_Region23Sichuan,0.0,0.0,1.0439124642490788e8,0.0,0.0,0.0,0.0,1.0439124642490788e8
natgas_Region23Sichuan_Region23Sichuan_methanol_gas_transforms,2.4533265733964017e8,0.0,0.0,0.0,0.0,0.0,0.0,2.4533265733964017e8
Region27Shaanxi_methanol_gas_transforms_methanol_Region27Shaanxi,0.0,0.0,6.1622124161558196e7,0.0,0.0,0.0,0.0,6.1622124161558196e7
natgas_Region27Shaanxi_Region27Shaanxi_methanol_gas_transforms,4.9489420354660815e8,0.0,0.0,0.0,0.0,0.0,0.0,4.9489420354660815e8
Region28Gansu_methanol_gas_transforms_methanol_Region28Gansu,0.0,0.0,9.517680449319463e6,0.0,0.0,0.0,0.0,9.517680449319463e6
natgas_Region28Gansu_Region28Gansu_methanol_gas_transforms,2.7618112966187805e7,0.0,0.0,0.0,0.0,0.0,0.0,2.7618112966187805e7
Region29Qinghai_methanol_gas_transforms_methanol_Region29Qinghai,0.0,0.0,8.342660308366151e7,0.0,0.0,0.0,0.0,8.342660308366151e7
natgas_Region29Qinghai_Region29Qinghai_methanol_gas_transforms,2.8323621604743737e8,0.0,0.0,0.0,0.0,0.0,0.0,2.8323621604743737e8
Region31Xinjiang_methanol_gas_transforms_methanol_Region31Xinjiang,0.0,0.0,2.237446750699548e7,0.0,0.0,0.0,0.0,2.237446750699548e7
natgas_Region31Xinjiang_Region31Xinjiang_methanol_gas_transforms,6.486642277020971e7,0.0,0.0,0.0,0.0,0.0,0.0,6.486642277020971e7
Region1Beijing_methanol_gas_ccs_transforms_methanol_Region1Beijing,0.0,9.956318993325477e6,2.8800564310002465e7,0.0,0.0,0.0,0.0,3.875688330332794e7
natgas_Region1Beijing_Region1Beijing_methanol_gas_ccs_transforms,3.940604934419534e7,0.0,0.0,0.0,0.0,0.0,0.0,3.940604934419534e7
Region2Tianjin_methanol_gas_ccs_transforms_methanol_Region2Tianjin,0.0,8.3839465956768375e6,3.094972073523323e7,0.0,0.0,0.0,0.0,3.9333667330910064e7
natgas_Region2Tianjin_Region2Tianjin_methanol_gas_ccs_transforms,7.126152428405099e7,0.0,0.0,0.0,0.0,0.0,0.0,7.126152428405099e7
Region3Hebei_methanol_gas_ccs_transforms_methanol_Region3Hebei,0.0,8.271630471145681e6,3.271438162526107e7,0.0,0.0,0.0,0.0,4.098601209640675e7
natgas_Region3Hebei_Region3Hebei_methanol_gas_ccs_transforms,1.0307454335067233e8,0.0,0.0,0.0,0.0,0.0,0.0,1.0307454335067233e8
Region4Shanxi_methanol_gas_ccs_transforms_methanol_Region4Shanxi,0.0,1.3633222810531726e7,3.214699861614425e7,0.0,0.0,0.0,0.0,4.5780221426675975e7
natgas_Region4Shanxi_Region4Shanxi_methanol_gas_ccs_transforms,1.155560905344402e8,0.0,0.0,0.0,0.0,0.0,0.0,1.155560905344402e8
Region5Innermongolia_methanol_gas_ccs_transforms_methanol_Region5Innermongolia,0.0,8.650577330685824e6,3.304902429386111e7,0.0,0.0,0.0,0.0,4.169960162454693e7
natgas_Region5Innermongolia_Region5Innermongolia_methanol_gas_ccs_transforms,7.785557882087213e7,0.0,0.0,0.0,0.0,0.0,0.0,7.785557882087213e7
Region6Liaoning_methanol_gas_ccs_transforms_methanol_Region6Liaoning,0.0,8.624777486416632e6,2.9781291444285743e7,0.0,0.0,0.0,0.0,3.840606893070237e7
natgas_Region6Liaoning_Region6Liaoning_methanol_gas_ccs_transforms,5.267621892210225e7,0.0,0.0,0.0,0.0,0.0,0.0,5.267621892210225e7
Region7Jilin_methanol_gas_ccs_transforms_methanol_Region7Jilin,0.0,9.856691671637166e6,2.942422308386617e7,0.0,0.0,0.0,0.0,3.928091475550334e7
natgas_Region7Jilin_Region7Jilin_methanol_gas_ccs_transforms,3.931239818653733e7,0.0,0.0,0.0,0.0,0.0,0.0,3.931239818653733e7
Region8Heilongjiang_methanol_gas_ccs_transforms_methanol_Region8Heilongjiang,0.0,6.2176870419007465e6,3.2974724936420303e7,0.0,0.0,0.0,0.0,3.9192411978321046e7
natgas_Region8Heilongjiang_Region8Heilongjiang_methanol_gas_ccs_transforms,9.191130937846023e7,0.0,0.0,0.0,0.0,0.0,0.0,9.191130937846023e7
Region9Shanghai_methanol_gas_ccs_transforms_methanol_Region9Shanghai,0.0,1.0938293690815322e7,3.2805770398726907e7,0.0,0.0,0.0,0.0,4.3744064089542225e7
natgas_Region9Shanghai_Region9Shanghai_methanol_gas_ccs_transforms,1.1873864423843922e8,0.0,0.0,0.0,0.0,0.0,0.0,1.1873864423843922e8
Region10Jiangsu_methanol_gas_ccs_transforms_methanol_Region10Jiangsu,0.0,7.592719730638616e6,3.455550957594938e7,0.0,0.0,0.0,0.0,4.2148229306587994e7
natgas_Region10Jiangsu_Region10Jiangsu_methanol_gas_ccs_transforms,1.5330414951465932e8,0.0,0.0,0.0,0.0,0.0,0.0,1.5330414951465932e8
Region11Zhejiang_methanol_gas_ccs_transforms_methanol_Region11Zhejiang,0.0,1.026232127946043e7,2.9804829708512053e7,0.0,0.0,0.0,0.0,4.006715098797248e7
natgas_Region11Zhejiang_Region11Zhejiang_methanol_gas_ccs_transforms,5.818425362757235e7,0.0,0.0,0.0,0.0,0.0,0.0,5.818425362757235e7
Region12Anhui_methanol_gas_ccs_transforms_methanol_Region12Anhui,0.0,4.356951298484457e6,3.512180014002773e7,0.0,0.0,0.0,0.0,3.947875143851219e7
natgas_Region12Anhui_Region12Anhui_methanol_gas_ccs_transforms,1.543266160373331e8,0.0,0.0,0.0,0.0,0.0,0.0,1.543266160373331e8
Region13Fujian_methanol_gas_ccs_transforms_methanol_Region13Fujian,0.0,1.0166502464187223e7,3.0416691856908865e7,0.0,0.0,0.0,0.0,4.058319432109609e7
natgas_Region13Fujian_Region13Fujian_methanol_gas_ccs_transforms,6.9534935645083e7,0.0,0.0,0.0,0.0,0.0,0.0,6.9534935645083e7
Region14Jiangxi_methanol_gas_ccs_transforms_methanol_Region14Jiangxi,0.0,1.0208130158641163e7,2.745003734671409e7,0.0,0.0,0.0,0.0,3.7658167505355254e7
natgas_Region14Jiangxi_Region14Jiangxi_methanol_gas_ccs_transforms,2.146115874223439e7,0.0,0.0,0.0,0.0,0.0,0.0,2.146115874223439e7
Region15Shandong_methanol_gas_ccs_transforms_methanol_Region15Shandong,0.0,697899.8656856774,4.5158656201336e7,0.0,0.0,0.0,0.0,4.5856556067021675e7
natgas_Region15Shandong_Region15Shandong_methanol_gas_ccs_transforms,2.3778543630928692e8,0.0,0.0,0.0,0.0,0.0,0.0,2.3778543630928692e8
Region16Henan_methanol_gas_ccs_transforms_methanol_Region16Henan,0.0,2.825619847576105e6,3.6585709675505966e7,0.0,0.0,0.0,0.0,3.941132952308207e7
natgas_Region16Henan_Region16Henan_methanol_gas_ccs_transforms,1.6617783164723086e8,0.0,0.0,0.0,0.0,0.0,0.0,1.6617783164723086e8
Region17Hubei_methanol_gas_ccs_transforms_methanol_Region17Hubei,0.0,8.039670653390711e6,2.9981385224758238e7,0.0,0.0,0.0,0.0,3.802105587814895e7
natgas_Region17Hubei_Region17Hubei_methanol_gas_ccs_transforms,5.651861121273052e7,0.0,0.0,0.0,0.0,0.0,0.0,5.651861121273052e7
Region18Hunan_methanol_gas_ccs_transforms_methanol_Region18Hunan,0.0,1.147917444316857e7,2.82989642579956e7,0.0,0.0,0.0,0.0,3.977813870116417e7
natgas_Region18Hunan_Region18Hunan_methanol_gas_ccs_transforms,3.6012986680334024e7,0.0,0.0,0.0,0.0,0.0,0.0,3.6012986680334024e7
Region19Guangdong_methanol_gas_ccs_transforms_methanol_Region19Guangdong,0.0,1.0651378778292388e7,2.8795544960968733e7,0.0,0.0,0.0,0.0,3.944692373926112e7
natgas_Region19Guangdong_Region19Guangdong_methanol_gas_ccs_transforms,4.3844662272587195e7,0.0,0.0,0.0,0.0,0.0,0.0,4.3844662272587195e7
Region20Guangxi_methanol_gas_ccs_transforms_methanol_Region20Guangxi,0.0,7.535188234363844e6,3.0638896923550203e7,0.0,0.0,0.0,0.0,3.817408515791405e7
natgas_Region20Guangxi_Region20Guangxi_methanol_gas_ccs_transforms,6.609104054663504e7,0.0,0.0,0.0,0.0,0.0,0.0,6.609104054663504e7
Region21Hainan_methanol_gas_ccs_transforms_methanol_Region21Hainan,0.0,1.0423631494764373e7,3.612983348353711e7,0.0,0.0,0.0,0.0,4.655346497830148e7
natgas_Region21Hainan_Region21Hainan_methanol_gas_ccs_transforms,1.5072025285390192e8,0.0,0.0,0.0,0.0,0.0,0.0,1.5072025285390192e8
Region22Chongqing_methanol_gas_ccs_transforms_methanol_Region22Chongqing,0.0,2.5768323219944458e6,3.636312329959885e7,0.0,0.0,0.0,0.0,3.89399556215933e7
natgas_Region22Chongqing_Region22Chongqing_methanol_gas_ccs_transforms,1.2941536979741028e8,0.0,0.0,0.0,0.0,0.0,0.0,1.2941536979741028e8
Region23Sichuan_methanol_gas_ccs_transforms_methanol_Region23Sichuan,0.0,9.893228999995545e6,2.9986286351782363e7,0.0,0.0,0.0,0.0,3.987951535177791e7
natgas_Region23Sichuan_Region23Sichuan_methanol_gas_ccs_transforms,7.836549776447947e7,0.0,0.0,0.0,0.0,0.0,0.0,7.836549776447947e7
Region24Guizhou_methanol_gas_ccs_transforms_methanol_Region24Guizhou,0.0,1.0023593831688214e7,2.7924709764607213e7,0.0,0.0,0.0,0.0,3.794830359629543e7
natgas_Region24Guizhou_Region24Guizhou_methanol_gas_ccs_transforms,2.390953512315529e7,0.0,0.0,0.0,0.0,0.0,0.0,2.390953512315529e7
Region25Yunnan_methanol_gas_ccs_transforms_methanol_Region25Yunnan,0.0,8.176765388687116e6,3.376107793671232e7,0.0,0.0,0.0,0.0,4.1937843325399436e7
natgas_Region25Yunnan_Region25Yunnan_methanol_gas_ccs_transforms,1.0272486880773331e8,0.0,0.0,0.0,0.0,0.0,0.0,1.0272486880773331e8
Region26Tibet_methanol_gas_ccs_transforms_methanol_Region26Tibet,0.0,1.063461189458481e7,2.8739598908975955e7,0.0,0.0,0.0,0.0,3.937421080356076e7
natgas_Region26Tibet_Region26Tibet_methanol_gas_ccs_transforms,3.9854815413129255e7,0.0,0.0,0.0,0.0,0.0,0.0,3.9854815413129255e7
Region27Shaanxi_methanol_gas_ccs_transforms_methanol_Region27Shaanxi,0.0,843905.1271777076,4.705473441004344e7,0.0,0.0,0.0,0.0,4.789863953722115e7
natgas_Region27Shaanxi_Region27Shaanxi_methanol_gas_ccs_transforms,2.2706902475321132e8,0.0,0.0,0.0,0.0,0.0,0.0,2.2706902475321132e8
Region28Gansu_methanol_gas_ccs_transforms_methanol_Region28Gansu,0.0,1.0125124240213512e7,2.802569358727649e7,0.0,0.0,0.0,0.0,3.815081782749e7
natgas_Region28Gansu_Region28Gansu_methanol_gas_ccs_transforms,2.1681481140762e7,0.0,0.0,0.0,0.0,0.0,0.0,2.1681481140762e7
Region29Qinghai_methanol_gas_ccs_transforms_methanol_Region29Qinghai,0.0,1.2819088283318184e7,3.959962459000202e7,0.0,0.0,0.0,0.0,5.241871287332021e7
natgas_Region29Qinghai_Region29Qinghai_methanol_gas_ccs_transforms,1.8980992891063195e8,0.0,0.0,0.0,0.0,0.0,0.0,1.8980992891063195e8
Region30Ningxia_methanol_gas_ccs_transforms_methanol_Region30Ningxia,0.0,1.433853413306823e7,3.2057198216200292e7,0.0,0.0,0.0,0.0,4.6395732349268526e7
natgas_Region30Ningxia_Region30Ningxia_methanol_gas_ccs_transforms,8.421740074517843e7,0.0,0.0,0.0,0.0,0.0,0.0,8.421740074517843e7
Region31Xinjiang_methanol_gas_ccs_transforms_methanol_Region31Xinjiang,0.0,1.380156311621816e7,3.526752461411252e7,0.0,0.0,0.0,0.0,4.9069087730330676e7
natgas_Region31Xinjiang_Region31Xinjiang_methanol_gas_ccs_transforms,9.460538244528992e7,0.0,0.0,0.0,0.0,0.0,0.0,9.460538244528992e7
Region1Beijing_methanol_h2_transforms_methanol_Region1Beijing,0.0,1.4923856777876135e7,2.613423034997133e7,0.0,0.0,0.0,0.0,4.105808712784746e7
Region2Tianjin_methanol_h2_transforms_methanol_Region2Tianjin,0.0,1.7866193289200917e7,3.386976346196863e7,0.0,0.0,0.0,0.0,5.173595675116955e7
Region3Hebei_methanol_h2_transforms_methanol_Region3Hebei,0.0,5.155356371822416e7,6.374090123869508e7,0.0,0.0,0.0,0.0,1.1529446495691924e8
Region4Shanxi_methanol_h2_transforms_methanol_Region4Shanxi,0.0,787273.479779891,1.6084660569103867e8,0.0,0.0,0.0,0.0,1.6163387917081857e8
Region5Innermongolia_methanol_h2_transforms_methanol_Region5Innermongolia,0.0,3.524081395063681e7,5.474079309517272e7,0.0,0.0,0.0,0.0,8.998160704580954e7
Region6Liaoning_methanol_h2_transforms_methanol_Region6Liaoning,0.0,1.652472409545619e7,2.753763585568358e7,0.0,0.0,0.0,0.0,4.406235995113977e7
Region7Jilin_methanol_h2_transforms_methanol_Region7Jilin,0.0,1.8484356969333712e7,2.3479945578023065e7,0.0,0.0,0.0,0.0,4.196430254735678e7
Region8Heilongjiang_methanol_h2_transforms_methanol_Region8Heilongjiang,0.0,5.394017362174023e7,5.966013752766917e7,0.0,0.0,0.0,0.0,1.136003111494094e8
Region9Shanghai_methanol_h2_transforms_methanol_Region9Shanghai,0.0,1.717816923813723e7,2.809745264514069e7,0.0,0.0,0.0,0.0,4.527562188327792e7
Region10Jiangsu_methanol_h2_transforms_methanol_Region10Jiangsu,0.0,3.5005696134722486e7,6.2576778181939475e7,0.0,0.0,0.0,0.0,9.758247431666195e7
Region11Zhejiang_methanol_h2_transforms_methanol_Region11Zhejiang,0.0,8.64844411140796e6,2.2253688686816625e7,0.0,0.0,0.0,0.0,3.0902132798224583e7
Region12Anhui_methanol_h2_transforms_methanol_Region12Anhui,0.0,5.728217562263658e7,6.869113562283996e7,0.0,0.0,0.0,0.0,1.2597331124547654e8
Region13Fujian_methanol_h2_transforms_methanol_Region13Fujian,0.0,7.88162426767547e6,2.4513175745560855e7,0.0,0.0,0.0,0.0,3.2394800013236325e7
Region14Jiangxi_methanol_h2_transforms_methanol_Region14Jiangxi,0.0,1.865196347761841e7,1.0359451062098157e8,0.0,0.0,0.0,0.0,1.2224647409859999e8
Region15Shandong_methanol_h2_transforms_methanol_Region15Shandong,0.0,9.364455536135785e7,1.1058193996684721e8,0.0,0.0,0.0,0.0,2.0422649532820505e8
Region16Henan_methanol_h2_transforms_methanol_Region16Henan,0.0,6.290695279071849e7,7.213379064030227e7,0.0,0.0,0.0,0.0,1.3504074343102077e8
Region17Hubei_methanol_h2_transforms_methanol_Region17Hubei,0.0,1.2195263816730592e7,2.2509952211759552e7,0.0,0.0,0.0,0.0,3.470521602849014e7
Region18Hunan_methanol_h2_transforms_methanol_Region18Hunan,0.0,3.870380792872853e7,8.69853623487339e7,0.0,0.0,0.0,0.0,1.2568917027746242e8
Region19Guangdong_methanol_h2_transforms_methanol_Region19Guangdong,0.0,6.9834552466521505e6,2.3147622562673923e7,0.0,0.0,0.0,0.0,3.0131077809326075e7
Region20Guangxi_methanol_h2_transforms_methanol_Region20Guangxi,0.0,2.0696401448896084e7,3.088043122941308e7,0.0,0.0,0.0,0.0,5.1576832678309165e7
Region21Hainan_methanol_h2_transforms_methanol_Region21Hainan,0.0,6.565528156464408e6,3.6796186145302996e7,0.0,0.0,0.0,0.0,4.33617143017674e7
Region22Chongqing_methanol_h2_transforms_methanol_Region22Chongqing,0.0,5.001011599705398e7,5.965230798340535e7,0.0,0.0,0.0,0.0,1.0966242398045933e8
Region23Sichuan_methanol_h2_transforms_methanol_Region23Sichuan,0.0,5.697368373762287e7,3.1455740989411825e8,0.0,0.0,0.0,0.0,3.715310936317411e8
Region24Guizhou_methanol_h2_transforms_methanol_Region24Guizhou,0.0,1.3147346052429743e7,1.5807302931913596e8,0.0,0.0,0.0,0.0,1.712203753715657e8
Region25Yunnan_methanol_h2_transforms_methanol_Region25Yunnan,0.0,4.022004522628354e7,5.0969452877230376e7,0.0,0.0,0.0,0.0,9.118949810351393e7
Region26Tibet_methanol_h2_transforms_methanol_Region26Tibet,0.0,8.505217351850223e6,2.2986615076892607e7,0.0,0.0,0.0,0.0,3.149183242874283e7
Region27Shaanxi_methanol_h2_transforms_methanol_Region27Shaanxi,0.0,8.91275841811341e7,1.2613513762366395e8,0.0,0.0,0.0,0.0,2.1526272180479807e8
Region28Gansu_methanol_h2_transforms_methanol_Region28Gansu,0.0,123130.18957508181,1.215254737776615e8,0.0,0.0,0.0,0.0,1.2164860396723658e8
Region29Qinghai_methanol_h2_transforms_methanol_Region29Qinghai,0.0,1.3477318776983391e7,4.109026724706205e7,0.0,0.0,0.0,0.0,5.456758602404544e7
Region30Ningxia_methanol_h2_transforms_methanol_Region30Ningxia,0.0,1.8511043607936741e6,1.544332429755587e8,0.0,0.0,0.0,0.0,1.5628434733635238e8
Region31Xinjiang_methanol_h2_transforms_methanol_Region31Xinjiang,0.0,8.012294429622214e6,4.2718660917652994e7,0.0,0.0,0.0,0.0,5.073095534727521e7
steelscrap_source_Region1Beijing_steelscrap_source_Region2Tianjin,1.468656993762765e9,0.0,0.0,2.051224267955338e7,0.0,0.0,0.0,1.4891692364423182e9
steelscrap_source_Region1Beijing_steelscrap_source_Region3Hebei,1.3515772977090108e9,0.0,0.0,4.4331735364855655e7,0.0,0.0,0.0,1.3959090330738666e9
steelscrap_source_Region1Beijing_steelscrap_source_Region4Shanxi,5.881711999197379e8,0.0,0.0,3.2604290182217333e7,0.0,0.0,0.0,6.207754901019553e8
steelscrap_source_Region1Beijing_steelscrap_source_Region5Innermongolia,4.492373128481118e8,0.0,0.0,2.410906912284877e7,0.0,0.0,0.0,4.7334638197096056e8
steelscrap_source_Region1Beijing_steelscrap_source_Region6Liaoning,3.5001960729931486e8,0.0,0.0,2.7243192768130004e7,0.0,0.0,0.0,3.7726280006744486e8
steelscrap_source_Region1Beijing_steelscrap_source_Region7Jilin,2.788531499694025e8,0.0,0.0,3.0478649291655753e7,0.0,0.0,0.0,3.093317992610583e8
steelscrap_source_Region1Beijing_steelscrap_source_Region8Heilongjiang,2.3397173838781688e8,0.0,0.0,3.2256903665733732e7,0.0,0.0,0.0,2.662286420535506e8
steelscrap_source_Region1Beijing_steelscrap_source_Region9Shanghai,2.6278786547855186e8,0.0,0.0,3.634356179568373e7,0.0,0.0,0.0,2.991314272742356e8
steelscrap_source_Region1Beijing_steelscrap_source_Region10Jiangsu,3.4106464966639847e8,0.0,0.0,3.8449354839058556e7,0.0,0.0,0.0,3.7951400450545704e8
steelscrap_source_Region1Beijing_steelscrap_source_Region11Zhejiang,2.5694277203184515e8,0.0,0.0,3.6297448929031916e7,0.0,0.0,0.0,2.9324022096087706e8
steelscrap_source_Region1Beijing_steelscrap_source_Region12Anhui,3.2266717190449744e8,0.0,0.0,3.695614675546184e7,0.0,0.0,0.0,3.596233186599593e8
steelscrap_source_Region1Beijing_steelscrap_source_Region13Fujian,1.550071213288282e8,0.0,0.0,3.2396488357725132e7,0.0,0.0,0.0,1.8740360968655333e8
steelscrap_source_Region1Beijing_steelscrap_source_Region14Jiangxi,2.0547926650273326e8,0.0,0.0,3.287668264043733e7,0.0,0.0,0.0,2.383559491431706e8
steelscrap_source_Region1Beijing_steelscrap_source_Region15Shandong,5.160465256391633e8,0.0,0.0,2.337690761145408e7,0.0,0.0,0.0,5.394234332506174e8
steelscrap_source_Region1Beijing_steelscrap_source_Region16Henan,3.1257466342480195e8,0.0,0.0,2.4568368545189455e7,0.0,0.0,0.0,3.371430319699914e8
steelscrap_source_Region1Beijing_steelscrap_source_Region17Hubei,2.4256285752720186e8,0.0,0.0,3.1379548335435703e7,0.0,0.0,0.0,2.739424058626376e8
steelscrap_source_Region1Beijing_steelscrap_source_Region18Hunan,1.9765465687102866e8,0.0,0.0,3.3001739208899416e7,0.0,0.0,0.0,2.3065639607992807e8
steelscrap_source_Region1Beijing_steelscrap_source_Region19Guangdong,1.3955353953179216e8,0.0,0.0,3.359053696530238e7,0.0,0.0,0.0,1.7314407649709454e8
steelscrap_source_Region1Beijing_steelscrap_source_Region20Guangxi,1.3665116996896133e8,0.0,0.0,3.5716060790887386e7,0.0,0.0,0.0,1.723672307598487e8
steelscrap_source_Region1Beijing_steelscrap_source_Region21Hainan,1.1967873233881028e8,0.0,0.0,3.520549376299991e7,0.0,0.0,0.0,1.548842261018102e8
steelscrap_source_Region1Beijing_steelscrap_source_Region22Chongqing,1.6954267851553693e8,0.0,0.0,3.4111986917326085e7,0.0,0.0,0.0,2.0365466543286303e8
steelscrap_source_Region1Beijing_steelscrap_source_Region23Sichuan,1.6962784830897912e8,0.0,0.0,3.4564501223759755e7,0.0,0.0,0.0,2.0419234953273886e8
steelscrap_source_Region1Beijing_steelscrap_source_Region24Guizhou,1.4865406147500584e8,0.0,0.0,3.480487092668144e7,0.0,0.0,0.0,1.8345893240168726e8
steelscrap_source_Region1Beijing_steelscrap_source_Region25Yunnan,1.1799977497493757e8,0.0,0.0,3.397606854111699e7,0.0,0.0,0.0,1.5197584351605457e8
steelscrap_source_Region1Beijing_steelscrap_source_Region27Shaanxi,2.2162193483175418e8,0.0,0.0,2.6986164264680017e7,0.0,0.0,0.0,2.486080990964342e8
steelscrap_source_Region1Beijing_steelscrap_source_Region28Gansu,2.2107842913510314e8,0.0,0.0,3.589576761056975e7,0.0,0.0,0.0,2.5697419674567288e8
steelscrap_source_Region1Beijing_steelscrap_source_Region29Qinghai,2.000588647532384e8,0.0,0.0,3.698421546404855e7,0.0,0.0,0.0,2.3704308021728694e8
steelscrap_source_Region1Beijing_steelscrap_source_Region30Ningxia,2.295668889871045e8,0.0,0.0,2.8305597412110087e7,0.0,0.0,0.0,2.578724863992146e8
steelscrap_source_Region1Beijing_steelscrap_source_Region31Xinjiang,8.641202355502886e7,0.0,0.0,2.7095930186071947e7,0.0,0.0,0.0,1.135079537411008e8
steelscrap_source_Region2Tianjin_steelscrap_source_Region1Beijing,2.1763920595005884e9,0.0,0.0,2.9163653597307917e7,0.0,0.0,0.0,2.205555713097896e9
steelscrap_source_Region2Tianjin_steelscrap_source_Region3Hebei,1.4476464908108773e9,0.0,0.0,4.950950998573182e7,0.0,0.0,0.0,1.4971560007966092e9
steelscrap_source_Region2Tianjin_steelscrap_source_Region4Shanxi,6.04433686212206e8,0.0,0.0,3.435198116639373e7,0.0,0.0,0.0,6.387856673785998e8
steelscrap_source_Region2Tianjin_steelscrap_source_Region5Innermongolia,3.921987543968913e8,0.0,0.0,2.6225023377338827e7,0.0,0.0,0.0,4.184237777742301e8
steelscrap_source_Region2Tianjin_steelscrap_source_Region6Liaoning,3.7027245704495937e8,0.0,0.0,2.7708722202197812e7,0.0,0.0,0.0,3.9798117924715716e8
steelscrap_source_Region2Tianjin_steelscrap_source_Region7Jilin,2.8652415165272576e8,0.0,0.0,3.101146401388007e7,0.0,0.0,0.0,3.1753561566660583e8
steelscrap_source_Region2Tianjin_steelscrap_source_Region8Heilongjiang,2.390010286585996e8,0.0,0.0,3.2695340720496256e7,0.0,0.0,0.0,2.7169636937909585e8
steelscrap_source_Region2Tianjin_steelscrap_source_Region9Shanghai,2.895671027900604e8,0.0,0.0,3.5993190876804255e7,0.0,0.0,0.0,3.2556029366686463e8
steelscrap_source_Region2Tianjin_steelscrap_source_Region10Jiangsu,3.8355996622566056e8,0.0,0.0,3.86500592633389e7,0.0,0.0,0.0,4.222100254889995e8
steelscrap_source_Region2Tianjin_steelscrap_source_Region11Zhejiang,2.823292000681228e8,0.0,0.0,3.592168522200086e7,0.0,0.0,0.0,3.1825088529012364e8
steelscrap_source_Region2Tianjin_steelscrap_source_Region12Anhui,3.5132171240745896e8,0.0,0.0,3.712299427772134e7,0.0,0.0,0.0,3.884447066851803e8
steelscrap_source_Region2Tianjin_steelscrap_source_Region13Fujian,1.6573298006031352e8,0.0,0.0,3.2218491323724955e7,0.0,0.0,0.0,1.9795147138403848e8
steelscrap_source_Region2Tianjin_steelscrap_source_Region14Jiangxi,2.1676562817526725e8,0.0,0.0,3.292669891982318e7,0.0,0.0,0.0,2.4969232709509042e8
steelscrap_source_Region2Tianjin_steelscrap_source_Region15Shandong,6.550494698759234e8,0.0,0.0,2.292673144565731e7,0.0,0.0,0.0,6.779762013215806e8
steelscrap_source_Region2Tianjin_steelscrap_source_Region16Henan,3.2555850274999416e8,0.0,0.0,2.511141251211616e7,0.0,0.0,0.0,3.506699152621103e8
steelscrap_source_Region2Tianjin_steelscrap_source_Region17Hubei,2.5111326178753906e8,0.0,0.0,3.179930938436211e7,0.0,0.0,0.0,2.8291257117190117e8
steelscrap_source_Region2Tianjin_steelscrap_source_Region18Hunan,2.0290886474582583e8,0.0,0.0,3.33176355912647e7,0.0,0.0,0.0,2.3622650033709052e8
steelscrap_source_Region2Tianjin_steelscrap_source_Region19Guangdong,1.4250831465775388e8,0.0,0.0,3.379822195966408e7,0.0,0.0,0.0,1.7630653661741796e8
steelscrap_source_Region2Tianjin_steelscrap_source_Region20Guangxi,1.3932119791106778e8,0.0,0.0,3.594022502112524e7,0.0,0.0,0.0,1.7526142293219304e8
steelscrap_source_Region2Tianjin_steelscrap_source_Region21Hainan,1.2161909856451e8,0.0,0.0,3.536683386255952e7,0.0,0.0,0.0,1.5698593242706951e8
steelscrap_source_Region2Tianjin_steelscrap_source_Region22Chongqing,1.698539670415025e8,0.0,0.0,3.462190028195963e7,0.0,0.0,0.0,2.0447586732346213e8
steelscrap_source_Region2Tianjin_steelscrap_source_Region23Sichuan,1.7068196651074797e8,0.0,0.0,3.501825012912181e7,0.0,0.0,0.0,2.0570021663986978e8
steelscrap_source_Region2Tianjin_steelscrap_source_Region24Guizhou,1.5163815594717157e8,0.0,0.0,3.499303178740909e7,0.0,0.0,0.0,1.8663118773458067e8
steelscrap_source_Region2Tianjin_steelscrap_source_Region25Yunnan,1.186465516030799e8,0.0,0.0,3.4276988758129574e7,0.0,0.0,0.0,1.5292354036120948e8
steelscrap_source_Region2Tianjin_steelscrap_source_Region27Shaanxi,2.2381575244489625e8,0.0,0.0,2.7566640176129755e7,0.0,0.0,0.0,2.51382392621026e8
steelscrap_source_Region2Tianjin_steelscrap_source_Region28Gansu,2.193587620127845e8,0.0,0.0,3.668409696727118e7,0.0,0.0,0.0,2.560428589800557e8
steelscrap_source_Region2Tianjin_steelscrap_source_Region29Qinghai,1.986586464057336e8,0.0,0.0,3.769216717804772e7,0.0,0.0,0.0,2.363508135837813e8
steelscrap_source_Region2Tianjin_steelscrap_source_Region30Ningxia,2.2714522264805597e8,0.0,0.0,2.911244603605923e7,0.0,0.0,0.0,2.562576686841152e8
steelscrap_source_Region2Tianjin_steelscrap_source_Region31Xinjiang,8.440016191062976e7,0.0,0.0,2.7579159573663317e7,0.0,0.0,0.0,1.1197932148429307e8
steelscrap_source_Region3Hebei_steelscrap_source_Region1Beijing,5.399753545657718e8,0.0,0.0,1.7891183414612595e7,0.0,0.0,0.0,5.578665379803845e8
steelscrap_source_Region3Hebei_steelscrap_source_Region2Tianjin,5.072683785113935e8,0.0,0.0,1.736548749104002e7,0.0,0.0,0.0,5.2463386600243354e8
steelscrap_source_Region3Hebei_steelscrap_source_Region4Shanxi,7.579918626402959e8,0.0,0.0,1.9000329356850028e7,0.0,0.0,0.0,7.769921919971459e8
steelscrap_source_Region3Hebei_steelscrap_source_Region5Innermongolia,3.20923732690799e8,0.0,0.0,2.0410749399134845e7,0.0,0.0,0.0,3.413344820899339e8
steelscrap_source_Region3Hebei_steelscrap_source_Region6Liaoning,2.4937898734991747e8,0.0,0.0,2.6874742203409508e7,0.0,0.0,0.0,2.7625372955332696e8
steelscrap_source_Region3Hebei_steelscrap_source_Region7Jilin,2.1356889690674776e8,0.0,0.0,3.0148809280002493e7,0.0,0.0,0.0,2.4371770618675026e8
steelscrap_source_Region3Hebei_steelscrap_source_Region8Heilongjiang,1.8804457865548816e8,0.0,0.0,3.1917433150458146e7,0.0,0.0,0.0,2.1996201180594632e8
steelscrap_source_Region3Hebei_steelscrap_source_Region9Shanghai,2.4146392655042732e8,0.0,0.0,3.0682016267007492e7,0.0,0.0,0.0,2.721459428174348e8
steelscrap_source_Region3Hebei_steelscrap_source_Region10Jiangsu,3.0324014011111873e8,0.0,0.0,3.0293689997100696e7,0.0,0.0,0.0,3.3353383010821944e8
steelscrap_source_Region3Hebei_steelscrap_source_Region11Zhejiang,2.360616001455954e8,0.0,0.0,3.076669521897584e7,0.0,0.0,0.0,2.6682829536457124e8
steelscrap_source_Region3Hebei_steelscrap_source_Region12Anhui,2.958558471439499e8,0.0,0.0,2.878677392710642e7,0.0,0.0,0.0,3.2464262107105637e8
steelscrap_source_Region3Hebei_steelscrap_source_Region13Fujian,1.568154083328786e8,0.0,0.0,2.9340162899081655e7,0.0,0.0,0.0,1.8615557123196024e8
steelscrap_source_Region3Hebei_steelscrap_source_Region14Jiangxi,2.1331000662594378e8,0.0,0.0,2.8420003216129806e7,0.0,0.0,0.0,2.417300098420736e8
steelscrap_source_Region3Hebei_steelscrap_source_Region15Shandong,4.6071650979302454e8,0.0,0.0,1.5956148455831746e7,0.0,0.0,0.0,4.766726582488563e8
steelscrap_source_Region3Hebei_steelscrap_source_Region16Henan,3.5618523024719083e8,0.0,0.0,1.6823815708675653e7,0.0,0.0,0.0,3.7300904595586646e8
steelscrap_source_Region3Hebei_steelscrap_source_Region17Hubei,2.5629476222163317e8,0.0,0.0,2.599683204801429e7,0.0,0.0,0.0,2.822915942696475e8
steelscrap_source_Region3Hebei_steelscrap_source_Region18Hunan,2.0838188619480896e8,0.0,0.0,2.8423289276971836e7,0.0,0.0,0.0,2.368051754717808e8
steelscrap_source_Region3Hebei_steelscrap_source_Region19Guangdong,1.450053015951528e8,0.0,0.0,3.050911545562013e7,0.0,0.0,0.0,1.7551441705077294e8
steelscrap_source_Region3Hebei_steelscrap_source_Region20Guangxi,1.41500506032198e8,0.0,0.0,3.2691333576972026e7,0.0,0.0,0.0,1.7419183960917005e8
steelscrap_source_Region3Hebei_steelscrap_source_Region21Hainan,1.2315220223370735e8,0.0,0.0,3.249165602265997e7,0.0,0.0,0.0,1.5564385825636733e8
steelscrap_source_Region3Hebei_steelscrap_source_Region22Chongqing,1.7785340570659822e8,0.0,0.0,3.0098724692413177e7,0.0,0.0,0.0,2.079521303990114e8
steelscrap_source_Region3Hebei_steelscrap_source_Region23Sichuan,1.780676234886542e8,0.0,0.0,3.0597953302800342e7,0.0,0.0,0.0,2.0866557679145455e8
steelscrap_source_Region3Hebei_steelscrap_source_Region24Guizhou,1.5406201511774027e8,0.0,0.0,3.1402974081499323e7,0.0,0.0,0.0,1.854649891992396e8
steelscrap_source_Region3Hebei_steelscrap_source_Region25Yunnan,1.21954199840033e8,0.0,0.0,3.1220275159048542e7,0.0,0.0,0.0,1.5317447499908155e8
steelscrap_source_Region3Hebei_steelscrap_source_Region27Shaanxi,2.4145004017760563e8,0.0,0.0,2.1690261942621507e7,0.0,0.0,0.0,2.6314030212022713e8
steelscrap_source_Region3Hebei_steelscrap_source_Region28Gansu,2.3022231563471496e8,0.0,0.0,3.0918856989742205e7,0.0,0.0,0.0,2.6114117262445718e8
steelscrap_source_Region3Hebei_steelscrap_source_Region29Qinghai,2.0742424567108485e8,0.0,0.0,3.252412172122605e7,0.0,0.0,0.0,2.3994836739231092e8
steelscrap_source_Region3Hebei_steelscrap_source_Region30Ningxia,2.342043962466365e8,0.0,0.0,2.3724905339784242e7,0.0,0.0,0.0,2.5792930158642074e8
steelscrap_source_Region3Hebei_steelscrap_source_Region31Xinjiang,8.252136317298238e7,0.0,0.0,2.5999730823701058e7,0.0,0.0,0.0,1.0852109399668343e8
steelscrap_source_Region4Shanxi_steelscrap_source_Region1Beijing,4.537608311644567e8,0.0,0.0,2.5198851490666103e7,0.0,0.0,0.0,4.789596826551228e8
steelscrap_source_Region4Shanxi_steelscrap_source_Region2Tianjin,4.325445943790945e8,0.0,0.0,2.4496442195002705e7,0.0,0.0,0.0,4.5704103657409716e8
steelscrap_source_Region4Shanxi_steelscrap_source_Region3Hebei,1.3329000498704877e9,0.0,0.0,3.3455791251749225e7,0.0,0.0,0.0,1.366355841122237e9
steelscrap_source_Region4Shanxi_steelscrap_source_Region5Innermongolia,4.353833952161665e8,0.0,0.0,2.0259840657392234e7,0.0,0.0,0.0,4.5564323587355876e8
steelscrap_source_Region4Shanxi_steelscrap_source_Region6Liaoning,2.332528637853712e8,0.0,0.0,3.036174776939593e7,0.0,0.0,0.0,2.6361461155476713e8
steelscrap_source_Region4Shanxi_steelscrap_source_Region7Jilin,2.0230712954763156e8,0.0,0.0,3.3090702823007546e7,0.0,0.0,0.0,2.3539783237063912e8
steelscrap_source_Region4Shanxi_steelscrap_source_Region8Heilongjiang,1.794853438752818e8,0.0,0.0,3.448511740323734e7,0.0,0.0,0.0,2.1397046127851915e8
steelscrap_source_Region4Shanxi_steelscrap_source_Region9Shanghai,2.2627813088748127e8,0.0,0.0,3.399451786366253e7,0.0,0.0,0.0,2.602726487511438e8
steelscrap_source_Region4Shanxi_steelscrap_source_Region10Jiangsu,2.7807715362030596e8,0.0,0.0,3.423129761065958e7,0.0,0.0,0.0,3.1230845123096555e8
steelscrap_source_Region4Shanxi_steelscrap_source_Region11Zhejiang,2.2159637065063098e8,0.0,0.0,3.402242944056029e7,0.0,0.0,0.0,2.5561880009119126e8
steelscrap_source_Region4Shanxi_steelscrap_source_Region12Anhui,2.872606641623125e8,0.0,0.0,3.201998869862583e7,0.0,0.0,0.0,3.192806528609383e8
steelscrap_source_Region4Shanxi_steelscrap_source_Region13Fujian,1.5404578934967485e8,0.0,0.0,3.099914767679952e7,0.0,0.0,0.0,1.8504493702647436e8
steelscrap_source_Region4Shanxi_steelscrap_source_Region14Jiangxi,2.1148434083082214e8,0.0,0.0,3.0510140903859902e7,0.0,0.0,0.0,2.4199448173468205e8
steelscrap_source_Region4Shanxi_steelscrap_source_Region15Shandong,3.905932380455872e8,0.0,0.0,2.2589308933636345e7,0.0,0.0,0.0,4.1318254697922355e8
steelscrap_source_Region4Shanxi_steelscrap_source_Region16Henan,3.8642970960023344e8,0.0,0.0,1.902522270265151e7,0.0,0.0,0.0,4.0545493230288494e8
steelscrap_source_Region4Shanxi_steelscrap_source_Region17Hubei,2.6301725698363215e8,0.0,0.0,2.8020105110656336e7,0.0,0.0,0.0,2.9103736209428847e8
steelscrap_source_Region4Shanxi_steelscrap_source_Region18Hunan,2.1441438731177244e8,0.0,0.0,2.994654276121084e7,0.0,0.0,0.0,2.4436093007298326e8
steelscrap_source_Region4Shanxi_steelscrap_source_Region19Guangdong,1.4782715685346758e8,0.0,0.0,3.1580808275795754e7,0.0,0.0,0.0,1.7940796512926334e8
steelscrap_source_Region4Shanxi_steelscrap_source_Region20Guangxi,1.4771227374775517e8,0.0,0.0,3.3471601231241275e7,0.0,0.0,0.0,1.8118387497899646e8
steelscrap_source_Region4Shanxi_steelscrap_source_Region21Hainan,1.2728194197046785e8,0.0,0.0,3.3161188614705984e7,0.0,0.0,0.0,1.6044313058517385e8
steelscrap_source_Region4Shanxi_steelscrap_source_Region22Chongqing,2.018536166258478e8,0.0,0.0,2.9813779175637685e7,0.0,0.0,0.0,2.3166739580148548e8
steelscrap_source_Region4Shanxi_steelscrap_source_Region23Sichuan,2.020665699940072e8,0.0,0.0,3.0363869917766247e7,0.0,0.0,0.0,2.3243043991177344e8
steelscrap_source_Region4Shanxi_steelscrap_source_Region24Guizhou,1.6854931052055582e8,0.0,0.0,3.144006472243433e7,0.0,0.0,0.0,1.9998937524299017e8
steelscrap_source_Region4Shanxi_steelscrap_source_Region25Yunnan,1.3286255779620385e8,0.0,0.0,3.1147412299356703e7,0.0,0.0,0.0,1.6400997009556055e8
steelscrap_source_Region4Shanxi_steelscrap_source_Region27Shaanxi,3.0871639316400903e8,0.0,0.0,2.1075039106662937e7,0.0,0.0,0.0,3.2979143227067196e8
steelscrap_source_Region4Shanxi_steelscrap_source_Region28Gansu,2.723015193251411e8,0.0,0.0,3.0370696122064017e7,0.0,0.0,0.0,3.0267221544720507e8
steelscrap_source_Region4Shanxi_steelscrap_source_Region29Qinghai,2.3958492581906646e8,0.0,0.0,3.2120352388142884e7,0.0,0.0,0.0,2.7170527820720935e8
steelscrap_source_Region4Shanxi_steelscrap_source_Region30Ningxia,2.9525092179474545e8,0.0,0.0,2.3187039058280658e7,0.0,0.0,0.0,3.184379608530261e8
steelscrap_source_Region4Shanxi_steelscrap_source_Region31Xinjiang,8.902780781435928e7,0.0,0.0,2.5999087475386664e7,0.0,0.0,0.0,1.1502689528974594e8
steelscrap_source_Region5Innermongolia_steelscrap_source_Region1Beijing,4.654259839047136e8,0.0,0.0,2.5458801319587927e7,0.0,0.0,0.0,4.908847852243015e8
steelscrap_source_Region5Innermongolia_steelscrap_source_Region2Tianjin,3.753549183572865e8,0.0,0.0,2.5624229093190815e7,0.0,0.0,0.0,4.009791474504773e8
steelscrap_source_Region5Innermongolia_steelscrap_source_Region3Hebei,5.1849199460726506e8,0.0,0.0,3.3252619920812536e7,0.0,0.0,0.0,5.517446145280776e8
steelscrap_source_Region5Innermongolia_steelscrap_source_Region4Shanxi,6.236380947920161e8,0.0,0.0,2.91238990267871e7,0.0,0.0,0.0,6.527619938188032e8
steelscrap_source_Region5Innermongolia_steelscrap_source_Region6Liaoning,2.19002633196606e8,0.0,0.0,2.8937547933044672e7,0.0,0.0,0.0,2.4794018112965068e8
steelscrap_source_Region5Innermongolia_steelscrap_source_Region7Jilin,1.9505701524052987e8,0.0,0.0,3.0025776546025515e7,0.0,0.0,0.0,2.2508279178655538e8
steelscrap_source_Region5Innermongolia_steelscrap_source_Region8Heilongjiang,1.7240325059857336e8,0.0,0.0,3.1015344782683384e7,0.0,0.0,0.0,2.0341859538125673e8
steelscrap_source_Region5Innermongolia_steelscrap_source_Region9Shanghai,1.7350559708031076e8,0.0,0.0,3.2491814813239593e7,0.0,0.0,0.0,2.0599741189355037e8
steelscrap_source_Region5Innermongolia_steelscrap_source_Region10Jiangsu,2.0662470694824117e8,0.0,0.0,3.3087503072645057e7,0.0,0.0,0.0,2.3971221002088624e8
steelscrap_source_Region5Innermongolia_steelscrap_source_Region11Zhejiang,1.704453971836857e8,0.0,0.0,3.247552967673163e7,0.0,0.0,0.0,2.029209268604173e8
steelscrap_source_Region5Innermongolia_steelscrap_source_Region12Anhui,2.0290750447132272e8,0.0,0.0,3.195793195423334e7,0.0,0.0,0.0,2.3486543642555606e8
steelscrap_source_Region5Innermongolia_steelscrap_source_Region13Fujian,1.3741043635702926e8,0.0,0.0,3.39816009110933e7,0.0,0.0,0.0,1.7139203726812255e8
steelscrap_source_Region5Innermongolia_steelscrap_source_Region14Jiangxi,1.720047227752458e8,0.0,0.0,3.273249874412923e7,0.0,0.0,0.0,2.0473722151937503e8
steelscrap_source_Region5Innermongolia_steelscrap_source_Region15Shandong,2.826341961926348e8,0.0,0.0,2.6887933197792728e7,0.0,0.0,0.0,3.0952212939042753e8
steelscrap_source_Region5Innermongolia_steelscrap_source_Region16Henan,2.771510319257224e8,0.0,0.0,2.640325497479061e7,0.0,0.0,0.0,3.0355428690051305e8
steelscrap_source_Region5Innermongolia_steelscrap_source_Region17Hubei,2.0451569386359182e8,0.0,0.0,3.1202277693788595e7,0.0,0.0,0.0,2.357179715573804e8
steelscrap_source_Region5Innermongolia_steelscrap_source_Region18Hunan,1.739589537328479e8,0.0,0.0,3.2304177708189834e7,0.0,0.0,0.0,2.0626313144103774e8
steelscrap_source_Region5Innermongolia_steelscrap_source_Region19Guangdong,1.3257414867407386e8,0.0,0.0,3.442950641065684e7,0.0,0.0,0.0,1.6700365508473068e8
steelscrap_source_Region5Innermongolia_steelscrap_source_Region20Guangxi,1.3307276595083837e8,0.0,0.0,3.628007175706376e7,0.0,0.0,0.0,1.6935283770790213e8
steelscrap_source_Region5Innermongolia_steelscrap_source_Region21Hainan,1.1677150078445618e8,0.0,0.0,3.579824975715467e7,0.0,0.0,0.0,1.5256975054161084e8
steelscrap_source_Region5Innermongolia_steelscrap_source_Region22Chongqing,1.68151825418172e8,0.0,0.0,3.1881586099285483e7,0.0,0.0,0.0,2.000334115174575e8
steelscrap_source_Region5Innermongolia_steelscrap_source_Region23Sichuan,1.691834199598026e8,0.0,0.0,3.2251999291670393e7,0.0,0.0,0.0,2.0143541925147298e8
steelscrap_source_Region5Innermongolia_steelscrap_source_Region24Guizhou,1.457856527722392e8,0.0,0.0,3.3307162136697643e7,0.0,0.0,0.0,1.7909281490893686e8
steelscrap_source_Region5Innermongolia_steelscrap_source_Region25Yunnan,1.227521432753981e8,0.0,0.0,3.373228897207933e7,0.0,0.0,0.0,1.5648443224747744e8
steelscrap_source_Region5Innermongolia_steelscrap_source_Region27Shaanxi,2.4275426834394675e8,0.0,0.0,2.657350057471736e7,0.0,0.0,0.0,2.693277689186641e8
steelscrap_source_Region5Innermongolia_steelscrap_source_Region28Gansu,2.3849895184648633e8,0.0,0.0,2.84688248854088e7,0.0,0.0,0.0,2.6696777673189512e8
steelscrap_source_Region5Innermongolia_steelscrap_source_Region29Qinghai,2.0870262171075234e8,0.0,0.0,2.9607945266698893e7,0.0,0.0,0.0,2.3831056697745124e8
steelscrap_source_Region5Innermongolia_steelscrap_source_Region30Ningxia,3.415124197678537e8,0.0,0.0,2.532883779944921e7,0.0,0.0,0.0,3.668412575673029e8
steelscrap_source_Region5Innermongolia_steelscrap_source_Region31Xinjiang,9.991322661464697e7,0.0,0.0,2.602073465134132e7,0.0,0.0,0.0,1.2593396126598829e8
steelscrap_source_Region6Liaoning_steelscrap_source_Region1Beijing,4.149190664029544e8,0.0,0.0,3.229453400169671e7,0.0,0.0,0.0,4.472136004046511e8
steelscrap_source_Region6Liaoning_steelscrap_source_Region2Tianjin,4.1431347337983465e8,0.0,0.0,3.1087320952600446e7,0.0,0.0,0.0,4.454007943324351e8
steelscrap_source_Region6Liaoning_steelscrap_source_Region3Hebei,3.6720317049803245e8,0.0,0.0,3.9560021568321414e7,0.0,0.0,0.0,4.0676319206635386e8
steelscrap_source_Region6Liaoning_steelscrap_source_Region4Shanxi,2.87844247215046e8,0.0,0.0,3.7525295028601676e7,0.0,0.0,0.0,3.253695422436477e8
steelscrap_source_Region6Liaoning_steelscrap_source_Region5Innermongolia,2.3841942378009444e8,0.0,0.0,3.1232944515192296e7,0.0,0.0,0.0,2.696523682952867e8
steelscrap_source_Region6Liaoning_steelscrap_source_Region7Jilin,7.353679388308986e8,0.0,0.0,2.3899458012004334e7,0.0,0.0,0.0,7.59267396842903e8
steelscrap_source_Region6Liaoning_steelscrap_source_Region8Heilongjiang,4.351739713042284e8,0.0,0.0,2.657462384764495e7,0.0,0.0,0.0,4.6174859515187335e8
steelscrap_source_Region6Liaoning_steelscrap_source_Region9Shanghai,1.9444102119517887e8,0.0,0.0,3.777989041822326e7,0.0,0.0,0.0,2.3222091161340213e8
steelscrap_source_Region6Liaoning_steelscrap_source_Region10Jiangsu,2.2725590984090343e8,0.0,0.0,3.881530940082647e7,0.0,0.0,0.0,2.6607121924172992e8
steelscrap_source_Region6Liaoning_steelscrap_source_Region11Zhejiang,1.912135169066163e8,0.0,0.0,3.77200531017786e7,0.0,0.0,0.0,2.289335700083949e8
steelscrap_source_Region6Liaoning_steelscrap_source_Region12Anhui,2.1760326790970942e8,0.0,0.0,3.781944796270736e7,0.0,0.0,0.0,2.554227158724168e8
steelscrap_source_Region6Liaoning_steelscrap_source_Region13Fujian,1.3320726773310295e8,0.0,0.0,3.5224441830890164e7,0.0,0.0,0.0,1.684317095639931e8
steelscrap_source_Region6Liaoning_steelscrap_source_Region14Jiangxi,1.6553073499067715e8,0.0,0.0,3.696853081458474e7,0.0,0.0,0.0,2.0249926580526188e8
steelscrap_source_Region6Liaoning_steelscrap_source_Region15Shandong,3.0202188839473796e8,0.0,0.0,3.1913646207043905e7,0.0,0.0,0.0,3.3393553460178185e8
steelscrap_source_Region6Liaoning_steelscrap_source_Region16Henan,2.0537744718791467e8,0.0,0.0,3.1005148610468734e7,0.0,0.0,0.0,2.363825957983834e8
steelscrap_source_Region6Liaoning_steelscrap_source_Region17Hubei,1.811509659082392e8,0.0,0.0,3.630869193354113e7,0.0,0.0,0.0,2.174596578417803e8
steelscrap_source_Region6Liaoning_steelscrap_source_Region18Hunan,1.567239119101037e8,0.0,0.0,3.7305515165001795e7,0.0,0.0,0.0,1.940294270751055e8
steelscrap_source_Region6Liaoning_steelscrap_source_Region19Guangdong,1.1755960430861892e8,0.0,0.0,3.656103693998049e7,0.0,0.0,0.0,1.541206412485994e8
steelscrap_source_Region6Liaoning_steelscrap_source_Region20Guangxi,1.1616611997846329e8,0.0,0.0,3.85439186088541e7,0.0,0.0,0.0,1.547100385873174e8
steelscrap_source_Region6Liaoning_steelscrap_source_Region21Hainan,1.0416157841108276e8,0.0,0.0,3.797731148868084e7,0.0,0.0,0.0,1.4213888989976358e8
steelscrap_source_Region6Liaoning_steelscrap_source_Region22Chongqing,1.3743589412543914e8,0.0,0.0,3.816136660216353e7,0.0,0.0,0.0,1.7559726072760266e8
steelscrap_source_Region6Liaoning_steelscrap_source_Region23Sichuan,1.380334055466582e8,0.0,0.0,3.84699101258536e7,0.0,0.0,0.0,1.765033156725118e8
steelscrap_source_Region6Liaoning_steelscrap_source_Region24Guizhou,1.2554382534219773e8,0.0,0.0,3.8240649199233286e7,0.0,0.0,0.0,1.63784474541431e8
steelscrap_source_Region6Liaoning_steelscrap_source_Region25Yunnan,1.015979601031201e8,0.0,0.0,3.685296672807161e7,0.0,0.0,0.0,1.3845092683119172e8
steelscrap_source_Region6Liaoning_steelscrap_source_Region27Shaanxi,1.6199415562529296e8,0.0,0.0,3.186425041149512e7,0.0,0.0,0.0,1.9385840603678808e8
steelscrap_source_Region6Liaoning_steelscrap_source_Region28Gansu,1.6493796730023944e8,0.0,0.0,3.919475896278012e7,0.0,0.0,0.0,2.0413272626301956e8
steelscrap_source_Region6Liaoning_steelscrap_source_Region29Qinghai,1.532125609380819e8,0.0,0.0,3.985569418535971e7,0.0,0.0,0.0,1.930682551234416e8
steelscrap_source_Region6Liaoning_steelscrap_source_Region30Ningxia,1.6749532633438447e8,0.0,0.0,3.3258988632464144e7,0.0,0.0,0.0,2.007543149668486e8
steelscrap_source_Region6Liaoning_steelscrap_source_Region31Xinjiang,7.451806914880297e7,0.0,0.0,2.912911323026701e7,0.0,0.0,0.0,1.0364718237906998e8
steelscrap_source_Region7Jilin_steelscrap_source_Region1Beijing,3.212781104685181e8,0.0,0.0,3.496576768932376e7,0.0,0.0,0.0,3.5624387815784186e8
steelscrap_source_Region7Jilin_steelscrap_source_Region2Tianjin,3.151100446803536e8,0.0,0.0,3.4168432511506364e7,0.0,0.0,0.0,3.4927847719185996e8
steelscrap_source_Region7Jilin_steelscrap_source_Region3Hebei,2.905402652700231e8,0.0,0.0,4.100491610510929e7,0.0,0.0,0.0,3.315451813751324e8
steelscrap_source_Region7Jilin_steelscrap_source_Region4Shanxi,2.41891841205365e8,0.0,0.0,3.9613820528065324e7,0.0,0.0,0.0,2.815056617334303e8
steelscrap_source_Region7Jilin_steelscrap_source_Region5Innermongolia,2.0855065179464102e8,0.0,0.0,3.2575611810322948e7,0.0,0.0,0.0,2.4112626360496396e8
steelscrap_source_Region7Jilin_steelscrap_source_Region6Liaoning,7.753566509417862e8,0.0,0.0,2.527662682070214e7,0.0,0.0,0.0,8.006332777624884e8
steelscrap_source_Region7Jilin_steelscrap_source_Region8Heilongjiang,7.829234779690802e8,0.0,0.0,2.254819616550945e7,0.0,0.0,0.0,8.054716741345897e8
steelscrap_source_Region7Jilin_steelscrap_source_Region9Shanghai,1.7504368954600465e8,0.0,0.0,3.985744810962516e7,0.0,0.0,0.0,2.149011376556298e8
steelscrap_source_Region7Jilin_steelscrap_source_Region10Jiangsu,1.9978566318137854e8,0.0,0.0,4.079623242163742e7,0.0,0.0,0.0,2.4058189560301596e8
steelscrap_source_Region7Jilin_steelscrap_source_Region11Zhejiang,1.725337277120059e8,0.0,0.0,3.979777985890281e7,0.0,0.0,0.0,2.1233150757090873e8
steelscrap_source_Region7Jilin_steelscrap_source_Region12Anhui,1.9266825841208902e8,0.0,0.0,3.992086314298481e7,0.0,0.0,0.0,2.3258912155507383e8
steelscrap_source_Region7Jilin_steelscrap_source_Region13Fujian,1.218314433587477e8,0.0,0.0,3.628546488034694e7,0.0,0.0,0.0,1.5811690823909464e8
steelscrap_source_Region7Jilin_steelscrap_source_Region14Jiangxi,1.4917283883126724e8,0.0,0.0,3.829764015594733e7,0.0,0.0,0.0,1.8747047898721457e8
steelscrap_source_Region7Jilin_steelscrap_source_Region15Shandong,2.4647408886824182e8,0.0,0.0,3.427632995861025e7,0.0,0.0,0.0,2.807504188268521e8
steelscrap_source_Region7Jilin_steelscrap_source_Region16Henan,1.776510368626653e8,0.0,0.0,3.2752929496246822e7,0.0,0.0,0.0,2.104039663589121e8
steelscrap_source_Region7Jilin_steelscrap_source_Region17Hubei,1.613241599937087e8,0.0,0.0,3.772296607852889e7,0.0,0.0,0.0,1.9904712607223758e8
steelscrap_source_Region7Jilin_steelscrap_source_Region18Hunan,1.4216611211969736e8,0.0,0.0,3.858862169968972e7,0.0,0.0,0.0,1.8075473381938708e8
steelscrap_source_Region7Jilin_steelscrap_source_Region19Guangdong,1.0890922513655739e8,0.0,0.0,3.750833713703036e7,0.0,0.0,0.0,1.4641756227358776e8
steelscrap_source_Region7Jilin_steelscrap_source_Region20Guangxi,1.0797021344909774e8,0.0,0.0,3.943072195161046e7,0.0,0.0,0.0,1.474009354007082e8
steelscrap_source_Region7Jilin_steelscrap_source_Region21Hainan,9.769138887431219e7,0.0,0.0,3.888117277197649e7,0.0,0.0,0.0,1.365725616462887e8
steelscrap_source_Region7Jilin_steelscrap_source_Region22Chongqing,1.2642918974427396e8,0.0,0.0,3.932790662311877e7,0.0,0.0,0.0,1.6575709636739272e8
steelscrap_source_Region7Jilin_steelscrap_source_Region23Sichuan,1.2691838618959898e8,0.0,0.0,3.96112283297741e7,0.0,0.0,0.0,1.6652961451937306e8
steelscrap_source_Region7Jilin_steelscrap_source_Region24Guizhou,1.1636328126914413e8,0.0,0.0,3.9326910292928286e7,0.0,0.0,0.0,1.5569019156207243e8
steelscrap_source_Region7Jilin_steelscrap_source_Region25Yunnan,9.530354282314192e7,0.0,0.0,3.775291009700734e7,0.0,0.0,0.0,1.3305645292014927e8
steelscrap_source_Region7Jilin_steelscrap_source_Region27Shaanxi,1.4451739221113262e8,0.0,0.0,3.325345194778162e7,0.0,0.0,0.0,1.7777084415891424e8
steelscrap_source_Region7Jilin_steelscrap_source_Region28Gansu,1.5150433103243437e8,0.0,0.0,4.106272385415738e7,0.0,0.0,0.0,1.9256705488659176e8
steelscrap_source_Region7Jilin_steelscrap_source_Region29Qinghai,1.418281434611796e8,0.0,0.0,4.16312877106381e7,0.0,0.0,0.0,1.8345943117181772e8
steelscrap_source_Region7Jilin_steelscrap_source_Region30Ningxia,1.520605217720806e8,0.0,0.0,3.4456914233553395e7,0.0,0.0,0.0,1.86517436005634e8
steelscrap_source_Region7Jilin_steelscrap_source_Region31Xinjiang,7.328215307843082e7,0.0,0.0,2.936904421539911e7,0.0,0.0,0.0,1.0265119729382992e8
steelscrap_source_Region8Heilongjiang_steelscrap_source_Region1Beijing,2.705798439907988e8,0.0,0.0,3.715963190806953e7,0.0,0.0,0.0,3.077394758988683e8
steelscrap_source_Region8Heilongjiang_steelscrap_source_Region2Tianjin,2.6640377170330447e8,0.0,0.0,3.6479556471905865e7,0.0,0.0,0.0,3.0288332817521036e8
steelscrap_source_Region8Heilongjiang_steelscrap_source_Region3Hebei,2.4948618485516763e8,0.0,0.0,4.232117315759829e7,0.0,0.0,0.0,2.918073580127659e8
steelscrap_source_Region8Heilongjiang_steelscrap_source_Region4Shanxi,2.1400506934843656e8,0.0,0.0,4.114604133339267e7,0.0,0.0,0.0,2.5515111068182924e8
steelscrap_source_Region8Heilongjiang_steelscrap_source_Region5Innermongolia,1.8883159961483228e8,0.0,0.0,3.401486547728507e7,0.0,0.0,0.0,2.2284646509211737e8
steelscrap_source_Region8Heilongjiang_steelscrap_source_Region6Liaoning,4.821081570724088e8,0.0,0.0,2.9456808397124194e7,0.0,0.0,0.0,5.1156496546953297e8
steelscrap_source_Region8Heilongjiang_steelscrap_source_Region7Jilin,9.162579589910145e8,0.0,0.0,2.632714535500849e7,0.0,0.0,0.0,9.42585104346023e8
steelscrap_source_Region8Heilongjiang_steelscrap_source_Region9Shanghai,1.6100836705281636e8,0.0,0.0,4.125034363893158e7,0.0,0.0,0.0,2.0225871069174793e8
steelscrap_source_Region8Heilongjiang_steelscrap_source_Region10Jiangsu,1.8117780830588523e8,0.0,0.0,4.2160075992779635e7,0.0,0.0,0.0,2.2333788429866487e8
steelscrap_source_Region8Heilongjiang_steelscrap_source_Region11Zhejiang,1.5892285283312514e8,0.0,0.0,4.1187506025918186e7,0.0,0.0,0.0,2.0011035885904333e8
steelscrap_source_Region8Heilongjiang_steelscrap_source_Region12Anhui,1.7545902980901268e8,0.0,0.0,4.1355693325984284e7,0.0,0.0,0.0,2.1681472313499695e8
steelscrap_source_Region8Heilongjiang_steelscrap_source_Region13Fujian,1.1427329952410145e8,0.0,0.0,3.729118674469863e7,0.0,0.0,0.0,1.5156448626880008e8
steelscrap_source_Region8Heilongjiang_steelscrap_source_Region14Jiangxi,1.3855475104926634e8,0.0,0.0,3.9520433490952544e7,0.0,0.0,0.0,1.780751845402189e8
steelscrap_source_Region8Heilongjiang_steelscrap_source_Region15Shandong,2.1661409771705356e8,0.0,0.0,3.6297302307454236e7,0.0,0.0,0.0,2.529114000245078e8
steelscrap_source_Region8Heilongjiang_steelscrap_source_Region16Henan,1.6114281913414142e8,0.0,0.0,3.430193476635436e7,0.0,0.0,0.0,1.9544475390049577e8
steelscrap_source_Region8Heilongjiang_steelscrap_source_Region17Hubei,1.487573135297239e8,0.0,0.0,3.902400191596412e7,0.0,0.0,0.0,1.8778131544568804e8
steelscrap_source_Region8Heilongjiang_steelscrap_source_Region18Hunan,1.3259145341567737e8,0.0,0.0,3.976859659447551e7,0.0,0.0,0.0,1.7236005001015288e8
steelscrap_source_Region8Heilongjiang_steelscrap_source_Region19Guangdong,1.0299909902686927e8,0.0,0.0,3.840836402711949e7,0.0,0.0,0.0,1.4140746305398875e8
steelscrap_source_Region8Heilongjiang_steelscrap_source_Region20Guangxi,1.0232776239339304e8,0.0,0.0,4.028644005427894e7,0.0,0.0,0.0,1.4261420244767198e8
steelscrap_source_Region8Heilongjiang_steelscrap_source_Region21Hainan,9.315633508735368e7,0.0,0.0,3.973117691475621e7,0.0,0.0,0.0,1.3288751200210989e8
steelscrap_source_Region8Heilongjiang_steelscrap_source_Region22Chongqing,1.1898418059620388e8,0.0,0.0,4.040306159111749e7,0.0,0.0,0.0,1.5938724218732136e8
steelscrap_source_Region8Heilongjiang_steelscrap_source_Region23Sichuan,1.1940560524360384e8,0.0,0.0,4.066954914597162e7,0.0,0.0,0.0,1.6007515438957545e8
steelscrap_source_Region8Heilongjiang_steelscrap_source_Region24Guizhou,1.1005199908913301e8,0.0,0.0,4.033038926619766e7,0.0,0.0,0.0,1.5038238835533068e8
steelscrap_source_Region8Heilongjiang_steelscrap_source_Region25Yunnan,9.089931230562073e7,0.0,0.0,3.8598877982043415e7,0.0,0.0,0.0,1.2949819028766415e8
steelscrap_source_Region8Heilongjiang_steelscrap_source_Region27Shaanxi,1.3348933321384615e8,0.0,0.0,3.452034156910068e7,0.0,0.0,0.0,1.6800967478294683e8
steelscrap_source_Region8Heilongjiang_steelscrap_source_Region28Gansu,1.411486878858235e8,0.0,0.0,4.227873697806711e7,0.0,0.0,0.0,1.834274248638906e8
steelscrap_source_Region8Heilongjiang_steelscrap_source_Region29Qinghai,1.3286495964096253e8,0.0,0.0,4.278694583637787e7,0.0,0.0,0.0,1.756519054773404e8
steelscrap_source_Region8Heilongjiang_steelscrap_source_Region30Ningxia,1.407148772696577e8,0.0,0.0,3.570874535513014e7,0.0,0.0,0.0,1.7642362262478784e8
steelscrap_source_Region8Heilongjiang_steelscrap_source_Region31Xinjiang,7.08350199813455e7,0.0,0.0,2.9897100766793363e7,0.0,0.0,0.0,1.0073212074813887e8
steelscrap_source_Region9Shanghai_steelscrap_source_Region1Beijing,2.801273045254311e8,0.0,0.0,3.784519884138572e7,0.0,0.0,0.0,3.179725033668168e8
steelscrap_source_Region9Shanghai_steelscrap_source_Region2Tianjin,2.978651820656177e8,0.0,0.0,3.6260121496787794e7,0.0,0.0,0.0,3.3412530356240547e8
steelscrap_source_Region9Shanghai_steelscrap_source_Region3Hebei,3.2150770218411255e8,0.0,0.0,4.025276431345108e7,0.0,0.0,0.0,3.617604664975636e8
steelscrap_source_Region9Shanghai_steelscrap_source_Region4Shanxi,2.6220008732474434e8,0.0,0.0,3.893671296772455e7,0.0,0.0,0.0,3.011368002924689e8
steelscrap_source_Region9Shanghai_steelscrap_source_Region5Innermongolia,1.757407134382315e8,0.0,0.0,3.310955041176282e7,0.0,0.0,0.0,2.088502638499943e8
steelscrap_source_Region9Shanghai_steelscrap_source_Region6Liaoning,1.9171932785423663e8,0.0,0.0,3.6171046521832794e7,0.0,0.0,0.0,2.2789037437606943e8
steelscrap_source_Region9Shanghai_steelscrap_source_Region7Jilin,1.7158975861379904e8,0.0,0.0,3.810436572950416e7,0.0,0.0,0.0,2.096941243433032e8
steelscrap_source_Region9Shanghai_steelscrap_source_Region8Heilongjiang,1.553926386561875e8,0.0,0.0,3.894657500186235e7,0.0,0.0,0.0,1.9433921365804985e8
steelscrap_source_Region9Shanghai_steelscrap_source_Region10Jiangsu,1.0887646735511959e9,0.0,0.0,3.6909122433385484e7,0.0,0.0,0.0,1.1256737959845812e9
steelscrap_source_Region9Shanghai_steelscrap_source_Region11Zhejiang,1.1312023593634248e9,0.0,0.0,2.296340789507762e7,0.0,0.0,0.0,1.1541657672585025e9
steelscrap_source_Region9Shanghai_steelscrap_source_Region12Anhui,6.176402819088049e8,0.0,0.0,3.195259058408212e7,0.0,0.0,0.0,6.49592872492887e8
steelscrap_source_Region9Shanghai_steelscrap_source_Region13Fujian,3.213622246162128e8,0.0,0.0,2.7540742649609514e7,0.0,0.0,0.0,3.489029672658223e8
steelscrap_source_Region9Shanghai_steelscrap_source_Region14Jiangxi,3.599129826732553e8,0.0,0.0,2.8325151736385264e7,0.0,0.0,0.0,3.882381344096406e8
steelscrap_source_Region9Shanghai_steelscrap_source_Region15Shandong,3.249445892946458e8,0.0,0.0,2.9743261406769857e7,0.0,0.0,0.0,3.5468785070141566e8
steelscrap_source_Region9Shanghai_steelscrap_source_Region16Henan,2.5583944718733495e8,0.0,0.0,2.77329960751072e7,0.0,0.0,0.0,2.835724432624422e8
steelscrap_source_Region9Shanghai_steelscrap_source_Region17Hubei,3.3780828054739445e8,0.0,0.0,2.943436151169624e7,0.0,0.0,0.0,3.672426420590907e8
steelscrap_source_Region9Shanghai_steelscrap_source_Region18Hunan,2.622532526358021e8,0.0,0.0,3.0709855883652337e7,0.0,0.0,0.0,2.929631085194544e8
steelscrap_source_Region9Shanghai_steelscrap_source_Region19Guangdong,1.9412508835744786e8,0.0,0.0,3.1014718283241622e7,0.0,0.0,0.0,2.251398066406895e8
steelscrap_source_Region9Shanghai_steelscrap_source_Region20Guangxi,1.649277676054476e8,0.0,0.0,3.4420425099256985e7,0.0,0.0,0.0,1.9934819270470458e8
steelscrap_source_Region9Shanghai_steelscrap_source_Region21Hainan,1.4720136249571157e8,0.0,0.0,3.3095773001119114e7,0.0,0.0,0.0,1.8029713549683067e8
steelscrap_source_Region9Shanghai_steelscrap_source_Region22Chongqing,1.8415419478893027e8,0.0,0.0,3.376160237797048e7,0.0,0.0,0.0,2.1791579716690075e8
steelscrap_source_Region9Shanghai_steelscrap_source_Region23Sichuan,1.65206453459659e8,0.0,0.0,3.5585470075210676e7,0.0,0.0,0.0,2.0079192353486967e8
steelscrap_source_Region9Shanghai_steelscrap_source_Region24Guizhou,1.6853969759848145e8,0.0,0.0,3.376411941889586e7,0.0,0.0,0.0,2.0230381701737732e8
steelscrap_source_Region9Shanghai_steelscrap_source_Region25Yunnan,1.290570924637232e8,0.0,0.0,3.3361258401872464e7,0.0,0.0,0.0,1.6241835086559567e8
steelscrap_source_Region9Shanghai_steelscrap_source_Region27Shaanxi,1.8920764396632367e8,0.0,0.0,2.9459630165556405e7,0.0,0.0,0.0,2.1866727413188007e8
steelscrap_source_Region9Shanghai_steelscrap_source_Region28Gansu,1.7814281577235642e8,0.0,0.0,3.9565519383040465e7,0.0,0.0,0.0,2.1770833515539688e8
steelscrap_source_Region9Shanghai_steelscrap_source_Region29Qinghai,1.6361287016048038e8,0.0,0.0,4.040692516729999e7,0.0,0.0,0.0,2.0401979532778037e8
steelscrap_source_Region9Shanghai_steelscrap_source_Region30Ningxia,1.5533104624245742e8,0.0,0.0,3.3323687120548412e7,0.0,0.0,0.0,1.8865473336300582e8
steelscrap_source_Region9Shanghai_steelscrap_source_Region31Xinjiang,6.78719241057994e7,0.0,0.0,2.9693966796287313e7,0.0,0.0,0.0,9.756589090208672e7
steelscrap_source_Region10Jiangsu_steelscrap_source_Region1Beijing,3.06035437527319e8,0.0,0.0,3.454119971558343e7,0.0,0.0,0.0,3.4057663724290246e8
steelscrap_source_Region10Jiangsu_steelscrap_source_Region2Tianjin,3.2402527428035825e8,0.0,0.0,3.2694150174888022e7,0.0,0.0,0.0,3.5671942445524627e8
steelscrap_source_Region10Jiangsu_steelscrap_source_Region3Hebei,3.562569164058109e8,0.0,0.0,3.555444025729986e7,0.0,0.0,0.0,3.9181135666311073e8
steelscrap_source_Region10Jiangsu_steelscrap_source_Region4Shanxi,2.8307266441035503e8,0.0,0.0,3.484624498891468e7,0.0,0.0,0.0,3.179189093992697e8
steelscrap_source_Region10Jiangsu_steelscrap_source_Region5Innermongolia,1.8575200849494717e8,0.0,0.0,3.0234235249360986e7,0.0,0.0,0.0,2.1598624374430814e8
steelscrap_source_Region10Jiangsu_steelscrap_source_Region6Liaoning,1.9589269891794223e8,0.0,0.0,3.3465002731815055e7,0.0,0.0,0.0,2.2935770164975727e8
steelscrap_source_Region10Jiangsu_steelscrap_source_Region7Jilin,1.7485926421522215e8,0.0,0.0,3.571209039488902e7,0.0,0.0,0.0,2.1057135461011118e8
steelscrap_source_Region10Jiangsu_steelscrap_source_Region8Heilongjiang,1.580610228393515e8,0.0,0.0,3.679660611700115e7,0.0,0.0,0.0,1.9485762895635265e8
steelscrap_source_Region10Jiangsu_steelscrap_source_Region9Shanghai,6.208155541755779e8,0.0,0.0,2.081801491668769e7,0.0,0.0,0.0,6.416335690922656e8
steelscrap_source_Region10Jiangsu_steelscrap_source_Region11Zhejiang,6.363555748983569e8,0.0,0.0,1.964217541186258e7,0.0,0.0,0.0,6.559977503102195e8
steelscrap_source_Region10Jiangsu_steelscrap_source_Region12Anhui,1.0496087310952733e9,0.0,0.0,1.9067891948230777e7,0.0,0.0,0.0,1.068676623043504e9
steelscrap_source_Region10Jiangsu_steelscrap_source_Region13Fujian,2.678658439648106e8,0.0,0.0,2.540261086932955e7,0.0,0.0,0.0,2.932684548341402e8
steelscrap_source_Region10Jiangsu_steelscrap_source_Region14Jiangxi,3.6284887593986636e8,0.0,0.0,2.3948025812031195e7,0.0,0.0,0.0,3.867969017518976e8
steelscrap_source_Region10Jiangsu_steelscrap_source_Region15Shandong,3.5207086961439407e8,0.0,0.0,2.4633225177353833e7,0.0,0.0,0.0,3.767040947917479e8
steelscrap_source_Region10Jiangsu_steelscrap_source_Region16Henan,2.981684154479941e8,0.0,0.0,2.2710494309955534e7,0.0,0.0,0.0,3.2087890975794965e8
steelscrap_source_Region10Jiangsu_steelscrap_source_Region17Hubei,3.956815377819885e8,0.0,0.0,2.3608998420992024e7,0.0,0.0,0.0,4.192905362029805e8
steelscrap_source_Region10Jiangsu_steelscrap_source_Region18Hunan,2.784705066093122e8,0.0,0.0,2.6714603934053376e7,0.0,0.0,0.0,3.0518511054336554e8
steelscrap_source_Region10Jiangsu_steelscrap_source_Region19Guangdong,1.8966603002042294e8,0.0,0.0,2.8968324985119034e7,0.0,0.0,0.0,2.1863435500554198e8
steelscrap_source_Region10Jiangsu_steelscrap_source_Region20Guangxi,1.6717294735578167e8,0.0,0.0,3.2236516681773394e7,0.0,0.0,0.0,1.9940946403755507e8
steelscrap_source_Region10Jiangsu_steelscrap_source_Region21Hainan,1.4470187551013234e8,0.0,0.0,3.151606848610694e7,0.0,0.0,0.0,1.7621794399623927e8
steelscrap_source_Region10Jiangsu_steelscrap_source_Region22Chongqing,1.9706057931130627e8,0.0,0.0,3.0478702933482133e7,0.0,0.0,0.0,2.275392822447884e8
steelscrap_source_Region10Jiangsu_steelscrap_source_Region23Sichuan,1.7517648630092221e8,0.0,0.0,3.2717128424802132e7,0.0,0.0,0.0,2.0789361472572434e8
steelscrap_source_Region10Jiangsu_steelscrap_source_Region24Guizhou,1.761410020569136e8,0.0,0.0,3.102430182895788e7,0.0,0.0,0.0,2.071653038858715e8
steelscrap_source_Region10Jiangsu_steelscrap_source_Region25Yunnan,1.335277882924683e8,0.0,0.0,3.128110987064885e7,0.0,0.0,0.0,1.6480889816311714e8
steelscrap_source_Region10Jiangsu_steelscrap_source_Region27Shaanxi,2.1165384322754973e8,0.0,0.0,2.577943810511559e7,0.0,0.0,0.0,2.3743328133266532e8
steelscrap_source_Region10Jiangsu_steelscrap_source_Region28Gansu,1.9054879287035984e8,0.0,0.0,3.639481943823875e7,0.0,0.0,0.0,2.2694361230859858e8
steelscrap_source_Region10Jiangsu_steelscrap_source_Region29Qinghai,1.7386646839664117e8,0.0,0.0,3.753197497788826e7,0.0,0.0,0.0,2.1139844337452942e8
steelscrap_source_Region10Jiangsu_steelscrap_source_Region30Ningxia,1.6696009172259018e8,0.0,0.0,3.044239005741896e7,0.0,0.0,0.0,1.9740248178000915e8
steelscrap_source_Region10Jiangsu_steelscrap_source_Region31Xinjiang,7.013641282977839e7,0.0,0.0,2.8505776054449685e7,0.0,0.0,0.0,9.864218888422808e7
steelscrap_source_Region11Zhejiang_steelscrap_source_Region1Beijing,2.732846614571888e8,0.0,0.0,3.846937084445695e7,0.0,0.0,0.0,3.1175403230164576e8
steelscrap_source_Region11Zhejiang_steelscrap_source_Region2Tianjin,2.9001364997864234e8,0.0,0.0,3.694773900727884e7,0.0,0.0,0.0,3.269613889859212e8
steelscrap_source_Region11Zhejiang_steelscrap_source_Region3Hebei,3.131249699112686e8,0.0,0.0,4.075843358344998e7,0.0,0.0,0.0,3.5388340349471855e8
steelscrap_source_Region11Zhejiang_steelscrap_source_Region4Shanxi,2.5699918447632712e8,0.0,0.0,3.943224153815107e7,0.0,0.0,0.0,2.964314260144782e8
steelscrap_source_Region11Zhejiang_steelscrap_source_Region5Innermongolia,1.7337914717291763e8,0.0,0.0,3.3479513319090523e7,0.0,0.0,0.0,2.0685866049200815e8
steelscrap_source_Region11Zhejiang_steelscrap_source_Region6Liaoning,1.8640887554685232e8,0.0,0.0,3.677847114539372e7,0.0,0.0,0.0,2.2318734669224605e8
steelscrap_source_Region11Zhejiang_steelscrap_source_Region7Jilin,1.674845167100424e8,0.0,0.0,3.863867800500656e7,0.0,0.0,0.0,2.0612319471504894e8
steelscrap_source_Region11Zhejiang_steelscrap_source_Region8Heilongjiang,1.520844230255378e8,0.0,0.0,3.94304214097543e7,0.0,0.0,0.0,1.915148444352921e8
steelscrap_source_Region11Zhejiang_steelscrap_source_Region9Shanghai,1.2774725631444695e9,0.0,0.0,2.5251374331489015e7,0.0,0.0,0.0,1.3027239374759586e9
steelscrap_source_Region11Zhejiang_steelscrap_source_Region10Jiangsu,1.2941158248827538e9,0.0,0.0,3.9901904600551635e7,0.0,0.0,0.0,1.3340177294833055e9
steelscrap_source_Region11Zhejiang_steelscrap_source_Region12Anhui,7.190798078791525e8,0.0,0.0,3.2190806066056672e7,0.0,0.0,0.0,7.512706139452093e8
steelscrap_source_Region11Zhejiang_steelscrap_source_Region13Fujian,4.0115571799601746e8,0.0,0.0,2.7051267250198178e7,0.0,0.0,0.0,4.2820698524621564e8
steelscrap_source_Region11Zhejiang_steelscrap_source_Region14Jiangxi,4.609626892705521e8,0.0,0.0,2.7104606129108466e7,0.0,0.0,0.0,4.880672953996606e8
steelscrap_source_Region11Zhejiang_steelscrap_source_Region15Shandong,3.1698077764175266e8,0.0,0.0,3.040902260176551e7,0.0,0.0,0.0,3.473898002435182e8
steelscrap_source_Region11Zhejiang_steelscrap_source_Region16Henan,2.6144935287999117e8,0.0,0.0,2.7844356081719138e7,0.0,0.0,0.0,2.8929370896171033e8
steelscrap_source_Region11Zhejiang_steelscrap_source_Region17Hubei,3.7568883880093753e8,0.0,0.0,2.9115885007072687e7,0.0,0.0,0.0,4.048047238080102e8
steelscrap_source_Region11Zhejiang_steelscrap_source_Region18Hunan,3.0468703881469995e8,0.0,0.0,2.9615580172788784e7,0.0,0.0,0.0,3.3430261898748875e8
steelscrap_source_Region11Zhejiang_steelscrap_source_Region19Guangdong,2.1715189459726837e8,0.0,0.0,3.0372311657671362e7,0.0,0.0,0.0,2.4752420625493973e8
steelscrap_source_Region11Zhejiang_steelscrap_source_Region20Guangxi,1.7946724410120872e8,0.0,0.0,3.3877433444838e7,0.0,0.0,0.0,2.1334467754604673e8
steelscrap_source_Region11Zhejiang_steelscrap_source_Region21Hainan,1.5818073895532787e8,0.0,0.0,3.24165061032451e7,0.0,0.0,0.0,1.9059724505857298e8
steelscrap_source_Region11Zhejiang_steelscrap_source_Region22Chongqing,1.925661565393197e8,0.0,0.0,3.344874139088006e7,0.0,0.0,0.0,2.2601489793019974e8
steelscrap_source_Region11Zhejiang_steelscrap_source_Region23Sichuan,1.7170545174173504e8,0.0,0.0,3.533125845339091e7,0.0,0.0,0.0,2.0703671019512594e8
steelscrap_source_Region11Zhejiang_steelscrap_source_Region24Guizhou,1.8005180005470622e8,0.0,0.0,3.3129531210065935e7,0.0,0.0,0.0,2.1318133126477215e8
steelscrap_source_Region11Zhejiang_steelscrap_source_Region25Yunnan,1.358817402973562e8,0.0,0.0,3.290602810867657e7,0.0,0.0,0.0,1.6878776840603277e8
steelscrap_source_Region11Zhejiang_steelscrap_source_Region27Shaanxi,1.9783583582689345e8,0.0,0.0,2.925992011879758e7,0.0,0.0,0.0,2.2709575594569102e8
steelscrap_source_Region11Zhejiang_steelscrap_source_Region28Gansu,1.8206108719910914e8,0.0,0.0,3.9525462030926704e7,0.0,0.0,0.0,2.2158654923003584e8
steelscrap_source_Region11Zhejiang_steelscrap_source_Region29Qinghai,1.6684627034342432e8,0.0,0.0,4.0371235880763866e7,0.0,0.0,0.0,2.0721750622418818e8
steelscrap_source_Region11Zhejiang_steelscrap_source_Region30Ningxia,1.5706677650343075e8,0.0,0.0,3.340286780306304e7,0.0,0.0,0.0,1.904696443064938e8
steelscrap_source_Region11Zhejiang_steelscrap_source_Region31Xinjiang,6.86196318252598e7,0.0,0.0,2.967799076442483e7,0.0,0.0,0.0,9.829762258968464e7
steelscrap_source_Region12Anhui_steelscrap_source_Region1Beijing,3.153529009438108e8,0.0,0.0,3.611841892143115e7,0.0,0.0,0.0,3.5147131986524194e8
steelscrap_source_Region12Anhui_steelscrap_source_Region2Tianjin,3.279055955171624e8,0.0,0.0,3.461590070009495e7,0.0,0.0,0.0,3.625214962172573e8
steelscrap_source_Region12Anhui_steelscrap_source_Region3Hebei,3.868581280490501e8,0.0,0.0,3.744786679514805e7,0.0,0.0,0.0,4.2430599484419817e8
steelscrap_source_Region12Anhui_steelscrap_source_Region4Shanxi,3.207177840459953e8,0.0,0.0,3.552483987949484e7,0.0,0.0,0.0,3.5624262392549014e8
steelscrap_source_Region12Anhui_steelscrap_source_Region5Innermongolia,1.9636645851301494e8,0.0,0.0,3.0803351792075053e7,0.0,0.0,0.0,2.2716981030509e8
steelscrap_source_Region12Anhui_steelscrap_source_Region6Liaoning,1.986368595988564e8,0.0,0.0,3.4523086198281154e7,0.0,0.0,0.0,2.3315994579713756e8
steelscrap_source_Region12Anhui_steelscrap_source_Region7Jilin,1.7690126490248397e8,0.0,0.0,3.665394208779473e7,0.0,0.0,0.0,2.135552069902787e8
steelscrap_source_Region12Anhui_steelscrap_source_Region8Heilongjiang,1.5965730730039105e8,0.0,0.0,3.764187115118876e7,0.0,0.0,0.0,1.972991784515798e8
steelscrap_source_Region12Anhui_steelscrap_source_Region9Shanghai,5.2191866127621186e8,0.0,0.0,2.67918246121788e7,0.0,0.0,0.0,5.487104858883907e8
steelscrap_source_Region12Anhui_steelscrap_source_Region10Jiangsu,1.8344048220408564e9,0.0,0.0,3.3386167761143554e7,0.0,0.0,0.0,1.8677909898019998e9
steelscrap_source_Region12Anhui_steelscrap_source_Region11Zhejiang,5.587994180974789e8,0.0,0.0,2.5239107050736174e7,0.0,0.0,0.0,5.84038525148215e8
steelscrap_source_Region12Anhui_steelscrap_source_Region13Fujian,2.7242450112324744e8,0.0,0.0,2.6933702344385307e7,0.0,0.0,0.0,2.993582034676328e8
steelscrap_source_Region12Anhui_steelscrap_source_Region14Jiangxi,4.767803568213582e8,0.0,0.0,2.369598373402135e7,0.0,0.0,0.0,5.0047634055537957e8
steelscrap_source_Region12Anhui_steelscrap_source_Region15Shandong,3.6761031841739285e8,0.0,0.0,2.63454061532465e7,0.0,0.0,0.0,3.939557245706394e8
steelscrap_source_Region12Anhui_steelscrap_source_Region16Henan,3.629798383423837e8,0.0,0.0,2.25289486331173e7,0.0,0.0,0.0,3.85508786975501e8
steelscrap_source_Region12Anhui_steelscrap_source_Region17Hubei,5.55573269160922e8,0.0,0.0,2.3315558195786744e7,0.0,0.0,0.0,5.788888273567088e8
steelscrap_source_Region12Anhui_steelscrap_source_Region18Hunan,3.327306994726893e8,0.0,0.0,2.6496454701341964e7,0.0,0.0,0.0,3.5922715417403126e8
steelscrap_source_Region12Anhui_steelscrap_source_Region19Guangdong,2.1293558788421074e8,0.0,0.0,2.9051512040335827e7,0.0,0.0,0.0,2.4198709992454657e8
steelscrap_source_Region12Anhui_steelscrap_source_Region20Guangxi,1.8336574197889447e8,0.0,0.0,3.2364053459274914e7,0.0,0.0,0.0,2.157297954381694e8
steelscrap_source_Region12Anhui_steelscrap_source_Region21Hainan,1.5604848120390156e8,0.0,0.0,3.1443768962586083e7,0.0,0.0,0.0,1.8749225016648763e8
steelscrap_source_Region12Anhui_steelscrap_source_Region22Chongqing,2.2051691038008413e8,0.0,0.0,3.020346615839215e7,0.0,0.0,0.0,2.507203765384763e8
steelscrap_source_Region12Anhui_steelscrap_source_Region23Sichuan,1.926314276658559e8,0.0,0.0,3.2561132323118493e7,0.0,0.0,0.0,2.251925599889744e8
steelscrap_source_Region12Anhui_steelscrap_source_Region24Guizhou,1.939459046865915e8,0.0,0.0,3.0785679937251523e7,0.0,0.0,0.0,2.24731584623843e8
steelscrap_source_Region12Anhui_steelscrap_source_Region25Yunnan,1.4375537582648066e8,0.0,0.0,3.1180541016763795e7,0.0,0.0,0.0,1.7493591684324446e8
steelscrap_source_Region12Anhui_steelscrap_source_Region27Shaanxi,2.4681356291732594e8,0.0,0.0,2.551229528688759e7,0.0,0.0,0.0,2.7232585820421356e8
steelscrap_source_Region12Anhui_steelscrap_source_Region28Gansu,2.099996963369805e8,0.0,0.0,3.6238947597884744e7,0.0,0.0,0.0,2.4623864393486524e8
steelscrap_source_Region12Anhui_steelscrap_source_Region29Qinghai,1.8949691130658674e8,0.0,0.0,3.7413006855630375e7,0.0,0.0,0.0,2.269099181622171e8
steelscrap_source_Region12Anhui_steelscrap_source_Region30Ningxia,1.8056806433457467e8,0.0,0.0,3.0588230098277092e7,0.0,0.0,0.0,2.1115629443285176e8
steelscrap_source_Region12Anhui_steelscrap_source_Region31Xinjiang,7.34378035927389e7,0.0,0.0,2.849141986719626e7,0.0,0.0,0.0,1.0192922345993516e8
steelscrap_source_Region13Fujian_steelscrap_source_Region1Beijing,1.5313276624849734e8,0.0,0.0,3.2045583550268944e7,0.0,0.0,0.0,1.851783497987663e8
steelscrap_source_Region13Fujian_steelscrap_source_Region2Tianjin,1.5977269025839424e8,0.0,0.0,3.1091765524283532e7,0.0,0.0,0.0,1.9086445578267777e8
steelscrap_source_Region13Fujian_steelscrap_source_Region3Hebei,1.7988984257064903e8,0.0,0.0,3.36573895449685e7,0.0,0.0,0.0,2.135472321156175e8
steelscrap_source_Region13Fujian_steelscrap_source_Region4Shanxi,1.6350881712959468e8,0.0,0.0,3.2876172830857158e7,0.0,0.0,0.0,1.9638498996045184e8
steelscrap_source_Region13Fujian_steelscrap_source_Region5Innermongolia,1.344476887881447e8,0.0,0.0,3.322650548917685e7,0.0,0.0,0.0,1.6767419427732155e8
steelscrap_source_Region13Fujian_steelscrap_source_Region6Liaoning,1.2551866289516078e8,0.0,0.0,3.320387029119984e7,0.0,0.0,0.0,1.5872253318636063e8
steelscrap_source_Region13Fujian_steelscrap_source_Region7Jilin,1.1486814802055447e8,0.0,0.0,3.422305023359036e7,0.0,0.0,0.0,1.4909119825414482e8
steelscrap_source_Region13Fujian_steelscrap_source_Region8Heilongjiang,1.0680033193992673e8,0.0,0.0,3.487030837838608e7,0.0,0.0,0.0,1.4167064031831282e8
steelscrap_source_Region13Fujian_steelscrap_source_Region9Shanghai,2.919462384025746e8,0.0,0.0,2.486408797061929e7,0.0,0.0,0.0,3.1681032637319386e8
steelscrap_source_Region13Fujian_steelscrap_source_Region10Jiangsu,2.9680556475156873e8,0.0,0.0,2.8166848094923884e7,0.0,0.0,0.0,3.2497241284649265e8
steelscrap_source_Region13Fujian_steelscrap_source_Region11Zhejiang,3.426176241568979e8,0.0,0.0,2.313811021806241e7,0.0,0.0,0.0,3.657557343749603e8
steelscrap_source_Region13Fujian_steelscrap_source_Region12Anhui,2.7218560821166646e8,0.0,0.0,2.702803089541861e7,0.0,0.0,0.0,2.9921363910708505e8
steelscrap_source_Region13Fujian_steelscrap_source_Region14Jiangxi,3.7175230541012716e8,0.0,0.0,2.324691083164651e7,0.0,0.0,0.0,3.9499921624177366e8
steelscrap_source_Region13Fujian_steelscrap_source_Region15Shandong,1.765027419569959e8,0.0,0.0,2.936417283691209e7,0.0,0.0,0.0,2.05866914793908e8
steelscrap_source_Region13Fujian_steelscrap_source_Region16Henan,1.85785304083023e8,0.0,0.0,2.8307487498783227e7,0.0,0.0,0.0,2.1409279158180624e8
steelscrap_source_Region13Fujian_steelscrap_source_Region17Hubei,2.6483420342300218e8,0.0,0.0,2.6403970081273243e7,0.0,0.0,0.0,2.9123817350427544e8
steelscrap_source_Region13Fujian_steelscrap_source_Region18Hunan,2.6466333021314973e8,0.0,0.0,2.550472292154059e7,0.0,0.0,0.0,2.901680531346903e8
steelscrap_source_Region13Fujian_steelscrap_source_Region19Guangdong,2.752367588434231e8,0.0,0.0,2.701907515979606e7,0.0,0.0,0.0,3.022558340032192e8
steelscrap_source_Region13Fujian_steelscrap_source_Region20Guangxi,1.9111662474619168e8,0.0,0.0,3.0807999909085948e7,0.0,0.0,0.0,2.2192462465527764e8
steelscrap_source_Region13Fujian_steelscrap_source_Region21Hainan,1.7778899146247908e8,0.0,0.0,2.858846982716666e7,0.0,0.0,0.0,2.0637746128964573e8
steelscrap_source_Region13Fujian_steelscrap_source_Region22Chongqing,1.635366163796135e8,0.0,0.0,2.9692798313991666e7,0.0,0.0,0.0,1.9322941469360515e8
steelscrap_source_Region13Fujian_steelscrap_source_Region23Sichuan,1.4342986523012853e8,0.0,0.0,3.171234320238133e7,0.0,0.0,0.0,1.7514220843250987e8
steelscrap_source_Region13Fujian_steelscrap_source_Region24Guizhou,1.693592172827547e8,0.0,0.0,2.881929347428231e7,0.0,0.0,0.0,1.9817851075703698e8
steelscrap_source_Region13Fujian_steelscrap_source_Region25Yunnan,1.3801474911679718e8,0.0,0.0,3.171118885540279e7,0.0,0.0,0.0,1.6972593797219998e8
steelscrap_source_Region13Fujian_steelscrap_source_Region27Shaanxi,1.6536814985566258e8,0.0,0.0,2.9915098308889322e7,0.0,0.0,0.0,1.952832481645519e8
steelscrap_source_Region13Fujian_steelscrap_source_Region28Gansu,1.3142689556929426e8,0.0,0.0,3.286986658188065e7,0.0,0.0,0.0,1.642967621511749e8
steelscrap_source_Region13Fujian_steelscrap_source_Region29Qinghai,1.2226677246231857e8,0.0,0.0,3.361928686805552e7,0.0,0.0,0.0,1.558860593303741e8
steelscrap_source_Region13Fujian_steelscrap_source_Region30Ningxia,1.3215704608831216e8,0.0,0.0,3.3074503401034795e7,0.0,0.0,0.0,1.6523154948934695e8
steelscrap_source_Region13Fujian_steelscrap_source_Region31Xinjiang,6.4162266475729525e7,0.0,0.0,2.9867535044452082e7,0.0,0.0,0.0,9.402980152018161e7
steelscrap_source_Region14Jiangxi_steelscrap_source_Region1Beijing,2.1271072055243295e8,0.0,0.0,3.3856456354595535e7,0.0,0.0,0.0,2.465671769070285e8
steelscrap_source_Region14Jiangxi_steelscrap_source_Region2Tianjin,2.1811265663344955e8,0.0,0.0,3.2920470307875272e7,0.0,0.0,0.0,2.5103312694132483e8
steelscrap_source_Region14Jiangxi_steelscrap_source_Region3Hebei,2.7432583226298565e8,0.0,0.0,3.63481727748457e7,0.0,0.0,0.0,3.1067400503783137e8
steelscrap_source_Region14Jiangxi_steelscrap_source_Region4Shanxi,2.4433769211679733e8,0.0,0.0,3.473667522927143e7,0.0,0.0,0.0,2.7907436734606874e8
steelscrap_source_Region14Jiangxi_steelscrap_source_Region5Innermongolia,1.752357061784489e8,0.0,0.0,3.299104228319615e7,0.0,0.0,0.0,2.0822674846164504e8
steelscrap_source_Region14Jiangxi_steelscrap_source_Region6Liaoning,1.599052931509533e8,0.0,0.0,3.558425790252542e7,0.0,0.0,0.0,1.9548955105347872e8
steelscrap_source_Region14Jiangxi_steelscrap_source_Region7Jilin,1.4374144924445498e8,0.0,0.0,3.678822824329745e7,0.0,0.0,0.0,1.8052967748775244e8
steelscrap_source_Region14Jiangxi_steelscrap_source_Region8Heilongjiang,1.3188000342868884e8,0.0,0.0,3.751986097546189e7,0.0,0.0,0.0,1.6939986440415072e8
steelscrap_source_Region14Jiangxi_steelscrap_source_Region9Shanghai,3.538930400856651e8,0.0,0.0,2.7863178689411413e7,0.0,0.0,0.0,3.817562187750765e8
steelscrap_source_Region14Jiangxi_steelscrap_source_Region10Jiangsu,4.7822627928492445e8,0.0,0.0,3.1068767277544007e7,0.0,0.0,0.0,5.0929504656246847e8
steelscrap_source_Region14Jiangxi_steelscrap_source_Region11Zhejiang,4.3241466450039e8,0.0,0.0,2.572867253777327e7,0.0,0.0,0.0,4.5814333703816324e8
steelscrap_source_Region14Jiangxi_steelscrap_source_Region12Anhui,5.610861715887969e8,0.0,0.0,2.758673676978249e7,0.0,0.0,0.0,5.886729083585794e8
steelscrap_source_Region14Jiangxi_steelscrap_source_Region13Fujian,4.180210710500263e8,0.0,0.0,2.618205308343333e7,0.0,0.0,0.0,4.442031241334596e8
steelscrap_source_Region14Jiangxi_steelscrap_source_Region15Shandong,2.5297397590551794e8,0.0,0.0,3.0458066699024353e7,0.0,0.0,0.0,2.834320426045423e8
steelscrap_source_Region14Jiangxi_steelscrap_source_Region16Henan,2.8339147483706796e8,0.0,0.0,2.651599566225484e7,0.0,0.0,0.0,3.099074704993228e8
steelscrap_source_Region14Jiangxi_steelscrap_source_Region17Hubei,6.661618770756842e8,0.0,0.0,2.513650816165591e7,0.0,0.0,0.0,6.912983852373401e8
steelscrap_source_Region14Jiangxi_steelscrap_source_Region18Hunan,6.152319572292476e8,0.0,0.0,2.3460845302341893e7,0.0,0.0,0.0,6.386928025315895e8
steelscrap_source_Region14Jiangxi_steelscrap_source_Region19Guangdong,3.1346807123927057e8,0.0,0.0,2.7459803040560048e7,0.0,0.0,0.0,3.4092787427983063e8
steelscrap_source_Region14Jiangxi_steelscrap_source_Region20Guangxi,2.396602007456966e8,0.0,0.0,3.1163814770298764e7,0.0,0.0,0.0,2.708240155159954e8
steelscrap_source_Region14Jiangxi_steelscrap_source_Region21Hainan,1.9413204077164397e8,0.0,0.0,2.9637491557804257e7,0.0,0.0,0.0,2.2376953232944822e8
steelscrap_source_Region14Jiangxi_steelscrap_source_Region22Chongqing,2.4426717846841416e8,0.0,0.0,3.0061147430179436e7,0.0,0.0,0.0,2.743283258985936e8
steelscrap_source_Region14Jiangxi_steelscrap_source_Region23Sichuan,2.0457070854527414e8,0.0,0.0,3.278586555618935e7,0.0,0.0,0.0,2.373565741014635e8
steelscrap_source_Region14Jiangxi_steelscrap_source_Region24Guizhou,2.359001501665687e8,0.0,0.0,2.926734529733226e7,0.0,0.0,0.0,2.6516749546390095e8
steelscrap_source_Region14Jiangxi_steelscrap_source_Region25Yunnan,1.6463346396413797e8,0.0,0.0,3.0309020715797808e7,0.0,0.0,0.0,1.9494248467993578e8
steelscrap_source_Region14Jiangxi_steelscrap_source_Region27Shaanxi,2.3013988302950814e8,0.0,0.0,2.7371303421642903e7,0.0,0.0,0.0,2.5751118645115104e8
steelscrap_source_Region14Jiangxi_steelscrap_source_Region28Gansu,1.8215578594199076e8,0.0,0.0,3.426957519521998e7,0.0,0.0,0.0,2.1642536113721073e8
steelscrap_source_Region14Jiangxi_steelscrap_source_Region29Qinghai,1.654258365855782e8,0.0,0.0,3.5235703192728184e7,0.0,0.0,0.0,2.006615397783064e8
steelscrap_source_Region14Jiangxi_steelscrap_source_Region30Ningxia,1.706423950500032e8,0.0,0.0,3.2131962987915628e7,0.0,0.0,0.0,2.0277435803791884e8
steelscrap_source_Region14Jiangxi_steelscrap_source_Region31Xinjiang,7.199434516011849e7,0.0,0.0,2.9052118083613142e7,0.0,0.0,0.0,1.0104646324373163e8
steelscrap_source_Region15Shandong_steelscrap_source_Region1Beijing,6.43639260660933e8,0.0,0.0,2.9178313149962325e7,0.0,0.0,0.0,6.728175738108953e8
steelscrap_source_Region15Shandong_steelscrap_source_Region2Tianjin,7.637055643823584e8,0.0,0.0,2.6678781049090385e7,0.0,0.0,0.0,7.903843454314488e8
steelscrap_source_Region15Shandong_steelscrap_source_Region3Hebei,1.6303251551366367e9,0.0,0.0,5.6191873680375956e7,0.0,0.0,0.0,1.6865170288170128e9
steelscrap_source_Region15Shandong_steelscrap_source_Region4Shanxi,5.984036776237642e8,0.0,0.0,3.456778577739943e7,0.0,0.0,0.0,6.329714634011636e8
steelscrap_source_Region15Shandong_steelscrap_source_Region5Innermongolia,2.977197040075432e8,0.0,0.0,2.9116987051937632e7,0.0,0.0,0.0,3.2683669105948085e8
steelscrap_source_Region15Shandong_steelscrap_source_Region6Liaoning,2.931055859128028e8,0.0,0.0,3.0942179686194938e7,0.0,0.0,0.0,3.240477655989978e8
steelscrap_source_Region15Shandong_steelscrap_source_Region7Jilin,2.3780527027317637e8,0.0,0.0,3.304700572562902e7,0.0,0.0,0.0,2.708522759988054e8
steelscrap_source_Region15Shandong_steelscrap_source_Region8Heilongjiang,2.0463868463513163e8,0.0,0.0,3.428380096587236e7,0.0,0.0,0.0,2.38922485601004e8
steelscrap_source_Region15Shandong_steelscrap_source_Region9Shanghai,3.339207371831451e8,0.0,0.0,3.1065759249271978e7,0.0,0.0,0.0,3.649864964324171e8
steelscrap_source_Region15Shandong_steelscrap_source_Region10Jiangsu,4.860254606373843e8,0.0,0.0,3.389217545511362e7,0.0,0.0,0.0,5.1991763609249794e8
steelscrap_source_Region15Shandong_steelscrap_source_Region11Zhejiang,3.225483314228901e8,0.0,0.0,3.0953888205550052e7,0.0,0.0,0.0,3.535022196284402e8
steelscrap_source_Region15Shandong_steelscrap_source_Region12Anhui,4.3906025144384336e8,0.0,0.0,3.1407443319949668e7,0.0,0.0,0.0,4.7046769476379305e8
steelscrap_source_Region15Shandong_steelscrap_source_Region13Fujian,1.903693983799548e8,0.0,0.0,3.1601320131072532e7,0.0,0.0,0.0,2.219707185110273e8
steelscrap_source_Region15Shandong_steelscrap_source_Region14Jiangxi,2.6274230890521374e8,0.0,0.0,3.180933553145788e7,0.0,0.0,0.0,2.945516444366716e8
steelscrap_source_Region15Shandong_steelscrap_source_Region16Henan,4.638682521462271e8,0.0,0.0,2.3641818584386006e7,0.0,0.0,0.0,4.875100707306131e8
steelscrap_source_Region15Shandong_steelscrap_source_Region17Hubei,3.2260361896289074e8,0.0,0.0,3.0625836893543687e7,0.0,0.0,0.0,3.532294558564344e8
steelscrap_source_Region15Shandong_steelscrap_source_Region18Hunan,2.426301995762669e8,0.0,0.0,3.2148501443855353e7,0.0,0.0,0.0,2.747787010201223e8
steelscrap_source_Region15Shandong_steelscrap_source_Region19Guangdong,1.6112895117325804e8,0.0,0.0,3.3106628501065288e7,0.0,0.0,0.0,1.9423557967432332e8
steelscrap_source_Region15Shandong_steelscrap_source_Region20Guangxi,1.5417425454670042e8,0.0,0.0,3.545493940392266e7,0.0,0.0,0.0,1.896291939506231e8
steelscrap_source_Region15Shandong_steelscrap_source_Region21Hainan,1.3294592327485459e8,0.0,0.0,3.469445444396122e7,0.0,0.0,0.0,1.676403777188158e8
steelscrap_source_Region15Shandong_steelscrap_source_Region22Chongqing,1.9294161080192912e8,0.0,0.0,3.366187969791002e7,0.0,0.0,0.0,2.2660349049983913e8
steelscrap_source_Region15Shandong_steelscrap_source_Region23Sichuan,1.875389250451091e8,0.0,0.0,3.45071622083002e7,0.0,0.0,0.0,2.220460872534093e8
steelscrap_source_Region15Shandong_steelscrap_source_Region24Guizhou,1.6938161486650422e8,0.0,0.0,3.410781118028514e7,0.0,0.0,0.0,2.0348942604678935e8
steelscrap_source_Region15Shandong_steelscrap_source_Region25Yunnan,1.2957760884428138e8,0.0,0.0,3.362970874871907e7,0.0,0.0,0.0,1.6320731759300044e8
steelscrap_source_Region15Shandong_steelscrap_source_Region27Shaanxi,2.6376910115105692e8,0.0,0.0,2.6974786744381428e7,0.0,0.0,0.0,2.907438878954383e8
steelscrap_source_Region15Shandong_steelscrap_source_Region28Gansu,2.1854782318004557e8,0.0,0.0,3.4763673740505874e7,0.0,0.0,0.0,2.5331149692055145e8
steelscrap_source_Region15Shandong_steelscrap_source_Region29Qinghai,1.9678376396922636e8,0.0,0.0,3.57293720780124e7,0.0,0.0,0.0,2.3251313604723877e8
steelscrap_source_Region15Shandong_steelscrap_source_Region30Ningxia,2.349283074626758e8,0.0,0.0,2.961662862746127e7,0.0,0.0,0.0,2.6454493609013706e8
steelscrap_source_Region15Shandong_steelscrap_source_Region31Xinjiang,8.040533385462832e7,0.0,0.0,2.8299997339034166e7,0.0,0.0,0.0,1.087053311936625e8
steelscrap_source_Region16Henan_steelscrap_source_Region1Beijing,3.7283787564207643e8,0.0,0.0,2.9317484954655252e7,0.0,0.0,0.0,4.0215536059673166e8
steelscrap_source_Region16Henan_steelscrap_source_Region2Tianjin,3.685435003293199e8,0.0,0.0,2.826728647525883e7,0.0,0.0,0.0,3.968107868045787e8
steelscrap_source_Region16Henan_steelscrap_source_Region3Hebei,9.410271918115984e8,0.0,0.0,4.419691044208473e7,0.0,0.0,0.0,9.852241022536831e8
steelscrap_source_Region16Henan_steelscrap_source_Region4Shanxi,6.995841480829281e8,0.0,0.0,3.434958167087159e7,0.0,0.0,0.0,7.339337297537997e8
steelscrap_source_Region16Henan_steelscrap_source_Region5Innermongolia,3.112729147783454e8,0.0,0.0,2.9622805723072547e7,0.0,0.0,0.0,3.4089572050141793e8
steelscrap_source_Region16Henan_steelscrap_source_Region6Liaoning,2.0656924536309564e8,0.0,0.0,3.108178578563382e7,0.0,0.0,0.0,2.3765103114872947e8
steelscrap_source_Region16Henan_steelscrap_source_Region7Jilin,1.767089429289506e8,0.0,0.0,3.249677460463404e7,0.0,0.0,0.0,2.0920571753358465e8
steelscrap_source_Region16Henan_steelscrap_source_Region8Heilongjiang,1.5699887664727762e8,0.0,0.0,3.335702799165837e7,0.0,0.0,0.0,1.9035590463893598e8
steelscrap_source_Region16Henan_steelscrap_source_Region9Shanghai,2.7490999331913245e8,0.0,0.0,2.9690279278466202e7,0.0,0.0,0.0,3.046002725975987e8
steelscrap_source_Region16Henan_steelscrap_source_Region10Jiangsu,4.2206137705458677e8,0.0,0.0,3.210480208128562e7,0.0,0.0,0.0,4.5416617913587236e8
steelscrap_source_Region16Henan_steelscrap_source_Region11Zhejiang,2.7535766006140685e8,0.0,0.0,2.9325590796539776e7,0.0,0.0,0.0,3.0468325085794663e8
steelscrap_source_Region16Henan_steelscrap_source_Region12Anhui,4.709360405780158e8,0.0,0.0,2.9433502536125988e7,0.0,0.0,0.0,5.003695431141418e8
steelscrap_source_Region16Henan_steelscrap_source_Region13Fujian,2.066731096024361e8,0.0,0.0,3.146942548879759e7,0.0,0.0,0.0,2.3814253509123367e8
steelscrap_source_Region16Henan_steelscrap_source_Region14Jiangxi,3.062104975363236e8,0.0,0.0,2.919206743179602e7,0.0,0.0,0.0,3.354025649681196e8
steelscrap_source_Region16Henan_steelscrap_source_Region15Shandong,5.034825881801902e8,0.0,0.0,2.547621896191759e7,0.0,0.0,0.0,5.289588071421078e8
steelscrap_source_Region16Henan_steelscrap_source_Region17Hubei,4.8469529294362247e8,0.0,0.0,2.7918448873552755e7,0.0,0.0,0.0,5.126137418171752e8
steelscrap_source_Region16Henan_steelscrap_source_Region18Hunan,3.132573584674892e8,0.0,0.0,2.8527303444439374e7,0.0,0.0,0.0,3.4178466191192853e8
steelscrap_source_Region16Henan_steelscrap_source_Region19Guangdong,1.9374098698573276e8,0.0,0.0,3.1973720885545287e7,0.0,0.0,0.0,2.2571470787127805e8
steelscrap_source_Region16Henan_steelscrap_source_Region20Guangxi,1.8441425655032238e8,0.0,0.0,3.4325640285900004e7,0.0,0.0,0.0,2.1873989683622238e8
steelscrap_source_Region16Henan_steelscrap_source_Region21Hainan,1.528214651743251e8,0.0,0.0,3.3391490140590064e7,0.0,0.0,0.0,1.8621295531491518e8
steelscrap_source_Region16Henan_steelscrap_source_Region22Chongqing,2.2664082289646116e8,0.0,0.0,2.991658862233278e7,0.0,0.0,0.0,2.5655741151879394e8
steelscrap_source_Region16Henan_steelscrap_source_Region23Sichuan,2.2482290199939e8,0.0,0.0,3.056842057518367e7,0.0,0.0,0.0,2.5539132257457367e8
steelscrap_source_Region16Henan_steelscrap_source_Region24Guizhou,1.9466869280416533e8,0.0,0.0,3.0932855286581818e7,0.0,0.0,0.0,2.2560154809074715e8
steelscrap_source_Region16Henan_steelscrap_source_Region25Yunnan,1.490825995807686e8,0.0,0.0,3.2360862948998943e7,0.0,0.0,0.0,1.814434625297675e8
steelscrap_source_Region16Henan_steelscrap_source_Region27Shaanxi,4.524475405497815e8,0.0,0.0,2.4552819867168095e7,0.0,0.0,0.0,4.7700036041694957e8
steelscrap_source_Region16Henan_steelscrap_source_Region28Gansu,2.4563152713258433e8,0.0,0.0,2.9885169134464417e7,0.0,0.0,0.0,2.755166962670488e8
steelscrap_source_Region16Henan_steelscrap_source_Region29Qinghai,2.112886481003252e8,0.0,0.0,3.0960829901634254e7,0.0,0.0,0.0,2.4224947800195944e8
steelscrap_source_Region16Henan_steelscrap_source_Region30Ningxia,2.6982512899721164e8,0.0,0.0,2.915010810266535e7,0.0,0.0,0.0,2.98975237099877e8
steelscrap_source_Region16Henan_steelscrap_source_Region31Xinjiang,8.418021215763614e7,0.0,0.0,2.8110578846506678e7,0.0,0.0,0.0,1.1229079100414282e8
steelscrap_source_Region17Hubei_steelscrap_source_Region1Beijing,2.4687886136006123e8,0.0,0.0,3.192143677385578e7,0.0,0.0,0.0,2.7880029813391703e8
steelscrap_source_Region17Hubei_steelscrap_source_Region2Tianjin,2.465795581898261e8,0.0,0.0,3.117587547380054e7,0.0,0.0,0.0,2.777554336636267e8
steelscrap_source_Region17Hubei_steelscrap_source_Region3Hebei,3.4536473020467573e8,0.0,0.0,3.5031495800427526e7,0.0,0.0,0.0,3.8039622600510323e8
steelscrap_source_Region17Hubei_steelscrap_source_Region4Shanxi,3.063823103827942e8,0.0,0.0,3.2701205261523582e7,0.0,0.0,0.0,3.390835156443178e8
steelscrap_source_Region17Hubei_steelscrap_source_Region5Innermongolia,2.0342901010474697e8,0.0,0.0,3.108395274400543e7,0.0,0.0,0.0,2.345129628487524e8
steelscrap_source_Region17Hubei_steelscrap_source_Region6Liaoning,1.7165177407997543e8,0.0,0.0,3.4364685170811035e7,0.0,0.0,0.0,2.0601645925078645e8
steelscrap_source_Region17Hubei_steelscrap_source_Region7Jilin,1.5286350602339327e8,0.0,0.0,3.570891500706456e7,0.0,0.0,0.0,1.8857242103045782e8
steelscrap_source_Region17Hubei_steelscrap_source_Region8Heilongjiang,1.393284454375396e8,0.0,0.0,3.6531918393723026e7,0.0,0.0,0.0,1.7586036383126265e8
steelscrap_source_Region17Hubei_steelscrap_source_Region9Shanghai,3.2294227481972885e8,0.0,0.0,2.810674265181025e7,0.0,0.0,0.0,3.510490174715391e8
steelscrap_source_Region17Hubei_steelscrap_source_Region10Jiangsu,5.036331942409968e8,0.0,0.0,3.0083689469328783e7,0.0,0.0,0.0,5.3371688371032554e8
steelscrap_source_Region17Hubei_steelscrap_source_Region11Zhejiang,3.462057280405485e8,0.0,0.0,2.7015586978097484e7,0.0,0.0,0.0,3.73221315018646e8
steelscrap_source_Region17Hubei_steelscrap_source_Region12Anhui,6.304691991697954e8,0.0,0.0,2.6185487405518766e7,0.0,0.0,0.0,6.566546865753142e8
steelscrap_source_Region17Hubei_steelscrap_source_Region13Fujian,2.7788011683664745e8,0.0,0.0,2.7686122307491325e7,0.0,0.0,0.0,3.0556623914413875e8
steelscrap_source_Region17Hubei_steelscrap_source_Region14Jiangxi,6.109014756460894e8,0.0,0.0,2.351970681237442e7,0.0,0.0,0.0,6.344211824584639e8
steelscrap_source_Region17Hubei_steelscrap_source_Region15Shandong,2.9776163695708734e8,0.0,0.0,2.8207952407734785e7,0.0,0.0,0.0,3.2596958936482215e8
steelscrap_source_Region17Hubei_steelscrap_source_Region16Henan,3.94547012941738e8,0.0,0.0,2.293633301901304e7,0.0,0.0,0.0,4.1748334596075106e8
steelscrap_source_Region17Hubei_steelscrap_source_Region18Hunan,5.989555955236554e8,0.0,0.0,2.268045188382913e7,0.0,0.0,0.0,6.216360474074845e8
steelscrap_source_Region17Hubei_steelscrap_source_Region19Guangdong,2.5546959099099794e8,0.0,0.0,2.8314546334835682e7,0.0,0.0,0.0,2.837841373258336e8
steelscrap_source_Region17Hubei_steelscrap_source_Region20Guangxi,2.2987267539597523e8,0.0,0.0,3.105579844599626e7,0.0,0.0,0.0,2.609284738419715e8
steelscrap_source_Region17Hubei_steelscrap_source_Region21Hainan,1.8129113185947835e8,0.0,0.0,3.011245700185952e7,0.0,0.0,0.0,2.1140358886133787e8
steelscrap_source_Region17Hubei_steelscrap_source_Region22Chongqing,2.8786208212901545e8,0.0,0.0,2.7644355287123088e7,0.0,0.0,0.0,3.155064374161385e8
steelscrap_source_Region17Hubei_steelscrap_source_Region23Sichuan,2.377450383471965e8,0.0,0.0,3.059778643528433e7,0.0,0.0,0.0,2.6834282478248084e8
steelscrap_source_Region17Hubei_steelscrap_source_Region24Guizhou,2.4469129227909803e8,0.0,0.0,2.8392346280784585e7,0.0,0.0,0.0,2.7308363855988264e8
steelscrap_source_Region17Hubei_steelscrap_source_Region25Yunnan,1.7009654040912378e8,0.0,0.0,2.962514745458899e7,0.0,0.0,0.0,1.9972168786371276e8
steelscrap_source_Region17Hubei_steelscrap_source_Region27Shaanxi,2.972832963773117e8,0.0,0.0,2.4654694712891728e7,0.0,0.0,0.0,3.219379910902034e8
steelscrap_source_Region17Hubei_steelscrap_source_Region28Gansu,2.1107532710706958e8,0.0,0.0,3.210455725298533e7,0.0,0.0,0.0,2.431798843600549e8
steelscrap_source_Region17Hubei_steelscrap_source_Region29Qinghai,1.8804684134626487e8,0.0,0.0,3.3278022690244086e7,0.0,0.0,0.0,2.2132486403650895e8
steelscrap_source_Region17Hubei_steelscrap_source_Region30Ningxia,1.9814721073939487e8,0.0,0.0,3.01778201956098e7,0.0,0.0,0.0,2.2832503093500468e8
steelscrap_source_Region17Hubei_steelscrap_source_Region31Xinjiang,7.694396694504428e7,0.0,0.0,2.827947265120206e7,0.0,0.0,0.0,1.0522343959624633e8
steelscrap_source_Region18Hunan_steelscrap_source_Region1Beijing,2.0667998704518434e8,0.0,0.0,3.4515557836545885e7,0.0,0.0,0.0,2.4119554488173023e8
steelscrap_source_Region18Hunan_steelscrap_source_Region2Tianjin,2.064571858652326e8,0.0,0.0,3.388650610668015e7,0.0,0.0,0.0,2.4034369197191274e8
steelscrap_source_Region18Hunan_steelscrap_source_Region3Hebei,2.7109497906643075e8,0.0,0.0,3.685988065373242e7,0.0,0.0,0.0,3.0795485972016317e8
steelscrap_source_Region18Hunan_steelscrap_source_Region4Shanxi,2.510196289764831e8,0.0,0.0,3.496703431642407e7,0.0,0.0,0.0,2.859866632929072e8
steelscrap_source_Region18Hunan_steelscrap_source_Region5Innermongolia,1.785988470656723e8,0.0,0.0,3.3106272951073423e7,0.0,0.0,0.0,2.1170512001674575e8
steelscrap_source_Region18Hunan_steelscrap_source_Region6Liaoning,1.5305704827061048e8,0.0,0.0,3.64122717835782e7,0.0,0.0,0.0,1.8946932005418867e8
steelscrap_source_Region18Hunan_steelscrap_source_Region7Jilin,1.3832522630556288e8,0.0,0.0,3.752763389669929e7,0.0,0.0,0.0,1.7585286020226216e8
steelscrap_source_Region18Hunan_steelscrap_source_Region8Heilongjiang,1.2739474163704993e8,0.0,0.0,3.8201436525563456e7,0.0,0.0,0.0,1.655961781626134e8
steelscrap_source_Region18Hunan_steelscrap_source_Region9Shanghai,2.6629034393066776e8,0.0,0.0,3.0996196033529688e7,0.0,0.0,0.0,2.9728653996419746e8
steelscrap_source_Region18Hunan_steelscrap_source_Region10Jiangsu,3.4308510616848993e8,0.0,0.0,3.277606380929645e7,0.0,0.0,0.0,3.7586116997778636e8
steelscrap_source_Region18Hunan_steelscrap_source_Region11Zhejiang,3.0265680789908206e8,0.0,0.0,2.940815316752763e7,0.0,0.0,0.0,3.320649610666097e8
steelscrap_source_Region18Hunan_steelscrap_source_Region12Anhui,3.776792991874828e8,0.0,0.0,3.01136294552153e7,0.0,0.0,0.0,4.0779292864269805e8
steelscrap_source_Region18Hunan_steelscrap_source_Region13Fujian,2.945576584633534e8,0.0,0.0,2.8306990978328217e7,0.0,0.0,0.0,3.228646494416816e8
steelscrap_source_Region18Hunan_steelscrap_source_Region14Jiangxi,6.546418871028312e8,0.0,0.0,2.5181891257222172e7,0.0,0.0,0.0,6.798237783600534e8
steelscrap_source_Region18Hunan_steelscrap_source_Region15Shandong,2.381986253088039e8,0.0,0.0,3.1545437945062704e7,0.0,0.0,0.0,2.697440632538666e8
steelscrap_source_Region18Hunan_steelscrap_source_Region16Henan,2.937246785701572e8,0.0,0.0,2.667999163678939e7,0.0,0.0,0.0,3.2040467020694655e8
steelscrap_source_Region18Hunan_steelscrap_source_Region17Hubei,6.928470555277473e8,0.0,0.0,2.6097239091545124e7,0.0,0.0,0.0,7.189442946192924e8
steelscrap_source_Region18Hunan_steelscrap_source_Region19Guangdong,3.5938554629048073e8,0.0,0.0,2.7325281036286123e7,0.0,0.0,0.0,3.8671082732676685e8
steelscrap_source_Region18Hunan_steelscrap_source_Region20Guangxi,3.0365048764596015e8,0.0,0.0,3.021322352077294e7,0.0,0.0,0.0,3.338637111667331e8
steelscrap_source_Region18Hunan_steelscrap_source_Region21Hainan,2.1947709408744898e8,0.0,0.0,2.8649076681548484e7,0.0,0.0,0.0,2.4812617076899746e8
steelscrap_source_Region18Hunan_steelscrap_source_Region22Chongqing,3.222524558155273e8,0.0,0.0,2.7455909235482924e7,0.0,0.0,0.0,3.4970836505101025e8
steelscrap_source_Region18Hunan_steelscrap_source_Region23Sichuan,2.48072670911835e8,0.0,0.0,3.0951200240766633e7,0.0,0.0,0.0,2.7902387115260166e8
steelscrap_source_Region18Hunan_steelscrap_source_Region24Guizhou,3.039255348225912e8,0.0,0.0,2.6775839617870234e7,0.0,0.0,0.0,3.307013744404614e8
steelscrap_source_Region18Hunan_steelscrap_source_Region25Yunnan,1.9621286269734263e8,0.0,0.0,2.8692860955108155e7,0.0,0.0,0.0,2.249057236524508e8
steelscrap_source_Region18Hunan_steelscrap_source_Region27Shaanxi,2.47426953647149e8,0.0,0.0,2.713448924997059e7,0.0,0.0,0.0,2.745614428971196e8
steelscrap_source_Region18Hunan_steelscrap_source_Region28Gansu,1.904030348648121e8,0.0,0.0,3.405675616948609e7,0.0,0.0,0.0,2.2445979103429818e8
steelscrap_source_Region18Hunan_steelscrap_source_Region29Qinghai,1.719868265076219e8,0.0,0.0,3.503944945381939e7,0.0,0.0,0.0,2.070262759614413e8
steelscrap_source_Region18Hunan_steelscrap_source_Region30Ningxia,1.7845534717498332e8,0.0,0.0,3.1955404167467043e7,0.0,0.0,0.0,2.1041075134245038e8
steelscrap_source_Region18Hunan_steelscrap_source_Region31Xinjiang,7.350344357460928e7,0.0,0.0,2.897995768668264e7,0.0,0.0,0.0,1.0248340126129192e8
steelscrap_source_Region19Guangdong_steelscrap_source_Region1Beijing,1.3787693008926806e8,0.0,0.0,3.320536066316533e7,0.0,0.0,0.0,1.710822907524334e8
steelscrap_source_Region19Guangdong_steelscrap_source_Region2Tianjin,1.3767054189387158e8,0.0,0.0,3.279312307912034e7,0.0,0.0,0.0,1.704636649729919e8
steelscrap_source_Region19Guangdong_steelscrap_source_Region3Hebei,1.6373342965604463e8,0.0,0.0,3.440585135172335e7,0.0,0.0,0.0,1.9813928100776798e8
steelscrap_source_Region19Guangdong_steelscrap_source_Region4Shanxi,1.5608157989228854e8,0.0,0.0,3.3318214587673888e7,0.0,0.0,0.0,1.893997944799624e8
steelscrap_source_Region19Guangdong_steelscrap_source_Region5Innermongolia,1.2959724270276766e8,0.0,0.0,3.363480438945821e7,0.0,0.0,0.0,1.6323204709222585e8
steelscrap_source_Region19Guangdong_steelscrap_source_Region6Liaoning,1.1133010013800286e8,0.0,0.0,3.473128023971908e7,0.0,0.0,0.0,1.4606138037772194e8
steelscrap_source_Region19Guangdong_steelscrap_source_Region7Jilin,1.0313048142978276e8,0.0,0.0,3.561783060313283e7,0.0,0.0,0.0,1.387483120329156e8
steelscrap_source_Region19Guangdong_steelscrap_source_Region8Heilongjiang,9.67487450545024e7,0.0,0.0,3.6177580734046936e7,0.0,0.0,0.0,1.3292632578854933e8
steelscrap_source_Region19Guangdong_steelscrap_source_Region9Shanghai,1.837559399420413e8,0.0,0.0,2.930907242075573e7,0.0,0.0,0.0,2.1306501236279702e8
steelscrap_source_Region19Guangdong_steelscrap_source_Region10Jiangsu,2.0174821676164186e8,0.0,0.0,3.0840577402296416e7,0.0,0.0,0.0,2.3258879416393828e8
steelscrap_source_Region19Guangdong_steelscrap_source_Region11Zhejiang,2.005412616341889e8,0.0,0.0,2.812925429855567e7,0.0,0.0,0.0,2.2867051593274456e8
steelscrap_source_Region19Guangdong_steelscrap_source_Region12Anhui,2.122169733549024e8,0.0,0.0,2.9087873147845212e7,0.0,0.0,0.0,2.413048465027476e8
steelscrap_source_Region19Guangdong_steelscrap_source_Region13Fujian,2.749392461794223e8,0.0,0.0,2.6999033974819295e7,0.0,0.0,0.0,3.019382801542416e8
steelscrap_source_Region19Guangdong_steelscrap_source_Region14Jiangxi,2.860859009379167e8,0.0,0.0,2.5270921249515984e7,0.0,0.0,0.0,3.113568221874327e8
steelscrap_source_Region19Guangdong_steelscrap_source_Region15Shandong,1.5094804072407326e8,0.0,0.0,3.1165738808163557e7,0.0,0.0,0.0,1.821137795322368e8
steelscrap_source_Region19Guangdong_steelscrap_source_Region16Henan,1.7539275238211367e8,0.0,0.0,2.893980414304876e7,0.0,0.0,0.0,2.0433255652516243e8
steelscrap_source_Region19Guangdong_steelscrap_source_Region17Hubei,2.430563926188317e8,0.0,0.0,2.7149399055523463e7,0.0,0.0,0.0,2.7020579167435515e8
steelscrap_source_Region19Guangdong_steelscrap_source_Region18Hunan,3.120448355770739e8,0.0,0.0,2.4017050844915416e7,0.0,0.0,0.0,3.3606188642198926e8
steelscrap_source_Region19Guangdong_steelscrap_source_Region20Guangxi,4.10101252859161e8,0.0,0.0,2.5959409305984963e7,0.0,0.0,0.0,4.36060662165146e8
steelscrap_source_Region19Guangdong_steelscrap_source_Region21Hainan,3.331341238905997e8,0.0,0.0,2.1809180644037947e7,0.0,0.0,0.0,3.549433045346377e8
steelscrap_source_Region19Guangdong_steelscrap_source_Region22Chongqing,1.984139979768684e8,0.0,0.0,2.732822132134732e7,0.0,0.0,0.0,2.2574221929821572e8
steelscrap_source_Region19Guangdong_steelscrap_source_Region23Sichuan,1.6992520919065976e8,0.0,0.0,2.9583978920093767e7,0.0,0.0,0.0,1.9950918811075354e8
steelscrap_source_Region19Guangdong_steelscrap_source_Region24Guizhou,2.38006532047793e8,0.0,0.0,2.467334382228776e7,0.0,0.0,0.0,2.6267987587008077e8
steelscrap_source_Region19Guangdong_steelscrap_source_Region25Yunnan,1.866305980490421e8,0.0,0.0,2.787639032859181e7,0.0,0.0,0.0,2.1450698837763393e8
steelscrap_source_Region19Guangdong_steelscrap_source_Region27Shaanxi,1.6326980445497093e8,0.0,0.0,3.0019874712454017e7,0.0,0.0,0.0,1.9328967916742495e8
steelscrap_source_Region19Guangdong_steelscrap_source_Region28Gansu,1.3158874234275831e8,0.0,0.0,3.2813846048872307e7,0.0,0.0,0.0,1.6440258839163062e8
steelscrap_source_Region19Guangdong_steelscrap_source_Region29Qinghai,1.228861932705311e8,0.0,0.0,3.3515161111316096e7,0.0,0.0,0.0,1.564013543818472e8
steelscrap_source_Region19Guangdong_steelscrap_source_Region30Ningxia,1.3090439036030452e8,0.0,0.0,3.315371859858638e7,0.0,0.0,0.0,1.6405810895889091e8
steelscrap_source_Region19Guangdong_steelscrap_source_Region31Xinjiang,6.422430856537399e7,0.0,0.0,2.9825768897759896e7,0.0,0.0,0.0,9.405007746313389e7
steelscrap_source_Region20Guangxi_steelscrap_source_Region1Beijing,1.3186789038818477e8,0.0,0.0,3.446587095112533e7,0.0,0.0,0.0,1.663337613393101e8
steelscrap_source_Region20Guangxi_steelscrap_source_Region2Tianjin,1.3201945419704142e8,0.0,0.0,3.403901594047068e7,0.0,0.0,0.0,1.660584701375121e8
steelscrap_source_Region20Guangxi_steelscrap_source_Region3Hebei,1.5369559860981682e8,0.0,0.0,3.545245141266443e7,0.0,0.0,0.0,1.8914805002248126e8
steelscrap_source_Region20Guangxi_steelscrap_source_Region4Shanxi,1.5115917113101465e8,0.0,0.0,3.4207320426948644e7,0.0,0.0,0.0,1.8536649155796328e8
steelscrap_source_Region20Guangxi_steelscrap_source_Region5Innermongolia,1.2716634549179976e8,0.0,0.0,3.463587363378307e7,0.0,0.0,0.0,1.618022191255828e8
steelscrap_source_Region20Guangxi_steelscrap_source_Region6Liaoning,1.0851960733243698e8,0.0,0.0,3.5985101791436195e7,0.0,0.0,0.0,1.4450470912387317e8
steelscrap_source_Region20Guangxi_steelscrap_source_Region7Jilin,1.0098337084169725e8,0.0,0.0,3.686229646958084e7,0.0,0.0,0.0,1.3784566731127807e8
steelscrap_source_Region20Guangxi_steelscrap_source_Region8Heilongjiang,9.50575937664509e7,0.0,0.0,3.74146689064751e7,0.0,0.0,0.0,1.32472262672926e8
steelscrap_source_Region20Guangxi_steelscrap_source_Region9Shanghai,1.534223519948445e8,0.0,0.0,3.1901621058128007e7,0.0,0.0,0.0,1.853239730529725e8
steelscrap_source_Region20Guangxi_steelscrap_source_Region10Jiangsu,1.69929354579718e8,0.0,0.0,3.2705736444776334e7,0.0,0.0,0.0,2.0263509102449432e8
steelscrap_source_Region20Guangxi_steelscrap_source_Region11Zhejiang,1.6355009334512842e8,0.0,0.0,3.0861902614225507e7,0.0,0.0,0.0,1.9441199595935392e8
steelscrap_source_Region20Guangxi_steelscrap_source_Region12Anhui,1.764663719216181e8,0.0,0.0,3.1175725706152458e7,0.0,0.0,0.0,2.0764209762777057e8
steelscrap_source_Region20Guangxi_steelscrap_source_Region13Fujian,1.8344828691710326e8,0.0,0.0,2.95535190223453e7,0.0,0.0,0.0,2.1300180593944857e8
steelscrap_source_Region20Guangxi_steelscrap_source_Region14Jiangxi,2.1438734414990732e8,0.0,0.0,2.7948963432342865e7,0.0,0.0,0.0,2.4233630758225018e8
steelscrap_source_Region20Guangxi_steelscrap_source_Region15Shandong,1.4172845594348344e8,0.0,0.0,3.259754486700123e7,0.0,0.0,0.0,1.7432600081048468e8
steelscrap_source_Region20Guangxi_steelscrap_source_Region16Henan,1.6300138112030074e8,0.0,0.0,3.0301956750264052e7,0.0,0.0,0.0,1.933033378705648e8
steelscrap_source_Region20Guangxi_steelscrap_source_Region17Hubei,2.106836903257801e8,0.0,0.0,2.85335944597882e7,0.0,0.0,0.0,2.392172847855683e8
steelscrap_source_Region20Guangxi_steelscrap_source_Region18Hunan,2.566405375792034e8,0.0,0.0,2.549296006620075e7,0.0,0.0,0.0,2.8213349764540416e8
steelscrap_source_Region20Guangxi_steelscrap_source_Region19Guangdong,3.705117170611388e8,0.0,0.0,2.3403990127695307e7,0.0,0.0,0.0,3.9391570718883413e8
steelscrap_source_Region20Guangxi_steelscrap_source_Region21Hainan,3.784722816853581e8,0.0,0.0,1.959224844857865e7,0.0,0.0,0.0,3.9806453013393676e8
steelscrap_source_Region20Guangxi_steelscrap_source_Region22Chongqing,2.4606250917971015e8,0.0,0.0,2.4762090507118195e7,0.0,0.0,0.0,2.708245996868284e8
steelscrap_source_Region20Guangxi_steelscrap_source_Region23Sichuan,2.0642066309963328e8,0.0,0.0,2.755027783503108e7,0.0,0.0,0.0,2.3397094093466437e8
steelscrap_source_Region20Guangxi_steelscrap_source_Region24Guizhou,3.257835478475096e8,0.0,0.0,2.053522296598802e7,0.0,0.0,0.0,3.4631877081349766e8
steelscrap_source_Region20Guangxi_steelscrap_source_Region25Yunnan,2.6472485306585383e8,0.0,0.0,2.2775161525432333e7,0.0,0.0,0.0,2.875000145912862e8
steelscrap_source_Region20Guangxi_steelscrap_source_Region27Shaanxi,1.627336583017093e8,0.0,0.0,2.9324605225967996e7,0.0,0.0,0.0,1.920582635276773e8
steelscrap_source_Region20Guangxi_steelscrap_source_Region28Gansu,1.501791301223125e8,0.0,0.0,3.177790393388137e7,0.0,0.0,0.0,1.8195703405619386e8
steelscrap_source_Region20Guangxi_steelscrap_source_Region29Qinghai,1.3891453605180764e8,0.0,0.0,3.2640285487639617e7,0.0,0.0,0.0,1.7155482153944725e8
steelscrap_source_Region20Guangxi_steelscrap_source_Region30Ningxia,1.3908222586905247e8,0.0,0.0,3.3106205831030153e7,0.0,0.0,0.0,1.7218843170008263e8
steelscrap_source_Region20Guangxi_steelscrap_source_Region31Xinjiang,6.787519497444007e7,0.0,0.0,2.895555817609629e7,0.0,0.0,0.0,9.683075315053636e7
steelscrap_source_Region21Hainan_steelscrap_source_Region1Beijing,1.2673098961768222e8,0.0,0.0,3.7132179957980715e7,0.0,0.0,0.0,1.6386316957566294e8
steelscrap_source_Region21Hainan_steelscrap_source_Region2Tianjin,1.2686847861647224e8,0.0,0.0,3.6724195610181384e7,0.0,0.0,0.0,1.6359267422665364e8
steelscrap_source_Region21Hainan_steelscrap_source_Region3Hebei,1.4631026368955526e8,0.0,0.0,3.837718216577031e7,0.0,0.0,0.0,1.8468744585532558e8
steelscrap_source_Region21Hainan_steelscrap_source_Region4Shanxi,1.4267847079469278e8,0.0,0.0,3.726761657157386e7,0.0,0.0,0.0,1.7994608736626664e8
steelscrap_source_Region21Hainan_steelscrap_source_Region5Innermongolia,1.2146806247397552e8,0.0,0.0,3.7327135598252654e7,0.0,0.0,0.0,1.587951980722282e8
steelscrap_source_Region21Hainan_steelscrap_source_Region6Liaoning,1.0517758071746342e8,0.0,0.0,3.820400323594018e7,0.0,0.0,0.0,1.433815839534036e8
steelscrap_source_Region21Hainan_steelscrap_source_Region7Jilin,9.811653591255143e7,0.0,0.0,3.891628869411504e7,0.0,0.0,0.0,1.3703282460666648e8
steelscrap_source_Region21Hainan_steelscrap_source_Region8Heilongjiang,9.253407082959414e7,0.0,0.0,3.934548691674338e7,0.0,0.0,0.0,1.3187955774633752e8
steelscrap_source_Region21Hainan_steelscrap_source_Region9Shanghai,1.537640867142634e8,0.0,0.0,3.4530288406466454e7,0.0,0.0,0.0,1.8829437512072986e8
steelscrap_source_Region21Hainan_steelscrap_source_Region10Jiangsu,1.643632924815633e8,0.0,0.0,3.588598552514142e7,0.0,0.0,0.0,2.0024927800670472e8
steelscrap_source_Region21Hainan_steelscrap_source_Region11Zhejiang,1.6395305246208864e8,0.0,0.0,3.3665026772215635e7,0.0,0.0,0.0,1.9761807923430428e8
steelscrap_source_Region21Hainan_steelscrap_source_Region12Anhui,1.7044130585333607e8,0.0,0.0,3.452004581216233e7,0.0,0.0,0.0,2.049613516654984e8
steelscrap_source_Region21Hainan_steelscrap_source_Region13Fujian,1.9916578654145873e8,0.0,0.0,3.2052413914072163e7,0.0,0.0,0.0,2.3121820045553088e8
steelscrap_source_Region21Hainan_steelscrap_source_Region14Jiangxi,2.0734345449029338e8,0.0,0.0,3.1889423300607186e7,0.0,0.0,0.0,2.3923287779090056e8
steelscrap_source_Region21Hainan_steelscrap_source_Region15Shandong,1.3645206161793223e8,0.0,0.0,3.545024560833883e7,0.0,0.0,0.0,1.7190230722627106e8
steelscrap_source_Region21Hainan_steelscrap_source_Region16Henan,1.5501036640669432e8,0.0,0.0,3.366308457132058e7,0.0,0.0,0.0,1.886734509780149e8
steelscrap_source_Region21Hainan_steelscrap_source_Region17Hubei,1.976622031702224e8,0.0,0.0,3.2660384703826416e7,0.0,0.0,0.0,2.3032258787404883e8
steelscrap_source_Region21Hainan_steelscrap_source_Region18Hunan,2.3595250727051628e8,0.0,0.0,3.046933377219934e7,0.0,0.0,0.0,2.664218410427156e8
steelscrap_source_Region21Hainan_steelscrap_source_Region19Guangdong,4.39634108305222e8,0.0,0.0,2.892792432648372e7,0.0,0.0,0.0,4.685620326317057e8
steelscrap_source_Region21Hainan_steelscrap_source_Region20Guangxi,6.216317334175216e8,0.0,0.0,3.2345571195491623e7,0.0,0.0,0.0,6.539773046130133e8
steelscrap_source_Region21Hainan_steelscrap_source_Region22Chongqing,2.009036118470919e8,0.0,0.0,3.083200763146701e7,0.0,0.0,0.0,2.3173561947855893e8
steelscrap_source_Region21Hainan_steelscrap_source_Region23Sichuan,1.7479569878151625e8,0.0,0.0,3.2698448718728825e7,0.0,0.0,0.0,2.074941475002451e8
steelscrap_source_Region21Hainan_steelscrap_source_Region24Guizhou,2.4345556887688774e8,0.0,0.0,2.8395034516674425e7,0.0,0.0,0.0,2.7185060339356214e8
steelscrap_source_Region21Hainan_steelscrap_source_Region25Yunnan,2.1234451818225786e8,0.0,0.0,2.9069964539151084e7,0.0,0.0,0.0,2.4141448272140893e8
steelscrap_source_Region21Hainan_steelscrap_source_Region27Shaanxi,1.4589158016961393e8,0.0,0.0,3.3238965015310384e7,0.0,0.0,0.0,1.791305451849243e8
steelscrap_source_Region21Hainan_steelscrap_source_Region28Gansu,1.3453747731449088e8,0.0,0.0,3.557619358452853e7,0.0,0.0,0.0,1.7011367089901942e8
steelscrap_source_Region21Hainan_steelscrap_source_Region29Qinghai,1.256819996306035e8,0.0,0.0,3.617127949368767e7,0.0,0.0,0.0,1.6185327912429118e8
steelscrap_source_Region21Hainan_steelscrap_source_Region30Ningxia,1.2580970624587245e8,0.0,0.0,3.659384989004964e7,0.0,0.0,0.0,1.6240355613592207e8
steelscrap_source_Region21Hainan_steelscrap_source_Region31Xinjiang,6.40396792148802e7,0.0,0.0,3.0702756871587344e7,0.0,0.0,0.0,9.474243608646753e7
steelscrap_source_Region22Chongqing_steelscrap_source_Region1Beijing,1.822024186462293e8,0.0,0.0,3.6707713943260334e7,0.0,0.0,0.0,2.1891013258948964e8
steelscrap_source_Region22Chongqing_steelscrap_source_Region2Tianjin,1.7842678097364882e8,0.0,0.0,3.636337796242961e7,0.0,0.0,0.0,2.1479015893607843e8
steelscrap_source_Region22Chongqing_steelscrap_source_Region3Hebei,2.2892990028230768e8,0.0,0.0,3.8742570124442495e7,0.0,0.0,0.0,2.6767247040675017e8
steelscrap_source_Region22Chongqing_steelscrap_source_Region4Shanxi,2.4562050852604765e8,0.0,0.0,3.627814910929723e7,0.0,0.0,0.0,2.8189865763534486e8
steelscrap_source_Region22Chongqing_steelscrap_source_Region5Innermongolia,1.7839576777903065e8,0.0,0.0,3.398439376190522e7,0.0,0.0,0.0,2.1238016154093587e8
steelscrap_source_Region22Chongqing_steelscrap_source_Region6Liaoning,1.3820451576988247e8,0.0,0.0,3.8360966760527164e7,0.0,0.0,0.0,1.7656548253040963e8
steelscrap_source_Region22Chongqing_steelscrap_source_Region7Jilin,1.2633147667358062e8,0.0,0.0,3.9284878196261026e7,0.0,0.0,0.0,1.6561635486984164e8
steelscrap_source_Region22Chongqing_steelscrap_source_Region8Heilongjiang,1.1731567735596712e8,0.0,0.0,3.983258298492946e7,0.0,0.0,0.0,1.5714826034089658e8
steelscrap_source_Region22Chongqing_steelscrap_source_Region9Shanghai,1.933188168918108e8,0.0,0.0,3.5325791806696765e7,0.0,0.0,0.0,2.2864460869850758e8
steelscrap_source_Region22Chongqing_steelscrap_source_Region10Jiangsu,2.3424463277121985e8,0.0,0.0,3.624545284413347e7,0.0,0.0,0.0,2.7049008561535335e8
steelscrap_source_Region22Chongqing_steelscrap_source_Region11Zhejiang,1.9986022691164207e8,0.0,0.0,3.472238342211591e7,0.0,0.0,0.0,2.34582610333758e8
steelscrap_source_Region22Chongqing_steelscrap_source_Region12Anhui,2.509300475471711e8,0.0,0.0,3.426031582510718e7,0.0,0.0,0.0,2.851903633722783e8
steelscrap_source_Region22Chongqing_steelscrap_source_Region13Fujian,1.8000151331880876e8,0.0,0.0,3.266427461691992e7,0.0,0.0,0.0,2.1266578793572867e8
steelscrap_source_Region22Chongqing_steelscrap_source_Region14Jiangxi,2.6325651868967828e8,0.0,0.0,3.2599932231072005e7,0.0,0.0,0.0,2.9585645092075026e8
steelscrap_source_Region22Chongqing_steelscrap_source_Region15Shandong,1.9824464220510557e8,0.0,0.0,3.458047375531065e7,0.0,0.0,0.0,2.3282511596041623e8
steelscrap_source_Region22Chongqing_steelscrap_source_Region16Henan,2.3480327588055408e8,0.0,0.0,2.9953071226495862e7,0.0,0.0,0.0,2.6475634710704994e8
steelscrap_source_Region22Chongqing_steelscrap_source_Region17Hubei,3.2768791769332176e8,0.0,0.0,3.1501731820917897e7,0.0,0.0,0.0,3.5918964951423967e8
steelscrap_source_Region22Chongqing_steelscrap_source_Region18Hunan,3.5020400186281717e8,0.0,0.0,2.9895748292355843e7,0.0,0.0,0.0,3.80099750155173e8
steelscrap_source_Region22Chongqing_steelscrap_source_Region19Guangdong,2.2532803070856315e8,0.0,0.0,3.104269169728308e7,0.0,0.0,0.0,2.5637072240584624e8
steelscrap_source_Region22Chongqing_steelscrap_source_Region20Guangxi,3.13090402792937e8,0.0,0.0,3.148645817420977e7,0.0,0.0,0.0,3.4457686096714675e8
steelscrap_source_Region22Chongqing_steelscrap_source_Region21Hainan,1.9981262452239403e8,0.0,0.0,3.0617954497648165e7,0.0,0.0,0.0,2.3043057902004218e8
steelscrap_source_Region22Chongqing_steelscrap_source_Region23Sichuan,6.323104740259975e8,0.0,0.0,2.5798267340260625e7,0.0,0.0,0.0,6.581087413662581e8
steelscrap_source_Region22Chongqing_steelscrap_source_Region24Guizhou,5.486732385467168e8,0.0,0.0,2.34283472859448e7,0.0,0.0,0.0,5.721015858326616e8
steelscrap_source_Region22Chongqing_steelscrap_source_Region25Yunnan,2.7525953769795674e8,0.0,0.0,2.67552270642413e7,0.0,0.0,0.0,3.0201476476219803e8
steelscrap_source_Region22Chongqing_steelscrap_source_Region27Shaanxi,3.288048428051089e8,0.0,0.0,2.641398903867698e7,0.0,0.0,0.0,3.552188318437859e8
steelscrap_source_Region22Chongqing_steelscrap_source_Region28Gansu,2.751024652164132e8,0.0,0.0,3.1269980212932333e7,0.0,0.0,0.0,3.0637244542934555e8
steelscrap_source_Region22Chongqing_steelscrap_source_Region29Qinghai,2.3637471647564092e8,0.0,0.0,3.238333615716276e7,0.0,0.0,0.0,2.687580526328037e8
steelscrap_source_Region22Chongqing_steelscrap_source_Region30Ningxia,2.2300533255268103e8,0.0,0.0,3.0811903447695393e7,0.0,0.0,0.0,2.5381723600037643e8
steelscrap_source_Region22Chongqing_steelscrap_source_Region31Xinjiang,8.531747534635878e7,0.0,0.0,2.8041010230503254e7,0.0,0.0,0.0,1.1335848557686204e8
steelscrap_source_Region23Sichuan_steelscrap_source_Region1Beijing,1.7904358139027214e8,0.0,0.0,3.644133693230028e7,0.0,0.0,0.0,2.154849183225724e8
steelscrap_source_Region23Sichuan_steelscrap_source_Region2Tianjin,1.7619544701785904e8,0.0,0.0,3.606133482298838e7,0.0,0.0,0.0,2.1225678184084743e8
steelscrap_source_Region23Sichuan_steelscrap_source_Region3Hebei,2.2385618326438314e8,0.0,0.0,3.8346564193188906e7,0.0,0.0,0.0,2.6220274745757204e8
steelscrap_source_Region23Sichuan_steelscrap_source_Region4Shanxi,2.395295090011252e8,0.0,0.0,3.587353613140185e7,0.0,0.0,0.0,2.7540304513252705e8
steelscrap_source_Region23Sichuan_steelscrap_source_Region5Innermongolia,1.7694896033227938e8,0.0,0.0,3.363799735916634e7,0.0,0.0,0.0,2.105869576914457e8
steelscrap_source_Region23Sichuan_steelscrap_source_Region6Liaoning,1.3703381500287816e8,0.0,0.0,3.811823953996721e7,0.0,0.0,0.0,1.7515205454284537e8
steelscrap_source_Region23Sichuan_steelscrap_source_Region7Jilin,1.2537360127409166e8,0.0,0.0,3.906223503696451e7,0.0,0.0,0.0,1.6443583631105617e8
steelscrap_source_Region23Sichuan_steelscrap_source_Region8Heilongjiang,1.1650242588299014e8,0.0,0.0,3.962635845700113e7,0.0,0.0,0.0,1.5612878433999127e8
steelscrap_source_Region23Sichuan_steelscrap_source_Region9Shanghai,1.6891709900035283e8,0.0,0.0,3.6334067994975954e7,0.0,0.0,0.0,2.0525116699532878e8
steelscrap_source_Region23Sichuan_steelscrap_source_Region10Jiangsu,1.9814126137715864e8,0.0,0.0,3.697315937297784e7,0.0,0.0,0.0,2.351144207501365e8
steelscrap_source_Region23Sichuan_steelscrap_source_Region11Zhejiang,1.7367646716102076e8,0.0,0.0,3.5794719881886356e7,0.0,0.0,0.0,2.0947118704290712e8
steelscrap_source_Region23Sichuan_steelscrap_source_Region12Anhui,2.0921675631055462e8,0.0,0.0,3.52321017626974e7,0.0,0.0,0.0,2.4444885807325202e8
steelscrap_source_Region23Sichuan_steelscrap_source_Region13Fujian,1.526857327765027e8,0.0,0.0,3.370792027262595e7,0.0,0.0,0.0,1.8639365304912865e8
steelscrap_source_Region23Sichuan_steelscrap_source_Region14Jiangxi,2.119227252335536e8,0.0,0.0,3.404891785419081e7,0.0,0.0,0.0,2.459716430877444e8
steelscrap_source_Region23Sichuan_steelscrap_source_Region15Shandong,1.8867850852433193e8,0.0,0.0,3.4647663448684834e7,0.0,0.0,0.0,2.2332617197301677e8
steelscrap_source_Region23Sichuan_steelscrap_source_Region16Henan,2.2175824703282216e8,0.0,0.0,2.995953917413422e7,0.0,0.0,0.0,2.517177862069564e8
steelscrap_source_Region23Sichuan_steelscrap_source_Region17Hubei,2.5479901826012054e8,0.0,0.0,3.2716193944599587e7,0.0,0.0,0.0,2.8751521220472014e8
steelscrap_source_Region23Sichuan_steelscrap_source_Region18Hunan,2.5508153996579754e8,0.0,0.0,3.1800165315736223e7,0.0,0.0,0.0,2.868817052815338e8
steelscrap_source_Region23Sichuan_steelscrap_source_Region19Guangdong,1.8405405095552906e8,0.0,0.0,3.2043810271357495e7,0.0,0.0,0.0,2.1609786122688657e8
steelscrap_source_Region23Sichuan_steelscrap_source_Region20Guangxi,2.4057926830531836e8,0.0,0.0,3.210931300981651e7,0.0,0.0,0.0,2.726885813151349e8
steelscrap_source_Region23Sichuan_steelscrap_source_Region21Hainan,1.7092515043318647e8,0.0,0.0,3.1831960515673723e7,0.0,0.0,0.0,2.027571109488602e8
steelscrap_source_Region23Sichuan_steelscrap_source_Region22Chongqing,5.798562587092123e8,0.0,0.0,2.352283556163706e7,0.0,0.0,0.0,6.033790942708493e8
steelscrap_source_Region23Sichuan_steelscrap_source_Region24Guizhou,3.6602354222913194e8,0.0,0.0,2.5658250310262114e7,0.0,0.0,0.0,3.91681792539394e8
steelscrap_source_Region23Sichuan_steelscrap_source_Region25Yunnan,2.812745785192826e8,0.0,0.0,2.5942891958761767e7,0.0,0.0,0.0,3.0721747047804433e8
steelscrap_source_Region23Sichuan_steelscrap_source_Region27Shaanxi,3.174845723985684e8,0.0,0.0,2.592790674588315e7,0.0,0.0,0.0,3.4341247914445156e8
steelscrap_source_Region23Sichuan_steelscrap_source_Region28Gansu,3.0794477617256266e8,0.0,0.0,2.957296333843837e7,0.0,0.0,0.0,3.3751773951100105e8
steelscrap_source_Region23Sichuan_steelscrap_source_Region29Qinghai,2.749966907395827e8,0.0,0.0,3.0249635981354166e7,0.0,0.0,0.0,3.052463267209369e8
steelscrap_source_Region23Sichuan_steelscrap_source_Region30Ningxia,2.2691140329847586e8,0.0,0.0,3.0133834358037632e7,0.0,0.0,0.0,2.5704523765651348e8
steelscrap_source_Region23Sichuan_steelscrap_source_Region31Xinjiang,8.849112048421937e7,0.0,0.0,2.7526637878624577e7,0.0,0.0,0.0,1.1601775836284395e8
steelscrap_source_Region24Guizhou_steelscrap_source_Region1Beijing,1.6094485284460387e8,0.0,0.0,3.77147438499187e7,0.0,0.0,0.0,1.9865959669452256e8
steelscrap_source_Region24Guizhou_steelscrap_source_Region2Tianjin,1.6120011199666655e8,0.0,0.0,3.720498584883074e7,0.0,0.0,0.0,1.9840509784549728e8
steelscrap_source_Region24Guizhou_steelscrap_source_Region3Hebei,1.939772463729412e8,0.0,0.0,3.9500233269743524e7,0.0,0.0,0.0,2.3347747964268473e8
steelscrap_source_Region24Guizhou_steelscrap_source_Region4Shanxi,2.013315089196912e8,0.0,0.0,3.7521482212333046e7,0.0,0.0,0.0,2.3885299113202426e8
steelscrap_source_Region24Guizhou_steelscrap_source_Region5Innermongolia,1.558988051541455e8,0.0,0.0,3.572680951449169e7,0.0,0.0,0.0,1.9162561466863722e8
steelscrap_source_Region24Guizhou_steelscrap_source_Region6Liaoning,1.2783755846998458e8,0.0,0.0,3.893505905800822e7,0.0,0.0,0.0,1.6677261752799278e8
steelscrap_source_Region24Guizhou_steelscrap_source_Region7Jilin,1.1764257626184763e8,0.0,0.0,3.975926935729599e7,0.0,0.0,0.0,1.574018456191436e8
steelscrap_source_Region24Guizhou_steelscrap_source_Region8Heilongjiang,1.0980152769911686e8,0.0,0.0,4.0245919952649616e7,0.0,0.0,0.0,1.5004744765176648e8
steelscrap_source_Region24Guizhou_steelscrap_source_Region9Shanghai,1.7959179361757216e8,0.0,0.0,3.592434511663503e7,0.0,0.0,0.0,2.1551613873420718e8
steelscrap_source_Region24Guizhou_steelscrap_source_Region10Jiangsu,2.101588465195748e8,0.0,0.0,3.695993580790943e7,0.0,0.0,0.0,2.4711878232748422e8
steelscrap_source_Region24Guizhou_steelscrap_source_Region11Zhejiang,1.9088112155547476e8,0.0,0.0,3.5077587437844396e7,0.0,0.0,0.0,2.2595870899331915e8
steelscrap_source_Region24Guizhou_steelscrap_source_Region12Anhui,2.2348631846011478e8,0.0,0.0,3.517674652562215e7,0.0,0.0,0.0,2.5866306498573694e8
steelscrap_source_Region24Guizhou_steelscrap_source_Region13Fujian,1.9155458821750334e8,0.0,0.0,3.2704753361668408e7,0.0,0.0,0.0,2.2425934157917175e8
steelscrap_source_Region24Guizhou_steelscrap_source_Region14Jiangxi,2.6277555397661844e8,0.0,0.0,3.2750593210619044e7,0.0,0.0,0.0,2.955261471872375e8
steelscrap_source_Region24Guizhou_steelscrap_source_Region15Shandong,1.7695187013971898e8,0.0,0.0,3.564400504181071e7,0.0,0.0,0.0,2.125958751815297e8
steelscrap_source_Region24Guizhou_steelscrap_source_Region16Henan,2.0128083489844418e8,0.0,0.0,3.1970105943036098e7,0.0,0.0,0.0,2.3325094084148028e8
steelscrap_source_Region24Guizhou_steelscrap_source_Region17Hubei,2.825637575120445e8,0.0,0.0,3.273972070372885e7,0.0,0.0,0.0,3.1530347821577334e8
steelscrap_source_Region24Guizhou_steelscrap_source_Region18Hunan,3.461151515339171e8,0.0,0.0,3.042352181983136e7,0.0,0.0,0.0,3.765386733537485e8
steelscrap_source_Region24Guizhou_steelscrap_source_Region19Guangdong,2.93071532460792e8,0.0,0.0,3.0381748865102187e7,0.0,0.0,0.0,3.234532813258942e8
steelscrap_source_Region24Guizhou_steelscrap_source_Region20Guangxi,5.137300215788438e8,0.0,0.0,3.2399240027572326e7,0.0,0.0,0.0,5.461292616064161e8
steelscrap_source_Region24Guizhou_steelscrap_source_Region21Hainan,2.5043061662409452e8,0.0,0.0,2.9133428400603104e7,0.0,0.0,0.0,2.795640450246976e8
steelscrap_source_Region24Guizhou_steelscrap_source_Region22Chongqing,6.088130808826361e8,0.0,0.0,2.5793380860061143e7,0.0,0.0,0.0,6.346064617426972e8
steelscrap_source_Region24Guizhou_steelscrap_source_Region23Sichuan,4.084594323892854e8,0.0,0.0,2.8673852153727878e7,0.0,0.0,0.0,4.371332845430133e8
steelscrap_source_Region24Guizhou_steelscrap_source_Region25Yunnan,4.2768667857235706e8,0.0,0.0,2.5133720477435533e7,0.0,0.0,0.0,4.528203990497926e8
steelscrap_source_Region24Guizhou_steelscrap_source_Region27Shaanxi,2.440781769186183e8,0.0,0.0,2.9045303053315632e7,0.0,0.0,0.0,2.731234799719339e8
steelscrap_source_Region24Guizhou_steelscrap_source_Region28Gansu,2.2170430303308824e8,0.0,0.0,3.334432717617643e7,0.0,0.0,0.0,2.5504863020926467e8
steelscrap_source_Region24Guizhou_steelscrap_source_Region29Qinghai,1.9696721255966684e8,0.0,0.0,3.422633596911807e7,0.0,0.0,0.0,2.3119354852878493e8
steelscrap_source_Region24Guizhou_steelscrap_source_Region30Ningxia,1.8698936284732985e8,0.0,0.0,3.287896296732216e7,0.0,0.0,0.0,2.1986832581465203e8
steelscrap_source_Region24Guizhou_steelscrap_source_Region31Xinjiang,7.909786868733597e7,0.0,0.0,2.890499781397539e7,0.0,0.0,0.0,1.0800286650131136e8
steelscrap_source_Region25Yunnan_steelscrap_source_Region1Beijing,1.247388985739159e8,0.0,0.0,3.5945592605716914e7,0.0,0.0,0.0,1.606844911796328e8
steelscrap_source_Region25Yunnan_steelscrap_source_Region2Tianjin,1.2340684089890838e8,0.0,0.0,3.568103126523781e7,0.0,0.0,0.0,1.5908787216414618e8
steelscrap_source_Region25Yunnan_steelscrap_source_Region3Hebei,1.4502219060721633e8,0.0,0.0,3.711117857638664e7,0.0,0.0,0.0,1.8213336918360296e8
steelscrap_source_Region25Yunnan_steelscrap_source_Region4Shanxi,1.5128574788143507e8,0.0,0.0,3.546137930340848e7,0.0,0.0,0.0,1.8674712718484354e8
steelscrap_source_Region25Yunnan_steelscrap_source_Region5Innermongolia,1.2871681348403797e8,0.0,0.0,3.536279922451455e7,0.0,0.0,0.0,1.640796127085525e8
steelscrap_source_Region25Yunnan_steelscrap_source_Region6Liaoning,1.0236801737767318e8,0.0,0.0,3.714935350635781e7,0.0,0.0,0.0,1.39517370884031e8
steelscrap_source_Region25Yunnan_steelscrap_source_Region7Jilin,9.553233762677574e7,0.0,0.0,3.785946540149141e7,0.0,0.0,0.0,1.3339180302826715e8
steelscrap_source_Region25Yunnan_steelscrap_source_Region8Heilongjiang,9.013518618432823e7,0.0,0.0,3.829543610351487e7,0.0,0.0,0.0,1.2843062228784311e8
steelscrap_source_Region25Yunnan_steelscrap_source_Region9Shanghai,1.341021428949214e8,0.0,0.0,3.464752365261795e7,0.0,0.0,0.0,1.6874966654753935e8
steelscrap_source_Region25Yunnan_steelscrap_source_Region10Jiangsu,1.5068236375823894e8,0.0,0.0,3.528980959217957e7,0.0,0.0,0.0,1.859721733504185e8
steelscrap_source_Region25Yunnan_steelscrap_source_Region11Zhejiang,1.4039456028750208e8,0.0,0.0,3.3989523045604356e7,0.0,0.0,0.0,1.7438408333310643e8
steelscrap_source_Region25Yunnan_steelscrap_source_Region12Anhui,1.5738814890044263e8,0.0,0.0,3.3953869989455424e7,0.0,0.0,0.0,1.9134201888989806e8
steelscrap_source_Region25Yunnan_steelscrap_source_Region13Fujian,1.492522037386968e8,0.0,0.0,3.4392682814853646e7,0.0,0.0,0.0,1.8364488655355045e8
steelscrap_source_Region25Yunnan_steelscrap_source_Region14Jiangxi,1.74387627176429e8,0.0,0.0,3.2203581818580568e7,0.0,0.0,0.0,2.0659120899500957e8
steelscrap_source_Region25Yunnan_steelscrap_source_Region15Shandong,1.3262488759727222e8,0.0,0.0,3.445152496818454e7,0.0,0.0,0.0,1.6707641256545675e8
steelscrap_source_Region25Yunnan_steelscrap_source_Region16Henan,1.5065564342510042e8,0.0,0.0,3.271738389715086e7,0.0,0.0,0.0,1.8337302732225126e8
steelscrap_source_Region25Yunnan_steelscrap_source_Region17Hubei,1.8402762585310557e8,0.0,0.0,3.205761242361087e7,0.0,0.0,0.0,2.1608523827671644e8
steelscrap_source_Region25Yunnan_steelscrap_source_Region18Hunan,2.0779329242642832e8,0.0,0.0,3.038630579582463e7,0.0,0.0,0.0,2.3817959822225294e8
steelscrap_source_Region25Yunnan_steelscrap_source_Region19Guangdong,2.111873384412001e8,0.0,0.0,3.1607704986699358e7,0.0,0.0,0.0,2.4279504342789948e8
steelscrap_source_Region25Yunnan_steelscrap_source_Region20Guangxi,3.5265921532859206e8,0.0,0.0,3.048151151156799e7,0.0,0.0,0.0,3.831407268401601e8
steelscrap_source_Region25Yunnan_steelscrap_source_Region21Hainan,2.124327801506939e8,0.0,0.0,2.9096209787973363e7,0.0,0.0,0.0,2.4152898993866727e8
steelscrap_source_Region25Yunnan_steelscrap_source_Region22Chongqing,2.7843292278712493e8,0.0,0.0,2.7054398997482385e7,0.0,0.0,0.0,3.054873217846073e8
steelscrap_source_Region25Yunnan_steelscrap_source_Region23Sichuan,2.96189478155923e8,0.0,0.0,2.731854286858117e7,0.0,0.0,0.0,3.235080210245042e8
steelscrap_source_Region25Yunnan_steelscrap_source_Region24Guizhou,4.051752984892222e8,0.0,0.0,2.3824307551166255e7,0.0,0.0,0.0,4.2899960604038846e8
steelscrap_source_Region25Yunnan_steelscrap_source_Region27Shaanxi,1.8558724099665087e8,0.0,0.0,3.0863158177742977e7,0.0,0.0,0.0,2.1645039917439386e8
steelscrap_source_Region25Yunnan_steelscrap_source_Region28Gansu,1.695087194608133e8,0.0,0.0,3.1873289549281716e7,0.0,0.0,0.0,2.0138200901009503e8
steelscrap_source_Region25Yunnan_steelscrap_source_Region29Qinghai,1.6081696571156472e8,0.0,0.0,3.2174114273360416e7,0.0,0.0,0.0,1.9299107998492515e8
steelscrap_source_Region25Yunnan_steelscrap_source_Region30Ningxia,1.5251871587998745e8,0.0,0.0,3.323891214744534e7,0.0,0.0,0.0,1.857576280274328e8
steelscrap_source_Region25Yunnan_steelscrap_source_Region31Xinjiang,7.304162870223977e7,0.0,0.0,2.9438211087959453e7,0.0,0.0,0.0,1.0247983979019922e8
steelscrap_source_Region27Shaanxi_steelscrap_source_Region1Beijing,2.4366610040134993e8,0.0,0.0,2.971101984227127e7,0.0,0.0,0.0,2.7337712024362123e8
steelscrap_source_Region27Shaanxi_steelscrap_source_Region2Tianjin,2.371426307580691e8,0.0,0.0,2.918435309195984e7,0.0,0.0,0.0,2.6632698385002893e8
steelscrap_source_Region27Shaanxi_steelscrap_source_Region3Hebei,3.788139713267348e8,0.0,0.0,3.397961322800814e7,0.0,0.0,0.0,4.1279358455474293e8
steelscrap_source_Region27Shaanxi_steelscrap_source_Region4Shanxi,4.533917028244054e8,0.0,0.0,3.092131413262446e7,0.0,0.0,0.0,4.843130169570298e8
steelscrap_source_Region27Shaanxi_steelscrap_source_Region5Innermongolia,2.6341792118470806e8,0.0,0.0,2.878279818811586e7,0.0,0.0,0.0,2.922007193728239e8
steelscrap_source_Region27Shaanxi_steelscrap_source_Region6Liaoning,1.6077340558492216e8,0.0,0.0,3.1602692424476348e7,0.0,0.0,0.0,1.9237609800939852e8
steelscrap_source_Region27Shaanxi_steelscrap_source_Region7Jilin,1.424637992750232e8,0.0,0.0,3.276192503994607e7,0.0,0.0,0.0,1.7522572431496927e8
steelscrap_source_Region27Shaanxi_steelscrap_source_Region8Heilongjiang,1.294963880091287e8,0.0,0.0,3.348344939289356e7,0.0,0.0,0.0,1.6297983740202227e8
steelscrap_source_Region27Shaanxi_steelscrap_source_Region9Shanghai,1.961528877545208e8,0.0,0.0,3.046908189786891e7,0.0,0.0,0.0,2.266219696523897e8
steelscrap_source_Region27Shaanxi_steelscrap_source_Region10Jiangsu,2.574717826492647e8,0.0,0.0,3.1360063126680445e7,0.0,0.0,0.0,2.888318457759451e8
steelscrap_source_Region27Shaanxi_steelscrap_source_Region11Zhejiang,2.0213611606317756e8,0.0,0.0,2.994983453002749e7,0.0,0.0,0.0,2.3208595059320503e8
steelscrap_source_Region27Shaanxi_steelscrap_source_Region12Anhui,2.8246382645704675e8,0.0,0.0,2.9300914264477767e7,0.0,0.0,0.0,3.1176474072152454e8
steelscrap_source_Region27Shaanxi_steelscrap_source_Region13Fujian,1.7835812334803486e8,0.0,0.0,3.2342273033776943e7,0.0,0.0,0.0,2.107003963818118e8
steelscrap_source_Region27Shaanxi_steelscrap_source_Region14Jiangxi,2.4110858686614516e8,0.0,0.0,2.8981252141310807e7,0.0,0.0,0.0,2.7008983900745595e8
steelscrap_source_Region27Shaanxi_steelscrap_source_Region15Shandong,2.681799654688603e8,0.0,0.0,2.7434810467464533e7,0.0,0.0,0.0,2.9561477593632483e8
steelscrap_source_Region27Shaanxi_steelscrap_source_Region16Henan,4.381943996859773e8,0.0,0.0,2.354564574312648e7,0.0,0.0,0.0,4.6174004542910373e8
steelscrap_source_Region27Shaanxi_steelscrap_source_Region17Hubei,3.3273301751593024e8,0.0,0.0,2.7550293850319162e7,0.0,0.0,0.0,3.602833113662494e8
steelscrap_source_Region27Shaanxi_steelscrap_source_Region18Hunan,2.5663111384005645e8,0.0,0.0,2.8109661335947644e7,0.0,0.0,0.0,2.847407751760041e8
steelscrap_source_Region27Shaanxi_steelscrap_source_Region19Guangdong,1.7704541315858236e8,0.0,0.0,3.2434719690652315e7,0.0,0.0,0.0,2.0948013284923467e8
steelscrap_source_Region27Shaanxi_steelscrap_source_Region20Guangxi,1.8278407217906353e8,0.0,0.0,3.289504018982551e7,0.0,0.0,0.0,2.1567911236888903e8
steelscrap_source_Region27Shaanxi_steelscrap_source_Region21Hainan,1.4371143408419254e8,0.0,0.0,3.2584172488022488e7,0.0,0.0,0.0,1.7629560657221502e8
steelscrap_source_Region27Shaanxi_steelscrap_source_Region22Chongqing,3.1579977055896693e8,0.0,0.0,2.5316614939810548e7,0.0,0.0,0.0,3.411163854987775e8
steelscrap_source_Region27Shaanxi_steelscrap_source_Region23Sichuan,3.1832158843337965e8,0.0,0.0,2.6028095214236006e7,0.0,0.0,0.0,3.443496836476157e8
steelscrap_source_Region27Shaanxi_steelscrap_source_Region24Guizhou,2.292617465806309e8,0.0,0.0,2.7289789901314333e7,0.0,0.0,0.0,2.5655153648194522e8
steelscrap_source_Region27Shaanxi_steelscrap_source_Region25Yunnan,1.8097021845717564e8,0.0,0.0,3.0028991582660694e7,0.0,0.0,0.0,2.1099921003983635e8
steelscrap_source_Region27Shaanxi_steelscrap_source_Region28Gansu,3.652337354164036e8,0.0,0.0,2.535939569574561e7,0.0,0.0,0.0,3.905931311121492e8
steelscrap_source_Region27Shaanxi_steelscrap_source_Region29Qinghai,2.822630647793951e8,0.0,0.0,2.6617407008696947e7,0.0,0.0,0.0,3.088804717880921e8
steelscrap_source_Region27Shaanxi_steelscrap_source_Region30Ningxia,3.727236469083565e8,0.0,0.0,2.59539899463852e7,0.0,0.0,0.0,3.986776368547417e8
steelscrap_source_Region27Shaanxi_steelscrap_source_Region31Xinjiang,9.479383598499496e7,0.0,0.0,2.700360407759209e7,0.0,0.0,0.0,1.2179744006258705e8
steelscrap_source_Region28Gansu_steelscrap_source_Region1Beijing,2.355841946318236e8,0.0,0.0,3.828243162767136e7,0.0,0.0,0.0,2.7386662625949496e8
steelscrap_source_Region28Gansu_steelscrap_source_Region2Tianjin,2.27071357120405e8,0.0,0.0,3.7966330910531566e7,0.0,0.0,0.0,2.6503768803093654e8
steelscrap_source_Region28Gansu_steelscrap_source_Region3Hebei,3.0756825221940064e8,0.0,0.0,4.127565944784356e7,0.0,0.0,0.0,3.488439116672442e8
steelscrap_source_Region28Gansu_steelscrap_source_Region4Shanxi,3.402156951937232e8,0.0,0.0,3.794539053727325e7,0.0,0.0,0.0,3.7816108573099643e8
steelscrap_source_Region28Gansu_steelscrap_source_Region5Innermongolia,2.5427284913866353e8,0.0,0.0,3.0292372094052725e7,0.0,0.0,0.0,2.8456522123271626e8
steelscrap_source_Region28Gansu_steelscrap_source_Region6Liaoning,1.6296548460296598e8,0.0,0.0,3.87097347760244e7,0.0,0.0,0.0,2.0167521937899038e8
steelscrap_source_Region28Gansu_steelscrap_source_Region7Jilin,1.4891020981829324e8,0.0,0.0,4.034473951343615e7,0.0,0.0,0.0,1.892549493317294e8
steelscrap_source_Region28Gansu_steelscrap_source_Region8Heilongjiang,1.368663508518018e8,0.0,0.0,4.099147208011467e7,0.0,0.0,0.0,1.7785782293191648e8
steelscrap_source_Region28Gansu_steelscrap_source_Region9Shanghai,1.819373037194772e8,0.0,0.0,4.026272531312029e7,0.0,0.0,0.0,2.2220002903259748e8
steelscrap_source_Region28Gansu_steelscrap_source_Region10Jiangsu,2.1483834761135268e8,0.0,0.0,4.0941027776470065e7,0.0,0.0,0.0,2.5577937538782275e8
steelscrap_source_Region28Gansu_steelscrap_source_Region11Zhejiang,1.839066624493332e8,0.0,0.0,3.990161552942372e7,0.0,0.0,0.0,2.238082779787569e8
steelscrap_source_Region28Gansu_steelscrap_source_Region12Anhui,2.2649314480853105e8,0.0,0.0,3.907761725096536e7,0.0,0.0,0.0,2.655707620594964e8
steelscrap_source_Region28Gansu_steelscrap_source_Region13Fujian,1.3829936959756485e8,0.0,0.0,3.458867233635086e7,0.0,0.0,0.0,1.728880419339157e8
steelscrap_source_Region28Gansu_steelscrap_source_Region14Jiangxi,1.8681967466018146e8,0.0,0.0,3.530891851077429e7,0.0,0.0,0.0,2.2212859317095575e8
steelscrap_source_Region28Gansu_steelscrap_source_Region15Shandong,2.191480517140257e8,0.0,0.0,3.4844540222530104e7,0.0,0.0,0.0,2.539925919365558e8
steelscrap_source_Region28Gansu_steelscrap_source_Region16Henan,2.399601184293524e8,0.0,0.0,2.9019176988722898e7,0.0,0.0,0.0,2.689792954180753e8
steelscrap_source_Region28Gansu_steelscrap_source_Region17Hubei,2.2320715139044276e8,0.0,0.0,3.383076391241139e7,0.0,0.0,0.0,2.5703791530285415e8
steelscrap_source_Region28Gansu_steelscrap_source_Region18Hunan,1.9387297346863744e8,0.0,0.0,3.4574013601907015e7,0.0,0.0,0.0,2.2844698707054445e8
steelscrap_source_Region28Gansu_steelscrap_source_Region19Guangdong,1.376450908922462e8,0.0,0.0,3.468197473514957e7,0.0,0.0,0.0,1.7232706562739575e8
steelscrap_source_Region28Gansu_steelscrap_source_Region20Guangxi,1.6483562815811673e8,0.0,0.0,3.487921891825739e7,0.0,0.0,0.0,1.997148470763741e8
steelscrap_source_Region28Gansu_steelscrap_source_Region21Hainan,1.3182227619575869e8,0.0,0.0,3.483623352266586e7,0.0,0.0,0.0,1.6665850971842456e8
steelscrap_source_Region28Gansu_steelscrap_source_Region22Chongqing,2.6463602391767523e8,0.0,0.0,3.0071473517845135e7,0.0,0.0,0.0,2.9470749743552035e8
steelscrap_source_Region28Gansu_steelscrap_source_Region23Sichuan,3.050537015394203e8,0.0,0.0,2.9397008371682037e7,0.0,0.0,0.0,3.3445070991110235e8
steelscrap_source_Region28Gansu_steelscrap_source_Region24Guizhou,2.0944027478760564e8,0.0,0.0,3.151378001304194e7,0.0,0.0,0.0,2.409540548006476e8
steelscrap_source_Region28Gansu_steelscrap_source_Region25Yunnan,1.6455256117810363e8,0.0,0.0,3.090297098924772e7,0.0,0.0,0.0,1.9545553216735134e8
steelscrap_source_Region28Gansu_steelscrap_source_Region27Shaanxi,3.6018444887127215e8,0.0,0.0,2.4876739268709213e7,0.0,0.0,0.0,3.850611881399814e8
steelscrap_source_Region28Gansu_steelscrap_source_Region29Qinghai,9.283913401423624e8,0.0,0.0,2.3271676259568647e7,0.0,0.0,0.0,9.51663016401931e8
steelscrap_source_Region28Gansu_steelscrap_source_Region30Ningxia,5.195488587426499e8,0.0,0.0,2.4799798857315857e7,0.0,0.0,0.0,5.443486575999658e8
steelscrap_source_Region28Gansu_steelscrap_source_Region31Xinjiang,1.1732782387738648e8,0.0,0.0,2.5350631812440656e7,0.0,0.0,0.0,1.4267845568982714e8
steelscrap_source_Region29Qinghai_steelscrap_source_Region1Beijing,2.1404527555751553e8,0.0,0.0,3.957697145058492e7,0.0,0.0,0.0,2.5362224700810045e8
steelscrap_source_Region29Qinghai_steelscrap_source_Region2Tianjin,2.0716319521833748e8,0.0,0.0,3.927814181339696e7,0.0,0.0,0.0,2.4644133703173444e8
steelscrap_source_Region29Qinghai_steelscrap_source_Region3Hebei,2.6947741947660005e8,0.0,0.0,4.220016389003541e7,0.0,0.0,0.0,3.1167758336663544e8
steelscrap_source_Region29Qinghai_steelscrap_source_Region4Shanxi,2.931206402192339e8,0.0,0.0,3.925862441336263e7,0.0,0.0,0.0,3.323792646325965e8
steelscrap_source_Region29Qinghai_steelscrap_source_Region5Innermongolia,2.2353619113015422e8,0.0,0.0,3.1637822251287755e7,0.0,0.0,0.0,2.5517401338144198e8
steelscrap_source_Region29Qinghai_steelscrap_source_Region6Liaoning,1.5280139334172398e8,0.0,0.0,3.9718175509292156e7,0.0,0.0,0.0,1.9251956885101613e8
steelscrap_source_Region29Qinghai_steelscrap_source_Region7Jilin,1.4061025193487206e8,0.0,0.0,4.124567390089574e7,0.0,0.0,0.0,1.818559258357678e8
steelscrap_source_Region29Qinghai_steelscrap_source_Region8Heilongjiang,1.2997656700883357e8,0.0,0.0,4.183945692014348e7,0.0,0.0,0.0,1.7181602392897704e8
steelscrap_source_Region29Qinghai_steelscrap_source_Region9Shanghai,1.6815085242305014e8,0.0,0.0,4.139873986655479e7,0.0,0.0,0.0,2.0954959228960493e8
steelscrap_source_Region29Qinghai_steelscrap_source_Region10Jiangsu,1.9519342212728915e8,0.0,0.0,4.205767602102649e7,0.0,0.0,0.0,2.3725109814831564e8
steelscrap_source_Region29Qinghai_steelscrap_source_Region11Zhejiang,1.698086795609537e8,0.0,0.0,4.107105929647608e7,0.0,0.0,0.0,2.108797388574298e8
steelscrap_source_Region29Qinghai_steelscrap_source_Region12Anhui,2.0460637399933267e8,0.0,0.0,4.038929822746842e7,0.0,0.0,0.0,2.449956722268011e8
steelscrap_source_Region29Qinghai_steelscrap_source_Region13Fujian,1.2903039669153546e8,0.0,0.0,3.548335909017232e7,0.0,0.0,0.0,1.6451375578170776e8
steelscrap_source_Region29Qinghai_steelscrap_source_Region14Jiangxi,1.7086903040914932e8,0.0,0.0,3.654318997017001e7,0.0,0.0,0.0,2.0741222037931934e8
steelscrap_source_Region29Qinghai_steelscrap_source_Region15Shandong,1.9964097379774636e8,0.0,0.0,3.621487264691107e7,0.0,0.0,0.0,2.3585584644465744e8
steelscrap_source_Region29Qinghai_steelscrap_source_Region16Henan,2.101810580144137e8,0.0,0.0,3.0644398258501444e7,0.0,0.0,0.0,2.4082545627291515e8
steelscrap_source_Region29Qinghai_steelscrap_source_Region17Hubei,1.9967732174571204e8,0.0,0.0,3.523639137739341e7,0.0,0.0,0.0,2.3491371312310547e8
steelscrap_source_Region29Qinghai_steelscrap_source_Region18Hunan,1.765658691215109e8,0.0,0.0,3.588407013446187e7,0.0,0.0,0.0,2.1244993925597277e8
steelscrap_source_Region29Qinghai_steelscrap_source_Region19Guangdong,1.3005932190936926e8,0.0,0.0,3.544983584176383e7,0.0,0.0,0.0,1.6550915775113308e8
steelscrap_source_Region29Qinghai_steelscrap_source_Region20Guangxi,1.5255548788358113e8,0.0,0.0,3.580985818920596e7,0.0,0.0,0.0,1.883653460727871e8
steelscrap_source_Region29Qinghai_steelscrap_source_Region21Hainan,1.2433217732392839e8,0.0,0.0,3.5733067762896955e7,0.0,0.0,0.0,1.6006524508682534e8
steelscrap_source_Region29Qinghai_steelscrap_source_Region22Chongqing,2.3271480661953983e8,0.0,0.0,3.1835385545553192e7,0.0,0.0,0.0,2.64550192165093e8
steelscrap_source_Region29Qinghai_steelscrap_source_Region23Sichuan,2.7828044998283964e8,0.0,0.0,3.0685057618107818e7,0.0,0.0,0.0,3.0896550760094744e8
steelscrap_source_Region29Qinghai_steelscrap_source_Region24Guizhou,1.8996471380242705e8,0.0,0.0,3.2977874316101216e7,0.0,0.0,0.0,2.2294258811852828e8
steelscrap_source_Region29Qinghai_steelscrap_source_Region25Yunnan,1.5806212429503956e8,0.0,0.0,3.1575543696672335e7,0.0,0.0,0.0,1.896376679917119e8
steelscrap_source_Region29Qinghai_steelscrap_source_Region27Shaanxi,2.854513244634745e8,0.0,0.0,2.682290945541792e7,0.0,0.0,0.0,3.1227423391889244e8
steelscrap_source_Region29Qinghai_steelscrap_source_Region28Gansu,1.0130700331901991e9,0.0,0.0,2.525921282754238e7,0.0,0.0,0.0,1.0383292460177416e9
steelscrap_source_Region29Qinghai_steelscrap_source_Region30Ningxia,3.977727434287636e8,0.0,0.0,2.6544701078146182e7,0.0,0.0,0.0,4.243174445069098e8
steelscrap_source_Region29Qinghai_steelscrap_source_Region31Xinjiang,1.2680257147695874e8,0.0,0.0,2.5005467095256254e7,0.0,0.0,0.0,1.51808038572215e8
steelscrap_source_Region30Ningxia_steelscrap_source_Region1Beijing,2.4343851557880485e8,0.0,0.0,3.004842743961045e7,0.0,0.0,0.0,2.7348694301841533e8
steelscrap_source_Region30Ningxia_steelscrap_source_Region2Tianjin,2.3196247304168817e8,0.0,0.0,2.972212487907496e7,0.0,0.0,0.0,2.6168459792076313e8
steelscrap_source_Region30Ningxia_steelscrap_source_Region3Hebei,3.3386014742926544e8,0.0,0.0,3.376438957667982e7,0.0,0.0,0.0,3.6762453700594527e8
steelscrap_source_Region30Ningxia_steelscrap_source_Region4Shanxi,3.897753522263099e8,0.0,0.0,3.0571380126283552e7,0.0,0.0,0.0,4.203467323525934e8
steelscrap_source_Region30Ningxia_steelscrap_source_Region5Innermongolia,3.635641893585998e8,0.0,0.0,2.6903750012536436e7,0.0,0.0,0.0,3.904679393711362e8
steelscrap_source_Region30Ningxia_steelscrap_source_Region6Liaoning,1.6255895710071334e8,0.0,0.0,3.22625343525882e7,0.0,0.0,0.0,1.9482149145330155e8
steelscrap_source_Region30Ningxia_steelscrap_source_Region7Jilin,1.4667433953549275e8,0.0,0.0,3.3304853363859072e7,0.0,0.0,0.0,1.7997919289935184e8
steelscrap_source_Region30Ningxia_steelscrap_source_Region8Heilongjiang,1.3412852897287087e8,0.0,0.0,3.40015820946226e7,0.0,0.0,0.0,1.6813011106749347e8
steelscrap_source_Region30Ningxia_steelscrap_source_Region9Shanghai,1.5584822380066997e8,0.0,0.0,3.3486588353970796e7,0.0,0.0,0.0,1.8933481215464076e8
steelscrap_source_Region30Ningxia_steelscrap_source_Region10Jiangsu,1.853122376689061e8,0.0,0.0,3.3899785344231784e7,0.0,0.0,0.0,2.1921202301313788e8
steelscrap_source_Region30Ningxia_steelscrap_source_Region11Zhejiang,1.5596674601465926e8,0.0,0.0,3.3272905816460658e7,0.0,0.0,0.0,1.8923965183111992e8
steelscrap_source_Region30Ningxia_steelscrap_source_Region12Anhui,1.9014683697641096e8,0.0,0.0,3.2496094439268675e7,0.0,0.0,0.0,2.2264293141567963e8
steelscrap_source_Region30Ningxia_steelscrap_source_Region13Fujian,1.3717558935830158e8,0.0,0.0,3.438992025212642e7,0.0,0.0,0.0,1.71565509610428e8
steelscrap_source_Region30Ningxia_steelscrap_source_Region14Jiangxi,1.7182167378649476e8,0.0,0.0,3.2571661960793123e7,0.0,0.0,0.0,2.0439333574728787e8
steelscrap_source_Region30Ningxia_steelscrap_source_Region15Shandong,2.3015788688320604e8,0.0,0.0,2.8984549888158392e7,0.0,0.0,0.0,2.5914243677136442e8
steelscrap_source_Region30Ningxia_steelscrap_source_Region16Henan,2.527756869783806e8,0.0,0.0,2.7485143030782685e7,0.0,0.0,0.0,2.8026083000916326e8
steelscrap_source_Region30Ningxia_steelscrap_source_Region17Hubei,2.0487845962015605e8,0.0,0.0,3.116884299021307e7,0.0,0.0,0.0,2.3604730261036912e8
steelscrap_source_Region30Ningxia_steelscrap_source_Region18Hunan,1.7820215233645415e8,0.0,0.0,3.1880365052991502e7,0.0,0.0,0.0,2.1008251738944566e8
steelscrap_source_Region30Ningxia_steelscrap_source_Region19Guangdong,1.3654180203236878e8,0.0,0.0,3.448590779997537e7,0.0,0.0,0.0,1.7102770983234414e8
steelscrap_source_Region30Ningxia_steelscrap_source_Region20Guangxi,1.4924299269062632e8,0.0,0.0,3.549495842825391e7,0.0,0.0,0.0,1.8473795111888024e8
steelscrap_source_Region30Ningxia_steelscrap_source_Region21Hainan,1.2225886430788334e8,0.0,0.0,3.5516200081439964e7,0.0,0.0,0.0,1.577750643893233e8
steelscrap_source_Region30Ningxia_steelscrap_source_Region22Chongqing,2.1108236632236522e8,0.0,0.0,2.9136402631363787e7,0.0,0.0,0.0,2.40218768953729e8
steelscrap_source_Region30Ningxia_steelscrap_source_Region23Sichuan,2.199405085499578e8,0.0,0.0,2.9274081687999282e7,0.0,0.0,0.0,2.492145902379571e8
steelscrap_source_Region30Ningxia_steelscrap_source_Region24Guizhou,1.7486748648725408e8,0.0,0.0,3.075919087310799e7,0.0,0.0,0.0,2.0562667736036208e8
steelscrap_source_Region30Ningxia_steelscrap_source_Region25Yunnan,1.4649862896167856e8,0.0,0.0,3.19122846754857e7,0.0,0.0,0.0,1.7841091363716426e8
steelscrap_source_Region30Ningxia_steelscrap_source_Region27Shaanxi,3.500533630116242e8,0.0,0.0,2.4387050956476443e7,0.0,0.0,0.0,3.7444041396810067e8
steelscrap_source_Region30Ningxia_steelscrap_source_Region28Gansu,4.8837350719893456e8,0.0,0.0,2.3230299825762607e7,0.0,0.0,0.0,5.116038070246972e8
steelscrap_source_Region30Ningxia_steelscrap_source_Region29Qinghai,3.673031909961748e8,0.0,0.0,2.4584826917344052e7,0.0,0.0,0.0,3.9188801791351885e8
steelscrap_source_Region30Ningxia_steelscrap_source_Region31Xinjiang,1.1243188819756247e8,0.0,0.0,2.5428345380682107e7,0.0,0.0,0.0,1.3786023357824457e8
steelscrap_source_Region31Xinjiang_steelscrap_source_Region1Beijing,9.124998764609e7,0.0,0.0,2.874374610851829e7,0.0,0.0,0.0,1.1999373375460829e8
steelscrap_source_Region31Xinjiang_steelscrap_source_Region2Tianjin,8.75520021888739e7,0.0,0.0,2.876375111911811e7,0.0,0.0,0.0,1.1631575330799201e8
steelscrap_source_Region31Xinjiang_steelscrap_source_Region3Hebei,9.527961491759796e7,0.0,0.0,3.0140118185600083e7,0.0,0.0,0.0,1.2541973310319805e8
steelscrap_source_Region31Xinjiang_steelscrap_source_Region4Shanxi,9.934277400900842e7,0.0,0.0,2.9087564229837827e7,0.0,0.0,0.0,1.2843033823884624e8
steelscrap_source_Region31Xinjiang_steelscrap_source_Region5Innermongolia,1.0580315763905528e8,0.0,0.0,2.7579356424580302e7,0.0,0.0,0.0,1.3338251406363559e8
steelscrap_source_Region31Xinjiang_steelscrap_source_Region6Liaoning,7.524833092833626e7,0.0,0.0,2.95274450562791e7,0.0,0.0,0.0,1.0477577598461536e8
steelscrap_source_Region31Xinjiang_steelscrap_source_Region7Jilin,7.365825324963251e7,0.0,0.0,2.962534945700231e7,0.0,0.0,0.0,1.0328360270663482e8
steelscrap_source_Region31Xinjiang_steelscrap_source_Region8Heilongjiang,7.049517644190861e7,0.0,0.0,2.9807710438853644e7,0.0,0.0,0.0,1.0030288688076225e8
steelscrap_source_Region31Xinjiang_steelscrap_source_Region9Shanghai,6.979971433585665e7,0.0,0.0,3.0514108450492237e7,0.0,0.0,0.0,1.0031382278634888e8
steelscrap_source_Region31Xinjiang_steelscrap_source_Region10Jiangsu,7.562180882262257e7,0.0,0.0,3.0735223832474485e7,0.0,0.0,0.0,1.0635703265509705e8
steelscrap_source_Region31Xinjiang_steelscrap_source_Region11Zhejiang,7.017603341317327e7,0.0,0.0,3.037452646233512e7,0.0,0.0,0.0,1.005505598755084e8
steelscrap_source_Region31Xinjiang_steelscrap_source_Region12Anhui,7.745694572600505e7,0.0,0.0,3.008427771998048e7,0.0,0.0,0.0,1.0754122344598553e8
steelscrap_source_Region31Xinjiang_steelscrap_source_Region13Fujian,6.710332026281128e7,0.0,0.0,3.1267910465127885e7,0.0,0.0,0.0,9.837123072793916e7
steelscrap_source_Region31Xinjiang_steelscrap_source_Region14Jiangxi,7.424599974611971e7,0.0,0.0,3.005973043054553e7,0.0,0.0,0.0,1.0430573017666525e8
steelscrap_source_Region31Xinjiang_steelscrap_source_Region15Shandong,8.218960780056085e7,0.0,0.0,2.8955398828137696e7,0.0,0.0,0.0,1.1114500662869854e8
steelscrap_source_Region31Xinjiang_steelscrap_source_Region16Henan,8.499942748375486e7,0.0,0.0,2.8483308149806242e7,0.0,0.0,0.0,1.134827356335611e8
steelscrap_source_Region31Xinjiang_steelscrap_source_Region17Hubei,8.042679423745145e7,0.0,0.0,2.9551485095980857e7,0.0,0.0,0.0,1.099782793334323e8
steelscrap_source_Region31Xinjiang_steelscrap_source_Region18Hunan,7.556152888984105e7,0.0,0.0,2.9786354688375413e7,0.0,0.0,0.0,1.0534788357821646e8
steelscrap_source_Region31Xinjiang_steelscrap_source_Region19Guangdong,6.698473105726474e7,0.0,0.0,3.1337690012957025e7,0.0,0.0,0.0,9.832242107022177e7
steelscrap_source_Region31Xinjiang_steelscrap_source_Region20Guangxi,7.250537297106357e7,0.0,0.0,3.0945293184049994e7,0.0,0.0,0.0,1.0345066615511356e8
steelscrap_source_Region31Xinjiang_steelscrap_source_Region21Hainan,6.433079423119119e7,0.0,0.0,3.0844471474048622e7,0.0,0.0,0.0,9.51752657052398e7
steelscrap_source_Region31Xinjiang_steelscrap_source_Region22Chongqing,8.616447310210615e7,0.0,0.0,2.8336623054179296e7,0.0,0.0,0.0,1.1450109615628545e8
steelscrap_source_Region31Xinjiang_steelscrap_source_Region23Sichuan,9.051116031972663e7,0.0,0.0,2.8200260516949635e7,0.0,0.0,0.0,1.1871142083667627e8
steelscrap_source_Region31Xinjiang_steelscrap_source_Region24Guizhou,7.889501700426868e7,0.0,0.0,2.884927788456122e7,0.0,0.0,0.0,1.0774429488882989e8
steelscrap_source_Region31Xinjiang_steelscrap_source_Region25Yunnan,7.348111318442473e7,0.0,0.0,2.9612888613323025e7,0.0,0.0,0.0,1.0309400179774776e8
steelscrap_source_Region31Xinjiang_steelscrap_source_Region27Shaanxi,9.69658541992909e7,0.0,0.0,2.7628804056518096e7,0.0,0.0,0.0,1.24594658255809e8
steelscrap_source_Region31Xinjiang_steelscrap_source_Region28Gansu,1.2148415738562281e8,0.0,0.0,2.6281072714423083e7,0.0,0.0,0.0,1.477652301000459e8
steelscrap_source_Region31Xinjiang_steelscrap_source_Region29Qinghai,1.3027066547273844e8,0.0,0.0,2.5724114075350013e7,0.0,0.0,0.0,1.5599477954808846e8
steelscrap_source_Region31Xinjiang_steelscrap_source_Region30Ningxia,1.1765908954859783e8,0.0,0.0,2.6689003479273602e7,0.0,0.0,0.0,1.4434809302787143e8
coal_Region1Beijing_Region1Beijing_tradcement_transforms,8.117067601671569e7,0.0,0.0,0.0,0.0,0.0,0.0,8.117067601671569e7
Region1Beijing_tradcement_transforms_cement_Region1Beijing,0.0,197372.91788396984,30850.760651367415,4.5636333645336695e7,0.0,0.0,0.0,4.586455732387203e7
coal_Region2Tianjin_Region2Tianjin_tradcement_transforms,1.752987625344615e8,0.0,0.0,0.0,0.0,0.0,0.0,1.752987625344615e8
Region2Tianjin_tradcement_transforms_cement_Region2Tianjin,0.0,196621.89878250565,60459.41897947501,8.943527350040342e7,0.0,0.0,0.0,8.96923548181654e7
coal_Region3Hebei_Region3Hebei_tradcement_transforms,3.3260689129522166e9,0.0,0.0,0.0,0.0,0.0,0.0,3.3260689129522166e9
Region3Hebei_tradcement_transforms_cement_Region3Hebei,0.0,195761.00133127917,1.436531933207298e6,2.1250059710642176e9,0.0,0.0,0.0,2.1266382639987562e9
coal_Region4Shanxi_Region4Shanxi_tradcement_transforms,1.4576853497028441e9,0.0,0.0,0.0,0.0,0.0,0.0,1.4576853497028441e9
Region4Shanxi_tradcement_transforms_cement_Region4Shanxi,0.0,195662.3923265347,687377.7346569361,1.0168112220529397e9,0.0,0.0,0.0,1.0176942621799232e9
coal_Region5Innermongolia_Region5Innermongolia_tradcement_transforms,5.73727192975383e8,0.0,0.0,0.0,0.0,0.0,0.0,5.73727192975383e8
Region5Innermongolia_tradcement_transforms_cement_Region5Innermongolia,0.0,194240.65087365388,425894.6524807835,6.300094405457172e8,0.0,0.0,0.0,6.306295758490716e8
coal_Region6Liaoning_Region6Liaoning_tradcement_transforms,1.8108273060790014e9,0.0,0.0,0.0,0.0,0.0,0.0,1.8108273060790014e9
Region6Liaoning_tradcement_transforms_cement_Region6Liaoning,0.0,195488.51213992233,642020.5994105769,9.497161711175357e8,0.0,0.0,0.0,9.505536802290862e8
coal_Region7Jilin_Region7Jilin_tradcement_transforms,8.452047748943626e8,0.0,0.0,0.0,0.0,0.0,0.0,8.452047748943626e8
Region7Jilin_tradcement_transforms_cement_Region7Jilin,0.0,196068.06376651602,287848.82483964023,4.258036020002521e8,0.0,0.0,0.0,4.2628751888885826e8
coal_Region8Heilongjiang_Region8Heilongjiang_tradcement_transforms,8.129889097255592e8,0.0,0.0,0.0,0.0,0.0,0.0,8.129889097255592e8
Region8Heilongjiang_tradcement_transforms_cement_Region8Heilongjiang,0.0,195980.44436428175,303531.3522409986,4.490021565181868e8,0.0,0.0,0.0,4.495016683147921e8
coal_Region9Shanghai_Region9Shanghai_tradcement_transforms,1.2351923605713801e8,0.0,0.0,0.0,0.0,0.0,0.0,1.2351923605713801e8
Region9Shanghai_tradcement_transforms_cement_Region9Shanghai,0.0,197361.6728528823,43149.166927580765,6.382888904031387e7,0.0,0.0,0.0,6.4069399880094334e7
coal_Region10Jiangsu_Region10Jiangsu_tradcement_transforms,5.293104068871682e9,0.0,0.0,0.0,0.0,0.0,0.0,5.293104068871682e9
Region10Jiangsu_tradcement_transforms_cement_Region10Jiangsu,0.0,195626.42350900447,1.7312947737750981e6,2.561037208362195e9,0.0,0.0,0.0,2.562964129559479e9
coal_Region11Zhejiang_Region11Zhejiang_tradcement_transforms,4.538276880916167e9,0.0,0.0,0.0,0.0,0.0,0.0,4.538276880916167e9
Region11Zhejiang_tradcement_transforms_cement_Region11Zhejiang,0.0,195508.79925861052,1.5318608306932217e6,2.2660223116618605e9,0.0,0.0,0.0,2.2677496812918124e9
coal_Region12Anhui_Region12Anhui_tradcement_transforms,5.57834242902163e9,0.0,0.0,0.0,0.0,0.0,0.0,5.57834242902163e9
Region12Anhui_tradcement_transforms_cement_Region12Anhui,0.0,195633.27536661993,1.7350047877931762e6,2.5665252882014995e9,0.0,0.0,0.0,2.5684559262646594e9
coal_Region13Fujian_Region13Fujian_tradcement_transforms,3.3869170878452673e9,0.0,0.0,0.0,0.0,0.0,0.0,3.3869170878452673e9
Region13Fujian_tradcement_transforms_cement_Region13Fujian,0.0,195384.14500048218,1.1272108867430224e6,1.6674393444422345e9,0.0,0.0,0.0,1.668761939473978e9
coal_Region14Jiangxi_Region14Jiangxi_tradcement_transforms,4.431425387356819e9,0.0,0.0,0.0,0.0,0.0,0.0,4.431425387356819e9
Region14Jiangxi_tradcement_transforms_cement_Region14Jiangxi,0.0,195518.42809958936,1.222252508833464e6,1.8080307296896966e9,0.0,0.0,0.0,1.8094485006266296e9
coal_Region15Shandong_Region15Shandong_tradcement_transforms,6.13790189777275e9,0.0,0.0,0.0,0.0,0.0,0.0,6.13790189777275e9
Region15Shandong_tradcement_transforms_cement_Region15Shandong,0.0,196246.1148609705,1.9669891629708305e6,2.9096907765909476e9,0.0,0.0,0.0,2.9118540118687797e9
coal_Region16Henan_Region16Henan_tradcement_transforms,4.58407198198597e9,0.0,0.0,0.0,0.0,0.0,0.0,4.58407198198597e9
Region16Henan_tradcement_transforms_cement_Region16Henan,0.0,195667.97836476436,1.4494848295329504e6,2.1441666882041044e9,0.0,0.0,0.0,2.1458118410120022e9
coal_Region17Hubei_Region17Hubei_tradcement_transforms,4.2178919156876774e9,0.0,0.0,0.0,0.0,0.0,0.0,4.2178919156876774e9
Region17Hubei_tradcement_transforms_cement_Region17Hubei,0.0,195564.39122602635,1.2144740201328492e6,1.7965243130535078e9,0.0,0.0,0.0,1.7979343514648666e9
coal_Region18Hunan_Region18Hunan_tradcement_transforms,4.938739484440803e9,0.0,0.0,0.0,0.0,0.0,0.0,4.938739484440803e9
Region18Hunan_tradcement_transforms_cement_Region18Hunan,0.0,195535.39565018896,1.3543147272256543e6,2.0033852471551206e9,0.0,0.0,0.0,2.0049350972779965e9
coal_Region19Guangdong_Region19Guangdong_tradcement_transforms,6.229363594728192e9,0.0,0.0,0.0,0.0,0.0,0.0,6.229363594728192e9
Region19Guangdong_tradcement_transforms_cement_Region19Guangdong,0.0,195499.95007708625,1.9962995315193334e6,2.9530484679445734e9,0.0,0.0,0.0,2.95524026742617e9
coal_Region20Guangxi_Region20Guangxi_tradcement_transforms,5.474184785910769e9,0.0,0.0,0.0,0.0,0.0,0.0,5.474184785910769e9
Region20Guangxi_tradcement_transforms_cement_Region20Guangxi,0.0,195344.08852530917,1.518677642938393e6,2.246520933342965e9,0.0,0.0,0.0,2.248234955074429e9
coal_Region21Hainan_Region21Hainan_tradcement_transforms,5.702814316953256e8,0.0,0.0,0.0,0.0,0.0,0.0,5.702814316953256e8
Region21Hainan_tradcement_transforms_cement_Region21Hainan,0.0,195866.3875792495,225779.6065005323,3.339870147452719e8,0.0,0.0,0.0,3.344086607393517e8
coal_Region22Chongqing_Region22Chongqing_tradcement_transforms,2.3868039856196246e9,0.0,0.0,0.0,0.0,0.0,0.0,2.3868039856196246e9
Region22Chongqing_tradcement_transforms_cement_Region22Chongqing,0.0,195496.099828021,744794.0174579154,1.1017449022364292e9,0.0,0.0,0.0,1.1026851923537152e9
coal_Region23Sichuan_Region23Sichuan_tradcement_transforms,6.154598699067044e9,0.0,0.0,0.0,0.0,0.0,0.0,6.154598699067044e9
Region23Sichuan_tradcement_transforms_cement_Region23Sichuan,0.0,195712.18819352885,1.8021534257239562e6,2.6658556638466387e9,0.0,0.0,0.0,2.667853529460556e9
coal_Region24Guizhou_Region24Guizhou_tradcement_transforms,3.6703897165755153e9,0.0,0.0,0.0,0.0,0.0,0.0,3.6703897165755153e9
Region24Guizhou_tradcement_transforms_cement_Region24Guizhou,0.0,195551.17534162305,1.4091061104385145e6,2.08443601518799e9,0.0,0.0,0.0,2.0860406724737701e9
coal_Region25Yunnan_Region25Yunnan_tradcement_transforms,3.672536386705477e9,0.0,0.0,0.0,0.0,0.0,0.0,3.672536386705477e9
Region25Yunnan_tradcement_transforms_cement_Region25Yunnan,0.0,195310.50583298286,1.6499183698091593e6,2.4406602502633452e9,0.0,0.0,0.0,2.4425054791389875e9
coal_Region26Tibet_Region26Tibet_tradcement_transforms,781.2323039324331,0.0,0.0,0.0,0.0,0.0,0.0,781.2323039324331
Region26Tibet_tradcement_transforms_cement_Region26Tibet,0.0,4969.705460194073,0.2969250966540246,439.2297788604558,0.0,0.0,0.0,5409.232164151183
coal_Region27Shaanxi_Region27Shaanxi_tradcement_transforms,1.9394947995559847e9,0.0,0.0,0.0,0.0,0.0,0.0,1.9394947995559847e9
Region27Shaanxi_tradcement_transforms_cement_Region27Shaanxi,0.0,195628.4562098283,831996.7138641207,1.2307404687619572e9,0.0,0.0,0.0,1.2317680939320312e9
coal_Region28Gansu_Region28Gansu_tradcement_transforms,1.6631133815859394e9,0.0,0.0,0.0,0.0,0.0,0.0,1.6631133815859394e9
Region28Gansu_tradcement_transforms_cement_Region28Gansu,0.0,195537.50635329186,597451.8412310956,8.837873357989506e8,0.0,0.0,0.0,8.845803251465349e8
coal_Region29Qinghai_Region29Qinghai_tradcement_transforms,3.9588955808877796e8,0.0,0.0,0.0,0.0,0.0,0.0,3.9588955808877796e8
Region29Qinghai_tradcement_transforms_cement_Region29Qinghai,0.0,196212.0017405343,155120.43935962446,2.2946364939994732e8,0.0,0.0,0.0,2.2981498184104747e8
coal_Region30Ningxia_Region30Ningxia_tradcement_transforms,4.9831025632777035e8,0.0,0.0,0.0,0.0,0.0,0.0,4.9831025632777035e8
Region30Ningxia_tradcement_transforms_cement_Region30Ningxia,0.0,196004.91645947163,241574.1592644784,3.57351284037038e8,0.0,0.0,0.0,3.57788863112762e8
coal_Region31Xinjiang_Region31Xinjiang_tradcement_transforms,6.599812466295567e8,0.0,0.0,0.0,0.0,0.0,0.0,6.599812466295567e8
Region31Xinjiang_tradcement_transforms_cement_Region31Xinjiang,0.0,195660.80268182018,522585.1582464376,7.730399554598507e8,0.0,0.0,0.0,7.737582014207789e8
elec_Region3Hebei_elec_Region1Beijing,0.0,0.0,2.0382213381393507e7,0.0,0.0,0.0,0.0,2.0382213381393507e7
elec_Region3Hebei_elec_Region6Liaoning,0.0,0.0,3.9146679008919513e6,0.0,0.0,0.0,0.0,3.9146679008919513e6
elec_Region4Shanxi_elec_Region10Jiangsu,0.0,87979.98874064063,2.5155636272805405e8,0.0,0.0,0.0,0.0,2.516443427167947e8
elec_Region5Innermongolia_elec_Region6Liaoning,0.0,132967.878879177,1.038610242412195e8,0.0,0.0,0.0,0.0,1.0399399212009868e8
elec_Region5Innermongolia_elec_Region10Jiangsu,0.0,122252.6932144264,2.516799332394255e8,0.0,0.0,0.0,0.0,2.5180218593263993e8
elec_Region5Innermongolia_elec_Region12Anhui,0.0,183806.83457396668,1.501119163508018e8,0.0,0.0,0.0,0.0,1.5029572318537575e8
elec_Region5Innermongolia_elec_Region14Jiangxi,0.0,423257.76349490875,1.6346091899497113e8,0.0,0.0,0.0,0.0,1.6388417675846604e8
elec_Region5Innermongolia_elec_Region15Shandong,0.0,0.0,1.801156100733937e8,0.0,0.0,0.0,0.0,1.801156100733937e8
elec_Region5Innermongolia_elec_Region18Hunan,0.0,696547.4299543574,1.634824093793575e8,0.0,0.0,0.0,0.0,1.6417895680931184e8
elec_Region5Innermongolia_elec_Region22Chongqing,0.0,2.2019486867404208e6,1.6007651805017868e8,0.0,0.0,0.0,0.0,1.622784667369191e8
elec_Region6Liaoning_elec_Region3Hebei,0.0,1.3769117530517645e9,1.3264303175025629e8,0.0,0.0,0.0,0.0,1.5095547848020208e9
elec_Region8Heilongjiang_elec_Region3Hebei,0.0,337906.901453124,1.595941895517918e8,0.0,0.0,0.0,0.0,1.5993209645324492e8
elec_Region17Hubei_elec_Region9Shanghai,0.0,0.0,7.77073162872889e7,0.0,0.0,0.0,0.0,7.77073162872889e7
elec_Region17Hubei_elec_Region10Jiangsu,0.0,0.0,2.1621078342021607e7,0.0,0.0,0.0,0.0,2.1621078342021607e7
elec_Region17Hubei_elec_Region19Guangdong,0.0,0.0,3.15778819144771e7,0.0,0.0,0.0,0.0,3.15778819144771e7
elec_Region22Chongqing_elec_Region17Hubei,0.0,0.0,1.505990958739332e7,0.0,0.0,0.0,0.0,1.505990958739332e7
elec_Region23Sichuan_elec_Region9Shanghai,0.0,0.0,8.361560502484985e7,0.0,0.0,0.0,0.0,8.361560502484985e7
elec_Region23Sichuan_elec_Region10Jiangsu,0.0,1.123044202763908e9,2.9214958301272196e8,0.0,0.0,0.0,0.0,1.41519378577663e9
elec_Region23Sichuan_elec_Region11Zhejiang,0.0,1.264931964856565e9,1.990884239430887e8,0.0,0.0,0.0,0.0,1.4640203887996538e9
elec_Region23Sichuan_elec_Region13Fujian,0.0,4.0162729150866777e8,5.024330599027229e7,0.0,0.0,0.0,0.0,4.5187059749894005e8
elec_Region23Sichuan_elec_Region14Jiangxi,0.0,4.7152002405767106e7,1.554897377073441e7,0.0,0.0,0.0,0.0,6.270097617650151e7
elec_Region23Sichuan_elec_Region27Shaanxi,0.0,0.0,2.350231772667909e7,0.0,0.0,0.0,0.0,2.350231772667909e7
elec_Region24Guizhou_elec_Region19Guangdong,0.0,97262.48686391088,2.0140774441577742e8,0.0,0.0,0.0,0.0,2.0150500690264133e8
elec_Region25Yunnan_elec_Region19Guangdong,0.0,202546.1171410936,5.712512083279976e8,0.0,0.0,0.0,0.0,5.714537544451387e8
elec_Region25Yunnan_elec_Region20Guangxi,0.0,0.0,3.1210697241052937e7,0.0,0.0,0.0,0.0,3.1210697241052937e7
elec_Region25Yunnan_elec_Region24Guizhou,0.0,0.0,7.257377244603566e6,0.0,0.0,0.0,0.0,7.257377244603566e6
elec_Region26Tibet_elec_Region3Hebei,0.0,1.9167085087647367e8,3.050698686599299e7,0.0,0.0,0.0,0.0,2.2217783774246666e8
elec_Region26Tibet_elec_Region16Henan,0.0,6.807319500375588e8,8.02497103383994e7,0.0,0.0,0.0,0.0,7.609816603759582e8
elec_Region26Tibet_elec_Region19Guangdong,0.0,5.917475297556739e6,1.8478743359572795e8,0.0,0.0,0.0,0.0,1.9070490889328468e8
elec_Region27Shaanxi_elec_Region16Henan,0.0,0.0,943459.0417984637,0.0,0.0,0.0,0.0,943459.0417984637
elec_Region27Shaanxi_elec_Region17Hubei,0.0,358818.29814405664,1.5097471506037048e8,0.0,0.0,0.0,0.0,1.5133353335851452e8
elec_Region28Gansu_elec_Region15Shandong,0.0,281525.0242266613,1.366667738631015e8,0.0,0.0,0.0,0.0,1.3694829888732818e8
elec_Region28Gansu_elec_Region17Hubei,0.0,491863.56911807356,1.5206766793661436e8,0.0,0.0,0.0,0.0,1.5255953150573245e8
elec_Region28Gansu_elec_Region18Hunan,0.0,873993.362572751,2.599357675995031e8,0.0,0.0,0.0,0.0,2.6080976096207586e8
elec_Region29Qinghai_elec_Region13Fujian,0.0,1.322607089929619e6,1.923991959195729e8,0.0,0.0,0.0,0.0,1.937218030095025e8
elec_Region29Qinghai_elec_Region14Jiangxi,0.0,1.331211138977037e6,5.274648468762554e7,0.0,0.0,0.0,0.0,5.407769582660258e7
elec_Region29Qinghai_elec_Region16Henan,0.0,1.3555002640944556e6,2.3503615794309503e8,0.0,0.0,0.0,0.0,2.3639165820718947e8
elec_Region29Qinghai_elec_Region26Tibet,0.0,0.0,1.5382232539195893e7,0.0,0.0,0.0,0.0,1.5382232539195893e7
elec_Region30Ningxia_elec_Region11Zhejiang,0.0,369274.01626432594,2.601203381463353e8,0.0,0.0,0.0,0.0,2.6048961216259962e8
elec_Region30Ningxia_elec_Region13Fujian,0.0,1.0112308293988574e6,9.29325660886477e7,0.0,0.0,0.0,0.0,9.394379691804655e7
elec_Region30Ningxia_elec_Region15Shandong,0.0,1.7464031581932527e8,1.974481221282656e8,0.0,0.0,0.0,0.0,3.720884379475908e8
elec_Region31Xinjiang_elec_Region12Anhui,0.0,78289.0069195258,4.4686089257938135e8,0.0,0.0,0.0,0.0,4.4693918158630085e8
elec_Region31Xinjiang_elec_Region14Jiangxi,0.0,94459.46787324102,2.3823527192328534e8,0.0,0.0,0.0,0.0,2.3832973139115858e8
elec_Region31Xinjiang_elec_Region16Henan,0.0,74190.00641638911,3.115463032637626e8,0.0,0.0,0.0,0.0,3.11620493270179e8
elec_Region31Xinjiang_elec_Region17Hubei,0.0,87471.93785915688,2.266670011473448e8,0.0,0.0,0.0,0.0,2.2675447308520395e8
elec_Region31Xinjiang_elec_Region18Hunan,0.0,89849.1167234547,2.302564342696205e8,0.0,0.0,0.0,0.0,2.3034628338634396e8
elec_Region31Xinjiang_elec_Region22Chongqing,0.0,90675.54941660483,2.004885737976774e8,0.0,0.0,0.0,0.0,2.00579249347094e8
elec_Region31Xinjiang_elec_Region23Sichuan,0.0,112812.95831752032,3.590567805318585e8,0.0,0.0,0.0,0.0,3.59169593490176e8
elec_Region1Beijing_elec_Region2Tianjin,0.0,272319.70536637574,2.0038179580605794e7,0.0,0.0,0.0,0.0,2.031049928597217e7
elec_Region1Beijing_elec_Region3Hebei,0.0,2.2955654394620407e8,2.0716531924390793e8,0.0,0.0,0.0,0.0,4.36721863190112e8
elec_Region2Tianjin_elec_Region3Hebei,0.0,4.650717736485612e7,1.1693616046009503e8,0.0,0.0,0.0,0.0,1.6344333782495114e8
elec_Region2Tianjin_elec_Region15Shandong,0.0,1.8031360166331482e8,7.127479606772365e7,0.0,0.0,0.0,0.0,2.5158839773103845e8
elec_Region3Hebei_elec_Region4Shanxi,0.0,2.40362334239944e8,1.6409492120427716e8,0.0,0.0,0.0,0.0,4.0445725544422114e8
elec_Region3Hebei_elec_Region5Innermongolia,0.0,322379.1888110782,2.916969825332866e8,0.0,0.0,0.0,0.0,2.9201936172209764e8
elec_Region3Hebei_elec_Region15Shandong,0.0,1.5752536313568733e6,2.9077936798812973e8,0.0,0.0,0.0,0.0,2.9235462161948663e8
elec_Region3Hebei_elec_Region16Henan,0.0,0.0,1.7332524902956965e6,0.0,0.0,0.0,0.0,1.7332524902956965e6
elec_Region3Hebei_elec_Region27Shaanxi,0.0,0.0,2.2733421890279006e7,0.0,0.0,0.0,0.0,2.2733421890279006e7
elec_Region4Shanxi_elec_Region5Innermongolia,0.0,1.1684623326172146e6,2.735902402774833e8,0.0,0.0,0.0,0.0,2.747587026101005e8
elec_Region4Shanxi_elec_Region16Henan,0.0,89259.64269866367,7.93062658716384e7,0.0,0.0,0.0,0.0,7.939552551433706e7
elec_Region4Shanxi_elec_Region27Shaanxi,0.0,216865.05606780178,2.865406366260719e8,0.0,0.0,0.0,0.0,2.867575016821397e8
elec_Region4Shanxi_elec_Region28Gansu,0.0,162317.0686751238,1.1754240870875809e8,0.0,0.0,0.0,0.0,1.1770472577743322e8
elec_Region5Innermongolia_elec_Region7Jilin,0.0,78306.92918304053,7.356194810007085e7,0.0,0.0,0.0,0.0,7.364025502925389e7
elec_Region5Innermongolia_elec_Region8Heilongjiang,0.0,104102.96712770757,7.663213861396274e7,0.0,0.0,0.0,0.0,7.673624158109045e7
elec_Region6Liaoning_elec_Region7Jilin,0.0,18568.193045790897,3.909459385879829e7,0.0,0.0,0.0,0.0,3.9113162051844075e7
elec_Region7Jilin_elec_Region8Heilongjiang,0.0,108684.71502402688,3.644669206999998e7,0.0,0.0,0.0,0.0,3.6555376785024e7
elec_Region9Shanghai_elec_Region10Jiangsu,0.0,2.6337886518447426e8,9.039624546317111e7,0.0,0.0,0.0,0.0,3.5377511064764535e8
elec_Region9Shanghai_elec_Region11Zhejiang,0.0,158191.01577754124,1.210938500563349e8,0.0,0.0,0.0,0.0,1.2125204107211244e8
elec_Region10Jiangsu_elec_Region11Zhejiang,0.0,0.0,6.076366868770473e6,0.0,0.0,0.0,0.0,6.076366868770473e6
elec_Region10Jiangsu_elec_Region12Anhui,0.0,3.063445055511403e6,2.0437005202216873e8,0.0,0.0,0.0,0.0,2.0743349707768014e8
elec_Region10Jiangsu_elec_Region15Shandong,0.0,67978.57876662142,9.930917585251404e7,0.0,0.0,0.0,0.0,9.937715443128066e7
elec_Region11Zhejiang_elec_Region12Anhui,0.0,4.660044548869228e8,1.517024667644301e8,0.0,0.0,0.0,0.0,6.177069216513529e8
elec_Region11Zhejiang_elec_Region13Fujian,0.0,5.194667095102022e8,2.4266770749069422e8,0.0,0.0,0.0,0.0,7.621344170008965e8
elec_Region11Zhejiang_elec_Region14Jiangxi,0.0,224489.62257601245,9.316971957759644e7,0.0,0.0,0.0,0.0,9.339420920017245e7
elec_Region12Anhui_elec_Region17Hubei,0.0,5.52886180409521e6,8.262354899252418e7,0.0,0.0,0.0,0.0,8.815241079661939e7
elec_Region13Fujian_elec_Region14Jiangxi,0.0,796938.9877314449,9.208973868026121e7,0.0,0.0,0.0,0.0,9.288667766799265e7
elec_Region13Fujian_elec_Region19Guangdong,0.0,17354.24765183182,1.7107997073481947e7,0.0,0.0,0.0,0.0,1.7125351321133777e7
elec_Region14Jiangxi_elec_Region17Hubei,0.0,5.2814514693654007e8,1.2026610821892439e8,0.0,0.0,0.0,0.0,6.484112551554644e8
elec_Region14Jiangxi_elec_Region18Hunan,0.0,5.560468585213243e8,1.0858994172177269e8,0.0,0.0,0.0,0.0,6.64636800243097e8
elec_Region15Shandong_elec_Region16Henan,0.0,1.434775063239647e8,1.060489724962105e8,0.0,0.0,0.0,0.0,2.4952647882017517e8
elec_Region16Henan_elec_Region17Hubei,0.0,5.580420460101161e8,1.4111545515671903e8,0.0,0.0,0.0,0.0,6.991575011668351e8
elec_Region17Hubei_elec_Region18Hunan,0.0,1.145442240823679e7,3.3338246418996688e7,0.0,0.0,0.0,0.0,4.479266882723348e7
elec_Region17Hubei_elec_Region22Chongqing,0.0,690574.0880433306,5.53867107425643e7,0.0,0.0,0.0,0.0,5.607728483060763e7
elec_Region18Hunan_elec_Region24Guizhou,0.0,0.0,9.337200731173247e6,0.0,0.0,0.0,0.0,9.337200731173247e6
elec_Region19Guangdong_elec_Region20Guangxi,0.0,30818.391106625873,9.019360594068304e7,0.0,0.0,0.0,0.0,9.022442433178966e7
elec_Region19Guangdong_elec_Region21Hainan,0.0,11324.759196834977,3.8481670836835176e7,0.0,0.0,0.0,0.0,3.849299559603201e7
elec_Region19Guangdong_elec_Region24Guizhou,0.0,20305.001452786542,4.514923054911782e7,0.0,0.0,0.0,0.0,4.516953555057061e7
elec_Region20Guangxi_elec_Region24Guizhou,0.0,34651.58559002786,1.006267627474879e8,0.0,0.0,0.0,0.0,1.0066141433307794e8
elec_Region20Guangxi_elec_Region25Yunnan,0.0,91586.47353964642,5.498028704009027e7,0.0,0.0,0.0,0.0,5.507187351362991e7
elec_Region22Chongqing_elec_Region23Sichuan,0.0,3.295564621023049e8,9.048806051955537e7,0.0,0.0,0.0,0.0,4.2004452262186027e8
elec_Region22Chongqing_elec_Region24Guizhou,0.0,0.0,4.894357041924039e6,0.0,0.0,0.0,0.0,4.894357041924039e6
elec_Region22Chongqing_elec_Region27Shaanxi,0.0,57653.10544755299,1.0114506175824876e8,0.0,0.0,0.0,0.0,1.012027148636963e8
elec_Region23Sichuan_elec_Region26Tibet,0.0,59659.47294460608,7.626646253222045e7,0.0,0.0,0.0,0.0,7.632612200516506e7
elec_Region23Sichuan_elec_Region28Gansu,0.0,48190.86764591573,1.0335909979111412e8,0.0,0.0,0.0,0.0,1.0340729065876004e8
elec_Region24Guizhou_elec_Region25Yunnan,0.0,24851.004527890716,3.115747783625785e7,0.0,0.0,0.0,0.0,3.1182328840785738e7
elec_Region27Shaanxi_elec_Region28Gansu,0.0,758396.7533317322,1.4244545402893e8,0.0,0.0,0.0,0.0,1.4320385078226173e8
elec_Region28Gansu_elec_Region29Qinghai,0.0,2.4910674487658303e7,1.4437846140349954e8,0.0,0.0,0.0,0.0,1.6928913589115784e8
elec_Region28Gansu_elec_Region30Ningxia,0.0,2.4999998257107185e6,1.242663826895684e8,0.0,0.0,0.0,0.0,1.2676638251527911e8
elec_Region28Gansu_elec_Region31Xinjiang,0.0,73107.21608045202,2.2707933959780532e8,0.0,0.0,0.0,0.0,2.2715244681388578e8
elec_Region29Qinghai_elec_Region31Xinjiang,0.0,41324.42707613493,1.573571754331816e8,0.0,0.0,0.0,0.0,1.5739849986025774e8
Erlian,0.0,8.137174653330369e6,2.1693790759269275e7,0.0,0.0,0.0,0.0,2.9830965412599646e7
Nanxiang,0.0,1.5538985098675182e9,3.721007786004021e8,0.0,0.0,0.0,0.0,1.9259992884679203e9
Ordos,0.0,1.9649368460501675e6,2.3630218667039607e7,0.0,0.0,0.0,0.0,2.5595155513089776e7
Qaidam,0.0,5.720480135361806e6,4.472503169889517e7,0.0,0.0,0.0,0.0,5.044551183425698e7
Songliao,0.0,384231.871792573,1.3922907469912091e7,0.0,0.0,0.0,0.0,1.4307139341704665e7
TurpanHami,0.0,5.719507357555006e6,6.655252441412677e7,0.0,0.0,0.0,0.0,7.227203177168177e7
co2captured_Region12Anhui_co2_transported_Region12Anhui_to_Hehuai,0.0,3159.967272819991,4247.061996949535,0.0,0.0,0.0,0.0,7407.029269769526
co2captured_Region12Anhui_co2_transported_Region12Anhui_to_Region17Hubei,0.0,0.0,-9.479422590724233e7,0.0,0.0,0.0,0.0,-9.479422590724233e7
co2captured_Region1Beijing_co2_transported_Region1Beijing_to_BohaiOnshore,0.0,2492.2355037940197,2425.0389376785547,0.0,0.0,0.0,0.0,4917.274441472575
co2captured_Region1Beijing_co2_transported_Region1Beijing_to_Erlian,0.0,3380.500138228262,5637.04168955952,0.0,0.0,0.0,0.0,9017.541827787782
co2captured_Region22Chongqing_co2_transported_Region22Chongqing_to_Jianghan,0.0,6129.23442482653,8604.637396929253,0.0,0.0,0.0,0.0,14733.871821755783
co2captured_Region22Chongqing_co2_transported_Region22Chongqing_to_Nanxiang,0.0,7024.001883319219,9413.672611529551,0.0,0.0,0.0,0.0,16437.67449484877
co2captured_Region22Chongqing_co2_transported_Region22Chongqing_to_SichuanBasin,0.0,1259.3143509455676,1320.1123164660903,0.0,0.0,0.0,0.0,2579.426667411658
co2_storage_Erlian_co2_transported_Erlian_to_BohaiOffshore,0.0,4961.458082689052,12349.03248253564,0.0,0.0,0.0,0.0,17310.490565224693
co2captured_Region13Fujian_co2_transported_Region13Fujian_to_EastChinaSea,0.0,4710.661256998099,11693.658323025189,0.0,0.0,0.0,0.0,16404.319580023286
co2captured_Region13Fujian_co2_transported_Region13Fujian_to_PearlRiverMouth,0.0,5632.7393852900095,14005.644772671525,0.0,0.0,0.0,0.0,19638.384157961533
co2captured_Region28Gansu_co2_transported_Region28Gansu_to_SichuanBasin,0.0,5688.795133460465,8255.923421654152,0.0,0.0,0.0,0.0,13944.718555114618
co2captured_Region19Guangdong_co2_transported_Region19Guangdong_to_PearlRiverMouth,0.0,2266.8103117126198,5640.419308083494,0.0,0.0,0.0,0.0,7907.229619796113
co2captured_Region20Guangxi_co2_transported_Region20Guangxi_to_BeibuGulf,0.0,2075.5018036666443,5173.209568244612,0.0,0.0,0.0,0.0,7248.711371911256
co2captured_Region21Hainan_co2_transported_Region21Hainan_to_BeibuGulf,0.0,937.1263771127473,2331.6795100336094,0.0,0.0,0.0,0.0,3268.805887146357
co2captured_Region21Hainan_co2_transported_Region21Hainan_to_PearlRiverMouth,0.0,3247.758373407629,8065.315619205071,0.0,0.0,0.0,0.0,11313.073992612699
co2captured_Region21Hainan_co2_transported_Region21Hainan_to_Qiongdongnan,0.0,4261.767386734056,3639.5927538113847,0.0,0.0,0.0,0.0,7901.360140545441
co2captured_Region3Hebei_co2_transported_Region3Hebei_to_BohaiOnshore,0.0,2971.95638223606,3794.7149124970006,0.0,0.0,0.0,0.0,6766.671294733061
co2captured_Region3Hebei_co2_transported_Region3Hebei_to_Qinshui,0.0,2115.862060326136,3142.1300394760083,0.0,0.0,0.0,0.0,5257.992099802144
co2captured_Region8Heilongjiang_co2_transported_Region8Heilongjiang_to_Hailar,0.0,78388.06580762017,28783.65816113336,0.0,0.0,0.0,0.0,107171.72396875353
co2captured_Region8Heilongjiang_co2_transported_Region8Heilongjiang_to_Sanjiang,0.0,3860.9701036863416,6600.178828873564,0.0,0.0,0.0,0.0,10461.148932559907
co2captured_Region8Heilongjiang_co2_transported_Region8Heilongjiang_to_Songliao,0.0,1727.5719314985386,2864.0485525634754,0.0,0.0,0.0,0.0,4591.620484062014
co2captured_Region16Henan_co2_transported_Region16Henan_to_Hehuai,0.0,2038.937030799503,2185.060703798919,0.0,0.0,0.0,0.0,4223.997734598422
co2captured_Region16Henan_co2_transported_Region16Henan_to_Nanxiang,0.0,2635.9497846579848,3349.9123032357197,0.0,0.0,0.0,0.0,5985.8620878937045
co2captured_Region16Henan_co2_transported_Region16Henan_to_Qinshui,0.0,2517.877522266401,2945.0986127986425,0.0,0.0,0.0,0.0,5462.976135065043
co2captured_Region17Hubei_co2_transported_Region17Hubei_to_Hehuai,0.0,3563.2853382745006,4593.481627676487,0.0,0.0,0.0,0.0,8156.7669659509875
co2captured_Region17Hubei_co2_transported_Region17Hubei_to_Jianghan,0.0,1450.3812842517361,1902.9865506484402,0.0,0.0,0.0,0.0,3353.3678349001766
co2captured_Region17Hubei_co2_transported_Region17Hubei_to_Nanxiang,0.0,2557.646946600094,3631.7711053756766,0.0,0.0,0.0,0.0,6189.41805197577
co2captured_Region18Hunan_co2_transported_Region18Hunan_to_Jianghan,0.0,2054.7439151296358,2926.179832257959,0.0,0.0,0.0,0.0,4980.923747387595
co2captured_Region5Innermongolia_co2_transported_Region5Innermongolia_to_Erlian,0.0,2331.04187894518,6060.570211309396,0.0,0.0,0.0,0.0,8391.612090254575
co2captured_Region5Innermongolia_co2_transported_Region5Innermongolia_to_Ordos,0.0,2421.743599560196,5711.946962943165,0.0,0.0,0.0,0.0,8133.690562503361
co2captured_Region5Innermongolia_co2_transported_Region5Innermongolia_to_YingenEjina,0.0,3962.06541389286,10805.28127000589,0.0,0.0,0.0,0.0,14767.34668389875
co2captured_Region10Jiangsu_co2_transported_Region10Jiangsu_to_Subei,0.0,2122.974359352896,2559.993082794411,0.0,0.0,0.0,0.0,4682.967442147306
co2captured_Region7Jilin_co2_transported_Region7Jilin_to_NorthYellowSea,0.0,4644.293838265835,11538.966379957134,0.0,0.0,0.0,0.0,16183.260218222968
co2captured_Region7Jilin_co2_transported_Region7Jilin_to_Sanjiang,0.0,5199.130180439094,8721.243786581994,0.0,0.0,0.0,0.0,13920.373967021089
co2captured_Region7Jilin_co2_transported_Region7Jilin_to_Songliao,0.0,1917.2735871569096,2593.71899233871,0.0,0.0,0.0,0.0,4510.99257949562
co2captured_Region6Liaoning_co2_transported_Region6Liaoning_to_BohaiOffshore,0.0,3205.4495493475656,7990.105916681074,0.0,0.0,0.0,0.0,11195.55546602864
co2captured_Region6Liaoning_co2_transported_Region6Liaoning_to_Erlian,0.0,4101.722413948645,9840.285852561881,0.0,0.0,0.0,0.0,13942.008266510526
co2captured_Region6Liaoning_co2_transported_Region6Liaoning_to_NorthYellowSea,0.0,2795.84179302343,6947.309439797448,0.0,0.0,0.0,0.0,9743.151232820877
co2captured_Region6Liaoning_co2_transported_Region6Liaoning_to_Songliao,0.0,3394.828308361059,4785.201031027319,0.0,0.0,0.0,0.0,8180.0293393883785
co2_storage_Nanxiang_co2_transported_Nanxiang_to_Hehuai,0.0,2608.522541970034,3860.276234503483,0.0,0.0,0.0,0.0,6468.798776473517
co2_storage_Nanxiang_co2_transported_Nanxiang_to_Jianghan,0.0,1780.6743515609842,2848.3677217263944,0.0,0.0,0.0,0.0,4629.042073287379
co2_storage_Nanxiang_co2_transported_Nanxiang_to_Qinshui,0.0,3828.084961491703,5248.268341281856,0.0,0.0,0.0,0.0,9076.35330277356
co2captured_Region30Ningxia_co2_transported_Region30Ningxia_to_Ordos,0.0,1372.977325365927,3292.499559235317,0.0,0.0,0.0,0.0,4665.476884601244
co2captured_Region30Ningxia_co2_transported_Region30Ningxia_to_YingenEjina,0.0,2693.6840523187657,7140.498131028443,0.0,0.0,0.0,0.0,9834.18218334721
co2_storage_Ordos_co2_transported_Ordos_to_Qinshui,0.0,2103.9060696061574,4670.123692654065,0.0,0.0,0.0,0.0,6774.029762260223
co2_storage_Qaidam_co2_transported_Qaidam_to_Tarim,0.0,4747.439841592664,13505.948363914602,0.0,0.0,0.0,0.0,18253.388205507268
co2_storage_Qaidam_co2_transported_Qaidam_to_YingenEjina,0.0,3891.011026715531,10495.801118675656,0.0,0.0,0.0,0.0,14386.812145391186
co2captured_Region29Qinghai_co2_transported_Region29Qinghai_to_Qaidam,0.0,3251.789420364725,8646.072832680737,0.0,0.0,0.0,0.0,11897.862253045461
co2captured_Region29Qinghai_co2_transported_Region29Qinghai_to_YingenEjina,0.0,2928.001279475537,6175.255866416895,0.0,0.0,0.0,0.0,9103.257145892432
co2captured_Region27Shaanxi_co2_transported_Region27Shaanxi_to_Nanxiang,0.0,3703.613149269293,4901.202553762178,0.0,0.0,0.0,0.0,8604.81570303147
co2captured_Region27Shaanxi_co2_transported_Region27Shaanxi_to_Ordos,0.0,2650.5734629897097,4515.603812127991,0.0,0.0,0.0,0.0,7166.1772751177
co2captured_Region27Shaanxi_co2_transported_Region27Shaanxi_to_Qinshui,0.0,3839.7180769158276,6175.304941777807,0.0,0.0,0.0,0.0,10015.023018693635
co2captured_Region27Shaanxi_co2_transported_Region27Shaanxi_to_SichuanBasin,0.0,5888.480135256721,6404.970690021513,0.0,0.0,0.0,0.0,12293.450825278234
co2captured_Region15Shandong_co2_transported_Region15Shandong_to_BohaiOffshore,0.0,2536.316576850527,6292.079927069876,0.0,0.0,0.0,0.0,8828.396503920403
co2captured_Region15Shandong_co2_transported_Region15Shandong_to_BohaiOnshore,0.0,1867.711548701693,1937.6844843949018,0.0,0.0,0.0,0.0,3805.3960330965947
co2captured_Region15Shandong_co2_transported_Region15Shandong_to_Hehuai,0.0,3508.9734056382536,4476.958904055477,0.0,0.0,0.0,0.0,7985.932309693731
co2captured_Region15Shandong_co2_transported_Region15Shandong_to_NorthYellowSea,0.0,4196.220234405747,10419.123404363954,0.0,0.0,0.0,0.0,14615.3436387697
co2captured_Region15Shandong_co2_transported_Region15Shandong_to_SouthYellowSea,0.0,3961.953124532734,9840.18949678021,0.0,0.0,0.0,0.0,13802.142621312945
co2captured_Region15Shandong_co2_transported_Region15Shandong_to_Subei,0.0,4231.244613446707,6213.204505712699,0.0,0.0,0.0,0.0,10444.449119159406
co2captured_Region9Shanghai_co2_transported_Region9Shanghai_to_EastChinaSea,0.0,2834.598175458723,7063.307402207306,0.0,0.0,0.0,0.0,9897.905577666028
co2captured_Region9Shanghai_co2_transported_Region9Shanghai_to_SouthYellowSea,0.0,3723.055594932806,9261.527804320689,0.0,0.0,0.0,0.0,12984.583399253495
co2captured_Region9Shanghai_co2_transported_Region9Shanghai_to_Subei,0.0,2971.8684084769993,3165.04690261354,0.0,0.0,0.0,0.0,6136.915311090539
co2captured_Region4Shanxi_co2_transported_Region4Shanxi_to_Ordos,0.0,2370.39263873176,4863.0504040733995,0.0,0.0,0.0,0.0,7233.44304280516
co2captured_Region4Shanxi_co2_transported_Region4Shanxi_to_Qinshui,0.0,1458.7839497158418,1478.6355138996112,0.0,0.0,0.0,0.0,2937.419463615453
co2captured_Region23Sichuan_co2_transported_Region23Sichuan_to_SichuanBasin,0.0,1613.0184747300457,2466.157146085021,0.0,0.0,0.0,0.0,4079.1756208150664
co2_storage_Songliao_co2_transported_Songliao_to_Erlian,0.0,4131.493721393754,10265.923883310013,0.0,0.0,0.0,0.0,14397.417604703767
co2_storage_Songliao_co2_transported_Songliao_to_Hailar,0.0,86798.75109064508,32151.22789429236,0.0,0.0,0.0,0.0,118949.97898493744
co2captured_Region2Tianjin_co2_transported_Region2Tianjin_to_BohaiOffshore,0.0,1515.0741945968966,3767.8823191447973,0.0,0.0,0.0,0.0,5282.956513741694
co2captured_Region2Tianjin_co2_transported_Region2Tianjin_to_BohaiOnshore,0.0,1747.9494315644183,1597.997271463603,0.0,0.0,0.0,0.0,3345.946703028021
co2captured_Region2Tianjin_co2_transported_Region2Tianjin_to_Erlian,0.0,3972.777499434905,6637.4661137911235,0.0,0.0,0.0,0.0,10610.243613226028
co2captured_Region26Tibet_co2_transported_Region26Tibet_to_Qaidam,0.0,4741.543134125284,10805.621734760622,0.0,0.0,0.0,0.0,15547.164868885906
co2captured_Region26Tibet_co2_transported_Region26Tibet_to_Tarim,0.0,6662.427571413724,16866.304880560652,0.0,0.0,0.0,0.0,23528.732451974378
co2_storage_TurpanHami_co2_transported_TurpanHami_to_Junggar,0.0,1983.362611390716,5558.880807607493,0.0,0.0,0.0,0.0,7542.243418998209
co2_storage_TurpanHami_co2_transported_TurpanHami_to_Qaidam,0.0,2576.7178260334576,7063.754131651022,0.0,0.0,0.0,0.0,9640.47195768448
co2_storage_TurpanHami_co2_transported_TurpanHami_to_YingenEjina,0.0,3341.0782728640775,9493.867656438464,0.0,0.0,0.0,0.0,12834.945929302541
co2captured_Region31Xinjiang_co2_transported_Region31Xinjiang_to_Junggar,0.0,821.553578059186,1841.4929526629844,0.0,0.0,0.0,0.0,2663.0465307221702
co2captured_Region31Xinjiang_co2_transported_Region31Xinjiang_to_Qaidam,0.0,4014.8653559879617,11074.553240027848,0.0,0.0,0.0,0.0,15089.41859601581
co2captured_Region31Xinjiang_co2_transported_Region31Xinjiang_to_Tarim,0.0,3922.705091130891,9879.515910436683,0.0,0.0,0.0,0.0,13802.221001567574
co2captured_Region31Xinjiang_co2_transported_Region31Xinjiang_to_TurpanHami,0.0,1746.7276751877782,4632.079000814167,0.0,0.0,0.0,0.0,6378.806676001945
co2captured_Region25Yunnan_co2_transported_Region25Yunnan_to_BeibuGulf,0.0,6123.98640026507,15204.86405876182,0.0,0.0,0.0,0.0,21328.85045902689
co2captured_Region11Zhejiang_co2_transported_Region11Zhejiang_to_EastChinaSea,0.0,3375.7866146339366,8376.517337113228,0.0,0.0,0.0,0.0,11752.303951747164
elec_Region1Beijing,0.0,0.0,0.0,0.0,0.0,2.2919999757064036e8,0.0,2.2919999757064036e8
elec_Region2Tianjin,0.0,0.0,0.0,0.0,0.0,2.284206816977255e8,0.0,2.284206816977255e8
elec_Region3Hebei,0.0,0.0,0.0,0.0,0.0,2.2955280560550162e8,0.0,2.2955280560550162e8
elec_Region4Shanxi,0.0,0.0,0.0,0.0,0.0,2.291694855004229e8,0.0,2.291694855004229e8
elec_Region5Innermongolia,0.0,0.0,0.0,0.0,0.0,2.2866634050507718e8,0.0,2.2866634050507718e8
elec_Region6Liaoning,0.0,0.0,0.0,0.0,0.0,2.2867095472442126e8,0.0,2.2867095472442126e8
elec_Region7Jilin,0.0,0.0,0.0,0.0,0.0,2.2703865508228418e8,0.0,2.2703865508228418e8
elec_Region8Heilongjiang,0.0,0.0,0.0,0.0,0.0,2.2753634939044175e8,0.0,2.2753634939044175e8
elec_Region9Shanghai,0.0,0.0,0.0,0.0,0.0,2.3016519934053797e8,0.0,2.3016519934053797e8
elec_Region10Jiangsu,0.0,0.0,0.0,0.0,0.0,2.307780710025736e8,0.0,2.307780710025736e8
elec_Region11Zhejiang,0.0,0.0,0.0,0.0,0.0,2.3001638072821108e8,0.0,2.3001638072821108e8
elec_Region12Anhui,0.0,0.0,0.0,0.0,0.0,2.2975817407946184e8,0.0,2.2975817407946184e8
elec_Region13Fujian,0.0,0.0,0.0,0.0,0.0,2.2930071979936415e8,0.0,2.2930071979936415e8
elec_Region14Jiangxi,0.0,0.0,0.0,0.0,0.0,2.2886290531149834e8,0.0,2.2886290531149834e8
elec_Region15Shandong,0.0,0.0,0.0,0.0,0.0,2.3006993355858997e8,0.0,2.3006993355858997e8
elec_Region16Henan,0.0,0.0,0.0,0.0,0.0,2.2972035676860043e8,0.0,2.2972035676860043e8
elec_Region17Hubei,0.0,0.0,0.0,0.0,0.0,2.2939442307419565e8,0.0,2.2939442307419565e8
elec_Region18Hunan,0.0,0.0,0.0,0.0,0.0,2.2850173541225433e8,0.0,2.2850173541225433e8
elec_Region19Guangdong,0.0,0.0,0.0,0.0,0.0,2.3070453231452587e8,0.0,2.3070453231452587e8
elec_Region20Guangxi,0.0,0.0,0.0,0.0,0.0,2.286157426650552e8,0.0,2.286157426650552e8
elec_Region21Hainan,0.0,0.0,0.0,0.0,0.0,2.2667262024234372e8,0.0,2.2667262024234372e8
elec_Region22Chongqing,0.0,0.0,0.0,0.0,0.0,2.2842823685704562e8,0.0,2.2842823685704562e8
elec_Region23Sichuan,0.0,0.0,0.0,0.0,0.0,2.2920697121675518e8,0.0,2.2920697121675518e8
elec_Region24Guizhou,0.0,0.0,0.0,0.0,0.0,2.285348219314101e8,0.0,2.285348219314101e8
elec_Region25Yunnan,0.0,0.0,0.0,0.0,0.0,2.285882869545967e8,0.0,2.285882869545967e8
elec_Region26Tibet,0.0,0.0,0.0,0.0,0.0,2.2641784754580688e8,0.0,2.2641784754580688e8
elec_Region27Shaanxi,0.0,0.0,0.0,0.0,0.0,2.2870588910383925e8,0.0,2.2870588910383925e8
elec_Region28Gansu,0.0,0.0,0.0,0.0,0.0,2.274746113182694e8,0.0,2.274746113182694e8
elec_Region29Qinghai,0.0,0.0,0.0,0.0,0.0,2.2792140945992634e8,0.0,2.2792140945992634e8
elec_Region30Ningxia,0.0,0.0,0.0,0.0,0.0,2.2829730581375957e8,0.0,2.2829730581375957e8
elec_Region31Xinjiang,0.0,0.0,0.0,0.0,0.0,2.281195956301414e8,0.0,2.281195956301414e8
h2_Region1Beijing,0.0,0.0,0.0,0.0,0.0,5.078209205254194e7,0.0,5.078209205254194e7
h2_Region2Tianjin,0.0,0.0,0.0,0.0,0.0,5.051612111198816e7,0.0,5.051612111198816e7
h2_Region3Hebei,0.0,0.0,0.0,0.0,0.0,5.0561993716600336e7,0.0,5.0561993716600336e7
h2_Region4Shanxi,0.0,0.0,0.0,0.0,0.0,5.061435850582221e7,0.0,5.061435850582221e7
h2_Region5Innermongolia,0.0,0.0,0.0,0.0,0.0,5.0467774329999514e7,0.0,5.0467774329999514e7
h2_Region6Liaoning,0.0,0.0,0.0,0.0,0.0,5.045962368692117e7,0.0,5.045962368692117e7
h2_Region7Jilin,0.0,0.0,0.0,0.0,0.0,5.045312303896787e7,0.0,5.045312303896787e7
h2_Region8Heilongjiang,0.0,0.0,0.0,0.0,0.0,5.053602685680809e7,0.0,5.053602685680809e7
h2_Region9Shanghai,0.0,0.0,0.0,0.0,0.0,5.055133450833813e7,0.0,5.055133450833813e7
h2_Region10Jiangsu,0.0,0.0,0.0,0.0,0.0,5.064820020886514e7,0.0,5.064820020886514e7
h2_Region11Zhejiang,0.0,0.0,0.0,0.0,0.0,5.0472167598107845e7,0.0,5.0472167598107845e7
h2_Region12Anhui,0.0,0.0,0.0,0.0,0.0,5.06802243855466e7,0.0,5.06802243855466e7
h2_Region13Fujian,0.0,0.0,0.0,0.0,0.0,5.048505943769452e7,0.0,5.048505943769452e7
h2_Region14Jiangxi,0.0,0.0,0.0,0.0,0.0,5.071980832836501e7,0.0,5.071980832836501e7
h2_Region15Shandong,0.0,0.0,0.0,0.0,0.0,5.063353445618553e7,0.0,5.063353445618553e7
h2_Region16Henan,0.0,0.0,0.0,0.0,0.0,5.065232690571293e7,0.0,5.065232690571293e7
h2_Region17Hubei,0.0,0.0,0.0,0.0,0.0,5.057346210740093e7,0.0,5.057346210740093e7
h2_Region18Hunan,0.0,0.0,0.0,0.0,0.0,5.05744578859302e7,0.0,5.05744578859302e7
h2_Region19Guangdong,0.0,0.0,0.0,0.0,0.0,5.063695340525598e7,0.0,5.063695340525598e7
h2_Region20Guangxi,0.0,0.0,0.0,0.0,0.0,5.056685768346826e7,0.0,5.056685768346826e7
h2_Region21Hainan,0.0,0.0,0.0,0.0,0.0,5.048346801305211e7,0.0,5.048346801305211e7
h2_Region22Chongqing,0.0,0.0,0.0,0.0,0.0,5.059107250021285e7,0.0,5.059107250021285e7
h2_Region23Sichuan,0.0,0.0,0.0,0.0,0.0,5.065049954313561e7,0.0,5.065049954313561e7
h2_Region24Guizhou,0.0,0.0,0.0,0.0,0.0,5.0712038052077904e7,0.0,5.0712038052077904e7
h2_Region25Yunnan,0.0,0.0,0.0,0.0,0.0,5.0549557342990756e7,0.0,5.0549557342990756e7
h2_Region26Tibet,0.0,0.0,0.0,0.0,0.0,5.064170849773043e7,0.0,5.064170849773043e7
h2_Region27Shaanxi,0.0,0.0,0.0,0.0,0.0,5.0551634187965326e7,0.0,5.0551634187965326e7
h2_Region28Gansu,0.0,0.0,0.0,0.0,0.0,5.0574866980013736e7,0.0,5.0574866980013736e7
h2_Region29Qinghai,0.0,0.0,0.0,0.0,0.0,5.0496610074790016e7,0.0,5.0496610074790016e7
h2_Region30Ningxia,0.0,0.0,0.0,0.0,0.0,5.064128149377831e7,0.0,5.064128149377831e7
h2_Region31Xinjiang,0.0,0.0,0.0,0.0,0.0,5.040372585198691e7,0.0,5.040372585198691e7
co2_sink_national,0.0,0.0,0.0,0.0,0.0,0.0,3.0745214428545797e8,3.0745214428545797e8
Total,3.093494253585592e12,7.059893067547023e11,5.4351610124868585e11,2.3031703645735117e11,9.504656159430786e9,8.660393002953533e9,3.0745214428545797e8,4.591789199353e12
