DiscountedFixedCost,DiscountedVariableCost,DiscountedTotalCost
2.9804263962918804e12,1.7676139259182654e12,4.7480403222101455e12
