FixedCost,VariableCost,TotalCost
5.118842535535489e12,2.0132383709791567e12,7.132080906514646e12
