DiscountedFixedCost,DiscountedVariableCost,DiscountedTotalCost
8.879384301055599e11,6.222849188801313e11,1.5102233489856914e12
