FixedCost,VariableCost,TotalCost
3.335279146961801e12,2.3635828992318477e12,5.698862046193648e12
