DiscountedFixedCost,DiscountedVariableCost,DiscountedTotalCost
2.8291538633700293e12,1.9235431851000913e12,4.752697048470121e12
