FixedCost,VariableCost,TotalCost
5.614986463345124e12,3.029407492992765e12,8.644393956337889e12
