DiscountedFixedCost,DiscountedVariableCost,DiscountedTotalCost
2.606482328682034e12,1.400188477845016e12,4.0066708065270503e12
