zone,Fuel,Investment,FixedOM,VariableOM,Startup,NonServedDemand,UnmetPolicyPenalty,Total
Region1Beijing,4.0170002401489494e10,9.133161378260891e9,9.25254259094603e9,9.628314867643689e8,3.199946053545122e8,0.0,0.0,5.983853246281529e10
Region2Tianjin,1.2103912596516064e10,7.278313551716015e9,3.657736292753168e9,1.2594378907489223e9,3.3055866097215617e8,0.0,0.0,2.4629958992706326e10
Region3Hebei,1.5247290403846478e11,2.3386909737342862e11,5.459661603322458e10,5.766245859042068e9,3.2722574309889114e8,0.0,0.0,4.47032089047259e11
Region4Shanxi,1.2545071576319182e11,7.063039424888208e8,7.450454242178394e10,3.208648033269411e10,3.211306643994016e8,0.0,0.0,2.330691731245581e11
Region5Innermongolia,1.0305411901489896e11,1.6903731726471762e11,5.400981620551832e10,2.3789450606060467e10,3.1803308868541497e8,0.0,0.0,3.502087361798808e11
Region6Liaoning,2.841267701117785e10,6.19922647036428e10,1.3309667462554827e10,1.7911820984659584e9,3.1062759688787895e8,0.0,0.0,1.0581641887272931e11
Region7Jilin,3.2714609861297718e10,2.722089717576099e10,1.2479215941412283e10,1.6541561953811789e9,3.030578488726387e8,0.0,0.0,7.437193702272481e10
Region8Heilongjiang,2.0797414813268177e10,5.976109840004463e10,1.1020070792910944e10,1.2037870145396433e9,3.068514056942602e8,0.0,0.0,9.308922242645766e10
Region9Shanghai,3.2117097889573895e10,1.4528104162170317e9,6.969851218791245e9,2.4441972749499745e9,3.4100142857671666e8,0.0,0.0,4.3324958228108864e10
Region10Jiangsu,1.5442898083565256e11,4.128676669483258e10,3.200564007849352e10,7.673465467430907e9,3.513830356579103e8,0.0,0.0,2.3574623611206747e11
Region11Zhejiang,8.153323151433531e10,2.532309190051961e11,3.590048876609137e10,6.342967992866223e9,3.351967958614244e8,0.0,0.0,3.7734280407435046e11
Region12Anhui,7.409491669002464e10,9.874822367775264e10,1.880602171950321e10,3.39954728933068e9,3.179863203503077e8,0.0,0.0,1.953666956969615e11
Region13Fujian,6.051360146798529e10,1.8432275059847342e11,2.7130496332029945e10,3.681960531616458e9,3.206669281669892e8,0.0,0.0,2.759694758582721e11
Region14Jiangxi,5.2062194187677025e10,8.46571043123496e10,1.3873987402854958e10,2.299461523752981e9,3.017913615149077e8,0.0,0.0,1.5319453878814944e11
Region15Shandong,4.9180983474039566e10,8.239661552819907e10,3.0724078554678177e10,3.9469607500531797e9,3.2220527272313267e8,0.0,0.0,1.6657084357969315e11
Region16Henan,5.8171775856381325e10,8.022831445206086e9,1.0230194314158371e10,2.5691368700199194e9,3.2374809619245803e8,0.0,0.0,7.931768658195816e10
Region17Hubei,5.633749047455609e10,2.7657048048134007e9,1.5305155457392942e10,2.4173796312957706e9,3.1087218369078124e8,0.0,0.0,7.7136602551749e10
Region18Hunan,5.269599775774813e10,1.910771168930916e10,9.763314892023928e9,2.471883493639595e9,3.014456419727104e8,0.0,0.0,8.434035347469351e10
Region19Guangdong,1.2641129420988686e11,5.56394268992304e10,3.0088073582202793e10,9.134624353028677e9,1.0423991271899177e9,0.0,0.0,2.2231581817153864e11
Region20Guangxi,6.854062000865208e10,1.251770875248338e11,4.02230542445638e10,8.949246048024742e9,3.0531638401805675e8,0.0,0.0,2.431953242100925e11
Region22Chongqing,3.1141734180210674e10,5.228272644042931e8,2.2352310307541622e10,7.96889512806897e9,3.3228453629880387e8,0.0,0.0,6.231805141652436e10
Region23Sichuan,5.489191140431e10,6.472314158981091e10,2.9336860474589622e10,2.8806000063203416e9,3.338737232070045e8,0.0,0.0,1.5216638719823788e11
Region24Guizhou,4.5614365154109505e10,5.635414704187309e10,4.446209571809754e10,1.2145385059096087e10,3.2171640650686496e8,0.0,0.0,1.588977093796831e11
Region25Yunnan,5.328298245985327e10,1.075888021002099e11,3.965542989483929e10,5.686284510588674e9,3.023866140175129e8,0.0,0.0,2.0651588557950867e11
Region27Shaanxi,5.010936847562522e10,1.5049066704701242e11,2.6825141504338104e10,4.449263073190942e9,3.2300198687542486e8,0.0,0.0,2.321974420870421e11
Region28Gansu,2.572883841587468e10,2.585184612639817e11,2.968817050849537e10,1.6590415591907058e9,3.132873003281051e8,0.0,0.0,3.159077990478706e11
Region29Qinghai,9.761280403950586e9,3.409974412954074e8,7.351974842384574e9,1.0229713246596607e9,3.105375976270778e8,0.0,0.0,1.878776160991731e10
Region30Ningxia,3.0711600926695957e10,4.692139348349851e9,1.1932192575670622e10,4.10985809611762e9,3.020386591038502e8,0.0,0.0,5.1747829605937904e10
Region31Xinjiang,5.850781848937145e10,9.91010466837586e10,4.09327225127756e10,1.1793640264955444e10,3.4234282660752785e8,0.0,0.0,2.1067757077746863e11
Region21Hainan,1.4505429857776567e10,1.3962099250505285e10,5.443216219097827e9,1.3986016556205652e9,3.375884589328753e8,0.0,0.0,3.564693544193312e10
Region26Tibet,4.902646552170168e9,4.075663646958212e9,2.878584047922173e9,5.826503343721019e8,2.5453612879811642e8,0.0,0.0,1.2694080710220772e10
aluminum_Region1Beijing_aluminum_Region2Tianjin,0.0,0.0,0.0,179518.05855865325,0.0,0.0,0.0,179518.05855865325
aluminum_Region1Beijing_aluminum_Region3Hebei,0.0,0.0,0.0,94195.71574343654,0.0,0.0,0.0,94195.71574343654
aluminum_Region1Beijing_aluminum_Region4Shanxi,0.0,0.0,0.0,87841.7921204917,0.0,0.0,0.0,87841.7921204917
aluminum_Region1Beijing_aluminum_Region5Innermongolia,0.0,0.0,0.0,105332.16197370815,0.0,0.0,0.0,105332.16197370815
aluminum_Region1Beijing_aluminum_Region6Liaoning,0.0,0.0,0.0,392238.25565235334,0.0,0.0,0.0,392238.25565235334
aluminum_Region1Beijing_aluminum_Region7Jilin,0.0,0.0,0.0,190581.60456727128,0.0,0.0,0.0,190581.60456727128
aluminum_Region1Beijing_aluminum_Region8Heilongjiang,0.0,0.0,0.0,217517.14985300193,0.0,0.0,0.0,217517.14985300193
aluminum_Region1Beijing_aluminum_Region9Shanghai,0.0,0.0,0.0,397342.94048775325,0.0,0.0,0.0,397342.94048775325
aluminum_Region1Beijing_aluminum_Region10Jiangsu,0.0,0.0,0.0,451132.77792751143,0.0,0.0,0.0,451132.77792751143
aluminum_Region1Beijing_aluminum_Region11Zhejiang,0.0,0.0,0.0,342160.4897392285,0.0,0.0,0.0,342160.4897392285
aluminum_Region1Beijing_aluminum_Region12Anhui,0.0,0.0,0.0,353941.8377924224,0.0,0.0,0.0,353941.8377924224
aluminum_Region1Beijing_aluminum_Region13Fujian,0.0,0.0,0.0,334408.6082724181,0.0,0.0,0.0,334408.6082724181
aluminum_Region1Beijing_aluminum_Region14Jiangxi,0.0,0.0,0.0,289207.6285001566,0.0,0.0,0.0,289207.6285001566
aluminum_Region1Beijing_aluminum_Region15Shandong,0.0,0.0,0.0,189629.9322417156,0.0,0.0,0.0,189629.9322417156
aluminum_Region1Beijing_aluminum_Region16Henan,0.0,0.0,0.0,148354.2342162114,0.0,0.0,0.0,148354.2342162114
aluminum_Region1Beijing_aluminum_Region17Hubei,0.0,0.0,0.0,294674.00749548164,0.0,0.0,0.0,294674.00749548164
aluminum_Region1Beijing_aluminum_Region18Hunan,0.0,0.0,0.0,258264.75373180717,0.0,0.0,0.0,258264.75373180717
aluminum_Region1Beijing_aluminum_Region19Guangdong,0.0,0.0,0.0,248530.61648016912,0.0,0.0,0.0,248530.61648016912
aluminum_Region1Beijing_aluminum_Region20Guangxi,0.0,0.0,0.0,180028.21693784412,0.0,0.0,0.0,180028.21693784412
aluminum_Region1Beijing_aluminum_Region21Hainan,0.0,0.0,0.0,180878.88085507572,0.0,0.0,0.0,180878.88085507572
aluminum_Region1Beijing_aluminum_Region22Chongqing,0.0,0.0,0.0,167111.98747620222,0.0,0.0,0.0,167111.98747620222
aluminum_Region1Beijing_aluminum_Region23Sichuan,0.0,0.0,0.0,207494.09094567513,0.0,0.0,0.0,207494.09094567513
aluminum_Region1Beijing_aluminum_Region24Guizhou,0.0,0.0,0.0,151564.95350972717,0.0,0.0,0.0,151564.95350972717
aluminum_Region1Beijing_aluminum_Region25Yunnan,0.0,0.0,0.0,191469.16832443918,0.0,0.0,0.0,191469.16832443918
aluminum_Region1Beijing_aluminum_Region27Shaanxi,0.0,0.0,0.0,176389.59623235313,0.0,0.0,0.0,176389.59623235313
aluminum_Region1Beijing_aluminum_Region28Gansu,0.0,0.0,0.0,192407.6236861682,0.0,0.0,0.0,192407.6236861682
aluminum_Region1Beijing_aluminum_Region29Qinghai,0.0,0.0,0.0,213896.32267506875,0.0,0.0,0.0,213896.32267506875
aluminum_Region1Beijing_aluminum_Region30Ningxia,0.0,0.0,0.0,215957.80783519387,0.0,0.0,0.0,215957.80783519387
aluminum_Region1Beijing_aluminum_Region31Xinjiang,0.0,0.0,0.0,197371.10399765318,0.0,0.0,0.0,197371.10399765318
aluminum_Region2Tianjin_aluminum_Region1Beijing,0.0,0.0,0.0,116311.0227974883,0.0,0.0,0.0,116311.0227974883
aluminum_Region2Tianjin_aluminum_Region3Hebei,0.0,0.0,0.0,91296.26838245391,0.0,0.0,0.0,91296.26838245391
aluminum_Region2Tianjin_aluminum_Region4Shanxi,0.0,0.0,0.0,86595.96701222606,0.0,0.0,0.0,86595.96701222606
aluminum_Region2Tianjin_aluminum_Region5Innermongolia,0.0,0.0,0.0,110845.89228097236,0.0,0.0,0.0,110845.89228097236
aluminum_Region2Tianjin_aluminum_Region6Liaoning,0.0,0.0,0.0,375543.6891238382,0.0,0.0,0.0,375543.6891238382
aluminum_Region2Tianjin_aluminum_Region7Jilin,0.0,0.0,0.0,184732.53508417404,0.0,0.0,0.0,184732.53508417404
aluminum_Region2Tianjin_aluminum_Region8Heilongjiang,0.0,0.0,0.0,211699.40386011422,0.0,0.0,0.0,211699.40386011422
aluminum_Region2Tianjin_aluminum_Region9Shanghai,0.0,0.0,0.0,435396.7054169268,0.0,0.0,0.0,435396.7054169268
aluminum_Region2Tianjin_aluminum_Region10Jiangsu,0.0,0.0,0.0,488174.8396133237,0.0,0.0,0.0,488174.8396133237
aluminum_Region2Tianjin_aluminum_Region11Zhejiang,0.0,0.0,0.0,363544.0132775605,0.0,0.0,0.0,363544.0132775605
aluminum_Region2Tianjin_aluminum_Region12Anhui,0.0,0.0,0.0,362642.85795119865,0.0,0.0,0.0,362642.85795119865
aluminum_Region2Tianjin_aluminum_Region13Fujian,0.0,0.0,0.0,347681.1359089475,0.0,0.0,0.0,347681.1359089475
aluminum_Region2Tianjin_aluminum_Region14Jiangxi,0.0,0.0,0.0,289383.44784256123,0.0,0.0,0.0,289383.44784256123
aluminum_Region2Tianjin_aluminum_Region15Shandong,0.0,0.0,0.0,169740.33285518776,0.0,0.0,0.0,169740.33285518776
aluminum_Region2Tianjin_aluminum_Region16Henan,0.0,0.0,0.0,144947.42419342414,0.0,0.0,0.0,144947.42419342414
aluminum_Region2Tianjin_aluminum_Region17Hubei,0.0,0.0,0.0,286740.5177818039,0.0,0.0,0.0,286740.5177818039
aluminum_Region2Tianjin_aluminum_Region18Hunan,0.0,0.0,0.0,253039.62535085843,0.0,0.0,0.0,253039.62535085843
aluminum_Region2Tianjin_aluminum_Region19Guangdong,0.0,0.0,0.0,245385.83373666144,0.0,0.0,0.0,245385.83373666144
aluminum_Region2Tianjin_aluminum_Region20Guangxi,0.0,0.0,0.0,177849.645202106,0.0,0.0,0.0,177849.645202106
aluminum_Region2Tianjin_aluminum_Region21Hainan,0.0,0.0,0.0,178921.49731935476,0.0,0.0,0.0,178921.49731935476
aluminum_Region2Tianjin_aluminum_Region22Chongqing,0.0,0.0,0.0,164704.68408241333,0.0,0.0,0.0,164704.68408241333
aluminum_Region2Tianjin_aluminum_Region23Sichuan,0.0,0.0,0.0,203441.8968777005,0.0,0.0,0.0,203441.8968777005
aluminum_Region2Tianjin_aluminum_Region24Guizhou,0.0,0.0,0.0,149503.13165118435,0.0,0.0,0.0,149503.13165118435
aluminum_Region2Tianjin_aluminum_Region25Yunnan,0.0,0.0,0.0,189101.9838117285,0.0,0.0,0.0,189101.9838117285
aluminum_Region2Tianjin_aluminum_Region27Shaanxi,0.0,0.0,0.0,171820.34193390678,0.0,0.0,0.0,171820.34193390678
aluminum_Region2Tianjin_aluminum_Region28Gansu,0.0,0.0,0.0,187796.68844932632,0.0,0.0,0.0,187796.68844932632
aluminum_Region2Tianjin_aluminum_Region29Qinghai,0.0,0.0,0.0,208270.51554204558,0.0,0.0,0.0,208270.51554204558
aluminum_Region2Tianjin_aluminum_Region30Ningxia,0.0,0.0,0.0,207500.27210977173,0.0,0.0,0.0,207500.27210977173
aluminum_Region2Tianjin_aluminum_Region31Xinjiang,0.0,0.0,0.0,194118.45306452466,0.0,0.0,0.0,194118.45306452466
aluminum_Region3Hebei_aluminum_Region1Beijing,0.0,0.0,0.0,877435.0057646915,0.0,0.0,0.0,877435.0057646915
aluminum_Region3Hebei_aluminum_Region2Tianjin,0.0,0.0,0.0,1.3396844139309165e6,0.0,0.0,0.0,1.3396844139309165e6
aluminum_Region3Hebei_aluminum_Region4Shanxi,0.0,0.0,0.0,85466.08189477175,0.0,0.0,0.0,85466.08189477175
aluminum_Region3Hebei_aluminum_Region5Innermongolia,0.0,0.0,0.0,156113.47410242853,0.0,0.0,0.0,156113.47410242853
aluminum_Region3Hebei_aluminum_Region6Liaoning,0.0,0.0,0.0,499892.6553036809,0.0,0.0,0.0,499892.6553036809
aluminum_Region3Hebei_aluminum_Region7Jilin,0.0,0.0,0.0,235063.34628319668,0.0,0.0,0.0,235063.34628319668
aluminum_Region3Hebei_aluminum_Region8Heilongjiang,0.0,0.0,0.0,256564.75929212547,0.0,0.0,0.0,256564.75929212547
aluminum_Region3Hebei_aluminum_Region9Shanghai,0.0,0.0,0.0,1.0057876525505802e6,0.0,0.0,0.0,1.0057876525505802e6
aluminum_Region3Hebei_aluminum_Region10Jiangsu,0.0,0.0,0.0,9.11214533334456e6,0.0,0.0,0.0,9.11214533334456e6
aluminum_Region3Hebei_aluminum_Region11Zhejiang,0.0,0.0,0.0,680861.1305384937,0.0,0.0,0.0,680861.1305384937
aluminum_Region3Hebei_aluminum_Region12Anhui,0.0,0.0,0.0,1.5170876689896155e6,0.0,0.0,0.0,1.5170876689896155e6
aluminum_Region3Hebei_aluminum_Region13Fujian,0.0,0.0,0.0,546251.8716675071,0.0,0.0,0.0,546251.8716675071
aluminum_Region3Hebei_aluminum_Region14Jiangxi,0.0,0.0,0.0,554875.0209978822,0.0,0.0,0.0,554875.0209978822
aluminum_Region3Hebei_aluminum_Region15Shandong,0.0,0.0,0.0,3.2517054310745588e6,0.0,0.0,0.0,3.2517054310745588e6
aluminum_Region3Hebei_aluminum_Region16Henan,0.0,0.0,0.0,329963.42346407863,0.0,0.0,0.0,329963.42346407863
aluminum_Region3Hebei_aluminum_Region17Hubei,0.0,0.0,0.0,863456.1176994124,0.0,0.0,0.0,863456.1176994124
aluminum_Region3Hebei_aluminum_Region18Hunan,0.0,0.0,0.0,441527.12777904083,0.0,0.0,0.0,441527.12777904083
aluminum_Region3Hebei_aluminum_Region19Guangdong,0.0,0.0,0.0,330553.16488989536,0.0,0.0,0.0,330553.16488989536
aluminum_Region3Hebei_aluminum_Region20Guangxi,0.0,0.0,0.0,206355.2158964942,0.0,0.0,0.0,206355.2158964942
aluminum_Region3Hebei_aluminum_Region21Hainan,0.0,0.0,0.0,203792.22268108503,0.0,0.0,0.0,203792.22268108503
aluminum_Region3Hebei_aluminum_Region22Chongqing,0.0,0.0,0.0,196696.63448474335,0.0,0.0,0.0,196696.63448474335
aluminum_Region3Hebei_aluminum_Region23Sichuan,0.0,0.0,0.0,269031.10840688087,0.0,0.0,0.0,269031.10840688087
aluminum_Region3Hebei_aluminum_Region24Guizhou,0.0,0.0,0.0,168465.14405690203,0.0,0.0,0.0,168465.14405690203
aluminum_Region3Hebei_aluminum_Region25Yunnan,0.0,0.0,0.0,219971.70444472093,0.0,0.0,0.0,219971.70444472093
aluminum_Region3Hebei_aluminum_Region27Shaanxi,0.0,0.0,0.0,262073.2982795627,0.0,0.0,0.0,262073.2982795627
aluminum_Region3Hebei_aluminum_Region28Gansu,0.0,0.0,0.0,256818.55364350154,0.0,0.0,0.0,256818.55364350154
aluminum_Region3Hebei_aluminum_Region29Qinghai,0.0,0.0,0.0,287965.8471286106,0.0,0.0,0.0,287965.8471286106
aluminum_Region3Hebei_aluminum_Region30Ningxia,0.0,0.0,0.0,355634.31636647356,0.0,0.0,0.0,355634.31636647356
aluminum_Region3Hebei_aluminum_Region31Xinjiang,0.0,0.0,0.0,218650.97796025913,0.0,0.0,0.0,218650.97796025913
aluminum_Region4Shanxi_aluminum_Region1Beijing,0.0,0.0,0.0,2.414228426697892e6,0.0,0.0,0.0,2.414228426697892e6
aluminum_Region4Shanxi_aluminum_Region2Tianjin,0.0,0.0,0.0,5.2398001360533675e6,0.0,0.0,0.0,5.2398001360533675e6
aluminum_Region4Shanxi_aluminum_Region3Hebei,0.0,0.0,0.0,1.000435486103198e8,0.0,0.0,0.0,1.000435486103198e8
aluminum_Region4Shanxi_aluminum_Region5Innermongolia,0.0,0.0,0.0,286423.00797391095,0.0,0.0,0.0,286423.00797391095
aluminum_Region4Shanxi_aluminum_Region6Liaoning,0.0,0.0,0.0,651560.5245572978,0.0,0.0,0.0,651560.5245572978
aluminum_Region4Shanxi_aluminum_Region7Jilin,0.0,0.0,0.0,279268.48277333664,0.0,0.0,0.0,279268.48277333664
aluminum_Region4Shanxi_aluminum_Region8Heilongjiang,0.0,0.0,0.0,297091.7516382078,0.0,0.0,0.0,297091.7516382078
aluminum_Region4Shanxi_aluminum_Region9Shanghai,0.0,0.0,0.0,1.2929707012542817e6,0.0,0.0,0.0,1.2929707012542817e6
aluminum_Region4Shanxi_aluminum_Region10Jiangsu,0.0,0.0,0.0,1.937983210956195e8,0.0,0.0,0.0,1.937983210956195e8
aluminum_Region4Shanxi_aluminum_Region11Zhejiang,0.0,0.0,0.0,847446.348349567,0.0,0.0,0.0,847446.348349567
aluminum_Region4Shanxi_aluminum_Region12Anhui,0.0,0.0,0.0,5.538552674959117e7,0.0,0.0,0.0,5.538552674959117e7
aluminum_Region4Shanxi_aluminum_Region13Fujian,0.0,0.0,0.0,717894.9498884099,0.0,0.0,0.0,717894.9498884099
aluminum_Region4Shanxi_aluminum_Region14Jiangxi,0.0,0.0,0.0,905241.0098478958,0.0,0.0,0.0,905241.0098478958
aluminum_Region4Shanxi_aluminum_Region15Shandong,0.0,0.0,0.0,1.7309014520190364e8,0.0,0.0,0.0,1.7309014520190364e8
aluminum_Region4Shanxi_aluminum_Region16Henan,0.0,0.0,0.0,1.7710628030828384e8,0.0,0.0,0.0,1.7710628030828384e8
aluminum_Region4Shanxi_aluminum_Region17Hubei,0.0,0.0,0.0,5.437594445848971e7,0.0,0.0,0.0,5.437594445848971e7
aluminum_Region4Shanxi_aluminum_Region18Hunan,0.0,0.0,0.0,774349.7494356442,0.0,0.0,0.0,774349.7494356442
aluminum_Region4Shanxi_aluminum_Region19Guangdong,0.0,0.0,0.0,417667.42608179443,0.0,0.0,0.0,417667.42608179443
aluminum_Region4Shanxi_aluminum_Region20Guangxi,0.0,0.0,0.0,238481.81759147407,0.0,0.0,0.0,238481.81759147407
aluminum_Region4Shanxi_aluminum_Region21Hainan,0.0,0.0,0.0,230225.0730396729,0.0,0.0,0.0,230225.0730396729
aluminum_Region4Shanxi_aluminum_Region22Chongqing,0.0,0.0,0.0,248905.86565956933,0.0,0.0,0.0,248905.86565956933
aluminum_Region4Shanxi_aluminum_Region23Sichuan,0.0,0.0,0.0,403986.03497952386,0.0,0.0,0.0,403986.03497952386
aluminum_Region4Shanxi_aluminum_Region24Guizhou,0.0,0.0,0.0,192814.71378458265,0.0,0.0,0.0,192814.71378458265
aluminum_Region4Shanxi_aluminum_Region25Yunnan,0.0,0.0,0.0,261820.11260961584,0.0,0.0,0.0,261820.11260961584
aluminum_Region4Shanxi_aluminum_Region27Shaanxi,0.0,0.0,0.0,1.2764750652689398e6,0.0,0.0,0.0,1.2764750652689398e6
aluminum_Region4Shanxi_aluminum_Region28Gansu,0.0,0.0,0.0,452787.8828834038,0.0,0.0,0.0,452787.8828834038
aluminum_Region4Shanxi_aluminum_Region29Qinghai,0.0,0.0,0.0,498737.99365848745,0.0,0.0,0.0,498737.99365848745
aluminum_Region4Shanxi_aluminum_Region30Ningxia,0.0,0.0,0.0,1.0549635939089742e7,0.0,0.0,0.0,1.0549635939089742e7
aluminum_Region4Shanxi_aluminum_Region31Xinjiang,0.0,0.0,0.0,250908.8312023508,0.0,0.0,0.0,250908.8312023508
aluminum_Region5Innermongolia_aluminum_Region1Beijing,0.0,0.0,0.0,426848.22662956454,0.0,0.0,0.0,426848.22662956454
aluminum_Region5Innermongolia_aluminum_Region2Tianjin,0.0,0.0,0.0,357073.0360600363,0.0,0.0,0.0,357073.0360600363
aluminum_Region5Innermongolia_aluminum_Region3Hebei,0.0,0.0,0.0,173551.07960739476,0.0,0.0,0.0,173551.07960739476
aluminum_Region5Innermongolia_aluminum_Region4Shanxi,0.0,0.0,0.0,115171.95932757905,0.0,0.0,0.0,115171.95932757905
aluminum_Region5Innermongolia_aluminum_Region6Liaoning,0.0,0.0,0.0,399742.6076026673,0.0,0.0,0.0,399742.6076026673
aluminum_Region5Innermongolia_aluminum_Region7Jilin,0.0,0.0,0.0,237468.51867050354,0.0,0.0,0.0,237468.51867050354
aluminum_Region5Innermongolia_aluminum_Region8Heilongjiang,0.0,0.0,0.0,259343.40333305945,0.0,0.0,0.0,259343.40333305945
aluminum_Region5Innermongolia_aluminum_Region9Shanghai,0.0,0.0,0.0,417589.4615623878,0.0,0.0,0.0,417589.4615623878
aluminum_Region5Innermongolia_aluminum_Region10Jiangsu,0.0,0.0,0.0,478929.71047888126,0.0,0.0,0.0,478929.71047888126
aluminum_Region5Innermongolia_aluminum_Region11Zhejiang,0.0,0.0,0.0,369995.3332123757,0.0,0.0,0.0,369995.3332123757
aluminum_Region5Innermongolia_aluminum_Region12Anhui,0.0,0.0,0.0,406039.970771256,0.0,0.0,0.0,406039.970771256
aluminum_Region5Innermongolia_aluminum_Region13Fujian,0.0,0.0,0.0,371611.865249135,0.0,0.0,0.0,371611.865249135
aluminum_Region5Innermongolia_aluminum_Region14Jiangxi,0.0,0.0,0.0,348975.9034753641,0.0,0.0,0.0,348975.9034753641
aluminum_Region5Innermongolia_aluminum_Region15Shandong,0.0,0.0,0.0,283373.86473126017,0.0,0.0,0.0,283373.86473126017
aluminum_Region5Innermongolia_aluminum_Region16Henan,0.0,0.0,0.0,210927.18643890382,0.0,0.0,0.0,210927.18643890382
aluminum_Region5Innermongolia_aluminum_Region17Hubei,0.0,0.0,0.0,392091.9558883517,0.0,0.0,0.0,392091.9558883517
aluminum_Region5Innermongolia_aluminum_Region18Hunan,0.0,0.0,0.0,325082.2723599604,0.0,0.0,0.0,325082.2723599604
aluminum_Region5Innermongolia_aluminum_Region19Guangdong,0.0,0.0,0.0,289475.290953673,0.0,0.0,0.0,289475.290953673
aluminum_Region5Innermongolia_aluminum_Region20Guangxi,0.0,0.0,0.0,204377.1101952663,0.0,0.0,0.0,204377.1101952663
aluminum_Region5Innermongolia_aluminum_Region21Hainan,0.0,0.0,0.0,202427.59172722092,0.0,0.0,0.0,202427.59172722092
aluminum_Region5Innermongolia_aluminum_Region22Chongqing,0.0,0.0,0.0,198453.19448249723,0.0,0.0,0.0,198453.19448249723
aluminum_Region5Innermongolia_aluminum_Region23Sichuan,0.0,0.0,0.0,263026.74463105603,0.0,0.0,0.0,263026.74463105603
aluminum_Region5Innermongolia_aluminum_Region24Guizhou,0.0,0.0,0.0,171860.3319698217,0.0,0.0,0.0,171860.3319698217
aluminum_Region5Innermongolia_aluminum_Region25Yunnan,0.0,0.0,0.0,220711.98611026918,0.0,0.0,0.0,220711.98611026918
aluminum_Region5Innermongolia_aluminum_Region27Shaanxi,0.0,0.0,0.0,251199.5653423684,0.0,0.0,0.0,251199.5653423684
aluminum_Region5Innermongolia_aluminum_Region28Gansu,0.0,0.0,0.0,290766.68070103833,0.0,0.0,0.0,290766.68070103833
aluminum_Region5Innermongolia_aluminum_Region29Qinghai,0.0,0.0,0.0,328807.84284131735,0.0,0.0,0.0,328807.84284131735
aluminum_Region5Innermongolia_aluminum_Region30Ningxia,0.0,0.0,0.0,804504.608748937,0.0,0.0,0.0,804504.608748937
aluminum_Region5Innermongolia_aluminum_Region31Xinjiang,0.0,0.0,0.0,236824.58743815726,0.0,0.0,0.0,236824.58743815726
aluminum_Region6Liaoning_aluminum_Region1Beijing,0.0,0.0,0.0,110849.53690669587,0.0,0.0,0.0,110849.53690669587
aluminum_Region6Liaoning_aluminum_Region2Tianjin,0.0,0.0,0.0,112334.99956852917,0.0,0.0,0.0,112334.99956852917
aluminum_Region6Liaoning_aluminum_Region3Hebei,0.0,0.0,0.0,103919.03715270563,0.0,0.0,0.0,103919.03715270563
aluminum_Region6Liaoning_aluminum_Region4Shanxi,0.0,0.0,0.0,99786.11110359814,0.0,0.0,0.0,99786.11110359814
aluminum_Region6Liaoning_aluminum_Region5Innermongolia,0.0,0.0,0.0,109221.69072299881,0.0,0.0,0.0,109221.69072299881
aluminum_Region6Liaoning_aluminum_Region7Jilin,0.0,0.0,0.0,85157.62478382204,0.0,0.0,0.0,85157.62478382204
aluminum_Region6Liaoning_aluminum_Region8Heilongjiang,0.0,0.0,0.0,138427.81661623457,0.0,0.0,0.0,138427.81661623457
aluminum_Region6Liaoning_aluminum_Region9Shanghai,0.0,0.0,0.0,210854.25958941126,0.0,0.0,0.0,210854.25958941126
aluminum_Region6Liaoning_aluminum_Region10Jiangsu,0.0,0.0,0.0,204641.9064419628,0.0,0.0,0.0,204641.9064419628
aluminum_Region6Liaoning_aluminum_Region11Zhejiang,0.0,0.0,0.0,199862.90314299977,0.0,0.0,0.0,199862.90314299977
aluminum_Region6Liaoning_aluminum_Region12Anhui,0.0,0.0,0.0,189324.3034449183,0.0,0.0,0.0,189324.3034449183
aluminum_Region6Liaoning_aluminum_Region13Fujian,0.0,0.0,0.0,221266.22047004817,0.0,0.0,0.0,221266.22047004817
aluminum_Region6Liaoning_aluminum_Region14Jiangxi,0.0,0.0,0.0,190997.24845677122,0.0,0.0,0.0,190997.24845677122
aluminum_Region6Liaoning_aluminum_Region15Shandong,0.0,0.0,0.0,127843.14800366931,0.0,0.0,0.0,127843.14800366931
aluminum_Region6Liaoning_aluminum_Region16Henan,0.0,0.0,0.0,131256.65172826982,0.0,0.0,0.0,131256.65172826982
aluminum_Region6Liaoning_aluminum_Region17Hubei,0.0,0.0,0.0,182218.0677491304,0.0,0.0,0.0,182218.0677491304
aluminum_Region6Liaoning_aluminum_Region18Hunan,0.0,0.0,0.0,181890.78101597886,0.0,0.0,0.0,181890.78101597886
aluminum_Region6Liaoning_aluminum_Region19Guangdong,0.0,0.0,0.0,191344.39951652562,0.0,0.0,0.0,191344.39951652562
aluminum_Region6Liaoning_aluminum_Region20Guangxi,0.0,0.0,0.0,157366.76498098142,0.0,0.0,0.0,157366.76498098142
aluminum_Region6Liaoning_aluminum_Region21Hainan,0.0,0.0,0.0,159747.24806864758,0.0,0.0,0.0,159747.24806864758
aluminum_Region6Liaoning_aluminum_Region22Chongqing,0.0,0.0,0.0,146496.97441903903,0.0,0.0,0.0,146496.97441903903
aluminum_Region6Liaoning_aluminum_Region23Sichuan,0.0,0.0,0.0,167384.70205690485,0.0,0.0,0.0,167384.70205690485
aluminum_Region6Liaoning_aluminum_Region24Guizhou,0.0,0.0,0.0,138474.21507838168,0.0,0.0,0.0,138474.21507838168
aluminum_Region6Liaoning_aluminum_Region25Yunnan,0.0,0.0,0.0,166045.26001361737,0.0,0.0,0.0,166045.26001361737
aluminum_Region6Liaoning_aluminum_Region27Shaanxi,0.0,0.0,0.0,143330.88521452082,0.0,0.0,0.0,143330.88521452082
aluminum_Region6Liaoning_aluminum_Region28Gansu,0.0,0.0,0.0,155479.05977910457,0.0,0.0,0.0,155479.05977910457
aluminum_Region6Liaoning_aluminum_Region29Qinghai,0.0,0.0,0.0,167953.36156816894,0.0,0.0,0.0,167953.36156816894
aluminum_Region6Liaoning_aluminum_Region30Ningxia,0.0,0.0,0.0,158115.25921841792,0.0,0.0,0.0,158115.25921841792
aluminum_Region6Liaoning_aluminum_Region31Xinjiang,0.0,0.0,0.0,171158.78256571144,0.0,0.0,0.0,171158.78256571144
aluminum_Region7Jilin_aluminum_Region1Beijing,0.0,0.0,0.0,157230.14768820538,0.0,0.0,0.0,157230.14768820538
aluminum_Region7Jilin_aluminum_Region2Tianjin,0.0,0.0,0.0,161414.3784082665,0.0,0.0,0.0,161414.3784082665
aluminum_Region7Jilin_aluminum_Region3Hebei,0.0,0.0,0.0,135457.4734272173,0.0,0.0,0.0,135457.4734272173
aluminum_Region7Jilin_aluminum_Region4Shanxi,0.0,0.0,0.0,124817.693679159,0.0,0.0,0.0,124817.693679159
aluminum_Region7Jilin_aluminum_Region5Innermongolia,0.0,0.0,0.0,134970.7336138721,0.0,0.0,0.0,134970.7336138721
aluminum_Region7Jilin_aluminum_Region6Liaoning,0.0,0.0,0.0,5.2182558281062484e7,0.0,0.0,0.0,5.2182558281062484e7
aluminum_Region7Jilin_aluminum_Region8Heilongjiang,0.0,0.0,0.0,461113.5749919626,0.0,0.0,0.0,461113.5749919626
aluminum_Region7Jilin_aluminum_Region9Shanghai,0.0,0.0,0.0,245746.83755080734,0.0,0.0,0.0,245746.83755080734
aluminum_Region7Jilin_aluminum_Region10Jiangsu,0.0,0.0,0.0,243324.52600855785,0.0,0.0,0.0,243324.52600855785
aluminum_Region7Jilin_aluminum_Region11Zhejiang,0.0,0.0,0.0,232534.75458330126,0.0,0.0,0.0,232534.75458330126
aluminum_Region7Jilin_aluminum_Region12Anhui,0.0,0.0,0.0,224557.8695399447,0.0,0.0,0.0,224557.8695399447
aluminum_Region7Jilin_aluminum_Region13Fujian,0.0,0.0,0.0,248113.86781702458,0.0,0.0,0.0,248113.86781702458
aluminum_Region7Jilin_aluminum_Region14Jiangxi,0.0,0.0,0.0,218569.28700550192,0.0,0.0,0.0,218569.28700550192
aluminum_Region7Jilin_aluminum_Region15Shandong,0.0,0.0,0.0,167101.18406708518,0.0,0.0,0.0,167101.18406708518
aluminum_Region7Jilin_aluminum_Region16Henan,0.0,0.0,0.0,159444.57694579565,0.0,0.0,0.0,159444.57694579565
aluminum_Region7Jilin_aluminum_Region17Hubei,0.0,0.0,0.0,211566.60452683538,0.0,0.0,0.0,211566.60452683538
aluminum_Region7Jilin_aluminum_Region18Hunan,0.0,0.0,0.0,206572.26759585712,0.0,0.0,0.0,206572.26759585712
aluminum_Region7Jilin_aluminum_Region19Guangdong,0.0,0.0,0.0,211205.76298047113,0.0,0.0,0.0,211205.76298047113
aluminum_Region7Jilin_aluminum_Region20Guangxi,0.0,0.0,0.0,172771.56152210356,0.0,0.0,0.0,172771.56152210356
aluminum_Region7Jilin_aluminum_Region21Hainan,0.0,0.0,0.0,173980.75539846285,0.0,0.0,0.0,173980.75539846285
aluminum_Region7Jilin_aluminum_Region22Chongqing,0.0,0.0,0.0,163661.62580635108,0.0,0.0,0.0,163661.62580635108
aluminum_Region7Jilin_aluminum_Region23Sichuan,0.0,0.0,0.0,186850.70779629025,0.0,0.0,0.0,186850.70779629025
aluminum_Region7Jilin_aluminum_Region24Guizhou,0.0,0.0,0.0,153283.50786235312,0.0,0.0,0.0,153283.50786235312
aluminum_Region7Jilin_aluminum_Region25Yunnan,0.0,0.0,0.0,180893.1454350824,0.0,0.0,0.0,180893.1454350824
aluminum_Region7Jilin_aluminum_Region27Shaanxi,0.0,0.0,0.0,167053.37567936326,0.0,0.0,0.0,167053.37567936326
aluminum_Region7Jilin_aluminum_Region28Gansu,0.0,0.0,0.0,176722.96105657856,0.0,0.0,0.0,176722.96105657856
aluminum_Region7Jilin_aluminum_Region29Qinghai,0.0,0.0,0.0,188865.03136684655,0.0,0.0,0.0,188865.03136684655
aluminum_Region7Jilin_aluminum_Region30Ningxia,0.0,0.0,0.0,184226.66822593543,0.0,0.0,0.0,184226.66822593543
aluminum_Region7Jilin_aluminum_Region31Xinjiang,0.0,0.0,0.0,186104.017566946,0.0,0.0,0.0,186104.017566946
aluminum_Region8Heilongjiang_aluminum_Region1Beijing,0.0,0.0,0.0,142749.82296860323,0.0,0.0,0.0,142749.82296860323
aluminum_Region8Heilongjiang_aluminum_Region2Tianjin,0.0,0.0,0.0,145422.0494693611,0.0,0.0,0.0,145422.0494693611
aluminum_Region8Heilongjiang_aluminum_Region3Hebei,0.0,0.0,0.0,129345.59793099143,0.0,0.0,0.0,129345.59793099143
aluminum_Region8Heilongjiang_aluminum_Region4Shanxi,0.0,0.0,0.0,121540.36239469513,0.0,0.0,0.0,121540.36239469513
aluminum_Region8Heilongjiang_aluminum_Region5Innermongolia,0.0,0.0,0.0,128624.26035352834,0.0,0.0,0.0,128624.26035352834
aluminum_Region8Heilongjiang_aluminum_Region6Liaoning,0.0,0.0,0.0,219279.5281068454,0.0,0.0,0.0,219279.5281068454
aluminum_Region8Heilongjiang_aluminum_Region7Jilin,0.0,0.0,0.0,100600.10865354883,0.0,0.0,0.0,100600.10865354883
aluminum_Region8Heilongjiang_aluminum_Region9Shanghai,0.0,0.0,0.0,214090.88152309664,0.0,0.0,0.0,214090.88152309664
aluminum_Region8Heilongjiang_aluminum_Region10Jiangsu,0.0,0.0,0.0,209795.2079904937,0.0,0.0,0.0,209795.2079904937
aluminum_Region8Heilongjiang_aluminum_Region11Zhejiang,0.0,0.0,0.0,205404.4333125109,0.0,0.0,0.0,205404.4333125109
aluminum_Region8Heilongjiang_aluminum_Region12Anhui,0.0,0.0,0.0,197659.32941295157,0.0,0.0,0.0,197659.32941295157
aluminum_Region8Heilongjiang_aluminum_Region13Fujian,0.0,0.0,0.0,222133.78766655733,0.0,0.0,0.0,222133.78766655733
aluminum_Region8Heilongjiang_aluminum_Region14Jiangxi,0.0,0.0,0.0,197481.63378310014,0.0,0.0,0.0,197481.63378310014
aluminum_Region8Heilongjiang_aluminum_Region15Shandong,0.0,0.0,0.0,151958.278844921,0.0,0.0,0.0,151958.278844921
aluminum_Region8Heilongjiang_aluminum_Region16Henan,0.0,0.0,0.0,149237.09007021223,0.0,0.0,0.0,149237.09007021223
aluminum_Region8Heilongjiang_aluminum_Region17Hubei,0.0,0.0,0.0,190759.20250924848,0.0,0.0,0.0,190759.20250924848
aluminum_Region8Heilongjiang_aluminum_Region18Hunan,0.0,0.0,0.0,189500.3327236995,0.0,0.0,0.0,189500.3327236995
aluminum_Region8Heilongjiang_aluminum_Region19Guangdong,0.0,0.0,0.0,196444.0198915677,0.0,0.0,0.0,196444.0198915677
aluminum_Region8Heilongjiang_aluminum_Region20Guangxi,0.0,0.0,0.0,165310.99001555494,0.0,0.0,0.0,165310.99001555494
aluminum_Region8Heilongjiang_aluminum_Region21Hainan,0.0,0.0,0.0,166892.49131804743,0.0,0.0,0.0,166892.49131804743
aluminum_Region8Heilongjiang_aluminum_Region22Chongqing,0.0,0.0,0.0,156561.1224468889,0.0,0.0,0.0,156561.1224468889
aluminum_Region8Heilongjiang_aluminum_Region23Sichuan,0.0,0.0,0.0,175699.0414995545,0.0,0.0,0.0,175699.0414995545
aluminum_Region8Heilongjiang_aluminum_Region24Guizhou,0.0,0.0,0.0,148189.81944033183,0.0,0.0,0.0,148189.81944033183
aluminum_Region8Heilongjiang_aluminum_Region25Yunnan,0.0,0.0,0.0,172777.80614664216,0.0,0.0,0.0,172777.80614664216
aluminum_Region8Heilongjiang_aluminum_Region27Shaanxi,0.0,0.0,0.0,156984.22221446346,0.0,0.0,0.0,156984.22221446346
aluminum_Region8Heilongjiang_aluminum_Region28Gansu,0.0,0.0,0.0,166114.43369340347,0.0,0.0,0.0,166114.43369340347
aluminum_Region8Heilongjiang_aluminum_Region29Qinghai,0.0,0.0,0.0,176615.36264949077,0.0,0.0,0.0,176615.36264949077
aluminum_Region8Heilongjiang_aluminum_Region30Ningxia,0.0,0.0,0.0,170077.60161286857,0.0,0.0,0.0,170077.60161286857
aluminum_Region8Heilongjiang_aluminum_Region31Xinjiang,0.0,0.0,0.0,177290.47719649907,0.0,0.0,0.0,177290.47719649907
aluminum_Region9Shanghai_aluminum_Region1Beijing,0.0,0.0,0.0,109030.75460577608,0.0,0.0,0.0,109030.75460577608
aluminum_Region9Shanghai_aluminum_Region2Tianjin,0.0,0.0,0.0,106461.68952997912,0.0,0.0,0.0,106461.68952997912
aluminum_Region9Shanghai_aluminum_Region3Hebei,0.0,0.0,0.0,93409.27669129384,0.0,0.0,0.0,93409.27669129384
aluminum_Region9Shanghai_aluminum_Region4Shanxi,0.0,0.0,0.0,91824.54629133223,0.0,0.0,0.0,91824.54629133223
aluminum_Region9Shanghai_aluminum_Region5Innermongolia,0.0,0.0,0.0,108377.14013899451,0.0,0.0,0.0,108377.14013899451
aluminum_Region9Shanghai_aluminum_Region6Liaoning,0.0,0.0,0.0,145033.26657373688,0.0,0.0,0.0,145033.26657373688
aluminum_Region9Shanghai_aluminum_Region7Jilin,0.0,0.0,0.0,132041.33715754378,0.0,0.0,0.0,132041.33715754378
aluminum_Region9Shanghai_aluminum_Region8Heilongjiang,0.0,0.0,0.0,143888.4184553429,0.0,0.0,0.0,143888.4184553429
aluminum_Region9Shanghai_aluminum_Region10Jiangsu,0.0,0.0,0.0,95394.88843574023,0.0,0.0,0.0,95394.88843574023
aluminum_Region9Shanghai_aluminum_Region11Zhejiang,0.0,0.0,0.0,104282.91223388878,0.0,0.0,0.0,104282.91223388878
aluminum_Region9Shanghai_aluminum_Region12Anhui,0.0,0.0,0.0,123903.72627538114,0.0,0.0,0.0,123903.72627538114
aluminum_Region9Shanghai_aluminum_Region13Fujian,0.0,0.0,0.0,233517.22763640565,0.0,0.0,0.0,233517.22763640565
aluminum_Region9Shanghai_aluminum_Region14Jiangxi,0.0,0.0,0.0,145980.74808342604,0.0,0.0,0.0,145980.74808342604
aluminum_Region9Shanghai_aluminum_Region15Shandong,0.0,0.0,0.0,96084.84056609967,0.0,0.0,0.0,96084.84056609967
aluminum_Region9Shanghai_aluminum_Region16Henan,0.0,0.0,0.0,97802.12584254864,0.0,0.0,0.0,97802.12584254864
aluminum_Region9Shanghai_aluminum_Region17Hubei,0.0,0.0,0.0,133714.46376802505,0.0,0.0,0.0,133714.46376802505
aluminum_Region9Shanghai_aluminum_Region18Hunan,0.0,0.0,0.0,143984.84964971582,0.0,0.0,0.0,143984.84964971582
aluminum_Region9Shanghai_aluminum_Region19Guangdong,0.0,0.0,0.0,167441.94802790342,0.0,0.0,0.0,167441.94802790342
aluminum_Region9Shanghai_aluminum_Region20Guangxi,0.0,0.0,0.0,130352.41742005396,0.0,0.0,0.0,130352.41742005396
aluminum_Region9Shanghai_aluminum_Region21Hainan,0.0,0.0,0.0,133860.90995378178,0.0,0.0,0.0,133860.90995378178
aluminum_Region9Shanghai_aluminum_Region22Chongqing,0.0,0.0,0.0,117912.75643960327,0.0,0.0,0.0,117912.75643960327
aluminum_Region9Shanghai_aluminum_Region23Sichuan,0.0,0.0,0.0,143276.784611588,0.0,0.0,0.0,143276.784611588
aluminum_Region9Shanghai_aluminum_Region24Guizhou,0.0,0.0,0.0,111112.13269895648,0.0,0.0,0.0,111112.13269895648
aluminum_Region9Shanghai_aluminum_Region25Yunnan,0.0,0.0,0.0,144643.23992435602,0.0,0.0,0.0,144643.23992435602
aluminum_Region9Shanghai_aluminum_Region27Shaanxi,0.0,0.0,0.0,116107.94232269905,0.0,0.0,0.0,116107.94232269905
aluminum_Region9Shanghai_aluminum_Region28Gansu,0.0,0.0,0.0,135055.30556878968,0.0,0.0,0.0,135055.30556878968
aluminum_Region9Shanghai_aluminum_Region29Qinghai,0.0,0.0,0.0,147152.1758221954,0.0,0.0,0.0,147152.1758221954
aluminum_Region9Shanghai_aluminum_Region30Ningxia,0.0,0.0,0.0,137996.73411522643,0.0,0.0,0.0,137996.73411522643
aluminum_Region9Shanghai_aluminum_Region31Xinjiang,0.0,0.0,0.0,158681.2391640647,0.0,0.0,0.0,158681.2391640647
aluminum_Region10Jiangsu_aluminum_Region1Beijing,0.0,0.0,0.0,105854.50701674119,0.0,0.0,0.0,105854.50701674119
aluminum_Region10Jiangsu_aluminum_Region2Tianjin,0.0,0.0,0.0,103078.6381534687,0.0,0.0,0.0,103078.6381534687
aluminum_Region10Jiangsu_aluminum_Region3Hebei,0.0,0.0,0.0,86901.52754305377,0.0,0.0,0.0,86901.52754305377
aluminum_Region10Jiangsu_aluminum_Region4Shanxi,0.0,0.0,0.0,86362.39706118568,0.0,0.0,0.0,86362.39706118568
aluminum_Region10Jiangsu_aluminum_Region5Innermongolia,0.0,0.0,0.0,105336.29441878072,0.0,0.0,0.0,105336.29441878072
aluminum_Region10Jiangsu_aluminum_Region6Liaoning,0.0,0.0,0.0,148181.65053584136,0.0,0.0,0.0,148181.65053584136
aluminum_Region10Jiangsu_aluminum_Region7Jilin,0.0,0.0,0.0,133136.769086253,0.0,0.0,0.0,133136.769086253
aluminum_Region10Jiangsu_aluminum_Region8Heilongjiang,0.0,0.0,0.0,146008.93166566515,0.0,0.0,0.0,146008.93166566515
aluminum_Region10Jiangsu_aluminum_Region9Shanghai,0.0,0.0,0.0,216701.78418459898,0.0,0.0,0.0,216701.78418459898
aluminum_Region10Jiangsu_aluminum_Region11Zhejiang,0.0,0.0,0.0,166164.08368019795,0.0,0.0,0.0,166164.08368019795
aluminum_Region10Jiangsu_aluminum_Region12Anhui,0.0,0.0,0.0,95252.63270609236,0.0,0.0,0.0,95252.63270609236
aluminum_Region10Jiangsu_aluminum_Region13Fujian,0.0,0.0,0.0,252078.9781679423,0.0,0.0,0.0,252078.9781679423
aluminum_Region10Jiangsu_aluminum_Region14Jiangxi,0.0,0.0,0.0,156697.8785821861,0.0,0.0,0.0,156697.8785821861
aluminum_Region10Jiangsu_aluminum_Region15Shandong,0.0,0.0,0.0,89255.19585277252,0.0,0.0,0.0,89255.19585277252
aluminum_Region10Jiangsu_aluminum_Region16Henan,0.0,0.0,0.0,86969.77351009633,0.0,0.0,0.0,86969.77351009633
aluminum_Region10Jiangsu_aluminum_Region17Hubei,0.0,0.0,0.0,133458.79064718005,0.0,0.0,0.0,133458.79064718005
aluminum_Region10Jiangsu_aluminum_Region18Hunan,0.0,0.0,0.0,148463.94817845259,0.0,0.0,0.0,148463.94817845259
aluminum_Region10Jiangsu_aluminum_Region19Guangdong,0.0,0.0,0.0,175629.23490265926,0.0,0.0,0.0,175629.23490265926
aluminum_Region10Jiangsu_aluminum_Region20Guangxi,0.0,0.0,0.0,131634.0212411432,0.0,0.0,0.0,131634.0212411432
aluminum_Region10Jiangsu_aluminum_Region21Hainan,0.0,0.0,0.0,136558.63140150672,0.0,0.0,0.0,136558.63140150672
aluminum_Region10Jiangsu_aluminum_Region22Chongqing,0.0,0.0,0.0,115108.45835768314,0.0,0.0,0.0,115108.45835768314
aluminum_Region10Jiangsu_aluminum_Region23Sichuan,0.0,0.0,0.0,144484.34953343534,0.0,0.0,0.0,144484.34953343534
aluminum_Region10Jiangsu_aluminum_Region24Guizhou,0.0,0.0,0.0,108919.06210627907,0.0,0.0,0.0,108919.06210627907
aluminum_Region10Jiangsu_aluminum_Region25Yunnan,0.0,0.0,0.0,146159.61836285522,0.0,0.0,0.0,146159.61836285522
aluminum_Region10Jiangsu_aluminum_Region27Shaanxi,0.0,0.0,0.0,110755.32075479567,0.0,0.0,0.0,110755.32075479567
aluminum_Region10Jiangsu_aluminum_Region28Gansu,0.0,0.0,0.0,134505.8647736347,0.0,0.0,0.0,134505.8647736347
aluminum_Region10Jiangsu_aluminum_Region29Qinghai,0.0,0.0,0.0,148433.47333189423,0.0,0.0,0.0,148433.47333189423
aluminum_Region10Jiangsu_aluminum_Region30Ningxia,0.0,0.0,0.0,137771.24423386782,0.0,0.0,0.0,137771.24423386782
aluminum_Region10Jiangsu_aluminum_Region31Xinjiang,0.0,0.0,0.0,160415.02418103773,0.0,0.0,0.0,160415.02418103773
aluminum_Region11Zhejiang_aluminum_Region1Beijing,0.0,0.0,0.0,115020.54382544575,0.0,0.0,0.0,115020.54382544575
aluminum_Region11Zhejiang_aluminum_Region2Tianjin,0.0,0.0,0.0,112927.0699261329,0.0,0.0,0.0,112927.0699261329
aluminum_Region11Zhejiang_aluminum_Region3Hebei,0.0,0.0,0.0,98536.51537528912,0.0,0.0,0.0,98536.51537528912
aluminum_Region11Zhejiang_aluminum_Region4Shanxi,0.0,0.0,0.0,96022.09803803392,0.0,0.0,0.0,96022.09803803392
aluminum_Region11Zhejiang_aluminum_Region5Innermongolia,0.0,0.0,0.0,112445.98503563086,0.0,0.0,0.0,112445.98503563086
aluminum_Region11Zhejiang_aluminum_Region6Liaoning,0.0,0.0,0.0,151458.16004213216,0.0,0.0,0.0,151458.16004213216
aluminum_Region11Zhejiang_aluminum_Region7Jilin,0.0,0.0,0.0,137038.15736967124,0.0,0.0,0.0,137038.15736967124
aluminum_Region11Zhejiang_aluminum_Region8Heilongjiang,0.0,0.0,0.0,148689.05963698463,0.0,0.0,0.0,148689.05963698463
aluminum_Region11Zhejiang_aluminum_Region9Shanghai,0.0,0.0,0.0,257212.589746329,0.0,0.0,0.0,257212.589746329
aluminum_Region11Zhejiang_aluminum_Region10Jiangsu,0.0,0.0,0.0,152594.370806532,0.0,0.0,0.0,152594.370806532
aluminum_Region11Zhejiang_aluminum_Region12Anhui,0.0,0.0,0.0,136759.52950507356,0.0,0.0,0.0,136759.52950507356
aluminum_Region11Zhejiang_aluminum_Region13Fujian,0.0,0.0,0.0,313924.35296521446,0.0,0.0,0.0,313924.35296521446
aluminum_Region11Zhejiang_aluminum_Region14Jiangxi,0.0,0.0,0.0,156646.68788514685,0.0,0.0,0.0,156646.68788514685
aluminum_Region11Zhejiang_aluminum_Region15Shandong,0.0,0.0,0.0,103159.30548458367,0.0,0.0,0.0,103159.30548458367
aluminum_Region11Zhejiang_aluminum_Region16Henan,0.0,0.0,0.0,101502.77708888304,0.0,0.0,0.0,101502.77708888304
aluminum_Region11Zhejiang_aluminum_Region17Hubei,0.0,0.0,0.0,141721.00111282532,0.0,0.0,0.0,141721.00111282532
aluminum_Region11Zhejiang_aluminum_Region18Hunan,0.0,0.0,0.0,149517.2159045777,0.0,0.0,0.0,149517.2159045777
aluminum_Region11Zhejiang_aluminum_Region19Guangdong,0.0,0.0,0.0,176780.18940385227,0.0,0.0,0.0,176780.18940385227
aluminum_Region11Zhejiang_aluminum_Region20Guangxi,0.0,0.0,0.0,131300.16581904143,0.0,0.0,0.0,131300.16581904143
aluminum_Region11Zhejiang_aluminum_Region21Hainan,0.0,0.0,0.0,135110.34369031974,0.0,0.0,0.0,135110.34369031974
aluminum_Region11Zhejiang_aluminum_Region22Chongqing,0.0,0.0,0.0,119722.32538447519,0.0,0.0,0.0,119722.32538447519
aluminum_Region11Zhejiang_aluminum_Region23Sichuan,0.0,0.0,0.0,147030.64899421393,0.0,0.0,0.0,147030.64899421393
aluminum_Region11Zhejiang_aluminum_Region24Guizhou,0.0,0.0,0.0,110816.04231120356,0.0,0.0,0.0,110816.04231120356
aluminum_Region11Zhejiang_aluminum_Region25Yunnan,0.0,0.0,0.0,147257.46656673553,0.0,0.0,0.0,147257.46656673553
aluminum_Region11Zhejiang_aluminum_Region27Shaanxi,0.0,0.0,0.0,118556.33084055262,0.0,0.0,0.0,118556.33084055262
aluminum_Region11Zhejiang_aluminum_Region28Gansu,0.0,0.0,0.0,138510.23759677866,0.0,0.0,0.0,138510.23759677866
aluminum_Region11Zhejiang_aluminum_Region29Qinghai,0.0,0.0,0.0,151088.76362719882,0.0,0.0,0.0,151088.76362719882
aluminum_Region11Zhejiang_aluminum_Region30Ningxia,0.0,0.0,0.0,142211.21688375738,0.0,0.0,0.0,142211.21688375738
aluminum_Region11Zhejiang_aluminum_Region31Xinjiang,0.0,0.0,0.0,161358.47851642547,0.0,0.0,0.0,161358.47851642547
aluminum_Region12Anhui_aluminum_Region1Beijing,0.0,0.0,0.0,113594.19775958729,0.0,0.0,0.0,113594.19775958729
aluminum_Region12Anhui_aluminum_Region2Tianjin,0.0,0.0,0.0,112526.08877809062,0.0,0.0,0.0,112526.08877809062
aluminum_Region12Anhui_aluminum_Region3Hebei,0.0,0.0,0.0,90958.64971852244,0.0,0.0,0.0,90958.64971852244
aluminum_Region12Anhui_aluminum_Region4Shanxi,0.0,0.0,0.0,86035.87930389679,0.0,0.0,0.0,86035.87930389679
aluminum_Region12Anhui_aluminum_Region5Innermongolia,0.0,0.0,0.0,108650.55927424149,0.0,0.0,0.0,108650.55927424149
aluminum_Region12Anhui_aluminum_Region6Liaoning,0.0,0.0,0.0,157681.27076211537,0.0,0.0,0.0,157681.27076211537
aluminum_Region12Anhui_aluminum_Region7Jilin,0.0,0.0,0.0,139672.75554674087,0.0,0.0,0.0,139672.75554674087
aluminum_Region12Anhui_aluminum_Region8Heilongjiang,0.0,0.0,0.0,152715.22029886075,0.0,0.0,0.0,152715.22029886075
aluminum_Region12Anhui_aluminum_Region9Shanghai,0.0,0.0,0.0,272539.1662867777,0.0,0.0,0.0,272539.1662867777
aluminum_Region12Anhui_aluminum_Region10Jiangsu,0.0,0.0,0.0,435984.5212102125,0.0,0.0,0.0,435984.5212102125
aluminum_Region12Anhui_aluminum_Region11Zhejiang,0.0,0.0,0.0,226604.69776658656,0.0,0.0,0.0,226604.69776658656
aluminum_Region12Anhui_aluminum_Region13Fujian,0.0,0.0,0.0,298042.2318028721,0.0,0.0,0.0,298042.2318028721
aluminum_Region12Anhui_aluminum_Region14Jiangxi,0.0,0.0,0.0,192620.50565947153,0.0,0.0,0.0,192620.50565947153
aluminum_Region12Anhui_aluminum_Region15Shandong,0.0,0.0,0.0,98697.94633965408,0.0,0.0,0.0,98697.94633965408
aluminum_Region12Anhui_aluminum_Region16Henan,0.0,0.0,0.0,84729.94975867396,0.0,0.0,0.0,84729.94975867396
aluminum_Region12Anhui_aluminum_Region17Hubei,0.0,0.0,0.0,151720.63982321924,0.0,0.0,0.0,151720.63982321924
aluminum_Region12Anhui_aluminum_Region18Hunan,0.0,0.0,0.0,164584.2244810884,0.0,0.0,0.0,164584.2244810884
aluminum_Region12Anhui_aluminum_Region19Guangdong,0.0,0.0,0.0,192818.57989702022,0.0,0.0,0.0,192818.57989702022
aluminum_Region12Anhui_aluminum_Region20Guangxi,0.0,0.0,0.0,135477.6308755876,0.0,0.0,0.0,135477.6308755876
aluminum_Region12Anhui_aluminum_Region21Hainan,0.0,0.0,0.0,140592.5654111012,0.0,0.0,0.0,140592.5654111012
aluminum_Region12Anhui_aluminum_Region22Chongqing,0.0,0.0,0.0,116662.67263800265,0.0,0.0,0.0,116662.67263800265
aluminum_Region12Anhui_aluminum_Region23Sichuan,0.0,0.0,0.0,150584.70541994576,0.0,0.0,0.0,150584.70541994576
aluminum_Region12Anhui_aluminum_Region24Guizhou,0.0,0.0,0.0,109476.635522869,0.0,0.0,0.0,109476.635522869
aluminum_Region12Anhui_aluminum_Region25Yunnan,0.0,0.0,0.0,151160.12730484104,0.0,0.0,0.0,151160.12730484104
aluminum_Region12Anhui_aluminum_Region27Shaanxi,0.0,0.0,0.0,111633.85048856436,0.0,0.0,0.0,111633.85048856436
aluminum_Region12Anhui_aluminum_Region28Gansu,0.0,0.0,0.0,138515.5295570779,0.0,0.0,0.0,138515.5295570779
aluminum_Region12Anhui_aluminum_Region29Qinghai,0.0,0.0,0.0,154230.0464999725,0.0,0.0,0.0,154230.0464999725
aluminum_Region12Anhui_aluminum_Region30Ningxia,0.0,0.0,0.0,143428.95609908772,0.0,0.0,0.0,143428.95609908772
aluminum_Region12Anhui_aluminum_Region31Xinjiang,0.0,0.0,0.0,164419.78921122113,0.0,0.0,0.0,164419.78921122113
aluminum_Region13Fujian_aluminum_Region1Beijing,0.0,0.0,0.0,116064.50261481057,0.0,0.0,0.0,116064.50261481057
aluminum_Region13Fujian_aluminum_Region2Tianjin,0.0,0.0,0.0,114456.63342433333,0.0,0.0,0.0,114456.63342433333
aluminum_Region13Fujian_aluminum_Region3Hebei,0.0,0.0,0.0,101946.90042748443,0.0,0.0,0.0,101946.90042748443
aluminum_Region13Fujian_aluminum_Region4Shanxi,0.0,0.0,0.0,97748.90085995238,0.0,0.0,0.0,97748.90085995238
aluminum_Region13Fujian_aluminum_Region5Innermongolia,0.0,0.0,0.0,111663.71142729711,0.0,0.0,0.0,111663.71142729711
aluminum_Region13Fujian_aluminum_Region6Liaoning,0.0,0.0,0.0,141053.5418163351,0.0,0.0,0.0,141053.5418163351
aluminum_Region13Fujian_aluminum_Region7Jilin,0.0,0.0,0.0,132106.50337157887,0.0,0.0,0.0,132106.50337157887
aluminum_Region13Fujian_aluminum_Region8Heilongjiang,0.0,0.0,0.0,141087.53722438062,0.0,0.0,0.0,141087.53722438062
aluminum_Region13Fujian_aluminum_Region9Shanghai,0.0,0.0,0.0,132900.23416266913,0.0,0.0,0.0,132900.23416266913
aluminum_Region13Fujian_aluminum_Region10Jiangsu,0.0,0.0,0.0,127009.12682245651,0.0,0.0,0.0,127009.12682245651
aluminum_Region13Fujian_aluminum_Region11Zhejiang,0.0,0.0,0.0,113591.1773538732,0.0,0.0,0.0,113591.1773538732
aluminum_Region13Fujian_aluminum_Region12Anhui,0.0,0.0,0.0,118915.69979363457,0.0,0.0,0.0,118915.69979363457
aluminum_Region13Fujian_aluminum_Region14Jiangxi,0.0,0.0,0.0,106140.38537061626,0.0,0.0,0.0,106140.38537061626
aluminum_Region13Fujian_aluminum_Region15Shandong,0.0,0.0,0.0,109341.06359717058,0.0,0.0,0.0,109341.06359717058
aluminum_Region13Fujian_aluminum_Region16Henan,0.0,0.0,0.0,101342.15862165585,0.0,0.0,0.0,101342.15862165585
aluminum_Region13Fujian_aluminum_Region17Hubei,0.0,0.0,0.0,115169.92802807112,0.0,0.0,0.0,115169.92802807112
aluminum_Region13Fujian_aluminum_Region18Hunan,0.0,0.0,0.0,116176.28252647175,0.0,0.0,0.0,116176.28252647175
aluminum_Region13Fujian_aluminum_Region19Guangdong,0.0,0.0,0.0,134325.5488031287,0.0,0.0,0.0,134325.5488031287
aluminum_Region13Fujian_aluminum_Region20Guangxi,0.0,0.0,0.0,110488.32259381331,0.0,0.0,0.0,110488.32259381331
aluminum_Region13Fujian_aluminum_Region21Hainan,0.0,0.0,0.0,111571.28852457981,0.0,0.0,0.0,111571.28852457981
aluminum_Region13Fujian_aluminum_Region22Chongqing,0.0,0.0,0.0,108142.09528312462,0.0,0.0,0.0,108142.09528312462
aluminum_Region13Fujian_aluminum_Region23Sichuan,0.0,0.0,0.0,132356.40425129692,0.0,0.0,0.0,132356.40425129692
aluminum_Region13Fujian_aluminum_Region24Guizhou,0.0,0.0,0.0,96437.69597323309,0.0,0.0,0.0,96437.69597323309
aluminum_Region13Fujian_aluminum_Region25Yunnan,0.0,0.0,0.0,131075.42375938414,0.0,0.0,0.0,131075.42375938414
aluminum_Region13Fujian_aluminum_Region27Shaanxi,0.0,0.0,0.0,111409.50260220823,0.0,0.0,0.0,111409.50260220823
aluminum_Region13Fujian_aluminum_Region28Gansu,0.0,0.0,0.0,128842.66279810977,0.0,0.0,0.0,128842.66279810977
aluminum_Region13Fujian_aluminum_Region29Qinghai,0.0,0.0,0.0,139252.63718019234,0.0,0.0,0.0,139252.63718019234
aluminum_Region13Fujian_aluminum_Region30Ningxia,0.0,0.0,0.0,131997.80003189112,0.0,0.0,0.0,131997.80003189112
aluminum_Region13Fujian_aluminum_Region31Xinjiang,0.0,0.0,0.0,152592.95576635117,0.0,0.0,0.0,152592.95576635117
aluminum_Region14Jiangxi_aluminum_Region1Beijing,0.0,0.0,0.0,122653.13154329172,0.0,0.0,0.0,122653.13154329172
aluminum_Region14Jiangxi_aluminum_Region2Tianjin,0.0,0.0,0.0,122542.323834272,0.0,0.0,0.0,122542.323834272
aluminum_Region14Jiangxi_aluminum_Region3Hebei,0.0,0.0,0.0,101658.43207658656,0.0,0.0,0.0,101658.43207658656
aluminum_Region14Jiangxi_aluminum_Region4Shanxi,0.0,0.0,0.0,94725.55210187922,0.0,0.0,0.0,94725.55210187922
aluminum_Region14Jiangxi_aluminum_Region5Innermongolia,0.0,0.0,0.0,113627.14159982422,0.0,0.0,0.0,113627.14159982422
aluminum_Region14Jiangxi_aluminum_Region6Liaoning,0.0,0.0,0.0,157097.97475483842,0.0,0.0,0.0,157097.97475483842
aluminum_Region14Jiangxi_aluminum_Region7Jilin,0.0,0.0,0.0,142405.7656510673,0.0,0.0,0.0,142405.7656510673
aluminum_Region14Jiangxi_aluminum_Region8Heilongjiang,0.0,0.0,0.0,153172.36057271506,0.0,0.0,0.0,153172.36057271506
aluminum_Region14Jiangxi_aluminum_Region9Shanghai,0.0,0.0,0.0,206022.9572100429,0.0,0.0,0.0,206022.9572100429
aluminum_Region14Jiangxi_aluminum_Region10Jiangsu,0.0,0.0,0.0,147108.15502758804,0.0,0.0,0.0,147108.15502758804
aluminum_Region14Jiangxi_aluminum_Region11Zhejiang,0.0,0.0,0.0,180168.89160043682,0.0,0.0,0.0,180168.89160043682
aluminum_Region14Jiangxi_aluminum_Region12Anhui,0.0,0.0,0.0,119150.0856628919,0.0,0.0,0.0,119150.0856628919
aluminum_Region14Jiangxi_aluminum_Region13Fujian,0.0,0.0,0.0,402910.6647620662,0.0,0.0,0.0,402910.6647620662
aluminum_Region14Jiangxi_aluminum_Region15Shandong,0.0,0.0,0.0,115893.48252691541,0.0,0.0,0.0,115893.48252691541
aluminum_Region14Jiangxi_aluminum_Region16Henan,0.0,0.0,0.0,97964.83944304072,0.0,0.0,0.0,97964.83944304072
aluminum_Region14Jiangxi_aluminum_Region17Hubei,0.0,0.0,0.0,121255.60232429237,0.0,0.0,0.0,121255.60232429237
aluminum_Region14Jiangxi_aluminum_Region18Hunan,0.0,0.0,0.0,138737.15792772663,0.0,0.0,0.0,138737.15792772663
aluminum_Region14Jiangxi_aluminum_Region19Guangdong,0.0,0.0,0.0,191636.8106809461,0.0,0.0,0.0,191636.8106809461
aluminum_Region14Jiangxi_aluminum_Region20Guangxi,0.0,0.0,0.0,122068.14899125592,0.0,0.0,0.0,122068.14899125592
aluminum_Region14Jiangxi_aluminum_Region21Hainan,0.0,0.0,0.0,129158.92405397577,0.0,0.0,0.0,129158.92405397577
aluminum_Region14Jiangxi_aluminum_Region22Chongqing,0.0,0.0,0.0,109157.53692320721,0.0,0.0,0.0,109157.53692320721
aluminum_Region14Jiangxi_aluminum_Region23Sichuan,0.0,0.0,0.0,145125.12500257825,0.0,0.0,0.0,145125.12500257825
aluminum_Region14Jiangxi_aluminum_Region24Guizhou,0.0,0.0,0.0,96575.01081182928,0.0,0.0,0.0,96575.01081182928
aluminum_Region14Jiangxi_aluminum_Region25Yunnan,0.0,0.0,0.0,144277.64527362623,0.0,0.0,0.0,144277.64527362623
aluminum_Region14Jiangxi_aluminum_Region27Shaanxi,0.0,0.0,0.0,113459.24374787515,0.0,0.0,0.0,113459.24374787515
aluminum_Region14Jiangxi_aluminum_Region28Gansu,0.0,0.0,0.0,137538.6361182746,0.0,0.0,0.0,137538.6361182746
aluminum_Region14Jiangxi_aluminum_Region29Qinghai,0.0,0.0,0.0,151924.05933360144,0.0,0.0,0.0,151924.05933360144
aluminum_Region14Jiangxi_aluminum_Region30Ningxia,0.0,0.0,0.0,142388.50456265855,0.0,0.0,0.0,142388.50456265855
aluminum_Region14Jiangxi_aluminum_Region31Xinjiang,0.0,0.0,0.0,162625.34756040425,0.0,0.0,0.0,162625.34756040425
aluminum_Region15Shandong_aluminum_Region1Beijing,0.0,0.0,0.0,150962.8346393958,0.0,0.0,0.0,150962.8346393958
aluminum_Region15Shandong_aluminum_Region2Tianjin,0.0,0.0,0.0,157249.62496721788,0.0,0.0,0.0,157249.62496721788
aluminum_Region15Shandong_aluminum_Region3Hebei,0.0,0.0,0.0,84296.95079292476,0.0,0.0,0.0,84296.95079292476
aluminum_Region15Shandong_aluminum_Region4Shanxi,0.0,0.0,0.0,85301.58890745675,0.0,0.0,0.0,85301.58890745675
aluminum_Region15Shandong_aluminum_Region5Innermongolia,0.0,0.0,0.0,122933.8971793172,0.0,0.0,0.0,122933.8971793172
aluminum_Region15Shandong_aluminum_Region6Liaoning,0.0,0.0,0.0,266014.25825317274,0.0,0.0,0.0,266014.25825317274
aluminum_Region15Shandong_aluminum_Region7Jilin,0.0,0.0,0.0,178270.45902132164,0.0,0.0,0.0,178270.45902132164
aluminum_Region15Shandong_aluminum_Region8Heilongjiang,0.0,0.0,0.0,199423.28814636072,0.0,0.0,0.0,199423.28814636072
aluminum_Region15Shandong_aluminum_Region9Shanghai,0.0,0.0,0.0,767574.6057626923,0.0,0.0,0.0,767574.6057626923
aluminum_Region15Shandong_aluminum_Region10Jiangsu,0.0,0.0,0.0,2.607153415690407e6,0.0,0.0,0.0,2.607153415690407e6
aluminum_Region15Shandong_aluminum_Region11Zhejiang,0.0,0.0,0.0,521071.4234299473,0.0,0.0,0.0,521071.4234299473
aluminum_Region15Shandong_aluminum_Region12Anhui,0.0,0.0,0.0,663938.312664248,0.0,0.0,0.0,663938.312664248
aluminum_Region15Shandong_aluminum_Region13Fujian,0.0,0.0,0.0,403893.22743833537,0.0,0.0,0.0,403893.22743833537
aluminum_Region15Shandong_aluminum_Region14Jiangxi,0.0,0.0,0.0,334674.5973006111,0.0,0.0,0.0,334674.5973006111
aluminum_Region15Shandong_aluminum_Region16Henan,0.0,0.0,0.0,133851.75542922353,0.0,0.0,0.0,133851.75542922353
aluminum_Region15Shandong_aluminum_Region17Hubei,0.0,0.0,0.0,348025.1970545436,0.0,0.0,0.0,348025.1970545436
aluminum_Region15Shandong_aluminum_Region18Hunan,0.0,0.0,0.0,275939.57880197273,0.0,0.0,0.0,275939.57880197273
aluminum_Region15Shandong_aluminum_Region19Guangdong,0.0,0.0,0.0,257198.95573957608,0.0,0.0,0.0,257198.95573957608
aluminum_Region15Shandong_aluminum_Region20Guangxi,0.0,0.0,0.0,176278.45726238683,0.0,0.0,0.0,176278.45726238683
aluminum_Region15Shandong_aluminum_Region21Hainan,0.0,0.0,0.0,177671.83815494098,0.0,0.0,0.0,177671.83815494098
aluminum_Region15Shandong_aluminum_Region22Chongqing,0.0,0.0,0.0,161134.132592696,0.0,0.0,0.0,161134.132592696
aluminum_Region15Shandong_aluminum_Region23Sichuan,0.0,0.0,0.0,204208.68538199255,0.0,0.0,0.0,204208.68538199255
aluminum_Region15Shandong_aluminum_Region24Guizhou,0.0,0.0,0.0,145026.4109591044,0.0,0.0,0.0,145026.4109591044
aluminum_Region15Shandong_aluminum_Region25Yunnan,0.0,0.0,0.0,188852.82995311785,0.0,0.0,0.0,188852.82995311785
aluminum_Region15Shandong_aluminum_Region27Shaanxi,0.0,0.0,0.0,167552.41008365966,0.0,0.0,0.0,167552.41008365966
aluminum_Region15Shandong_aluminum_Region28Gansu,0.0,0.0,0.0,185243.7026532556,0.0,0.0,0.0,185243.7026532556
aluminum_Region15Shandong_aluminum_Region29Qinghai,0.0,0.0,0.0,206462.78301797254,0.0,0.0,0.0,206462.78301797254
aluminum_Region15Shandong_aluminum_Region30Ningxia,0.0,0.0,0.0,203036.8875126367,0.0,0.0,0.0,203036.8875126367
aluminum_Region15Shandong_aluminum_Region31Xinjiang,0.0,0.0,0.0,190834.2452713743,0.0,0.0,0.0,190834.2452713743
aluminum_Region16Henan_aluminum_Region1Beijing,0.0,0.0,0.0,178939.48800858084,0.0,0.0,0.0,178939.48800858084
aluminum_Region16Henan_aluminum_Region2Tianjin,0.0,0.0,0.0,187235.25049237028,0.0,0.0,0.0,187235.25049237028
aluminum_Region16Henan_aluminum_Region3Hebei,0.0,0.0,0.0,113777.89032004272,0.0,0.0,0.0,113777.89032004272
aluminum_Region16Henan_aluminum_Region4Shanxi,0.0,0.0,0.0,86232.1944687938,0.0,0.0,0.0,86232.1944687938
aluminum_Region16Henan_aluminum_Region5Innermongolia,0.0,0.0,0.0,130969.04995404843,0.0,0.0,0.0,130969.04995404843
aluminum_Region16Henan_aluminum_Region6Liaoning,0.0,0.0,0.0,248891.0467594247,0.0,0.0,0.0,248891.0467594247
aluminum_Region16Henan_aluminum_Region7Jilin,0.0,0.0,0.0,186397.71237680988,0.0,0.0,0.0,186397.71237680988
aluminum_Region16Henan_aluminum_Region8Heilongjiang,0.0,0.0,0.0,202837.8900880313,0.0,0.0,0.0,202837.8900880313
aluminum_Region16Henan_aluminum_Region9Shanghai,0.0,0.0,0.0,698300.2805708278,0.0,0.0,0.0,698300.2805708278
aluminum_Region16Henan_aluminum_Region10Jiangsu,0.0,0.0,0.0,6.068982171287627e6,0.0,0.0,0.0,6.068982171287627e6
aluminum_Region16Henan_aluminum_Region11Zhejiang,0.0,0.0,0.0,553257.4225532333,0.0,0.0,0.0,553257.4225532333
aluminum_Region16Henan_aluminum_Region12Anhui,0.0,0.0,0.0,1.9403840382500958e7,0.0,0.0,0.0,1.9403840382500958e7
aluminum_Region16Henan_aluminum_Region13Fujian,0.0,0.0,0.0,542485.6056040511,0.0,0.0,0.0,542485.6056040511
aluminum_Region16Henan_aluminum_Region14Jiangxi,0.0,0.0,0.0,596356.3479309068,0.0,0.0,0.0,596356.3479309068
aluminum_Region16Henan_aluminum_Region15Shandong,0.0,0.0,0.0,209166.77299375524,0.0,0.0,0.0,209166.77299375524
aluminum_Region16Henan_aluminum_Region17Hubei,0.0,0.0,0.0,1.680240017221632e7,0.0,0.0,0.0,1.680240017221632e7
aluminum_Region16Henan_aluminum_Region18Hunan,0.0,0.0,0.0,498438.36732259265,0.0,0.0,0.0,498438.36732259265
aluminum_Region16Henan_aluminum_Region19Guangdong,0.0,0.0,0.0,321302.1141771087,0.0,0.0,0.0,321302.1141771087
aluminum_Region16Henan_aluminum_Region20Guangxi,0.0,0.0,0.0,186472.55830923983,0.0,0.0,0.0,186472.55830923983
aluminum_Region16Henan_aluminum_Region21Hainan,0.0,0.0,0.0,186634.7220202547,0.0,0.0,0.0,186634.7220202547
aluminum_Region16Henan_aluminum_Region22Chongqing,0.0,0.0,0.0,168627.20766218554,0.0,0.0,0.0,168627.20766218554
aluminum_Region16Henan_aluminum_Region23Sichuan,0.0,0.0,0.0,239018.8758642323,0.0,0.0,0.0,239018.8758642323
aluminum_Region16Henan_aluminum_Region24Guizhou,0.0,0.0,0.0,146098.07642185173,0.0,0.0,0.0,146098.07642185173
aluminum_Region16Henan_aluminum_Region25Yunnan,0.0,0.0,0.0,201572.85719589045,0.0,0.0,0.0,201572.85719589045
aluminum_Region16Henan_aluminum_Region27Shaanxi,0.0,0.0,0.0,196993.0635052159,0.0,0.0,0.0,196993.0635052159
aluminum_Region16Henan_aluminum_Region28Gansu,0.0,0.0,0.0,206736.2865084253,0.0,0.0,0.0,206736.2865084253
aluminum_Region16Henan_aluminum_Region29Qinghai,0.0,0.0,0.0,234932.6298717299,0.0,0.0,0.0,234932.6298717299
aluminum_Region16Henan_aluminum_Region30Ningxia,0.0,0.0,0.0,233364.4362951202,0.0,0.0,0.0,233364.4362951202
aluminum_Region16Henan_aluminum_Region31Xinjiang,0.0,0.0,0.0,197870.91423592897,0.0,0.0,0.0,197870.91423592897
aluminum_Region17Hubei_aluminum_Region1Beijing,0.0,0.0,0.0,121685.3053608427,0.0,0.0,0.0,121685.3053608427
aluminum_Region17Hubei_aluminum_Region2Tianjin,0.0,0.0,0.0,123042.1463487149,0.0,0.0,0.0,123042.1463487149
aluminum_Region17Hubei_aluminum_Region3Hebei,0.0,0.0,0.0,95654.76142645367,0.0,0.0,0.0,95654.76142645367
aluminum_Region17Hubei_aluminum_Region4Shanxi,0.0,0.0,0.0,86560.32538350055,0.0,0.0,0.0,86560.32538350055
aluminum_Region17Hubei_aluminum_Region5Innermongolia,0.0,0.0,0.0,109994.71861348183,0.0,0.0,0.0,109994.71861348183
aluminum_Region17Hubei_aluminum_Region6Liaoning,0.0,0.0,0.0,163465.52048460857,0.0,0.0,0.0,163465.52048460857
aluminum_Region17Hubei_aluminum_Region7Jilin,0.0,0.0,0.0,145489.8614890686,0.0,0.0,0.0,145489.8614890686
aluminum_Region17Hubei_aluminum_Region8Heilongjiang,0.0,0.0,0.0,157359.53642725956,0.0,0.0,0.0,157359.53642725956
aluminum_Region17Hubei_aluminum_Region9Shanghai,0.0,0.0,0.0,238400.77716527763,0.0,0.0,0.0,238400.77716527763
aluminum_Region17Hubei_aluminum_Region10Jiangsu,0.0,0.0,0.0,234055.8591170956,0.0,0.0,0.0,234055.8591170956
aluminum_Region17Hubei_aluminum_Region11Zhejiang,0.0,0.0,0.0,216352.5314084251,0.0,0.0,0.0,216352.5314084251
aluminum_Region17Hubei_aluminum_Region12Anhui,0.0,0.0,0.0,189574.77741540017,0.0,0.0,0.0,189574.77741540017
aluminum_Region17Hubei_aluminum_Region13Fujian,0.0,0.0,0.0,324920.7764017203,0.0,0.0,0.0,324920.7764017203
aluminum_Region17Hubei_aluminum_Region14Jiangxi,0.0,0.0,0.0,236688.56909156646,0.0,0.0,0.0,236688.56909156646
aluminum_Region17Hubei_aluminum_Region15Shandong,0.0,0.0,0.0,114421.23767207883,0.0,0.0,0.0,114421.23767207883
aluminum_Region17Hubei_aluminum_Region16Henan,0.0,0.0,0.0,84909.6735049014,0.0,0.0,0.0,84909.6735049014
aluminum_Region17Hubei_aluminum_Region18Hunan,0.0,0.0,0.0,182501.2367615338,0.0,0.0,0.0,182501.2367615338
aluminum_Region17Hubei_aluminum_Region19Guangdong,0.0,0.0,0.0,209134.7019047329,0.0,0.0,0.0,209134.7019047329
aluminum_Region17Hubei_aluminum_Region20Guangxi,0.0,0.0,0.0,130855.06651798998,0.0,0.0,0.0,130855.06651798998
aluminum_Region17Hubei_aluminum_Region21Hainan,0.0,0.0,0.0,138659.82991664804,0.0,0.0,0.0,138659.82991664804
aluminum_Region17Hubei_aluminum_Region22Chongqing,0.0,0.0,0.0,105814.59468264545,0.0,0.0,0.0,105814.59468264545
aluminum_Region17Hubei_aluminum_Region23Sichuan,0.0,0.0,0.0,149931.30090029765,0.0,0.0,0.0,149931.30090029765
aluminum_Region17Hubei_aluminum_Region24Guizhou,0.0,0.0,0.0,98941.2804560309,0.0,0.0,0.0,98941.2804560309
aluminum_Region17Hubei_aluminum_Region25Yunnan,0.0,0.0,0.0,150445.29360042748,0.0,0.0,0.0,150445.29360042748
aluminum_Region17Hubei_aluminum_Region27Shaanxi,0.0,0.0,0.0,106535.5670413151,0.0,0.0,0.0,106535.5670413151
aluminum_Region17Hubei_aluminum_Region28Gansu,0.0,0.0,0.0,138681.66127780246,0.0,0.0,0.0,138681.66127780246
aluminum_Region17Hubei_aluminum_Region29Qinghai,0.0,0.0,0.0,156424.81652437182,0.0,0.0,0.0,156424.81652437182
aluminum_Region17Hubei_aluminum_Region30Ningxia,0.0,0.0,0.0,144864.26509824433,0.0,0.0,0.0,144864.26509824433
aluminum_Region17Hubei_aluminum_Region31Xinjiang,0.0,0.0,0.0,166177.59893106704,0.0,0.0,0.0,166177.59893106704
aluminum_Region18Hunan_aluminum_Region1Beijing,0.0,0.0,0.0,129332.96451733178,0.0,0.0,0.0,129332.96451733178
aluminum_Region18Hunan_aluminum_Region2Tianjin,0.0,0.0,0.0,130642.3902338922,0.0,0.0,0.0,130642.3902338922
aluminum_Region18Hunan_aluminum_Region3Hebei,0.0,0.0,0.0,106883.85012831152,0.0,0.0,0.0,106883.85012831152
aluminum_Region18Hunan_aluminum_Region4Shanxi,0.0,0.0,0.0,97244.62925553307,0.0,0.0,0.0,97244.62925553307
aluminum_Region18Hunan_aluminum_Region5Innermongolia,0.0,0.0,0.0,116659.5210373942,0.0,0.0,0.0,116659.5210373942
aluminum_Region18Hunan_aluminum_Region6Liaoning,0.0,0.0,0.0,163577.3169734777,0.0,0.0,0.0,163577.3169734777
aluminum_Region18Hunan_aluminum_Region7Jilin,0.0,0.0,0.0,147858.82556007078,0.0,0.0,0.0,147858.82556007078
aluminum_Region18Hunan_aluminum_Region8Heilongjiang,0.0,0.0,0.0,158328.3100667441,0.0,0.0,0.0,158328.3100667441
aluminum_Region18Hunan_aluminum_Region9Shanghai,0.0,0.0,0.0,212527.97994026548,0.0,0.0,0.0,212527.97994026548
aluminum_Region18Hunan_aluminum_Region10Jiangsu,0.0,0.0,0.0,199508.39519301604,0.0,0.0,0.0,199508.39519301604
aluminum_Region18Hunan_aluminum_Region11Zhejiang,0.0,0.0,0.0,199809.55568442872,0.0,0.0,0.0,199809.55568442872
aluminum_Region18Hunan_aluminum_Region12Anhui,0.0,0.0,0.0,174693.1476584212,0.0,0.0,0.0,174693.1476584212
aluminum_Region18Hunan_aluminum_Region13Fujian,0.0,0.0,0.0,326410.7144765489,0.0,0.0,0.0,326410.7144765489
aluminum_Region18Hunan_aluminum_Region14Jiangxi,0.0,0.0,0.0,215449.93579073207,0.0,0.0,0.0,215449.93579073207
aluminum_Region18Hunan_aluminum_Region15Shandong,0.0,0.0,0.0,125300.54242257394,0.0,0.0,0.0,125300.54242257394
aluminum_Region18Hunan_aluminum_Region16Henan,0.0,0.0,0.0,102378.6496144846,0.0,0.0,0.0,102378.6496144846
aluminum_Region18Hunan_aluminum_Region17Hubei,0.0,0.0,0.0,149226.08369165304,0.0,0.0,0.0,149226.08369165304
aluminum_Region18Hunan_aluminum_Region19Guangdong,0.0,0.0,0.0,224247.4600578642,0.0,0.0,0.0,224247.4600578642
aluminum_Region18Hunan_aluminum_Region20Guangxi,0.0,0.0,0.0,118857.81178166035,0.0,0.0,0.0,118857.81178166035
aluminum_Region18Hunan_aluminum_Region21Hainan,0.0,0.0,0.0,130370.00974886578,0.0,0.0,0.0,130370.00974886578
aluminum_Region18Hunan_aluminum_Region22Chongqing,0.0,0.0,0.0,99184.30936787599,0.0,0.0,0.0,99184.30936787599
aluminum_Region18Hunan_aluminum_Region23Sichuan,0.0,0.0,0.0,147181.37396296632,0.0,0.0,0.0,147181.37396296632
aluminum_Region18Hunan_aluminum_Region24Guizhou,0.0,0.0,0.0,85676.96083324167,0.0,0.0,0.0,85676.96083324167
aluminum_Region18Hunan_aluminum_Region25Yunnan,0.0,0.0,0.0,145403.96752282523,0.0,0.0,0.0,145403.96752282523
aluminum_Region18Hunan_aluminum_Region27Shaanxi,0.0,0.0,0.0,116166.49374448317,0.0,0.0,0.0,116166.49374448317
aluminum_Region18Hunan_aluminum_Region28Gansu,0.0,0.0,0.0,141710.71988997865,0.0,0.0,0.0,141710.71988997865
aluminum_Region18Hunan_aluminum_Region29Qinghai,0.0,0.0,0.0,157199.01080743092,0.0,0.0,0.0,157199.01080743092
aluminum_Region18Hunan_aluminum_Region30Ningxia,0.0,0.0,0.0,147086.81923204073,0.0,0.0,0.0,147086.81923204073
aluminum_Region18Hunan_aluminum_Region31Xinjiang,0.0,0.0,0.0,166064.23453954767,0.0,0.0,0.0,166064.23453954767
aluminum_Region19Guangdong_aluminum_Region1Beijing,0.0,0.0,0.0,131829.67905314226,0.0,0.0,0.0,131829.67905314226
aluminum_Region19Guangdong_aluminum_Region2Tianjin,0.0,0.0,0.0,132798.16602498307,0.0,0.0,0.0,132798.16602498307
aluminum_Region19Guangdong_aluminum_Region3Hebei,0.0,0.0,0.0,115640.9315385416,0.0,0.0,0.0,115640.9315385416
aluminum_Region19Guangdong_aluminum_Region4Shanxi,0.0,0.0,0.0,108039.68647857188,0.0,0.0,0.0,108039.68647857188
aluminum_Region19Guangdong_aluminum_Region5Innermongolia,0.0,0.0,0.0,122106.43465118202,0.0,0.0,0.0,122106.43465118202
aluminum_Region19Guangdong_aluminum_Region6Liaoning,0.0,0.0,0.0,156873.7772076655,0.0,0.0,0.0,156873.7772076655
aluminum_Region19Guangdong_aluminum_Region7Jilin,0.0,0.0,0.0,145861.3643867397,0.0,0.0,0.0,145861.3643867397
aluminum_Region19Guangdong_aluminum_Region8Heilongjiang,0.0,0.0,0.0,154123.9909802295,0.0,0.0,0.0,154123.9909802295
aluminum_Region19Guangdong_aluminum_Region9Shanghai,0.0,0.0,0.0,174721.06052577696,0.0,0.0,0.0,174721.06052577696
aluminum_Region19Guangdong_aluminum_Region10Jiangsu,0.0,0.0,0.0,163458.81956857615,0.0,0.0,0.0,163458.81956857615
aluminum_Region19Guangdong_aluminum_Region11Zhejiang,0.0,0.0,0.0,164196.6614297279,0.0,0.0,0.0,164196.6614297279
aluminum_Region19Guangdong_aluminum_Region12Anhui,0.0,0.0,0.0,150900.0074169518,0.0,0.0,0.0,150900.0074169518
aluminum_Region19Guangdong_aluminum_Region13Fujian,0.0,0.0,0.0,234711.09244575092,0.0,0.0,0.0,234711.09244575092
aluminum_Region19Guangdong_aluminum_Region14Jiangxi,0.0,0.0,0.0,148036.8617523246,0.0,0.0,0.0,148036.8617523246
aluminum_Region19Guangdong_aluminum_Region15Shandong,0.0,0.0,0.0,129132.85279908976,0.0,0.0,0.0,129132.85279908976
aluminum_Region19Guangdong_aluminum_Region16Henan,0.0,0.0,0.0,114584.40576610698,0.0,0.0,0.0,114584.40576610698
aluminum_Region19Guangdong_aluminum_Region17Hubei,0.0,0.0,0.0,139648.09793131062,0.0,0.0,0.0,139648.09793131062
aluminum_Region19Guangdong_aluminum_Region18Hunan,0.0,0.0,0.0,130273.1963976122,0.0,0.0,0.0,130273.1963976122
aluminum_Region19Guangdong_aluminum_Region20Guangxi,0.0,0.0,0.0,84331.37964549418,0.0,0.0,0.0,84331.37964549418
aluminum_Region19Guangdong_aluminum_Region21Hainan,0.0,0.0,0.0,89210.25082893377,0.0,0.0,0.0,89210.25082893377
aluminum_Region19Guangdong_aluminum_Region22Chongqing,0.0,0.0,0.0,108005.10711070086,0.0,0.0,0.0,108005.10711070086
aluminum_Region19Guangdong_aluminum_Region23Sichuan,0.0,0.0,0.0,139965.98172494693,0.0,0.0,0.0,139965.98172494693
aluminum_Region19Guangdong_aluminum_Region24Guizhou,0.0,0.0,0.0,80358.05946296478,0.0,0.0,0.0,80358.05946296478
aluminum_Region19Guangdong_aluminum_Region25Yunnan,0.0,0.0,0.0,132513.63666105922,0.0,0.0,0.0,132513.63666105922
aluminum_Region19Guangdong_aluminum_Region27Shaanxi,0.0,0.0,0.0,123798.51286369747,0.0,0.0,0.0,123798.51286369747
aluminum_Region19Guangdong_aluminum_Region28Gansu,0.0,0.0,0.0,140303.17211385237,0.0,0.0,0.0,140303.17211385237
aluminum_Region19Guangdong_aluminum_Region29Qinghai,0.0,0.0,0.0,151400.34712659824,0.0,0.0,0.0,151400.34712659824
aluminum_Region19Guangdong_aluminum_Region30Ningxia,0.0,0.0,0.0,144404.4908180736,0.0,0.0,0.0,144404.4908180736
aluminum_Region19Guangdong_aluminum_Region31Xinjiang,0.0,0.0,0.0,161082.43014221403,0.0,0.0,0.0,161082.43014221403
aluminum_Region20Guangxi_aluminum_Region1Beijing,0.0,0.0,0.0,165326.69040422578,0.0,0.0,0.0,165326.69040422578
aluminum_Region20Guangxi_aluminum_Region2Tianjin,0.0,0.0,0.0,167155.48191046235,0.0,0.0,0.0,167155.48191046235
aluminum_Region20Guangxi_aluminum_Region3Hebei,0.0,0.0,0.0,147477.40197709642,0.0,0.0,0.0,147477.40197709642
aluminum_Region20Guangxi_aluminum_Region4Shanxi,0.0,0.0,0.0,134661.41963415866,0.0,0.0,0.0,134661.41963415866
aluminum_Region20Guangxi_aluminum_Region5Innermongolia,0.0,0.0,0.0,148355.68323813123,0.0,0.0,0.0,148355.68323813123
aluminum_Region20Guangxi_aluminum_Region6Liaoning,0.0,0.0,0.0,190766.97745965494,0.0,0.0,0.0,190766.97745965494
aluminum_Region20Guangxi_aluminum_Region7Jilin,0.0,0.0,0.0,172371.90719617595,0.0,0.0,0.0,172371.90719617595
aluminum_Region20Guangxi_aluminum_Region8Heilongjiang,0.0,0.0,0.0,180887.20005325726,0.0,0.0,0.0,180887.20005325726
aluminum_Region20Guangxi_aluminum_Region9Shanghai,0.0,0.0,0.0,253402.8389327862,0.0,0.0,0.0,253402.8389327862
aluminum_Region20Guangxi_aluminum_Region10Jiangsu,0.0,0.0,0.0,247104.27902306386,0.0,0.0,0.0,247104.27902306386
aluminum_Region20Guangxi_aluminum_Region11Zhejiang,0.0,0.0,0.0,248718.82850692887,0.0,0.0,0.0,248718.82850692887
aluminum_Region20Guangxi_aluminum_Region12Anhui,0.0,0.0,0.0,234073.43061604348,0.0,0.0,0.0,234073.43061604348
aluminum_Region20Guangxi_aluminum_Region13Fujian,0.0,0.0,0.0,394165.4914383411,0.0,0.0,0.0,394165.4914383411
aluminum_Region20Guangxi_aluminum_Region14Jiangxi,0.0,0.0,0.0,284500.11446359154,0.0,0.0,0.0,284500.11446359154
aluminum_Region20Guangxi_aluminum_Region15Shandong,0.0,0.0,0.0,168179.95201042946,0.0,0.0,0.0,168179.95201042946
aluminum_Region20Guangxi_aluminum_Region16Henan,0.0,0.0,0.0,157939.0722731409,0.0,0.0,0.0,157939.0722731409
aluminum_Region20Guangxi_aluminum_Region17Hubei,0.0,0.0,0.0,244927.47312456582,0.0,0.0,0.0,244927.47312456582
aluminum_Region20Guangxi_aluminum_Region18Hunan,0.0,0.0,0.0,305019.13973876415,0.0,0.0,0.0,305019.13973876415
aluminum_Region20Guangxi_aluminum_Region19Guangdong,0.0,0.0,0.0,1.4178848501624158e8,0.0,0.0,0.0,1.4178848501624158e8
aluminum_Region20Guangxi_aluminum_Region21Hainan,0.0,0.0,0.0,180254.0432936734,0.0,0.0,0.0,180254.0432936734
aluminum_Region20Guangxi_aluminum_Region22Chongqing,0.0,0.0,0.0,142882.98071956798,0.0,0.0,0.0,142882.98071956798
aluminum_Region20Guangxi_aluminum_Region23Sichuan,0.0,0.0,0.0,205652.86296142568,0.0,0.0,0.0,205652.86296142568
aluminum_Region20Guangxi_aluminum_Region24Guizhou,0.0,0.0,0.0,86451.14798845968,0.0,0.0,0.0,86451.14798845968
aluminum_Region20Guangxi_aluminum_Region25Yunnan,0.0,0.0,0.0,215388.58928275577,0.0,0.0,0.0,215388.58928275577
aluminum_Region20Guangxi_aluminum_Region27Shaanxi,0.0,0.0,0.0,163993.07076243765,0.0,0.0,0.0,163993.07076243765
aluminum_Region20Guangxi_aluminum_Region28Gansu,0.0,0.0,0.0,176833.39832136297,0.0,0.0,0.0,176833.39832136297
aluminum_Region20Guangxi_aluminum_Region29Qinghai,0.0,0.0,0.0,192530.2449465751,0.0,0.0,0.0,192530.2449465751
aluminum_Region20Guangxi_aluminum_Region30Ningxia,0.0,0.0,0.0,182632.80731587383,0.0,0.0,0.0,182632.80731587383
aluminum_Region20Guangxi_aluminum_Region31Xinjiang,0.0,0.0,0.0,185392.89766078364,0.0,0.0,0.0,185392.89766078364
aluminum_Region21Hainan_aluminum_Region1Beijing,0.0,0.0,0.0,164431.30186989083,0.0,0.0,0.0,164431.30186989083
aluminum_Region21Hainan_aluminum_Region2Tianjin,0.0,0.0,0.0,166020.98175550613,0.0,0.0,0.0,166020.98175550613
aluminum_Region21Hainan_aluminum_Region3Hebei,0.0,0.0,0.0,147992.29810093282,0.0,0.0,0.0,147992.29810093282
aluminum_Region21Hainan_aluminum_Region4Shanxi,0.0,0.0,0.0,137071.8309379382,0.0,0.0,0.0,137071.8309379382
aluminum_Region21Hainan_aluminum_Region5Innermongolia,0.0,0.0,0.0,149491.72306240647,0.0,0.0,0.0,149491.72306240647
aluminum_Region21Hainan_aluminum_Region6Liaoning,0.0,0.0,0.0,187381.29533889354,0.0,0.0,0.0,187381.29533889354
aluminum_Region21Hainan_aluminum_Region7Jilin,0.0,0.0,0.0,171141.75040741864,0.0,0.0,0.0,171141.75040741864
aluminum_Region21Hainan_aluminum_Region8Heilongjiang,0.0,0.0,0.0,178953.91308120958,0.0,0.0,0.0,178953.91308120958
aluminum_Region21Hainan_aluminum_Region9Shanghai,0.0,0.0,0.0,238459.96058989083,0.0,0.0,0.0,238459.96058989083
aluminum_Region21Hainan_aluminum_Region10Jiangsu,0.0,0.0,0.0,225938.69755994232,0.0,0.0,0.0,225938.69755994232
aluminum_Region21Hainan_aluminum_Region11Zhejiang,0.0,0.0,0.0,232477.20770210793,0.0,0.0,0.0,232477.20770210793
aluminum_Region21Hainan_aluminum_Region12Anhui,0.0,0.0,0.0,215628.2533958227,0.0,0.0,0.0,215628.2533958227
aluminum_Region21Hainan_aluminum_Region13Fujian,0.0,0.0,0.0,372252.53966348234,0.0,0.0,0.0,372252.53966348234
aluminum_Region21Hainan_aluminum_Region14Jiangxi,0.0,0.0,0.0,247192.63476631895,0.0,0.0,0.0,247192.63476631895
aluminum_Region21Hainan_aluminum_Region15Shandong,0.0,0.0,0.0,166477.70011412507,0.0,0.0,0.0,166477.70011412507
aluminum_Region21Hainan_aluminum_Region16Henan,0.0,0.0,0.0,155021.93155481367,0.0,0.0,0.0,155021.93155481367
aluminum_Region21Hainan_aluminum_Region17Hubei,0.0,0.0,0.0,213734.56479363778,0.0,0.0,0.0,213734.56479363778
aluminum_Region21Hainan_aluminum_Region18Hunan,0.0,0.0,0.0,235620.16718639096,0.0,0.0,0.0,235620.16718639096
aluminum_Region21Hainan_aluminum_Region19Guangdong,0.0,0.0,0.0,2.9273284068408296e6,0.0,0.0,0.0,2.9273284068408296e6
aluminum_Region21Hainan_aluminum_Region20Guangxi,0.0,0.0,0.0,167662.2662946721,0.0,0.0,0.0,167662.2662946721
aluminum_Region21Hainan_aluminum_Region22Chongqing,0.0,0.0,0.0,147277.28542257592,0.0,0.0,0.0,147277.28542257592
aluminum_Region21Hainan_aluminum_Region23Sichuan,0.0,0.0,0.0,190024.5559535949,0.0,0.0,0.0,190024.5559535949
aluminum_Region21Hainan_aluminum_Region24Guizhou,0.0,0.0,0.0,102953.59317386523,0.0,0.0,0.0,102953.59317386523
aluminum_Region21Hainan_aluminum_Region25Yunnan,0.0,0.0,0.0,193692.4754231591,0.0,0.0,0.0,193692.4754231591
aluminum_Region21Hainan_aluminum_Region27Shaanxi,0.0,0.0,0.0,163468.25645369187,0.0,0.0,0.0,163468.25645369187
aluminum_Region21Hainan_aluminum_Region28Gansu,0.0,0.0,0.0,174029.55348586413,0.0,0.0,0.0,174029.55348586413
aluminum_Region21Hainan_aluminum_Region29Qinghai,0.0,0.0,0.0,186567.6210800612,0.0,0.0,0.0,186567.6210800612
aluminum_Region21Hainan_aluminum_Region30Ningxia,0.0,0.0,0.0,178961.69990857827,0.0,0.0,0.0,178961.69990857827
aluminum_Region21Hainan_aluminum_Region31Xinjiang,0.0,0.0,0.0,182750.2332313735,0.0,0.0,0.0,182750.2332313735
aluminum_Region22Chongqing_aluminum_Region1Beijing,0.0,0.0,0.0,177608.74584887756,0.0,0.0,0.0,177608.74584887756
aluminum_Region22Chongqing_aluminum_Region2Tianjin,0.0,0.0,0.0,180451.96426945613,0.0,0.0,0.0,180451.96426945613
aluminum_Region22Chongqing_aluminum_Region3Hebei,0.0,0.0,0.0,152002.6047187831,0.0,0.0,0.0,152002.6047187831
aluminum_Region22Chongqing_aluminum_Region4Shanxi,0.0,0.0,0.0,130643.67794976683,0.0,0.0,0.0,130643.67794976683
aluminum_Region22Chongqing_aluminum_Region5Innermongolia,0.0,0.0,0.0,150822.37041805143,0.0,0.0,0.0,150822.37041805143
aluminum_Region22Chongqing_aluminum_Region6Liaoning,0.0,0.0,0.0,209194.42566599368,0.0,0.0,0.0,209194.42566599368
aluminum_Region22Chongqing_aluminum_Region7Jilin,0.0,0.0,0.0,182207.32770077934,0.0,0.0,0.0,182207.32770077934
aluminum_Region22Chongqing_aluminum_Region8Heilongjiang,0.0,0.0,0.0,192308.40455497854,0.0,0.0,0.0,192308.40455497854
aluminum_Region22Chongqing_aluminum_Region9Shanghai,0.0,0.0,0.0,318183.7665031794,0.0,0.0,0.0,318183.7665031794
aluminum_Region22Chongqing_aluminum_Region10Jiangsu,0.0,0.0,0.0,331609.49445844407,0.0,0.0,0.0,331609.49445844407
aluminum_Region22Chongqing_aluminum_Region11Zhejiang,0.0,0.0,0.0,304749.18550090375,0.0,0.0,0.0,304749.18550090375
aluminum_Region22Chongqing_aluminum_Region12Anhui,0.0,0.0,0.0,318677.3407886802,0.0,0.0,0.0,318677.3407886802
aluminum_Region22Chongqing_aluminum_Region13Fujian,0.0,0.0,0.0,422082.67679416074,0.0,0.0,0.0,422082.67679416074
aluminum_Region22Chongqing_aluminum_Region14Jiangxi,0.0,0.0,0.0,393004.74121283635,0.0,0.0,0.0,393004.74121283635
aluminum_Region22Chongqing_aluminum_Region15Shandong,0.0,0.0,0.0,184551.28882810325,0.0,0.0,0.0,184551.28882810325
aluminum_Region22Chongqing_aluminum_Region16Henan,0.0,0.0,0.0,167469.12218557933,0.0,0.0,0.0,167469.12218557933
aluminum_Region22Chongqing_aluminum_Region17Hubei,0.0,0.0,0.0,405497.9240228884,0.0,0.0,0.0,405497.9240228884
aluminum_Region22Chongqing_aluminum_Region18Hunan,0.0,0.0,0.0,645628.3286689795,0.0,0.0,0.0,645628.3286689795
aluminum_Region22Chongqing_aluminum_Region19Guangdong,0.0,0.0,0.0,407425.64805330225,0.0,0.0,0.0,407425.64805330225
aluminum_Region22Chongqing_aluminum_Region20Guangxi,0.0,0.0,0.0,205157.13878487647,0.0,0.0,0.0,205157.13878487647
aluminum_Region22Chongqing_aluminum_Region21Hainan,0.0,0.0,0.0,197177.34390802294,0.0,0.0,0.0,197177.34390802294
aluminum_Region22Chongqing_aluminum_Region23Sichuan,0.0,0.0,0.0,9.09839992228305e7,0.0,0.0,0.0,9.09839992228305e7
aluminum_Region22Chongqing_aluminum_Region24Guizhou,0.0,0.0,0.0,83124.16155306174,0.0,0.0,0.0,83124.16155306174
aluminum_Region22Chongqing_aluminum_Region25Yunnan,0.0,0.0,0.0,264582.81968188565,0.0,0.0,0.0,264582.81968188565
aluminum_Region22Chongqing_aluminum_Region27Shaanxi,0.0,0.0,0.0,187127.14090497032,0.0,0.0,0.0,187127.14090497032
aluminum_Region22Chongqing_aluminum_Region28Gansu,0.0,0.0,0.0,214281.35015601016,0.0,0.0,0.0,214281.35015601016
aluminum_Region22Chongqing_aluminum_Region29Qinghai,0.0,0.0,0.0,246649.45327341263,0.0,0.0,0.0,246649.45327341263
aluminum_Region22Chongqing_aluminum_Region30Ningxia,0.0,0.0,0.0,221166.99715941024,0.0,0.0,0.0,221166.99715941024
aluminum_Region22Chongqing_aluminum_Region31Xinjiang,0.0,0.0,0.0,200463.85138798712,0.0,0.0,0.0,200463.85138798712
aluminum_Region23Sichuan_aluminum_Region1Beijing,0.0,0.0,0.0,147288.08781591302,0.0,0.0,0.0,147288.08781591302
aluminum_Region23Sichuan_aluminum_Region2Tianjin,0.0,0.0,0.0,149387.22881661684,0.0,0.0,0.0,149387.22881661684
aluminum_Region23Sichuan_aluminum_Region3Hebei,0.0,0.0,0.0,126057.239058015,0.0,0.0,0.0,126057.239058015
aluminum_Region23Sichuan_aluminum_Region4Shanxi,0.0,0.0,0.0,108800.93439239096,0.0,0.0,0.0,108800.93439239096
aluminum_Region23Sichuan_aluminum_Region5Innermongolia,0.0,0.0,0.0,127054.01102311556,0.0,0.0,0.0,127054.01102311556
aluminum_Region23Sichuan_aluminum_Region6Liaoning,0.0,0.0,0.0,177628.60155834196,0.0,0.0,0.0,177628.60155834196
aluminum_Region23Sichuan_aluminum_Region7Jilin,0.0,0.0,0.0,160124.29852099626,0.0,0.0,0.0,160124.29852099626
aluminum_Region23Sichuan_aluminum_Region8Heilongjiang,0.0,0.0,0.0,169651.52088631992,0.0,0.0,0.0,169651.52088631992
aluminum_Region23Sichuan_aluminum_Region9Shanghai,0.0,0.0,0.0,216090.3158443795,0.0,0.0,0.0,216090.3158443795
aluminum_Region23Sichuan_aluminum_Region10Jiangsu,0.0,0.0,0.0,212692.76265137483,0.0,0.0,0.0,212692.76265137483
aluminum_Region23Sichuan_aluminum_Region11Zhejiang,0.0,0.0,0.0,207918.8137991431,0.0,0.0,0.0,207918.8137991431
aluminum_Region23Sichuan_aluminum_Region12Anhui,0.0,0.0,0.0,200578.82100989998,0.0,0.0,0.0,200578.82100989998
aluminum_Region23Sichuan_aluminum_Region13Fujian,0.0,0.0,0.0,247114.69424866277,0.0,0.0,0.0,247114.69424866277
aluminum_Region23Sichuan_aluminum_Region14Jiangxi,0.0,0.0,0.0,211229.58704340018,0.0,0.0,0.0,211229.58704340018
aluminum_Region23Sichuan_aluminum_Region15Shandong,0.0,0.0,0.0,148912.94159678515,0.0,0.0,0.0,148912.94159678515
aluminum_Region23Sichuan_aluminum_Region16Henan,0.0,0.0,0.0,132184.66002499126,0.0,0.0,0.0,132184.66002499126
aluminum_Region23Sichuan_aluminum_Region17Hubei,0.0,0.0,0.0,200923.7599119984,0.0,0.0,0.0,200923.7599119984
aluminum_Region23Sichuan_aluminum_Region18Hunan,0.0,0.0,0.0,206756.32461074894,0.0,0.0,0.0,206756.32461074894
aluminum_Region23Sichuan_aluminum_Region19Guangdong,0.0,0.0,0.0,221637.97747647457,0.0,0.0,0.0,221637.97747647457
aluminum_Region23Sichuan_aluminum_Region20Guangxi,0.0,0.0,0.0,145827.4427480867,0.0,0.0,0.0,145827.4427480867
aluminum_Region23Sichuan_aluminum_Region21Hainan,0.0,0.0,0.0,154738.69429963696,0.0,0.0,0.0,154738.69429963696
aluminum_Region23Sichuan_aluminum_Region22Chongqing,0.0,0.0,0.0,85015.71962138363,0.0,0.0,0.0,85015.71962138363
aluminum_Region23Sichuan_aluminum_Region24Guizhou,0.0,0.0,0.0,85489.67906735986,0.0,0.0,0.0,85489.67906735986
aluminum_Region23Sichuan_aluminum_Region25Yunnan,0.0,0.0,0.0,160322.77221865085,0.0,0.0,0.0,160322.77221865085
aluminum_Region23Sichuan_aluminum_Region27Shaanxi,0.0,0.0,0.0,122631.25166246275,0.0,0.0,0.0,122631.25166246275
aluminum_Region23Sichuan_aluminum_Region28Gansu,0.0,0.0,0.0,144373.95412569182,0.0,0.0,0.0,144373.95412569182
aluminum_Region23Sichuan_aluminum_Region29Qinghai,0.0,0.0,0.0,173013.16900496357,0.0,0.0,0.0,173013.16900496357
aluminum_Region23Sichuan_aluminum_Region30Ningxia,0.0,0.0,0.0,160120.13776162185,0.0,0.0,0.0,160120.13776162185
aluminum_Region23Sichuan_aluminum_Region31Xinjiang,0.0,0.0,0.0,175361.56565462108,0.0,0.0,0.0,175361.56565462108
aluminum_Region24Guizhou_aluminum_Region1Beijing,0.0,0.0,0.0,198788.56112417436,0.0,0.0,0.0,198788.56112417436
aluminum_Region24Guizhou_aluminum_Region2Tianjin,0.0,0.0,0.0,202437.61814971644,0.0,0.0,0.0,202437.61814971644
aluminum_Region24Guizhou_aluminum_Region3Hebei,0.0,0.0,0.0,175634.87008979265,0.0,0.0,0.0,175634.87008979265
aluminum_Region24Guizhou_aluminum_Region4Shanxi,0.0,0.0,0.0,154946.6486672788,0.0,0.0,0.0,154946.6486672788
aluminum_Region24Guizhou_aluminum_Region5Innermongolia,0.0,0.0,0.0,170967.27806209167,0.0,0.0,0.0,170967.27806209167
aluminum_Region24Guizhou_aluminum_Region6Liaoning,0.0,0.0,0.0,227759.30392274263,0.0,0.0,0.0,227759.30392274263
aluminum_Region24Guizhou_aluminum_Region7Jilin,0.0,0.0,0.0,196853.52696230134,0.0,0.0,0.0,196853.52696230134
aluminum_Region24Guizhou_aluminum_Region8Heilongjiang,0.0,0.0,0.0,206406.70520471578,0.0,0.0,0.0,206406.70520471578
aluminum_Region24Guizhou_aluminum_Region9Shanghai,0.0,0.0,0.0,378272.43479332636,0.0,0.0,0.0,378272.43479332636
aluminum_Region24Guizhou_aluminum_Region10Jiangsu,0.0,0.0,0.0,405025.6398023699,0.0,0.0,0.0,405025.6398023699
aluminum_Region24Guizhou_aluminum_Region11Zhejiang,0.0,0.0,0.0,380142.546336693,0.0,0.0,0.0,380142.546336693
aluminum_Region24Guizhou_aluminum_Region12Anhui,0.0,0.0,0.0,397453.05293731217,0.0,0.0,0.0,397453.05293731217
aluminum_Region24Guizhou_aluminum_Region13Fujian,0.0,0.0,0.0,765738.9324808201,0.0,0.0,0.0,765738.9324808201
aluminum_Region24Guizhou_aluminum_Region14Jiangxi,0.0,0.0,0.0,707268.4985385978,0.0,0.0,0.0,707268.4985385978
aluminum_Region24Guizhou_aluminum_Region15Shandong,0.0,0.0,0.0,210876.1972462226,0.0,0.0,0.0,210876.1972462226
aluminum_Region24Guizhou_aluminum_Region16Henan,0.0,0.0,0.0,206279.35120391348,0.0,0.0,0.0,206279.35120391348
aluminum_Region24Guizhou_aluminum_Region17Hubei,0.0,0.0,0.0,623459.295977229,0.0,0.0,0.0,623459.295977229
aluminum_Region24Guizhou_aluminum_Region18Hunan,0.0,0.0,0.0,3.914375212042678e7,0.0,0.0,0.0,3.914375212042678e7
aluminum_Region24Guizhou_aluminum_Region19Guangdong,0.0,0.0,0.0,6.883844963586581e7,0.0,0.0,0.0,6.883844963586581e7
aluminum_Region24Guizhou_aluminum_Region20Guangxi,0.0,0.0,0.0,494577.3615660199,0.0,0.0,0.0,494577.3615660199
aluminum_Region24Guizhou_aluminum_Region21Hainan,0.0,0.0,0.0,277406.74033134856,0.0,0.0,0.0,277406.74033134856
aluminum_Region24Guizhou_aluminum_Region22Chongqing,0.0,0.0,0.0,363680.5186209081,0.0,0.0,0.0,363680.5186209081
aluminum_Region24Guizhou_aluminum_Region23Sichuan,0.0,0.0,0.0,1.6837959674189894e6,0.0,0.0,0.0,1.6837959674189894e6
aluminum_Region24Guizhou_aluminum_Region25Yunnan,0.0,0.0,0.0,4.534199211051833e7,0.0,0.0,0.0,4.534199211051833e7
aluminum_Region24Guizhou_aluminum_Region27Shaanxi,0.0,0.0,0.0,238608.84657489185,0.0,0.0,0.0,238608.84657489185
aluminum_Region24Guizhou_aluminum_Region28Gansu,0.0,0.0,0.0,251654.91451613393,0.0,0.0,0.0,251654.91451613393
aluminum_Region24Guizhou_aluminum_Region29Qinghai,0.0,0.0,0.0,278945.40757788013,0.0,0.0,0.0,278945.40757788013
aluminum_Region24Guizhou_aluminum_Region30Ningxia,0.0,0.0,0.0,251888.7157353307,0.0,0.0,0.0,251888.7157353307
aluminum_Region24Guizhou_aluminum_Region31Xinjiang,0.0,0.0,0.0,214260.77632325471,0.0,0.0,0.0,214260.77632325471
aluminum_Region25Yunnan_aluminum_Region1Beijing,0.0,0.0,0.0,156604.87079414973,0.0,0.0,0.0,156604.87079414973
aluminum_Region25Yunnan_aluminum_Region2Tianjin,0.0,0.0,0.0,158203.68155082932,0.0,0.0,0.0,158203.68155082932
aluminum_Region25Yunnan_aluminum_Region3Hebei,0.0,0.0,0.0,140329.90215560183,0.0,0.0,0.0,140329.90215560183
aluminum_Region25Yunnan_aluminum_Region4Shanxi,0.0,0.0,0.0,127334.58022411024,0.0,0.0,0.0,127334.58022411024
aluminum_Region25Yunnan_aluminum_Region5Innermongolia,0.0,0.0,0.0,140603.1896172136,0.0,0.0,0.0,140603.1896172136
aluminum_Region25Yunnan_aluminum_Region6Liaoning,0.0,0.0,0.0,179573.62236292614,0.0,0.0,0.0,179573.62236292614
aluminum_Region25Yunnan_aluminum_Region7Jilin,0.0,0.0,0.0,165091.66807104394,0.0,0.0,0.0,165091.66807104394
aluminum_Region25Yunnan_aluminum_Region8Heilongjiang,0.0,0.0,0.0,172769.5012147416,0.0,0.0,0.0,172769.5012147416
aluminum_Region25Yunnan_aluminum_Region9Shanghai,0.0,0.0,0.0,212146.9383237969,0.0,0.0,0.0,212146.9383237969
aluminum_Region25Yunnan_aluminum_Region10Jiangsu,0.0,0.0,0.0,206267.45371353588,0.0,0.0,0.0,206267.45371353588
aluminum_Region25Yunnan_aluminum_Region11Zhejiang,0.0,0.0,0.0,206126.8921910296,0.0,0.0,0.0,206126.8921910296
aluminum_Region25Yunnan_aluminum_Region12Anhui,0.0,0.0,0.0,197010.42064551247,0.0,0.0,0.0,197010.42064551247
aluminum_Region25Yunnan_aluminum_Region13Fujian,0.0,0.0,0.0,251418.39659269433,0.0,0.0,0.0,251418.39659269433
aluminum_Region25Yunnan_aluminum_Region14Jiangxi,0.0,0.0,0.0,210821.2144539346,0.0,0.0,0.0,210821.2144539346
aluminum_Region25Yunnan_aluminum_Region15Shandong,0.0,0.0,0.0,157652.3212362374,0.0,0.0,0.0,157652.3212362374
aluminum_Region25Yunnan_aluminum_Region16Henan,0.0,0.0,0.0,146187.70144486285,0.0,0.0,0.0,146187.70144486285
aluminum_Region25Yunnan_aluminum_Region17Hubei,0.0,0.0,0.0,194645.14874171,0.0,0.0,0.0,194645.14874171
aluminum_Region25Yunnan_aluminum_Region18Hunan,0.0,0.0,0.0,205343.2350006677,0.0,0.0,0.0,205343.2350006677
aluminum_Region25Yunnan_aluminum_Region19Guangdong,0.0,0.0,0.0,246296.7473587087,0.0,0.0,0.0,246296.7473587087
aluminum_Region25Yunnan_aluminum_Region20Guangxi,0.0,0.0,0.0,136030.45027814974,0.0,0.0,0.0,136030.45027814974
aluminum_Region25Yunnan_aluminum_Region21Hainan,0.0,0.0,0.0,155261.38731172125,0.0,0.0,0.0,155261.38731172125
aluminum_Region25Yunnan_aluminum_Region22Chongqing,0.0,0.0,0.0,116281.26022561628,0.0,0.0,0.0,116281.26022561628
aluminum_Region25Yunnan_aluminum_Region23Sichuan,0.0,0.0,0.0,155952.57418444712,0.0,0.0,0.0,155952.57418444712
aluminum_Region25Yunnan_aluminum_Region24Guizhou,0.0,0.0,0.0,65761.71420034191,0.0,0.0,0.0,65761.71420034191
aluminum_Region25Yunnan_aluminum_Region27Shaanxi,0.0,0.0,0.0,146227.2298555554,0.0,0.0,0.0,146227.2298555554
aluminum_Region25Yunnan_aluminum_Region28Gansu,0.0,0.0,0.0,161007.08408669537,0.0,0.0,0.0,161007.08408669537
aluminum_Region25Yunnan_aluminum_Region29Qinghai,0.0,0.0,0.0,177994.68531520752,0.0,0.0,0.0,177994.68531520752
aluminum_Region25Yunnan_aluminum_Region30Ningxia,0.0,0.0,0.0,168478.08232810238,0.0,0.0,0.0,168478.08232810238
aluminum_Region25Yunnan_aluminum_Region31Xinjiang,0.0,0.0,0.0,177709.56607027588,0.0,0.0,0.0,177709.56607027588
aluminum_Region27Shaanxi_aluminum_Region1Beijing,0.0,0.0,0.0,167434.39970685734,0.0,0.0,0.0,167434.39970685734
aluminum_Region27Shaanxi_aluminum_Region2Tianjin,0.0,0.0,0.0,171797.1308250813,0.0,0.0,0.0,171797.1308250813
aluminum_Region27Shaanxi_aluminum_Region3Hebei,0.0,0.0,0.0,127708.94245084404,0.0,0.0,0.0,127708.94245084404
aluminum_Region27Shaanxi_aluminum_Region4Shanxi,0.0,0.0,0.0,94522.45427320262,0.0,0.0,0.0,94522.45427320262
aluminum_Region27Shaanxi_aluminum_Region5Innermongolia,0.0,0.0,0.0,128995.47398572719,0.0,0.0,0.0,128995.47398572719
aluminum_Region27Shaanxi_aluminum_Region6Liaoning,0.0,0.0,0.0,215447.48046453687,0.0,0.0,0.0,215447.48046453687
aluminum_Region27Shaanxi_aluminum_Region7Jilin,0.0,0.0,0.0,177795.04768043637,0.0,0.0,0.0,177795.04768043637
aluminum_Region27Shaanxi_aluminum_Region8Heilongjiang,0.0,0.0,0.0,191032.59121476728,0.0,0.0,0.0,191032.59121476728
aluminum_Region27Shaanxi_aluminum_Region9Shanghai,0.0,0.0,0.0,333084.01406673173,0.0,0.0,0.0,333084.01406673173
aluminum_Region27Shaanxi_aluminum_Region10Jiangsu,0.0,0.0,0.0,384152.64773156005,0.0,0.0,0.0,384152.64773156005
aluminum_Region27Shaanxi_aluminum_Region11Zhejiang,0.0,0.0,0.0,313339.0808545512,0.0,0.0,0.0,313339.0808545512
aluminum_Region27Shaanxi_aluminum_Region12Anhui,0.0,0.0,0.0,370085.88426793594,0.0,0.0,0.0,370085.88426793594
aluminum_Region27Shaanxi_aluminum_Region13Fujian,0.0,0.0,0.0,372810.1324161472,0.0,0.0,0.0,372810.1324161472
aluminum_Region27Shaanxi_aluminum_Region14Jiangxi,0.0,0.0,0.0,350249.60726450727,0.0,0.0,0.0,350249.60726450727
aluminum_Region27Shaanxi_aluminum_Region15Shandong,0.0,0.0,0.0,176395.579771857,0.0,0.0,0.0,176395.579771857
aluminum_Region27Shaanxi_aluminum_Region16Henan,0.0,0.0,0.0,130236.55219706226,0.0,0.0,0.0,130236.55219706226
aluminum_Region27Shaanxi_aluminum_Region17Hubei,0.0,0.0,0.0,443536.59320547956,0.0,0.0,0.0,443536.59320547956
aluminum_Region27Shaanxi_aluminum_Region18Hunan,0.0,0.0,0.0,329658.4903336089,0.0,0.0,0.0,329658.4903336089
aluminum_Region27Shaanxi_aluminum_Region19Guangdong,0.0,0.0,0.0,278510.0072689467,0.0,0.0,0.0,278510.0072689467
aluminum_Region27Shaanxi_aluminum_Region20Guangxi,0.0,0.0,0.0,179528.60383526966,0.0,0.0,0.0,179528.60383526966
aluminum_Region27Shaanxi_aluminum_Region21Hainan,0.0,0.0,0.0,180343.28966462097,0.0,0.0,0.0,180343.28966462097
aluminum_Region27Shaanxi_aluminum_Region22Chongqing,0.0,0.0,0.0,152199.73946013383,0.0,0.0,0.0,152199.73946013383
aluminum_Region27Shaanxi_aluminum_Region23Sichuan,0.0,0.0,0.0,273254.7369126406,0.0,0.0,0.0,273254.7369126406
aluminum_Region27Shaanxi_aluminum_Region24Guizhou,0.0,0.0,0.0,132087.54575245787,0.0,0.0,0.0,132087.54575245787
aluminum_Region27Shaanxi_aluminum_Region25Yunnan,0.0,0.0,0.0,202281.91239965364,0.0,0.0,0.0,202281.91239965364
aluminum_Region27Shaanxi_aluminum_Region28Gansu,0.0,0.0,0.0,212854.48161154208,0.0,0.0,0.0,212854.48161154208
aluminum_Region27Shaanxi_aluminum_Region29Qinghai,0.0,0.0,0.0,261433.15082546225,0.0,0.0,0.0,261433.15082546225
aluminum_Region27Shaanxi_aluminum_Region30Ningxia,0.0,0.0,0.0,248456.34171177712,0.0,0.0,0.0,248456.34171177712
aluminum_Region27Shaanxi_aluminum_Region31Xinjiang,0.0,0.0,0.0,197458.21017917365,0.0,0.0,0.0,197458.21017917365
aluminum_Region28Gansu_aluminum_Region1Beijing,0.0,0.0,0.0,156169.45814330922,0.0,0.0,0.0,156169.45814330922
aluminum_Region28Gansu_aluminum_Region2Tianjin,0.0,0.0,0.0,159333.64557737866,0.0,0.0,0.0,159333.64557737866
aluminum_Region28Gansu_aluminum_Region3Hebei,0.0,0.0,0.0,129352.95409837722,0.0,0.0,0.0,129352.95409837722
aluminum_Region28Gansu_aluminum_Region4Shanxi,0.0,0.0,0.0,106369.0667722511,0.0,0.0,0.0,106369.0667722511
aluminum_Region28Gansu_aluminum_Region5Innermongolia,0.0,0.0,0.0,121410.07665713041,0.0,0.0,0.0,121410.07665713041
aluminum_Region28Gansu_aluminum_Region6Liaoning,0.0,0.0,0.0,193528.37270338627,0.0,0.0,0.0,193528.37270338627
aluminum_Region28Gansu_aluminum_Region7Jilin,0.0,0.0,0.0,168466.22349223046,0.0,0.0,0.0,168466.22349223046
aluminum_Region28Gansu_aluminum_Region8Heilongjiang,0.0,0.0,0.0,179519.7635910784,0.0,0.0,0.0,179519.7635910784
aluminum_Region28Gansu_aluminum_Region9Shanghai,0.0,0.0,0.0,238826.07493011025,0.0,0.0,0.0,238826.07493011025
aluminum_Region28Gansu_aluminum_Region10Jiangsu,0.0,0.0,0.0,239726.10014379254,0.0,0.0,0.0,239726.10014379254
aluminum_Region28Gansu_aluminum_Region11Zhejiang,0.0,0.0,0.0,228479.46116821864,0.0,0.0,0.0,228479.46116821864
aluminum_Region28Gansu_aluminum_Region12Anhui,0.0,0.0,0.0,227586.76968920272,0.0,0.0,0.0,227586.76968920272
aluminum_Region28Gansu_aluminum_Region13Fujian,0.0,0.0,0.0,260168.75534917173,0.0,0.0,0.0,260168.75534917173
aluminum_Region28Gansu_aluminum_Region14Jiangxi,0.0,0.0,0.0,230504.9636730686,0.0,0.0,0.0,230504.9636730686
aluminum_Region28Gansu_aluminum_Region15Shandong,0.0,0.0,0.0,161347.49657938952,0.0,0.0,0.0,161347.49657938952
aluminum_Region28Gansu_aluminum_Region16Henan,0.0,0.0,0.0,144720.11767416864,0.0,0.0,0.0,144720.11767416864
aluminum_Region28Gansu_aluminum_Region17Hubei,0.0,0.0,0.0,227500.4446754959,0.0,0.0,0.0,227500.4446754959
aluminum_Region28Gansu_aluminum_Region18Hunan,0.0,0.0,0.0,219793.1613248066,0.0,0.0,0.0,219793.1613248066
aluminum_Region28Gansu_aluminum_Region19Guangdong,0.0,0.0,0.0,222560.24093951975,0.0,0.0,0.0,222560.24093951975
aluminum_Region28Gansu_aluminum_Region20Guangxi,0.0,0.0,0.0,167663.24358339264,0.0,0.0,0.0,167663.24358339264
aluminum_Region28Gansu_aluminum_Region21Hainan,0.0,0.0,0.0,170333.4575948985,0.0,0.0,0.0,170333.4575948985
aluminum_Region28Gansu_aluminum_Region22Chongqing,0.0,0.0,0.0,142436.94767109634,0.0,0.0,0.0,142436.94767109634
aluminum_Region28Gansu_aluminum_Region23Sichuan,0.0,0.0,0.0,203830.32273972785,0.0,0.0,0.0,203830.32273972785
aluminum_Region28Gansu_aluminum_Region24Guizhou,0.0,0.0,0.0,129567.44262789813,0.0,0.0,0.0,129567.44262789813
aluminum_Region28Gansu_aluminum_Region25Yunnan,0.0,0.0,0.0,183652.5366404162,0.0,0.0,0.0,183652.5366404162
aluminum_Region28Gansu_aluminum_Region27Shaanxi,0.0,0.0,0.0,141088.31580378205,0.0,0.0,0.0,141088.31580378205
aluminum_Region28Gansu_aluminum_Region29Qinghai,0.0,0.0,0.0,635838.0224101854,0.0,0.0,0.0,635838.0224101854
aluminum_Region28Gansu_aluminum_Region30Ningxia,0.0,0.0,0.0,205232.35892200246,0.0,0.0,0.0,205232.35892200246
aluminum_Region28Gansu_aluminum_Region31Xinjiang,0.0,0.0,0.0,192093.2482147828,0.0,0.0,0.0,192093.2482147828
aluminum_Region29Qinghai_aluminum_Region1Beijing,0.0,0.0,0.0,144487.6589544373,0.0,0.0,0.0,144487.6589544373
aluminum_Region29Qinghai_aluminum_Region2Tianjin,0.0,0.0,0.0,147138.65655314492,0.0,0.0,0.0,147138.65655314492
aluminum_Region29Qinghai_aluminum_Region3Hebei,0.0,0.0,0.0,122268.29965567865,0.0,0.0,0.0,122268.29965567865
aluminum_Region29Qinghai_aluminum_Region4Shanxi,0.0,0.0,0.0,103782.21909694813,0.0,0.0,0.0,103782.21909694813
aluminum_Region29Qinghai_aluminum_Region5Innermongolia,0.0,0.0,0.0,115934.59914854165,0.0,0.0,0.0,115934.59914854165
aluminum_Region29Qinghai_aluminum_Region6Liaoning,0.0,0.0,0.0,177259.8221452396,0.0,0.0,0.0,177259.8221452396
aluminum_Region29Qinghai_aluminum_Region7Jilin,0.0,0.0,0.0,158805.58111041386,0.0,0.0,0.0,158805.58111041386
aluminum_Region29Qinghai_aluminum_Region8Heilongjiang,0.0,0.0,0.0,168816.08980740735,0.0,0.0,0.0,168816.08980740735
aluminum_Region29Qinghai_aluminum_Region9Shanghai,0.0,0.0,0.0,208592.2021731994,0.0,0.0,0.0,208592.2021731994
aluminum_Region29Qinghai_aluminum_Region10Jiangsu,0.0,0.0,0.0,204906.93044331393,0.0,0.0,0.0,204906.93044331393
aluminum_Region29Qinghai_aluminum_Region11Zhejiang,0.0,0.0,0.0,200994.5189637418,0.0,0.0,0.0,200994.5189637418
aluminum_Region29Qinghai_aluminum_Region12Anhui,0.0,0.0,0.0,194691.58970739256,0.0,0.0,0.0,194691.58970739256
aluminum_Region29Qinghai_aluminum_Region13Fujian,0.0,0.0,0.0,226531.85878982022,0.0,0.0,0.0,226531.85878982022
aluminum_Region29Qinghai_aluminum_Region14Jiangxi,0.0,0.0,0.0,199283.66399965555,0.0,0.0,0.0,199283.66399965555
aluminum_Region29Qinghai_aluminum_Region15Shandong,0.0,0.0,0.0,147952.98949418572,0.0,0.0,0.0,147952.98949418572
aluminum_Region29Qinghai_aluminum_Region16Henan,0.0,0.0,0.0,132880.78928773938,0.0,0.0,0.0,132880.78928773938
aluminum_Region29Qinghai_aluminum_Region17Hubei,0.0,0.0,0.0,191319.1615461955,0.0,0.0,0.0,191319.1615461955
aluminum_Region29Qinghai_aluminum_Region18Hunan,0.0,0.0,0.0,190842.25642473105,0.0,0.0,0.0,190842.25642473105
aluminum_Region29Qinghai_aluminum_Region19Guangdong,0.0,0.0,0.0,200406.67383950323,0.0,0.0,0.0,200406.67383950323
aluminum_Region29Qinghai_aluminum_Region20Guangxi,0.0,0.0,0.0,155959.29124593167,0.0,0.0,0.0,155959.29124593167
aluminum_Region29Qinghai_aluminum_Region21Hainan,0.0,0.0,0.0,160197.8884355458,0.0,0.0,0.0,160197.8884355458
aluminum_Region29Qinghai_aluminum_Region22Chongqing,0.0,0.0,0.0,131169.0143077961,0.0,0.0,0.0,131169.0143077961
aluminum_Region29Qinghai_aluminum_Region23Sichuan,0.0,0.0,0.0,164230.7217529295,0.0,0.0,0.0,164230.7217529295
aluminum_Region29Qinghai_aluminum_Region24Guizhou,0.0,0.0,0.0,123238.11535443147,0.0,0.0,0.0,123238.11535443147
aluminum_Region29Qinghai_aluminum_Region25Yunnan,0.0,0.0,0.0,166511.0616878514,0.0,0.0,0.0,166511.0616878514
aluminum_Region29Qinghai_aluminum_Region27Shaanxi,0.0,0.0,0.0,125946.46880080645,0.0,0.0,0.0,125946.46880080645
aluminum_Region29Qinghai_aluminum_Region28Gansu,0.0,0.0,0.0,80360.1479639909,0.0,0.0,0.0,80360.1479639909
aluminum_Region29Qinghai_aluminum_Region30Ningxia,0.0,0.0,0.0,145344.38002596635,0.0,0.0,0.0,145344.38002596635
aluminum_Region29Qinghai_aluminum_Region31Xinjiang,0.0,0.0,0.0,175351.77469905769,0.0,0.0,0.0,175351.77469905769
aluminum_Region30Ningxia_aluminum_Region1Beijing,0.0,0.0,0.0,143371.8449603581,0.0,0.0,0.0,143371.8449603581
aluminum_Region30Ningxia_aluminum_Region2Tianjin,0.0,0.0,0.0,147314.59828974615,0.0,0.0,0.0,147314.59828974615
aluminum_Region30Ningxia_aluminum_Region3Hebei,0.0,0.0,0.0,113075.18769406066,0.0,0.0,0.0,113075.18769406066
aluminum_Region30Ningxia_aluminum_Region4Shanxi,0.0,0.0,0.0,86737.31311828284,0.0,0.0,0.0,86737.31311828284
aluminum_Region30Ningxia_aluminum_Region5Innermongolia,0.0,0.0,0.0,96349.30667018497,0.0,0.0,0.0,96349.30667018497
aluminum_Region30Ningxia_aluminum_Region6Liaoning,0.0,0.0,0.0,189501.1168105658,0.0,0.0,0.0,189501.1168105658
aluminum_Region30Ningxia_aluminum_Region7Jilin,0.0,0.0,0.0,162111.83372954896,0.0,0.0,0.0,162111.83372954896
aluminum_Region30Ningxia_aluminum_Region8Heilongjiang,0.0,0.0,0.0,174981.39163767194,0.0,0.0,0.0,174981.39163767194
aluminum_Region30Ningxia_aluminum_Region9Shanghai,0.0,0.0,0.0,229477.42136711368,0.0,0.0,0.0,229477.42136711368
aluminum_Region30Ningxia_aluminum_Region10Jiangsu,0.0,0.0,0.0,229380.9273513405,0.0,0.0,0.0,229380.9273513405
aluminum_Region30Ningxia_aluminum_Region11Zhejiang,0.0,0.0,0.0,218754.7681161195,0.0,0.0,0.0,218754.7681161195
aluminum_Region30Ningxia_aluminum_Region12Anhui,0.0,0.0,0.0,214872.76299839394,0.0,0.0,0.0,214872.76299839394
aluminum_Region30Ningxia_aluminum_Region13Fujian,0.0,0.0,0.0,247892.53447797045,0.0,0.0,0.0,247892.53447797045
aluminum_Region30Ningxia_aluminum_Region14Jiangxi,0.0,0.0,0.0,217930.4123823681,0.0,0.0,0.0,217930.4123823681
aluminum_Region30Ningxia_aluminum_Region15Shandong,0.0,0.0,0.0,149790.00463948218,0.0,0.0,0.0,149790.00463948218
aluminum_Region30Ningxia_aluminum_Region16Henan,0.0,0.0,0.0,133320.25603394496,0.0,0.0,0.0,133320.25603394496
aluminum_Region30Ningxia_aluminum_Region17Hubei,0.0,0.0,0.0,212528.54881247442,0.0,0.0,0.0,212528.54881247442
aluminum_Region30Ningxia_aluminum_Region18Hunan,0.0,0.0,0.0,207830.9885377706,0.0,0.0,0.0,207830.9885377706
aluminum_Region30Ningxia_aluminum_Region19Guangdong,0.0,0.0,0.0,213772.60617364795,0.0,0.0,0.0,213772.60617364795
aluminum_Region30Ningxia_aluminum_Region20Guangxi,0.0,0.0,0.0,162918.62874568836,0.0,0.0,0.0,162918.62874568836
aluminum_Region30Ningxia_aluminum_Region21Hainan,0.0,0.0,0.0,166077.74400421532,0.0,0.0,0.0,166077.74400421532
aluminum_Region30Ningxia_aluminum_Region22Chongqing,0.0,0.0,0.0,140430.3769056936,0.0,0.0,0.0,140430.3769056936
aluminum_Region30Ningxia_aluminum_Region23Sichuan,0.0,0.0,0.0,185271.55251390248,0.0,0.0,0.0,185271.55251390248
aluminum_Region30Ningxia_aluminum_Region24Guizhou,0.0,0.0,0.0,129965.04731341555,0.0,0.0,0.0,129965.04731341555
aluminum_Region30Ningxia_aluminum_Region25Yunnan,0.0,0.0,0.0,175359.13196607813,0.0,0.0,0.0,175359.13196607813
aluminum_Region30Ningxia_aluminum_Region27Shaanxi,0.0,0.0,0.0,128635.1100949043,0.0,0.0,0.0,128635.1100949043
aluminum_Region30Ningxia_aluminum_Region28Gansu,0.0,0.0,0.0,145846.40179206297,0.0,0.0,0.0,145846.40179206297
aluminum_Region30Ningxia_aluminum_Region29Qinghai,0.0,0.0,0.0,204055.94309511667,0.0,0.0,0.0,204055.94309511667
aluminum_Region30Ningxia_aluminum_Region31Xinjiang,0.0,0.0,0.0,183936.3350419842,0.0,0.0,0.0,183936.3350419842
aluminum_Region31Xinjiang_aluminum_Region1Beijing,0.0,0.0,0.0,153295.36030161876,0.0,0.0,0.0,153295.36030161876
aluminum_Region31Xinjiang_aluminum_Region2Tianjin,0.0,0.0,0.0,155351.63728991617,0.0,0.0,0.0,155351.63728991617
aluminum_Region31Xinjiang_aluminum_Region3Hebei,0.0,0.0,0.0,142476.31070189868,0.0,0.0,0.0,142476.31070189868
aluminum_Region31Xinjiang_aluminum_Region4Shanxi,0.0,0.0,0.0,131515.72767932425,0.0,0.0,0.0,131515.72767932425
aluminum_Region31Xinjiang_aluminum_Region5Innermongolia,0.0,0.0,0.0,134833.44760902203,0.0,0.0,0.0,134833.44760902203
aluminum_Region31Xinjiang_aluminum_Region6Liaoning,0.0,0.0,0.0,173987.40876272335,0.0,0.0,0.0,173987.40876272335
aluminum_Region31Xinjiang_aluminum_Region7Jilin,0.0,0.0,0.0,160939.82961289253,0.0,0.0,0.0,160939.82961289253
aluminum_Region31Xinjiang_aluminum_Region8Heilongjiang,0.0,0.0,0.0,168294.33437375267,0.0,0.0,0.0,168294.33437375267
aluminum_Region31Xinjiang_aluminum_Region9Shanghai,0.0,0.0,0.0,189572.53696485763,0.0,0.0,0.0,189572.53696485763
aluminum_Region31Xinjiang_aluminum_Region10Jiangsu,0.0,0.0,0.0,186865.02903505263,0.0,0.0,0.0,186865.02903505263
aluminum_Region31Xinjiang_aluminum_Region11Zhejiang,0.0,0.0,0.0,185758.61331280347,0.0,0.0,0.0,185758.61331280347
aluminum_Region31Xinjiang_aluminum_Region12Anhui,0.0,0.0,0.0,181655.2452602337,0.0,0.0,0.0,181655.2452602337
aluminum_Region31Xinjiang_aluminum_Region13Fujian,0.0,0.0,0.0,199286.09969742506,0.0,0.0,0.0,199286.09969742506
aluminum_Region31Xinjiang_aluminum_Region14Jiangxi,0.0,0.0,0.0,183984.73240040347,0.0,0.0,0.0,183984.73240040347
aluminum_Region31Xinjiang_aluminum_Region15Shandong,0.0,0.0,0.0,157559.56816106403,0.0,0.0,0.0,157559.56816106403
aluminum_Region31Xinjiang_aluminum_Region16Henan,0.0,0.0,0.0,152760.2840675664,0.0,0.0,0.0,152760.2840675664
aluminum_Region31Xinjiang_aluminum_Region17Hubei,0.0,0.0,0.0,179413.57354763703,0.0,0.0,0.0,179413.57354763703
aluminum_Region31Xinjiang_aluminum_Region18Hunan,0.0,0.0,0.0,180004.12991791585,0.0,0.0,0.0,180004.12991791585
aluminum_Region31Xinjiang_aluminum_Region19Guangdong,0.0,0.0,0.0,186448.57842448633,0.0,0.0,0.0,186448.57842448633
aluminum_Region31Xinjiang_aluminum_Region20Guangxi,0.0,0.0,0.0,161975.73362764038,0.0,0.0,0.0,161975.73362764038
aluminum_Region31Xinjiang_aluminum_Region21Hainan,0.0,0.0,0.0,163996.69453164324,0.0,0.0,0.0,163996.69453164324
aluminum_Region31Xinjiang_aluminum_Region22Chongqing,0.0,0.0,0.0,151529.7018184208,0.0,0.0,0.0,151529.7018184208
aluminum_Region31Xinjiang_aluminum_Region23Sichuan,0.0,0.0,0.0,169856.03738285226,0.0,0.0,0.0,169856.03738285226
aluminum_Region31Xinjiang_aluminum_Region24Guizhou,0.0,0.0,0.0,144483.77758516514,0.0,0.0,0.0,144483.77758516514
aluminum_Region31Xinjiang_aluminum_Region25Yunnan,0.0,0.0,0.0,168297.86938977594,0.0,0.0,0.0,168297.86938977594
aluminum_Region31Xinjiang_aluminum_Region27Shaanxi,0.0,0.0,0.0,152800.43372206858,0.0,0.0,0.0,152800.43372206858
aluminum_Region31Xinjiang_aluminum_Region28Gansu,0.0,0.0,0.0,155606.6356648504,0.0,0.0,0.0,155606.6356648504
aluminum_Region31Xinjiang_aluminum_Region29Qinghai,0.0,0.0,0.0,168629.91361584145,0.0,0.0,0.0,168629.91361584145
aluminum_Region31Xinjiang_aluminum_Region30Ningxia,0.0,0.0,0.0,161470.0198692805,0.0,0.0,0.0,161470.0198692805
aluminumscrap_source_Region1Beijing_aluminumscrap_source_Region2Tianjin,1.5027151690800274e10,0.0,0.0,2.9533492651991073e7,0.0,0.0,0.0,1.5056685183452265e10
aluminumscrap_source_Region1Beijing_aluminumscrap_source_Region3Hebei,5.550118339010231e9,0.0,0.0,2.561659831154377e7,0.0,0.0,0.0,5.5757349373217745e9
aluminumscrap_source_Region1Beijing_aluminumscrap_source_Region4Shanxi,3.62350820556469e9,0.0,0.0,2.8264780358403485e7,0.0,0.0,0.0,3.651772985923094e9
aluminumscrap_source_Region1Beijing_aluminumscrap_source_Region5Innermongolia,3.820581440293174e9,0.0,0.0,2.8852234564090274e7,0.0,0.0,0.0,3.849433674857264e9
aluminumscrap_source_Region1Beijing_aluminumscrap_source_Region6Liaoning,3.07477981148689e9,0.0,0.0,3.367635061284529e7,0.0,0.0,0.0,3.1084561620997353e9
aluminumscrap_source_Region1Beijing_aluminumscrap_source_Region7Jilin,2.7919471021774793e9,0.0,0.0,4.2941055860513106e7,0.0,0.0,0.0,2.8348881580379925e9
aluminumscrap_source_Region1Beijing_aluminumscrap_source_Region8Heilongjiang,2.2284274975425744e9,0.0,0.0,4.323178380118564e7,0.0,0.0,0.0,2.27165928134376e9
aluminumscrap_source_Region1Beijing_aluminumscrap_source_Region9Shanghai,2.433130550269371e9,0.0,0.0,4.73514151805125e7,0.0,0.0,0.0,2.4804819654498835e9
aluminumscrap_source_Region1Beijing_aluminumscrap_source_Region10Jiangsu,2.8351416533199716e9,0.0,0.0,4.49751357100994e7,0.0,0.0,0.0,2.880116789030071e9
aluminumscrap_source_Region1Beijing_aluminumscrap_source_Region11Zhejiang,2.472444100354734e9,0.0,0.0,4.914864514696042e7,0.0,0.0,0.0,2.521592745501694e9
aluminumscrap_source_Region1Beijing_aluminumscrap_source_Region12Anhui,2.8298120822539473e9,0.0,0.0,4.560735313700125e7,0.0,0.0,0.0,2.8754194353909483e9
aluminumscrap_source_Region1Beijing_aluminumscrap_source_Region13Fujian,1.3811251137859201e9,0.0,0.0,4.061857468192286e7,0.0,0.0,0.0,1.421743688467843e9
aluminumscrap_source_Region1Beijing_aluminumscrap_source_Region14Jiangxi,1.8908119499221792e9,0.0,0.0,4.257098435785692e7,0.0,0.0,0.0,1.9333829342800362e9
aluminumscrap_source_Region1Beijing_aluminumscrap_source_Region15Shandong,4.431625922747165e9,0.0,0.0,2.8249233439020477e7,0.0,0.0,0.0,4.459875156186185e9
aluminumscrap_source_Region1Beijing_aluminumscrap_source_Region16Henan,2.7329923363154473e9,0.0,0.0,3.0227785465165574e7,0.0,0.0,0.0,2.763220121780613e9
aluminumscrap_source_Region1Beijing_aluminumscrap_source_Region17Hubei,2.1320371290207195e9,0.0,0.0,3.881168723364929e7,0.0,0.0,0.0,2.170848816254369e9
aluminumscrap_source_Region1Beijing_aluminumscrap_source_Region18Hunan,1.7938886658388944e9,0.0,0.0,4.214738498745714e7,0.0,0.0,0.0,1.8360360508263514e9
aluminumscrap_source_Region1Beijing_aluminumscrap_source_Region19Guangdong,1.1249772029056249e9,0.0,0.0,3.8103527525541954e7,0.0,0.0,0.0,1.163080730431167e9
aluminumscrap_source_Region1Beijing_aluminumscrap_source_Region20Guangxi,1.1067806515549166e9,0.0,0.0,4.0705878201734856e7,0.0,0.0,0.0,1.1474865297566514e9
aluminumscrap_source_Region1Beijing_aluminumscrap_source_Region21Hainan,1.0482545747961954e9,0.0,0.0,4.339159327853437e7,0.0,0.0,0.0,1.0916461680747297e9
aluminumscrap_source_Region1Beijing_aluminumscrap_source_Region22Chongqing,1.407095760922185e9,0.0,0.0,3.983795185216259e7,0.0,0.0,0.0,1.4469337127743475e9
aluminumscrap_source_Region1Beijing_aluminumscrap_source_Region23Sichuan,1.4432804524107764e9,0.0,0.0,4.1383692847053386e7,0.0,0.0,0.0,1.4846641452578297e9
aluminumscrap_source_Region1Beijing_aluminumscrap_source_Region24Guizhou,1.2371280614508018e9,0.0,0.0,4.0758977215725794e7,0.0,0.0,0.0,1.2778870386665277e9
aluminumscrap_source_Region1Beijing_aluminumscrap_source_Region25Yunnan,1.0001680869706068e9,0.0,0.0,4.0523813637664564e7,0.0,0.0,0.0,1.0406919006082714e9
aluminumscrap_source_Region1Beijing_aluminumscrap_source_Region27Shaanxi,2.0601495350772328e9,0.0,0.0,3.5299823460447885e7,0.0,0.0,0.0,2.0954493585376806e9
aluminumscrap_source_Region1Beijing_aluminumscrap_source_Region28Gansu,1.919850584529131e9,0.0,0.0,4.386414581116494e7,0.0,0.0,0.0,1.9637147303402958e9
aluminumscrap_source_Region1Beijing_aluminumscrap_source_Region29Qinghai,1.734113282238481e9,0.0,0.0,4.511089530665893e7,0.0,0.0,0.0,1.77922417754514e9
aluminumscrap_source_Region1Beijing_aluminumscrap_source_Region30Ningxia,2.0418743055214956e9,0.0,0.0,3.542725081699856e7,0.0,0.0,0.0,2.077301556338494e9
aluminumscrap_source_Region1Beijing_aluminumscrap_source_Region31Xinjiang,9.039362618602108e8,0.0,0.0,3.98853189513332e7,0.0,0.0,0.0,9.43821580811544e8
aluminumscrap_source_Region2Tianjin_aluminumscrap_source_Region1Beijing,1.517528385676117e10,0.0,0.0,2.8614554785022486e7,0.0,0.0,0.0,1.5203898411546192e10
aluminumscrap_source_Region2Tianjin_aluminumscrap_source_Region3Hebei,5.341059400379242e9,0.0,0.0,2.570389185829413e7,0.0,0.0,0.0,5.366763292237536e9
aluminumscrap_source_Region2Tianjin_aluminumscrap_source_Region4Shanxi,3.54415325799313e9,0.0,0.0,2.83439904854226e7,0.0,0.0,0.0,3.572497248478553e9
aluminumscrap_source_Region2Tianjin_aluminumscrap_source_Region5Innermongolia,3.166023627324212e9,0.0,0.0,2.97899103935955e7,0.0,0.0,0.0,3.195813537717808e9
aluminumscrap_source_Region2Tianjin_aluminumscrap_source_Region6Liaoning,3.1764877777692337e9,0.0,0.0,3.3449347517825373e7,0.0,0.0,0.0,3.2099371252870593e9
aluminumscrap_source_Region2Tianjin_aluminumscrap_source_Region7Jilin,2.810856090565787e9,0.0,0.0,4.280997917112901e7,0.0,0.0,0.0,2.853666069736916e9
aluminumscrap_source_Region2Tianjin_aluminumscrap_source_Region8Heilongjiang,2.2390891941034484e9,0.0,0.0,4.3102539920992844e7,0.0,0.0,0.0,2.2821917340244412e9
aluminumscrap_source_Region2Tianjin_aluminumscrap_source_Region9Shanghai,2.635372548370333e9,0.0,0.0,4.6095498681879744e7,0.0,0.0,0.0,2.6814680470522127e9
aluminumscrap_source_Region2Tianjin_aluminumscrap_source_Region10Jiangsu,3.0843493468862967e9,0.0,0.0,4.373466719517157e7,0.0,0.0,0.0,3.128084014081468e9
aluminumscrap_source_Region2Tianjin_aluminumscrap_source_Region11Zhejiang,2.685996385925279e9,0.0,0.0,4.808965933325916e7,0.0,0.0,0.0,2.7340860452585382e9
aluminumscrap_source_Region2Tianjin_aluminumscrap_source_Region12Anhui,3.00750970484044e9,0.0,0.0,4.4718828340897776e7,0.0,0.0,0.0,3.0522285331813374e9
aluminumscrap_source_Region2Tianjin_aluminumscrap_source_Region13Fujian,1.463559482923899e9,0.0,0.0,4.003612254838292e7,0.0,0.0,0.0,1.503595605472282e9
aluminumscrap_source_Region2Tianjin_aluminumscrap_source_Region14Jiangxi,1.9654053895449243e9,0.0,0.0,4.201025211278499e7,0.0,0.0,0.0,2.0074156416577094e9
aluminumscrap_source_Region2Tianjin_aluminumscrap_source_Region15Shandong,5.508343016565498e9,0.0,0.0,2.712903791872e7,0.0,0.0,0.0,5.535472054484219e9
aluminumscrap_source_Region2Tianjin_aluminumscrap_source_Region16Henan,2.7686449148445807e9,0.0,0.0,3.0050709574750967e7,0.0,0.0,0.0,2.7986956244193316e9
aluminumscrap_source_Region2Tianjin_aluminumscrap_source_Region17Hubei,2.1634804438292375e9,0.0,0.0,3.8551953018874414e7,0.0,0.0,0.0,2.202032396848112e9
aluminumscrap_source_Region2Tianjin_aluminumscrap_source_Region18Hunan,1.8147001579452832e9,0.0,0.0,4.192985891978963e7,0.0,0.0,0.0,1.8566300168650727e9
aluminumscrap_source_Region2Tianjin_aluminumscrap_source_Region19Guangdong,1.1356242156175776e9,0.0,0.0,3.789951616785498e7,0.0,0.0,0.0,1.1735237317854326e9
aluminumscrap_source_Region2Tianjin_aluminumscrap_source_Region20Guangxi,1.1166561819893446e9,0.0,0.0,4.053483764520627e7,0.0,0.0,0.0,1.1571910196345508e9
aluminumscrap_source_Region2Tianjin_aluminumscrap_source_Region21Hainan,1.0570377406686937e9,0.0,0.0,4.325439752252417e7,0.0,0.0,0.0,1.100292138191218e9
aluminumscrap_source_Region2Tianjin_aluminumscrap_source_Region22Chongqing,1.3941338753716216e9,0.0,0.0,3.998757411391654e7,0.0,0.0,0.0,1.4341214494855382e9
aluminumscrap_source_Region2Tianjin_aluminumscrap_source_Region23Sichuan,1.4353808868791e9,0.0,0.0,4.143996051005493e7,0.0,0.0,0.0,1.476820847389155e9
aluminumscrap_source_Region2Tianjin_aluminumscrap_source_Region24Guizhou,1.248291947160564e9,0.0,0.0,4.0535414385268174e7,0.0,0.0,0.0,1.2888273615458322e9
aluminumscrap_source_Region2Tianjin_aluminumscrap_source_Region25Yunnan,9.973587909169265e8,0.0,0.0,4.0545656165677324e7,0.0,0.0,0.0,1.0379044470826038e9
aluminumscrap_source_Region2Tianjin_aluminumscrap_source_Region27Shaanxi,2.0378525785548708e9,0.0,0.0,3.531923778493413e7,0.0,0.0,0.0,2.073171816339805e9
aluminumscrap_source_Region2Tianjin_aluminumscrap_source_Region28Gansu,1.877744189161649e9,0.0,0.0,4.4188030422523044e7,0.0,0.0,0.0,1.921932219584172e9
aluminumscrap_source_Region2Tianjin_aluminumscrap_source_Region29Qinghai,1.699640697362708e9,0.0,0.0,4.5378081378239356e7,0.0,0.0,0.0,1.7450187787409475e9
aluminumscrap_source_Region2Tianjin_aluminumscrap_source_Region30Ningxia,1.9797187211042905e9,0.0,0.0,3.57045818078511e7,0.0,0.0,0.0,2.0154233029121416e9
aluminumscrap_source_Region2Tianjin_aluminumscrap_source_Region31Xinjiang,8.725058483713158e8,0.0,0.0,4.0119126245866336e7,0.0,0.0,0.0,9.126249746171821e8
aluminumscrap_source_Region3Hebei_aluminumscrap_source_Region1Beijing,7.736527164255995e9,0.0,0.0,3.607086489195267e7,0.0,0.0,0.0,7.772598029147947e9
aluminumscrap_source_Region3Hebei_aluminumscrap_source_Region2Tianjin,7.502952903863439e9,0.0,0.0,3.61432149526565e7,0.0,0.0,0.0,7.539096118816095e9
aluminumscrap_source_Region3Hebei_aluminumscrap_source_Region4Shanxi,8.263531440565536e9,0.0,0.0,2.9147924841562204e7,0.0,0.0,0.0,8.292679365407098e9
aluminumscrap_source_Region3Hebei_aluminumscrap_source_Region5Innermongolia,3.6239741196618114e9,0.0,0.0,3.243303378909833e7,0.0,0.0,0.0,3.6564071534509096e9
aluminumscrap_source_Region3Hebei_aluminumscrap_source_Region6Liaoning,2.526928870442078e9,0.0,0.0,3.8319765130034216e7,0.0,0.0,0.0,2.5652486355721126e9
aluminumscrap_source_Region3Hebei_aluminumscrap_source_Region7Jilin,2.3792724397794995e9,0.0,0.0,4.726304575489032e7,0.0,0.0,0.0,2.42653548553439e9
aluminumscrap_source_Region3Hebei_aluminumscrap_source_Region8Heilongjiang,1.9778133752140799e9,0.0,0.0,4.723868735338679e7,0.0,0.0,0.0,2.0250520625674667e9
aluminumscrap_source_Region3Hebei_aluminumscrap_source_Region9Shanghai,2.492534781309443e9,0.0,0.0,4.456749617050907e7,0.0,0.0,0.0,2.537102277479952e9
aluminumscrap_source_Region3Hebei_aluminumscrap_source_Region10Jiangsu,3.0414075250763297e9,0.0,0.0,4.275485872254522e7,0.0,0.0,0.0,3.084162383798875e9
aluminumscrap_source_Region3Hebei_aluminumscrap_source_Region11Zhejiang,2.5429092362712927e9,0.0,0.0,4.6637121055054985e7,0.0,0.0,0.0,2.589546357326348e9
aluminumscrap_source_Region3Hebei_aluminumscrap_source_Region12Anhui,3.1593162424081283e9,0.0,0.0,4.325649355273171e7,0.0,0.0,0.0,3.20257273596086e9
aluminumscrap_source_Region3Hebei_aluminumscrap_source_Region13Fujian,1.573184205891962e9,0.0,0.0,4.141891675780798e7,0.0,0.0,0.0,1.61460312264977e9
aluminumscrap_source_Region3Hebei_aluminumscrap_source_Region14Jiangxi,2.30134635248824e9,0.0,0.0,4.3145971251105994e7,0.0,0.0,0.0,2.3444923237393456e9
aluminumscrap_source_Region3Hebei_aluminumscrap_source_Region15Shandong,6.56359713326786e9,0.0,0.0,3.198759441990243e7,0.0,0.0,0.0,6.595584727687763e9
aluminumscrap_source_Region3Hebei_aluminumscrap_source_Region16Henan,4.674155482162479e9,0.0,0.0,3.106684292587267e7,0.0,0.0,0.0,4.705222325088352e9
aluminumscrap_source_Region3Hebei_aluminumscrap_source_Region17Hubei,2.7620435334673333e9,0.0,0.0,3.942362801358685e7,0.0,0.0,0.0,2.8014671614809203e9
aluminumscrap_source_Region3Hebei_aluminumscrap_source_Region18Hunan,2.1945191275769587e9,0.0,0.0,4.212104256959188e7,0.0,0.0,0.0,2.2366401701465507e9
aluminumscrap_source_Region3Hebei_aluminumscrap_source_Region19Guangdong,1.267610018793273e9,0.0,0.0,3.752984492383492e7,0.0,0.0,0.0,1.3051398637171078e9
aluminumscrap_source_Region3Hebei_aluminumscrap_source_Region20Guangxi,1.238144489247645e9,0.0,0.0,4.0252359658516675e7,0.0,0.0,0.0,1.2783968489061615e9
aluminumscrap_source_Region3Hebei_aluminumscrap_source_Region21Hainan,1.1655308774769917e9,0.0,0.0,4.3271188042774305e7,0.0,0.0,0.0,1.2088020655197659e9
aluminumscrap_source_Region3Hebei_aluminumscrap_source_Region22Chongqing,1.6214643378613203e9,0.0,0.0,3.861345667225915e7,0.0,0.0,0.0,1.6600777945335793e9
aluminumscrap_source_Region3Hebei_aluminumscrap_source_Region23Sichuan,1.674559313570466e9,0.0,0.0,4.0490516926698e7,0.0,0.0,0.0,1.715049830497164e9
aluminumscrap_source_Region3Hebei_aluminumscrap_source_Region24Guizhou,1.3876845030042076e9,0.0,0.0,3.980258846792791e7,0.0,0.0,0.0,1.4274870914721355e9
aluminumscrap_source_Region3Hebei_aluminumscrap_source_Region25Yunnan,1.1077316197835462e9,0.0,0.0,3.990431768570121e7,0.0,0.0,0.0,1.1476359374692473e9
aluminumscrap_source_Region3Hebei_aluminumscrap_source_Region27Shaanxi,2.9135689311676493e9,0.0,0.0,3.683054823477336e7,0.0,0.0,0.0,2.9503994794024224e9
aluminumscrap_source_Region3Hebei_aluminumscrap_source_Region28Gansu,2.303880546052653e9,0.0,0.0,4.3539289892073125e7,0.0,0.0,0.0,2.347419835944726e9
aluminumscrap_source_Region3Hebei_aluminumscrap_source_Region29Qinghai,2.0299177598121583e9,0.0,0.0,4.478884600881173e7,0.0,0.0,0.0,2.07470660582097e9
aluminumscrap_source_Region3Hebei_aluminumscrap_source_Region30Ningxia,2.5448130652867827e9,0.0,0.0,3.627527408399159e7,0.0,0.0,0.0,2.5810883393707743e9
aluminumscrap_source_Region3Hebei_aluminumscrap_source_Region31Xinjiang,9.21413671728578e8,0.0,0.0,4.085098018324772e7,0.0,0.0,0.0,9.622646519118257e8
aluminumscrap_source_Region4Shanxi_aluminumscrap_source_Region1Beijing,4.401168575076088e9,0.0,0.0,3.4392766965311244e7,0.0,0.0,0.0,4.435561342041399e9
aluminumscrap_source_Region4Shanxi_aluminumscrap_source_Region2Tianjin,4.334852143147341e9,0.0,0.0,3.4545523971786894e7,0.0,0.0,0.0,4.369397667119127e9
aluminumscrap_source_Region4Shanxi_aluminumscrap_source_Region3Hebei,8.218219218667585e9,0.0,0.0,2.9026643202559125e7,0.0,0.0,0.0,8.247245861870145e9
aluminumscrap_source_Region4Shanxi_aluminumscrap_source_Region5Innermongolia,4.867184468962428e9,0.0,0.0,3.1870387318850324e7,0.0,0.0,0.0,4.899054856281279e9
aluminumscrap_source_Region4Shanxi_aluminumscrap_source_Region6Liaoning,2.183792396933228e9,0.0,0.0,3.9999678848322146e7,0.0,0.0,0.0,2.22379207578155e9
aluminumscrap_source_Region4Shanxi_aluminumscrap_source_Region7Jilin,2.094677539522664e9,0.0,0.0,4.82122445227046e7,0.0,0.0,0.0,2.1428897840453687e9
aluminumscrap_source_Region4Shanxi_aluminumscrap_source_Region8Heilongjiang,1.7865869994554112e9,0.0,0.0,4.83027946234522e7,0.0,0.0,0.0,1.8348897940788634e9
aluminumscrap_source_Region4Shanxi_aluminumscrap_source_Region9Shanghai,2.1760229852976766e9,0.0,0.0,4.600183471146836e7,0.0,0.0,0.0,2.222024820009145e9
aluminumscrap_source_Region4Shanxi_aluminumscrap_source_Region10Jiangsu,2.5471348783249044e9,0.0,0.0,4.412201795485851e7,0.0,0.0,0.0,2.5912568962797627e9
aluminumscrap_source_Region4Shanxi_aluminumscrap_source_Region11Zhejiang,2.210421351938609e9,0.0,0.0,4.775546930202635e7,0.0,0.0,0.0,2.2581768212406354e9
aluminumscrap_source_Region4Shanxi_aluminumscrap_source_Region12Anhui,2.799076016923459e9,0.0,0.0,4.390409996368908e7,0.0,0.0,0.0,2.842980116887148e9
aluminumscrap_source_Region4Shanxi_aluminumscrap_source_Region13Fujian,1.4746398383392942e9,0.0,0.0,4.175718897015719e7,0.0,0.0,0.0,1.5163970273094513e9
aluminumscrap_source_Region4Shanxi_aluminumscrap_source_Region14Jiangxi,2.148215518403325e9,0.0,0.0,4.361031446141835e7,0.0,0.0,0.0,2.191825832864743e9
aluminumscrap_source_Region4Shanxi_aluminumscrap_source_Region15Shandong,3.950938186738051e9,0.0,0.0,3.2153172526861083e7,0.0,0.0,0.0,3.983091359264912e9
aluminumscrap_source_Region4Shanxi_aluminumscrap_source_Region16Henan,4.485523586870898e9,0.0,0.0,3.1075473636625268e7,0.0,0.0,0.0,4.516599060507524e9
aluminumscrap_source_Region4Shanxi_aluminumscrap_source_Region17Hubei,2.638792064329592e9,0.0,0.0,3.955815762260657e7,0.0,0.0,0.0,2.678350221952199e9
aluminumscrap_source_Region4Shanxi_aluminumscrap_source_Region18Hunan,2.149494758323198e9,0.0,0.0,4.224492369322091e7,0.0,0.0,0.0,2.191739682016419e9
aluminumscrap_source_Region4Shanxi_aluminumscrap_source_Region19Guangdong,1.2531394336009119e9,0.0,0.0,3.767157559324269e7,0.0,0.0,0.0,1.2908110091941545e9
aluminumscrap_source_Region4Shanxi_aluminumscrap_source_Region20Guangxi,1.2557490161466105e9,0.0,0.0,4.004129579459639e7,0.0,0.0,0.0,1.295790311941207e9
aluminumscrap_source_Region4Shanxi_aluminumscrap_source_Region21Hainan,1.177415011735228e9,0.0,0.0,4.316564512599487e7,0.0,0.0,0.0,1.220580656861223e9
aluminumscrap_source_Region4Shanxi_aluminumscrap_source_Region22Chongqing,1.7692212479203782e9,0.0,0.0,3.6771217795865566e7,0.0,0.0,0.0,1.8059924657162437e9
aluminumscrap_source_Region4Shanxi_aluminumscrap_source_Region23Sichuan,1.8372814240404978e9,0.0,0.0,3.884934563448669e7,0.0,0.0,0.0,1.8761307696749845e9
aluminumscrap_source_Region4Shanxi_aluminumscrap_source_Region24Guizhou,1.4686714680380032e9,0.0,0.0,3.855018622346102e7,0.0,0.0,0.0,1.507221654261464e9
aluminumscrap_source_Region4Shanxi_aluminumscrap_source_Region25Yunnan,1.1765092262376835e9,0.0,0.0,3.881146813976102e7,0.0,0.0,0.0,1.2153206943774445e9
aluminumscrap_source_Region4Shanxi_aluminumscrap_source_Region27Shaanxi,3.922556439648292e9,0.0,0.0,3.768107376969236e7,0.0,0.0,0.0,3.9602375134179845e9
aluminumscrap_source_Region4Shanxi_aluminumscrap_source_Region28Gansu,2.6557956673128304e9,0.0,0.0,4.168163164844742e7,0.0,0.0,0.0,2.697477298961278e9
aluminumscrap_source_Region4Shanxi_aluminumscrap_source_Region29Qinghai,2.278788214328753e9,0.0,0.0,4.29902675086762e7,0.0,0.0,0.0,2.321778481837429e9
aluminumscrap_source_Region4Shanxi_aluminumscrap_source_Region30Ningxia,3.2264945194922986e9,0.0,0.0,3.565581226908909e7,0.0,0.0,0.0,3.262150331761388e9
aluminumscrap_source_Region4Shanxi_aluminumscrap_source_Region31Xinjiang,9.871784811833104e8,0.0,0.0,4.056705462557544e7,0.0,0.0,0.0,1.0277455358088858e9
aluminumscrap_source_Region5Innermongolia_aluminumscrap_source_Region1Beijing,4.041543990489743e9,0.0,0.0,3.1108567137742307e7,0.0,0.0,0.0,4.0726525576274858e9
aluminumscrap_source_Region5Innermongolia_aluminumscrap_source_Region2Tianjin,3.317283840462572e9,0.0,0.0,3.1866671399299648e7,0.0,0.0,0.0,3.3491505118618717e9
aluminumscrap_source_Region5Innermongolia_aluminumscrap_source_Region3Hebei,3.2122479337618847e9,0.0,0.0,2.8989334317144353e7,0.0,0.0,0.0,3.241237268079029e9
aluminumscrap_source_Region5Innermongolia_aluminumscrap_source_Region4Shanxi,4.1794929244172416e9,0.0,0.0,2.746539480598146e7,0.0,0.0,0.0,4.206958319223223e9
aluminumscrap_source_Region5Innermongolia_aluminumscrap_source_Region6Liaoning,1.9780705881010444e9,0.0,0.0,3.677896875626989e7,0.0,0.0,0.0,2.0148495568573143e9
aluminumscrap_source_Region5Innermongolia_aluminumscrap_source_Region7Jilin,1.9326734408805263e9,0.0,0.0,4.18635953354404e7,0.0,0.0,0.0,1.9745370362159667e9
aluminumscrap_source_Region5Innermongolia_aluminumscrap_source_Region8Heilongjiang,1.6561899863776698e9,0.0,0.0,4.192631463625929e7,0.0,0.0,0.0,1.6981163010139291e9
aluminumscrap_source_Region5Innermongolia_aluminumscrap_source_Region9Shanghai,1.5800711222167099e9,0.0,0.0,4.16372930718026e7,0.0,0.0,0.0,1.6217084152885125e9
aluminumscrap_source_Region5Innermongolia_aluminumscrap_source_Region10Jiangsu,1.779491775596846e9,0.0,0.0,4.009803591385292e7,0.0,0.0,0.0,1.819589811510699e9
aluminumscrap_source_Region5Innermongolia_aluminumscrap_source_Region11Zhejiang,1.5997185574345465e9,0.0,0.0,4.289038252438452e7,0.0,0.0,0.0,1.642608939958931e9
aluminumscrap_source_Region5Innermongolia_aluminumscrap_source_Region12Anhui,1.8166553400146866e9,0.0,0.0,4.0262289685537174e7,0.0,0.0,0.0,1.8569176297002237e9
aluminumscrap_source_Region5Innermongolia_aluminumscrap_source_Region13Fujian,1.2216800582118359e9,0.0,0.0,4.251351096644306e7,0.0,0.0,0.0,1.264193569178279e9
aluminumscrap_source_Region5Innermongolia_aluminumscrap_source_Region14Jiangxi,1.5919556146773102e9,0.0,0.0,4.2629978599470966e7,0.0,0.0,0.0,1.634585593276781e9
aluminumscrap_source_Region5Innermongolia_aluminumscrap_source_Region15Shandong,2.410263705014207e9,0.0,0.0,3.22658155189551e7,0.0,0.0,0.0,2.442529520533162e9
aluminumscrap_source_Region5Innermongolia_aluminumscrap_source_Region16Henan,2.393349466507616e9,0.0,0.0,3.2084291844955884e7,0.0,0.0,0.0,2.425433758352572e9
aluminumscrap_source_Region5Innermongolia_aluminumscrap_source_Region17Hubei,1.8279321611739006e9,0.0,0.0,3.924326228807124e7,0.0,0.0,0.0,1.8671754234619718e9
aluminumscrap_source_Region5Innermongolia_aluminumscrap_source_Region18Hunan,1.5928140413166451e9,0.0,0.0,4.162194304499041e7,0.0,0.0,0.0,1.6344359843616354e9
aluminumscrap_source_Region5Innermongolia_aluminumscrap_source_Region19Guangdong,1.0765841201102436e9,0.0,0.0,3.934280230254614e7,0.0,0.0,0.0,1.1159269224127898e9
aluminumscrap_source_Region5Innermongolia_aluminumscrap_source_Region20Guangxi,1.0812946243843875e9,0.0,0.0,4.148282923547057e7,0.0,0.0,0.0,1.122777453619858e9
aluminumscrap_source_Region5Innermongolia_aluminumscrap_source_Region21Hainan,1.0223041405432727e9,0.0,0.0,4.410120162876273e7,0.0,0.0,0.0,1.0664053421720355e9
aluminumscrap_source_Region5Innermongolia_aluminumscrap_source_Region22Chongqing,1.3981611069458208e9,0.0,0.0,3.730275616248631e7,0.0,0.0,0.0,1.4354638631083071e9
aluminumscrap_source_Region5Innermongolia_aluminumscrap_source_Region23Sichuan,1.4468886535099878e9,0.0,0.0,3.881318873475582e7,0.0,0.0,0.0,1.4857018422447436e9
aluminumscrap_source_Region5Innermongolia_aluminumscrap_source_Region24Guizhou,1.1982739397716842e9,0.0,0.0,3.852337524365143e7,0.0,0.0,0.0,1.2367973150153356e9
aluminumscrap_source_Region5Innermongolia_aluminumscrap_source_Region25Yunnan,1.0401191409189137e9,0.0,0.0,4.022028913595813e7,0.0,0.0,0.0,1.0803394300548718e9
aluminumscrap_source_Region5Innermongolia_aluminumscrap_source_Region27Shaanxi,2.3008566133385005e9,0.0,0.0,3.544188563587365e7,0.0,0.0,0.0,2.3362984989743743e9
aluminumscrap_source_Region5Innermongolia_aluminumscrap_source_Region28Gansu,2.1914607502559905e9,0.0,0.0,3.680968782801326e7,0.0,0.0,0.0,2.228270438084004e9
aluminumscrap_source_Region5Innermongolia_aluminumscrap_source_Region29Qinghai,1.8876644213961036e9,0.0,0.0,3.768343869558639e7,0.0,0.0,0.0,1.92534786009169e9
aluminumscrap_source_Region5Innermongolia_aluminumscrap_source_Region30Ningxia,3.225535823546061e9,0.0,0.0,3.366324683596607e7,0.0,0.0,0.0,3.259199070382027e9
aluminumscrap_source_Region5Innermongolia_aluminumscrap_source_Region31Xinjiang,1.079548211189612e9,0.0,0.0,3.956252329184082e7,0.0,0.0,0.0,1.1191107344814527e9
aluminumscrap_source_Region6Liaoning_aluminumscrap_source_Region1Beijing,2.784488190897108e9,0.0,0.0,3.0496948185903694e7,0.0,0.0,0.0,2.8149851390830116e9
aluminumscrap_source_Region6Liaoning_aluminumscrap_source_Region2Tianjin,2.874381324931222e9,0.0,0.0,3.0348972644576795e7,0.0,0.0,0.0,2.904730297575799e9
aluminumscrap_source_Region6Liaoning_aluminumscrap_source_Region3Hebei,2.11032243983722e9,0.0,0.0,3.1992213227353808e7,0.0,0.0,0.0,2.1423146530645738e9
aluminumscrap_source_Region6Liaoning_aluminumscrap_source_Region4Shanxi,1.884400261788377e9,0.0,0.0,3.456886244413771e7,0.0,0.0,0.0,1.9189691242325149e9
aluminumscrap_source_Region6Liaoning_aluminumscrap_source_Region5Innermongolia,1.8157715015228121e9,0.0,0.0,3.3471707105595678e7,0.0,0.0,0.0,1.8492432086284077e9
aluminumscrap_source_Region6Liaoning_aluminumscrap_source_Region7Jilin,1.1348387993659286e10,0.0,0.0,5.18994682185591e7,0.0,0.0,0.0,1.1400287461877846e10
aluminumscrap_source_Region6Liaoning_aluminumscrap_source_Region8Heilongjiang,4.2054303684745274e9,0.0,0.0,3.6137660411939025e7,0.0,0.0,0.0,4.2415680288864665e9
aluminumscrap_source_Region6Liaoning_aluminumscrap_source_Region9Shanghai,1.59440957463331e9,0.0,0.0,4.359313130675602e7,0.0,0.0,0.0,1.638002705940066e9
aluminumscrap_source_Region6Liaoning_aluminumscrap_source_Region10Jiangsu,1.747368928655463e9,0.0,0.0,4.1996959225472525e7,0.0,0.0,0.0,1.7893658878809354e9
aluminumscrap_source_Region6Liaoning_aluminumscrap_source_Region11Zhejiang,1.612708707585114e9,0.0,0.0,4.4766692473432444e7,0.0,0.0,0.0,1.6574754000585465e9
aluminumscrap_source_Region6Liaoning_aluminumscrap_source_Region12Anhui,1.7363990297122936e9,0.0,0.0,4.2466324882490784e7,0.0,0.0,0.0,1.7788653545947845e9
aluminumscrap_source_Region6Liaoning_aluminumscrap_source_Region13Fujian,1.1292007018686316e9,0.0,0.0,4.201774202544099e7,0.0,0.0,0.0,1.1712184438940725e9
aluminumscrap_source_Region6Liaoning_aluminumscrap_source_Region14Jiangxi,1.4326070229185e9,0.0,0.0,4.5022125593217224e7,0.0,0.0,0.0,1.477629148511717e9
aluminumscrap_source_Region6Liaoning_aluminumscrap_source_Region15Shandong,2.1565677403742046e9,0.0,0.0,3.2066125150684662e7,0.0,0.0,0.0,2.1886338655248895e9
aluminumscrap_source_Region6Liaoning_aluminumscrap_source_Region16Henan,1.6322153369436636e9,0.0,0.0,3.467399575200555e7,0.0,0.0,0.0,1.6668893326956692e9
aluminumscrap_source_Region6Liaoning_aluminumscrap_source_Region17Hubei,1.5158089009140158e9,0.0,0.0,4.2752328490300275e7,0.0,0.0,0.0,1.558561229404316e9
aluminumscrap_source_Region6Liaoning_aluminumscrap_source_Region18Hunan,1.3456653213875966e9,0.0,0.0,4.507338868547714e7,0.0,0.0,0.0,1.3907387100730739e9
aluminumscrap_source_Region6Liaoning_aluminumscrap_source_Region19Guangdong,9.301445069383686e8,0.0,0.0,4.0705789835890375e7,0.0,0.0,0.0,9.70850296774259e8
aluminumscrap_source_Region6Liaoning_aluminumscrap_source_Region20Guangxi,9.174057924080874e8,0.0,0.0,4.2833467267059684e7,0.0,0.0,0.0,9.60239259675147e8
aluminumscrap_source_Region6Liaoning_aluminumscrap_source_Region21Hainan,8.762740354374808e8,0.0,0.0,4.495748200470966e7,0.0,0.0,0.0,9.212315174421904e8
aluminumscrap_source_Region6Liaoning_aluminumscrap_source_Region22Chongqing,1.111150868794114e9,0.0,0.0,4.341523420638186e7,0.0,0.0,0.0,1.154566103000496e9
aluminumscrap_source_Region6Liaoning_aluminumscrap_source_Region23Sichuan,1.1348101286082873e9,0.0,0.0,4.450466572906574e7,0.0,0.0,0.0,1.179314794337353e9
aluminumscrap_source_Region6Liaoning_aluminumscrap_source_Region24Guizhou,1.0164220484002191e9,0.0,0.0,4.356616656913648e7,0.0,0.0,0.0,1.0599882149693556e9
aluminumscrap_source_Region6Liaoning_aluminumscrap_source_Region25Yunnan,8.398729996508343e8,0.0,0.0,4.286930649631446e7,0.0,0.0,0.0,8.827423061471487e8
aluminumscrap_source_Region6Liaoning_aluminumscrap_source_Region27Shaanxi,1.391952141194592e9,0.0,0.0,3.8527784373526424e7,0.0,0.0,0.0,1.4304799255681183e9
aluminumscrap_source_Region6Liaoning_aluminumscrap_source_Region28Gansu,1.3463954832205362e9,0.0,0.0,4.5022061549922094e7,0.0,0.0,0.0,1.3914175447704582e9
aluminumscrap_source_Region6Liaoning_aluminumscrap_source_Region29Qinghai,1.250127556474743e9,0.0,0.0,4.5761021006676205e7,0.0,0.0,0.0,1.295888577481419e9
aluminumscrap_source_Region6Liaoning_aluminumscrap_source_Region30Ningxia,1.4084816299068303e9,0.0,0.0,3.935527068361958e7,0.0,0.0,0.0,1.4478369005904498e9
aluminumscrap_source_Region6Liaoning_aluminumscrap_source_Region31Xinjiang,7.43988652538863e8,0.0,0.0,4.0923931911353305e7,0.0,0.0,0.0,7.849125844502163e8
aluminumscrap_source_Region7Jilin_aluminumscrap_source_Region1Beijing,2.0648488834531863e9,0.0,0.0,3.162245443141209e7,0.0,0.0,0.0,2.0964713378845983e9
aluminumscrap_source_Region7Jilin_aluminumscrap_source_Region2Tianjin,2.0713097396003253e9,0.0,0.0,3.160481315766964e7,0.0,0.0,0.0,2.102914552757995e9
aluminumscrap_source_Region7Jilin_aluminumscrap_source_Region3Hebei,1.7292503064492533e9,0.0,0.0,3.434257312185282e7,0.0,0.0,0.0,1.7635928795711062e9
aluminumscrap_source_Region7Jilin_aluminumscrap_source_Region4Shanxi,1.5956982476241708e9,0.0,0.0,3.677237233365368e7,0.0,0.0,0.0,1.6324706199578245e9
aluminumscrap_source_Region7Jilin_aluminumscrap_source_Region5Innermongolia,1.4930200281552653e9,0.0,0.0,3.281648295370441e7,0.0,0.0,0.0,1.5258365111089697e9
aluminumscrap_source_Region7Jilin_aluminumscrap_source_Region6Liaoning,4.721780772597285e9,0.0,0.0,2.1660515627570733e7,0.0,0.0,0.0,4.743441288224856e9
aluminumscrap_source_Region7Jilin_aluminumscrap_source_Region8Heilongjiang,6.421675651905994e9,0.0,0.0,2.602472957353544e7,0.0,0.0,0.0,6.447700381479529e9
aluminumscrap_source_Region7Jilin_aluminumscrap_source_Region9Shanghai,1.385835314648315e9,0.0,0.0,4.440378856508855e7,0.0,0.0,0.0,1.4302391032134035e9
aluminumscrap_source_Region7Jilin_aluminumscrap_source_Region10Jiangsu,1.4976858888420894e9,0.0,0.0,4.303500393246632e7,0.0,0.0,0.0,1.5407208927745557e9
aluminumscrap_source_Region7Jilin_aluminumscrap_source_Region11Zhejiang,1.3963238345062754e9,0.0,0.0,4.532276138790925e7,0.0,0.0,0.0,1.4416465958941846e9
aluminumscrap_source_Region7Jilin_aluminumscrap_source_Region12Anhui,1.489101033175659e9,0.0,0.0,4.341694759608037e7,0.0,0.0,0.0,1.5325179807717392e9
aluminumscrap_source_Region7Jilin_aluminumscrap_source_Region13Fujian,9.857814990486823e8,0.0,0.0,4.131419895557006e7,0.0,0.0,0.0,1.0270956980042524e9
aluminumscrap_source_Region7Jilin_aluminumscrap_source_Region14Jiangxi,1.224050520645327e9,0.0,0.0,4.422083856161187e7,0.0,0.0,0.0,1.268271359206939e9
aluminumscrap_source_Region7Jilin_aluminumscrap_source_Region15Shandong,1.6744252552309043e9,0.0,0.0,3.276681145715189e7,0.0,0.0,0.0,1.7071920666880562e9
aluminumscrap_source_Region7Jilin_aluminumscrap_source_Region16Henan,1.3445254474795063e9,0.0,0.0,3.488163244303962e7,0.0,0.0,0.0,1.379407079922546e9
aluminumscrap_source_Region7Jilin_aluminumscrap_source_Region17Hubei,1.2836103401048572e9,0.0,0.0,4.223621567297462e7,0.0,0.0,0.0,1.3258465557778318e9
aluminumscrap_source_Region7Jilin_aluminumscrap_source_Region18Hunan,1.162043364680498e9,0.0,0.0,4.43844544976362e7,0.0,0.0,0.0,1.206427819178134e9
aluminumscrap_source_Region7Jilin_aluminumscrap_source_Region19Guangdong,8.355294729206053e8,0.0,0.0,4.0492098828894466e7,0.0,0.0,0.0,8.760215717494998e8
aluminumscrap_source_Region7Jilin_aluminumscrap_source_Region20Guangxi,8.267813005431622e8,0.0,0.0,4.248804865603013e7,0.0,0.0,0.0,8.692693491991924e8
aluminumscrap_source_Region7Jilin_aluminumscrap_source_Region21Hainan,7.924760249724072e8,0.0,0.0,4.438278756666314e7,0.0,0.0,0.0,8.368588125390704e8
aluminumscrap_source_Region7Jilin_aluminumscrap_source_Region22Chongqing,9.85018037926554e8,0.0,0.0,4.3116453404234715e7,0.0,0.0,0.0,1.0281344913307887e9
aluminumscrap_source_Region7Jilin_aluminumscrap_source_Region23Sichuan,1.0025737407424382e9,0.0,0.0,4.403068738040044e7,0.0,0.0,0.0,1.0466044281228386e9
aluminumscrap_source_Region7Jilin_aluminumscrap_source_Region24Guizhou,9.100592586382844e8,0.0,0.0,4.328016542540812e7,0.0,0.0,0.0,9.533394240636926e8
aluminumscrap_source_Region7Jilin_aluminumscrap_source_Region25Yunnan,7.638030224035579e8,0.0,0.0,4.2576321075801894e7,0.0,0.0,0.0,8.063793434793597e8
aluminumscrap_source_Region7Jilin_aluminumscrap_source_Region27Shaanxi,1.1799384935435877e9,0.0,0.0,3.820510164866835e7,0.0,0.0,0.0,1.218143595192256e9
aluminumscrap_source_Region7Jilin_aluminumscrap_source_Region28Gansu,1.1941145931137676e9,0.0,0.0,4.554220810917128e7,0.0,0.0,0.0,1.239656801222939e9
aluminumscrap_source_Region7Jilin_aluminumscrap_source_Region29Qinghai,1.1143731390609386e9,0.0,0.0,4.602920065831176e7,0.0,0.0,0.0,1.1604023397192504e9
aluminumscrap_source_Region7Jilin_aluminumscrap_source_Region30Ningxia,1.2147410543063517e9,0.0,0.0,3.873370016134001e7,0.0,0.0,0.0,1.2534747544676917e9
aluminumscrap_source_Region7Jilin_aluminumscrap_source_Region31Xinjiang,7.041985291976682e8,0.0,0.0,3.971294345219136e7,0.0,0.0,0.0,7.439114726498595e8
aluminumscrap_source_Region8Heilongjiang_aluminumscrap_source_Region1Beijing,1.8593966681262286e9,0.0,0.0,3.593299202820612e7,0.0,0.0,0.0,1.8953296601544347e9
aluminumscrap_source_Region8Heilongjiang_aluminumscrap_source_Region2Tianjin,1.8643069363964436e9,0.0,0.0,3.592294777977811e7,0.0,0.0,0.0,1.9002298841762216e9
aluminumscrap_source_Region8Heilongjiang_aluminumscrap_source_Region3Hebei,1.5923412818670676e9,0.0,0.0,3.800954947272611e7,0.0,0.0,0.0,1.6303508313397937e9
aluminumscrap_source_Region8Heilongjiang_aluminumscrap_source_Region4Shanxi,1.4771523688289394e9,0.0,0.0,3.996452574366009e7,0.0,0.0,0.0,1.5171168945725994e9
aluminumscrap_source_Region8Heilongjiang_aluminumscrap_source_Region5Innermongolia,1.3976139762852352e9,0.0,0.0,3.542637308175036e7,0.0,0.0,0.0,1.4330403493669856e9
aluminumscrap_source_Region8Heilongjiang_aluminumscrap_source_Region6Liaoning,3.1609587436512914e9,0.0,0.0,2.7177243723265305e7,0.0,0.0,0.0,3.1881359873745565e9
aluminumscrap_source_Region8Heilongjiang_aluminumscrap_source_Region7Jilin,8.311546569680149e9,0.0,0.0,3.360572158310284e7,0.0,0.0,0.0,8.345152291263252e9
aluminumscrap_source_Region8Heilongjiang_aluminumscrap_source_Region9Shanghai,1.2841609915329258e9,0.0,0.0,4.629605338282673e7,0.0,0.0,0.0,1.3304570449157526e9
aluminumscrap_source_Region8Heilongjiang_aluminumscrap_source_Region10Jiangsu,1.3831582381377835e9,0.0,0.0,4.5291178602714695e7,0.0,0.0,0.0,1.4284494167404983e9
aluminumscrap_source_Region8Heilongjiang_aluminumscrap_source_Region11Zhejiang,1.2924095468589895e9,0.0,0.0,4.713295533105299e7,0.0,0.0,0.0,1.3395425021900425e9
aluminumscrap_source_Region8Heilongjiang_aluminumscrap_source_Region12Anhui,1.3751658220125144e9,0.0,0.0,4.560999491703163e7,0.0,0.0,0.0,1.4207758169295459e9
aluminumscrap_source_Region8Heilongjiang_aluminumscrap_source_Region13Fujian,9.33971303148339e8,0.0,0.0,4.288844900086018e7,0.0,0.0,0.0,9.768597521491992e8
aluminumscrap_source_Region8Heilongjiang_aluminumscrap_source_Region14Jiangxi,1.1454114123307533e9,0.0,0.0,4.597345620733736e7,0.0,0.0,0.0,1.1913848685380907e9
aluminumscrap_source_Region8Heilongjiang_aluminumscrap_source_Region15Shandong,1.5375291139354064e9,0.0,0.0,3.6254035023728885e7,0.0,0.0,0.0,1.5737831489591353e9
aluminumscrap_source_Region8Heilongjiang_aluminumscrap_source_Region16Henan,1.250863036918539e9,0.0,0.0,3.7468196577905536e7,0.0,0.0,0.0,1.2883312334964447e9
aluminumscrap_source_Region8Heilongjiang_aluminumscrap_source_Region17Hubei,1.1995155420013711e9,0.0,0.0,4.4279705975221984e7,0.0,0.0,0.0,1.243795247976593e9
aluminumscrap_source_Region8Heilongjiang_aluminumscrap_source_Region18Hunan,1.0895498973327432e9,0.0,0.0,4.598510998608466e7,0.0,0.0,0.0,1.1355350073188279e9
aluminumscrap_source_Region8Heilongjiang_aluminumscrap_source_Region19Guangdong,7.983281725193691e8,0.0,0.0,4.189085362541635e7,0.0,0.0,0.0,8.402190261447855e8
aluminumscrap_source_Region8Heilongjiang_aluminumscrap_source_Region20Guangxi,7.884818130910686e8,0.0,0.0,4.3681995179031946e7,0.0,0.0,0.0,8.321638082701006e8
aluminumscrap_source_Region8Heilongjiang_aluminumscrap_source_Region21Hainan,7.565189195965666e8,0.0,0.0,4.5402963484634586e7,0.0,0.0,0.0,8.019218830812012e8
aluminumscrap_source_Region8Heilongjiang_aluminumscrap_source_Region22Chongqing,9.315239783370306e8,0.0,0.0,4.451070379459241e7,0.0,0.0,0.0,9.76034682131623e8
aluminumscrap_source_Region8Heilongjiang_aluminumscrap_source_Region23Sichuan,9.468544599235308e8,0.0,0.0,4.538091457641046e7,0.0,0.0,0.0,9.922353744999412e8
aluminumscrap_source_Region8Heilongjiang_aluminumscrap_source_Region24Guizhou,8.622233617084463e8,0.0,0.0,4.446308937985875e7,0.0,0.0,0.0,9.06686451088305e8
aluminumscrap_source_Region8Heilongjiang_aluminumscrap_source_Region25Yunnan,7.314358777152005e8,0.0,0.0,4.370546179331619e7,0.0,0.0,0.0,7.751413395085168e8
aluminumscrap_source_Region8Heilongjiang_aluminumscrap_source_Region27Shaanxi,1.1065272119632432e9,0.0,0.0,4.026576833547743e7,0.0,0.0,0.0,1.1467929802987206e9
aluminumscrap_source_Region8Heilongjiang_aluminumscrap_source_Region28Gansu,1.1127595573400974e9,0.0,0.0,4.690205417085252e7,0.0,0.0,0.0,1.1596616115109499e9
aluminumscrap_source_Region8Heilongjiang_aluminumscrap_source_Region29Qinghai,1.0418621956563591e9,0.0,0.0,4.721244354403891e7,0.0,0.0,0.0,1.089074639200398e9
aluminumscrap_source_Region8Heilongjiang_aluminumscrap_source_Region30Ningxia,1.1404133294431596e9,0.0,0.0,4.072323131906542e7,0.0,0.0,0.0,1.181136560762225e9
aluminumscrap_source_Region8Heilongjiang_aluminumscrap_source_Region31Xinjiang,6.837363533791814e8,0.0,0.0,4.060832696202469e7,0.0,0.0,0.0,7.243446803412061e8
aluminumscrap_source_Region9Shanghai_aluminumscrap_source_Region1Beijing,2.145150493942102e9,0.0,0.0,4.078105775506246e7,0.0,0.0,0.0,2.1859315516971645e9
aluminumscrap_source_Region9Shanghai_aluminumscrap_source_Region2Tianjin,2.287501448369481e9,0.0,0.0,3.918467627622574e7,0.0,0.0,0.0,2.3266861246457067e9
aluminumscrap_source_Region9Shanghai_aluminumscrap_source_Region3Hebei,1.9595036850006924e9,0.0,0.0,3.452198700600047e7,0.0,0.0,0.0,1.994025672006693e9
aluminumscrap_source_Region9Shanghai_aluminumscrap_source_Region4Shanxi,1.7809899339825602e9,0.0,0.0,3.721630822307791e7,0.0,0.0,0.0,1.8182062422056382e9
aluminumscrap_source_Region9Shanghai_aluminumscrap_source_Region5Innermongolia,1.3759707316673284e9,0.0,0.0,3.647837351320059e7,0.0,0.0,0.0,1.4124491051805289e9
aluminumscrap_source_Region9Shanghai_aluminumscrap_source_Region6Liaoning,1.5241463025326304e9,0.0,0.0,4.046385024156996e7,0.0,0.0,0.0,1.5646101527742004e9
aluminumscrap_source_Region9Shanghai_aluminumscrap_source_Region7Jilin,1.4907026666609735e9,0.0,0.0,4.6582176149919935e7,0.0,0.0,0.0,1.5372848428108935e9
aluminumscrap_source_Region9Shanghai_aluminumscrap_source_Region8Heilongjiang,1.3311377514185238e9,0.0,0.0,4.6946930437129885e7,0.0,0.0,0.0,1.3780846818556538e9
aluminumscrap_source_Region9Shanghai_aluminumscrap_source_Region10Jiangsu,6.318791798521533e9,0.0,0.0,3.0142489293481473e7,0.0,0.0,0.0,6.348934287815015e9
aluminumscrap_source_Region9Shanghai_aluminumscrap_source_Region11Zhejiang,1.304997761400326e10,0.0,0.0,3.7277877421421126e7,0.0,0.0,0.0,1.308725549142468e10
aluminumscrap_source_Region9Shanghai_aluminumscrap_source_Region12Anhui,4.455609457469347e9,0.0,0.0,3.2435675779508486e7,0.0,0.0,0.0,4.488045133248856e9
aluminumscrap_source_Region9Shanghai_aluminumscrap_source_Region13Fujian,2.8491521748032465e9,0.0,0.0,3.435910471545135e7,0.0,0.0,0.0,2.8835112795186977e9
aluminumscrap_source_Region9Shanghai_aluminumscrap_source_Region14Jiangxi,2.9941091977116246e9,0.0,0.0,3.3157955096898634e7,0.0,0.0,0.0,3.027267152808523e9
aluminumscrap_source_Region9Shanghai_aluminumscrap_source_Region15Shandong,2.246970743999992e9,0.0,0.0,2.8941568712555405e7,0.0,0.0,0.0,2.2759123127125473e9
aluminumscrap_source_Region9Shanghai_aluminumscrap_source_Region16Henan,1.9502962096614096e9,0.0,0.0,2.97491958120496e7,0.0,0.0,0.0,1.9800454054734592e9
aluminumscrap_source_Region9Shanghai_aluminumscrap_source_Region17Hubei,2.5964865443989863e9,0.0,0.0,3.1835800622035503e7,0.0,0.0,0.0,2.628322345021022e9
aluminumscrap_source_Region9Shanghai_aluminumscrap_source_Region18Hunan,2.1356787095619311e9,0.0,0.0,3.519153290434893e7,0.0,0.0,0.0,2.17087024246628e9
aluminumscrap_source_Region9Shanghai_aluminumscrap_source_Region19Guangdong,1.4107002582561793e9,0.0,0.0,3.171511506991361e7,0.0,0.0,0.0,1.442415373326093e9
aluminumscrap_source_Region9Shanghai_aluminumscrap_source_Region20Guangxi,1.238533081201744e9,0.0,0.0,3.637269086261215e7,0.0,0.0,0.0,1.2749057720643563e9
aluminumscrap_source_Region9Shanghai_aluminumscrap_source_Region21Hainan,1.2279124552810476e9,0.0,0.0,3.884843027900245e7,0.0,0.0,0.0,1.26676088556005e9
aluminumscrap_source_Region9Shanghai_aluminumscrap_source_Region22Chongqing,1.4224652227023222e9,0.0,0.0,3.669682268339531e7,0.0,0.0,0.0,1.4591620453857176e9
aluminumscrap_source_Region9Shanghai_aluminumscrap_source_Region23Sichuan,1.327918239829555e9,0.0,0.0,4.0249677650557466e7,0.0,0.0,0.0,1.3681679174801126e9
aluminumscrap_source_Region9Shanghai_aluminumscrap_source_Region24Guizhou,1.3105539967109387e9,0.0,0.0,3.694481599066835e7,0.0,0.0,0.0,1.347498812701607e9
aluminumscrap_source_Region9Shanghai_aluminumscrap_source_Region25Yunnan,1.0371480500839396e9,0.0,0.0,3.772651369673406e7,0.0,0.0,0.0,1.0748745637806735e9
aluminumscrap_source_Region9Shanghai_aluminumscrap_source_Region27Shaanxi,1.5776279571286216e9,0.0,0.0,3.45651604897616e7,0.0,0.0,0.0,1.6121931176183832e9
aluminumscrap_source_Region9Shanghai_aluminumscrap_source_Region28Gansu,1.4468366013647103e9,0.0,0.0,4.5218215230768636e7,0.0,0.0,0.0,1.492054816595479e9
aluminumscrap_source_Region9Shanghai_aluminumscrap_source_Region29Qinghai,1.3246037044158528e9,0.0,0.0,4.60330421441842e7,0.0,0.0,0.0,1.370636746560037e9
aluminumscrap_source_Region9Shanghai_aluminumscrap_source_Region30Ningxia,1.2949670221229987e9,0.0,0.0,3.9092987512418374e7,0.0,0.0,0.0,1.334060009635417e9
aluminumscrap_source_Region9Shanghai_aluminumscrap_source_Region31Xinjiang,6.690652784704973e8,0.0,0.0,4.119001225763012e7,0.0,0.0,0.0,7.102552907281274e8
aluminumscrap_source_Region10Jiangsu_aluminumscrap_source_Region1Beijing,2.39431542107688e9,0.0,0.0,3.802703225636327e7,0.0,0.0,0.0,2.4323424533332434e9
aluminumscrap_source_Region10Jiangsu_aluminumscrap_source_Region2Tianjin,2.5595359335943418e9,0.0,0.0,3.6341074886728704e7,0.0,0.0,0.0,2.5958770084810705e9
aluminumscrap_source_Region10Jiangsu_aluminumscrap_source_Region3Hebei,2.2230762214317837e9,0.0,0.0,3.1219810742775764e7,0.0,0.0,0.0,2.2542960321745596e9
aluminumscrap_source_Region10Jiangsu_aluminumscrap_source_Region4Shanxi,1.9838399368390527e9,0.0,0.0,3.436450187920231e7,0.0,0.0,0.0,2.018204438718255e9
aluminumscrap_source_Region10Jiangsu_aluminumscrap_source_Region5Innermongolia,1.5107775366327279e9,0.0,0.0,3.460280933024032e7,0.0,0.0,0.0,1.545380345962968e9
aluminumscrap_source_Region10Jiangsu_aluminumscrap_source_Region6Liaoning,1.6282448244213278e9,0.0,0.0,3.914152053494921e7,0.0,0.0,0.0,1.6673863449562771e9
aluminumscrap_source_Region10Jiangsu_aluminumscrap_source_Region7Jilin,1.593631030585362e9,0.0,0.0,4.579939852485653e7,0.0,0.0,0.0,1.6394304291102185e9
aluminumscrap_source_Region10Jiangsu_aluminumscrap_source_Region8Heilongjiang,1.413919169802495e9,0.0,0.0,4.6318333986765124e7,0.0,0.0,0.0,1.4602375037892601e9
aluminumscrap_source_Region10Jiangsu_aluminumscrap_source_Region9Shanghai,6.45440191351148e9,0.0,0.0,3.0456367387587212e7,0.0,0.0,0.0,6.484858280899068e9
aluminumscrap_source_Region10Jiangsu_aluminumscrap_source_Region11Zhejiang,8.127645541956852e9,0.0,0.0,3.530204453246556e7,0.0,0.0,0.0,8.162947586489318e9
aluminumscrap_source_Region10Jiangsu_aluminumscrap_source_Region12Anhui,1.1969992881472118e10,0.0,0.0,3.059951274716391e7,0.0,0.0,0.0,1.2000592394219282e10
aluminumscrap_source_Region10Jiangsu_aluminumscrap_source_Region13Fujian,2.5792456347573514e9,0.0,0.0,3.441906682890528e7,0.0,0.0,0.0,2.6136647015862565e9
aluminumscrap_source_Region10Jiangsu_aluminumscrap_source_Region14Jiangxi,3.532045533696881e9,0.0,0.0,3.280315382956537e7,0.0,0.0,0.0,3.5648486875264463e9
aluminumscrap_source_Region10Jiangsu_aluminumscrap_source_Region15Shandong,2.716635604845681e9,0.0,0.0,2.674656063121292e7,0.0,0.0,0.0,2.743382165476894e9
aluminumscrap_source_Region10Jiangsu_aluminumscrap_source_Region16Henan,2.508195310439495e9,0.0,0.0,2.688262491684082e7,0.0,0.0,0.0,2.535077935356336e9
aluminumscrap_source_Region10Jiangsu_aluminumscrap_source_Region17Hubei,3.566539644528277e9,0.0,0.0,2.994499214246272e7,0.0,0.0,0.0,3.5964846366707397e9
aluminumscrap_source_Region10Jiangsu_aluminumscrap_source_Region18Hunan,2.4735041151215367e9,0.0,0.0,3.3390855291141648e7,0.0,0.0,0.0,2.5068949704126782e9
aluminumscrap_source_Region10Jiangsu_aluminumscrap_source_Region19Guangdong,1.4583147876820164e9,0.0,0.0,3.1342272424459226e7,0.0,0.0,0.0,1.4896570601064756e9
aluminumscrap_source_Region10Jiangsu_aluminumscrap_source_Region20Guangxi,1.3040380044947958e9,0.0,0.0,3.538488010633049e7,0.0,0.0,0.0,1.3394228846011262e9
aluminumscrap_source_Region10Jiangsu_aluminumscrap_source_Region21Hainan,1.2566776395903268e9,0.0,0.0,3.8514754540064394e7,0.0,0.0,0.0,1.2951923941303911e9
aluminumscrap_source_Region10Jiangsu_aluminumscrap_source_Region22Chongqing,1.5711323643491902e9,0.0,0.0,3.419439089783567e7,0.0,0.0,0.0,1.605326755247026e9
aluminumscrap_source_Region10Jiangsu_aluminumscrap_source_Region23Sichuan,1.4578060972550495e9,0.0,0.0,3.8312853715325356e7,0.0,0.0,0.0,1.4961189509703748e9
aluminumscrap_source_Region10Jiangsu_aluminumscrap_source_Region24Guizhou,1.4119026696255686e9,0.0,0.0,3.499384670056727e7,0.0,0.0,0.0,1.4468965163261359e9
aluminumscrap_source_Region10Jiangsu_aluminumscrap_source_Region25Yunnan,1.104652456480367e9,0.0,0.0,3.641510211194601e7,0.0,0.0,0.0,1.141067558592313e9
aluminumscrap_source_Region10Jiangsu_aluminumscrap_source_Region27Shaanxi,1.8934537291617627e9,0.0,0.0,3.245244004545328e7,0.0,0.0,0.0,1.925906169207216e9
aluminumscrap_source_Region10Jiangsu_aluminumscrap_source_Region28Gansu,1.6185228969434986e9,0.0,0.0,4.3500834290749796e7,0.0,0.0,0.0,1.6620237312342484e9
aluminumscrap_source_Region10Jiangsu_aluminumscrap_source_Region29Qinghai,1.472153240283457e9,0.0,0.0,4.471816518914969e7,0.0,0.0,0.0,1.5168714054726067e9
aluminumscrap_source_Region10Jiangsu_aluminumscrap_source_Region30Ningxia,1.4463612346539721e9,0.0,0.0,3.7109766036229335e7,0.0,0.0,0.0,1.4834710006902015e9
aluminumscrap_source_Region10Jiangsu_aluminumscrap_source_Region31Xinjiang,7.092199393815116e8,0.0,0.0,4.0561651329203404e7,0.0,0.0,0.0,7.497815907107149e8
aluminumscrap_source_Region11Zhejiang_aluminumscrap_source_Region1Beijing,2.039049450906462e9,0.0,0.0,4.038991660226814e7,0.0,0.0,0.0,2.0794393675087302e9
aluminumscrap_source_Region11Zhejiang_aluminumscrap_source_Region2Tianjin,2.1667692393050656e9,0.0,0.0,3.8844314420125425e7,0.0,0.0,0.0,2.205613553725191e9
aluminumscrap_source_Region11Zhejiang_aluminumscrap_source_Region3Hebei,1.8688695970091538e9,0.0,0.0,3.423135999316577e7,0.0,0.0,0.0,1.9031009570023196e9
aluminumscrap_source_Region11Zhejiang_aluminumscrap_source_Region4Shanxi,1.7090828331677303e9,0.0,0.0,3.690015610665255e7,0.0,0.0,0.0,1.7459829892743828e9
aluminumscrap_source_Region11Zhejiang_aluminumscrap_source_Region5Innermongolia,1.32806211448548e9,0.0,0.0,3.6086605583285764e7,0.0,0.0,0.0,1.3641487200687659e9
aluminumscrap_source_Region11Zhejiang_aluminumscrap_source_Region6Liaoning,1.4508684873014107e9,0.0,0.0,4.028102420171116e7,0.0,0.0,0.0,1.4911495115031219e9
aluminumscrap_source_Region11Zhejiang_aluminumscrap_source_Region7Jilin,1.4199814280438976e9,0.0,0.0,4.609731500790955e7,0.0,0.0,0.0,1.4660787430518072e9
aluminumscrap_source_Region11Zhejiang_aluminumscrap_source_Region8Heilongjiang,1.2747027928207302e9,0.0,0.0,4.6505143923406705e7,0.0,0.0,0.0,1.3212079367441368e9
aluminumscrap_source_Region11Zhejiang_aluminumscrap_source_Region9Shanghai,8.787889187033781e9,0.0,0.0,2.4443499461211395e7,0.0,0.0,0.0,8.812332686494993e9
aluminumscrap_source_Region11Zhejiang_aluminumscrap_source_Region10Jiangsu,6.136280188361971e9,0.0,0.0,2.6623860621818084e7,0.0,0.0,0.0,6.162904048983789e9
aluminumscrap_source_Region11Zhejiang_aluminumscrap_source_Region12Anhui,4.606557102627493e9,0.0,0.0,2.9018608833594028e7,0.0,0.0,0.0,4.635575711461087e9
aluminumscrap_source_Region11Zhejiang_aluminumscrap_source_Region13Fujian,3.402982670893169e9,0.0,0.0,3.2290869310202986e7,0.0,0.0,0.0,3.435273540203372e9
aluminumscrap_source_Region11Zhejiang_aluminumscrap_source_Region14Jiangxi,3.646613584552419e9,0.0,0.0,3.017257968383285e7,0.0,0.0,0.0,3.676786164236252e9
aluminumscrap_source_Region11Zhejiang_aluminumscrap_source_Region15Shandong,2.103292841091376e9,0.0,0.0,2.839322015371928e7,0.0,0.0,0.0,2.1316860612450953e9
aluminumscrap_source_Region11Zhejiang_aluminumscrap_source_Region16Henan,1.910524297660393e9,0.0,0.0,2.863172699894437e7,0.0,0.0,0.0,1.9391560246593373e9
aluminumscrap_source_Region11Zhejiang_aluminumscrap_source_Region17Hubei,2.704637370357868e9,0.0,0.0,2.9495524156215534e7,0.0,0.0,0.0,2.734132894514084e9
aluminumscrap_source_Region11Zhejiang_aluminumscrap_source_Region18Hunan,2.342981010774631e9,0.0,0.0,3.204648528821857e7,0.0,0.0,0.0,2.3750274960628495e9
aluminumscrap_source_Region11Zhejiang_aluminumscrap_source_Region19Guangdong,1.5137630856649776e9,0.0,0.0,2.979322432159069e7,0.0,0.0,0.0,1.5435563099865682e9
aluminumscrap_source_Region11Zhejiang_aluminumscrap_source_Region20Guangxi,1.2943866112580833e9,0.0,0.0,3.438228138944141e7,0.0,0.0,0.0,1.3287688926475248e9
aluminumscrap_source_Region11Zhejiang_aluminumscrap_source_Region21Hainan,1.283754346163732e9,0.0,0.0,3.702029731957354e7,0.0,0.0,0.0,1.3207746434833057e9
aluminumscrap_source_Region11Zhejiang_aluminumscrap_source_Region22Chongqing,1.4393466459868839e9,0.0,0.0,3.51811952313428e7,0.0,0.0,0.0,1.4745278412182267e9
aluminumscrap_source_Region11Zhejiang_aluminumscrap_source_Region23Sichuan,1.3443078278378675e9,0.0,0.0,3.8924148529609516e7,0.0,0.0,0.0,1.383231976367477e9
aluminumscrap_source_Region11Zhejiang_aluminumscrap_source_Region24Guizhou,1.3517506358972907e9,0.0,0.0,3.49993337284052e7,0.0,0.0,0.0,1.386749969625696e9
aluminumscrap_source_Region11Zhejiang_aluminumscrap_source_Region25Yunnan,1.0643946321548383e9,0.0,0.0,3.6271240663684234e7,0.0,0.0,0.0,1.1006658728185225e9
aluminumscrap_source_Region11Zhejiang_aluminumscrap_source_Region27Shaanxi,1.5944440206919684e9,0.0,0.0,3.318354818412643e7,0.0,0.0,0.0,1.6276275688760948e9
aluminumscrap_source_Region11Zhejiang_aluminumscrap_source_Region28Gansu,1.4462368800189264e9,0.0,0.0,4.4181924271567136e7,0.0,0.0,0.0,1.4904188042904935e9
aluminumscrap_source_Region11Zhejiang_aluminumscrap_source_Region29Qinghai,1.325270235396416e9,0.0,0.0,4.5123767947196566e7,0.0,0.0,0.0,1.3703940033436124e9
aluminumscrap_source_Region11Zhejiang_aluminumscrap_source_Region30Ningxia,1.2786775006676981e9,0.0,0.0,3.8265361348971695e7,0.0,0.0,0.0,1.3169428620166698e9
aluminumscrap_source_Region11Zhejiang_aluminumscrap_source_Region31Xinjiang,6.678945507725573e8,0.0,0.0,4.064801884897221e7,0.0,0.0,0.0,7.085425696215295e8
aluminumscrap_source_Region12Anhui_aluminumscrap_source_Region1Beijing,2.3561306531290874e9,0.0,0.0,3.79731514357597e7,0.0,0.0,0.0,2.394103804564847e9
aluminumscrap_source_Region12Anhui_aluminumscrap_source_Region2Tianjin,2.4733405776987615e9,0.0,0.0,3.674143399929523e7,0.0,0.0,0.0,2.5100820116980567e9
aluminumscrap_source_Region12Anhui_aluminumscrap_source_Region3Hebei,2.2422594698494763e9,0.0,0.0,3.0542641565595206e7,0.0,0.0,0.0,2.2728021114150715e9
aluminumscrap_source_Region12Anhui_aluminumscrap_source_Region4Shanxi,2.08788264677203e9,0.0,0.0,3.2543221533295672e7,0.0,0.0,0.0,2.1204258683053257e9
aluminumscrap_source_Region12Anhui_aluminumscrap_source_Region5Innermongolia,1.5367450031875038e9,0.0,0.0,3.3921718757005125e7,0.0,0.0,0.0,1.570666721944509e9
aluminumscrap_source_Region12Anhui_aluminumscrap_source_Region6Liaoning,1.6014129457636483e9,0.0,0.0,3.91650313448364e7,0.0,0.0,0.0,1.6405779771084847e9
aluminumscrap_source_Region12Anhui_aluminumscrap_source_Region7Jilin,1.5681798052851462e9,0.0,0.0,4.5722606398369886e7,0.0,0.0,0.0,1.613902411683516e9
aluminumscrap_source_Region12Anhui_aluminumscrap_source_Region8Heilongjiang,1.3939573292786067e9,0.0,0.0,4.6246327926977634e7,0.0,0.0,0.0,1.4402036572055843e9
aluminumscrap_source_Region12Anhui_aluminumscrap_source_Region9Shanghai,4.35213724818761e9,0.0,0.0,3.143745785531226e7,0.0,0.0,0.0,4.383574706042922e9
aluminumscrap_source_Region12Anhui_aluminumscrap_source_Region10Jiangsu,1.0743034412172447e10,0.0,0.0,2.7513366046340276e7,0.0,0.0,0.0,1.0770547778218788e10
aluminumscrap_source_Region12Anhui_aluminumscrap_source_Region11Zhejiang,5.292129882519198e9,0.0,0.0,3.363519161814808e7,0.0,0.0,0.0,5.325765074137346e9
aluminumscrap_source_Region12Anhui_aluminumscrap_source_Region13Fujian,2.4471048039928403e9,0.0,0.0,3.404456841057188e7,0.0,0.0,0.0,2.4811493724034123e9
aluminumscrap_source_Region12Anhui_aluminumscrap_source_Region14Jiangxi,4.528852056420236e9,0.0,0.0,3.1673050551193748e7,0.0,0.0,0.0,4.56052510697143e9
aluminumscrap_source_Region12Anhui_aluminumscrap_source_Region15Shandong,2.6402767481221786e9,0.0,0.0,2.6626373981062736e7,0.0,0.0,0.0,2.6669031221032414e9
aluminumscrap_source_Region12Anhui_aluminumscrap_source_Region16Henan,2.8762075771699934e9,0.0,0.0,2.5120253591252055e7,0.0,0.0,0.0,2.9013278307612453e9
aluminumscrap_source_Region12Anhui_aluminumscrap_source_Region17Hubei,4.757587841551188e9,0.0,0.0,2.8095493332959723e7,0.0,0.0,0.0,4.785683334884149e9
aluminumscrap_source_Region12Anhui_aluminumscrap_source_Region18Hunan,2.825947953124683e9,0.0,0.0,3.1666817949255455e7,0.0,0.0,0.0,2.8576147710739384e9
aluminumscrap_source_Region12Anhui_aluminumscrap_source_Region19Guangdong,1.5743158241050646e9,0.0,0.0,3.0224402351821933e7,0.0,0.0,0.0,1.6045402264568865e9
aluminumscrap_source_Region12Anhui_aluminumscrap_source_Region20Guangxi,1.370648555312974e9,0.0,0.0,3.4042088288437694e7,0.0,0.0,0.0,1.4046906436014116e9
aluminumscrap_source_Region12Anhui_aluminumscrap_source_Region21Hainan,1.3194255979034793e9,0.0,0.0,3.7411517734951824e7,0.0,0.0,0.0,1.356837115638431e9
aluminumscrap_source_Region12Anhui_aluminumscrap_source_Region22Chongqing,1.6703851776002605e9,0.0,0.0,3.2194144236005377e7,0.0,0.0,0.0,1.7025793218362658e9
aluminumscrap_source_Region12Anhui_aluminumscrap_source_Region23Sichuan,1.5425010463485343e9,0.0,0.0,3.668961837357701e7,0.0,0.0,0.0,1.5791906647221115e9
aluminumscrap_source_Region12Anhui_aluminumscrap_source_Region24Guizhou,1.48749843931651e9,0.0,0.0,3.3225385335362624e7,0.0,0.0,0.0,1.5207238246518726e9
aluminumscrap_source_Region12Anhui_aluminumscrap_source_Region25Yunnan,1.1537280788620691e9,0.0,0.0,3.521343451851424e7,0.0,0.0,0.0,1.1889415133805833e9
aluminumscrap_source_Region12Anhui_aluminumscrap_source_Region27Shaanxi,2.126479524714935e9,0.0,0.0,3.09305105174041e7,0.0,0.0,0.0,2.1574100352323394e9
aluminumscrap_source_Region12Anhui_aluminumscrap_source_Region28Gansu,1.725757440448575e9,0.0,0.0,4.1906562305052936e7,0.0,0.0,0.0,1.767664002753628e9
aluminumscrap_source_Region12Anhui_aluminumscrap_source_Region29Qinghai,1.564201085793646e9,0.0,0.0,4.345686894092612e7,0.0,0.0,0.0,1.6076579547345722e9
aluminumscrap_source_Region12Anhui_aluminumscrap_source_Region30Ningxia,1.5093874136577296e9,0.0,0.0,3.5979862684496254e7,0.0,0.0,0.0,1.5453672763422258e9
aluminumscrap_source_Region12Anhui_aluminumscrap_source_Region31Xinjiang,7.33061966320397e8,0.0,0.0,4.002031220014492e7,0.0,0.0,0.0,7.730822785205419e8
aluminumscrap_source_Region13Fujian_aluminumscrap_source_Region1Beijing,1.1373867739455237e9,0.0,0.0,3.3492965473078832e7,0.0,0.0,0.0,1.1708797394186025e9
aluminumscrap_source_Region13Fujian_aluminumscrap_source_Region2Tianjin,1.1900644224414403e9,0.0,0.0,3.258807290367079e7,0.0,0.0,0.0,1.2226524953451111e9
aluminumscrap_source_Region13Fujian_aluminumscrap_source_Region3Hebei,1.187262924795684e9,0.0,0.0,3.1258351099363416e7,0.0,0.0,0.0,1.2185212758950474e9
aluminumscrap_source_Region13Fujian_aluminumscrap_source_Region4Shanxi,1.1379335009764795e9,0.0,0.0,3.2196030697595377e7,0.0,0.0,0.0,1.170129531674075e9
aluminumscrap_source_Region13Fujian_aluminumscrap_source_Region5Innermongolia,1.0208506784445058e9,0.0,0.0,3.550086377583757e7,0.0,0.0,0.0,1.0563515422203434e9
aluminumscrap_source_Region13Fujian_aluminumscrap_source_Region6Liaoning,9.993439123477025e8,0.0,0.0,3.719981216704762e7,0.0,0.0,0.0,1.0365437245147501e9
aluminumscrap_source_Region13Fujian_aluminumscrap_source_Region7Jilin,9.636481063648434e8,0.0,0.0,4.040014643502324e7,0.0,0.0,0.0,1.0040482527998666e9
aluminumscrap_source_Region13Fujian_aluminumscrap_source_Region8Heilongjiang,8.935105165919136e8,0.0,0.0,4.105142389063715e7,0.0,0.0,0.0,9.345619404825507e8
aluminumscrap_source_Region13Fujian_aluminumscrap_source_Region9Shanghai,2.297188860301043e9,0.0,0.0,2.7530349364233207e7,0.0,0.0,0.0,2.324719209665276e9
aluminumscrap_source_Region13Fujian_aluminumscrap_source_Region10Jiangsu,2.1036024429538314e9,0.0,0.0,2.809152072745603e7,0.0,0.0,0.0,2.1316939636812875e9
aluminumscrap_source_Region13Fujian_aluminumscrap_source_Region11Zhejiang,2.910797116826513e9,0.0,0.0,2.7661485148255263e7,0.0,0.0,0.0,2.938458601974768e9
aluminumscrap_source_Region13Fujian_aluminumscrap_source_Region12Anhui,2.048147084496778e9,0.0,0.0,2.8619086114628337e7,0.0,0.0,0.0,2.0767661706114063e9
aluminumscrap_source_Region13Fujian_aluminumscrap_source_Region14Jiangxi,3.0672862808083415e9,0.0,0.0,2.6990520685429532e7,0.0,0.0,0.0,3.094276801493771e9
aluminumscrap_source_Region13Fujian_aluminumscrap_source_Region15Shandong,1.2944060696408467e9,0.0,0.0,3.0302762862382844e7,0.0,0.0,0.0,1.3247088325032296e9
aluminumscrap_source_Region13Fujian_aluminumscrap_source_Region16Henan,1.3657649206633956e9,0.0,0.0,2.9282711698330276e7,0.0,0.0,0.0,1.3950476323617258e9
aluminumscrap_source_Region13Fujian_aluminumscrap_source_Region17Hubei,1.9994590498054388e9,0.0,0.0,2.8051303276462663e7,0.0,0.0,0.0,2.0275103530819013e9
aluminumscrap_source_Region13Fujian_aluminumscrap_source_Region18Hunan,2.089681410001378e9,0.0,0.0,2.8336896733199153e7,0.0,0.0,0.0,2.1180183067345772e9
aluminumscrap_source_Region13Fujian_aluminumscrap_source_Region19Guangdong,1.8741707773899882e9,0.0,0.0,2.5889196849366352e7,0.0,0.0,0.0,1.9000599742393546e9
aluminumscrap_source_Region13Fujian_aluminumscrap_source_Region20Guangxi,1.2957191743083305e9,0.0,0.0,2.9391469103632864e7,0.0,0.0,0.0,1.3251106434119635e9
aluminumscrap_source_Region13Fujian_aluminumscrap_source_Region21Hainan,1.3641329364838808e9,0.0,0.0,3.0866551437333737e7,0.0,0.0,0.0,1.3949994879212146e9
aluminumscrap_source_Region13Fujian_aluminumscrap_source_Region22Chongqing,1.185421556217517e9,0.0,0.0,3.0286864338997424e7,0.0,0.0,0.0,1.2157084205565143e9
aluminumscrap_source_Region13Fujian_aluminumscrap_source_Region23Sichuan,1.0882287051452246e9,0.0,0.0,3.385745355624989e7,0.0,0.0,0.0,1.1220861587014744e9
aluminumscrap_source_Region13Fujian_aluminumscrap_source_Region24Guizhou,1.1935316311116748e9,0.0,0.0,2.8579445363609537e7,0.0,0.0,0.0,1.2221110764752843e9
aluminumscrap_source_Region13Fujian_aluminumscrap_source_Region25Yunnan,1.0569191343584073e9,0.0,0.0,3.4172295681142695e7,0.0,0.0,0.0,1.09109143003955e9
aluminumscrap_source_Region13Fujian_aluminumscrap_source_Region27Shaanxi,1.288555670481027e9,0.0,0.0,3.2801003055794034e7,0.0,0.0,0.0,1.321356673536821e9
aluminumscrap_source_Region13Fujian_aluminumscrap_source_Region28Gansu,1.044797299025221e9,0.0,0.0,3.676978616874314e7,0.0,0.0,0.0,1.0815670851939642e9
aluminumscrap_source_Region13Fujian_aluminumscrap_source_Region29Qinghai,9.786433856176873e8,0.0,0.0,3.786603965688234e7,0.0,0.0,0.0,1.0165094252745696e9
aluminumscrap_source_Region13Fujian_aluminumscrap_source_Region30Ningxia,1.0330287484410049e9,0.0,0.0,3.637984030731248e7,0.0,0.0,0.0,1.0694085887483174e9
aluminumscrap_source_Region13Fujian_aluminumscrap_source_Region31Xinjiang,6.23097599900853e8,0.0,0.0,4.081512539076922e7,0.0,0.0,0.0,6.639127252916223e8
aluminumscrap_source_Region14Jiangxi_aluminumscrap_source_Region1Beijing,1.6022345652507486e9,0.0,0.0,3.588587905753791e7,0.0,0.0,0.0,1.6381204443082867e9
aluminumscrap_source_Region14Jiangxi_aluminumscrap_source_Region2Tianjin,1.6546528526414423e9,0.0,0.0,3.514288628057009e7,0.0,0.0,0.0,1.6897957389220123e9
aluminumscrap_source_Region14Jiangxi_aluminumscrap_source_Region3Hebei,1.7199223529387054e9,0.0,0.0,3.2067868235248055e7,0.0,0.0,0.0,1.7519902211739535e9
aluminumscrap_source_Region14Jiangxi_aluminumscrap_source_Region4Shanxi,1.65614366810041e9,0.0,0.0,3.313150472965959e7,0.0,0.0,0.0,1.6892751728300695e9
aluminumscrap_source_Region14Jiangxi_aluminumscrap_source_Region5Innermongolia,1.354957160540557e9,0.0,0.0,3.5895860526174575e7,0.0,0.0,0.0,1.3908530210667315e9
aluminumscrap_source_Region14Jiangxi_aluminumscrap_source_Region6Liaoning,1.3190700661543198e9,0.0,0.0,4.130554051065346e7,0.0,0.0,0.0,1.3603756066649733e9
aluminumscrap_source_Region14Jiangxi_aluminumscrap_source_Region7Jilin,1.2545915612251108e9,0.0,0.0,4.518295039154544e7,0.0,0.0,0.0,1.2997745116166563e9
aluminumscrap_source_Region14Jiangxi_aluminumscrap_source_Region8Heilongjiang,1.1409029145825744e9,0.0,0.0,4.567476606314542e7,0.0,0.0,0.0,1.1865776806457198e9
aluminumscrap_source_Region14Jiangxi_aluminumscrap_source_Region9Shanghai,2.752969876944124e9,0.0,0.0,3.0500395384535972e7,0.0,0.0,0.0,2.78347027232866e9
aluminumscrap_source_Region14Jiangxi_aluminumscrap_source_Region10Jiangsu,3.219511683278268e9,0.0,0.0,2.943241925023269e7,0.0,0.0,0.0,3.2489441025285006e9
aluminumscrap_source_Region14Jiangxi_aluminumscrap_source_Region11Zhejiang,3.7147542131622567e9,0.0,0.0,3.1102293907206055e7,0.0,0.0,0.0,3.745856507069463e9
aluminumscrap_source_Region14Jiangxi_aluminumscrap_source_Region12Anhui,4.136683820614274e9,0.0,0.0,2.8619923240992635e7,0.0,0.0,0.0,4.1653037438552666e9
aluminumscrap_source_Region14Jiangxi_aluminumscrap_source_Region13Fujian,3.7235059165698256e9,0.0,0.0,3.281730739028651e7,0.0,0.0,0.0,3.756323223960112e9
aluminumscrap_source_Region14Jiangxi_aluminumscrap_source_Region15Shandong,1.8510129257200897e9,0.0,0.0,3.136037951234323e7,0.0,0.0,0.0,1.8823733052324328e9
aluminumscrap_source_Region14Jiangxi_aluminumscrap_source_Region16Henan,2.1000567763236754e9,0.0,0.0,2.7650154705024127e7,0.0,0.0,0.0,2.1277069310286996e9
aluminumscrap_source_Region14Jiangxi_aluminumscrap_source_Region17Hubei,4.928911721097386e9,0.0,0.0,2.6171076281193588e7,0.0,0.0,0.0,4.95508279737858e9
aluminumscrap_source_Region14Jiangxi_aluminumscrap_source_Region18Hunan,5.111264474515258e9,0.0,0.0,2.742701187210894e7,0.0,0.0,0.0,5.138691486387367e9
aluminumscrap_source_Region14Jiangxi_aluminumscrap_source_Region19Guangdong,2.1430701270845149e9,0.0,0.0,2.6417143789343588e7,0.0,0.0,0.0,2.1694872708738585e9
aluminumscrap_source_Region14Jiangxi_aluminumscrap_source_Region20Guangxi,1.6402653262176821e9,0.0,0.0,3.0013329166476484e7,0.0,0.0,0.0,1.6702786553841586e9
aluminumscrap_source_Region14Jiangxi_aluminumscrap_source_Region21Hainan,1.564061720199709e9,0.0,0.0,3.360032526730008e7,0.0,0.0,0.0,1.597662045467009e9
aluminumscrap_source_Region14Jiangxi_aluminumscrap_source_Region22Chongqing,1.7421739651976802e9,0.0,0.0,3.0170140203564107e7,0.0,0.0,0.0,1.7723441054012444e9
aluminumscrap_source_Region14Jiangxi_aluminumscrap_source_Region23Sichuan,1.5716339529648495e9,0.0,0.0,3.544377558967813e7,0.0,0.0,0.0,1.6070777285545275e9
aluminumscrap_source_Region14Jiangxi_aluminumscrap_source_Region24Guizhou,1.6645040822573957e9,0.0,0.0,2.90593134840173e7,0.0,0.0,0.0,1.693563395741413e9
aluminumscrap_source_Region14Jiangxi_aluminumscrap_source_Region25Yunnan,1.2614518614270601e9,0.0,0.0,3.2679081524927616e7,0.0,0.0,0.0,1.2941309429519877e9
aluminumscrap_source_Region14Jiangxi_aluminumscrap_source_Region27Shaanxi,1.8741027294080088e9,0.0,0.0,3.136478793315957e7,0.0,0.0,0.0,1.9054675173411684e9
aluminumscrap_source_Region14Jiangxi_aluminumscrap_source_Region28Gansu,1.4917863408636768e9,0.0,0.0,3.949278382827944e7,0.0,0.0,0.0,1.5312791246919563e9
aluminumscrap_source_Region14Jiangxi_aluminumscrap_source_Region29Qinghai,1.3654769392970896e9,0.0,0.0,4.092694659490589e7,0.0,0.0,0.0,1.4064038858919954e9
aluminumscrap_source_Region14Jiangxi_aluminumscrap_source_Region30Ningxia,1.3909927168074772e9,0.0,0.0,3.685704792975058e7,0.0,0.0,0.0,1.427849764737228e9
aluminumscrap_source_Region14Jiangxi_aluminumscrap_source_Region31Xinjiang,7.062345163952664e8,0.0,0.0,4.01027103579569e7,0.0,0.0,0.0,7.463372267532233e8
aluminumscrap_source_Region15Shandong_aluminumscrap_source_Region1Beijing,4.962208919648515e9,0.0,0.0,3.1654690385145452e7,0.0,0.0,0.0,4.99386361003366e9
aluminumscrap_source_Region15Shandong_aluminumscrap_source_Region2Tianjin,6.471487907947348e9,0.0,0.0,3.1811895217073303e7,0.0,0.0,0.0,6.503299803164421e9
aluminumscrap_source_Region15Shandong_aluminumscrap_source_Region3Hebei,5.57993404060445e9,0.0,0.0,2.706286185374074e7,0.0,0.0,0.0,5.606996902458191e9
aluminumscrap_source_Region15Shandong_aluminumscrap_source_Region4Shanxi,3.585655576776003e9,0.0,0.0,2.9146824771843746e7,0.0,0.0,0.0,3.614802401547847e9
aluminumscrap_source_Region15Shandong_aluminumscrap_source_Region5Innermongolia,2.3889986575463185e9,0.0,0.0,3.287760185077167e7,0.0,0.0,0.0,2.4218762593970904e9
aluminumscrap_source_Region15Shandong_aluminumscrap_source_Region6Liaoning,2.445533362399209e9,0.0,0.0,3.632835826890672e7,0.0,0.0,0.0,2.4818617206681156e9
aluminumscrap_source_Region15Shandong_aluminumscrap_source_Region7Jilin,2.2169276565026164e9,0.0,0.0,4.335183979134058e7,0.0,0.0,0.0,2.2602794962939568e9
aluminumscrap_source_Region15Shandong_aluminumscrap_source_Region8Heilongjiang,1.849893139164191e9,0.0,0.0,4.361071857039882e7,0.0,0.0,0.0,1.8935038577345898e9
aluminumscrap_source_Region15Shandong_aluminumscrap_source_Region9Shanghai,2.941578466484358e9,0.0,0.0,3.850919061869468e7,0.0,0.0,0.0,2.9800876571030526e9
aluminumscrap_source_Region15Shandong_aluminumscrap_source_Region10Jiangsu,3.9348204902271633e9,0.0,0.0,3.861097078306033e7,0.0,0.0,0.0,3.973431461010224e9
aluminumscrap_source_Region15Shandong_aluminumscrap_source_Region11Zhejiang,3.032757530033236e9,0.0,0.0,4.095467380361757e7,0.0,0.0,0.0,3.0737122038368535e9
aluminumscrap_source_Region15Shandong_aluminumscrap_source_Region12Anhui,3.905045783455443e9,0.0,0.0,3.930791101584804e7,0.0,0.0,0.0,3.944353694471291e9
aluminumscrap_source_Region15Shandong_aluminumscrap_source_Region13Fujian,1.7110089128566422e9,0.0,0.0,3.996738474227193e7,0.0,0.0,0.0,1.7509762975989141e9
aluminumscrap_source_Region15Shandong_aluminumscrap_source_Region14Jiangxi,2.4188808943560863e9,0.0,0.0,4.120827553079444e7,0.0,0.0,0.0,2.460089169886881e9
aluminumscrap_source_Region15Shandong_aluminumscrap_source_Region16Henan,4.0982561676737876e9,0.0,0.0,2.9392105862336908e7,0.0,0.0,0.0,4.1276482735361247e9
aluminumscrap_source_Region15Shandong_aluminumscrap_source_Region17Hubei,2.8198405179194145e9,0.0,0.0,3.766939526009659e7,0.0,0.0,0.0,2.857509913179511e9
aluminumscrap_source_Region15Shandong_aluminumscrap_source_Region18Hunan,2.183671886062484e9,0.0,0.0,4.07144556215689e7,0.0,0.0,0.0,2.2243863416840525e9
aluminumscrap_source_Region15Shandong_aluminumscrap_source_Region19Guangdong,1.269497104162477e9,0.0,0.0,3.670442806541625e7,0.0,0.0,0.0,1.3062015322278934e9
aluminumscrap_source_Region15Shandong_aluminumscrap_source_Region20Guangxi,1.2261933117892349e9,0.0,0.0,3.967977533410047e7,0.0,0.0,0.0,1.2658730871233354e9
aluminumscrap_source_Region15Shandong_aluminumscrap_source_Region21Hainan,1.1616079599804308e9,0.0,0.0,4.265696858276539e7,0.0,0.0,0.0,1.2042649285631962e9
aluminumscrap_source_Region15Shandong_aluminumscrap_source_Region22Chongqing,1.5632684886748679e9,0.0,0.0,3.8378801525742404e7,0.0,0.0,0.0,1.6016472902006102e9
aluminumscrap_source_Region15Shandong_aluminumscrap_source_Region23Sichuan,1.5697518294705179e9,0.0,0.0,4.0643789387932345e7,0.0,0.0,0.0,1.6103956188584502e9
aluminumscrap_source_Region15Shandong_aluminumscrap_source_Region24Guizhou,1.3800285725892034e9,0.0,0.0,3.910398616969506e7,0.0,0.0,0.0,1.4191325587588985e9
aluminumscrap_source_Region15Shandong_aluminumscrap_source_Region25Yunnan,1.0844971376881273e9,0.0,0.0,3.960654198116382e7,0.0,0.0,0.0,1.124103679669291e9
aluminumscrap_source_Region15Shandong_aluminumscrap_source_Region27Shaanxi,2.4657463948755913e9,0.0,0.0,3.548361665423047e7,0.0,0.0,0.0,2.501230011529822e9
aluminumscrap_source_Region15Shandong_aluminumscrap_source_Region28Gansu,1.8404236293662405e9,0.0,0.0,4.119479558776343e7,0.0,0.0,0.0,1.8816184249540038e9
aluminumscrap_source_Region15Shandong_aluminumscrap_source_Region29Qinghai,1.656925700382361e9,0.0,0.0,4.233353412890919e7,0.0,0.0,0.0,1.69925923451127e9
aluminumscrap_source_Region15Shandong_aluminumscrap_source_Region30Ningxia,2.0542917692932196e9,0.0,0.0,3.644246683684834e7,0.0,0.0,0.0,2.0907342361300678e9
aluminumscrap_source_Region15Shandong_aluminumscrap_source_Region31Xinjiang,8.285102567181545e8,0.0,0.0,4.103408896739184e7,0.0,0.0,0.0,8.695443456855464e8
aluminumscrap_source_Region16Henan_aluminumscrap_source_Region1Beijing,2.9653424482777843e9,0.0,0.0,3.2811562485673327e7,0.0,0.0,0.0,2.998154010763458e9
aluminumscrap_source_Region16Henan_aluminumscrap_source_Region2Tianjin,3.0391549106015325e9,0.0,0.0,3.2801490055321038e7,0.0,0.0,0.0,3.0719564006568537e9
aluminumscrap_source_Region16Henan_aluminumscrap_source_Region3Hebei,4.2462439682806106e9,0.0,0.0,2.806338489212582e7,0.0,0.0,0.0,4.274307353172736e9
aluminumscrap_source_Region16Henan_aluminumscrap_source_Region4Shanxi,4.096107306894949e9,0.0,0.0,2.8300765898374613e7,0.0,0.0,0.0,4.1244080727933235e9
aluminumscrap_source_Region16Henan_aluminumscrap_source_Region5Innermongolia,2.458511784145771e9,0.0,0.0,3.2923236635114193e7,0.0,0.0,0.0,2.491435020780885e9
aluminumscrap_source_Region16Henan_aluminumscrap_source_Region6Liaoning,1.8047110401674545e9,0.0,0.0,3.82114349018075e7,0.0,0.0,0.0,1.842922475069262e9
aluminumscrap_source_Region16Henan_aluminumscrap_source_Region7Jilin,1.6814654800727255e9,0.0,0.0,4.3512602205629155e7,0.0,0.0,0.0,1.7249780822783546e9
aluminumscrap_source_Region16Henan_aluminumscrap_source_Region8Heilongjiang,1.460831885741392e9,0.0,0.0,4.367535216022975e7,0.0,0.0,0.0,1.5045072379016216e9
aluminumscrap_source_Region16Henan_aluminumscrap_source_Region9Shanghai,2.5241203826422625e9,0.0,0.0,3.836005230376473e7,0.0,0.0,0.0,2.5624804349460273e9
aluminumscrap_source_Region16Henan_aluminumscrap_source_Region10Jiangsu,3.5791832578370523e9,0.0,0.0,3.831101798017333e7,0.0,0.0,0.0,3.6174942758172255e9
aluminumscrap_source_Region16Henan_aluminumscrap_source_Region11Zhejiang,2.6969221224604745e9,0.0,0.0,4.0416935833928876e7,0.0,0.0,0.0,2.7373390582944036e9
aluminumscrap_source_Region16Henan_aluminumscrap_source_Region12Anhui,4.586512357760543e9,0.0,0.0,4.033740510082556e7,0.0,0.0,0.0,4.626849762861368e9
aluminumscrap_source_Region16Henan_aluminumscrap_source_Region13Fujian,1.8644488109715347e9,0.0,0.0,3.994851831487265e7,0.0,0.0,0.0,1.9043973292864075e9
aluminumscrap_source_Region16Henan_aluminumscrap_source_Region14Jiangxi,2.984484598725481e9,0.0,0.0,4.003681228466136e7,0.0,0.0,0.0,3.0245214110101423e9
aluminumscrap_source_Region16Henan_aluminumscrap_source_Region15Shandong,4.21420405049009e9,0.0,0.0,3.000623100341138e7,0.0,0.0,0.0,4.244210281493501e9
aluminumscrap_source_Region16Henan_aluminumscrap_source_Region17Hubei,4.73882710688817e9,0.0,0.0,3.8409505754436366e7,0.0,0.0,0.0,4.777236612642607e9
aluminumscrap_source_Region16Henan_aluminumscrap_source_Region18Hunan,2.9937598445203924e9,0.0,0.0,3.8363813449937314e7,0.0,0.0,0.0,3.0321236579703298e9
aluminumscrap_source_Region16Henan_aluminumscrap_source_Region19Guangdong,1.492851200176894e9,0.0,0.0,3.466838130485078e7,0.0,0.0,0.0,1.5275195814817448e9
aluminumscrap_source_Region16Henan_aluminumscrap_source_Region20Guangxi,1.426097999318295e9,0.0,0.0,3.735243312247039e7,0.0,0.0,0.0,1.4634504324407654e9
aluminumscrap_source_Region16Henan_aluminumscrap_source_Region21Hainan,1.3339640411963816e9,0.0,0.0,4.101483184905838e7,0.0,0.0,0.0,1.37497887304544e9
aluminumscrap_source_Region16Henan_aluminumscrap_source_Region22Chongqing,1.7943340270280495e9,0.0,0.0,3.332902396001532e7,0.0,0.0,0.0,1.8276630509880648e9
aluminumscrap_source_Region16Henan_aluminumscrap_source_Region23Sichuan,1.8550599487350154e9,0.0,0.0,3.549243297876783e7,0.0,0.0,0.0,1.8905523817137833e9
aluminumscrap_source_Region16Henan_aluminumscrap_source_Region24Guizhou,1.5178642151852305e9,0.0,0.0,3.393924608421742e7,0.0,0.0,0.0,1.5518034612694478e9
aluminumscrap_source_Region16Henan_aluminumscrap_source_Region25Yunnan,1.2267029863154783e9,0.0,0.0,3.746950286487445e7,0.0,0.0,0.0,1.2641724891803527e9
aluminumscrap_source_Region16Henan_aluminumscrap_source_Region27Shaanxi,4.830147501677792e9,0.0,0.0,3.6884076192616545e7,0.0,0.0,0.0,4.867031577870408e9
aluminumscrap_source_Region16Henan_aluminumscrap_source_Region28Gansu,2.1835130478385887e9,0.0,0.0,3.738288136625291e7,0.0,0.0,0.0,2.2208959292048416e9
aluminumscrap_source_Region16Henan_aluminumscrap_source_Region29Qinghai,1.8582618094027553e9,0.0,0.0,3.831675321287864e7,0.0,0.0,0.0,1.896578562615634e9
aluminumscrap_source_Region16Henan_aluminumscrap_source_Region30Ningxia,2.3398133288741994e9,0.0,0.0,3.5570040385632016e7,0.0,0.0,0.0,2.3753833692598314e9
aluminumscrap_source_Region16Henan_aluminumscrap_source_Region31Xinjiang,8.677475018749422e8,0.0,0.0,4.077542684771274e7,0.0,0.0,0.0,9.085229287226549e8
aluminumscrap_source_Region17Hubei_aluminumscrap_source_Region1Beijing,1.872075963316399e9,0.0,0.0,3.406178186597467e7,0.0,0.0,0.0,1.9061377451823738e9
aluminumscrap_source_Region17Hubei_aluminumscrap_source_Region2Tianjin,1.8998909110813396e9,0.0,0.0,3.3801472850336716e7,0.0,0.0,0.0,1.9336923839316764e9
aluminumscrap_source_Region17Hubei_aluminumscrap_source_Region3Hebei,2.078013532477939e9,0.0,0.0,2.9660224945393145e7,0.0,0.0,0.0,2.107673757423332e9
aluminumscrap_source_Region17Hubei_aluminumscrap_source_Region4Shanxi,2.0163178203031344e9,0.0,0.0,3.028338603022576e7,0.0,0.0,0.0,2.0466012063333602e9
aluminumscrap_source_Region17Hubei_aluminumscrap_source_Region5Innermongolia,1.586871151440437e9,0.0,0.0,3.412010747821591e7,0.0,0.0,0.0,1.620991258918653e9
aluminumscrap_source_Region17Hubei_aluminumscrap_source_Region6Liaoning,1.4494509760469315e9,0.0,0.0,4.083315859765006e7,0.0,0.0,0.0,1.4902841346445816e9
aluminumscrap_source_Region17Hubei_aluminumscrap_source_Region7Jilin,1.3728494779725974e9,0.0,0.0,4.5127485224592745e7,0.0,0.0,0.0,1.41797696319719e9
aluminumscrap_source_Region17Hubei_aluminumscrap_source_Region8Heilongjiang,1.237125760103179e9,0.0,0.0,4.5644863093547486e7,0.0,0.0,0.0,1.2827706231967266e9
aluminumscrap_source_Region17Hubei_aluminumscrap_source_Region9Shanghai,2.70088841061897e9,0.0,0.0,3.307787713935376e7,0.0,0.0,0.0,2.7339662877583237e9
aluminumscrap_source_Region17Hubei_aluminumscrap_source_Region10Jiangsu,3.734819756299171e9,0.0,0.0,3.139292405451105e7,0.0,0.0,0.0,3.766212680353682e9
aluminumscrap_source_Region17Hubei_aluminumscrap_source_Region11Zhejiang,3.126778762461324e9,0.0,0.0,3.433386410230494e7,0.0,0.0,0.0,3.161112626563629e9
aluminumscrap_source_Region17Hubei_aluminumscrap_source_Region12Anhui,5.377264530531889e9,0.0,0.0,3.1427045965021327e7,0.0,0.0,0.0,5.40869157649691e9
aluminumscrap_source_Region17Hubei_aluminumscrap_source_Region13Fujian,2.500777644320609e9,0.0,0.0,3.5061065490485236e7,0.0,0.0,0.0,2.5358387098110943e9
aluminumscrap_source_Region17Hubei_aluminumscrap_source_Region14Jiangxi,6.256406675690315e9,0.0,0.0,3.3894643592860326e7,0.0,0.0,0.0,6.290301319283175e9
aluminumscrap_source_Region17Hubei_aluminumscrap_source_Region15Shandong,2.228912620283697e9,0.0,0.0,2.9712639479669806e7,0.0,0.0,0.0,2.2586252597633667e9
aluminumscrap_source_Region17Hubei_aluminumscrap_source_Region16Henan,3.105176931344897e9,0.0,0.0,2.540135875668512e7,0.0,0.0,0.0,3.130578290101582e9
aluminumscrap_source_Region17Hubei_aluminumscrap_source_Region18Hunan,5.827805542469013e9,0.0,0.0,3.105328149378666e7,0.0,0.0,0.0,5.8588588239628e9
aluminumscrap_source_Region17Hubei_aluminumscrap_source_Region19Guangdong,1.8679174022898211e9,0.0,0.0,2.913221016991432e7,0.0,0.0,0.0,1.8970496124597354e9
aluminumscrap_source_Region17Hubei_aluminumscrap_source_Region20Guangxi,1.6527127997034814e9,0.0,0.0,3.1419416179692056e7,0.0,0.0,0.0,1.6841322158831735e9
aluminumscrap_source_Region17Hubei_aluminumscrap_source_Region21Hainan,1.5214190608791916e9,0.0,0.0,3.5560172311791144e7,0.0,0.0,0.0,1.5569792331909828e9
aluminumscrap_source_Region17Hubei_aluminumscrap_source_Region22Chongqing,2.0756962951388645e9,0.0,0.0,2.8049891458843343e7,0.0,0.0,0.0,2.1037461865977077e9
aluminumscrap_source_Region17Hubei_aluminumscrap_source_Region23Sichuan,1.8432110925137951e9,0.0,0.0,3.3380973161569647e7,0.0,0.0,0.0,1.8765920656753647e9
aluminumscrap_source_Region17Hubei_aluminumscrap_source_Region24Guizhou,1.775470025937436e9,0.0,0.0,2.898955071926719e7,0.0,0.0,0.0,1.8044595766567032e9
aluminumscrap_source_Region17Hubei_aluminumscrap_source_Region25Yunnan,1.3382276616543002e9,0.0,0.0,3.2797475329924915e7,0.0,0.0,0.0,1.371025136984225e9
aluminumscrap_source_Region17Hubei_aluminumscrap_source_Region27Shaanxi,2.617023203340322e9,0.0,0.0,3.0540916518147983e7,0.0,0.0,0.0,2.64756411985847e9
aluminumscrap_source_Region17Hubei_aluminumscrap_source_Region28Gansu,1.7629458378966308e9,0.0,0.0,3.773232402600688e7,0.0,0.0,0.0,1.8006781619226377e9
aluminumscrap_source_Region17Hubei_aluminumscrap_source_Region29Qinghai,1.5832369729068062e9,0.0,0.0,3.942600432701502e7,0.0,0.0,0.0,1.6226629772338212e9
aluminumscrap_source_Region17Hubei_aluminumscrap_source_Region30Ningxia,1.6443966371356828e9,0.0,0.0,3.524129465311082e7,0.0,0.0,0.0,1.6796379317887936e9
aluminumscrap_source_Region17Hubei_aluminumscrap_source_Region31Xinjiang,7.706202696609238e8,0.0,0.0,3.985497424861597e7,0.0,0.0,0.0,8.104752439095398e8
aluminumscrap_source_Region18Hunan_aluminumscrap_source_Region1Beijing,1.5812194064539037e9,0.0,0.0,3.715814099648548e7,0.0,0.0,0.0,1.6183775474503891e9
aluminumscrap_source_Region18Hunan_aluminumscrap_source_Region2Tianjin,1.599395958359801e9,0.0,0.0,3.6940107513054274e7,0.0,0.0,0.0,1.6363360658728554e9
aluminumscrap_source_Region18Hunan_aluminumscrap_source_Region3Hebei,1.7254174405274346e9,0.0,0.0,3.3012012851701763e7,0.0,0.0,0.0,1.7584294533791363e9
aluminumscrap_source_Region18Hunan_aluminumscrap_source_Region4Shanxi,1.7038209761742043e9,0.0,0.0,3.339799908007195e7,0.0,0.0,0.0,1.7372189752542763e9
aluminumscrap_source_Region18Hunan_aluminumscrap_source_Region5Innermongolia,1.3880709214643722e9,0.0,0.0,3.6206677028466664e7,0.0,0.0,0.0,1.4242775984928389e9
aluminumscrap_source_Region18Hunan_aluminumscrap_source_Region6Liaoning,1.2748159124383707e9,0.0,0.0,4.267635205402147e7,0.0,0.0,0.0,1.317492264492392e9
aluminumscrap_source_Region18Hunan_aluminumscrap_source_Region7Jilin,1.2134960098681588e9,0.0,0.0,4.632692962546058e7,0.0,0.0,0.0,1.2598229394936194e9
aluminumscrap_source_Region18Hunan_aluminumscrap_source_Region8Heilongjiang,1.1056012481138968e9,0.0,0.0,4.665219515428989e7,0.0,0.0,0.0,1.1522534432681868e9
aluminumscrap_source_Region18Hunan_aluminumscrap_source_Region9Shanghai,2.1310143517391512e9,0.0,0.0,3.490476562681853e7,0.0,0.0,0.0,2.1659191173659697e9
aluminumscrap_source_Region18Hunan_aluminumscrap_source_Region10Jiangsu,2.4506219119154015e9,0.0,0.0,3.2944021678668916e7,0.0,0.0,0.0,2.4835659335940704e9
aluminumscrap_source_Region18Hunan_aluminumscrap_source_Region11Zhejiang,2.535469440057082e9,0.0,0.0,3.466738280646119e7,0.0,0.0,0.0,2.5701368228635435e9
aluminumscrap_source_Region18Hunan_aluminumscrap_source_Region12Anhui,2.8528932953092732e9,0.0,0.0,3.200890520464783e7,0.0,0.0,0.0,2.8849022005139213e9
aluminumscrap_source_Region18Hunan_aluminumscrap_source_Region13Fujian,2.528114477550895e9,0.0,0.0,3.418735444899693e7,0.0,0.0,0.0,2.562301831999892e9
aluminumscrap_source_Region18Hunan_aluminumscrap_source_Region14Jiangxi,5.902211961957091e9,0.0,0.0,3.1948077361243717e7,0.0,0.0,0.0,5.934160039318335e9
aluminumscrap_source_Region18Hunan_aluminumscrap_source_Region15Shandong,1.7863946494217448e9,0.0,0.0,3.3290482595113132e7,0.0,0.0,0.0,1.8196851320168579e9
aluminumscrap_source_Region18Hunan_aluminumscrap_source_Region16Henan,2.198822258250703e9,0.0,0.0,2.8104816095686603e7,0.0,0.0,0.0,2.2269270743463893e9
aluminumscrap_source_Region18Hunan_aluminumscrap_source_Region17Hubei,5.281436453388554e9,0.0,0.0,2.799333354056633e7,0.0,0.0,0.0,5.30942978692912e9
aluminumscrap_source_Region18Hunan_aluminumscrap_source_Region19Guangdong,2.456165588029392e9,0.0,0.0,2.6278891651677042e7,0.0,0.0,0.0,2.482444479681069e9
aluminumscrap_source_Region18Hunan_aluminumscrap_source_Region20Guangxi,1.996375020533387e9,0.0,0.0,2.79518514275594e7,0.0,0.0,0.0,2.0243268719609463e9
aluminumscrap_source_Region18Hunan_aluminumscrap_source_Region21Hainan,1.7799710403668432e9,0.0,0.0,3.2694879138339564e7,0.0,0.0,0.0,1.8126659195051827e9
aluminumscrap_source_Region18Hunan_aluminumscrap_source_Region22Chongqing,2.1940845095413933e9,0.0,0.0,2.630500068142798e7,0.0,0.0,0.0,2.220389510222821e9
aluminumscrap_source_Region18Hunan_aluminumscrap_source_Region23Sichuan,1.8495182924514694e9,0.0,0.0,3.247151672589586e7,0.0,0.0,0.0,1.8819898091773653e9
aluminumscrap_source_Region18Hunan_aluminumscrap_source_Region24Guizhou,2.0355709314862866e9,0.0,0.0,2.523524468912798e7,0.0,0.0,0.0,2.0608061761754146e9
aluminumscrap_source_Region18Hunan_aluminumscrap_source_Region25Yunnan,1.484499799500525e9,0.0,0.0,3.054723418041908e7,0.0,0.0,0.0,1.515047033680944e9
aluminumscrap_source_Region18Hunan_aluminumscrap_source_Region27Shaanxi,2.0385580464415016e9,0.0,0.0,3.1458868406583823e7,0.0,0.0,0.0,2.0700169148480854e9
aluminumscrap_source_Region18Hunan_aluminumscrap_source_Region28Gansu,1.5657407323397887e9,0.0,0.0,3.940892921309066e7,0.0,0.0,0.0,1.6051496615528793e9
aluminumscrap_source_Region18Hunan_aluminumscrap_source_Region29Qinghai,1.426556281683719e9,0.0,0.0,4.089746342298792e7,0.0,0.0,0.0,1.4674537451067069e9
aluminumscrap_source_Region18Hunan_aluminumscrap_source_Region30Ningxia,1.4593801452704322e9,0.0,0.0,3.677295701031126e7,0.0,0.0,0.0,1.4961531022807436e9
aluminumscrap_source_Region18Hunan_aluminumscrap_source_Region31Xinjiang,7.250566507698327e8,0.0,0.0,4.022604851478852e7,0.0,0.0,0.0,7.652826992846212e8
aluminumscrap_source_Region19Guangdong_aluminumscrap_source_Region1Beijing,1.134793774045573e9,0.0,0.0,3.8457310831173174e7,0.0,0.0,0.0,1.1732510848767462e9
aluminumscrap_source_Region19Guangdong_aluminumscrap_source_Region2Tianjin,1.1441203166167974e9,0.0,0.0,3.834942230248494e7,0.0,0.0,0.0,1.1824697389192824e9
aluminumscrap_source_Region19Guangdong_aluminumscrap_source_Region3Hebei,1.2124376624669967e9,0.0,0.0,3.585087333822939e7,0.0,0.0,0.0,1.248288535805226e9
aluminumscrap_source_Region19Guangdong_aluminumscrap_source_Region4Shanxi,1.2008254149301288e9,0.0,0.0,3.6070761493114166e7,0.0,0.0,0.0,1.236896176423243e9
aluminumscrap_source_Region19Guangdong_aluminumscrap_source_Region5Innermongolia,1.0692049380105784e9,0.0,0.0,3.904806088659455e7,0.0,0.0,0.0,1.108252998897173e9
aluminumscrap_source_Region19Guangdong_aluminumscrap_source_Region6Liaoning,9.588717458303995e8,0.0,0.0,4.209340769930437e7,0.0,0.0,0.0,1.0009651535297039e9
aluminumscrap_source_Region19Guangdong_aluminumscrap_source_Region7Jilin,9.247472660298102e8,0.0,0.0,4.494163273486062e7,0.0,0.0,0.0,9.696888987646708e8
aluminumscrap_source_Region19Guangdong_aluminumscrap_source_Region8Heilongjiang,8.58787999834905e8,0.0,0.0,4.5188249662192434e7,0.0,0.0,0.0,9.039762494970975e8
aluminumscrap_source_Region19Guangdong_aluminumscrap_source_Region9Shanghai,1.6290277172227404e9,0.0,0.0,3.656238626303442e7,0.0,0.0,0.0,1.6655901034857748e9
aluminumscrap_source_Region19Guangdong_aluminumscrap_source_Region10Jiangsu,1.6861195202469811e9,0.0,0.0,3.626991378693118e7,0.0,0.0,0.0,1.7223894340339124e9
aluminumscrap_source_Region19Guangdong_aluminumscrap_source_Region11Zhejiang,1.8886748071170385e9,0.0,0.0,3.727838034925683e7,0.0,0.0,0.0,1.9259531874662952e9
aluminumscrap_source_Region19Guangdong_aluminumscrap_source_Region12Anhui,1.8730025339651806e9,0.0,0.0,3.612564314109887e7,0.0,0.0,0.0,1.9091281771062796e9
aluminumscrap_source_Region19Guangdong_aluminumscrap_source_Region13Fujian,2.903841610834945e9,0.0,0.0,4.01263616780079e7,0.0,0.0,0.0,2.9439679725129533e9
aluminumscrap_source_Region19Guangdong_aluminumscrap_source_Region14Jiangxi,2.9719112173475733e9,0.0,0.0,3.694075962670471e7,0.0,0.0,0.0,3.008851976974278e9
aluminumscrap_source_Region19Guangdong_aluminumscrap_source_Region15Shandong,1.244974524905377e9,0.0,0.0,3.617060579302941e7,0.0,0.0,0.0,1.2811451306984062e9
aluminumscrap_source_Region19Guangdong_aluminumscrap_source_Region16Henan,1.4532851475569837e9,0.0,0.0,3.374272485923841e7,0.0,0.0,0.0,1.487027872416222e9
aluminumscrap_source_Region19Guangdong_aluminumscrap_source_Region17Hubei,2.202963566583602e9,0.0,0.0,3.462628180044023e7,0.0,0.0,0.0,2.2375898483840423e9
aluminumscrap_source_Region19Guangdong_aluminumscrap_source_Region18Hunan,3.294218608234332e9,0.0,0.0,3.56779970802436e7,0.0,0.0,0.0,3.3298966053145757e9
aluminumscrap_source_Region19Guangdong_aluminumscrap_source_Region20Guangxi,3.0700302341941833e9,0.0,0.0,2.7345869306899104e7,0.0,0.0,0.0,3.0973761035010824e9
aluminumscrap_source_Region19Guangdong_aluminumscrap_source_Region21Hainan,3.4401851924329176e9,0.0,0.0,3.1691837634629067e7,0.0,0.0,0.0,3.471877030067547e9
aluminumscrap_source_Region19Guangdong_aluminumscrap_source_Region22Chongqing,1.5935491219159071e9,0.0,0.0,3.088516208250609e7,0.0,0.0,0.0,1.6244342839984133e9
aluminumscrap_source_Region19Guangdong_aluminumscrap_source_Region23Sichuan,1.4031091703832843e9,0.0,0.0,3.437443792688299e7,0.0,0.0,0.0,1.4374836083101673e9
aluminumscrap_source_Region19Guangdong_aluminumscrap_source_Region24Guizhou,1.8693133684710255e9,0.0,0.0,2.7268837098894645e7,0.0,0.0,0.0,1.89658220556992e9
aluminumscrap_source_Region19Guangdong_aluminumscrap_source_Region25Yunnan,1.5538940789406805e9,0.0,0.0,3.2660322767217517e7,0.0,0.0,0.0,1.5865544017078981e9
aluminumscrap_source_Region19Guangdong_aluminumscrap_source_Region27Shaanxi,1.4265690490224082e9,0.0,0.0,3.690975576269359e7,0.0,0.0,0.0,1.463478804785102e9
aluminumscrap_source_Region19Guangdong_aluminumscrap_source_Region28Gansu,1.1375770411575136e9,0.0,0.0,3.991761542884377e7,0.0,0.0,0.0,1.1774946565863574e9
aluminumscrap_source_Region19Guangdong_aluminumscrap_source_Region29Qinghai,1.0611862762751787e9,0.0,0.0,4.072632443640483e7,0.0,0.0,0.0,1.1019126007115836e9
aluminumscrap_source_Region19Guangdong_aluminumscrap_source_Region30Ningxia,1.1112286389402664e9,0.0,0.0,3.960288562241735e7,0.0,0.0,0.0,1.1508315245626838e9
aluminumscrap_source_Region19Guangdong_aluminumscrap_source_Region31Xinjiang,6.567403698535033e8,0.0,0.0,4.2917191658731535e7,0.0,0.0,0.0,6.996575615122349e8
aluminumscrap_source_Region20Guangxi_aluminumscrap_source_Region1Beijing,1.1660359639134223e9,0.0,0.0,4.288520752438119e7,0.0,0.0,0.0,1.2089211714378035e9
aluminumscrap_source_Region20Guangxi_aluminumscrap_source_Region2Tianjin,1.1791097719999018e9,0.0,0.0,4.277979245747128e7,0.0,0.0,0.0,1.2218895644573731e9
aluminumscrap_source_Region20Guangxi_aluminumscrap_source_Region3Hebei,1.2508238785329442e9,0.0,0.0,4.060003187232927e7,0.0,0.0,0.0,1.2914239104052734e9
aluminumscrap_source_Region20Guangxi_aluminumscrap_source_Region4Shanxi,1.2685966323061676e9,0.0,0.0,4.0397406035460055e7,0.0,0.0,0.0,1.3089940383416276e9
aluminumscrap_source_Region20Guangxi_aluminumscrap_source_Region5Innermongolia,1.1204504462586505e9,0.0,0.0,4.294296045207298e7,0.0,0.0,0.0,1.1633934067107234e9
aluminumscrap_source_Region20Guangxi_aluminumscrap_source_Region6Liaoning,9.790542854849931e8,0.0,0.0,4.568426751168354e7,0.0,0.0,0.0,1.0247385529966767e9
aluminumscrap_source_Region20Guangxi_aluminumscrap_source_Region7Jilin,9.387348672928276e8,0.0,0.0,4.821929369929047e7,0.0,0.0,0.0,9.869541609921181e8
aluminumscrap_source_Region20Guangxi_aluminumscrap_source_Region8Heilongjiang,8.7004142287461e8,0.0,0.0,4.818816525953376e7,0.0,0.0,0.0,9.182295881341437e8
aluminumscrap_source_Region20Guangxi_aluminumscrap_source_Region9Shanghai,1.468197752168166e9,0.0,0.0,4.295898798813033e7,0.0,0.0,0.0,1.5111567401562963e9
aluminumscrap_source_Region20Guangxi_aluminumscrap_source_Region10Jiangsu,1.5605456169719002e9,0.0,0.0,4.226465851807776e7,0.0,0.0,0.0,1.602810275489978e9
aluminumscrap_source_Region20Guangxi_aluminumscrap_source_Region11Zhejiang,1.6326348653740573e9,0.0,0.0,4.335172052426995e7,0.0,0.0,0.0,1.6759865858983274e9
aluminumscrap_source_Region20Guangxi_aluminumscrap_source_Region12Anhui,1.683857990357479e9,0.0,0.0,4.18605999426979e7,0.0,0.0,0.0,1.725718590300177e9
aluminumscrap_source_Region20Guangxi_aluminumscrap_source_Region13Fujian,1.8149987000340083e9,0.0,0.0,4.1145015481630914e7,0.0,0.0,0.0,1.856143715515639e9
aluminumscrap_source_Region20Guangxi_aluminumscrap_source_Region14Jiangxi,2.2544117597037683e9,0.0,0.0,4.1356632979707e7,0.0,0.0,0.0,2.2957683926834755e9
aluminumscrap_source_Region20Guangxi_aluminumscrap_source_Region15Shandong,1.2704460685270345e9,0.0,0.0,4.111775940353307e7,0.0,0.0,0.0,1.3115638279305675e9
aluminumscrap_source_Region20Guangxi_aluminumscrap_source_Region16Henan,1.4804995330503423e9,0.0,0.0,3.872871039082521e7,0.0,0.0,0.0,1.5192282434411676e9
aluminumscrap_source_Region20Guangxi_aluminumscrap_source_Region17Hubei,2.0708713867736938e9,0.0,0.0,3.946608677532422e7,0.0,0.0,0.0,2.110337473549018e9
aluminumscrap_source_Region20Guangxi_aluminumscrap_source_Region18Hunan,2.8540363832340493e9,0.0,0.0,3.989329292421489e7,0.0,0.0,0.0,2.893929676158264e9
aluminumscrap_source_Region20Guangxi_aluminumscrap_source_Region19Guangdong,3.632750599425974e9,0.0,0.0,3.229006461144497e7,0.0,0.0,0.0,3.665040664037419e9
aluminumscrap_source_Region20Guangxi_aluminumscrap_source_Region21Hainan,5.056907450492781e9,0.0,0.0,3.683668817487297e7,0.0,0.0,0.0,5.093744138667654e9
aluminumscrap_source_Region20Guangxi_aluminumscrap_source_Region22Chongqing,2.2229327444492874e9,0.0,0.0,3.1478465458987184e7,0.0,0.0,0.0,2.2544112099082747e9
aluminumscrap_source_Region20Guangxi_aluminumscrap_source_Region23Sichuan,1.9031602349886258e9,0.0,0.0,3.5743208978788204e7,0.0,0.0,0.0,1.938903443967414e9
aluminumscrap_source_Region20Guangxi_aluminumscrap_source_Region24Guizhou,2.961451283317325e9,0.0,0.0,2.626759056196871e7,0.0,0.0,0.0,2.987718873879294e9
aluminumscrap_source_Region20Guangxi_aluminumscrap_source_Region25Yunnan,2.5777732524147077e9,0.0,0.0,3.1207345865975894e7,0.0,0.0,0.0,2.6089805982806835e9
aluminumscrap_source_Region20Guangxi_aluminumscrap_source_Region27Shaanxi,1.5770040052768862e9,0.0,0.0,3.998830117146133e7,0.0,0.0,0.0,1.6169923064483476e9
aluminumscrap_source_Region20Guangxi_aluminumscrap_source_Region28Gansu,1.4163541256160607e9,0.0,0.0,4.217284372883218e7,0.0,0.0,0.0,1.458526969344893e9
aluminumscrap_source_Region20Guangxi_aluminumscrap_source_Region29Qinghai,1.295358803185671e9,0.0,0.0,4.2829372160470225e7,0.0,0.0,0.0,1.3381881753461413e9
aluminumscrap_source_Region20Guangxi_aluminumscrap_source_Region30Ningxia,1.2722343034140208e9,0.0,0.0,4.2613798799278565e7,0.0,0.0,0.0,1.3148481022132993e9
aluminumscrap_source_Region20Guangxi_aluminumscrap_source_Region31Xinjiang,7.147875154109043e8,0.0,0.0,4.2908485003287986e7,0.0,0.0,0.0,7.576960004141923e8
aluminumscrap_source_Region21Hainan_aluminumscrap_source_Region1Beijing,1.0315747608065199e9,0.0,0.0,4.2531793786269166e7,0.0,0.0,0.0,1.074106554592789e9
aluminumscrap_source_Region21Hainan_aluminumscrap_source_Region2Tianjin,1.0415728326690336e9,0.0,0.0,4.242614530818542e7,0.0,0.0,0.0,1.083998977977219e9
aluminumscrap_source_Region21Hainan_aluminumscrap_source_Region3Hebei,1.0964169338277462e9,0.0,0.0,4.0468713313675575e7,0.0,0.0,0.0,1.1368856471414218e9
aluminumscrap_source_Region21Hainan_aluminumscrap_source_Region4Shanxi,1.099817399496191e9,0.0,0.0,4.042398555417277e7,0.0,0.0,0.0,1.1402413850503638e9
aluminumscrap_source_Region21Hainan_aluminumscrap_source_Region5Innermongolia,9.886306848143343e8,0.0,0.0,4.27505806122372e7,0.0,0.0,0.0,1.0313812654265715e9
aluminumscrap_source_Region21Hainan_aluminumscrap_source_Region6Liaoning,8.845749755920769e8,0.0,0.0,4.52132490325688e7,0.0,0.0,0.0,9.297882246246457e8
aluminumscrap_source_Region21Hainan_aluminumscrap_source_Region7Jilin,8.509570100482033e8,0.0,0.0,4.7494377674565226e7,0.0,0.0,0.0,8.984513877227685e8
aluminumscrap_source_Region21Hainan_aluminumscrap_source_Region8Heilongjiang,7.945875496972342e8,0.0,0.0,4.754232133182614e7,0.0,0.0,0.0,8.421298710290602e8
aluminumscrap_source_Region21Hainan_aluminumscrap_source_Region9Shanghai,1.3141851140088086e9,0.0,0.0,4.1528592061339915e7,0.0,0.0,0.0,1.3557137060701485e9
aluminumscrap_source_Region21Hainan_aluminumscrap_source_Region10Jiangsu,1.3407236635081196e9,0.0,0.0,4.119122343390427e7,0.0,0.0,0.0,1.3819148869420238e9
aluminumscrap_source_Region21Hainan_aluminumscrap_source_Region11Zhejiang,1.4381894385413084e9,0.0,0.0,4.155477392715581e7,0.0,0.0,0.0,1.4797442124684641e9
aluminumscrap_source_Region21Hainan_aluminumscrap_source_Region12Anhui,1.4265000595705612e9,0.0,0.0,4.065497290296116e7,0.0,0.0,0.0,1.4671550324735224e9
aluminumscrap_source_Region21Hainan_aluminumscrap_source_Region13Fujian,1.680852185949798e9,0.0,0.0,3.80645676528419e7,0.0,0.0,0.0,1.71891675360264e9
aluminumscrap_source_Region21Hainan_aluminumscrap_source_Region14Jiangxi,1.786040289870873e9,0.0,0.0,3.865386792295899e7,0.0,0.0,0.0,1.824694157793832e9
aluminumscrap_source_Region21Hainan_aluminumscrap_source_Region15Shandong,1.1162634057600086e9,0.0,0.0,4.080855393378081e7,0.0,0.0,0.0,1.1570719596937895e9
aluminumscrap_source_Region21Hainan_aluminumscrap_source_Region16Henan,1.2642192286614156e9,0.0,0.0,3.863322187495103e7,0.0,0.0,0.0,1.3028524505363667e9
aluminumscrap_source_Region21Hainan_aluminumscrap_source_Region17Hubei,1.6315352561937945e9,0.0,0.0,3.793494847404497e7,0.0,0.0,0.0,1.6694702046678395e9
aluminumscrap_source_Region21Hainan_aluminumscrap_source_Region18Hunan,2.0145442886844423e9,0.0,0.0,3.660669767779636e7,0.0,0.0,0.0,2.0511509863622386e9
aluminumscrap_source_Region21Hainan_aluminumscrap_source_Region19Guangdong,3.021615108212197e9,0.0,0.0,2.7977596879477717e7,0.0,0.0,0.0,3.0495927050916743e9
aluminumscrap_source_Region21Hainan_aluminumscrap_source_Region20Guangxi,3.461094267887845e9,0.0,0.0,2.5341974394557104e7,0.0,0.0,0.0,3.486436242282402e9
aluminumscrap_source_Region21Hainan_aluminumscrap_source_Region22Chongqing,1.530330009350419e9,0.0,0.0,3.3047950106811073e7,0.0,0.0,0.0,1.56337795945723e9
aluminumscrap_source_Region21Hainan_aluminumscrap_source_Region23Sichuan,1.4014190680484564e9,0.0,0.0,3.689009734931148e7,0.0,0.0,0.0,1.438309165397768e9
aluminumscrap_source_Region21Hainan_aluminumscrap_source_Region24Guizhou,1.7542991256873133e9,0.0,0.0,2.8791991539814524e7,0.0,0.0,0.0,1.7830911172271278e9
aluminumscrap_source_Region21Hainan_aluminumscrap_source_Region25Yunnan,1.628795736806261e9,0.0,0.0,3.137729085059014e7,0.0,0.0,0.0,1.6601730276568513e9
aluminumscrap_source_Region21Hainan_aluminumscrap_source_Region27Shaanxi,1.259111066992092e9,0.0,0.0,4.036701878098688e7,0.0,0.0,0.0,1.2994780857730787e9
aluminumscrap_source_Region21Hainan_aluminumscrap_source_Region28Gansu,1.1404114355766764e9,0.0,0.0,4.2434895252569325e7,0.0,0.0,0.0,1.1828463308292458e9
aluminumscrap_source_Region21Hainan_aluminumscrap_source_Region29Qinghai,1.0639983034730281e9,0.0,0.0,4.3090059762697175e7,0.0,0.0,0.0,1.1070883632357252e9
aluminumscrap_source_Region21Hainan_aluminumscrap_source_Region30Ningxia,1.049239633764787e9,0.0,0.0,4.2945138969685465e7,0.0,0.0,0.0,1.0921847727344725e9
aluminumscrap_source_Region21Hainan_aluminumscrap_source_Region31Xinjiang,6.334852373378772e8,0.0,0.0,4.27375966215902e7,0.0,0.0,0.0,6.762228339594674e8
aluminumscrap_source_Region22Chongqing_aluminumscrap_source_Region1Beijing,1.5555957850362072e9,0.0,0.0,4.410068446792422e7,0.0,0.0,0.0,1.5996964695041313e9
aluminumscrap_source_Region22Chongqing_aluminumscrap_source_Region2Tianjin,1.5433002218370152e9,0.0,0.0,4.4258834140353486e7,0.0,0.0,0.0,1.5875590559773686e9
aluminumscrap_source_Region22Chongqing_aluminumscrap_source_Region3Hebei,1.707934097074818e9,0.0,0.0,4.0672642448281266e7,0.0,0.0,0.0,1.7486067395230992e9
aluminumscrap_source_Region22Chongqing_aluminumscrap_source_Region4Shanxi,1.879562316890975e9,0.0,0.0,3.906452932132631e7,0.0,0.0,0.0,1.9186268462123013e9
aluminumscrap_source_Region22Chongqing_aluminumscrap_source_Region5Innermongolia,1.5225023914393196e9,0.0,0.0,4.081298267292838e7,0.0,0.0,0.0,1.563315374112248e9
aluminumscrap_source_Region22Chongqing_aluminumscrap_source_Region6Liaoning,1.2295654465926864e9,0.0,0.0,4.802466359035614e7,0.0,0.0,0.0,1.2775901101830425e9
aluminumscrap_source_Region22Chongqing_aluminumscrap_source_Region7Jilin,1.1667138608974712e9,0.0,0.0,5.105327034517922e7,0.0,0.0,0.0,1.2177671312426505e9
aluminumscrap_source_Region22Chongqing_aluminumscrap_source_Region8Heilongjiang,1.0635017960115533e9,0.0,0.0,5.08119680247887e7,0.0,0.0,0.0,1.114313764036342e9
aluminumscrap_source_Region22Chongqing_aluminumscrap_source_Region9Shanghai,1.7858719642865572e9,0.0,0.0,4.592122526330692e7,0.0,0.0,0.0,1.831793189549864e9
aluminumscrap_source_Region22Chongqing_aluminumscrap_source_Region10Jiangsu,2.042443314102109e9,0.0,0.0,4.4471242619704485e7,0.0,0.0,0.0,2.0869145567218134e9
aluminumscrap_source_Region22Chongqing_aluminumscrap_source_Region11Zhejiang,1.9185514093923404e9,0.0,0.0,4.6903145022423826e7,0.0,0.0,0.0,1.9654545544147642e9
aluminumscrap_source_Region22Chongqing_aluminumscrap_source_Region12Anhui,2.2942073726889305e9,0.0,0.0,4.407747783025654e7,0.0,0.0,0.0,2.338284850519187e9
aluminumscrap_source_Region22Chongqing_aluminumscrap_source_Region13Fujian,1.669985502247295e9,0.0,0.0,4.264370536448652e7,0.0,0.0,0.0,1.7126292076117814e9
aluminumscrap_source_Region22Chongqing_aluminumscrap_source_Region14Jiangxi,2.5760063049251e9,0.0,0.0,4.488795872582186e7,0.0,0.0,0.0,2.620894263650922e9
aluminumscrap_source_Region22Chongqing_aluminumscrap_source_Region15Shandong,1.7038199136382208e9,0.0,0.0,4.182139751015984e7,0.0,0.0,0.0,1.7456413111483805e9
aluminumscrap_source_Region22Chongqing_aluminumscrap_source_Region16Henan,2.0491961434615796e9,0.0,0.0,3.678460600351649e7,0.0,0.0,0.0,2.085980749465096e9
aluminumscrap_source_Region22Chongqing_aluminumscrap_source_Region17Hubei,3.0977268575776362e9,0.0,0.0,4.190467664640272e7,0.0,0.0,0.0,3.139631534224039e9
aluminumscrap_source_Region22Chongqing_aluminumscrap_source_Region18Hunan,3.6539709569108295e9,0.0,0.0,4.3893355875355214e7,0.0,0.0,0.0,3.697864312786185e9
aluminumscrap_source_Region22Chongqing_aluminumscrap_source_Region19Guangdong,1.8175249173542142e9,0.0,0.0,3.523464461280765e7,0.0,0.0,0.0,1.852759561967022e9
aluminumscrap_source_Region22Chongqing_aluminumscrap_source_Region20Guangxi,2.3956996213659496e9,0.0,0.0,3.390250518251447e7,0.0,0.0,0.0,2.4296021265484643e9
aluminumscrap_source_Region22Chongqing_aluminumscrap_source_Region21Hainan,1.8355854508806639e9,0.0,0.0,3.9579766441321515e7,0.0,0.0,0.0,1.8751652173219855e9
aluminumscrap_source_Region22Chongqing_aluminumscrap_source_Region23Sichuan,6.311872331985823e9,0.0,0.0,3.623795992659588e7,0.0,0.0,0.0,6.348110291912418e9
aluminumscrap_source_Region22Chongqing_aluminumscrap_source_Region24Guizhou,4.304019179395277e9,0.0,0.0,2.586112683739315e7,0.0,0.0,0.0,4.32988030623267e9
aluminumscrap_source_Region22Chongqing_aluminumscrap_source_Region25Yunnan,2.399077011721609e9,0.0,0.0,3.2813747020519648e7,0.0,0.0,0.0,2.431890758742129e9
aluminumscrap_source_Region22Chongqing_aluminumscrap_source_Region27Shaanxi,3.548756857093804e9,0.0,0.0,4.01159797943268e7,0.0,0.0,0.0,3.5888728368881307e9
aluminumscrap_source_Region22Chongqing_aluminumscrap_source_Region28Gansu,2.561762533995034e9,0.0,0.0,4.097484933853157e7,0.0,0.0,0.0,2.6027373833335657e9
aluminumscrap_source_Region22Chongqing_aluminumscrap_source_Region29Qinghai,2.1634951973494034e9,0.0,0.0,4.1708240964145795e7,0.0,0.0,0.0,2.205203438313549e9
aluminumscrap_source_Region22Chongqing_aluminumscrap_source_Region30Ningxia,2.0338832357365818e9,0.0,0.0,3.9543460122034356e7,0.0,0.0,0.0,2.073426695858616e9
aluminumscrap_source_Region22Chongqing_aluminumscrap_source_Region31Xinjiang,9.032434351231228e8,0.0,0.0,4.177397911808519e7,0.0,0.0,0.0,9.45017414241208e8
aluminumscrap_source_Region23Sichuan_aluminumscrap_source_Region1Beijing,1.4862641362113695e9,0.0,0.0,4.256737946129488e7,0.0,0.0,0.0,1.5288315156726644e9
aluminumscrap_source_Region23Sichuan_aluminumscrap_source_Region2Tianjin,1.4814564145940986e9,0.0,0.0,4.266594474031e7,0.0,0.0,0.0,1.5241223593344085e9
aluminumscrap_source_Region23Sichuan_aluminumscrap_source_Region3Hebei,1.6214496415679355e9,0.0,0.0,3.908464749037577e7,0.0,0.0,0.0,1.6605342890583112e9
aluminumscrap_source_Region23Sichuan_aluminumscrap_source_Region4Shanxi,1.7708908654666197e9,0.0,0.0,3.732091931042263e7,0.0,0.0,0.0,1.8082117847770424e9
aluminumscrap_source_Region23Sichuan_aluminumscrap_source_Region5Innermongolia,1.4633747914056978e9,0.0,0.0,3.914560933862167e7,0.0,0.0,0.0,1.5025204007443194e9
aluminumscrap_source_Region23Sichuan_aluminumscrap_source_Region6Liaoning,1.1944582498501732e9,0.0,0.0,4.675428630879324e7,0.0,0.0,0.0,1.2412125361589665e9
aluminumscrap_source_Region23Sichuan_aluminumscrap_source_Region7Jilin,1.135371648478381e9,0.0,0.0,4.977765169248051e7,0.0,0.0,0.0,1.1851493001708615e9
aluminumscrap_source_Region23Sichuan_aluminumscrap_source_Region8Heilongjiang,1.038178189279475e9,0.0,0.0,4.968971058797129e7,0.0,0.0,0.0,1.0878678998674462e9
aluminumscrap_source_Region23Sichuan_aluminumscrap_source_Region9Shanghai,1.5020287709439468e9,0.0,0.0,4.546362211341305e7,0.0,0.0,0.0,1.54749239305736e9
aluminumscrap_source_Region23Sichuan_aluminumscrap_source_Region10Jiangsu,1.6738062164597507e9,0.0,0.0,4.395033474797402e7,0.0,0.0,0.0,1.7177565512077246e9
aluminumscrap_source_Region23Sichuan_aluminumscrap_source_Region11Zhejiang,1.5889502212962735e9,0.0,0.0,4.6082247799074456e7,0.0,0.0,0.0,1.635032469095348e9
aluminumscrap_source_Region23Sichuan_aluminumscrap_source_Region12Anhui,1.8211516924369745e9,0.0,0.0,4.315524437874889e7,0.0,0.0,0.0,1.8643069368157234e9
aluminumscrap_source_Region23Sichuan_aluminumscrap_source_Region13Fujian,1.342630043277518e9,0.0,0.0,4.170952390339688e7,0.0,0.0,0.0,1.3843395671809149e9
aluminumscrap_source_Region23Sichuan_aluminumscrap_source_Region14Jiangxi,1.9221651755958855e9,0.0,0.0,4.345721189177833e7,0.0,0.0,0.0,1.9656223874876637e9
aluminumscrap_source_Region23Sichuan_aluminumscrap_source_Region15Shandong,1.5750398470748014e9,0.0,0.0,4.069944008224928e7,0.0,0.0,0.0,1.6157392871570506e9
aluminumscrap_source_Region23Sichuan_aluminumscrap_source_Region16Henan,1.8473671432035892e9,0.0,0.0,3.511995376293796e7,0.0,0.0,0.0,1.8824870969665272e9
aluminumscrap_source_Region23Sichuan_aluminumscrap_source_Region17Hubei,2.1970478196304393e9,0.0,0.0,3.9696288631113075e7,0.0,0.0,0.0,2.2367441082615523e9
aluminumscrap_source_Region23Sichuan_aluminumscrap_source_Region18Hunan,2.2925651796915197e9,0.0,0.0,4.0217716715787195e7,0.0,0.0,0.0,2.332782896407307e9
aluminumscrap_source_Region23Sichuan_aluminumscrap_source_Region19Guangdong,1.4303472448662486e9,0.0,0.0,3.5041737036835276e7,0.0,0.0,0.0,1.4653889819030838e9
aluminumscrap_source_Region23Sichuan_aluminumscrap_source_Region20Guangxi,1.7981747135384133e9,0.0,0.0,3.377147829423863e7,0.0,0.0,0.0,1.8319461918326519e9
aluminumscrap_source_Region23Sichuan_aluminumscrap_source_Region21Hainan,1.5008851073178952e9,0.0,0.0,3.933238089968242e7,0.0,0.0,0.0,1.5402174882175777e9
aluminumscrap_source_Region23Sichuan_aluminumscrap_source_Region22Chongqing,4.435188802161015e9,0.0,0.0,2.5317849094498888e7,0.0,0.0,0.0,4.460506651255513e9
aluminumscrap_source_Region23Sichuan_aluminumscrap_source_Region24Guizhou,2.6641164684845753e9,0.0,0.0,2.627946965420592e7,0.0,0.0,0.0,2.690395938138781e9
aluminumscrap_source_Region23Sichuan_aluminumscrap_source_Region25Yunnan,2.328170129408228e9,0.0,0.0,3.0216766505617213e7,0.0,0.0,0.0,2.358386895913845e9
aluminumscrap_source_Region23Sichuan_aluminumscrap_source_Region27Shaanxi,3.0801629741333795e9,0.0,0.0,3.539679144215808e7,0.0,0.0,0.0,3.1155597655755377e9
aluminumscrap_source_Region23Sichuan_aluminumscrap_source_Region28Gansu,2.720412471422188e9,0.0,0.0,3.676225405681104e7,0.0,0.0,0.0,2.7571747254789987e9
aluminumscrap_source_Region23Sichuan_aluminumscrap_source_Region29Qinghai,2.3966807757140236e9,0.0,0.0,3.7097807968055435e7,0.0,0.0,0.0,2.433778583682079e9
aluminumscrap_source_Region23Sichuan_aluminumscrap_source_Region30Ningxia,1.9722550836187458e9,0.0,0.0,3.685585838605026e7,0.0,0.0,0.0,2.009110942004796e9
aluminumscrap_source_Region23Sichuan_aluminumscrap_source_Region31Xinjiang,9.200910238513497e8,0.0,0.0,4.0274452070998035e7,0.0,0.0,0.0,9.603654759223478e8
aluminumscrap_source_Region24Guizhou_aluminumscrap_source_Region1Beijing,1.4295830008795416e9,0.0,0.0,4.713991737623378e7,0.0,0.0,0.0,1.4767229182557755e9
aluminumscrap_source_Region24Guizhou_aluminumscrap_source_Region2Tianjin,1.4484909211713336e9,0.0,0.0,4.704321055046917e7,0.0,0.0,0.0,1.4955341317218027e9
aluminumscrap_source_Region24Guizhou_aluminumscrap_source_Region3Hebei,1.5522626246646478e9,0.0,0.0,4.4479453481009446e7,0.0,0.0,0.0,1.5967420781456573e9
aluminumscrap_source_Region24Guizhou_aluminumscrap_source_Region4Shanxi,1.6611026324894304e9,0.0,0.0,4.356222716051353e7,0.0,0.0,0.0,1.704664859649944e9
aluminumscrap_source_Region24Guizhou_aluminumscrap_source_Region5Innermongolia,1.3681408936851995e9,0.0,0.0,4.411920145760088e7,0.0,0.0,0.0,1.4122600951428003e9
aluminumscrap_source_Region24Guizhou_aluminumscrap_source_Region6Liaoning,1.1648782015280821e9,0.0,0.0,4.992387186775694e7,0.0,0.0,0.0,1.214802073395839e9
aluminumscrap_source_Region24Guizhou_aluminumscrap_source_Region7Jilin,1.1061627867657802e9,0.0,0.0,5.260636375513435e7,0.0,0.0,0.0,1.1587691505209146e9
aluminumscrap_source_Region24Guizhou_aluminumscrap_source_Region8Heilongjiang,1.0108043336212862e9,0.0,0.0,5.2134587659933314e7,0.0,0.0,0.0,1.0629389212812195e9
aluminumscrap_source_Region24Guizhou_aluminumscrap_source_Region9Shanghai,1.7298166598623953e9,0.0,0.0,4.869090188013446e7,0.0,0.0,0.0,1.7785075617425299e9
aluminumscrap_source_Region24Guizhou_aluminumscrap_source_Region10Jiangsu,1.932484402839298e9,0.0,0.0,4.782389023292318e7,0.0,0.0,0.0,1.9803082930722213e9
aluminumscrap_source_Region24Guizhou_aluminumscrap_source_Region11Zhejiang,1.9221205188987787e9,0.0,0.0,4.970415832505566e7,0.0,0.0,0.0,1.9718246772238343e9
aluminumscrap_source_Region24Guizhou_aluminumscrap_source_Region12Anhui,2.1532821886193786e9,0.0,0.0,4.769260531697532e7,0.0,0.0,0.0,2.2009747939363537e9
aluminumscrap_source_Region24Guizhou_aluminumscrap_source_Region13Fujian,1.8798003852121334e9,0.0,0.0,4.516223487036279e7,0.0,0.0,0.0,1.9249626200824962e9
aluminumscrap_source_Region24Guizhou_aluminumscrap_source_Region14Jiangxi,2.791958943306288e9,0.0,0.0,4.896532138173282e7,0.0,0.0,0.0,2.8409242646880207e9
aluminumscrap_source_Region24Guizhou_aluminumscrap_source_Region15Shandong,1.591484846620646e9,0.0,0.0,4.511066389741064e7,0.0,0.0,0.0,1.6365955105180566e9
aluminumscrap_source_Region24Guizhou_aluminumscrap_source_Region16Henan,1.8135022025348356e9,0.0,0.0,4.0532660302648485e7,0.0,0.0,0.0,1.8540348628374841e9
aluminumscrap_source_Region24Guizhou_aluminumscrap_source_Region17Hubei,2.816361069998311e9,0.0,0.0,4.591897835248319e7,0.0,0.0,0.0,2.8622800483507943e9
aluminumscrap_source_Region24Guizhou_aluminumscrap_source_Region18Hunan,4.0870874664702396e9,0.0,0.0,5.055314493380482e7,0.0,0.0,0.0,4.1376406114040446e9
aluminumscrap_source_Region24Guizhou_aluminumscrap_source_Region19Guangdong,2.5407319396704473e9,0.0,0.0,3.706323751993527e7,0.0,0.0,0.0,2.5777951771903825e9
aluminumscrap_source_Region24Guizhou_aluminumscrap_source_Region20Guangxi,4.1453535943478236e9,0.0,0.0,3.678805524667346e7,0.0,0.0,0.0,4.182141649594497e9
aluminumscrap_source_Region24Guizhou_aluminumscrap_source_Region21Hainan,2.528563129764751e9,0.0,0.0,4.1392660797868796e7,0.0,0.0,0.0,2.5699557905626197e9
aluminumscrap_source_Region24Guizhou_aluminumscrap_source_Region22Chongqing,5.962207224787569e9,0.0,0.0,3.554485391236228e7,0.0,0.0,0.0,5.997752078699931e9
aluminumscrap_source_Region24Guizhou_aluminumscrap_source_Region23Sichuan,4.0205204892342343e9,0.0,0.0,3.971593243150256e7,0.0,0.0,0.0,4.0602364216657367e9
aluminumscrap_source_Region24Guizhou_aluminumscrap_source_Region25Yunnan,4.531608319403438e9,0.0,0.0,3.747389144181073e7,0.0,0.0,0.0,4.569082210845248e9
aluminumscrap_source_Region24Guizhou_aluminumscrap_source_Region27Shaanxi,2.521266289424096e9,0.0,0.0,4.221930208687757e7,0.0,0.0,0.0,2.5634855915109735e9
aluminumscrap_source_Region24Guizhou_aluminumscrap_source_Region28Gansu,2.1503771302443233e9,0.0,0.0,4.551010527945874e7,0.0,0.0,0.0,2.195887235523782e9
aluminumscrap_source_Region24Guizhou_aluminumscrap_source_Region29Qinghai,1.8828095268253126e9,0.0,0.0,4.603818870101021e7,0.0,0.0,0.0,1.9288477155263228e9
aluminumscrap_source_Region24Guizhou_aluminumscrap_source_Region30Ningxia,1.7541609214620214e9,0.0,0.0,4.340262657793337e7,0.0,0.0,0.0,1.7975635480399547e9
aluminumscrap_source_Region24Guizhou_aluminumscrap_source_Region31Xinjiang,8.442443811294874e8,0.0,0.0,4.341319106340216e7,0.0,0.0,0.0,8.876575721928896e8
aluminumscrap_source_Region25Yunnan_aluminumscrap_source_Region1Beijing,1.0329706553476274e9,0.0,0.0,4.188679183808323e7,0.0,0.0,0.0,1.0748574471857107e9
aluminumscrap_source_Region25Yunnan_aluminumscrap_source_Region2Tianjin,1.0310373047103662e9,0.0,0.0,4.194864272548234e7,0.0,0.0,0.0,1.0729859474358486e9
aluminumscrap_source_Region25Yunnan_aluminumscrap_source_Region3Hebei,1.0980254210604262e9,0.0,0.0,3.95392158526791e7,0.0,0.0,0.0,1.1375646369131052e9
aluminumscrap_source_Region25Yunnan_aluminumscrap_source_Region4Shanxi,1.165845730347102e9,0.0,0.0,3.845422518942399e7,0.0,0.0,0.0,1.204299955536526e9
aluminumscrap_source_Region25Yunnan_aluminumscrap_source_Region5Innermongolia,1.0607143452015568e9,0.0,0.0,4.100673287211006e7,0.0,0.0,0.0,1.1017210780736668e9
aluminumscrap_source_Region25Yunnan_aluminumscrap_source_Region6Liaoning,8.825960457192256e8,0.0,0.0,4.507070141900021e7,0.0,0.0,0.0,9.276667471382258e8
aluminumscrap_source_Region25Yunnan_aluminumscrap_source_Region7Jilin,8.5220619191397e8,0.0,0.0,4.752412494644265e7,0.0,0.0,0.0,8.997303168604126e8
aluminumscrap_source_Region25Yunnan_aluminumscrap_source_Region8Heilongjiang,7.963461842543651e8,0.0,0.0,4.76101921462178e7,0.0,0.0,0.0,8.439563764005829e8
aluminumscrap_source_Region25Yunnan_aluminumscrap_source_Region9Shanghai,1.164776585452939e9,0.0,0.0,4.234717906168681e7,0.0,0.0,0.0,1.2071237645146258e9
aluminumscrap_source_Region25Yunnan_aluminumscrap_source_Region10Jiangsu,1.2521982634665585e9,0.0,0.0,4.1267233872075364e7,0.0,0.0,0.0,1.2934654973386338e9
aluminumscrap_source_Region25Yunnan_aluminumscrap_source_Region11Zhejiang,1.247290373077797e9,0.0,0.0,4.249205462774014e7,0.0,0.0,0.0,1.289782427705537e9
aluminumscrap_source_Region25Yunnan_aluminumscrap_source_Region12Anhui,1.3387500998094976e9,0.0,0.0,4.064079000062737e7,0.0,0.0,0.0,1.3793908898101249e9
aluminumscrap_source_Region25Yunnan_aluminumscrap_source_Region13Fujian,1.3106034038923275e9,0.0,0.0,4.249736129249193e7,0.0,0.0,0.0,1.3531007651848195e9
aluminumscrap_source_Region25Yunnan_aluminumscrap_source_Region14Jiangxi,1.5337495184618454e9,0.0,0.0,3.985550540221901e7,0.0,0.0,0.0,1.5736050238640645e9
aluminumscrap_source_Region25Yunnan_aluminumscrap_source_Region15Shandong,1.1000244171998045e9,0.0,0.0,4.020972640997662e7,0.0,0.0,0.0,1.1402341436097813e9
aluminumscrap_source_Region25Yunnan_aluminumscrap_source_Region16Henan,1.2403685989015028e9,0.0,0.0,3.790437149007929e7,0.0,0.0,0.0,1.2782729703915823e9
aluminumscrap_source_Region25Yunnan_aluminumscrap_source_Region17Hubei,1.5547314278403044e9,0.0,0.0,3.811087321278997e7,0.0,0.0,0.0,1.5928423010530944e9
aluminumscrap_source_Region25Yunnan_aluminumscrap_source_Region18Hunan,1.828954420291043e9,0.0,0.0,3.7635235114710815e7,0.0,0.0,0.0,1.8665896554057539e9
aluminumscrap_source_Region25Yunnan_aluminumscrap_source_Region19Guangdong,1.6251564529036865e9,0.0,0.0,3.422674775861258e7,0.0,0.0,0.0,1.6593832006622992e9
aluminumscrap_source_Region25Yunnan_aluminumscrap_source_Region20Guangxi,2.464861418307095e9,0.0,0.0,2.9979137938257955e7,0.0,0.0,0.0,2.494840556245353e9
aluminumscrap_source_Region25Yunnan_aluminumscrap_source_Region21Hainan,1.8223710237744625e9,0.0,0.0,3.512344121443832e7,0.0,0.0,0.0,1.8574944649889007e9
aluminumscrap_source_Region25Yunnan_aluminumscrap_source_Region22Chongqing,2.1491796481933146e9,0.0,0.0,2.9385656323310237e7,0.0,0.0,0.0,2.178565304516625e9
aluminumscrap_source_Region25Yunnan_aluminumscrap_source_Region23Sichuan,2.4227944013018236e9,0.0,0.0,3.1444872430290252e7,0.0,0.0,0.0,2.454239273732114e9
aluminumscrap_source_Region25Yunnan_aluminumscrap_source_Region24Guizhou,2.9732985745336733e9,0.0,0.0,2.4601479176180623e7,0.0,0.0,0.0,2.997900053709854e9
aluminumscrap_source_Region25Yunnan_aluminumscrap_source_Region27Shaanxi,1.5968773019958537e9,0.0,0.0,3.736880142640559e7,0.0,0.0,0.0,1.6342461034222593e9
aluminumscrap_source_Region25Yunnan_aluminumscrap_source_Region28Gansu,1.4461734151625078e9,0.0,0.0,3.8264900645933844e7,0.0,0.0,0.0,1.4844383158084416e9
aluminumscrap_source_Region25Yunnan_aluminumscrap_source_Region29Qinghai,1.370915132829921e9,0.0,0.0,3.859496737209464e7,0.0,0.0,0.0,1.4095101002020156e9
aluminumscrap_source_Region25Yunnan_aluminumscrap_source_Region30Ningxia,1.2779115937802935e9,0.0,0.0,3.9189510880114704e7,0.0,0.0,0.0,1.3171011046604083e9
aluminumscrap_source_Region25Yunnan_aluminumscrap_source_Region31Xinjiang,7.458483960615824e8,0.0,0.0,4.2299662077407286e7,0.0,0.0,0.0,7.881480581389897e8
aluminumscrap_source_Region27Shaanxi_aluminumscrap_source_Region1Beijing,1.8333991100940995e9,0.0,0.0,3.145754553877153e7,0.0,0.0,0.0,1.8648566556328712e9
aluminumscrap_source_Region27Shaanxi_aluminumscrap_source_Region2Tianjin,1.8236721024123325e9,0.0,0.0,3.1581486185775537e7,0.0,0.0,0.0,1.855253588598108e9
aluminumscrap_source_Region27Shaanxi_aluminumscrap_source_Region3Hebei,2.1928784721379213e9,0.0,0.0,2.7679126367014144e7,0.0,0.0,0.0,2.2205575985049353e9
aluminumscrap_source_Region27Shaanxi_aluminumscrap_source_Region4Shanxi,2.7002767924998155e9,0.0,0.0,2.5914213345715515e7,0.0,0.0,0.0,2.726191005845531e9
aluminumscrap_source_Region27Shaanxi_aluminumscrap_source_Region5Innermongolia,1.9526382962015302e9,0.0,0.0,3.002305407923776e7,0.0,0.0,0.0,1.982661350280768e9
aluminumscrap_source_Region27Shaanxi_aluminumscrap_source_Region6Liaoning,1.3491803895312705e9,0.0,0.0,3.7318593257898785e7,0.0,0.0,0.0,1.3864989827891693e9
aluminumscrap_source_Region27Shaanxi_aluminumscrap_source_Region7Jilin,1.2827278344690888e9,0.0,0.0,4.1509239854082145e7,0.0,0.0,0.0,1.324237074323171e9
aluminumscrap_source_Region27Shaanxi_aluminumscrap_source_Region8Heilongjiang,1.1567737445108955e9,0.0,0.0,4.208877937487385e7,0.0,0.0,0.0,1.1988625238857694e9
aluminumscrap_source_Region27Shaanxi_aluminumscrap_source_Region9Shanghai,1.6466436395781121e9,0.0,0.0,3.599230449193813e7,0.0,0.0,0.0,1.6826359440700502e9
aluminumscrap_source_Region27Shaanxi_aluminumscrap_source_Region10Jiangsu,1.9870498345063791e9,0.0,0.0,3.4056610218932554e7,0.0,0.0,0.0,2.0211064447253118e9
aluminumscrap_source_Region27Shaanxi_aluminumscrap_source_Region11Zhejiang,1.7607809409395165e9,0.0,0.0,3.671142230216829e7,0.0,0.0,0.0,1.797492363241685e9
aluminumscrap_source_Region27Shaanxi_aluminumscrap_source_Region12Anhui,2.287990037219151e9,0.0,0.0,3.3397798026024256e7,0.0,0.0,0.0,2.3213878352451754e9
aluminumscrap_source_Region27Shaanxi_aluminumscrap_source_Region13Fujian,1.4833490982930832e9,0.0,0.0,3.785004396217817e7,0.0,0.0,0.0,1.5211991422552614e9
aluminumscrap_source_Region27Shaanxi_aluminumscrap_source_Region14Jiangxi,2.0718638015061033e9,0.0,0.0,3.504378778583933e7,0.0,0.0,0.0,2.1069075892919426e9
aluminumscrap_source_Region27Shaanxi_aluminumscrap_source_Region15Shandong,2.038762848671444e9,0.0,0.0,2.9348622094151832e7,0.0,0.0,0.0,2.0681114707655957e9
aluminumscrap_source_Region27Shaanxi_aluminumscrap_source_Region16Henan,3.325144005761564e9,0.0,0.0,2.514198787522537e7,0.0,0.0,0.0,3.3502859936367893e9
aluminumscrap_source_Region27Shaanxi_aluminumscrap_source_Region17Hubei,2.7150186068771224e9,0.0,0.0,3.16335926907335e7,0.0,0.0,0.0,2.746652199567856e9
aluminumscrap_source_Region27Shaanxi_aluminumscrap_source_Region18Hunan,2.1763217534718394e9,0.0,0.0,3.3543994547062498e7,0.0,0.0,0.0,2.209865748018902e9
aluminumscrap_source_Region27Shaanxi_aluminumscrap_source_Region19Guangdong,1.3081989630933826e9,0.0,0.0,3.372443179697757e7,0.0,0.0,0.0,1.34192339489036e9
aluminumscrap_source_Region27Shaanxi_aluminumscrap_source_Region20Guangxi,1.3554681489979217e9,0.0,0.0,3.432628160414753e7,0.0,0.0,0.0,1.3897944306020691e9
aluminumscrap_source_Region27Shaanxi_aluminumscrap_source_Region21Hainan,1.2198686789404895e9,0.0,0.0,3.8920089009708814e7,0.0,0.0,0.0,1.2587887679501984e9
aluminumscrap_source_Region27Shaanxi_aluminumscrap_source_Region22Chongqing,2.287158033401085e9,0.0,0.0,2.5800930623044487e7,0.0,0.0,0.0,2.3129589640241294e9
aluminumscrap_source_Region27Shaanxi_aluminumscrap_source_Region23Sichuan,2.421443005129873e9,0.0,0.0,2.7860949693421282e7,0.0,0.0,0.0,2.449303954823294e9
aluminumscrap_source_Region27Shaanxi_aluminumscrap_source_Region24Guizhou,1.6557684713129487e9,0.0,0.0,2.773406796066547e7,0.0,0.0,0.0,1.6835025392736142e9
aluminumscrap_source_Region27Shaanxi_aluminumscrap_source_Region25Yunnan,1.3905243832540982e9,0.0,0.0,3.246815552758307e7,0.0,0.0,0.0,1.4229925387816813e9
aluminumscrap_source_Region27Shaanxi_aluminumscrap_source_Region28Gansu,3.0829196600083394e9,0.0,0.0,3.012143054914734e7,0.0,0.0,0.0,3.1130410905574865e9
aluminumscrap_source_Region27Shaanxi_aluminumscrap_source_Region29Qinghai,2.335891639710392e9,0.0,0.0,3.0996292919174634e7,0.0,0.0,0.0,2.3668879326295667e9
aluminumscrap_source_Region27Shaanxi_aluminumscrap_source_Region30Ningxia,2.9568838392377677e9,0.0,0.0,2.897322374541196e7,0.0,0.0,0.0,2.9858570629831796e9
aluminumscrap_source_Region27Shaanxi_aluminumscrap_source_Region31Xinjiang,9.556599058038355e8,0.0,0.0,3.830807869446049e7,0.0,0.0,0.0,9.93967984498296e8
aluminumscrap_source_Region28Gansu_aluminumscrap_source_Region1Beijing,1.77854440880529e9,0.0,0.0,4.0668995927730046e7,0.0,0.0,0.0,1.81921340473302e9
aluminumscrap_source_Region28Gansu_aluminumscrap_source_Region2Tianjin,1.7477692918984597e9,0.0,0.0,4.112119708845027e7,0.0,0.0,0.0,1.7888904889869099e9
aluminumscrap_source_Region28Gansu_aluminumscrap_source_Region3Hebei,1.9305411244390404e9,0.0,0.0,3.645666559110053e7,0.0,0.0,0.0,1.9669977900301409e9
aluminumscrap_source_Region28Gansu_aluminumscrap_source_Region4Shanxi,2.151486141194952e9,0.0,0.0,3.37666989737822e7,0.0,0.0,0.0,2.185252840168734e9
aluminumscrap_source_Region28Gansu_aluminumscrap_source_Region5Innermongolia,1.9033968054985578e9,0.0,0.0,3.1908618447252918e7,0.0,0.0,0.0,1.9353054239458108e9
aluminumscrap_source_Region28Gansu_aluminumscrap_source_Region6Liaoning,1.3207993841138797e9,0.0,0.0,4.4147568834271915e7,0.0,0.0,0.0,1.3649469529481516e9
aluminumscrap_source_Region28Gansu_aluminumscrap_source_Region7Jilin,1.2851345080352387e9,0.0,0.0,4.8995522883019365e7,0.0,0.0,0.0,1.3341300309182582e9
aluminumscrap_source_Region28Gansu_aluminumscrap_source_Region8Heilongjiang,1.1604101728555434e9,0.0,0.0,4.890505205366168e7,0.0,0.0,0.0,1.209315224909205e9
aluminumscrap_source_Region28Gansu_aluminumscrap_source_Region9Shanghai,1.5031011874475036e9,0.0,0.0,4.680745227422848e7,0.0,0.0,0.0,1.5499086397217321e9
aluminumscrap_source_Region28Gansu_aluminumscrap_source_Region10Jiangsu,1.6835734984541235e9,0.0,0.0,4.514653144805731e7,0.0,0.0,0.0,1.728720029902181e9
aluminumscrap_source_Region28Gansu_aluminumscrap_source_Region11Zhejiang,1.557111354884544e9,0.0,0.0,4.753987767061442e7,0.0,0.0,0.0,1.6046512325551584e9
aluminumscrap_source_Region28Gansu_aluminumscrap_source_Region12Anhui,1.81973024873992e9,0.0,0.0,4.417996816015656e7,0.0,0.0,0.0,1.8639102169000764e9
aluminumscrap_source_Region28Gansu_aluminumscrap_source_Region13Fujian,1.1654827220772767e9,0.0,0.0,4.101709538695097e7,0.0,0.0,0.0,1.2064998174642277e9
aluminumscrap_source_Region28Gansu_aluminumscrap_source_Region14Jiangxi,1.6042422720159748e9,0.0,0.0,4.266552867282099e7,0.0,0.0,0.0,1.6469078006887958e9
aluminumscrap_source_Region28Gansu_aluminumscrap_source_Region15Shandong,1.6436815449640727e9,0.0,0.0,3.677563451481831e7,0.0,0.0,0.0,1.680457179478891e9
aluminumscrap_source_Region28Gansu_aluminumscrap_source_Region16Henan,1.8662866270327568e9,0.0,0.0,3.175921352227937e7,0.0,0.0,0.0,1.898045840555036e9
aluminumscrap_source_Region28Gansu_aluminumscrap_source_Region17Hubei,1.8161016476274633e9,0.0,0.0,3.873372129034982e7,0.0,0.0,0.0,1.854835368917813e9
aluminumscrap_source_Region28Gansu_aluminumscrap_source_Region18Hunan,1.6444195061427138e9,0.0,0.0,4.126582369812206e7,0.0,0.0,0.0,1.6856853298408358e9
aluminumscrap_source_Region28Gansu_aluminumscrap_source_Region19Guangdong,1.0638333812424462e9,0.0,0.0,3.771916547716229e7,0.0,0.0,0.0,1.1015525467196085e9
aluminumscrap_source_Region28Gansu_aluminumscrap_source_Region20Guangxi,1.248915586799537e9,0.0,0.0,3.718725488210103e7,0.0,0.0,0.0,1.286102841681638e9
aluminumscrap_source_Region28Gansu_aluminumscrap_source_Region21Hainan,1.1114650607670145e9,0.0,0.0,4.133172899848767e7,0.0,0.0,0.0,1.1527967897655022e9
aluminumscrap_source_Region28Gansu_aluminumscrap_source_Region22Chongqing,1.9085108768870544e9,0.0,0.0,3.051727542085825e7,0.0,0.0,0.0,1.9390281523079126e9
aluminumscrap_source_Region28Gansu_aluminumscrap_source_Region23Sichuan,2.2454578481080036e9,0.0,0.0,3.0449286123738002e7,0.0,0.0,0.0,2.2759071342317414e9
aluminumscrap_source_Region28Gansu_aluminumscrap_source_Region24Guizhou,1.567768189645735e9,0.0,0.0,3.3194606109471016e7,0.0,0.0,0.0,1.600962795755206e9
aluminumscrap_source_Region28Gansu_aluminumscrap_source_Region25Yunnan,1.2891245115213494e9,0.0,0.0,3.406715178173385e7,0.0,0.0,0.0,1.3231916633030832e9
aluminumscrap_source_Region28Gansu_aluminumscrap_source_Region27Shaanxi,3.1603853183334e9,0.0,0.0,3.071523930490231e7,0.0,0.0,0.0,3.191100557638302e9
aluminumscrap_source_Region28Gansu_aluminumscrap_source_Region29Qinghai,7.856816843265446e9,0.0,0.0,2.7713321899789196e7,0.0,0.0,0.0,7.884530165165235e9
aluminumscrap_source_Region28Gansu_aluminumscrap_source_Region30Ningxia,4.1489761396078176e9,0.0,0.0,2.7868145661115676e7,0.0,0.0,0.0,4.1768442852689333e9
aluminumscrap_source_Region28Gansu_aluminumscrap_source_Region31Xinjiang,1.228778652322595e9,0.0,0.0,3.735999427710516e7,0.0,0.0,0.0,1.2661386465997e9
aluminumscrap_source_Region29Qinghai_aluminumscrap_source_Region1Beijing,1.6441759311547444e9,0.0,0.0,4.2778994142560616e7,0.0,0.0,0.0,1.686954925297305e9
aluminumscrap_source_Region29Qinghai_aluminumscrap_source_Region2Tianjin,1.6173765757123017e9,0.0,0.0,4.315139630689991e7,0.0,0.0,0.0,1.6605279720192018e9
aluminumscrap_source_Region29Qinghai_aluminumscrap_source_Region3Hebei,1.7738515020604196e9,0.0,0.0,3.9088984604621984e7,0.0,0.0,0.0,1.8129404866650414e9
aluminumscrap_source_Region29Qinghai_aluminumscrap_source_Region4Shanxi,1.950841281710661e9,0.0,0.0,3.676681299242789e7,0.0,0.0,0.0,1.9876080947030888e9
aluminumscrap_source_Region29Qinghai_aluminumscrap_source_Region5Innermongolia,1.7074939171795187e9,0.0,0.0,3.400660458689156e7,0.0,0.0,0.0,1.7415005217664104e9
aluminumscrap_source_Region29Qinghai_aluminumscrap_source_Region6Liaoning,1.2405768048526542e9,0.0,0.0,4.537650101272645e7,0.0,0.0,0.0,1.2859533058653808e9
aluminumscrap_source_Region29Qinghai_aluminumscrap_source_Region7Jilin,1.202711672073921e9,0.0,0.0,4.9644176900718845e7,0.0,0.0,0.0,1.25235584897464e9
aluminumscrap_source_Region29Qinghai_aluminumscrap_source_Region8Heilongjiang,1.0916646548114958e9,0.0,0.0,4.944878183381458e7,0.0,0.0,0.0,1.1411134366453104e9
aluminumscrap_source_Region29Qinghai_aluminumscrap_source_Region9Shanghai,1.3845451356076465e9,0.0,0.0,4.796677698730043e7,0.0,0.0,0.0,1.4325119125949469e9
aluminumscrap_source_Region29Qinghai_aluminumscrap_source_Region10Jiangsu,1.5425362703814714e9,0.0,0.0,4.6769297754117295e7,0.0,0.0,0.0,1.5893055681355886e9
aluminumscrap_source_Region29Qinghai_aluminumscrap_source_Region11Zhejiang,1.430217101605574e9,0.0,0.0,4.8676949890944816e7,0.0,0.0,0.0,1.4788940514965186e9
aluminumscrap_source_Region29Qinghai_aluminumscrap_source_Region12Anhui,1.6592870665823114e9,0.0,0.0,4.6090778931441836e7,0.0,0.0,0.0,1.7053778455137532e9
aluminumscrap_source_Region29Qinghai_aluminumscrap_source_Region13Fujian,1.0910890126172206e9,0.0,0.0,4.222194615600195e7,0.0,0.0,0.0,1.1333109587732227e9
aluminumscrap_source_Region29Qinghai_aluminumscrap_source_Region14Jiangxi,1.4733759876166618e9,0.0,0.0,4.4340650438533634e7,0.0,0.0,0.0,1.5177166380551953e9
aluminumscrap_source_Region29Qinghai_aluminumscrap_source_Region15Shandong,1.5230769012708163e9,0.0,0.0,3.8878051059513666e7,0.0,0.0,0.0,1.56195495233033e9
aluminumscrap_source_Region29Qinghai_aluminumscrap_source_Region16Henan,1.6592122247947087e9,0.0,0.0,3.404119788470018e7,0.0,0.0,0.0,1.693253422679409e9
aluminumscrap_source_Region29Qinghai_aluminumscrap_source_Region17Hubei,1.649446438132416e9,0.0,0.0,4.09587100931634e7,0.0,0.0,0.0,1.6904051482255795e9
aluminumscrap_source_Region29Qinghai_aluminumscrap_source_Region18Hunan,1.5075305691285818e9,0.0,0.0,4.3112820805103734e7,0.0,0.0,0.0,1.5506433899336855e9
aluminumscrap_source_Region29Qinghai_aluminumscrap_source_Region19Guangdong,1.0141961875449407e9,0.0,0.0,3.8899147898368716e7,0.0,0.0,0.0,1.0530953354433094e9
aluminumscrap_source_Region29Qinghai_aluminumscrap_source_Region20Guangxi,1.1708025853687115e9,0.0,0.0,3.8672639090813406e7,0.0,0.0,0.0,1.2094752244595249e9
aluminumscrap_source_Region29Qinghai_aluminumscrap_source_Region21Hainan,1.0487276804780982e9,0.0,0.0,4.241259702918032e7,0.0,0.0,0.0,1.0911402775072784e9
aluminumscrap_source_Region29Qinghai_aluminumscrap_source_Region22Chongqing,1.7318745182030606e9,0.0,0.0,3.333864088825976e7,0.0,0.0,0.0,1.7652131590913203e9
aluminumscrap_source_Region29Qinghai_aluminumscrap_source_Region23Sichuan,2.076712956891789e9,0.0,0.0,3.222300880916346e7,0.0,0.0,0.0,2.1089359657009525e9
aluminumscrap_source_Region29Qinghai_aluminumscrap_source_Region24Guizhou,1.4565669538832672e9,0.0,0.0,3.558160586966328e7,0.0,0.0,0.0,1.4921485597529304e9
aluminumscrap_source_Region29Qinghai_aluminumscrap_source_Region25Yunnan,1.246397977544383e9,0.0,0.0,3.503685613801241e7,0.0,0.0,0.0,1.2814348336823955e9
aluminumscrap_source_Region29Qinghai_aluminumscrap_source_Region27Shaanxi,2.44073424742554e9,0.0,0.0,3.227302597599134e7,0.0,0.0,0.0,2.473007273401531e9
aluminumscrap_source_Region29Qinghai_aluminumscrap_source_Region28Gansu,8.686256040544682e9,0.0,0.0,3.0476026405184075e7,0.0,0.0,0.0,8.716732066949865e9
aluminumscrap_source_Region29Qinghai_aluminumscrap_source_Region30Ningxia,3.1946900821527452e9,0.0,0.0,2.9999700794907153e7,0.0,0.0,0.0,3.2246897829476523e9
aluminumscrap_source_Region29Qinghai_aluminumscrap_source_Region31Xinjiang,1.353502284250163e9,0.0,0.0,3.75587625394741e7,0.0,0.0,0.0,1.391061046789637e9
aluminumscrap_source_Region30Ningxia_aluminumscrap_source_Region1Beijing,1.9299754835635161e9,0.0,0.0,3.3521976776923176e7,0.0,0.0,0.0,1.9634974603404393e9
aluminumscrap_source_Region30Ningxia_aluminumscrap_source_Region2Tianjin,1.881572709658509e9,0.0,0.0,3.392567529034309e7,0.0,0.0,0.0,1.915498384948852e9
aluminumscrap_source_Region30Ningxia_aluminumscrap_source_Region3Hebei,2.1215978731571867e9,0.0,0.0,3.0192756494817127e7,0.0,0.0,0.0,2.151790629652004e9
aluminumscrap_source_Region30Ningxia_aluminumscrap_source_Region4Shanxi,2.566875465818775e9,0.0,0.0,2.8330278431084998e7,0.0,0.0,0.0,2.5952057442498603e9
aluminumscrap_source_Region30Ningxia_aluminumscrap_source_Region5Innermongolia,2.79612747076097e9,0.0,0.0,2.911615732419762e7,0.0,0.0,0.0,2.825243628085168e9
aluminumscrap_source_Region30Ningxia_aluminumscrap_source_Region6Liaoning,1.4177906475589345e9,0.0,0.0,3.959542912838738e7,0.0,0.0,0.0,1.457386076687322e9
aluminumscrap_source_Region30Ningxia_aluminumscrap_source_Region7Jilin,1.364572889658482e9,0.0,0.0,4.3600904088173255e7,0.0,0.0,0.0,1.4081737937466552e9
aluminumscrap_source_Region30Ningxia_aluminumscrap_source_Region8Heilongjiang,1.229763825181326e9,0.0,0.0,4.386771857435098e7,0.0,0.0,0.0,1.273631543755677e9
aluminumscrap_source_Region30Ningxia_aluminumscrap_source_Region9Shanghai,1.3814040831306067e9,0.0,0.0,4.176717992377275e7,0.0,0.0,0.0,1.4231712630543795e9
aluminumscrap_source_Region30Ningxia_aluminumscrap_source_Region10Jiangsu,1.5544748788475027e9,0.0,0.0,4.00149176370219e7,0.0,0.0,0.0,1.5944897964845247e9
aluminumscrap_source_Region30Ningxia_aluminumscrap_source_Region11Zhejiang,1.4190624099540796e9,0.0,0.0,4.2599606417383716e7,0.0,0.0,0.0,1.4616620163714633e9
aluminumscrap_source_Region30Ningxia_aluminumscrap_source_Region12Anhui,1.6449042849991066e9,0.0,0.0,3.9557429796854004e7,0.0,0.0,0.0,1.6844617147959607e9
aluminumscrap_source_Region30Ningxia_aluminumscrap_source_Region13Fujian,1.1789196262529483e9,0.0,0.0,4.158951952126945e7,0.0,0.0,0.0,1.2205091457742178e9
aluminumscrap_source_Region30Ningxia_aluminumscrap_source_Region14Jiangxi,1.545573010627481e9,0.0,0.0,4.122843695267573e7,0.0,0.0,0.0,1.5868014475801568e9
aluminumscrap_source_Region30Ningxia_aluminumscrap_source_Region15Shandong,1.8640010109621236e9,0.0,0.0,3.303179798031738e7,0.0,0.0,0.0,1.897032808942441e9
aluminumscrap_source_Region30Ningxia_aluminumscrap_source_Region16Henan,2.056515714653115e9,0.0,0.0,3.146589620887884e7,0.0,0.0,0.0,2.0879816108619938e9
aluminumscrap_source_Region30Ningxia_aluminumscrap_source_Region17Hubei,1.7613639983734698e9,0.0,0.0,3.770672969234602e7,0.0,0.0,0.0,1.799070728065816e9
aluminumscrap_source_Region30Ningxia_aluminumscrap_source_Region18Hunan,1.5851381219709308e9,0.0,0.0,3.9904587208110504e7,0.0,0.0,0.0,1.6250427091790414e9
aluminumscrap_source_Region30Ningxia_aluminumscrap_source_Region19Guangdong,1.0743560170456922e9,0.0,0.0,3.818296279890383e7,0.0,0.0,0.0,1.1125389798445961e9
aluminumscrap_source_Region30Ningxia_aluminumscrap_source_Region20Guangxi,1.1681090928608606e9,0.0,0.0,3.909322496315835e7,0.0,0.0,0.0,1.207202317824019e9
aluminumscrap_source_Region30Ningxia_aluminumscrap_source_Region21Hainan,1.0463088925882648e9,0.0,0.0,4.277119895252655e7,0.0,0.0,0.0,1.0890800915407913e9
aluminumscrap_source_Region30Ningxia_aluminumscrap_source_Region22Chongqing,1.6650341150637617e9,0.0,0.0,3.2340928434820265e7,0.0,0.0,0.0,1.697375043498582e9
aluminumscrap_source_Region30Ningxia_aluminumscrap_source_Region23Sichuan,1.794035267477167e9,0.0,0.0,3.360117024486095e7,0.0,0.0,0.0,1.8276364377220278e9
aluminumscrap_source_Region30Ningxia_aluminumscrap_source_Region24Guizhou,1.3782990069495597e9,0.0,0.0,3.4115728853188366e7,0.0,0.0,0.0,1.412414735802748e9
aluminumscrap_source_Region30Ningxia_aluminumscrap_source_Region25Yunnan,1.1883241406826959e9,0.0,0.0,3.642542506019691e7,0.0,0.0,0.0,1.2247495657428927e9
aluminumscrap_source_Region30Ningxia_aluminumscrap_source_Region27Shaanxi,3.2752031466838827e9,0.0,0.0,3.2107659251660634e7,0.0,0.0,0.0,3.3073108059355435e9
aluminumscrap_source_Region30Ningxia_aluminumscrap_source_Region28Gansu,4.694208198859048e9,0.0,0.0,3.1420307959841937e7,0.0,0.0,0.0,4.72562850681889e9
aluminumscrap_source_Region30Ningxia_aluminumscrap_source_Region29Qinghai,3.349809003839234e9,0.0,0.0,3.1550618015573986e7,0.0,0.0,0.0,3.381359621854808e9
aluminumscrap_source_Region30Ningxia_aluminumscrap_source_Region31Xinjiang,1.197095098603251e9,0.0,0.0,3.809803892961948e7,0.0,0.0,0.0,1.2351931375328705e9
aluminumscrap_source_Region31Xinjiang_aluminumscrap_source_Region1Beijing,7.337146181470057e8,0.0,0.0,3.2522438188092828e7,0.0,0.0,0.0,7.662370563350985e8
aluminumscrap_source_Region31Xinjiang_aluminumscrap_source_Region2Tianjin,7.143501082410613e8,0.0,0.0,3.3024475310183648e7,0.0,0.0,0.0,7.47374583551245e8
aluminumscrap_source_Region31Xinjiang_aluminumscrap_source_Region3Hebei,7.199026034702581e8,0.0,0.0,3.204528018887021e7,0.0,0.0,0.0,7.519478836591283e8
aluminumscrap_source_Region31Xinjiang_aluminumscrap_source_Region4Shanxi,7.585246115175351e8,0.0,0.0,3.1252597622478332e7,0.0,0.0,0.0,7.897772091400135e8
aluminumscrap_source_Region31Xinjiang_aluminumscrap_source_Region5Innermongolia,8.296803039014663e8,0.0,0.0,3.043278164877406e7,0.0,0.0,0.0,8.601130855502403e8
aluminumscrap_source_Region31Xinjiang_aluminumscrap_source_Region6Liaoning,6.429341872488679e8,0.0,0.0,3.5501024766459055e7,0.0,0.0,0.0,6.78435212015327e8
aluminumscrap_source_Region31Xinjiang_aluminumscrap_source_Region7Jilin,6.51979330988417e8,0.0,0.0,3.689956662898042e7,0.0,0.0,0.0,6.888788976173974e8
aluminumscrap_source_Region31Xinjiang_aluminumscrap_source_Region8Heilongjiang,6.244955892071565e8,0.0,0.0,3.7157284139067195e7,0.0,0.0,0.0,6.616528733462237e8
aluminumscrap_source_Region31Xinjiang_aluminumscrap_source_Region9Shanghai,6.070496882607958e8,0.0,0.0,3.7343640366834246e7,0.0,0.0,0.0,6.443933286276301e8
aluminumscrap_source_Region31Xinjiang_aluminumscrap_source_Region10Jiangsu,6.373753715914803e8,0.0,0.0,3.645272242466948e7,0.0,0.0,0.0,6.738280940161498e8
aluminumscrap_source_Region31Xinjiang_aluminumscrap_source_Region11Zhejiang,6.169525682832905e8,0.0,0.0,3.7576631605173476e7,0.0,0.0,0.0,6.54529199888464e8
aluminumscrap_source_Region31Xinjiang_aluminumscrap_source_Region12Anhui,6.585164654473206e8,0.0,0.0,3.599077769304475e7,0.0,0.0,0.0,6.945072431403654e8
aluminumscrap_source_Region31Xinjiang_aluminumscrap_source_Region13Fujian,5.928864988766099e8,0.0,0.0,3.8875123549271755e7,0.0,0.0,0.0,6.317616224258816e8
aluminumscrap_source_Region31Xinjiang_aluminumscrap_source_Region14Jiangxi,6.444027485221157e8,0.0,0.0,3.6712569147594474e7,0.0,0.0,0.0,6.811153176697102e8
aluminumscrap_source_Region31Xinjiang_aluminumscrap_source_Region15Shandong,6.781303319368019e8,0.0,0.0,3.361794673832473e7,0.0,0.0,0.0,7.117482786751267e8
aluminumscrap_source_Region31Xinjiang_aluminumscrap_source_Region16Henan,6.989076490815144e8,0.0,0.0,3.295638690082009e7,0.0,0.0,0.0,7.318640359823345e8
aluminumscrap_source_Region31Xinjiang_aluminumscrap_source_Region17Hubei,6.791694601634917e8,0.0,0.0,3.511576007006613e7,0.0,0.0,0.0,7.142852202335578e8
aluminumscrap_source_Region31Xinjiang_aluminumscrap_source_Region18Hunan,6.512740977859824e8,0.0,0.0,3.6126492416288406e7,0.0,0.0,0.0,6.874005902022707e8
aluminumscrap_source_Region31Xinjiang_aluminumscrap_source_Region19Guangdong,5.660821030052e8,0.0,0.0,3.7266272751062825e7,0.0,0.0,0.0,6.033483757562629e8
aluminumscrap_source_Region31Xinjiang_aluminumscrap_source_Region20Guangxi,5.945645640843679e8,0.0,0.0,3.570826950192896e7,0.0,0.0,0.0,6.302728335862968e8
aluminumscrap_source_Region31Xinjiang_aluminumscrap_source_Region21Hainan,5.613042574304417e8,0.0,0.0,3.787059489246396e7,0.0,0.0,0.0,5.991748523229057e8
aluminumscrap_source_Region31Xinjiang_aluminumscrap_source_Region22Chongqing,6.941966235842685e8,0.0,0.0,3.2125339410836082e7,0.0,0.0,0.0,7.263219629951046e8
aluminumscrap_source_Region31Xinjiang_aluminumscrap_source_Region23Sichuan,7.33358301072825e8,0.0,0.0,3.215233895043624e7,0.0,0.0,0.0,7.655106400232612e8
aluminumscrap_source_Region31Xinjiang_aluminumscrap_source_Region24Guizhou,6.395087350408288e8,0.0,0.0,3.2906161516915184e7,0.0,0.0,0.0,6.72414896557744e8
aluminumscrap_source_Region31Xinjiang_aluminumscrap_source_Region25Yunnan,6.191731811531771e8,0.0,0.0,3.5112564868418135e7,0.0,0.0,0.0,6.542857460215952e8
aluminumscrap_source_Region31Xinjiang_aluminumscrap_source_Region27Shaanxi,8.03569627000545e8,0.0,0.0,3.2219006407507826e7,0.0,0.0,0.0,8.357886334080528e8
aluminumscrap_source_Region31Xinjiang_aluminumscrap_source_Region28Gansu,9.726763312079202e8,0.0,0.0,2.9609915051911194e7,0.0,0.0,0.0,1.0022862462598314e9
aluminumscrap_source_Region31Xinjiang_aluminumscrap_source_Region29Qinghai,1.0345702713469841e9,0.0,0.0,2.874743900306749e7,0.0,0.0,0.0,1.0633177103500516e9
aluminumscrap_source_Region31Xinjiang_aluminumscrap_source_Region30Ningxia,9.29919273904661e8,0.0,0.0,2.9682296250314567e7,0.0,0.0,0.0,9.596015701549757e8
Region1Beijing_ammonia_coal_transforms_ammonia_Region1Beijing,0.0,24195.98646982764,8837.974380372772,0.0,0.0,0.0,0.0,33033.96085020041
coal_Region1Beijing_Region1Beijing_ammonia_coal_transforms,45235.15467435009,0.0,0.0,0.0,0.0,0.0,0.0,45235.15467435009
Region2Tianjin_ammonia_coal_transforms_ammonia_Region2Tianjin,0.0,17138.125335374127,6267.85520719145,0.0,0.0,0.0,0.0,23405.980542565576
coal_Region2Tianjin_Region2Tianjin_ammonia_coal_transforms,35337.920582900864,0.0,0.0,0.0,0.0,0.0,0.0,35337.920582900864
Region3Hebei_ammonia_coal_transforms_ammonia_Region3Hebei,0.0,32691.00904404459,11937.10269600139,0.0,0.0,0.0,0.0,44628.11174004598
coal_Region3Hebei_Region3Hebei_ammonia_coal_transforms,53780.12065020443,0.0,0.0,0.0,0.0,0.0,0.0,53780.12065020443
Region4Shanxi_ammonia_coal_transforms_ammonia_Region4Shanxi,0.0,31518.25628273336,11510.069749278655,0.0,0.0,0.0,0.0,43028.32603201202
coal_Region4Shanxi_Region4Shanxi_ammonia_coal_transforms,47494.248827112366,0.0,0.0,0.0,0.0,0.0,0.0,47494.248827112366
Region5Innermongolia_ammonia_coal_transforms_ammonia_Region5Innermongolia,0.0,30354.507122356463,11086.103006451049,0.0,0.0,0.0,0.0,41440.610128807515
coal_Region5Innermongolia_Region5Innermongolia_ammonia_coal_transforms,29057.903849409642,0.0,0.0,0.0,0.0,0.0,0.0,29057.903849409642
Region6Liaoning_ammonia_coal_transforms_ammonia_Region6Liaoning,0.0,27766.57474511323,10142.06515978222,0.0,0.0,0.0,0.0,37908.63990489545
coal_Region6Liaoning_Region6Liaoning_ammonia_coal_transforms,55654.838986570256,0.0,0.0,0.0,0.0,0.0,0.0,55654.838986570256
Region7Jilin_ammonia_coal_transforms_ammonia_Region7Jilin,0.0,35504.29317938177,12959.176166751831,0.0,0.0,0.0,0.0,48463.4693461336
coal_Region7Jilin_Region7Jilin_ammonia_coal_transforms,74047.4954861173,0.0,0.0,0.0,0.0,0.0,0.0,74047.4954861173
Region8Heilongjiang_ammonia_coal_transforms_ammonia_Region8Heilongjiang,0.0,31303.232088363588,11431.629649001492,0.0,0.0,0.0,0.0,42734.86173736508
coal_Region8Heilongjiang_Region8Heilongjiang_ammonia_coal_transforms,59577.486984552816,0.0,0.0,0.0,0.0,0.0,0.0,59577.486984552816
Region9Shanghai_ammonia_coal_transforms_ammonia_Region9Shanghai,0.0,25032.230650558377,9142.672333715764,0.0,0.0,0.0,0.0,34174.902984274144
coal_Region9Shanghai_Region9Shanghai_ammonia_coal_transforms,50914.52274263522,0.0,0.0,0.0,0.0,0.0,0.0,50914.52274263522
Region10Jiangsu_ammonia_coal_transforms_ammonia_Region10Jiangsu,0.0,30236.13556794142,11040.816720785186,0.0,0.0,0.0,0.0,41276.95228872661
coal_Region10Jiangsu_Region10Jiangsu_ammonia_coal_transforms,65678.30299971279,0.0,0.0,0.0,0.0,0.0,0.0,65678.30299971279
Region11Zhejiang_ammonia_coal_transforms_ammonia_Region11Zhejiang,0.0,29855.18189868969,10902.578558127747,0.0,0.0,0.0,0.0,40757.760456817436
coal_Region11Zhejiang_Region11Zhejiang_ammonia_coal_transforms,62845.9651367637,0.0,0.0,0.0,0.0,0.0,0.0,62845.9651367637
Region12Anhui_ammonia_coal_transforms_ammonia_Region12Anhui,0.0,31184.6388991298,11387.327438119471,0.0,0.0,0.0,0.0,42571.96633724927
coal_Region12Anhui_Region12Anhui_ammonia_coal_transforms,71239.19288410984,0.0,0.0,0.0,0.0,0.0,0.0,71239.19288410984
Region13Fujian_ammonia_coal_transforms_ammonia_Region13Fujian,0.0,25299.31024045314,9233.306454433676,0.0,0.0,0.0,0.0,34532.61669488681
coal_Region13Fujian_Region13Fujian_ammonia_coal_transforms,53971.55324143006,0.0,0.0,0.0,0.0,0.0,0.0,53971.55324143006
Region14Jiangxi_ammonia_coal_transforms_ammonia_Region14Jiangxi,0.0,28351.262410407784,10355.565650906541,0.0,0.0,0.0,0.0,38706.82806131433
coal_Region14Jiangxi_Region14Jiangxi_ammonia_coal_transforms,73048.8699751594,0.0,0.0,0.0,0.0,0.0,0.0,73048.8699751594
Region15Shandong_ammonia_coal_transforms_ammonia_Region15Shandong,0.0,29575.915983879957,10799.271696286094,0.0,0.0,0.0,0.0,40375.187680166055
coal_Region15Shandong_Region15Shandong_ammonia_coal_transforms,65566.75565986967,0.0,0.0,0.0,0.0,0.0,0.0,65566.75565986967
Region16Henan_ammonia_coal_transforms_ammonia_Region16Henan,0.0,33735.34628898046,12318.789643019509,0.0,0.0,0.0,0.0,46054.13593199997
coal_Region16Henan_Region16Henan_ammonia_coal_transforms,75809.17376464367,0.0,0.0,0.0,0.0,0.0,0.0,75809.17376464367
Region17Hubei_ammonia_coal_transforms_ammonia_Region17Hubei,0.0,32014.779245819496,11690.677541608176,0.0,0.0,0.0,0.0,43705.45678742767
coal_Region17Hubei_Region17Hubei_ammonia_coal_transforms,79003.9346345225,0.0,0.0,0.0,0.0,0.0,0.0,79003.9346345225
Region18Hunan_ammonia_coal_transforms_ammonia_Region18Hunan,0.0,30741.281169170343,11225.148968605261,0.0,0.0,0.0,0.0,41966.430137775606
coal_Region18Hunan_Region18Hunan_ammonia_coal_transforms,79648.12744184748,0.0,0.0,0.0,0.0,0.0,0.0,79648.12744184748
Region19Guangdong_ammonia_coal_transforms_ammonia_Region19Guangdong,0.0,31393.685812768246,11463.65075692083,0.0,0.0,0.0,0.0,42857.336569689076
coal_Region19Guangdong_Region19Guangdong_ammonia_coal_transforms,69603.99327820669,0.0,0.0,0.0,0.0,0.0,0.0,69603.99327820669
Region20Guangxi_ammonia_coal_transforms_ammonia_Region20Guangxi,0.0,30920.032110389857,11288.962739366689,0.0,0.0,0.0,0.0,42208.99484975655
coal_Region20Guangxi_Region20Guangxi_ammonia_coal_transforms,79176.67605703707,0.0,0.0,0.0,0.0,0.0,0.0,79176.67605703707
Region21Hainan_ammonia_coal_transforms_ammonia_Region21Hainan,0.0,29033.34449963504,10603.927006915466,0.0,0.0,0.0,0.0,39637.2715065505
coal_Region21Hainan_Region21Hainan_ammonia_coal_transforms,52112.069110326214,0.0,0.0,0.0,0.0,0.0,0.0,52112.069110326214
Region22Chongqing_ammonia_coal_transforms_ammonia_Region22Chongqing,0.0,29052.72339598885,10611.130394943142,0.0,0.0,0.0,0.0,39663.85379093199
coal_Region22Chongqing_Region22Chongqing_ammonia_coal_transforms,66161.98917294967,0.0,0.0,0.0,0.0,0.0,0.0,66161.98917294967
Region23Sichuan_ammonia_coal_transforms_ammonia_Region23Sichuan,0.0,26973.211479848444,9855.87506016024,0.0,0.0,0.0,0.0,36829.086540008684
coal_Region23Sichuan_Region23Sichuan_ammonia_coal_transforms,65484.75581782696,0.0,0.0,0.0,0.0,0.0,0.0,65484.75581782696
Region24Guizhou_ammonia_coal_transforms_ammonia_Region24Guizhou,0.0,28693.444333227155,10477.816551426427,0.0,0.0,0.0,0.0,39171.26088465358
coal_Region24Guizhou_Region24Guizhou_ammonia_coal_transforms,53100.89567464278,0.0,0.0,0.0,0.0,0.0,0.0,53100.89567464278
Region25Yunnan_ammonia_coal_transforms_ammonia_Region25Yunnan,0.0,31727.14181411484,11586.370920128682,0.0,0.0,0.0,0.0,43313.51273424352
coal_Region25Yunnan_Region25Yunnan_ammonia_coal_transforms,50182.11324378789,0.0,0.0,0.0,0.0,0.0,0.0,50182.11324378789
Region26Tibet_ammonia_coal_transforms_ammonia_Region26Tibet,0.0,62.62102417107833,37.1835641689046,0.0,0.0,0.0,0.0,99.80458833998293
coal_Region26Tibet_Region26Tibet_ammonia_coal_transforms,98.94899051869942,0.0,0.0,0.0,0.0,0.0,0.0,98.94899051869942
Region27Shaanxi_ammonia_coal_transforms_ammonia_Region27Shaanxi,0.0,34941.54641193462,12755.500357663583,0.0,0.0,0.0,0.0,47697.04676959821
coal_Region27Shaanxi_Region27Shaanxi_ammonia_coal_transforms,57862.02947138295,0.0,0.0,0.0,0.0,0.0,0.0,57862.02947138295
Region28Gansu_ammonia_coal_transforms_ammonia_Region28Gansu,0.0,28646.74920572305,10462.99509621412,0.0,0.0,0.0,0.0,39109.74430193717
coal_Region28Gansu_Region28Gansu_ammonia_coal_transforms,56667.75356632446,0.0,0.0,0.0,0.0,0.0,0.0,56667.75356632446
Region29Qinghai_ammonia_coal_transforms_ammonia_Region29Qinghai,0.0,25916.791922332475,9463.244051099082,0.0,0.0,0.0,0.0,35380.03597343156
coal_Region29Qinghai_Region29Qinghai_ammonia_coal_transforms,46985.97267114715,0.0,0.0,0.0,0.0,0.0,0.0,46985.97267114715
Region30Ningxia_ammonia_coal_transforms_ammonia_Region30Ningxia,0.0,33456.60985325936,12216.050623734674,0.0,0.0,0.0,0.0,45672.66047699403
coal_Region30Ningxia_Region30Ningxia_ammonia_coal_transforms,49033.78654724169,0.0,0.0,0.0,0.0,0.0,0.0,49033.78654724169
Region31Xinjiang_ammonia_coal_transforms_ammonia_Region31Xinjiang,0.0,30040.628375747587,10971.782321937691,0.0,0.0,0.0,0.0,41012.41069768528
coal_Region31Xinjiang_Region31Xinjiang_ammonia_coal_transforms,26960.535046188215,0.0,0.0,0.0,0.0,0.0,0.0,26960.535046188215
Region1Beijing_ammonia_coal_ccs_transforms_ammonia_Region1Beijing,0.0,24620.395018629926,10263.184259546766,0.0,0.0,0.0,0.0,34883.579278176694
coal_Region1Beijing_Region1Beijing_ammonia_coal_ccs_transforms,42105.138523647,0.0,0.0,0.0,0.0,0.0,0.0,42105.138523647
Region2Tianjin_ammonia_coal_ccs_transforms_ammonia_Region2Tianjin,0.0,24148.31783681485,8344.35433180076,0.0,0.0,0.0,0.0,32492.67216861561
coal_Region2Tianjin_Region2Tianjin_ammonia_coal_ccs_transforms,37714.32111096409,0.0,0.0,0.0,0.0,0.0,0.0,37714.32111096409
Region3Hebei_ammonia_coal_ccs_transforms_ammonia_Region3Hebei,0.0,84604.4745970649,18142.78178429972,0.0,0.0,0.0,0.0,102747.25638136461
coal_Region3Hebei_Region3Hebei_ammonia_coal_ccs_transforms,65534.79514549439,0.0,0.0,0.0,0.0,0.0,0.0,65534.79514549439
Region4Shanxi_ammonia_coal_ccs_transforms_ammonia_Region4Shanxi,0.0,62941.289785741246,15298.003850697423,0.0,0.0,0.0,0.0,78239.29363643867
coal_Region4Shanxi_Region4Shanxi_ammonia_coal_ccs_transforms,50605.312738689965,0.0,0.0,0.0,0.0,0.0,0.0,50605.312738689965
Region5Innermongolia_ammonia_coal_ccs_transforms_ammonia_Region5Innermongolia,0.0,48670.845599772336,14348.816734566848,0.0,0.0,0.0,0.0,63019.662334339184
coal_Region5Innermongolia_Region5Innermongolia_ammonia_coal_ccs_transforms,30150.011537476166,0.0,0.0,0.0,0.0,0.0,0.0,30150.011537476166
Region6Liaoning_ammonia_coal_ccs_transforms_ammonia_Region6Liaoning,0.0,29320.231247178417,11763.982100077688,0.0,0.0,0.0,0.0,41084.2133472561
coal_Region6Liaoning_Region6Liaoning_ammonia_coal_ccs_transforms,51745.26260277659,0.0,0.0,0.0,0.0,0.0,0.0,51745.26260277659
Region7Jilin_ammonia_coal_ccs_transforms_ammonia_Region7Jilin,0.0,63195.57711448132,15327.076807550928,0.0,0.0,0.0,0.0,78522.65392203224
coal_Region7Jilin_Region7Jilin_ammonia_coal_ccs_transforms,70202.90052811374,0.0,0.0,0.0,0.0,0.0,0.0,70202.90052811374
Region8Heilongjiang_ammonia_coal_ccs_transforms_ammonia_Region8Heilongjiang,0.0,44944.66004167848,13449.50167394228,0.0,0.0,0.0,0.0,58394.16171562076
coal_Region8Heilongjiang_Region8Heilongjiang_ammonia_coal_ccs_transforms,56186.796204461556,0.0,0.0,0.0,0.0,0.0,0.0,56186.796204461556
Region9Shanghai_ammonia_coal_ccs_transforms_ammonia_Region9Shanghai,0.0,25818.89745377575,10714.572400947918,0.0,0.0,0.0,0.0,36533.46985472367
coal_Region9Shanghai_Region9Shanghai_ammonia_coal_ccs_transforms,47827.80211546614,0.0,0.0,0.0,0.0,0.0,0.0,47827.80211546614
Region10Jiangsu_ammonia_coal_ccs_transforms_ammonia_Region10Jiangsu,0.0,106151.7355755986,21950.17755665624,0.0,0.0,0.0,0.0,128101.91313225485
coal_Region10Jiangsu_Region10Jiangsu_ammonia_coal_ccs_transforms,104708.9208138416,0.0,0.0,0.0,0.0,0.0,0.0,104708.9208138416
Region11Zhejiang_ammonia_coal_ccs_transforms_ammonia_Region11Zhejiang,0.0,32160.669030814945,12384.999352176312,0.0,0.0,0.0,0.0,44545.66838299126
coal_Region11Zhejiang_Region11Zhejiang_ammonia_coal_ccs_transforms,57224.26971932998,0.0,0.0,0.0,0.0,0.0,0.0,57224.26971932998
Region12Anhui_ammonia_coal_ccs_transforms_ammonia_Region12Anhui,0.0,53405.55951665234,17238.72574616835,0.0,0.0,0.0,0.0,70644.28526282069
coal_Region12Anhui_Region12Anhui_ammonia_coal_ccs_transforms,86466.15289000503,0.0,0.0,0.0,0.0,0.0,0.0,86466.15289000503
Region13Fujian_ammonia_coal_ccs_transforms_ammonia_Region13Fujian,0.0,26479.86926984417,10976.668902398756,0.0,0.0,0.0,0.0,37456.53817224293
coal_Region13Fujian_Region13Fujian_ammonia_coal_ccs_transforms,51431.01064375751,0.0,0.0,0.0,0.0,0.0,0.0,51431.01064375751
Region14Jiangxi_ammonia_coal_ccs_transforms_ammonia_Region14Jiangxi,0.0,32142.2331501581,12325.843638151884,0.0,0.0,0.0,0.0,44468.07678830998
coal_Region14Jiangxi_Region14Jiangxi_ammonia_coal_ccs_transforms,69696.46156822307,0.0,0.0,0.0,0.0,0.0,0.0,69696.46156822307
Region15Shandong_ammonia_coal_ccs_transforms_ammonia_Region15Shandong,0.0,78391.25386186907,23759.93779677136,0.0,0.0,0.0,0.0,102151.19165864043
coal_Region15Shandong_Region15Shandong_ammonia_coal_ccs_transforms,115688.0189760644,0.0,0.0,0.0,0.0,0.0,0.0,115688.0189760644
Region16Henan_ammonia_coal_ccs_transforms_ammonia_Region16Henan,0.0,88939.25985463736,18631.512402630116,0.0,0.0,0.0,0.0,107570.77225726748
coal_Region16Henan_Region16Henan_ammonia_coal_ccs_transforms,91927.79837544788,0.0,0.0,0.0,0.0,0.0,0.0,91927.79837544788
Region17Hubei_ammonia_coal_ccs_transforms_ammonia_Region17Hubei,0.0,68454.94456033634,18014.56514518309,0.0,0.0,0.0,0.0,86469.50970551943
coal_Region17Hubei_Region17Hubei_ammonia_coal_ccs_transforms,97607.47804263809,0.0,0.0,0.0,0.0,0.0,0.0,97607.47804263809
Region18Hunan_ammonia_coal_ccs_transforms_ammonia_Region18Hunan,0.0,36347.71280814363,13752.694336163473,0.0,0.0,0.0,0.0,50100.4071443071
coal_Region18Hunan_Region18Hunan_ammonia_coal_ccs_transforms,78224.22222088906,0.0,0.0,0.0,0.0,0.0,0.0,78224.22222088906
Region19Guangdong_ammonia_coal_ccs_transforms_ammonia_Region19Guangdong,0.0,39780.265726647434,13265.923481980355,0.0,0.0,0.0,0.0,53046.18920862779
coal_Region19Guangdong_Region19Guangdong_ammonia_coal_ccs_transforms,64565.109766219,0.0,0.0,0.0,0.0,0.0,0.0,64565.109766219
Region20Guangxi_ammonia_coal_ccs_transforms_ammonia_Region20Guangxi,0.0,43358.60500074218,13545.339120686936,0.0,0.0,0.0,0.0,56903.944121429115
coal_Region20Guangxi_Region20Guangxi_ammonia_coal_ccs_transforms,76154.30387939543,0.0,0.0,0.0,0.0,0.0,0.0,76154.30387939543
Region21Hainan_ammonia_coal_ccs_transforms_ammonia_Region21Hainan,0.0,32114.122847332124,12623.441502326297,0.0,0.0,0.0,0.0,44737.56434965842
coal_Region21Hainan_Region21Hainan_ammonia_coal_ccs_transforms,49728.340885473066,0.0,0.0,0.0,0.0,0.0,0.0,49728.340885473066
Region22Chongqing_ammonia_coal_ccs_transforms_ammonia_Region22Chongqing,0.0,33994.97862555687,12663.643761692441,0.0,0.0,0.0,0.0,46658.622387249314
coal_Region22Chongqing_Region22Chongqing_ammonia_coal_ccs_transforms,63293.668028080065,0.0,0.0,0.0,0.0,0.0,0.0,63293.668028080065
Region23Sichuan_ammonia_coal_ccs_transforms_ammonia_Region23Sichuan,0.0,28384.307366310753,11917.597444212137,0.0,0.0,0.0,0.0,40301.90481052289
coal_Region23Sichuan_Region23Sichuan_ammonia_coal_ccs_transforms,63473.1996564329,0.0,0.0,0.0,0.0,0.0,0.0,63473.1996564329
Region24Guizhou_ammonia_coal_ccs_transforms_ammonia_Region24Guizhou,0.0,32119.434523967753,12366.658043698686,0.0,0.0,0.0,0.0,44486.09256766644
coal_Region24Guizhou_Region24Guizhou_ammonia_coal_ccs_transforms,50238.04381851884,0.0,0.0,0.0,0.0,0.0,0.0,50238.04381851884
Region25Yunnan_ammonia_coal_ccs_transforms_ammonia_Region25Yunnan,0.0,46865.69538431999,14349.935797162636,0.0,0.0,0.0,0.0,61215.631181482626
coal_Region25Yunnan_Region25Yunnan_ammonia_coal_ccs_transforms,49822.50283035907,0.0,0.0,0.0,0.0,0.0,0.0,49822.50283035907
Region26Tibet_ammonia_coal_ccs_transforms_ammonia_Region26Tibet,0.0,125.56294048539252,51.828424509716484,0.0,0.0,0.0,0.0,177.391364995109
coal_Region26Tibet_Region26Tibet_ammonia_coal_ccs_transforms,114.67281580889293,0.0,0.0,0.0,0.0,0.0,0.0,114.67281580889293
Region27Shaanxi_ammonia_coal_ccs_transforms_ammonia_Region27Shaanxi,0.0,62238.75019106495,15867.898015846493,0.0,0.0,0.0,0.0,78106.64820691144
coal_Region27Shaanxi_Region27Shaanxi_ammonia_coal_ccs_transforms,57702.5820870153,0.0,0.0,0.0,0.0,0.0,0.0,57702.5820870153
Region28Gansu_ammonia_coal_ccs_transforms_ammonia_Region28Gansu,0.0,32936.535442266875,12282.560297176378,0.0,0.0,0.0,0.0,45219.095739443255
coal_Region28Gansu_Region28Gansu_ammonia_coal_ccs_transforms,53323.3900129241,0.0,0.0,0.0,0.0,0.0,0.0,53323.3900129241
Region29Qinghai_ammonia_coal_ccs_transforms_ammonia_Region29Qinghai,0.0,28835.18503215048,11641.355592684506,0.0,0.0,0.0,0.0,40476.54062483498
coal_Region29Qinghai_Region29Qinghai_ammonia_coal_ccs_transforms,46333.196729077375,0.0,0.0,0.0,0.0,0.0,0.0,46333.196729077375
Region30Ningxia_ammonia_coal_ccs_transforms_ammonia_Region30Ningxia,0.0,40103.14976549452,12852.44361768549,0.0,0.0,0.0,0.0,52955.59338318001
coal_Region30Ningxia_Region30Ningxia_ammonia_coal_ccs_transforms,41348.45157717483,0.0,0.0,0.0,0.0,0.0,0.0,41348.45157717483
Region31Xinjiang_ammonia_coal_ccs_transforms_ammonia_Region31Xinjiang,0.0,66609.16215383096,15349.583505622988,0.0,0.0,0.0,0.0,81958.74565945394
coal_Region31Xinjiang_Region31Xinjiang_ammonia_coal_ccs_transforms,30238.766263547936,0.0,0.0,0.0,0.0,0.0,0.0,30238.766263547936
Region4Shanxi_ammonia_cog_transforms_ammonia_Region4Shanxi,0.0,0.0,77.91714531822831,0.0,0.0,0.0,0.0,77.91714531822831
cog_Region4Shanxi_Region4Shanxi_ammonia_cog_transforms,7083.145795895682,0.0,0.0,0.0,0.0,0.0,0.0,7083.145795895682
Region15Shandong_ammonia_cog_transforms_ammonia_Region15Shandong,0.0,0.0,80.84836513812161,0.0,0.0,0.0,0.0,80.84836513812161
cog_Region15Shandong_Region15Shandong_ammonia_cog_transforms,12917.92365676982,0.0,0.0,0.0,0.0,0.0,0.0,12917.92365676982
Region23Sichuan_ammonia_cog_transforms_ammonia_Region23Sichuan,0.0,0.0,80.862210939755,0.0,0.0,0.0,0.0,80.862210939755
cog_Region23Sichuan_Region23Sichuan_ammonia_cog_transforms,12913.767627772433,0.0,0.0,0.0,0.0,0.0,0.0,12913.767627772433
Region30Ningxia_ammonia_cog_transforms_ammonia_Region30Ningxia,0.0,0.0,80.3962729104429,0.0,0.0,0.0,0.0,80.3962729104429
cog_Region30Ningxia_Region30Ningxia_ammonia_cog_transforms,17371.282780665137,0.0,0.0,0.0,0.0,0.0,0.0,17371.282780665137
Region1Beijing_ammonia_gas_transforms_ammonia_Region1Beijing,0.0,15841.999058467098,5784.81691280338,0.0,0.0,0.0,0.0,21626.815971270476
natgas_Region1Beijing_Region1Beijing_ammonia_gas_transforms,74768.76471036796,0.0,0.0,0.0,0.0,0.0,0.0,74768.76471036796
Region2Tianjin_ammonia_gas_transforms_ammonia_Region2Tianjin,0.0,11149.01133486941,4077.5992623483908,0.0,0.0,0.0,0.0,15226.610597217801
natgas_Region2Tianjin_Region2Tianjin_ammonia_gas_transforms,52680.53195620219,0.0,0.0,0.0,0.0,0.0,0.0,52680.53195620219
Region3Hebei_ammonia_gas_transforms_ammonia_Region3Hebei,0.0,20457.66075450437,7463.928286258425,0.0,0.0,0.0,0.0,27921.589040762796
natgas_Region3Hebei_Region3Hebei_ammonia_gas_transforms,95716.2311412164,0.0,0.0,0.0,0.0,0.0,0.0,95716.2311412164
Region4Shanxi_ammonia_gas_transforms_ammonia_Region4Shanxi,0.0,20567.150090729436,7508.212688421298,0.0,0.0,0.0,0.0,28075.36277915073
natgas_Region4Shanxi_Region4Shanxi_ammonia_gas_transforms,93740.03345521106,0.0,0.0,0.0,0.0,0.0,0.0,93740.03345521106
Region5Innermongolia_ammonia_gas_transforms_ammonia_Region5Innermongolia,0.0,20369.445072688068,7432.413347945188,0.0,0.0,0.0,0.0,27801.858420633256
natgas_Region5Innermongolia_Region5Innermongolia_ammonia_gas_transforms,72742.49534233242,0.0,0.0,0.0,0.0,0.0,0.0,72742.49534233242
Region6Liaoning_ammonia_gas_transforms_ammonia_Region6Liaoning,0.0,17206.931787874382,6282.0681696177635,0.0,0.0,0.0,0.0,23488.999957492146
natgas_Region6Liaoning_Region6Liaoning_ammonia_gas_transforms,80547.314137754,0.0,0.0,0.0,0.0,0.0,0.0,80547.314137754
Region7Jilin_ammonia_gas_transforms_ammonia_Region7Jilin,0.0,23506.32637075304,8579.094091394369,0.0,0.0,0.0,0.0,32085.420462147405
natgas_Region7Jilin_Region7Jilin_ammonia_gas_transforms,101306.21008821193,0.0,0.0,0.0,0.0,0.0,0.0,101306.21008821193
Region8Heilongjiang_ammonia_gas_transforms_ammonia_Region8Heilongjiang,0.0,20192.634895184634,7368.225080549723,0.0,0.0,0.0,0.0,27560.859975734358
natgas_Region8Heilongjiang_Region8Heilongjiang_ammonia_gas_transforms,86997.51414377942,0.0,0.0,0.0,0.0,0.0,0.0,86997.51414377942
Region9Shanghai_ammonia_gas_transforms_ammonia_Region9Shanghai,0.0,16332.69543813418,5963.756253172021,0.0,0.0,0.0,0.0,22296.451691306203
natgas_Region9Shanghai_Region9Shanghai_ammonia_gas_transforms,82212.87253824202,0.0,0.0,0.0,0.0,0.0,0.0,82212.87253824202
Region10Jiangsu_ammonia_gas_transforms_ammonia_Region10Jiangsu,0.0,20665.646360311173,7543.077041927148,0.0,0.0,0.0,0.0,28208.72340223832
natgas_Region10Jiangsu_Region10Jiangsu_ammonia_gas_transforms,103317.94731862989,0.0,0.0,0.0,0.0,0.0,0.0,103317.94731862989
Region11Zhejiang_ammonia_gas_transforms_ammonia_Region11Zhejiang,0.0,19212.492815788628,7014.66905669348,0.0,0.0,0.0,0.0,26227.16187248211
natgas_Region11Zhejiang_Region11Zhejiang_ammonia_gas_transforms,96348.93467307749,0.0,0.0,0.0,0.0,0.0,0.0,96348.93467307749
Region12Anhui_ammonia_gas_transforms_ammonia_Region12Anhui,0.0,20924.32117655648,7637.385424969065,0.0,0.0,0.0,0.0,28561.706601525548
natgas_Region12Anhui_Region12Anhui_ammonia_gas_transforms,102022.92734618917,0.0,0.0,0.0,0.0,0.0,0.0,102022.92734618917
Region13Fujian_ammonia_gas_transforms_ammonia_Region13Fujian,0.0,15862.289837445094,5794.256588814361,0.0,0.0,0.0,0.0,21656.546426259454
natgas_Region13Fujian_Region13Fujian_ammonia_gas_transforms,79873.40576401229,0.0,0.0,0.0,0.0,0.0,0.0,79873.40576401229
Region14Jiangxi_ammonia_gas_transforms_ammonia_Region14Jiangxi,0.0,18506.242503622147,6757.669986107833,0.0,0.0,0.0,0.0,25263.91248972998
natgas_Region14Jiangxi_Region14Jiangxi_ammonia_gas_transforms,86035.18954606705,0.0,0.0,0.0,0.0,0.0,0.0,86035.18954606705
Region15Shandong_ammonia_gas_transforms_ammonia_Region15Shandong,0.0,21098.95356084996,7700.962225359764,0.0,0.0,0.0,0.0,28799.915786209724
natgas_Region15Shandong_Region15Shandong_ammonia_gas_transforms,98757.90511146933,0.0,0.0,0.0,0.0,0.0,0.0,98757.90511146933
Region16Henan_ammonia_gas_transforms_ammonia_Region16Henan,0.0,23262.719345050784,8489.577293151628,0.0,0.0,0.0,0.0,31752.29663820241
natgas_Region16Henan_Region16Henan_ammonia_gas_transforms,110096.15309808958,0.0,0.0,0.0,0.0,0.0,0.0,110096.15309808958
Region17Hubei_ammonia_gas_transforms_ammonia_Region17Hubei,0.0,20281.486645382098,7402.081074996528,0.0,0.0,0.0,0.0,27683.567720378625
natgas_Region17Hubei_Region17Hubei_ammonia_gas_transforms,94246.8503321238,0.0,0.0,0.0,0.0,0.0,0.0,94246.8503321238
Region18Hunan_ammonia_gas_transforms_ammonia_Region18Hunan,0.0,20210.645183028242,7378.001877244528,0.0,0.0,0.0,0.0,27588.64706027277
natgas_Region18Hunan_Region18Hunan_ammonia_gas_transforms,93940.07519289266,0.0,0.0,0.0,0.0,0.0,0.0,93940.07519289266
Region19Guangdong_ammonia_gas_transforms_ammonia_Region19Guangdong,0.0,20076.731454901357,7329.059039351298,0.0,0.0,0.0,0.0,27405.790494252655
natgas_Region19Guangdong_Region19Guangdong_ammonia_gas_transforms,101052.97734264006,0.0,0.0,0.0,0.0,0.0,0.0,101052.97734264006
Region20Guangxi_ammonia_gas_transforms_ammonia_Region20Guangxi,0.0,20315.86974076884,7416.342454453503,0.0,0.0,0.0,0.0,27732.212195222346
natgas_Region20Guangxi_Region20Guangxi_ammonia_gas_transforms,96168.39202244618,0.0,0.0,0.0,0.0,0.0,0.0,96168.39202244618
Region21Hainan_ammonia_gas_transforms_ammonia_Region21Hainan,0.0,18734.465636797202,6836.260606241384,0.0,0.0,0.0,0.0,25570.726243038585
natgas_Region21Hainan_Region21Hainan_ammonia_gas_transforms,76791.72253053513,0.0,0.0,0.0,0.0,0.0,0.0,76791.72253053513
Region22Chongqing_ammonia_gas_transforms_ammonia_Region22Chongqing,0.0,19010.16568003803,6936.806216886548,0.0,0.0,0.0,0.0,25946.971896924577
natgas_Region22Chongqing_Region22Chongqing_ammonia_gas_transforms,77922.21625291006,0.0,0.0,0.0,0.0,0.0,0.0,77922.21625291006
Region23Sichuan_ammonia_gas_transforms_ammonia_Region23Sichuan,0.0,18316.553380505204,6689.961907880606,0.0,0.0,0.0,0.0,25006.51528838581
natgas_Region23Sichuan_Region23Sichuan_ammonia_gas_transforms,75495.4744284615,0.0,0.0,0.0,0.0,0.0,0.0,75495.4744284615
Region24Guizhou_ammonia_gas_transforms_ammonia_Region24Guizhou,0.0,18341.922566385114,6696.763383831854,0.0,0.0,0.0,0.0,25038.68595021697
natgas_Region24Guizhou_Region24Guizhou_ammonia_gas_transforms,77492.63292021214,0.0,0.0,0.0,0.0,0.0,0.0,77492.63292021214
Region25Yunnan_ammonia_gas_transforms_ammonia_Region25Yunnan,0.0,20680.917262538176,7548.234068277268,0.0,0.0,0.0,0.0,28229.151330815446
natgas_Region25Yunnan_Region25Yunnan_ammonia_gas_transforms,87353.9610058267,0.0,0.0,0.0,0.0,0.0,0.0,87353.9610058267
Region26Tibet_ammonia_gas_transforms_ammonia_Region26Tibet,0.0,42.935674610454925,24.163590959374687,0.0,0.0,0.0,0.0,67.09926556982961
natgas_Region26Tibet_Region26Tibet_ammonia_gas_transforms,174.4277894250738,0.0,0.0,0.0,0.0,0.0,0.0,174.4277894250738
Region27Shaanxi_ammonia_gas_transforms_ammonia_Region27Shaanxi,0.0,24878.029511401044,9077.377155196598,0.0,0.0,0.0,0.0,33955.40666659764
natgas_Region27Shaanxi_Region27Shaanxi_ammonia_gas_transforms,88855.057563605,0.0,0.0,0.0,0.0,0.0,0.0,88855.057563605
Region28Gansu_ammonia_gas_transforms_ammonia_Region28Gansu,0.0,18627.686641677796,6800.589801482825,0.0,0.0,0.0,0.0,25428.27644316062
natgas_Region28Gansu_Region28Gansu_ammonia_gas_transforms,69478.37364510863,0.0,0.0,0.0,0.0,0.0,0.0,69478.37364510863
Region29Qinghai_ammonia_gas_transforms_ammonia_Region29Qinghai,0.0,16808.298626675263,6139.282995559368,0.0,0.0,0.0,0.0,22947.581622234633
natgas_Region29Qinghai_Region29Qinghai_ammonia_gas_transforms,65115.9852238288,0.0,0.0,0.0,0.0,0.0,0.0,65115.9852238288
Region30Ningxia_ammonia_gas_transforms_ammonia_Region30Ningxia,0.0,21145.755863449416,7716.371588347039,0.0,0.0,0.0,0.0,28862.127451796456
natgas_Region30Ningxia_Region30Ningxia_ammonia_gas_transforms,72909.22318224053,0.0,0.0,0.0,0.0,0.0,0.0,72909.22318224053
Region31Xinjiang_ammonia_gas_transforms_ammonia_Region31Xinjiang,0.0,20046.509588906923,7316.7936353654695,0.0,0.0,0.0,0.0,27363.303224272393
natgas_Region31Xinjiang_Region31Xinjiang_ammonia_gas_transforms,64935.5001933247,0.0,0.0,0.0,0.0,0.0,0.0,64935.5001933247
Region1Beijing_ammonia_gas_ccs_transforms_ammonia_Region1Beijing,0.0,20542.157617368863,5978.483297312545,0.0,0.0,0.0,0.0,26520.640914681408
natgas_Region1Beijing_Region1Beijing_ammonia_gas_ccs_transforms,71241.97413200623,0.0,0.0,0.0,0.0,0.0,0.0,71241.97413200623
Region2Tianjin_ammonia_gas_ccs_transforms_ammonia_Region2Tianjin,0.0,28034.16375669425,5915.662596342051,0.0,0.0,0.0,0.0,33949.826353036304
natgas_Region2Tianjin_Region2Tianjin_ammonia_gas_ccs_transforms,70492.80996186682,0.0,0.0,0.0,0.0,0.0,0.0,70492.80996186682
Region3Hebei_ammonia_gas_ccs_transforms_ammonia_Region3Hebei,0.0,19847.921702799966,7943.5453149462855,0.0,0.0,0.0,0.0,27791.46701774625
natgas_Region3Hebei_Region3Hebei_ammonia_gas_ccs_transforms,93925.35897674575,0.0,0.0,0.0,0.0,0.0,0.0,93925.35897674575
Region4Shanxi_ammonia_gas_ccs_transforms_ammonia_Region4Shanxi,0.0,20913.602490275876,7827.901065335636,0.0,0.0,0.0,0.0,28741.50355561151
natgas_Region4Shanxi_Region4Shanxi_ammonia_gas_ccs_transforms,90111.21037410005,0.0,0.0,0.0,0.0,0.0,0.0,90111.21037410005
Region5Innermongolia_ammonia_gas_ccs_transforms_ammonia_Region5Innermongolia,0.0,21417.1207149135,7734.367006524146,0.0,0.0,0.0,0.0,29151.487721437647
natgas_Region5Innermongolia_Region5Innermongolia_ammonia_gas_ccs_transforms,69795.61671455008,0.0,0.0,0.0,0.0,0.0,0.0,69795.61671455008
Region6Liaoning_ammonia_gas_ccs_transforms_ammonia_Region6Liaoning,0.0,19376.181963619947,6641.864994390046,0.0,0.0,0.0,0.0,26018.046958009993
natgas_Region6Liaoning_Region6Liaoning_ammonia_gas_ccs_transforms,78519.09564664437,0.0,0.0,0.0,0.0,0.0,0.0,78519.09564664437
Region7Jilin_ammonia_gas_ccs_transforms_ammonia_Region7Jilin,0.0,21028.664100774917,9049.698844231445,0.0,0.0,0.0,0.0,30078.36294500636
natgas_Region7Jilin_Region7Jilin_ammonia_gas_ccs_transforms,98534.44076873551,0.0,0.0,0.0,0.0,0.0,0.0,98534.44076873551
Region8Heilongjiang_ammonia_gas_ccs_transforms_ammonia_Region8Heilongjiang,0.0,20228.233843319347,7768.14401628592,0.0,0.0,0.0,0.0,27996.377859605265
natgas_Region8Heilongjiang_Region8Heilongjiang_ammonia_gas_ccs_transforms,84568.58533344946,0.0,0.0,0.0,0.0,0.0,0.0,84568.58533344946
Region9Shanghai_ammonia_gas_ccs_transforms_ammonia_Region9Shanghai,0.0,20576.701483257722,6195.783714749339,0.0,0.0,0.0,0.0,26772.48519800706
natgas_Region9Shanghai_Region9Shanghai_ammonia_gas_ccs_transforms,78747.49365206221,0.0,0.0,0.0,0.0,0.0,0.0,78747.49365206221
Region10Jiangsu_ammonia_gas_ccs_transforms_ammonia_Region10Jiangsu,0.0,19964.47404439225,7782.481451957034,0.0,0.0,0.0,0.0,27746.955496349285
natgas_Region10Jiangsu_Region10Jiangsu_ammonia_gas_ccs_transforms,98284.73378943198,0.0,0.0,0.0,0.0,0.0,0.0,98284.73378943198
Region11Zhejiang_ammonia_gas_ccs_transforms_ammonia_Region11Zhejiang,0.0,20074.522535363543,7239.526863832867,0.0,0.0,0.0,0.0,27314.04939919641
natgas_Region11Zhejiang_Region11Zhejiang_ammonia_gas_ccs_transforms,91681.97629483254,0.0,0.0,0.0,0.0,0.0,0.0,91681.97629483254
Region12Anhui_ammonia_gas_ccs_transforms_ammonia_Region12Anhui,0.0,31773.001132805864,8130.531940068445,0.0,0.0,0.0,0.0,39903.53307287431
natgas_Region12Anhui_Region12Anhui_ammonia_gas_ccs_transforms,100144.40649525677,0.0,0.0,0.0,0.0,0.0,0.0,100144.40649525677
Region13Fujian_ammonia_gas_ccs_transforms_ammonia_Region13Fujian,0.0,18863.10390953208,6142.490488981298,0.0,0.0,0.0,0.0,25005.594398513378
natgas_Region13Fujian_Region13Fujian_ammonia_gas_ccs_transforms,78069.06648672691,0.0,0.0,0.0,0.0,0.0,0.0,78069.06648672691
Region14Jiangxi_ammonia_gas_ccs_transforms_ammonia_Region14Jiangxi,0.0,21000.037229393187,7115.970803811316,0.0,0.0,0.0,0.0,28116.008033204504
natgas_Region14Jiangxi_Region14Jiangxi_ammonia_gas_ccs_transforms,83532.1210392924,0.0,0.0,0.0,0.0,0.0,0.0,83532.1210392924
Region15Shandong_ammonia_gas_ccs_transforms_ammonia_Region15Shandong,0.0,19836.348701610674,7272.297264642662,0.0,0.0,0.0,0.0,27108.645966253338
natgas_Region15Shandong_Region15Shandong_ammonia_gas_ccs_transforms,85980.71774603857,0.0,0.0,0.0,0.0,0.0,0.0,85980.71774603857
Region16Henan_ammonia_gas_ccs_transforms_ammonia_Region16Henan,0.0,19584.772914791003,8239.575789508484,0.0,0.0,0.0,0.0,27824.34870429949
natgas_Region16Henan_Region16Henan_ammonia_gas_ccs_transforms,98518.27670703674,0.0,0.0,0.0,0.0,0.0,0.0,98518.27670703674
Region17Hubei_ammonia_gas_ccs_transforms_ammonia_Region17Hubei,0.0,19647.945353242605,7860.914773834406,0.0,0.0,0.0,0.0,27508.860127077012
natgas_Region17Hubei_Region17Hubei_ammonia_gas_ccs_transforms,92286.29696489169,0.0,0.0,0.0,0.0,0.0,0.0,92286.29696489169
Region18Hunan_ammonia_gas_ccs_transforms_ammonia_Region18Hunan,0.0,20506.775490346066,8145.692139085094,0.0,0.0,0.0,0.0,28652.46762943116
natgas_Region18Hunan_Region18Hunan_ammonia_gas_ccs_transforms,95632.8281812851,0.0,0.0,0.0,0.0,0.0,0.0,95632.8281812851
Region19Guangdong_ammonia_gas_ccs_transforms_ammonia_Region19Guangdong,0.0,20676.158489359088,7603.096086328297,0.0,0.0,0.0,0.0,28279.254575687384
natgas_Region19Guangdong_Region19Guangdong_ammonia_gas_ccs_transforms,96656.66031711899,0.0,0.0,0.0,0.0,0.0,0.0,96656.66031711899
Region20Guangxi_ammonia_gas_ccs_transforms_ammonia_Region20Guangxi,0.0,19501.28679133699,7828.002905167362,0.0,0.0,0.0,0.0,27329.28969650435
natgas_Region20Guangxi_Region20Guangxi_ammonia_gas_ccs_transforms,93592.55185219519,0.0,0.0,0.0,0.0,0.0,0.0,93592.55185219519
Region21Hainan_ammonia_gas_ccs_transforms_ammonia_Region21Hainan,0.0,21108.33784338969,7177.141653235653,0.0,0.0,0.0,0.0,28285.479496625343
natgas_Region21Hainan_Region21Hainan_ammonia_gas_ccs_transforms,74334.24077410172,0.0,0.0,0.0,0.0,0.0,0.0,74334.24077410172
Region22Chongqing_ammonia_gas_ccs_transforms_ammonia_Region22Chongqing,0.0,20894.11570802701,7280.583635184142,0.0,0.0,0.0,0.0,28174.699343211152
natgas_Region22Chongqing_Region22Chongqing_ammonia_gas_ccs_transforms,75406.52831230528,0.0,0.0,0.0,0.0,0.0,0.0,75406.52831230528
Region23Sichuan_ammonia_gas_ccs_transforms_ammonia_Region23Sichuan,0.0,19482.280471155926,6889.803898498457,0.0,0.0,0.0,0.0,26372.08436965438
natgas_Region23Sichuan_Region23Sichuan_ammonia_gas_ccs_transforms,71685.81603966177,0.0,0.0,0.0,0.0,0.0,0.0,71685.81603966177
Region24Guizhou_ammonia_gas_ccs_transforms_ammonia_Region24Guizhou,0.0,19842.167030007924,7087.954967413269,0.0,0.0,0.0,0.0,26930.121997421193
natgas_Region24Guizhou_Region24Guizhou_ammonia_gas_ccs_transforms,75623.38404237336,0.0,0.0,0.0,0.0,0.0,0.0,75623.38404237336
Region25Yunnan_ammonia_gas_ccs_transforms_ammonia_Region25Yunnan,0.0,19553.6576623589,7893.822855915023,0.0,0.0,0.0,0.0,27447.480518273922
natgas_Region25Yunnan_Region25Yunnan_ammonia_gas_ccs_transforms,84230.87669921234,0.0,0.0,0.0,0.0,0.0,0.0,84230.87669921234
Region26Tibet_ammonia_gas_ccs_transforms_ammonia_Region26Tibet,0.0,76.74139974180926,31.766274448014357,0.0,0.0,0.0,0.0,108.50767418982362
natgas_Region26Tibet_Region26Tibet_ammonia_gas_ccs_transforms,218.54869329386793,0.0,0.0,0.0,0.0,0.0,0.0,218.54869329386793
Region27Shaanxi_ammonia_gas_ccs_transforms_ammonia_Region27Shaanxi,0.0,21580.238346365863,9573.055489567723,0.0,0.0,0.0,0.0,31153.293835933586
natgas_Region27Shaanxi_Region27Shaanxi_ammonia_gas_ccs_transforms,86404.66862570369,0.0,0.0,0.0,0.0,0.0,0.0,86404.66862570369
Region28Gansu_ammonia_gas_ccs_transforms_ammonia_Region28Gansu,0.0,20902.517784480646,7104.1348841145755,0.0,0.0,0.0,0.0,28006.65266859522
natgas_Region28Gansu_Region28Gansu_ammonia_gas_ccs_transforms,66919.44159131637,0.0,0.0,0.0,0.0,0.0,0.0,66919.44159131637
Region29Qinghai_ammonia_gas_ccs_transforms_ammonia_Region29Qinghai,0.0,21183.342615503487,6634.266780693211,0.0,0.0,0.0,0.0,27817.609396196698
natgas_Region29Qinghai_Region29Qinghai_ammonia_gas_ccs_transforms,64879.60738010261,0.0,0.0,0.0,0.0,0.0,0.0,64879.60738010261
Region30Ningxia_ammonia_gas_ccs_transforms_ammonia_Region30Ningxia,0.0,21269.714889901614,7527.817494158903,0.0,0.0,0.0,0.0,28797.532384060516
natgas_Region30Ningxia_Region30Ningxia_ammonia_gas_ccs_transforms,65578.02075637227,0.0,0.0,0.0,0.0,0.0,0.0,65578.02075637227
Region31Xinjiang_ammonia_gas_ccs_transforms_ammonia_Region31Xinjiang,0.0,19064.801963878686,7832.761196602058,0.0,0.0,0.0,0.0,26897.563160480742
natgas_Region31Xinjiang_Region31Xinjiang_ammonia_gas_ccs_transforms,64095.754648048496,0.0,0.0,0.0,0.0,0.0,0.0,64095.754648048496
Region1Beijing_ammonia_h2_transforms_ammonia_Region1Beijing,0.0,1.0387779928582506e7,3.784134860981313e6,0.0,0.0,0.0,0.0,1.417191478956382e7
Region2Tianjin_ammonia_h2_transforms_ammonia_Region2Tianjin,0.0,7.104327237200812e7,2.5880108189710215e7,0.0,0.0,0.0,0.0,9.692338056171833e7
Region3Hebei_ammonia_h2_transforms_ammonia_Region3Hebei,0.0,6.193892487477332e8,2.2563510123532492e8,0.0,0.0,0.0,0.0,8.450243499830582e8
Region4Shanxi_ammonia_h2_transforms_ammonia_Region4Shanxi,0.0,4.4697658708939064e8,1.6282750980204108e8,0.0,0.0,0.0,0.0,6.098040968914317e8
Region5Innermongolia_ammonia_h2_transforms_ammonia_Region5Innermongolia,0.0,4.692311027132737e8,1.709345277732797e8,0.0,0.0,0.0,0.0,6.401656304865534e8
Region6Liaoning_ammonia_h2_transforms_ammonia_Region6Liaoning,0.0,2.462060693750357e8,8.968953653673352e7,0.0,0.0,0.0,0.0,3.358956059117692e8
Region7Jilin_ammonia_h2_transforms_ammonia_Region7Jilin,0.0,3.383793762170018e8,1.2326702057936184e8,0.0,0.0,0.0,0.0,4.6164639679636365e8
Region8Heilongjiang_ammonia_h2_transforms_ammonia_Region8Heilongjiang,0.0,3.662027405404836e8,1.3340269433567107e8,0.0,0.0,0.0,0.0,4.9960543487615466e8
Region9Shanghai_ammonia_h2_transforms_ammonia_Region9Shanghai,0.0,1.2839481321088998e7,4.677256716192972e6,0.0,0.0,0.0,0.0,1.7516738037281968e7
Region10Jiangsu_ammonia_h2_transforms_ammonia_Region10Jiangsu,0.0,1.000576152676407e9,3.6449631249409974e8,0.0,0.0,0.0,0.0,1.3650724651705067e9
Region11Zhejiang_ammonia_h2_transforms_ammonia_Region11Zhejiang,0.0,2.693752178660966e8,9.812974263394277e7,0.0,0.0,0.0,0.0,3.675049605000394e8
Region12Anhui_ammonia_h2_transforms_ammonia_Region12Anhui,0.0,7.856729511584463e8,2.8620999428763485e8,0.0,0.0,0.0,0.0,1.0718829454460812e9
Region13Fujian_ammonia_h2_transforms_ammonia_Region13Fujian,0.0,1.5553352665724763e8,5.6658760675628856e7,0.0,0.0,0.0,0.0,2.121922873328765e8
Region14Jiangxi_ammonia_h2_transforms_ammonia_Region14Jiangxi,0.0,1.1684837936469729e8,4.256628676781678e7,0.0,0.0,0.0,0.0,1.5941466613251406e8
Region15Shandong_ammonia_h2_transforms_ammonia_Region15Shandong,0.0,1.3245770727925777e9,4.8252544884255916e8,0.0,0.0,0.0,0.0,1.8071025216351368e9
Region16Henan_ammonia_h2_transforms_ammonia_Region16Henan,0.0,9.895582323057142e8,3.604826332189738e8,0.0,0.0,0.0,0.0,1.350040865524688e9
Region17Hubei_ammonia_h2_transforms_ammonia_Region17Hubei,0.0,9.544086592431432e8,3.4767812173681855e8,0.0,0.0,0.0,0.0,1.3020867809799619e9
Region18Hunan_ammonia_h2_transforms_ammonia_Region18Hunan,0.0,5.358799131844895e8,1.9521378385356894e8,0.0,0.0,0.0,0.0,7.310936970380584e8
Region19Guangdong_ammonia_h2_transforms_ammonia_Region19Guangdong,0.0,3.135936448456032e8,1.1423791501224814e8,0.0,0.0,0.0,0.0,4.278315598578514e8
Region20Guangxi_ammonia_h2_transforms_ammonia_Region20Guangxi,0.0,4.395975272374969e8,1.601394185749758e8,0.0,0.0,0.0,0.0,5.997369458124727e8
Region21Hainan_ammonia_h2_transforms_ammonia_Region21Hainan,0.0,5.1885154917729e7,1.890106599001626e7,0.0,0.0,0.0,0.0,7.078622090774526e7
Region22Chongqing_ammonia_h2_transforms_ammonia_Region22Chongqing,0.0,1.6119955830468082e8,5.87228191401875e7,0.0,0.0,0.0,0.0,2.1992237744486833e8
Region23Sichuan_ammonia_h2_transforms_ammonia_Region23Sichuan,0.0,6.149754126106961e8,2.2402719955050886e8,0.0,0.0,0.0,0.0,8.390026121612049e8
Region24Guizhou_ammonia_h2_transforms_ammonia_Region24Guizhou,0.0,2.6192970564481562e8,9.541744389299396e7,0.0,0.0,0.0,0.0,3.573471495378096e8
Region25Yunnan_ammonia_h2_transforms_ammonia_Region25Yunnan,0.0,5.513202001736422e8,2.0083847128326845e8,0.0,0.0,0.0,0.0,7.521586714569106e8
Region26Tibet_ammonia_h2_transforms_ammonia_Region26Tibet,0.0,13.263095829153377,8.276951076495143,0.0,0.0,0.0,0.0,21.54004690564852
Region27Shaanxi_ammonia_h2_transforms_ammonia_Region27Shaanxi,0.0,4.190877994246387e8,1.5266800263678086e8,0.0,0.0,0.0,0.0,5.717558020614195e8
Region28Gansu_ammonia_h2_transforms_ammonia_Region28Gansu,0.0,1.8649779248416945e8,6.793862233572549e7,0.0,0.0,0.0,0.0,2.5443641481989494e8
Region29Qinghai_ammonia_h2_transforms_ammonia_Region29Qinghai,0.0,8.785303964433324e7,3.2003678341248028e7,0.0,0.0,0.0,0.0,1.1985671798558128e8
Region30Ningxia_ammonia_h2_transforms_ammonia_Region30Ningxia,0.0,2.2804169772679478e8,8.30725012485486e7,0.0,0.0,0.0,0.0,3.1111419897534335e8
Region31Xinjiang_ammonia_h2_transforms_ammonia_Region31Xinjiang,0.0,6.467930453189465e8,2.3561793179779887e8,0.0,0.0,0.0,0.0,8.824109771167454e8
cement_Region1Beijing_cement_Region2Tianjin,0.0,0.0,0.0,210171.92312645595,0.0,0.0,0.0,210171.92312645595
cement_Region1Beijing_cement_Region3Hebei,0.0,0.0,0.0,151451.90581071845,0.0,0.0,0.0,151451.90581071845
cement_Region1Beijing_cement_Region4Shanxi,0.0,0.0,0.0,150888.00701153933,0.0,0.0,0.0,150888.00701153933
cement_Region1Beijing_cement_Region5Innermongolia,0.0,0.0,0.0,125057.31348063986,0.0,0.0,0.0,125057.31348063986
cement_Region1Beijing_cement_Region6Liaoning,0.0,0.0,0.0,177539.90740733544,0.0,0.0,0.0,177539.90740733544
cement_Region1Beijing_cement_Region7Jilin,0.0,0.0,0.0,176500.10072543885,0.0,0.0,0.0,176500.10072543885
cement_Region1Beijing_cement_Region8Heilongjiang,0.0,0.0,0.0,171364.67620205702,0.0,0.0,0.0,171364.67620205702
cement_Region1Beijing_cement_Region9Shanghai,0.0,0.0,0.0,177760.703851421,0.0,0.0,0.0,177760.703851421
cement_Region1Beijing_cement_Region10Jiangsu,0.0,0.0,0.0,183834.05318218013,0.0,0.0,0.0,183834.05318218013
cement_Region1Beijing_cement_Region11Zhejiang,0.0,0.0,0.0,178916.23517714808,0.0,0.0,0.0,178916.23517714808
cement_Region1Beijing_cement_Region12Anhui,0.0,0.0,0.0,187009.60574776368,0.0,0.0,0.0,187009.60574776368
cement_Region1Beijing_cement_Region13Fujian,0.0,0.0,0.0,177103.62999275344,0.0,0.0,0.0,177103.62999275344
cement_Region1Beijing_cement_Region14Jiangxi,0.0,0.0,0.0,189449.48082991087,0.0,0.0,0.0,189449.48082991087
cement_Region1Beijing_cement_Region15Shandong,0.0,0.0,0.0,207221.52676258227,0.0,0.0,0.0,207221.52676258227
cement_Region1Beijing_cement_Region16Henan,0.0,0.0,0.0,192102.35389949838,0.0,0.0,0.0,192102.35389949838
cement_Region1Beijing_cement_Region17Hubei,0.0,0.0,0.0,190618.9790716152,0.0,0.0,0.0,190618.9790716152
cement_Region1Beijing_cement_Region18Hunan,0.0,0.0,0.0,189140.4143507051,0.0,0.0,0.0,189140.4143507051
cement_Region1Beijing_cement_Region19Guangdong,0.0,0.0,0.0,201997.7047971262,0.0,0.0,0.0,201997.7047971262
cement_Region1Beijing_cement_Region20Guangxi,0.0,0.0,0.0,182351.5175432082,0.0,0.0,0.0,182351.5175432082
cement_Region1Beijing_cement_Region21Hainan,0.0,0.0,0.0,170773.6956851452,0.0,0.0,0.0,170773.6956851452
cement_Region1Beijing_cement_Region22Chongqing,0.0,0.0,0.0,179766.31062971926,0.0,0.0,0.0,179766.31062971926
cement_Region1Beijing_cement_Region23Sichuan,0.0,0.0,0.0,182602.26577969184,0.0,0.0,0.0,182602.26577969184
cement_Region1Beijing_cement_Region24Guizhou,0.0,0.0,0.0,171856.80199515022,0.0,0.0,0.0,171856.80199515022
cement_Region1Beijing_cement_Region25Yunnan,0.0,0.0,0.0,169056.40968048887,0.0,0.0,0.0,169056.40968048887
cement_Region1Beijing_cement_Region27Shaanxi,0.0,0.0,0.0,165266.67162354424,0.0,0.0,0.0,165266.67162354424
cement_Region1Beijing_cement_Region28Gansu,0.0,0.0,0.0,173712.7963496758,0.0,0.0,0.0,173712.7963496758
cement_Region1Beijing_cement_Region29Qinghai,0.0,0.0,0.0,170611.42884486323,0.0,0.0,0.0,170611.42884486323
cement_Region1Beijing_cement_Region30Ningxia,0.0,0.0,0.0,160767.22261322246,0.0,0.0,0.0,160767.22261322246
cement_Region1Beijing_cement_Region31Xinjiang,0.0,0.0,0.0,161339.23189658922,0.0,0.0,0.0,161339.23189658922
cement_Region2Tianjin_cement_Region1Beijing,0.0,0.0,0.0,103606.64057784178,0.0,0.0,0.0,103606.64057784178
cement_Region2Tianjin_cement_Region3Hebei,0.0,0.0,0.0,137991.35354111524,0.0,0.0,0.0,137991.35354111524
cement_Region2Tianjin_cement_Region4Shanxi,0.0,0.0,0.0,142629.46141269934,0.0,0.0,0.0,142629.46141269934
cement_Region2Tianjin_cement_Region5Innermongolia,0.0,0.0,0.0,126675.2416186569,0.0,0.0,0.0,126675.2416186569
cement_Region2Tianjin_cement_Region6Liaoning,0.0,0.0,0.0,168588.16972377422,0.0,0.0,0.0,168588.16972377422
cement_Region2Tianjin_cement_Region7Jilin,0.0,0.0,0.0,170280.46529989937,0.0,0.0,0.0,170280.46529989937
cement_Region2Tianjin_cement_Region8Heilongjiang,0.0,0.0,0.0,166650.7942952295,0.0,0.0,0.0,166650.7942952295
cement_Region2Tianjin_cement_Region9Shanghai,0.0,0.0,0.0,172773.2323256206,0.0,0.0,0.0,172773.2323256206
cement_Region2Tianjin_cement_Region10Jiangsu,0.0,0.0,0.0,177906.1995188706,0.0,0.0,0.0,177906.1995188706
cement_Region2Tianjin_cement_Region11Zhejiang,0.0,0.0,0.0,174097.01327766638,0.0,0.0,0.0,174097.01327766638
cement_Region2Tianjin_cement_Region12Anhui,0.0,0.0,0.0,181072.44331278218,0.0,0.0,0.0,181072.44331278218
cement_Region2Tianjin_cement_Region13Fujian,0.0,0.0,0.0,173864.4978649359,0.0,0.0,0.0,173864.4978649359
cement_Region2Tianjin_cement_Region14Jiangxi,0.0,0.0,0.0,185210.08620149764,0.0,0.0,0.0,185210.08620149764
cement_Region2Tianjin_cement_Region15Shandong,0.0,0.0,0.0,194530.99301526396,0.0,0.0,0.0,194530.99301526396
cement_Region2Tianjin_cement_Region16Henan,0.0,0.0,0.0,182221.81211236079,0.0,0.0,0.0,182221.81211236079
cement_Region2Tianjin_cement_Region17Hubei,0.0,0.0,0.0,184758.56726294354,0.0,0.0,0.0,184758.56726294354
cement_Region2Tianjin_cement_Region18Hunan,0.0,0.0,0.0,184649.43843648073,0.0,0.0,0.0,184649.43843648073
cement_Region2Tianjin_cement_Region19Guangdong,0.0,0.0,0.0,198693.25870096654,0.0,0.0,0.0,198693.25870096654
cement_Region2Tianjin_cement_Region20Guangxi,0.0,0.0,0.0,179632.7388126331,0.0,0.0,0.0,179632.7388126331
cement_Region2Tianjin_cement_Region21Hainan,0.0,0.0,0.0,168527.75711353106,0.0,0.0,0.0,168527.75711353106
cement_Region2Tianjin_cement_Region22Chongqing,0.0,0.0,0.0,176179.86916744272,0.0,0.0,0.0,176179.86916744272
cement_Region2Tianjin_cement_Region23Sichuan,0.0,0.0,0.0,178954.81519397107,0.0,0.0,0.0,178954.81519397107
cement_Region2Tianjin_cement_Region24Guizhou,0.0,0.0,0.0,169013.68718532618,0.0,0.0,0.0,169013.68718532618
cement_Region2Tianjin_cement_Region25Yunnan,0.0,0.0,0.0,166878.40817676613,0.0,0.0,0.0,166878.40817676613
cement_Region2Tianjin_cement_Region27Shaanxi,0.0,0.0,0.0,160492.3717685307,0.0,0.0,0.0,160492.3717685307
cement_Region2Tianjin_cement_Region28Gansu,0.0,0.0,0.0,169715.95624155444,0.0,0.0,0.0,169715.95624155444
cement_Region2Tianjin_cement_Region29Qinghai,0.0,0.0,0.0,167282.79727886213,0.0,0.0,0.0,167282.79727886213
cement_Region2Tianjin_cement_Region30Ningxia,0.0,0.0,0.0,156754.6831012827,0.0,0.0,0.0,156754.6831012827
cement_Region2Tianjin_cement_Region31Xinjiang,0.0,0.0,0.0,160007.27241771473,0.0,0.0,0.0,160007.27241771473
cement_Region3Hebei_cement_Region1Beijing,0.0,0.0,0.0,180230.58381933288,0.0,0.0,0.0,180230.58381933288
cement_Region3Hebei_cement_Region2Tianjin,0.0,0.0,0.0,208442.50455153416,0.0,0.0,0.0,208442.50455153416
cement_Region3Hebei_cement_Region4Shanxi,0.0,0.0,0.0,137604.5330782463,0.0,0.0,0.0,137604.5330782463
cement_Region3Hebei_cement_Region5Innermongolia,0.0,0.0,0.0,135369.71150237665,0.0,0.0,0.0,135369.71150237665
cement_Region3Hebei_cement_Region6Liaoning,0.0,0.0,0.0,184277.21617997787,0.0,0.0,0.0,184277.21617997787
cement_Region3Hebei_cement_Region7Jilin,0.0,0.0,0.0,181705.51811768694,0.0,0.0,0.0,181705.51811768694
cement_Region3Hebei_cement_Region8Heilongjiang,0.0,0.0,0.0,176386.02162797833,0.0,0.0,0.0,176386.02162797833
cement_Region3Hebei_cement_Region9Shanghai,0.0,0.0,0.0,185163.80926561364,0.0,0.0,0.0,185163.80926561364
cement_Region3Hebei_cement_Region10Jiangsu,0.0,0.0,0.0,194858.12917212222,0.0,0.0,0.0,194858.12917212222
cement_Region3Hebei_cement_Region11Zhejiang,0.0,0.0,0.0,186271.37581049255,0.0,0.0,0.0,186271.37581049255
cement_Region3Hebei_cement_Region12Anhui,0.0,0.0,0.0,200032.9264540366,0.0,0.0,0.0,200032.9264540366
cement_Region3Hebei_cement_Region13Fujian,0.0,0.0,0.0,182215.36227476428,0.0,0.0,0.0,182215.36227476428
cement_Region3Hebei_cement_Region14Jiangxi,0.0,0.0,0.0,200974.08540232977,0.0,0.0,0.0,200974.08540232977
cement_Region3Hebei_cement_Region15Shandong,0.0,0.0,0.0,263525.76142461074,0.0,0.0,0.0,263525.76142461074
cement_Region3Hebei_cement_Region16Henan,0.0,0.0,0.0,235323.20003740306,0.0,0.0,0.0,235323.20003740306
cement_Region3Hebei_cement_Region17Hubei,0.0,0.0,0.0,206839.40670837974,0.0,0.0,0.0,206839.40670837974
cement_Region3Hebei_cement_Region18Hunan,0.0,0.0,0.0,200842.23667039737,0.0,0.0,0.0,200842.23667039737
cement_Region3Hebei_cement_Region19Guangdong,0.0,0.0,0.0,212631.96510422853,0.0,0.0,0.0,212631.96510422853
cement_Region3Hebei_cement_Region20Guangxi,0.0,0.0,0.0,187629.94172949358,0.0,0.0,0.0,187629.94172949358
cement_Region3Hebei_cement_Region21Hainan,0.0,0.0,0.0,173507.2417258633,0.0,0.0,0.0,173507.2417258633
cement_Region3Hebei_cement_Region22Chongqing,0.0,0.0,0.0,186455.82661346096,0.0,0.0,0.0,186455.82661346096
cement_Region3Hebei_cement_Region23Sichuan,0.0,0.0,0.0,189984.50337774263,0.0,0.0,0.0,189984.50337774263
cement_Region3Hebei_cement_Region24Guizhou,0.0,0.0,0.0,175624.8834666164,0.0,0.0,0.0,175624.8834666164
cement_Region3Hebei_cement_Region25Yunnan,0.0,0.0,0.0,171562.81275041716,0.0,0.0,0.0,171562.81275041716
cement_Region3Hebei_cement_Region27Shaanxi,0.0,0.0,0.0,170894.83546050783,0.0,0.0,0.0,170894.83546050783
cement_Region3Hebei_cement_Region28Gansu,0.0,0.0,0.0,180139.21172470594,0.0,0.0,0.0,180139.21172470594
cement_Region3Hebei_cement_Region29Qinghai,0.0,0.0,0.0,175322.1918349429,0.0,0.0,0.0,175322.1918349429
cement_Region3Hebei_cement_Region30Ningxia,0.0,0.0,0.0,165079.68363903995,0.0,0.0,0.0,165079.68363903995
cement_Region3Hebei_cement_Region31Xinjiang,0.0,0.0,0.0,163625.45187514677,0.0,0.0,0.0,163625.45187514677
cement_Region4Shanxi_cement_Region1Beijing,0.0,0.0,0.0,197549.12961932604,0.0,0.0,0.0,197549.12961932604
cement_Region4Shanxi_cement_Region2Tianjin,0.0,0.0,0.0,214290.22607241356,0.0,0.0,0.0,214290.22607241356
cement_Region4Shanxi_cement_Region3Hebei,0.0,0.0,0.0,195525.44179038002,0.0,0.0,0.0,195525.44179038002
cement_Region4Shanxi_cement_Region5Innermongolia,0.0,0.0,0.0,132250.45813504115,0.0,0.0,0.0,132250.45813504115
cement_Region4Shanxi_cement_Region6Liaoning,0.0,0.0,0.0,186816.8848741597,0.0,0.0,0.0,186816.8848741597
cement_Region4Shanxi_cement_Region7Jilin,0.0,0.0,0.0,183990.4086893114,0.0,0.0,0.0,183990.4086893114
cement_Region4Shanxi_cement_Region8Heilongjiang,0.0,0.0,0.0,178843.58566016794,0.0,0.0,0.0,178843.58566016794
cement_Region4Shanxi_cement_Region9Shanghai,0.0,0.0,0.0,187129.62398634307,0.0,0.0,0.0,187129.62398634307
cement_Region4Shanxi_cement_Region10Jiangsu,0.0,0.0,0.0,195622.20329133832,0.0,0.0,0.0,195622.20329133832
cement_Region4Shanxi_cement_Region11Zhejiang,0.0,0.0,0.0,188059.4775658831,0.0,0.0,0.0,188059.4775658831
cement_Region4Shanxi_cement_Region12Anhui,0.0,0.0,0.0,202417.57966284204,0.0,0.0,0.0,202417.57966284204
cement_Region4Shanxi_cement_Region13Fujian,0.0,0.0,0.0,184454.32121730596,0.0,0.0,0.0,184454.32121730596
cement_Region4Shanxi_cement_Region14Jiangxi,0.0,0.0,0.0,203419.44850996608,0.0,0.0,0.0,203419.44850996608
cement_Region4Shanxi_cement_Region15Shandong,0.0,0.0,0.0,232714.76370216723,0.0,0.0,0.0,232714.76370216723
cement_Region4Shanxi_cement_Region16Henan,0.0,0.0,0.0,253230.97452594878,0.0,0.0,0.0,253230.97452594878
cement_Region4Shanxi_cement_Region17Hubei,0.0,0.0,0.0,212140.3804023742,0.0,0.0,0.0,212140.3804023742
cement_Region4Shanxi_cement_Region18Hunan,0.0,0.0,0.0,205269.88222906107,0.0,0.0,0.0,205269.88222906107
cement_Region4Shanxi_cement_Region19Guangdong,0.0,0.0,0.0,215641.99842484458,0.0,0.0,0.0,215641.99842484458
cement_Region4Shanxi_cement_Region20Guangxi,0.0,0.0,0.0,190724.6817831371,0.0,0.0,0.0,190724.6817831371
cement_Region4Shanxi_cement_Region21Hainan,0.0,0.0,0.0,175567.63943053066,0.0,0.0,0.0,175567.63943053066
cement_Region4Shanxi_cement_Region22Chongqing,0.0,0.0,0.0,192999.76546183391,0.0,0.0,0.0,192999.76546183391
cement_Region4Shanxi_cement_Region23Sichuan,0.0,0.0,0.0,197231.59711723012,0.0,0.0,0.0,197231.59711723012
cement_Region4Shanxi_cement_Region24Guizhou,0.0,0.0,0.0,178867.36986239406,0.0,0.0,0.0,178867.36986239406
cement_Region4Shanxi_cement_Region25Yunnan,0.0,0.0,0.0,173660.4973603443,0.0,0.0,0.0,173660.4973603443
cement_Region4Shanxi_cement_Region27Shaanxi,0.0,0.0,0.0,178145.93656726016,0.0,0.0,0.0,178145.93656726016
cement_Region4Shanxi_cement_Region28Gansu,0.0,0.0,0.0,187093.93172119543,0.0,0.0,0.0,187093.93172119543
cement_Region4Shanxi_cement_Region29Qinghai,0.0,0.0,0.0,179919.10126364432,0.0,0.0,0.0,179919.10126364432
cement_Region4Shanxi_cement_Region30Ningxia,0.0,0.0,0.0,168599.31218673062,0.0,0.0,0.0,168599.31218673062
cement_Region4Shanxi_cement_Region31Xinjiang,0.0,0.0,0.0,164536.12440074797,0.0,0.0,0.0,164536.12440074797
cement_Region5Innermongolia_cement_Region1Beijing,0.0,0.0,0.0,265494.288737461,0.0,0.0,0.0,265494.288737461
cement_Region5Innermongolia_cement_Region2Tianjin,0.0,0.0,0.0,260238.64484667848,0.0,0.0,0.0,260238.64484667848
cement_Region5Innermongolia_cement_Region3Hebei,0.0,0.0,0.0,223295.4022222733,0.0,0.0,0.0,223295.4022222733
cement_Region5Innermongolia_cement_Region4Shanxi,0.0,0.0,0.0,229184.06636049767,0.0,0.0,0.0,229184.06636049767
cement_Region5Innermongolia_cement_Region6Liaoning,0.0,0.0,0.0,206342.51153890544,0.0,0.0,0.0,206342.51153890544
cement_Region5Innermongolia_cement_Region7Jilin,0.0,0.0,0.0,201086.71685819796,0.0,0.0,0.0,201086.71685819796
cement_Region5Innermongolia_cement_Region8Heilongjiang,0.0,0.0,0.0,192235.54222470344,0.0,0.0,0.0,192235.54222470344
cement_Region5Innermongolia_cement_Region9Shanghai,0.0,0.0,0.0,197191.90897840913,0.0,0.0,0.0,197191.90897840913
cement_Region5Innermongolia_cement_Region10Jiangsu,0.0,0.0,0.0,206327.26186971337,0.0,0.0,0.0,206327.26186971337
cement_Region5Innermongolia_cement_Region11Zhejiang,0.0,0.0,0.0,197839.72186213688,0.0,0.0,0.0,197839.72186213688
cement_Region5Innermongolia_cement_Region12Anhui,0.0,0.0,0.0,210090.25852721048,0.0,0.0,0.0,210090.25852721048
cement_Region5Innermongolia_cement_Region13Fujian,0.0,0.0,0.0,191732.77060836193,0.0,0.0,0.0,191732.77060836193
cement_Region5Innermongolia_cement_Region14Jiangxi,0.0,0.0,0.0,209523.2205351026,0.0,0.0,0.0,209523.2205351026
cement_Region5Innermongolia_cement_Region15Shandong,0.0,0.0,0.0,239605.82736904273,0.0,0.0,0.0,239605.82736904273
cement_Region5Innermongolia_cement_Region16Henan,0.0,0.0,0.0,241843.63350645895,0.0,0.0,0.0,241843.63350645895
cement_Region5Innermongolia_cement_Region17Hubei,0.0,0.0,0.0,217563.87405894842,0.0,0.0,0.0,217563.87405894842
cement_Region5Innermongolia_cement_Region18Hunan,0.0,0.0,0.0,211150.52153006688,0.0,0.0,0.0,211150.52153006688
cement_Region5Innermongolia_cement_Region19Guangdong,0.0,0.0,0.0,218294.46107756376,0.0,0.0,0.0,218294.46107756376
cement_Region5Innermongolia_cement_Region20Guangxi,0.0,0.0,0.0,196597.90869749655,0.0,0.0,0.0,196597.90869749655
cement_Region5Innermongolia_cement_Region21Hainan,0.0,0.0,0.0,182213.66753201754,0.0,0.0,0.0,182213.66753201754
cement_Region5Innermongolia_cement_Region22Chongqing,0.0,0.0,0.0,201635.03786575972,0.0,0.0,0.0,201635.03786575972
cement_Region5Innermongolia_cement_Region23Sichuan,0.0,0.0,0.0,205413.77268852878,0.0,0.0,0.0,205413.77268852878
cement_Region5Innermongolia_cement_Region24Guizhou,0.0,0.0,0.0,187590.91089993902,0.0,0.0,0.0,187590.91089993902
cement_Region5Innermongolia_cement_Region25Yunnan,0.0,0.0,0.0,181305.51131321912,0.0,0.0,0.0,181305.51131321912
cement_Region5Innermongolia_cement_Region27Shaanxi,0.0,0.0,0.0,197785.64481500248,0.0,0.0,0.0,197785.64481500248
cement_Region5Innermongolia_cement_Region28Gansu,0.0,0.0,0.0,208075.7510555519,0.0,0.0,0.0,208075.7510555519
cement_Region5Innermongolia_cement_Region29Qinghai,0.0,0.0,0.0,196335.0023843772,0.0,0.0,0.0,196335.0023843772
cement_Region5Innermongolia_cement_Region30Ningxia,0.0,0.0,0.0,199974.30649804792,0.0,0.0,0.0,199974.30649804792
cement_Region5Innermongolia_cement_Region31Xinjiang,0.0,0.0,0.0,170809.03770406588,0.0,0.0,0.0,170809.03770406588
cement_Region6Liaoning_cement_Region1Beijing,0.0,0.0,0.0,166326.7028656056,0.0,0.0,0.0,166326.7028656056
cement_Region6Liaoning_cement_Region2Tianjin,0.0,0.0,0.0,174836.84219236084,0.0,0.0,0.0,174836.84219236084
cement_Region6Liaoning_cement_Region3Hebei,0.0,0.0,0.0,161429.2218398362,0.0,0.0,0.0,161429.2218398362
cement_Region6Liaoning_cement_Region4Shanxi,0.0,0.0,0.0,159744.95967885424,0.0,0.0,0.0,159744.95967885424
cement_Region6Liaoning_cement_Region5Innermongolia,0.0,0.0,0.0,147596.97449617952,0.0,0.0,0.0,147596.97449617952
cement_Region6Liaoning_cement_Region7Jilin,0.0,0.0,0.0,162475.56000202944,0.0,0.0,0.0,162475.56000202944
cement_Region6Liaoning_cement_Region8Heilongjiang,0.0,0.0,0.0,160955.02452352687,0.0,0.0,0.0,160955.02452352687
cement_Region6Liaoning_cement_Region9Shanghai,0.0,0.0,0.0,173944.03566078754,0.0,0.0,0.0,173944.03566078754
cement_Region6Liaoning_cement_Region10Jiangsu,0.0,0.0,0.0,177083.2541750336,0.0,0.0,0.0,177083.2541750336
cement_Region6Liaoning_cement_Region11Zhejiang,0.0,0.0,0.0,174781.5593386702,0.0,0.0,0.0,174781.5593386702
cement_Region6Liaoning_cement_Region12Anhui,0.0,0.0,0.0,179048.83331592983,0.0,0.0,0.0,179048.83331592983
cement_Region6Liaoning_cement_Region13Fujian,0.0,0.0,0.0,174510.1781669975,0.0,0.0,0.0,174510.1781669975
cement_Region6Liaoning_cement_Region14Jiangxi,0.0,0.0,0.0,182173.4388075261,0.0,0.0,0.0,182173.4388075261
cement_Region6Liaoning_cement_Region15Shandong,0.0,0.0,0.0,180553.66503416767,0.0,0.0,0.0,180553.66503416767
cement_Region6Liaoning_cement_Region16Henan,0.0,0.0,0.0,178933.9635509183,0.0,0.0,0.0,178933.9635509183
cement_Region6Liaoning_cement_Region17Hubei,0.0,0.0,0.0,181363.63380799373,0.0,0.0,0.0,181363.63380799373
cement_Region6Liaoning_cement_Region18Hunan,0.0,0.0,0.0,181876.53083636423,0.0,0.0,0.0,181876.53083636423
cement_Region6Liaoning_cement_Region19Guangdong,0.0,0.0,0.0,192873.4091112636,0.0,0.0,0.0,192873.4091112636
cement_Region6Liaoning_cement_Region20Guangxi,0.0,0.0,0.0,178866.90096365963,0.0,0.0,0.0,178866.90096365963
cement_Region6Liaoning_cement_Region21Hainan,0.0,0.0,0.0,170070.50361643775,0.0,0.0,0.0,170070.50361643775
cement_Region6Liaoning_cement_Region22Chongqing,0.0,0.0,0.0,176175.08344910742,0.0,0.0,0.0,176175.08344910742
cement_Region6Liaoning_cement_Region23Sichuan,0.0,0.0,0.0,178239.25226562814,0.0,0.0,0.0,178239.25226562814
cement_Region6Liaoning_cement_Region24Guizhou,0.0,0.0,0.0,170729.9020093771,0.0,0.0,0.0,170729.9020093771
cement_Region6Liaoning_cement_Region25Yunnan,0.0,0.0,0.0,168724.0598322663,0.0,0.0,0.0,168724.0598322663
cement_Region6Liaoning_cement_Region27Shaanxi,0.0,0.0,0.0,165936.15132542336,0.0,0.0,0.0,165936.15132542336
cement_Region6Liaoning_cement_Region28Gansu,0.0,0.0,0.0,171600.083803315,0.0,0.0,0.0,171600.083803315
cement_Region6Liaoning_cement_Region29Qinghai,0.0,0.0,0.0,169647.41462003335,0.0,0.0,0.0,169647.41462003335
cement_Region6Liaoning_cement_Region30Ningxia,0.0,0.0,0.0,163118.76528065608,0.0,0.0,0.0,163118.76528065608
cement_Region6Liaoning_cement_Region31Xinjiang,0.0,0.0,0.0,162574.13452273316,0.0,0.0,0.0,162574.13452273316
cement_Region7Jilin_cement_Region1Beijing,0.0,0.0,0.0,167896.7549881742,0.0,0.0,0.0,167896.7549881742
cement_Region7Jilin_cement_Region2Tianjin,0.0,0.0,0.0,173946.91901229668,0.0,0.0,0.0,173946.91901229668
cement_Region7Jilin_cement_Region3Hebei,0.0,0.0,0.0,163775.91708613536,0.0,0.0,0.0,163775.91708613536
cement_Region7Jilin_cement_Region4Shanxi,0.0,0.0,0.0,162057.5072722278,0.0,0.0,0.0,162057.5072722278
cement_Region7Jilin_cement_Region5Innermongolia,0.0,0.0,0.0,150990.30897219793,0.0,0.0,0.0,150990.30897219793
cement_Region7Jilin_cement_Region6Liaoning,0.0,0.0,0.0,170949.46763050827,0.0,0.0,0.0,170949.46763050827
cement_Region7Jilin_cement_Region8Heilongjiang,0.0,0.0,0.0,149716.87601966428,0.0,0.0,0.0,149716.87601966428
cement_Region7Jilin_cement_Region9Shanghai,0.0,0.0,0.0,173648.78559813031,0.0,0.0,0.0,173648.78559813031
cement_Region7Jilin_cement_Region10Jiangsu,0.0,0.0,0.0,176197.65804398415,0.0,0.0,0.0,176197.65804398415
cement_Region7Jilin_cement_Region11Zhejiang,0.0,0.0,0.0,174367.93986585693,0.0,0.0,0.0,174367.93986585693
cement_Region7Jilin_cement_Region12Anhui,0.0,0.0,0.0,177835.27013020494,0.0,0.0,0.0,177835.27013020494
cement_Region7Jilin_cement_Region13Fujian,0.0,0.0,0.0,174237.46766950737,0.0,0.0,0.0,174237.46766950737
cement_Region7Jilin_cement_Region14Jiangxi,0.0,0.0,0.0,180786.3006126907,0.0,0.0,0.0,180786.3006126907
cement_Region7Jilin_cement_Region15Shandong,0.0,0.0,0.0,178376.23797196912,0.0,0.0,0.0,178376.23797196912
cement_Region7Jilin_cement_Region16Henan,0.0,0.0,0.0,177591.5251587012,0.0,0.0,0.0,177591.5251587012
cement_Region7Jilin_cement_Region17Hubei,0.0,0.0,0.0,179955.81533630236,0.0,0.0,0.0,179955.81533630236
cement_Region7Jilin_cement_Region18Hunan,0.0,0.0,0.0,180609.0772996772,0.0,0.0,0.0,180609.0772996772
cement_Region7Jilin_cement_Region19Guangdong,0.0,0.0,0.0,190613.10819104954,0.0,0.0,0.0,190613.10819104954
cement_Region7Jilin_cement_Region20Guangxi,0.0,0.0,0.0,178213.65856796148,0.0,0.0,0.0,178213.65856796148
cement_Region7Jilin_cement_Region21Hainan,0.0,0.0,0.0,170239.9732553232,0.0,0.0,0.0,170239.9732553232
cement_Region7Jilin_cement_Region22Chongqing,0.0,0.0,0.0,175727.404936525,0.0,0.0,0.0,175727.404936525
cement_Region7Jilin_cement_Region23Sichuan,0.0,0.0,0.0,177542.2958389128,0.0,0.0,0.0,177542.2958389128
cement_Region7Jilin_cement_Region24Guizhou,0.0,0.0,0.0,170855.6052688461,0.0,0.0,0.0,170855.6052688461
cement_Region7Jilin_cement_Region25Yunnan,0.0,0.0,0.0,169001.97852843878,0.0,0.0,0.0,169001.97852843878
cement_Region7Jilin_cement_Region27Shaanxi,0.0,0.0,0.0,166790.87811579337,0.0,0.0,0.0,166790.87811579337
cement_Region7Jilin_cement_Region28Gansu,0.0,0.0,0.0,171647.6833197607,0.0,0.0,0.0,171647.6833197607
cement_Region7Jilin_cement_Region29Qinghai,0.0,0.0,0.0,169909.62529912102,0.0,0.0,0.0,169909.62529912102
cement_Region7Jilin_cement_Region30Ningxia,0.0,0.0,0.0,164150.8471965661,0.0,0.0,0.0,164150.8471965661
cement_Region7Jilin_cement_Region31Xinjiang,0.0,0.0,0.0,162748.49927858994,0.0,0.0,0.0,162748.49927858994
cement_Region8Heilongjiang_cement_Region1Beijing,0.0,0.0,0.0,173132.2601581078,0.0,0.0,0.0,173132.2601581078
cement_Region8Heilongjiang_cement_Region2Tianjin,0.0,0.0,0.0,178205.81143626384,0.0,0.0,0.0,178205.81143626384
cement_Region8Heilongjiang_cement_Region3Hebei,0.0,0.0,0.0,168485.9973948519,0.0,0.0,0.0,168485.9973948519
cement_Region8Heilongjiang_cement_Region4Shanxi,0.0,0.0,0.0,166388.1211014815,0.0,0.0,0.0,166388.1211014815
cement_Region8Heilongjiang_cement_Region5Innermongolia,0.0,0.0,0.0,156225.01844310362,0.0,0.0,0.0,156225.01844310362
cement_Region8Heilongjiang_cement_Region6Liaoning,0.0,0.0,0.0,181533.02491971076,0.0,0.0,0.0,181533.02491971076
cement_Region8Heilongjiang_cement_Region7Jilin,0.0,0.0,0.0,194117.2132031692,0.0,0.0,0.0,194117.2132031692
cement_Region8Heilongjiang_cement_Region9Shanghai,0.0,0.0,0.0,175959.7021182324,0.0,0.0,0.0,175959.7021182324
cement_Region8Heilongjiang_cement_Region10Jiangsu,0.0,0.0,0.0,178484.88158470168,0.0,0.0,0.0,178484.88158470168
cement_Region8Heilongjiang_cement_Region11Zhejiang,0.0,0.0,0.0,176592.04439284882,0.0,0.0,0.0,176592.04439284882
cement_Region8Heilongjiang_cement_Region12Anhui,0.0,0.0,0.0,179933.16879441022,0.0,0.0,0.0,179933.16879441022
cement_Region8Heilongjiang_cement_Region13Fujian,0.0,0.0,0.0,176005.71846828065,0.0,0.0,0.0,176005.71846828065
cement_Region8Heilongjiang_cement_Region14Jiangxi,0.0,0.0,0.0,182272.67964197704,0.0,0.0,0.0,182272.67964197704
cement_Region8Heilongjiang_cement_Region15Shandong,0.0,0.0,0.0,181187.22676930492,0.0,0.0,0.0,181187.22676930492
cement_Region8Heilongjiang_cement_Region16Henan,0.0,0.0,0.0,179914.79182167214,0.0,0.0,0.0,179914.79182167214
cement_Region8Heilongjiang_cement_Region17Hubei,0.0,0.0,0.0,181655.0962531167,0.0,0.0,0.0,181655.0962531167
cement_Region8Heilongjiang_cement_Region18Hunan,0.0,0.0,0.0,182032.41970995005,0.0,0.0,0.0,182032.41970995005
cement_Region8Heilongjiang_cement_Region19Guangdong,0.0,0.0,0.0,191079.51417664043,0.0,0.0,0.0,191079.51417664043
cement_Region8Heilongjiang_cement_Region20Guangxi,0.0,0.0,0.0,179449.52072851898,0.0,0.0,0.0,179449.52072851898
cement_Region8Heilongjiang_cement_Region21Hainan,0.0,0.0,0.0,171803.8537798737,0.0,0.0,0.0,171803.8537798737
cement_Region8Heilongjiang_cement_Region22Chongqing,0.0,0.0,0.0,177327.40405822336,0.0,0.0,0.0,177327.40405822336
cement_Region8Heilongjiang_cement_Region23Sichuan,0.0,0.0,0.0,179014.37300277097,0.0,0.0,0.0,179014.37300277097
cement_Region8Heilongjiang_cement_Region24Guizhou,0.0,0.0,0.0,172633.56120617114,0.0,0.0,0.0,172633.56120617114
cement_Region8Heilongjiang_cement_Region25Yunnan,0.0,0.0,0.0,170633.18589957646,0.0,0.0,0.0,170633.18589957646
cement_Region8Heilongjiang_cement_Region27Shaanxi,0.0,0.0,0.0,169648.1654160661,0.0,0.0,0.0,169648.1654160661
cement_Region8Heilongjiang_cement_Region28Gansu,0.0,0.0,0.0,173771.13141953343,0.0,0.0,0.0,173771.13141953343
cement_Region8Heilongjiang_cement_Region29Qinghai,0.0,0.0,0.0,172010.92106852127,0.0,0.0,0.0,172010.92106852127
cement_Region8Heilongjiang_cement_Region30Ningxia,0.0,0.0,0.0,167232.5543015936,0.0,0.0,0.0,167232.5543015936
cement_Region8Heilongjiang_cement_Region31Xinjiang,0.0,0.0,0.0,164523.12604767072,0.0,0.0,0.0,164523.12604767072
cement_Region9Shanghai_cement_Region1Beijing,0.0,0.0,0.0,166908.1569094742,0.0,0.0,0.0,166908.1569094742
cement_Region9Shanghai_cement_Region2Tianjin,0.0,0.0,0.0,171564.95405541474,0.0,0.0,0.0,171564.95405541474
cement_Region9Shanghai_cement_Region3Hebei,0.0,0.0,0.0,160777.37308005098,0.0,0.0,0.0,160777.37308005098
cement_Region9Shanghai_cement_Region4Shanxi,0.0,0.0,0.0,159455.62498060206,0.0,0.0,0.0,159455.62498060206
cement_Region9Shanghai_cement_Region5Innermongolia,0.0,0.0,0.0,153179.70207067736,0.0,0.0,0.0,153179.70207067736
cement_Region9Shanghai_cement_Region6Liaoning,0.0,0.0,0.0,170796.17269331348,0.0,0.0,0.0,170796.17269331348
cement_Region9Shanghai_cement_Region7Jilin,0.0,0.0,0.0,171271.6118558547,0.0,0.0,0.0,171271.6118558547
cement_Region9Shanghai_cement_Region8Heilongjiang,0.0,0.0,0.0,169166.3046623836,0.0,0.0,0.0,169166.3046623836
cement_Region9Shanghai_cement_Region10Jiangsu,0.0,0.0,0.0,188343.67872275208,0.0,0.0,0.0,188343.67872275208
cement_Region9Shanghai_cement_Region11Zhejiang,0.0,0.0,0.0,181894.96675102104,0.0,0.0,0.0,181894.96675102104
cement_Region9Shanghai_cement_Region12Anhui,0.0,0.0,0.0,189308.71105645495,0.0,0.0,0.0,189308.71105645495
cement_Region9Shanghai_cement_Region13Fujian,0.0,0.0,0.0,174373.90403827498,0.0,0.0,0.0,174373.90403827498
cement_Region9Shanghai_cement_Region14Jiangxi,0.0,0.0,0.0,197471.2753535138,0.0,0.0,0.0,197471.2753535138
cement_Region9Shanghai_cement_Region15Shandong,0.0,0.0,0.0,178160.66269159774,0.0,0.0,0.0,178160.66269159774
cement_Region9Shanghai_cement_Region16Henan,0.0,0.0,0.0,178495.6462142514,0.0,0.0,0.0,178495.6462142514
cement_Region9Shanghai_cement_Region17Hubei,0.0,0.0,0.0,189767.66613161782,0.0,0.0,0.0,189767.66613161782
cement_Region9Shanghai_cement_Region18Hunan,0.0,0.0,0.0,189217.72281160174,0.0,0.0,0.0,189217.72281160174
cement_Region9Shanghai_cement_Region19Guangdong,0.0,0.0,0.0,213600.51635456574,0.0,0.0,0.0,213600.51635456574
cement_Region9Shanghai_cement_Region20Guangxi,0.0,0.0,0.0,180910.5696858928,0.0,0.0,0.0,180910.5696858928
cement_Region9Shanghai_cement_Region21Hainan,0.0,0.0,0.0,166950.44098884836,0.0,0.0,0.0,166950.44098884836
cement_Region9Shanghai_cement_Region22Chongqing,0.0,0.0,0.0,176151.3176049187,0.0,0.0,0.0,176151.3176049187
cement_Region9Shanghai_cement_Region23Sichuan,0.0,0.0,0.0,178304.78735296833,0.0,0.0,0.0,178304.78735296833
cement_Region9Shanghai_cement_Region24Guizhou,0.0,0.0,0.0,168089.8357216455,0.0,0.0,0.0,168089.8357216455
cement_Region9Shanghai_cement_Region25Yunnan,0.0,0.0,0.0,165912.19328553614,0.0,0.0,0.0,165912.19328553614
cement_Region9Shanghai_cement_Region27Shaanxi,0.0,0.0,0.0,162478.6793301819,0.0,0.0,0.0,162478.6793301819
cement_Region9Shanghai_cement_Region28Gansu,0.0,0.0,0.0,170180.0640128196,0.0,0.0,0.0,170180.0640128196
cement_Region9Shanghai_cement_Region29Qinghai,0.0,0.0,0.0,168307.8163051531,0.0,0.0,0.0,168307.8163051531
cement_Region9Shanghai_cement_Region30Ningxia,0.0,0.0,0.0,162560.52548531562,0.0,0.0,0.0,162560.52548531562
cement_Region9Shanghai_cement_Region31Xinjiang,0.0,0.0,0.0,163046.1827723572,0.0,0.0,0.0,163046.1827723572
cement_Region10Jiangsu_cement_Region1Beijing,0.0,0.0,0.0,161879.20913982642,0.0,0.0,0.0,161879.20913982642
cement_Region10Jiangsu_cement_Region2Tianjin,0.0,0.0,0.0,166520.86266404536,0.0,0.0,0.0,166520.86266404536
cement_Region10Jiangsu_cement_Region3Hebei,0.0,0.0,0.0,153908.46442586585,0.0,0.0,0.0,153908.46442586585
cement_Region10Jiangsu_cement_Region4Shanxi,0.0,0.0,0.0,153748.1035908385,0.0,0.0,0.0,153748.1035908385
cement_Region10Jiangsu_cement_Region5Innermongolia,0.0,0.0,0.0,148249.6450218668,0.0,0.0,0.0,148249.6450218668
cement_Region10Jiangsu_cement_Region6Liaoning,0.0,0.0,0.0,167851.72449867593,0.0,0.0,0.0,167851.72449867593
cement_Region10Jiangsu_cement_Region7Jilin,0.0,0.0,0.0,168824.12256702964,0.0,0.0,0.0,168824.12256702964
cement_Region10Jiangsu_cement_Region8Heilongjiang,0.0,0.0,0.0,166908.30612670572,0.0,0.0,0.0,166908.30612670572
cement_Region10Jiangsu_cement_Region9Shanghai,0.0,0.0,0.0,147079.35532243815,0.0,0.0,0.0,147079.35532243815
cement_Region10Jiangsu_cement_Region11Zhejiang,0.0,0.0,0.0,155604.6786364236,0.0,0.0,0.0,155604.6786364236
cement_Region10Jiangsu_cement_Region12Anhui,0.0,0.0,0.0,176333.14554853726,0.0,0.0,0.0,176333.14554853726
cement_Region10Jiangsu_cement_Region13Fujian,0.0,0.0,0.0,169118.622364194,0.0,0.0,0.0,169118.622364194
cement_Region10Jiangsu_cement_Region14Jiangxi,0.0,0.0,0.0,192925.86437311213,0.0,0.0,0.0,192925.86437311213
cement_Region10Jiangsu_cement_Region15Shandong,0.0,0.0,0.0,172094.99761400287,0.0,0.0,0.0,172094.99761400287
cement_Region10Jiangsu_cement_Region16Henan,0.0,0.0,0.0,174073.2752162685,0.0,0.0,0.0,174073.2752162685
cement_Region10Jiangsu_cement_Region17Hubei,0.0,0.0,0.0,188162.38003632525,0.0,0.0,0.0,188162.38003632525
cement_Region10Jiangsu_cement_Region18Hunan,0.0,0.0,0.0,187093.37551604462,0.0,0.0,0.0,187093.37551604462
cement_Region10Jiangsu_cement_Region19Guangdong,0.0,0.0,0.0,211159.68956987825,0.0,0.0,0.0,211159.68956987825
cement_Region10Jiangsu_cement_Region20Guangxi,0.0,0.0,0.0,178850.7187046632,0.0,0.0,0.0,178850.7187046632
cement_Region10Jiangsu_cement_Region21Hainan,0.0,0.0,0.0,164702.40824976578,0.0,0.0,0.0,164702.40824976578
cement_Region10Jiangsu_cement_Region22Chongqing,0.0,0.0,0.0,173551.76890921296,0.0,0.0,0.0,173551.76890921296
cement_Region10Jiangsu_cement_Region23Sichuan,0.0,0.0,0.0,176405.74641095012,0.0,0.0,0.0,176405.74641095012
cement_Region10Jiangsu_cement_Region24Guizhou,0.0,0.0,0.0,164892.18725753928,0.0,0.0,0.0,164892.18725753928
cement_Region10Jiangsu_cement_Region25Yunnan,0.0,0.0,0.0,163326.47145918894,0.0,0.0,0.0,163326.47145918894
cement_Region10Jiangsu_cement_Region27Shaanxi,0.0,0.0,0.0,156464.6479499496,0.0,0.0,0.0,156464.6479499496
cement_Region10Jiangsu_cement_Region28Gansu,0.0,0.0,0.0,167297.12755642232,0.0,0.0,0.0,167297.12755642232
cement_Region10Jiangsu_cement_Region29Qinghai,0.0,0.0,0.0,165550.37535754318,0.0,0.0,0.0,165550.37535754318
cement_Region10Jiangsu_cement_Region30Ningxia,0.0,0.0,0.0,158578.0698631663,0.0,0.0,0.0,158578.0698631663
cement_Region10Jiangsu_cement_Region31Xinjiang,0.0,0.0,0.0,161252.9822587843,0.0,0.0,0.0,161252.9822587843
cement_Region11Zhejiang_cement_Region1Beijing,0.0,0.0,0.0,166063.3426799614,0.0,0.0,0.0,166063.3426799614
cement_Region11Zhejiang_cement_Region2Tianjin,0.0,0.0,0.0,170366.71266842508,0.0,0.0,0.0,170366.71266842508
cement_Region11Zhejiang_cement_Region3Hebei,0.0,0.0,0.0,160097.02449563023,0.0,0.0,0.0,160097.02449563023
cement_Region11Zhejiang_cement_Region4Shanxi,0.0,0.0,0.0,158938.95419059735,0.0,0.0,0.0,158938.95419059735
cement_Region11Zhejiang_cement_Region5Innermongolia,0.0,0.0,0.0,152939.82547386456,0.0,0.0,0.0,152939.82547386456
cement_Region11Zhejiang_cement_Region6Liaoning,0.0,0.0,0.0,170077.74454674002,0.0,0.0,0.0,170077.74454674002
cement_Region11Zhejiang_cement_Region7Jilin,0.0,0.0,0.0,170644.21484831735,0.0,0.0,0.0,170644.21484831735
cement_Region11Zhejiang_cement_Region8Heilongjiang,0.0,0.0,0.0,168686.86197344912,0.0,0.0,0.0,168686.86197344912
cement_Region11Zhejiang_cement_Region9Shanghai,0.0,0.0,0.0,133832.54289239759,0.0,0.0,0.0,133832.54289239759
cement_Region11Zhejiang_cement_Region10Jiangsu,0.0,0.0,0.0,182680.54394240776,0.0,0.0,0.0,182680.54394240776
cement_Region11Zhejiang_cement_Region12Anhui,0.0,0.0,0.0,187553.8709101879,0.0,0.0,0.0,187553.8709101879
cement_Region11Zhejiang_cement_Region13Fujian,0.0,0.0,0.0,172111.5228184264,0.0,0.0,0.0,172111.5228184264
cement_Region11Zhejiang_cement_Region14Jiangxi,0.0,0.0,0.0,203586.8825798104,0.0,0.0,0.0,203586.8825798104
cement_Region11Zhejiang_cement_Region15Shandong,0.0,0.0,0.0,176075.2503709051,0.0,0.0,0.0,176075.2503709051
cement_Region11Zhejiang_cement_Region16Henan,0.0,0.0,0.0,176931.6063868111,0.0,0.0,0.0,176931.6063868111
cement_Region11Zhejiang_cement_Region17Hubei,0.0,0.0,0.0,189450.17587083852,0.0,0.0,0.0,189450.17587083852
cement_Region11Zhejiang_cement_Region18Hunan,0.0,0.0,0.0,190873.69463018412,0.0,0.0,0.0,190873.69463018412
cement_Region11Zhejiang_cement_Region19Guangdong,0.0,0.0,0.0,219230.9121491363,0.0,0.0,0.0,219230.9121491363
cement_Region11Zhejiang_cement_Region20Guangxi,0.0,0.0,0.0,180836.86834616712,0.0,0.0,0.0,180836.86834616712
cement_Region11Zhejiang_cement_Region21Hainan,0.0,0.0,0.0,165635.7574284006,0.0,0.0,0.0,165635.7574284006
cement_Region11Zhejiang_cement_Region22Chongqing,0.0,0.0,0.0,175356.91429614677,0.0,0.0,0.0,175356.91429614677
cement_Region11Zhejiang_cement_Region23Sichuan,0.0,0.0,0.0,177706.28625956347,0.0,0.0,0.0,177706.28625956347
cement_Region11Zhejiang_cement_Region24Guizhou,0.0,0.0,0.0,166832.73699572423,0.0,0.0,0.0,166832.73699572423
cement_Region11Zhejiang_cement_Region25Yunnan,0.0,0.0,0.0,164825.83976570307,0.0,0.0,0.0,164825.83976570307
cement_Region11Zhejiang_cement_Region27Shaanxi,0.0,0.0,0.0,160997.58200782994,0.0,0.0,0.0,160997.58200782994
cement_Region11Zhejiang_cement_Region28Gansu,0.0,0.0,0.0,169378.85009472034,0.0,0.0,0.0,169378.85009472034
cement_Region11Zhejiang_cement_Region29Qinghai,0.0,0.0,0.0,167571.42588803635,0.0,0.0,0.0,167571.42588803635
cement_Region11Zhejiang_cement_Region30Ningxia,0.0,0.0,0.0,161798.3609990001,0.0,0.0,0.0,161798.3609990001
cement_Region11Zhejiang_cement_Region31Xinjiang,0.0,0.0,0.0,162597.73232901833,0.0,0.0,0.0,162597.73232901833
cement_Region12Anhui_cement_Region1Beijing,0.0,0.0,0.0,159529.37207431206,0.0,0.0,0.0,159529.37207431206
cement_Region12Anhui_cement_Region2Tianjin,0.0,0.0,0.0,163970.8020347007,0.0,0.0,0.0,163970.8020347007
cement_Region12Anhui_cement_Region3Hebei,0.0,0.0,0.0,150705.53127383522,0.0,0.0,0.0,150705.53127383522
cement_Region12Anhui_cement_Region4Shanxi,0.0,0.0,0.0,149565.13106134025,0.0,0.0,0.0,149565.13106134025
cement_Region12Anhui_cement_Region5Innermongolia,0.0,0.0,0.0,145937.02965481154,0.0,0.0,0.0,145937.02965481154
cement_Region12Anhui_cement_Region6Liaoning,0.0,0.0,0.0,166153.024053069,0.0,0.0,0.0,166153.024053069
cement_Region12Anhui_cement_Region7Jilin,0.0,0.0,0.0,167368.4806017893,0.0,0.0,0.0,167368.4806017893
cement_Region12Anhui_cement_Region8Heilongjiang,0.0,0.0,0.0,165682.33741776165,0.0,0.0,0.0,165682.33741776165
cement_Region12Anhui_cement_Region9Shanghai,0.0,0.0,0.0,153719.52405280303,0.0,0.0,0.0,153719.52405280303
cement_Region12Anhui_cement_Region10Jiangsu,0.0,0.0,0.0,140669.1279962879,0.0,0.0,0.0,140669.1279962879
cement_Region12Anhui_cement_Region11Zhejiang,0.0,0.0,0.0,156829.53918727406,0.0,0.0,0.0,156829.53918727406
cement_Region12Anhui_cement_Region13Fujian,0.0,0.0,0.0,166132.4885774537,0.0,0.0,0.0,166132.4885774537
cement_Region12Anhui_cement_Region14Jiangxi,0.0,0.0,0.0,192282.18998062413,0.0,0.0,0.0,192282.18998062413
cement_Region12Anhui_cement_Region15Shandong,0.0,0.0,0.0,167654.79442053594,0.0,0.0,0.0,167654.79442053594
cement_Region12Anhui_cement_Region16Henan,0.0,0.0,0.0,168831.36052064877,0.0,0.0,0.0,168831.36052064877
cement_Region12Anhui_cement_Region17Hubei,0.0,0.0,0.0,186065.3545250285,0.0,0.0,0.0,186065.3545250285
cement_Region12Anhui_cement_Region18Hunan,0.0,0.0,0.0,185376.7214758677,0.0,0.0,0.0,185376.7214758677
cement_Region12Anhui_cement_Region19Guangdong,0.0,0.0,0.0,213200.50954281195,0.0,0.0,0.0,213200.50954281195
cement_Region12Anhui_cement_Region20Guangxi,0.0,0.0,0.0,177434.60461968865,0.0,0.0,0.0,177434.60461968865
cement_Region12Anhui_cement_Region21Hainan,0.0,0.0,0.0,162595.38084626058,0.0,0.0,0.0,162595.38084626058
cement_Region12Anhui_cement_Region22Chongqing,0.0,0.0,0.0,171247.34484652613,0.0,0.0,0.0,171247.34484652613
cement_Region12Anhui_cement_Region23Sichuan,0.0,0.0,0.0,174771.53311408407,0.0,0.0,0.0,174771.53311408407
cement_Region12Anhui_cement_Region24Guizhou,0.0,0.0,0.0,162211.01042255026,0.0,0.0,0.0,162211.01042255026
cement_Region12Anhui_cement_Region25Yunnan,0.0,0.0,0.0,161251.16192115523,0.0,0.0,0.0,161251.16192115523
cement_Region12Anhui_cement_Region27Shaanxi,0.0,0.0,0.0,151285.45180829408,0.0,0.0,0.0,151285.45180829408
cement_Region12Anhui_cement_Region28Gansu,0.0,0.0,0.0,164956.7788130518,0.0,0.0,0.0,164956.7788130518
cement_Region12Anhui_cement_Region29Qinghai,0.0,0.0,0.0,163373.2990706641,0.0,0.0,0.0,163373.2990706641
cement_Region12Anhui_cement_Region30Ningxia,0.0,0.0,0.0,155974.86442462564,0.0,0.0,0.0,155974.86442462564
cement_Region12Anhui_cement_Region31Xinjiang,0.0,0.0,0.0,159980.0977607095,0.0,0.0,0.0,159980.0977607095
cement_Region13Fujian_cement_Region1Beijing,0.0,0.0,0.0,167995.96919381837,0.0,0.0,0.0,167995.96919381837
cement_Region13Fujian_cement_Region2Tianjin,0.0,0.0,0.0,170949.52773325887,0.0,0.0,0.0,170949.52773325887
cement_Region13Fujian_cement_Region3Hebei,0.0,0.0,0.0,163532.33474631896,0.0,0.0,0.0,163532.33474631896
cement_Region13Fujian_cement_Region4Shanxi,0.0,0.0,0.0,161815.5716084637,0.0,0.0,0.0,161815.5716084637
cement_Region13Fujian_cement_Region5Innermongolia,0.0,0.0,0.0,156776.7093367678,0.0,0.0,0.0,156776.7093367678
cement_Region13Fujian_cement_Region6Liaoning,0.0,0.0,0.0,170629.13363931474,0.0,0.0,0.0,170629.13363931474
cement_Region13Fujian_cement_Region7Jilin,0.0,0.0,0.0,171009.22133065312,0.0,0.0,0.0,171009.22133065312
cement_Region13Fujian_cement_Region8Heilongjiang,0.0,0.0,0.0,169416.65967424354,0.0,0.0,0.0,169416.65967424354
cement_Region13Fujian_cement_Region9Shanghai,0.0,0.0,0.0,169354.08413742052,0.0,0.0,0.0,169354.08413742052
cement_Region13Fujian_cement_Region10Jiangsu,0.0,0.0,0.0,174920.975539102,0.0,0.0,0.0,174920.975539102
cement_Region13Fujian_cement_Region11Zhejiang,0.0,0.0,0.0,170809.12384484312,0.0,0.0,0.0,170809.12384484312
cement_Region13Fujian_cement_Region12Anhui,0.0,0.0,0.0,178292.78015452498,0.0,0.0,0.0,178292.78015452498
cement_Region13Fujian_cement_Region14Jiangxi,0.0,0.0,0.0,200376.88154947734,0.0,0.0,0.0,200376.88154947734
cement_Region13Fujian_cement_Region15Shandong,0.0,0.0,0.0,174364.4916770565,0.0,0.0,0.0,174364.4916770565
cement_Region13Fujian_cement_Region16Henan,0.0,0.0,0.0,175322.80534233007,0.0,0.0,0.0,175322.80534233007
cement_Region13Fujian_cement_Region17Hubei,0.0,0.0,0.0,184914.65774225225,0.0,0.0,0.0,184914.65774225225
cement_Region13Fujian_cement_Region18Hunan,0.0,0.0,0.0,190446.99585814954,0.0,0.0,0.0,190446.99585814954
cement_Region13Fujian_cement_Region19Guangdong,0.0,0.0,0.0,246738.16484409777,0.0,0.0,0.0,246738.16484409777
cement_Region13Fujian_cement_Region20Guangxi,0.0,0.0,0.0,181968.4092433263,0.0,0.0,0.0,181968.4092433263
cement_Region13Fujian_cement_Region21Hainan,0.0,0.0,0.0,163493.51512699015,0.0,0.0,0.0,163493.51512699015
cement_Region13Fujian_cement_Region22Chongqing,0.0,0.0,0.0,174971.1940902202,0.0,0.0,0.0,174971.1940902202
cement_Region13Fujian_cement_Region23Sichuan,0.0,0.0,0.0,177138.50237553968,0.0,0.0,0.0,177138.50237553968
cement_Region13Fujian_cement_Region24Guizhou,0.0,0.0,0.0,166106.2611744148,0.0,0.0,0.0,166106.2611744148
cement_Region13Fujian_cement_Region25Yunnan,0.0,0.0,0.0,164212.65931562748,0.0,0.0,0.0,164212.65931562748
cement_Region13Fujian_cement_Region27Shaanxi,0.0,0.0,0.0,162793.31207881228,0.0,0.0,0.0,162793.31207881228
cement_Region13Fujian_cement_Region28Gansu,0.0,0.0,0.0,169669.22324890876,0.0,0.0,0.0,169669.22324890876
cement_Region13Fujian_cement_Region29Qinghai,0.0,0.0,0.0,168041.27059930266,0.0,0.0,0.0,168041.27059930266
cement_Region13Fujian_cement_Region30Ningxia,0.0,0.0,0.0,163229.77273659708,0.0,0.0,0.0,163229.77273659708
cement_Region13Fujian_cement_Region31Xinjiang,0.0,0.0,0.0,163228.76875646252,0.0,0.0,0.0,163228.76875646252
cement_Region14Jiangxi_cement_Region1Beijing,0.0,0.0,0.0,157939.52448964253,0.0,0.0,0.0,157939.52448964253
cement_Region14Jiangxi_cement_Region2Tianjin,0.0,0.0,0.0,160974.84922291277,0.0,0.0,0.0,160974.84922291277
cement_Region14Jiangxi_cement_Region3Hebei,0.0,0.0,0.0,150534.42931045988,0.0,0.0,0.0,150534.42931045988
cement_Region14Jiangxi_cement_Region4Shanxi,0.0,0.0,0.0,149053.6906394922,0.0,0.0,0.0,149053.6906394922
cement_Region14Jiangxi_cement_Region5Innermongolia,0.0,0.0,0.0,146145.22207830785,0.0,0.0,0.0,146145.22207830785
cement_Region14Jiangxi_cement_Region6Liaoning,0.0,0.0,0.0,163695.6577572467,0.0,0.0,0.0,163695.6577572467
cement_Region14Jiangxi_cement_Region7Jilin,0.0,0.0,0.0,164987.31015064547,0.0,0.0,0.0,164987.31015064547
cement_Region14Jiangxi_cement_Region8Heilongjiang,0.0,0.0,0.0,163854.187220585,0.0,0.0,0.0,163854.187220585
cement_Region14Jiangxi_cement_Region9Shanghai,0.0,0.0,0.0,151795.80480914362,0.0,0.0,0.0,151795.80480914362
cement_Region14Jiangxi_cement_Region10Jiangsu,0.0,0.0,0.0,153865.14030398816,0.0,0.0,0.0,153865.14030398816
cement_Region14Jiangxi_cement_Region11Zhejiang,0.0,0.0,0.0,147902.50597915158,0.0,0.0,0.0,147902.50597915158
cement_Region14Jiangxi_cement_Region12Anhui,0.0,0.0,0.0,153994.1097916149,0.0,0.0,0.0,153994.1097916149
cement_Region14Jiangxi_cement_Region13Fujian,0.0,0.0,0.0,149444.65663389527,0.0,0.0,0.0,149444.65663389527
cement_Region14Jiangxi_cement_Region15Shandong,0.0,0.0,0.0,162683.2550453963,0.0,0.0,0.0,162683.2550453963
cement_Region14Jiangxi_cement_Region16Henan,0.0,0.0,0.0,161107.64038223075,0.0,0.0,0.0,161107.64038223075
cement_Region14Jiangxi_cement_Region17Hubei,0.0,0.0,0.0,162068.14772083485,0.0,0.0,0.0,162068.14772083485
cement_Region14Jiangxi_cement_Region18Hunan,0.0,0.0,0.0,172965.126759543,0.0,0.0,0.0,172965.126759543
cement_Region14Jiangxi_cement_Region19Guangdong,0.0,0.0,0.0,225352.15527000345,0.0,0.0,0.0,225352.15527000345
cement_Region14Jiangxi_cement_Region20Guangxi,0.0,0.0,0.0,171684.5638506211,0.0,0.0,0.0,171684.5638506211
cement_Region14Jiangxi_cement_Region21Hainan,0.0,0.0,0.0,154454.85854956994,0.0,0.0,0.0,154454.85854956994
cement_Region14Jiangxi_cement_Region22Chongqing,0.0,0.0,0.0,163864.89841759793,0.0,0.0,0.0,163864.89841759793
cement_Region14Jiangxi_cement_Region23Sichuan,0.0,0.0,0.0,169042.03231390248,0.0,0.0,0.0,169042.03231390248
cement_Region14Jiangxi_cement_Region24Guizhou,0.0,0.0,0.0,153244.3034120308,0.0,0.0,0.0,153244.3034120308
cement_Region14Jiangxi_cement_Region25Yunnan,0.0,0.0,0.0,155079.8799186375,0.0,0.0,0.0,155079.8799186375
cement_Region14Jiangxi_cement_Region27Shaanxi,0.0,0.0,0.0,147798.21274237285,0.0,0.0,0.0,147798.21274237285
cement_Region14Jiangxi_cement_Region28Gansu,0.0,0.0,0.0,161091.43301424608,0.0,0.0,0.0,161091.43301424608
cement_Region14Jiangxi_cement_Region29Qinghai,0.0,0.0,0.0,160133.03044351868,0.0,0.0,0.0,160133.03044351868
cement_Region14Jiangxi_cement_Region30Ningxia,0.0,0.0,0.0,153449.58111051703,0.0,0.0,0.0,153449.58111051703
cement_Region14Jiangxi_cement_Region31Xinjiang,0.0,0.0,0.0,158471.8599862597,0.0,0.0,0.0,158471.8599862597
cement_Region15Shandong_cement_Region1Beijing,0.0,0.0,0.0,136541.88530800893,0.0,0.0,0.0,136541.88530800893
cement_Region15Shandong_cement_Region2Tianjin,0.0,0.0,0.0,137337.76384531474,0.0,0.0,0.0,137337.76384531474
cement_Region15Shandong_cement_Region3Hebei,0.0,0.0,0.0,122429.28779155803,0.0,0.0,0.0,122429.28779155803
cement_Region15Shandong_cement_Region4Shanxi,0.0,0.0,0.0,133332.7547200373,0.0,0.0,0.0,133332.7547200373
cement_Region15Shandong_cement_Region5Innermongolia,0.0,0.0,0.0,134769.40799745,0.0,0.0,0.0,134769.40799745
cement_Region15Shandong_cement_Region6Liaoning,0.0,0.0,0.0,164308.23147244347,0.0,0.0,0.0,164308.23147244347
cement_Region15Shandong_cement_Region7Jilin,0.0,0.0,0.0,166589.5311717759,0.0,0.0,0.0,166589.5311717759
cement_Region15Shandong_cement_Region8Heilongjiang,0.0,0.0,0.0,164330.17024527836,0.0,0.0,0.0,164330.17024527836
cement_Region15Shandong_cement_Region9Shanghai,0.0,0.0,0.0,166259.55420380697,0.0,0.0,0.0,166259.55420380697
cement_Region15Shandong_cement_Region10Jiangsu,0.0,0.0,0.0,170792.57955118341,0.0,0.0,0.0,170792.57955118341
cement_Region15Shandong_cement_Region11Zhejiang,0.0,0.0,0.0,168066.352039557,0.0,0.0,0.0,168066.352039557
cement_Region15Shandong_cement_Region12Anhui,0.0,0.0,0.0,175607.94230374834,0.0,0.0,0.0,175607.94230374834
cement_Region15Shandong_cement_Region13Fujian,0.0,0.0,0.0,170323.12676242465,0.0,0.0,0.0,170323.12676242465
cement_Region15Shandong_cement_Region14Jiangxi,0.0,0.0,0.0,182751.02667837354,0.0,0.0,0.0,182751.02667837354
cement_Region15Shandong_cement_Region16Henan,0.0,0.0,0.0,173704.36912402752,0.0,0.0,0.0,173704.36912402752
cement_Region15Shandong_cement_Region17Hubei,0.0,0.0,0.0,181523.72579352756,0.0,0.0,0.0,181523.72579352756
cement_Region15Shandong_cement_Region18Hunan,0.0,0.0,0.0,182371.87809161007,0.0,0.0,0.0,182371.87809161007
cement_Region15Shandong_cement_Region19Guangdong,0.0,0.0,0.0,199325.25116772897,0.0,0.0,0.0,199325.25116772897
cement_Region15Shandong_cement_Region20Guangxi,0.0,0.0,0.0,177576.24223198436,0.0,0.0,0.0,177576.24223198436
cement_Region15Shandong_cement_Region21Hainan,0.0,0.0,0.0,165811.2487311667,0.0,0.0,0.0,165811.2487311667
cement_Region15Shandong_cement_Region22Chongqing,0.0,0.0,0.0,173102.54740854463,0.0,0.0,0.0,173102.54740854463
cement_Region15Shandong_cement_Region23Sichuan,0.0,0.0,0.0,176103.37922455886,0.0,0.0,0.0,176103.37922455886
cement_Region15Shandong_cement_Region24Guizhou,0.0,0.0,0.0,165557.9620556478,0.0,0.0,0.0,165557.9620556478
cement_Region15Shandong_cement_Region25Yunnan,0.0,0.0,0.0,164008.1498247251,0.0,0.0,0.0,164008.1498247251
cement_Region15Shandong_cement_Region27Shaanxi,0.0,0.0,0.0,153150.84000747683,0.0,0.0,0.0,153150.84000747683
cement_Region15Shandong_cement_Region28Gansu,0.0,0.0,0.0,165874.7210367749,0.0,0.0,0.0,165874.7210367749
cement_Region15Shandong_cement_Region29Qinghai,0.0,0.0,0.0,163913.9278831397,0.0,0.0,0.0,163913.9278831397
cement_Region15Shandong_cement_Region30Ningxia,0.0,0.0,0.0,152560.46779053536,0.0,0.0,0.0,152560.46779053536
cement_Region15Shandong_cement_Region31Xinjiang,0.0,0.0,0.0,159370.48533350334,0.0,0.0,0.0,159370.48533350334
cement_Region16Henan_cement_Region1Beijing,0.0,0.0,0.0,154275.67697038312,0.0,0.0,0.0,154275.67697038312
cement_Region16Henan_cement_Region2Tianjin,0.0,0.0,0.0,161096.65176632785,0.0,0.0,0.0,161096.65176632785
cement_Region16Henan_cement_Region3Hebei,0.0,0.0,0.0,131714.06405126888,0.0,0.0,0.0,131714.06405126888
cement_Region16Henan_cement_Region4Shanxi,0.0,0.0,0.0,123937.29525198776,0.0,0.0,0.0,123937.29525198776
cement_Region16Henan_cement_Region5Innermongolia,0.0,0.0,0.0,133101.11175224726,0.0,0.0,0.0,133101.11175224726
cement_Region16Henan_cement_Region6Liaoning,0.0,0.0,0.0,166071.13345443984,0.0,0.0,0.0,166071.13345443984
cement_Region16Henan_cement_Region7Jilin,0.0,0.0,0.0,167440.54876251155,0.0,0.0,0.0,167440.54876251155
cement_Region16Henan_cement_Region8Heilongjiang,0.0,0.0,0.0,165544.7669927132,0.0,0.0,0.0,165544.7669927132
cement_Region16Henan_cement_Region9Shanghai,0.0,0.0,0.0,166138.1445004192,0.0,0.0,0.0,166138.1445004192
cement_Region16Henan_cement_Region10Jiangsu,0.0,0.0,0.0,169317.35007323438,0.0,0.0,0.0,169317.35007323438
cement_Region16Henan_cement_Region11Zhejiang,0.0,0.0,0.0,167485.78364457167,0.0,0.0,0.0,167485.78364457167
cement_Region16Henan_cement_Region12Anhui,0.0,0.0,0.0,173732.45584722774,0.0,0.0,0.0,173732.45584722774
cement_Region16Henan_cement_Region13Fujian,0.0,0.0,0.0,169346.8379207165,0.0,0.0,0.0,169346.8379207165
cement_Region16Henan_cement_Region14Jiangxi,0.0,0.0,0.0,184174.9144837126,0.0,0.0,0.0,184174.9144837126
cement_Region16Henan_cement_Region15Shandong,0.0,0.0,0.0,168219.03286474998,0.0,0.0,0.0,168219.03286474998
cement_Region16Henan_cement_Region17Hubei,0.0,0.0,0.0,185159.73948124913,0.0,0.0,0.0,185159.73948124913
cement_Region16Henan_cement_Region18Hunan,0.0,0.0,0.0,185551.04428172825,0.0,0.0,0.0,185551.04428172825
cement_Region16Henan_cement_Region19Guangdong,0.0,0.0,0.0,206108.99302167658,0.0,0.0,0.0,206108.99302167658
cement_Region16Henan_cement_Region20Guangxi,0.0,0.0,0.0,178031.35627692385,0.0,0.0,0.0,178031.35627692385
cement_Region16Henan_cement_Region21Hainan,0.0,0.0,0.0,163974.1954526059,0.0,0.0,0.0,163974.1954526059
cement_Region16Henan_cement_Region22Chongqing,0.0,0.0,0.0,172311.59623849927,0.0,0.0,0.0,172311.59623849927
cement_Region16Henan_cement_Region23Sichuan,0.0,0.0,0.0,176407.04343103207,0.0,0.0,0.0,176407.04343103207
cement_Region16Henan_cement_Region24Guizhou,0.0,0.0,0.0,163050.75457461158,0.0,0.0,0.0,163050.75457461158
cement_Region16Henan_cement_Region25Yunnan,0.0,0.0,0.0,161858.36018622547,0.0,0.0,0.0,161858.36018622547
cement_Region16Henan_cement_Region27Shaanxi,0.0,0.0,0.0,133999.75213035784,0.0,0.0,0.0,133999.75213035784
cement_Region16Henan_cement_Region28Gansu,0.0,0.0,0.0,162951.4666483012,0.0,0.0,0.0,162951.4666483012
cement_Region16Henan_cement_Region29Qinghai,0.0,0.0,0.0,161195.55030100304,0.0,0.0,0.0,161195.55030100304
cement_Region16Henan_cement_Region30Ningxia,0.0,0.0,0.0,148588.14220965662,0.0,0.0,0.0,148588.14220965662
cement_Region16Henan_cement_Region31Xinjiang,0.0,0.0,0.0,158389.62189172543,0.0,0.0,0.0,158389.62189172543
cement_Region17Hubei_cement_Region1Beijing,0.0,0.0,0.0,157052.5268086628,0.0,0.0,0.0,157052.5268086628
cement_Region17Hubei_cement_Region2Tianjin,0.0,0.0,0.0,161229.3905946423,0.0,0.0,0.0,161229.3905946423
cement_Region17Hubei_cement_Region3Hebei,0.0,0.0,0.0,147226.9420610124,0.0,0.0,0.0,147226.9420610124
cement_Region17Hubei_cement_Region4Shanxi,0.0,0.0,0.0,144735.65479694924,0.0,0.0,0.0,144735.65479694924
cement_Region17Hubei_cement_Region5Innermongolia,0.0,0.0,0.0,142613.22664177703,0.0,0.0,0.0,142613.22664177703
cement_Region17Hubei_cement_Region6Liaoning,0.0,0.0,0.0,164269.53771893805,0.0,0.0,0.0,164269.53771893805
cement_Region17Hubei_cement_Region7Jilin,0.0,0.0,0.0,165607.36721630604,0.0,0.0,0.0,165607.36721630604
cement_Region17Hubei_cement_Region8Heilongjiang,0.0,0.0,0.0,164311.43674333693,0.0,0.0,0.0,164311.43674333693
cement_Region17Hubei_cement_Region9Shanghai,0.0,0.0,0.0,156989.24076965533,0.0,0.0,0.0,156989.24076965533
cement_Region17Hubei_cement_Region10Jiangsu,0.0,0.0,0.0,157211.63418864532,0.0,0.0,0.0,157211.63418864532
cement_Region17Hubei_cement_Region11Zhejiang,0.0,0.0,0.0,157076.46438318887,0.0,0.0,0.0,157076.46438318887
cement_Region17Hubei_cement_Region12Anhui,0.0,0.0,0.0,158210.9572033784,0.0,0.0,0.0,158210.9572033784
cement_Region17Hubei_cement_Region13Fujian,0.0,0.0,0.0,160788.54687520186,0.0,0.0,0.0,160788.54687520186
cement_Region17Hubei_cement_Region14Jiangxi,0.0,0.0,0.0,180503.94219787949,0.0,0.0,0.0,180503.94219787949
cement_Region17Hubei_cement_Region15Shandong,0.0,0.0,0.0,163347.63425930814,0.0,0.0,0.0,163347.63425930814
cement_Region17Hubei_cement_Region16Henan,0.0,0.0,0.0,159479.5160226096,0.0,0.0,0.0,159479.5160226096
cement_Region17Hubei_cement_Region18Hunan,0.0,0.0,0.0,182916.13157714356,0.0,0.0,0.0,182916.13157714356
cement_Region17Hubei_cement_Region19Guangdong,0.0,0.0,0.0,216614.5486082255,0.0,0.0,0.0,216614.5486082255
cement_Region17Hubei_cement_Region20Guangxi,0.0,0.0,0.0,174308.30623341913,0.0,0.0,0.0,174308.30623341913
cement_Region17Hubei_cement_Region21Hainan,0.0,0.0,0.0,157515.9232237637,0.0,0.0,0.0,157515.9232237637
cement_Region17Hubei_cement_Region22Chongqing,0.0,0.0,0.0,164707.6008731902,0.0,0.0,0.0,164707.6008731902
cement_Region17Hubei_cement_Region23Sichuan,0.0,0.0,0.0,170766.73229917535,0.0,0.0,0.0,170766.73229917535
cement_Region17Hubei_cement_Region24Guizhou,0.0,0.0,0.0,154407.32860097603,0.0,0.0,0.0,154407.32860097603
cement_Region17Hubei_cement_Region25Yunnan,0.0,0.0,0.0,155784.42939988742,0.0,0.0,0.0,155784.42939988742
cement_Region17Hubei_cement_Region27Shaanxi,0.0,0.0,0.0,141370.46658114233,0.0,0.0,0.0,141370.46658114233
cement_Region17Hubei_cement_Region28Gansu,0.0,0.0,0.0,160490.11021114886,0.0,0.0,0.0,160490.11021114886
cement_Region17Hubei_cement_Region29Qinghai,0.0,0.0,0.0,159410.7397821079,0.0,0.0,0.0,159410.7397821079
cement_Region17Hubei_cement_Region30Ningxia,0.0,0.0,0.0,151211.25415757258,0.0,0.0,0.0,151211.25415757258
cement_Region17Hubei_cement_Region31Xinjiang,0.0,0.0,0.0,157925.6013785303,0.0,0.0,0.0,157925.6013785303
cement_Region18Hunan_cement_Region1Beijing,0.0,0.0,0.0,158257.8049290353,0.0,0.0,0.0,158257.8049290353
cement_Region18Hunan_cement_Region2Tianjin,0.0,0.0,0.0,161524.05841489483,0.0,0.0,0.0,161524.05841489483
cement_Region18Hunan_cement_Region3Hebei,0.0,0.0,0.0,150667.493008987,0.0,0.0,0.0,150667.493008987
cement_Region18Hunan_cement_Region4Shanxi,0.0,0.0,0.0,148290.59487283567,0.0,0.0,0.0,148290.59487283567
cement_Region18Hunan_cement_Region5Innermongolia,0.0,0.0,0.0,145547.32285123534,0.0,0.0,0.0,145547.32285123534
cement_Region18Hunan_cement_Region6Liaoning,0.0,0.0,0.0,164029.61901962766,0.0,0.0,0.0,164029.61901962766
cement_Region18Hunan_cement_Region7Jilin,0.0,0.0,0.0,165206.86134071057,0.0,0.0,0.0,165206.86134071057
cement_Region18Hunan_cement_Region8Heilongjiang,0.0,0.0,0.0,164110.19109852897,0.0,0.0,0.0,164110.19109852897
cement_Region18Hunan_cement_Region9Shanghai,0.0,0.0,0.0,157829.81178529622,0.0,0.0,0.0,157829.81178529622
cement_Region18Hunan_cement_Region10Jiangsu,0.0,0.0,0.0,159073.72161424742,0.0,0.0,0.0,159073.72161424742
cement_Region18Hunan_cement_Region11Zhejiang,0.0,0.0,0.0,156493.14494216102,0.0,0.0,0.0,156493.14494216102
cement_Region18Hunan_cement_Region12Anhui,0.0,0.0,0.0,159979.624519864,0.0,0.0,0.0,159979.624519864
cement_Region18Hunan_cement_Region13Fujian,0.0,0.0,0.0,156728.91559438477,0.0,0.0,0.0,156728.91559438477
cement_Region18Hunan_cement_Region14Jiangxi,0.0,0.0,0.0,168744.14332440952,0.0,0.0,0.0,168744.14332440952
cement_Region18Hunan_cement_Region15Shandong,0.0,0.0,0.0,163115.36318289064,0.0,0.0,0.0,163115.36318289064
cement_Region18Hunan_cement_Region16Henan,0.0,0.0,0.0,160137.28875389398,0.0,0.0,0.0,160137.28875389398
cement_Region18Hunan_cement_Region17Hubei,0.0,0.0,0.0,159806.47772110812,0.0,0.0,0.0,159806.47772110812
cement_Region18Hunan_cement_Region19Guangdong,0.0,0.0,0.0,234713.1386971934,0.0,0.0,0.0,234713.1386971934
cement_Region18Hunan_cement_Region20Guangxi,0.0,0.0,0.0,170703.0490078469,0.0,0.0,0.0,170703.0490078469
cement_Region18Hunan_cement_Region21Hainan,0.0,0.0,0.0,151342.905449035,0.0,0.0,0.0,151342.905449035
cement_Region18Hunan_cement_Region22Chongqing,0.0,0.0,0.0,159320.42584760944,0.0,0.0,0.0,159320.42584760944
cement_Region18Hunan_cement_Region23Sichuan,0.0,0.0,0.0,167535.31072786482,0.0,0.0,0.0,167535.31072786482
cement_Region18Hunan_cement_Region24Guizhou,0.0,0.0,0.0,145783.41870585372,0.0,0.0,0.0,145783.41870585372
cement_Region18Hunan_cement_Region25Yunnan,0.0,0.0,0.0,150725.54015362487,0.0,0.0,0.0,150725.54015362487
cement_Region18Hunan_cement_Region27Shaanxi,0.0,0.0,0.0,145548.7213310251,0.0,0.0,0.0,145548.7213310251
cement_Region18Hunan_cement_Region28Gansu,0.0,0.0,0.0,160215.05670344472,0.0,0.0,0.0,160215.05670344472
cement_Region18Hunan_cement_Region29Qinghai,0.0,0.0,0.0,159325.33353356886,0.0,0.0,0.0,159325.33353356886
cement_Region18Hunan_cement_Region30Ningxia,0.0,0.0,0.0,152288.64116228398,0.0,0.0,0.0,152288.64116228398
cement_Region18Hunan_cement_Region31Xinjiang,0.0,0.0,0.0,158014.52268140623,0.0,0.0,0.0,158014.52268140623
cement_Region19Guangdong_cement_Region1Beijing,0.0,0.0,0.0,150294.87846059218,0.0,0.0,0.0,150294.87846059218
cement_Region19Guangdong_cement_Region2Tianjin,0.0,0.0,0.0,152217.74174306943,0.0,0.0,0.0,152217.74174306943
cement_Region19Guangdong_cement_Region3Hebei,0.0,0.0,0.0,144719.58420069856,0.0,0.0,0.0,144719.58420069856
cement_Region19Guangdong_cement_Region4Shanxi,0.0,0.0,0.0,143366.54021967453,0.0,0.0,0.0,143366.54021967453
cement_Region19Guangdong_cement_Region5Innermongolia,0.0,0.0,0.0,142435.9828707767,0.0,0.0,0.0,142435.9828707767
cement_Region19Guangdong_cement_Region6Liaoning,0.0,0.0,0.0,156123.5823402085,0.0,0.0,0.0,156123.5823402085
cement_Region19Guangdong_cement_Region7Jilin,0.0,0.0,0.0,157726.57878022685,0.0,0.0,0.0,157726.57878022685
cement_Region19Guangdong_cement_Region8Heilongjiang,0.0,0.0,0.0,157511.38998513116,0.0,0.0,0.0,157511.38998513116
cement_Region19Guangdong_cement_Region9Shanghai,0.0,0.0,0.0,143888.31452183588,0.0,0.0,0.0,143888.31452183588
cement_Region19Guangdong_cement_Region10Jiangsu,0.0,0.0,0.0,145051.61058040432,0.0,0.0,0.0,145051.61058040432
cement_Region19Guangdong_cement_Region11Zhejiang,0.0,0.0,0.0,141350.84036297872,0.0,0.0,0.0,141350.84036297872
cement_Region19Guangdong_cement_Region12Anhui,0.0,0.0,0.0,143990.7210565443,0.0,0.0,0.0,143990.7210565443
cement_Region19Guangdong_cement_Region13Fujian,0.0,0.0,0.0,130640.4310920242,0.0,0.0,0.0,130640.4310920242
cement_Region19Guangdong_cement_Region14Jiangxi,0.0,0.0,0.0,136696.34680016115,0.0,0.0,0.0,136696.34680016115
cement_Region19Guangdong_cement_Region15Shandong,0.0,0.0,0.0,151716.54247421358,0.0,0.0,0.0,151716.54247421358
cement_Region19Guangdong_cement_Region16Henan,0.0,0.0,0.0,147624.89346719603,0.0,0.0,0.0,147624.89346719603
cement_Region19Guangdong_cement_Region17Hubei,0.0,0.0,0.0,141918.5693932117,0.0,0.0,0.0,141918.5693932117
cement_Region19Guangdong_cement_Region18Hunan,0.0,0.0,0.0,131360.66627970137,0.0,0.0,0.0,131360.66627970137
cement_Region19Guangdong_cement_Region20Guangxi,0.0,0.0,0.0,118783.50548476126,0.0,0.0,0.0,118783.50548476126
cement_Region19Guangdong_cement_Region21Hainan,0.0,0.0,0.0,94404.9442553341,0.0,0.0,0.0,94404.9442553341
cement_Region19Guangdong_cement_Region22Chongqing,0.0,0.0,0.0,143374.8767679731,0.0,0.0,0.0,143374.8767679731
cement_Region19Guangdong_cement_Region23Sichuan,0.0,0.0,0.0,151196.8530848447,0.0,0.0,0.0,151196.8530848447
cement_Region19Guangdong_cement_Region24Guizhou,0.0,0.0,0.0,126639.61094870201,0.0,0.0,0.0,126639.61094870201
cement_Region19Guangdong_cement_Region25Yunnan,0.0,0.0,0.0,134549.03069173408,0.0,0.0,0.0,134549.03069173408
cement_Region19Guangdong_cement_Region27Shaanxi,0.0,0.0,0.0,141035.31095678516,0.0,0.0,0.0,141035.31095678516
cement_Region19Guangdong_cement_Region28Gansu,0.0,0.0,0.0,151673.3115769317,0.0,0.0,0.0,151673.3115769317
cement_Region19Guangdong_cement_Region29Qinghai,0.0,0.0,0.0,151723.53218034378,0.0,0.0,0.0,151723.53218034378
cement_Region19Guangdong_cement_Region30Ningxia,0.0,0.0,0.0,146834.7785321476,0.0,0.0,0.0,146834.7785321476
cement_Region19Guangdong_cement_Region31Xinjiang,0.0,0.0,0.0,153890.6655149917,0.0,0.0,0.0,153890.6655149917
cement_Region20Guangxi_cement_Region1Beijing,0.0,0.0,0.0,163734.37080042687,0.0,0.0,0.0,163734.37080042687
cement_Region20Guangxi_cement_Region2Tianjin,0.0,0.0,0.0,165978.37010052532,0.0,0.0,0.0,165978.37010052532
cement_Region20Guangxi_cement_Region3Hebei,0.0,0.0,0.0,159566.31643110886,0.0,0.0,0.0,159566.31643110886
cement_Region20Guangxi_cement_Region4Shanxi,0.0,0.0,0.0,157371.01278103978,0.0,0.0,0.0,157371.01278103978
cement_Region20Guangxi_cement_Region5Innermongolia,0.0,0.0,0.0,153736.1503193612,0.0,0.0,0.0,153736.1503193612
cement_Region20Guangxi_cement_Region6Liaoning,0.0,0.0,0.0,166850.16664900706,0.0,0.0,0.0,166850.16664900706
cement_Region20Guangxi_cement_Region7Jilin,0.0,0.0,0.0,167509.2049513091,0.0,0.0,0.0,167509.2049513091
cement_Region20Guangxi_cement_Region8Heilongjiang,0.0,0.0,0.0,166511.2206073661,0.0,0.0,0.0,166511.2206073661
cement_Region20Guangxi_cement_Region9Shanghai,0.0,0.0,0.0,164668.0729418749,0.0,0.0,0.0,164668.0729418749
cement_Region20Guangxi_cement_Region10Jiangsu,0.0,0.0,0.0,166353.03445523538,0.0,0.0,0.0,166353.03445523538
cement_Region20Guangxi_cement_Region11Zhejiang,0.0,0.0,0.0,164662.88288573865,0.0,0.0,0.0,164662.88288573865
cement_Region20Guangxi_cement_Region12Anhui,0.0,0.0,0.0,167541.1648504593,0.0,0.0,0.0,167541.1648504593
cement_Region20Guangxi_cement_Region13Fujian,0.0,0.0,0.0,163611.49700260395,0.0,0.0,0.0,163611.49700260395
cement_Region20Guangxi_cement_Region14Jiangxi,0.0,0.0,0.0,172725.37339046202,0.0,0.0,0.0,172725.37339046202
cement_Region20Guangxi_cement_Region15Shandong,0.0,0.0,0.0,167662.17105361825,0.0,0.0,0.0,167662.17105361825
cement_Region20Guangxi_cement_Region16Henan,0.0,0.0,0.0,167046.51840830583,0.0,0.0,0.0,167046.51840830583
cement_Region20Guangxi_cement_Region17Hubei,0.0,0.0,0.0,170191.5986763435,0.0,0.0,0.0,170191.5986763435
cement_Region20Guangxi_cement_Region18Hunan,0.0,0.0,0.0,173341.025263082,0.0,0.0,0.0,173341.025263082
cement_Region20Guangxi_cement_Region19Guangdong,0.0,0.0,0.0,258169.5605311647,0.0,0.0,0.0,258169.5605311647
cement_Region20Guangxi_cement_Region21Hainan,0.0,0.0,0.0,121658.63638096568,0.0,0.0,0.0,121658.63638096568
cement_Region20Guangxi_cement_Region22Chongqing,0.0,0.0,0.0,162558.4552455763,0.0,0.0,0.0,162558.4552455763
cement_Region20Guangxi_cement_Region23Sichuan,0.0,0.0,0.0,168801.64806435138,0.0,0.0,0.0,168801.64806435138
cement_Region20Guangxi_cement_Region24Guizhou,0.0,0.0,0.0,137860.18202569932,0.0,0.0,0.0,137860.18202569932
cement_Region20Guangxi_cement_Region25Yunnan,0.0,0.0,0.0,139047.86196000167,0.0,0.0,0.0,139047.86196000167
cement_Region20Guangxi_cement_Region27Shaanxi,0.0,0.0,0.0,155766.75538278025,0.0,0.0,0.0,155766.75538278025
cement_Region20Guangxi_cement_Region28Gansu,0.0,0.0,0.0,162618.42326918038,0.0,0.0,0.0,162618.42326918038
cement_Region20Guangxi_cement_Region29Qinghai,0.0,0.0,0.0,161518.6523337849,0.0,0.0,0.0,161518.6523337849
cement_Region20Guangxi_cement_Region30Ningxia,0.0,0.0,0.0,157412.99221330055,0.0,0.0,0.0,157412.99221330055
cement_Region20Guangxi_cement_Region31Xinjiang,0.0,0.0,0.0,159353.44638275972,0.0,0.0,0.0,159353.44638275972
cement_Region21Hainan_cement_Region1Beijing,0.0,0.0,0.0,174456.06207442677,0.0,0.0,0.0,174456.06207442677
cement_Region21Hainan_cement_Region2Tianjin,0.0,0.0,0.0,176864.42207601984,0.0,0.0,0.0,176864.42207601984
cement_Region21Hainan_cement_Region3Hebei,0.0,0.0,0.0,171587.46214027432,0.0,0.0,0.0,171587.46214027432
cement_Region21Hainan_cement_Region4Shanxi,0.0,0.0,0.0,169619.73125601426,0.0,0.0,0.0,169619.73125601426
cement_Region21Hainan_cement_Region5Innermongolia,0.0,0.0,0.0,163992.94455893908,0.0,0.0,0.0,163992.94455893908
cement_Region21Hainan_cement_Region6Liaoning,0.0,0.0,0.0,175454.1618045799,0.0,0.0,0.0,175454.1618045799
cement_Region21Hainan_cement_Region7Jilin,0.0,0.0,0.0,175365.7588085846,0.0,0.0,0.0,175365.7588085846
cement_Region21Hainan_cement_Region8Heilongjiang,0.0,0.0,0.0,173803.37272259034,0.0,0.0,0.0,173803.37272259034
cement_Region21Hainan_cement_Region9Shanghai,0.0,0.0,0.0,178359.25190408214,0.0,0.0,0.0,178359.25190408214
cement_Region21Hainan_cement_Region10Jiangsu,0.0,0.0,0.0,180928.1403997172,0.0,0.0,0.0,180928.1403997172
cement_Region21Hainan_cement_Region11Zhejiang,0.0,0.0,0.0,179753.83212936105,0.0,0.0,0.0,179753.83212936105
cement_Region21Hainan_cement_Region12Anhui,0.0,0.0,0.0,183401.86193391535,0.0,0.0,0.0,183401.86193391535
cement_Region21Hainan_cement_Region13Fujian,0.0,0.0,0.0,182118.6811944177,0.0,0.0,0.0,182118.6811944177
cement_Region21Hainan_cement_Region14Jiangxi,0.0,0.0,0.0,194580.3819046675,0.0,0.0,0.0,194580.3819046675
cement_Region21Hainan_cement_Region15Shandong,0.0,0.0,0.0,179874.36842289942,0.0,0.0,0.0,179874.36842289942
cement_Region21Hainan_cement_Region16Henan,0.0,0.0,0.0,181904.0259198562,0.0,0.0,0.0,181904.0259198562
cement_Region21Hainan_cement_Region17Hubei,0.0,0.0,0.0,190293.6796926412,0.0,0.0,0.0,190293.6796926412
cement_Region21Hainan_cement_Region18Hunan,0.0,0.0,0.0,200122.2144645272,0.0,0.0,0.0,200122.2144645272
cement_Region21Hainan_cement_Region19Guangdong,0.0,0.0,0.0,411831.34911533445,0.0,0.0,0.0,411831.34911533445
cement_Region21Hainan_cement_Region20Guangxi,0.0,0.0,0.0,257367.94509871537,0.0,0.0,0.0,257367.94509871537
cement_Region21Hainan_cement_Region22Chongqing,0.0,0.0,0.0,186088.79505396896,0.0,0.0,0.0,186088.79505396896
cement_Region21Hainan_cement_Region23Sichuan,0.0,0.0,0.0,186872.30347290714,0.0,0.0,0.0,186872.30347290714
cement_Region21Hainan_cement_Region24Guizhou,0.0,0.0,0.0,175613.6592774654,0.0,0.0,0.0,175613.6592774654
cement_Region21Hainan_cement_Region25Yunnan,0.0,0.0,0.0,168659.17110330917,0.0,0.0,0.0,168659.17110330917
cement_Region21Hainan_cement_Region27Shaanxi,0.0,0.0,0.0,170999.5944728018,0.0,0.0,0.0,170999.5944728018
cement_Region21Hainan_cement_Region28Gansu,0.0,0.0,0.0,175496.37225565745,0.0,0.0,0.0,175496.37225565745
cement_Region21Hainan_cement_Region29Qinghai,0.0,0.0,0.0,173333.14724320933,0.0,0.0,0.0,173333.14724320933
cement_Region21Hainan_cement_Region30Ningxia,0.0,0.0,0.0,169330.75516397462,0.0,0.0,0.0,169330.75516397462
cement_Region21Hainan_cement_Region31Xinjiang,0.0,0.0,0.0,166344.97915672223,0.0,0.0,0.0,166344.97915672223
cement_Region22Chongqing_cement_Region1Beijing,0.0,0.0,0.0,165637.5333280945,0.0,0.0,0.0,165637.5333280945
cement_Region22Chongqing_cement_Region2Tianjin,0.0,0.0,0.0,168804.910451467,0.0,0.0,0.0,168804.910451467
cement_Region22Chongqing_cement_Region3Hebei,0.0,0.0,0.0,160188.0058500426,0.0,0.0,0.0,160188.0058500426
cement_Region22Chongqing_cement_Region4Shanxi,0.0,0.0,0.0,155547.42247013006,0.0,0.0,0.0,155547.42247013006
cement_Region22Chongqing_cement_Region5Innermongolia,0.0,0.0,0.0,150603.21366765766,0.0,0.0,0.0,150603.21366765766
cement_Region22Chongqing_cement_Region6Liaoning,0.0,0.0,0.0,169103.7973207319,0.0,0.0,0.0,169103.7973207319
cement_Region22Chongqing_cement_Region7Jilin,0.0,0.0,0.0,169628.31793757013,0.0,0.0,0.0,169628.31793757013
cement_Region22Chongqing_cement_Region8Heilongjiang,0.0,0.0,0.0,168241.15431366424,0.0,0.0,0.0,168241.15431366424
cement_Region22Chongqing_cement_Region9Shanghai,0.0,0.0,0.0,168718.79974196962,0.0,0.0,0.0,168718.79974196962
cement_Region22Chongqing_cement_Region10Jiangsu,0.0,0.0,0.0,171042.306641254,0.0,0.0,0.0,171042.306641254
cement_Region22Chongqing_cement_Region11Zhejiang,0.0,0.0,0.0,169423.34687772405,0.0,0.0,0.0,169423.34687772405
cement_Region22Chongqing_cement_Region12Anhui,0.0,0.0,0.0,173222.58476762308,0.0,0.0,0.0,173222.58476762308
cement_Region22Chongqing_cement_Region13Fujian,0.0,0.0,0.0,169817.54174966578,0.0,0.0,0.0,169817.54174966578
cement_Region22Chongqing_cement_Region14Jiangxi,0.0,0.0,0.0,181321.98121256332,0.0,0.0,0.0,181321.98121256332
cement_Region22Chongqing_cement_Region15Shandong,0.0,0.0,0.0,171591.83189452582,0.0,0.0,0.0,171591.83189452582
cement_Region22Chongqing_cement_Region16Henan,0.0,0.0,0.0,172106.64285062943,0.0,0.0,0.0,172106.64285062943
cement_Region22Chongqing_cement_Region17Hubei,0.0,0.0,0.0,179924.21859867978,0.0,0.0,0.0,179924.21859867978
cement_Region22Chongqing_cement_Region18Hunan,0.0,0.0,0.0,186381.71225098794,0.0,0.0,0.0,186381.71225098794
cement_Region22Chongqing_cement_Region19Guangdong,0.0,0.0,0.0,214190.1576418567,0.0,0.0,0.0,214190.1576418567
cement_Region22Chongqing_cement_Region20Guangxi,0.0,0.0,0.0,182660.44322214206,0.0,0.0,0.0,182660.44322214206
cement_Region22Chongqing_cement_Region21Hainan,0.0,0.0,0.0,160374.41089411298,0.0,0.0,0.0,160374.41089411298
cement_Region22Chongqing_cement_Region23Sichuan,0.0,0.0,0.0,187103.23450684565,0.0,0.0,0.0,187103.23450684565
cement_Region22Chongqing_cement_Region24Guizhou,0.0,0.0,0.0,141344.03065689668,0.0,0.0,0.0,141344.03065689668
cement_Region22Chongqing_cement_Region25Yunnan,0.0,0.0,0.0,149853.21112371236,0.0,0.0,0.0,149853.21112371236
cement_Region22Chongqing_cement_Region27Shaanxi,0.0,0.0,0.0,147071.6419823052,0.0,0.0,0.0,147071.6419823052
cement_Region22Chongqing_cement_Region28Gansu,0.0,0.0,0.0,162196.01653247396,0.0,0.0,0.0,162196.01653247396
cement_Region22Chongqing_cement_Region29Qinghai,0.0,0.0,0.0,160354.6706736595,0.0,0.0,0.0,160354.6706736595
cement_Region22Chongqing_cement_Region30Ningxia,0.0,0.0,0.0,153367.79140137907,0.0,0.0,0.0,153367.79140137907
cement_Region22Chongqing_cement_Region31Xinjiang,0.0,0.0,0.0,158133.2036899671,0.0,0.0,0.0,158133.2036899671
cement_Region23Sichuan_cement_Region1Beijing,0.0,0.0,0.0,163286.67633586776,0.0,0.0,0.0,163286.67633586776
cement_Region23Sichuan_cement_Region2Tianjin,0.0,0.0,0.0,166320.82586534938,0.0,0.0,0.0,166320.82586534938
cement_Region23Sichuan_cement_Region3Hebei,0.0,0.0,0.0,157625.08813141772,0.0,0.0,0.0,157625.08813141772
cement_Region23Sichuan_cement_Region4Shanxi,0.0,0.0,0.0,152849.5340136732,0.0,0.0,0.0,152849.5340136732
cement_Region23Sichuan_cement_Region5Innermongolia,0.0,0.0,0.0,148421.47750785368,0.0,0.0,0.0,148421.47750785368
cement_Region23Sichuan_cement_Region6Liaoning,0.0,0.0,0.0,167265.64714435601,0.0,0.0,0.0,167265.64714435601
cement_Region23Sichuan_cement_Region7Jilin,0.0,0.0,0.0,167974.9631433503,0.0,0.0,0.0,167974.9631433503
cement_Region23Sichuan_cement_Region8Heilongjiang,0.0,0.0,0.0,166750.38176861242,0.0,0.0,0.0,166750.38176861242
cement_Region23Sichuan_cement_Region9Shanghai,0.0,0.0,0.0,166939.2364023145,0.0,0.0,0.0,166939.2364023145
cement_Region23Sichuan_cement_Region10Jiangsu,0.0,0.0,0.0,168506.94808677782,0.0,0.0,0.0,168506.94808677782
cement_Region23Sichuan_cement_Region11Zhejiang,0.0,0.0,0.0,167428.04368563576,0.0,0.0,0.0,167428.04368563576
cement_Region23Sichuan_cement_Region12Anhui,0.0,0.0,0.0,169938.10072754484,0.0,0.0,0.0,169938.10072754484
cement_Region23Sichuan_cement_Region13Fujian,0.0,0.0,0.0,167997.3694108791,0.0,0.0,0.0,167997.3694108791
cement_Region23Sichuan_cement_Region14Jiangxi,0.0,0.0,0.0,175681.97499172715,0.0,0.0,0.0,175681.97499172715
cement_Region23Sichuan_cement_Region15Shandong,0.0,0.0,0.0,168761.58187520472,0.0,0.0,0.0,168761.58187520472
cement_Region23Sichuan_cement_Region16Henan,0.0,0.0,0.0,168206.34115838993,0.0,0.0,0.0,168206.34115838993
cement_Region23Sichuan_cement_Region17Hubei,0.0,0.0,0.0,173656.06502681473,0.0,0.0,0.0,173656.06502681473
cement_Region23Sichuan_cement_Region18Hunan,0.0,0.0,0.0,177098.0072431268,0.0,0.0,0.0,177098.0072431268
cement_Region23Sichuan_cement_Region19Guangdong,0.0,0.0,0.0,199676.3635832029,0.0,0.0,0.0,199676.3635832029
cement_Region23Sichuan_cement_Region20Guangxi,0.0,0.0,0.0,175759.35873983157,0.0,0.0,0.0,175759.35873983157
cement_Region23Sichuan_cement_Region21Hainan,0.0,0.0,0.0,159897.80313532345,0.0,0.0,0.0,159897.80313532345
cement_Region23Sichuan_cement_Region22Chongqing,0.0,0.0,0.0,152075.2819425882,0.0,0.0,0.0,152075.2819425882
cement_Region23Sichuan_cement_Region24Guizhou,0.0,0.0,0.0,145615.87369580826,0.0,0.0,0.0,145615.87369580826
cement_Region23Sichuan_cement_Region25Yunnan,0.0,0.0,0.0,144460.85321712165,0.0,0.0,0.0,144460.85321712165
cement_Region23Sichuan_cement_Region27Shaanxi,0.0,0.0,0.0,142216.44866790323,0.0,0.0,0.0,142216.44866790323
cement_Region23Sichuan_cement_Region28Gansu,0.0,0.0,0.0,155277.2185523036,0.0,0.0,0.0,155277.2185523036
cement_Region23Sichuan_cement_Region29Qinghai,0.0,0.0,0.0,153409.87979858147,0.0,0.0,0.0,153409.87979858147
cement_Region23Sichuan_cement_Region30Ningxia,0.0,0.0,0.0,149533.526900151,0.0,0.0,0.0,149533.526900151
cement_Region23Sichuan_cement_Region31Xinjiang,0.0,0.0,0.0,155937.21394229916,0.0,0.0,0.0,155937.21394229916
cement_Region24Guizhou_cement_Region1Beijing,0.0,0.0,0.0,173126.88029771773,0.0,0.0,0.0,173126.88029771773
cement_Region24Guizhou_cement_Region2Tianjin,0.0,0.0,0.0,176096.73374670555,0.0,0.0,0.0,176096.73374670555
cement_Region24Guizhou_cement_Region3Hebei,0.0,0.0,0.0,169304.78425616433,0.0,0.0,0.0,169304.78425616433
cement_Region24Guizhou_cement_Region4Shanxi,0.0,0.0,0.0,166318.29953354725,0.0,0.0,0.0,166318.29953354725
cement_Region24Guizhou_cement_Region5Innermongolia,0.0,0.0,0.0,159630.9458210164,0.0,0.0,0.0,159630.9458210164
cement_Region24Guizhou_cement_Region6Liaoning,0.0,0.0,0.0,174554.39516593496,0.0,0.0,0.0,174554.39516593496
cement_Region24Guizhou_cement_Region7Jilin,0.0,0.0,0.0,174517.70050559996,0.0,0.0,0.0,174517.70050559996
cement_Region24Guizhou_cement_Region8Heilongjiang,0.0,0.0,0.0,172779.96832135782,0.0,0.0,0.0,172779.96832135782
cement_Region24Guizhou_cement_Region9Shanghai,0.0,0.0,0.0,176951.8835629645,0.0,0.0,0.0,176951.8835629645
cement_Region24Guizhou_cement_Region10Jiangsu,0.0,0.0,0.0,180513.75667592848,0.0,0.0,0.0,180513.75667592848
cement_Region24Guizhou_cement_Region11Zhejiang,0.0,0.0,0.0,178278.25590581165,0.0,0.0,0.0,178278.25590581165
cement_Region24Guizhou_cement_Region12Anhui,0.0,0.0,0.0,183823.96341197626,0.0,0.0,0.0,183823.96341197626
cement_Region24Guizhou_cement_Region13Fujian,0.0,0.0,0.0,179015.1237701515,0.0,0.0,0.0,179015.1237701515
cement_Region24Guizhou_cement_Region14Jiangxi,0.0,0.0,0.0,196331.42128554225,0.0,0.0,0.0,196331.42128554225
cement_Region24Guizhou_cement_Region15Shandong,0.0,0.0,0.0,179838.59399538796,0.0,0.0,0.0,179838.59399538796
cement_Region24Guizhou_cement_Region16Henan,0.0,0.0,0.0,182668.83698471202,0.0,0.0,0.0,182668.83698471202
cement_Region24Guizhou_cement_Region17Hubei,0.0,0.0,0.0,194494.57314363556,0.0,0.0,0.0,194494.57314363556
cement_Region24Guizhou_cement_Region18Hunan,0.0,0.0,0.0,209370.53249352405,0.0,0.0,0.0,209370.53249352405
cement_Region24Guizhou_cement_Region19Guangdong,0.0,0.0,0.0,264045.652514244,0.0,0.0,0.0,264045.652514244
cement_Region24Guizhou_cement_Region20Guangxi,0.0,0.0,0.0,224993.40876120882,0.0,0.0,0.0,224993.40876120882
cement_Region24Guizhou_cement_Region21Hainan,0.0,0.0,0.0,168813.6006843509,0.0,0.0,0.0,168813.6006843509
cement_Region24Guizhou_cement_Region22Chongqing,0.0,0.0,0.0,217014.35435945741,0.0,0.0,0.0,217014.35435945741
cement_Region24Guizhou_cement_Region23Sichuan,0.0,0.0,0.0,208172.23913264263,0.0,0.0,0.0,208172.23913264263
cement_Region24Guizhou_cement_Region25Yunnan,0.0,0.0,0.0,156834.55418795347,0.0,0.0,0.0,156834.55418795347
cement_Region24Guizhou_cement_Region27Shaanxi,0.0,0.0,0.0,166207.12180602437,0.0,0.0,0.0,166207.12180602437
cement_Region24Guizhou_cement_Region28Gansu,0.0,0.0,0.0,174780.91345245458,0.0,0.0,0.0,174780.91345245458
cement_Region24Guizhou_cement_Region29Qinghai,0.0,0.0,0.0,171321.6813634078,0.0,0.0,0.0,171321.6813634078
cement_Region24Guizhou_cement_Region30Ningxia,0.0,0.0,0.0,164947.52971001086,0.0,0.0,0.0,164947.52971001086
cement_Region24Guizhou_cement_Region31Xinjiang,0.0,0.0,0.0,163278.65241409105,0.0,0.0,0.0,163278.65241409105
cement_Region25Yunnan_cement_Region1Beijing,0.0,0.0,0.0,176270.245736279,0.0,0.0,0.0,176270.245736279
cement_Region25Yunnan_cement_Region2Tianjin,0.0,0.0,0.0,178702.085324822,0.0,0.0,0.0,178702.085324822
cement_Region25Yunnan_cement_Region3Hebei,0.0,0.0,0.0,173496.33709885934,0.0,0.0,0.0,173496.33709885934
cement_Region25Yunnan_cement_Region4Shanxi,0.0,0.0,0.0,171318.56816087352,0.0,0.0,0.0,171318.56816087352
cement_Region25Yunnan_cement_Region5Innermongolia,0.0,0.0,0.0,164617.2965609465,0.0,0.0,0.0,164617.2965609465
cement_Region25Yunnan_cement_Region6Liaoning,0.0,0.0,0.0,176877.1707475572,0.0,0.0,0.0,176877.1707475572
cement_Region25Yunnan_cement_Region7Jilin,0.0,0.0,0.0,176668.1425835503,0.0,0.0,0.0,176668.1425835503
cement_Region25Yunnan_cement_Region8Heilongjiang,0.0,0.0,0.0,174998.93935972056,0.0,0.0,0.0,174998.93935972056
cement_Region25Yunnan_cement_Region9Shanghai,0.0,0.0,0.0,179705.41676941884,0.0,0.0,0.0,179705.41676941884
cement_Region25Yunnan_cement_Region10Jiangsu,0.0,0.0,0.0,182719.71194763383,0.0,0.0,0.0,182719.71194763383
cement_Region25Yunnan_cement_Region11Zhejiang,0.0,0.0,0.0,180916.99540877045,0.0,0.0,0.0,180916.99540877045
cement_Region25Yunnan_cement_Region12Anhui,0.0,0.0,0.0,185362.66773882444,0.0,0.0,0.0,185362.66773882444
cement_Region25Yunnan_cement_Region13Fujian,0.0,0.0,0.0,181576.74902523926,0.0,0.0,0.0,181576.74902523926
cement_Region25Yunnan_cement_Region14Jiangxi,0.0,0.0,0.0,193895.71973735446,0.0,0.0,0.0,193895.71973735446
cement_Region25Yunnan_cement_Region15Shandong,0.0,0.0,0.0,181977.74313811975,0.0,0.0,0.0,181977.74313811975
cement_Region25Yunnan_cement_Region16Henan,0.0,0.0,0.0,184488.95411068766,0.0,0.0,0.0,184488.95411068766
cement_Region25Yunnan_cement_Region17Hubei,0.0,0.0,0.0,192815.30014998684,0.0,0.0,0.0,192815.30014998684
cement_Region25Yunnan_cement_Region18Hunan,0.0,0.0,0.0,200955.11939608637,0.0,0.0,0.0,200955.11939608637
cement_Region25Yunnan_cement_Region19Guangdong,0.0,0.0,0.0,237831.53476586353,0.0,0.0,0.0,237831.53476586353
cement_Region25Yunnan_cement_Region20Guangxi,0.0,0.0,0.0,224158.94934230833,0.0,0.0,0.0,224158.94934230833
cement_Region25Yunnan_cement_Region21Hainan,0.0,0.0,0.0,175950.14883764676,0.0,0.0,0.0,175950.14883764676
cement_Region25Yunnan_cement_Region22Chongqing,0.0,0.0,0.0,201634.04867420546,0.0,0.0,0.0,201634.04867420546
cement_Region25Yunnan_cement_Region23Sichuan,0.0,0.0,0.0,212137.71629501978,0.0,0.0,0.0,212137.71629501978
cement_Region25Yunnan_cement_Region24Guizhou,0.0,0.0,0.0,188281.8201094388,0.0,0.0,0.0,188281.8201094388
cement_Region25Yunnan_cement_Region27Shaanxi,0.0,0.0,0.0,173293.25408841073,0.0,0.0,0.0,173293.25408841073
cement_Region25Yunnan_cement_Region28Gansu,0.0,0.0,0.0,179390.1643394515,0.0,0.0,0.0,179390.1643394515
cement_Region25Yunnan_cement_Region29Qinghai,0.0,0.0,0.0,176068.3823087816,0.0,0.0,0.0,176068.3823087816
cement_Region25Yunnan_cement_Region30Ningxia,0.0,0.0,0.0,170348.97457256255,0.0,0.0,0.0,170348.97457256255
cement_Region25Yunnan_cement_Region31Xinjiang,0.0,0.0,0.0,166201.7031593855,0.0,0.0,0.0,166201.7031593855
cement_Region27Shaanxi_cement_Region1Beijing,0.0,0.0,0.0,179705.24778576294,0.0,0.0,0.0,179705.24778576294
cement_Region27Shaanxi_cement_Region2Tianjin,0.0,0.0,0.0,185742.77445859803,0.0,0.0,0.0,185742.77445859803
cement_Region27Shaanxi_cement_Region3Hebei,0.0,0.0,0.0,172956.47159913686,0.0,0.0,0.0,172956.47159913686
cement_Region27Shaanxi_cement_Region4Shanxi,0.0,0.0,0.0,165271.9207087949,0.0,0.0,0.0,165271.9207087949
cement_Region27Shaanxi_cement_Region5Innermongolia,0.0,0.0,0.0,152275.71727401402,0.0,0.0,0.0,152275.71727401402
cement_Region27Shaanxi_cement_Region6Liaoning,0.0,0.0,0.0,179382.47220030113,0.0,0.0,0.0,179382.47220030113
cement_Region27Shaanxi_cement_Region7Jilin,0.0,0.0,0.0,178579.28033077213,0.0,0.0,0.0,178579.28033077213
cement_Region27Shaanxi_cement_Region8Heilongjiang,0.0,0.0,0.0,175532.30131252078,0.0,0.0,0.0,175532.30131252078
cement_Region27Shaanxi_cement_Region9Shanghai,0.0,0.0,0.0,183382.4607529388,0.0,0.0,0.0,183382.4607529388
cement_Region27Shaanxi_cement_Region10Jiangsu,0.0,0.0,0.0,191371.59321076184,0.0,0.0,0.0,191371.59321076184
cement_Region27Shaanxi_cement_Region11Zhejiang,0.0,0.0,0.0,185206.5015718539,0.0,0.0,0.0,185206.5015718539
cement_Region27Shaanxi_cement_Region12Anhui,0.0,0.0,0.0,199250.7013407868,0.0,0.0,0.0,199250.7013407868
cement_Region27Shaanxi_cement_Region13Fujian,0.0,0.0,0.0,183081.80018179698,0.0,0.0,0.0,183081.80018179698
cement_Region27Shaanxi_cement_Region14Jiangxi,0.0,0.0,0.0,205670.1480795658,0.0,0.0,0.0,205670.1480795658
cement_Region27Shaanxi_cement_Region15Shandong,0.0,0.0,0.0,196186.55622961625,0.0,0.0,0.0,196186.55622961625
cement_Region27Shaanxi_cement_Region16Henan,0.0,0.0,0.0,228317.55510948383,0.0,0.0,0.0,228317.55510948383
cement_Region27Shaanxi_cement_Region17Hubei,0.0,0.0,0.0,218309.07054462406,0.0,0.0,0.0,218309.07054462406
cement_Region27Shaanxi_cement_Region18Hunan,0.0,0.0,0.0,210461.94976096138,0.0,0.0,0.0,210461.94976096138
cement_Region27Shaanxi_cement_Region19Guangdong,0.0,0.0,0.0,220959.0535197172,0.0,0.0,0.0,220959.0535197172
cement_Region27Shaanxi_cement_Region20Guangxi,0.0,0.0,0.0,192909.80150533622,0.0,0.0,0.0,192909.80150533622
cement_Region27Shaanxi_cement_Region21Hainan,0.0,0.0,0.0,173973.6891313319,0.0,0.0,0.0,173973.6891313319
cement_Region27Shaanxi_cement_Region22Chongqing,0.0,0.0,0.0,206204.5802460642,0.0,0.0,0.0,206204.5802460642
cement_Region27Shaanxi_cement_Region23Sichuan,0.0,0.0,0.0,215579.71481392733,0.0,0.0,0.0,215579.71481392733
cement_Region27Shaanxi_cement_Region24Guizhou,0.0,0.0,0.0,178545.436560552,0.0,0.0,0.0,178545.436560552
cement_Region27Shaanxi_cement_Region25Yunnan,0.0,0.0,0.0,171350.8792591133,0.0,0.0,0.0,171350.8792591133
cement_Region27Shaanxi_cement_Region28Gansu,0.0,0.0,0.0,188068.53144859438,0.0,0.0,0.0,188068.53144859438
cement_Region27Shaanxi_cement_Region29Qinghai,0.0,0.0,0.0,177782.8160744294,0.0,0.0,0.0,177782.8160744294
cement_Region27Shaanxi_cement_Region30Ningxia,0.0,0.0,0.0,160501.79635311186,0.0,0.0,0.0,160501.79635311186
cement_Region27Shaanxi_cement_Region31Xinjiang,0.0,0.0,0.0,162956.02660974948,0.0,0.0,0.0,162956.02660974948
cement_Region28Gansu_cement_Region1Beijing,0.0,0.0,0.0,170946.27512428508,0.0,0.0,0.0,170946.27512428508
cement_Region28Gansu_cement_Region2Tianjin,0.0,0.0,0.0,175022.61536290517,0.0,0.0,0.0,175022.61536290517
cement_Region28Gansu_cement_Region3Hebei,0.0,0.0,0.0,164999.88718496813,0.0,0.0,0.0,164999.88718496813
cement_Region28Gansu_cement_Region4Shanxi,0.0,0.0,0.0,159362.48056120722,0.0,0.0,0.0,159362.48056120722
cement_Region28Gansu_cement_Region5Innermongolia,0.0,0.0,0.0,146772.4847388326,0.0,0.0,0.0,146772.4847388326
cement_Region28Gansu_cement_Region6Liaoning,0.0,0.0,0.0,173395.83864305448,0.0,0.0,0.0,173395.83864305448
cement_Region28Gansu_cement_Region7Jilin,0.0,0.0,0.0,173475.04149635942,0.0,0.0,0.0,173475.04149635942
cement_Region28Gansu_cement_Region8Heilongjiang,0.0,0.0,0.0,171450.926893211,0.0,0.0,0.0,171450.926893211
cement_Region28Gansu_cement_Region9Shanghai,0.0,0.0,0.0,174806.54284660573,0.0,0.0,0.0,174806.54284660573
cement_Region28Gansu_cement_Region10Jiangsu,0.0,0.0,0.0,177798.5748544493,0.0,0.0,0.0,177798.5748544493
cement_Region28Gansu_cement_Region11Zhejiang,0.0,0.0,0.0,175620.91622128896,0.0,0.0,0.0,175620.91622128896
cement_Region28Gansu_cement_Region12Anhui,0.0,0.0,0.0,180447.57825889564,0.0,0.0,0.0,180447.57825889564
cement_Region28Gansu_cement_Region13Fujian,0.0,0.0,0.0,175467.4904082625,0.0,0.0,0.0,175467.4904082625
cement_Region28Gansu_cement_Region14Jiangxi,0.0,0.0,0.0,185268.91013744683,0.0,0.0,0.0,185268.91013744683
cement_Region28Gansu_cement_Region15Shandong,0.0,0.0,0.0,179265.91434099866,0.0,0.0,0.0,179265.91434099866
cement_Region28Gansu_cement_Region16Henan,0.0,0.0,0.0,182603.84424619767,0.0,0.0,0.0,182603.84424619767
cement_Region28Gansu_cement_Region17Hubei,0.0,0.0,0.0,185984.8623311806,0.0,0.0,0.0,185984.8623311806
cement_Region28Gansu_cement_Region18Hunan,0.0,0.0,0.0,186503.03777303817,0.0,0.0,0.0,186503.03777303817
cement_Region28Gansu_cement_Region19Guangdong,0.0,0.0,0.0,199343.3260597405,0.0,0.0,0.0,199343.3260597405
cement_Region28Gansu_cement_Region20Guangxi,0.0,0.0,0.0,183489.2169186348,0.0,0.0,0.0,183489.2169186348
cement_Region28Gansu_cement_Region21Hainan,0.0,0.0,0.0,169692.17755564747,0.0,0.0,0.0,169692.17755564747
cement_Region28Gansu_cement_Region22Chongqing,0.0,0.0,0.0,183339.60019490117,0.0,0.0,0.0,183339.60019490117
cement_Region28Gansu_cement_Region23Sichuan,0.0,0.0,0.0,192538.95244549142,0.0,0.0,0.0,192538.95244549142
cement_Region28Gansu_cement_Region24Guizhou,0.0,0.0,0.0,169871.9564520992,0.0,0.0,0.0,169871.9564520992
cement_Region28Gansu_cement_Region25Yunnan,0.0,0.0,0.0,165897.0633283761,0.0,0.0,0.0,165897.0633283761
cement_Region28Gansu_cement_Region27Shaanxi,0.0,0.0,0.0,157240.48333957678,0.0,0.0,0.0,157240.48333957678
cement_Region28Gansu_cement_Region29Qinghai,0.0,0.0,0.0,131146.30745279006,0.0,0.0,0.0,131146.30745279006
cement_Region28Gansu_cement_Region30Ningxia,0.0,0.0,0.0,139671.07432540457,0.0,0.0,0.0,139671.07432540457
cement_Region28Gansu_cement_Region31Xinjiang,0.0,0.0,0.0,155702.34632794527,0.0,0.0,0.0,155702.34632794527
cement_Region29Qinghai_cement_Region1Beijing,0.0,0.0,0.0,174155.7248564889,0.0,0.0,0.0,174155.7248564889
cement_Region29Qinghai_cement_Region2Tianjin,0.0,0.0,0.0,177793.482103373,0.0,0.0,0.0,177793.482103373
cement_Region29Qinghai_cement_Region3Hebei,0.0,0.0,0.0,169419.1942919819,0.0,0.0,0.0,169419.1942919819
cement_Region29Qinghai_cement_Region4Shanxi,0.0,0.0,0.0,165177.0612194517,0.0,0.0,0.0,165177.0612194517
cement_Region29Qinghai_cement_Region5Innermongolia,0.0,0.0,0.0,153395.70768978365,0.0,0.0,0.0,153395.70768978365
cement_Region29Qinghai_cement_Region6Liaoning,0.0,0.0,0.0,175528.64999773566,0.0,0.0,0.0,175528.64999773566
cement_Region29Qinghai_cement_Region7Jilin,0.0,0.0,0.0,175357.15501882476,0.0,0.0,0.0,175357.15501882476
cement_Region29Qinghai_cement_Region8Heilongjiang,0.0,0.0,0.0,173282.2527269285,0.0,0.0,0.0,173282.2527269285
cement_Region29Qinghai_cement_Region9Shanghai,0.0,0.0,0.0,176946.90875953715,0.0,0.0,0.0,176946.90875953715
cement_Region29Qinghai_cement_Region10Jiangsu,0.0,0.0,0.0,179951.65444747623,0.0,0.0,0.0,179951.65444747623
cement_Region29Qinghai_cement_Region11Zhejiang,0.0,0.0,0.0,177740.48966918842,0.0,0.0,0.0,177740.48966918842
cement_Region29Qinghai_cement_Region12Anhui,0.0,0.0,0.0,182509.76460828198,0.0,0.0,0.0,182509.76460828198
cement_Region29Qinghai_cement_Region13Fujian,0.0,0.0,0.0,177343.4258910017,0.0,0.0,0.0,177343.4258910017
cement_Region29Qinghai_cement_Region14Jiangxi,0.0,0.0,0.0,186702.7493498574,0.0,0.0,0.0,186702.7493498574
cement_Region29Qinghai_cement_Region15Shandong,0.0,0.0,0.0,181771.85081343958,0.0,0.0,0.0,181771.85081343958
cement_Region29Qinghai_cement_Region16Henan,0.0,0.0,0.0,185093.10861337153,0.0,0.0,0.0,185093.10861337153
cement_Region29Qinghai_cement_Region17Hubei,0.0,0.0,0.0,187618.834580008,0.0,0.0,0.0,187618.834580008
cement_Region29Qinghai_cement_Region18Hunan,0.0,0.0,0.0,187866.6627577409,0.0,0.0,0.0,187866.6627577409
cement_Region29Qinghai_cement_Region19Guangdong,0.0,0.0,0.0,199706.89882688108,0.0,0.0,0.0,199706.89882688108
cement_Region29Qinghai_cement_Region20Guangxi,0.0,0.0,0.0,185065.2349528392,0.0,0.0,0.0,185065.2349528392
cement_Region29Qinghai_cement_Region21Hainan,0.0,0.0,0.0,171837.27578991518,0.0,0.0,0.0,171837.27578991518
cement_Region29Qinghai_cement_Region22Chongqing,0.0,0.0,0.0,186049.75692055153,0.0,0.0,0.0,186049.75692055153
cement_Region29Qinghai_cement_Region23Sichuan,0.0,0.0,0.0,196099.91485266745,0.0,0.0,0.0,196099.91485266745
cement_Region29Qinghai_cement_Region24Guizhou,0.0,0.0,0.0,173405.02614078953,0.0,0.0,0.0,173405.02614078953
cement_Region29Qinghai_cement_Region25Yunnan,0.0,0.0,0.0,168908.79253551658,0.0,0.0,0.0,168908.79253551658
cement_Region29Qinghai_cement_Region27Shaanxi,0.0,0.0,0.0,166436.06959506607,0.0,0.0,0.0,166436.06959506607
cement_Region29Qinghai_cement_Region28Gansu,0.0,0.0,0.0,197482.2446593478,0.0,0.0,0.0,197482.2446593478
cement_Region29Qinghai_cement_Region30Ningxia,0.0,0.0,0.0,155497.60872425945,0.0,0.0,0.0,155497.60872425945
cement_Region29Qinghai_cement_Region31Xinjiang,0.0,0.0,0.0,156503.9335077115,0.0,0.0,0.0,156503.9335077115
cement_Region30Ningxia_cement_Region1Beijing,0.0,0.0,0.0,185320.1909161358,0.0,0.0,0.0,185320.1909161358
cement_Region30Ningxia_cement_Region2Tianjin,0.0,0.0,0.0,191027.43761178214,0.0,0.0,0.0,191027.43761178214
cement_Region30Ningxia_cement_Region3Hebei,0.0,0.0,0.0,179560.94981779638,0.0,0.0,0.0,179560.94981779638
cement_Region30Ningxia_cement_Region4Shanxi,0.0,0.0,0.0,174464.05311055284,0.0,0.0,0.0,174464.05311055284
cement_Region30Ningxia_cement_Region5Innermongolia,0.0,0.0,0.0,150274.6685245977,0.0,0.0,0.0,150274.6685245977
cement_Region30Ningxia_cement_Region6Liaoning,0.0,0.0,0.0,182795.407863743,0.0,0.0,0.0,182795.407863743
cement_Region30Ningxia_cement_Region7Jilin,0.0,0.0,0.0,181652.16646232334,0.0,0.0,0.0,181652.16646232334
cement_Region30Ningxia_cement_Region8Heilongjiang,0.0,0.0,0.0,178168.79744289082,0.0,0.0,0.0,178168.79744289082
cement_Region30Ningxia_cement_Region9Shanghai,0.0,0.0,0.0,183551.4696934444,0.0,0.0,0.0,183551.4696934444
cement_Region30Ningxia_cement_Region10Jiangsu,0.0,0.0,0.0,188708.8740549403,0.0,0.0,0.0,188708.8740549403
cement_Region30Ningxia_cement_Region11Zhejiang,0.0,0.0,0.0,184510.33351783783,0.0,0.0,0.0,184510.33351783783
cement_Region30Ningxia_cement_Region12Anhui,0.0,0.0,0.0,192363.24238264497,0.0,0.0,0.0,192363.24238264497
cement_Region30Ningxia_cement_Region13Fujian,0.0,0.0,0.0,182909.4807850433,0.0,0.0,0.0,182909.4807850433
cement_Region30Ningxia_cement_Region14Jiangxi,0.0,0.0,0.0,196399.56084841318,0.0,0.0,0.0,196399.56084841318
cement_Region30Ningxia_cement_Region15Shandong,0.0,0.0,0.0,197755.68400900706,0.0,0.0,0.0,197755.68400900706
cement_Region30Ningxia_cement_Region16Henan,0.0,0.0,0.0,203945.73431896602,0.0,0.0,0.0,203945.73431896602
cement_Region30Ningxia_cement_Region17Hubei,0.0,0.0,0.0,200195.29372163664,0.0,0.0,0.0,200195.29372163664
cement_Region30Ningxia_cement_Region18Hunan,0.0,0.0,0.0,198507.35951640175,0.0,0.0,0.0,198507.35951640175
cement_Region30Ningxia_cement_Region19Guangdong,0.0,0.0,0.0,208813.2544528922,0.0,0.0,0.0,208813.2544528922
cement_Region30Ningxia_cement_Region20Guangxi,0.0,0.0,0.0,190768.88799329966,0.0,0.0,0.0,190768.88799329966
cement_Region30Ningxia_cement_Region21Hainan,0.0,0.0,0.0,175972.98503833858,0.0,0.0,0.0,175972.98503833858
cement_Region30Ningxia_cement_Region22Chongqing,0.0,0.0,0.0,196405.23397192496,0.0,0.0,0.0,196405.23397192496
cement_Region30Ningxia_cement_Region23Sichuan,0.0,0.0,0.0,203088.62678507736,0.0,0.0,0.0,203088.62678507736
cement_Region30Ningxia_cement_Region24Guizhou,0.0,0.0,0.0,180438.79551182635,0.0,0.0,0.0,180438.79551182635
cement_Region30Ningxia_cement_Region25Yunnan,0.0,0.0,0.0,174603.52509977997,0.0,0.0,0.0,174603.52509977997
cement_Region30Ningxia_cement_Region27Shaanxi,0.0,0.0,0.0,181462.26428195645,0.0,0.0,0.0,181462.26428195645
cement_Region30Ningxia_cement_Region28Gansu,0.0,0.0,0.0,217851.912026523,0.0,0.0,0.0,217851.912026523
cement_Region30Ningxia_cement_Region29Qinghai,0.0,0.0,0.0,190933.08765680308,0.0,0.0,0.0,190933.08765680308
cement_Region30Ningxia_cement_Region31Xinjiang,0.0,0.0,0.0,162962.26667587695,0.0,0.0,0.0,162962.26667587695
cement_Region31Xinjiang_cement_Region1Beijing,0.0,0.0,0.0,185549.71080406583,0.0,0.0,0.0,185549.71080406583
cement_Region31Xinjiang_cement_Region2Tianjin,0.0,0.0,0.0,187361.8921808974,0.0,0.0,0.0,187361.8921808974
cement_Region31Xinjiang_cement_Region3Hebei,0.0,0.0,0.0,182630.41683385766,0.0,0.0,0.0,182630.41683385766
cement_Region31Xinjiang_cement_Region4Shanxi,0.0,0.0,0.0,181454.4621064386,0.0,0.0,0.0,181454.4621064386
cement_Region31Xinjiang_cement_Region5Innermongolia,0.0,0.0,0.0,174312.90559321354,0.0,0.0,0.0,174312.90559321354
cement_Region31Xinjiang_cement_Region6Liaoning,0.0,0.0,0.0,184223.63571016752,0.0,0.0,0.0,184223.63571016752
cement_Region31Xinjiang_cement_Region7Jilin,0.0,0.0,0.0,184043.35575892308,0.0,0.0,0.0,184043.35575892308
cement_Region31Xinjiang_cement_Region8Heilongjiang,0.0,0.0,0.0,181912.77803666706,0.0,0.0,0.0,181912.77803666706
cement_Region31Xinjiang_cement_Region9Shanghai,0.0,0.0,0.0,183798.47474750964,0.0,0.0,0.0,183798.47474750964
cement_Region31Xinjiang_cement_Region10Jiangsu,0.0,0.0,0.0,186007.8789077616,0.0,0.0,0.0,186007.8789077616
cement_Region31Xinjiang_cement_Region11Zhejiang,0.0,0.0,0.0,184327.56204952174,0.0,0.0,0.0,184327.56204952174
cement_Region31Xinjiang_cement_Region12Anhui,0.0,0.0,0.0,187657.18983418032,0.0,0.0,0.0,187657.18983418032
cement_Region31Xinjiang_cement_Region13Fujian,0.0,0.0,0.0,183604.071085212,0.0,0.0,0.0,183604.071085212
cement_Region31Xinjiang_cement_Region14Jiangxi,0.0,0.0,0.0,189776.58885199248,0.0,0.0,0.0,189776.58885199248
cement_Region31Xinjiang_cement_Region15Shandong,0.0,0.0,0.0,188372.18015232694,0.0,0.0,0.0,188372.18015232694
cement_Region31Xinjiang_cement_Region16Henan,0.0,0.0,0.0,189656.11286741914,0.0,0.0,0.0,189656.11286741914
cement_Region31Xinjiang_cement_Region17Hubei,0.0,0.0,0.0,190499.33952915855,0.0,0.0,0.0,190499.33952915855
cement_Region31Xinjiang_cement_Region18Hunan,0.0,0.0,0.0,190465.25599942845,0.0,0.0,0.0,190465.25599942845
cement_Region31Xinjiang_cement_Region19Guangdong,0.0,0.0,0.0,196789.14520122143,0.0,0.0,0.0,196789.14520122143
cement_Region31Xinjiang_cement_Region20Guangxi,0.0,0.0,0.0,188646.19953828232,0.0,0.0,0.0,188646.19953828232
cement_Region31Xinjiang_cement_Region21Hainan,0.0,0.0,0.0,179869.14580384485,0.0,0.0,0.0,179869.14580384485
cement_Region31Xinjiang_cement_Region22Chongqing,0.0,0.0,0.0,190060.77754695006,0.0,0.0,0.0,190060.77754695006
cement_Region31Xinjiang_cement_Region23Sichuan,0.0,0.0,0.0,193260.97931497978,0.0,0.0,0.0,193260.97931497978
cement_Region31Xinjiang_cement_Region24Guizhou,0.0,0.0,0.0,183245.9737017543,0.0,0.0,0.0,183245.9737017543
cement_Region31Xinjiang_cement_Region25Yunnan,0.0,0.0,0.0,179828.79663534724,0.0,0.0,0.0,179828.79663534724
cement_Region31Xinjiang_cement_Region27Shaanxi,0.0,0.0,0.0,183410.1732458804,0.0,0.0,0.0,183410.1732458804
cement_Region31Xinjiang_cement_Region28Gansu,0.0,0.0,0.0,193190.6332590118,0.0,0.0,0.0,193190.6332590118
cement_Region31Xinjiang_cement_Region29Qinghai,0.0,0.0,0.0,191848.72482011968,0.0,0.0,0.0,191848.72482011968
cement_Region31Xinjiang_cement_Region30Ningxia,0.0,0.0,0.0,183117.9569826664,0.0,0.0,0.0,183117.9569826664
Region1Beijing_Region2Tianjin,0.0,0.0,0.0,4.430157010984643e8,0.0,0.0,0.0,4.430157010984643e8
Region1Beijing_Region3Hebei,0.0,0.0,0.0,127160.43021821411,0.0,0.0,0.0,127160.43021821411
Region1Beijing_Region4Shanxi,0.0,0.0,0.0,187663.52164276683,0.0,0.0,0.0,187663.52164276683
Region1Beijing_Region5Innermongolia,0.0,0.0,0.0,5.582015573122847e7,0.0,0.0,0.0,5.582015573122847e7
Region1Beijing_Region6Liaoning,0.0,0.0,0.0,174876.2043764015,0.0,0.0,0.0,174876.2043764015
Region1Beijing_Region7Jilin,0.0,0.0,0.0,250903.21282693412,0.0,0.0,0.0,250903.21282693412
Region1Beijing_Region8Heilongjiang,0.0,0.0,0.0,325184.70619126747,0.0,0.0,0.0,325184.70619126747
Region1Beijing_Region9Shanghai,0.0,0.0,0.0,938986.5247781599,0.0,0.0,0.0,938986.5247781599
Region1Beijing_Region10Jiangsu,0.0,0.0,0.0,676631.4156617059,0.0,0.0,0.0,676631.4156617059
Region1Beijing_Region11Zhejiang,0.0,0.0,0.0,958892.7476662355,0.0,0.0,0.0,958892.7476662355
Region1Beijing_Region12Anhui,0.0,0.0,0.0,620140.0189733075,0.0,0.0,0.0,620140.0189733075
Region1Beijing_Region13Fujian,0.0,0.0,0.0,899305.7149131661,0.0,0.0,0.0,899305.7149131661
Region1Beijing_Region14Jiangxi,0.0,0.0,0.0,705407.3520461764,0.0,0.0,0.0,705407.3520461764
Region1Beijing_Region15Shandong,0.0,0.0,0.0,348917.20834710187,0.0,0.0,0.0,348917.20834710187
Region1Beijing_Region16Henan,0.0,0.0,0.0,325438.71109915123,0.0,0.0,0.0,325438.71109915123
Region1Beijing_Region17Hubei,0.0,0.0,0.0,566509.984733198,0.0,0.0,0.0,566509.984733198
Region1Beijing_Region18Hunan,0.0,0.0,0.0,687810.1593535448,0.0,0.0,0.0,687810.1593535448
Region1Beijing_Region19Guangdong,0.0,0.0,0.0,970113.6180574448,0.0,0.0,0.0,970113.6180574448
Region1Beijing_Region20Guangxi,0.0,0.0,0.0,358955.81417280517,0.0,0.0,0.0,358955.81417280517
Region1Beijing_Region21Hainan,0.0,0.0,0.0,400173.688618744,0.0,0.0,0.0,400173.688618744
Region1Beijing_Region22Chongqing,0.0,0.0,0.0,715750.8652683657,0.0,0.0,0.0,715750.8652683657
Region1Beijing_Region23Sichuan,0.0,0.0,0.0,719898.8926416854,0.0,0.0,0.0,719898.8926416854
Region1Beijing_Region24Guizhou,0.0,0.0,0.0,920446.0950927447,0.0,0.0,0.0,920446.0950927447
Region1Beijing_Region25Yunnan,0.0,0.0,0.0,746088.8075256236,0.0,0.0,0.0,746088.8075256236
Region1Beijing_Region27Shaanxi,0.0,0.0,0.0,433951.6802789001,0.0,0.0,0.0,433951.6802789001
Region1Beijing_Region28Gansu,0.0,0.0,0.0,270387.07815127907,0.0,0.0,0.0,270387.07815127907
Region1Beijing_Region29Qinghai,0.0,0.0,0.0,232584.06771234417,0.0,0.0,0.0,232584.06771234417
Region1Beijing_Region30Ningxia,0.0,0.0,0.0,210030.6804347415,0.0,0.0,0.0,210030.6804347415
Region1Beijing_Region31Xinjiang,0.0,0.0,0.0,117065.43001526699,0.0,0.0,0.0,117065.43001526699
Region2Tianjin_Region1Beijing,0.0,0.0,0.0,83039.7927043378,0.0,0.0,0.0,83039.7927043378
Region2Tianjin_Region3Hebei,0.0,0.0,0.0,81913.25871361521,0.0,0.0,0.0,81913.25871361521
Region2Tianjin_Region4Shanxi,0.0,0.0,0.0,132301.56290949837,0.0,0.0,0.0,132301.56290949837
Region2Tianjin_Region5Innermongolia,0.0,0.0,0.0,297365.869286584,0.0,0.0,0.0,297365.869286584
Region2Tianjin_Region6Liaoning,0.0,0.0,0.0,137057.5324231043,0.0,0.0,0.0,137057.5324231043
Region2Tianjin_Region7Jilin,0.0,0.0,0.0,206154.89778564175,0.0,0.0,0.0,206154.89778564175
Region2Tianjin_Region8Heilongjiang,0.0,0.0,0.0,269678.8105260917,0.0,0.0,0.0,269678.8105260917
Region2Tianjin_Region9Shanghai,0.0,0.0,0.0,837630.7327081552,0.0,0.0,0.0,837630.7327081552
Region2Tianjin_Region10Jiangsu,0.0,0.0,0.0,523691.1250795756,0.0,0.0,0.0,523691.1250795756
Region2Tianjin_Region11Zhejiang,0.0,0.0,0.0,836993.0157543678,0.0,0.0,0.0,836993.0157543678
Region2Tianjin_Region12Anhui,0.0,0.0,0.0,445701.466904135,0.0,0.0,0.0,445701.466904135
Region2Tianjin_Region13Fujian,0.0,0.0,0.0,847852.9256897584,0.0,0.0,0.0,847852.9256897584
Region2Tianjin_Region14Jiangxi,0.0,0.0,0.0,570295.7403261485,0.0,0.0,0.0,570295.7403261485
Region2Tianjin_Region15Shandong,0.0,0.0,0.0,234472.12625120327,0.0,0.0,0.0,234472.12625120327
Region2Tianjin_Region16Henan,0.0,0.0,0.0,244504.64554020282,0.0,0.0,0.0,244504.64554020282
Region2Tianjin_Region17Hubei,0.0,0.0,0.0,432934.04546807153,0.0,0.0,0.0,432934.04546807153
Region2Tianjin_Region18Hunan,0.0,0.0,0.0,536091.6530493485,0.0,0.0,0.0,536091.6530493485
Region2Tianjin_Region19Guangdong,0.0,0.0,0.0,774463.2510054584,0.0,0.0,0.0,774463.2510054584
Region2Tianjin_Region20Guangxi,0.0,0.0,0.0,327294.32271903206,0.0,0.0,0.0,327294.32271903206
Region2Tianjin_Region21Hainan,0.0,0.0,0.0,354029.7787303555,0.0,0.0,0.0,354029.7787303555
Region2Tianjin_Region22Chongqing,0.0,0.0,0.0,543591.3528403804,0.0,0.0,0.0,543591.3528403804
Region2Tianjin_Region23Sichuan,0.0,0.0,0.0,546564.4473729288,0.0,0.0,0.0,546564.4473729288
Region2Tianjin_Region24Guizhou,0.0,0.0,0.0,737492.7563482663,0.0,0.0,0.0,737492.7563482663
Region2Tianjin_Region25Yunnan,0.0,0.0,0.0,614103.4753597835,0.0,0.0,0.0,614103.4753597835
Region2Tianjin_Region27Shaanxi,0.0,0.0,0.0,327951.9915918806,0.0,0.0,0.0,327951.9915918806
Region2Tianjin_Region28Gansu,0.0,0.0,0.0,234460.39279292355,0.0,0.0,0.0,234460.39279292355
Region2Tianjin_Region29Qinghai,0.0,0.0,0.0,209467.92572124366,0.0,0.0,0.0,209467.92572124366
Region2Tianjin_Region30Ningxia,0.0,0.0,0.0,182657.22960073952,0.0,0.0,0.0,182657.22960073952
Region2Tianjin_Region31Xinjiang,0.0,0.0,0.0,115266.76727796899,0.0,0.0,0.0,115266.76727796899
Region3Hebei_Region1Beijing,0.0,0.0,0.0,4.465810942125307e6,0.0,0.0,0.0,4.465810942125307e6
Region3Hebei_Region2Tianjin,0.0,0.0,0.0,3.2517907470956068e6,0.0,0.0,0.0,3.2517907470956068e6
Region3Hebei_Region4Shanxi,0.0,0.0,0.0,591099.7961635076,0.0,0.0,0.0,591099.7961635076
Region3Hebei_Region5Innermongolia,0.0,0.0,0.0,4.598895976718131e6,0.0,0.0,0.0,4.598895976718131e6
Region3Hebei_Region6Liaoning,0.0,0.0,0.0,206243.03181411762,0.0,0.0,0.0,206243.03181411762
Region3Hebei_Region7Jilin,0.0,0.0,0.0,265569.8187387155,0.0,0.0,0.0,265569.8187387155
Region3Hebei_Region8Heilongjiang,0.0,0.0,0.0,320254.5695576732,0.0,0.0,0.0,320254.5695576732
Region3Hebei_Region9Shanghai,0.0,0.0,0.0,2.739534097690016e9,0.0,0.0,0.0,2.739534097690016e9
Region3Hebei_Region10Jiangsu,0.0,0.0,0.0,3.762114288543287e7,0.0,0.0,0.0,3.762114288543287e7
Region3Hebei_Region11Zhejiang,0.0,0.0,0.0,1.1954097299696891e9,0.0,0.0,0.0,1.1954097299696891e9
Region3Hebei_Region12Anhui,0.0,0.0,0.0,1.5652471203674202e9,0.0,0.0,0.0,1.5652471203674202e9
Region3Hebei_Region13Fujian,0.0,0.0,0.0,2.496127340670759e9,0.0,0.0,0.0,2.496127340670759e9
Region3Hebei_Region14Jiangxi,0.0,0.0,0.0,2.3600416624445643e9,0.0,0.0,0.0,2.3600416624445643e9
Region3Hebei_Region15Shandong,0.0,0.0,0.0,3.532271618302216e9,0.0,0.0,0.0,3.532271618302216e9
Region3Hebei_Region16Henan,0.0,0.0,0.0,2.605247153659203e9,0.0,0.0,0.0,2.605247153659203e9
Region3Hebei_Region17Hubei,0.0,0.0,0.0,6.554274275404e8,0.0,0.0,0.0,6.554274275404e8
Region3Hebei_Region18Hunan,0.0,0.0,0.0,3.3691449829386287e9,0.0,0.0,0.0,3.3691449829386287e9
Region3Hebei_Region19Guangdong,0.0,0.0,0.0,7.300756702584896e9,0.0,0.0,0.0,7.300756702584896e9
Region3Hebei_Region20Guangxi,0.0,0.0,0.0,471300.38085043954,0.0,0.0,0.0,471300.38085043954
Region3Hebei_Region21Hainan,0.0,0.0,0.0,589223.2593933664,0.0,0.0,0.0,589223.2593933664
Region3Hebei_Region22Chongqing,0.0,0.0,0.0,7.443837894215398e6,0.0,0.0,0.0,7.443837894215398e6
Region3Hebei_Region23Sichuan,0.0,0.0,0.0,7.105033049886182e6,0.0,0.0,0.0,7.105033049886182e6
Region3Hebei_Region24Guizhou,0.0,0.0,0.0,3.573535340384761e9,0.0,0.0,0.0,3.573535340384761e9
Region3Hebei_Region25Yunnan,0.0,0.0,0.0,1.9024719416467797e6,0.0,0.0,0.0,1.9024719416467797e6
Region3Hebei_Region27Shaanxi,0.0,0.0,0.0,3.9306415725089763e6,0.0,0.0,0.0,3.9306415725089763e6
Region3Hebei_Region28Gansu,0.0,0.0,0.0,356424.5004838669,0.0,0.0,0.0,356424.5004838669
Region3Hebei_Region29Qinghai,0.0,0.0,0.0,274302.4814442114,0.0,0.0,0.0,274302.4814442114
Region3Hebei_Region30Ningxia,0.0,0.0,0.0,253964.20940899328,0.0,0.0,0.0,253964.20940899328
Region3Hebei_Region31Xinjiang,0.0,0.0,0.0,119878.22539958633,0.0,0.0,0.0,119878.22539958633
Region4Shanxi_Region1Beijing,0.0,0.0,0.0,155846.91263582525,0.0,0.0,0.0,155846.91263582525
Region4Shanxi_Region2Tianjin,0.0,0.0,0.0,194055.0065392831,0.0,0.0,0.0,194055.0065392831
Region4Shanxi_Region3Hebei,0.0,0.0,0.0,102823.34322543241,0.0,0.0,0.0,102823.34322543241
Region4Shanxi_Region5Innermongolia,0.0,0.0,0.0,1.1694034396164338e6,0.0,0.0,0.0,1.1694034396164338e6
Region4Shanxi_Region6Liaoning,0.0,0.0,0.0,173512.36974667924,0.0,0.0,0.0,173512.36974667924
Region4Shanxi_Region7Jilin,0.0,0.0,0.0,215450.15781590785,0.0,0.0,0.0,215450.15781590785
Region4Shanxi_Region8Heilongjiang,0.0,0.0,0.0,253538.88095419243,0.0,0.0,0.0,253538.88095419243
Region4Shanxi_Region9Shanghai,0.0,0.0,0.0,631285.1184338747,0.0,0.0,0.0,631285.1184338747
Region4Shanxi_Region10Jiangsu,0.0,0.0,0.0,503252.44562778174,0.0,0.0,0.0,503252.44562778174
Region4Shanxi_Region11Zhejiang,0.0,0.0,0.0,635989.6002240998,0.0,0.0,0.0,635989.6002240998
Region4Shanxi_Region12Anhui,0.0,0.0,0.0,629960.3708895104,0.0,0.0,0.0,629960.3708895104
Region4Shanxi_Region13Fujian,0.0,0.0,0.0,888399.591296035,0.0,0.0,0.0,888399.591296035
Region4Shanxi_Region14Jiangxi,0.0,0.0,0.0,918324.3080488149,0.0,0.0,0.0,918324.3080488149
Region4Shanxi_Region15Shandong,0.0,0.0,0.0,250154.28272052293,0.0,0.0,0.0,250154.28272052293
Region4Shanxi_Region16Henan,0.0,0.0,0.0,1.8413789890889812e7,0.0,0.0,0.0,1.8413789890889812e7
Region4Shanxi_Region17Hubei,0.0,0.0,0.0,871625.4122119872,0.0,0.0,0.0,871625.4122119872
Region4Shanxi_Region18Hunan,0.0,0.0,0.0,1.2647005283197958e6,0.0,0.0,0.0,1.2647005283197958e6
Region4Shanxi_Region19Guangdong,0.0,0.0,0.0,1.9129764286765326e6,0.0,0.0,0.0,1.9129764286765326e6
Region4Shanxi_Region20Guangxi,0.0,0.0,0.0,401899.33319268614,0.0,0.0,0.0,401899.33319268614
Region4Shanxi_Region21Hainan,0.0,0.0,0.0,490600.5476701441,0.0,0.0,0.0,490600.5476701441
Region4Shanxi_Region22Chongqing,0.0,0.0,0.0,1.9252346313541121e9,0.0,0.0,0.0,1.9252346313541121e9
Region4Shanxi_Region23Sichuan,0.0,0.0,0.0,1.0700409168733741e8,0.0,0.0,0.0,1.0700409168733741e8
Region4Shanxi_Region24Guizhou,0.0,0.0,0.0,5.752541673356067e8,0.0,0.0,0.0,5.752541673356067e8
Region4Shanxi_Region25Yunnan,0.0,0.0,0.0,2.4385925348777235e6,0.0,0.0,0.0,2.4385925348777235e6
Region4Shanxi_Region27Shaanxi,0.0,0.0,0.0,2.597834556041495e9,0.0,0.0,0.0,2.597834556041495e9
Region4Shanxi_Region28Gansu,0.0,0.0,0.0,330790.1644514202,0.0,0.0,0.0,330790.1644514202
Region4Shanxi_Region29Qinghai,0.0,0.0,0.0,249849.66114742155,0.0,0.0,0.0,249849.66114742155
Region4Shanxi_Region30Ningxia,0.0,0.0,0.0,218881.88249522093,0.0,0.0,0.0,218881.88249522093
Region4Shanxi_Region31Xinjiang,0.0,0.0,0.0,112651.13995152533,0.0,0.0,0.0,112651.13995152533
Region5Innermongolia_Region1Beijing,0.0,0.0,0.0,88623.40321456021,0.0,0.0,0.0,88623.40321456021
Region5Innermongolia_Region2Tianjin,0.0,0.0,0.0,111333.08634418694,0.0,0.0,0.0,111333.08634418694
Region5Innermongolia_Region3Hebei,0.0,0.0,0.0,88019.88691609821,0.0,0.0,0.0,88019.88691609821
Region5Innermongolia_Region4Shanxi,0.0,0.0,0.0,86650.59958281595,0.0,0.0,0.0,86650.59958281595
Region5Innermongolia_Region6Liaoning,0.0,0.0,0.0,129844.98277098114,0.0,0.0,0.0,129844.98277098114
Region5Innermongolia_Region7Jilin,0.0,0.0,0.0,160446.3927168316,0.0,0.0,0.0,160446.3927168316
Region5Innermongolia_Region8Heilongjiang,0.0,0.0,0.0,190809.8067362682,0.0,0.0,0.0,190809.8067362682
Region5Innermongolia_Region9Shanghai,0.0,0.0,0.0,265687.1879899499,0.0,0.0,0.0,265687.1879899499
Region5Innermongolia_Region10Jiangsu,0.0,0.0,0.0,225748.41445603923,0.0,0.0,0.0,225748.41445603923
Region5Innermongolia_Region11Zhejiang,0.0,0.0,0.0,269996.2849866711,0.0,0.0,0.0,269996.2849866711
Region5Innermongolia_Region12Anhui,0.0,0.0,0.0,223265.79465815824,0.0,0.0,0.0,223265.79465815824
Region5Innermongolia_Region13Fujian,0.0,0.0,0.0,342380.2679018875,0.0,0.0,0.0,342380.2679018875
Region5Innermongolia_Region14Jiangxi,0.0,0.0,0.0,277256.67735343194,0.0,0.0,0.0,277256.67735343194
Region5Innermongolia_Region15Shandong,0.0,0.0,0.0,135199.5964346928,0.0,0.0,0.0,135199.5964346928
Region5Innermongolia_Region16Henan,0.0,0.0,0.0,150309.6269139928,0.0,0.0,0.0,150309.6269139928
Region5Innermongolia_Region17Hubei,0.0,0.0,0.0,234676.84064488922,0.0,0.0,0.0,234676.84064488922
Region5Innermongolia_Region18Hunan,0.0,0.0,0.0,290555.8179825113,0.0,0.0,0.0,290555.8179825113
Region5Innermongolia_Region19Guangdong,0.0,0.0,0.0,403302.9091360123,0.0,0.0,0.0,403302.9091360123
Region5Innermongolia_Region20Guangxi,0.0,0.0,0.0,251344.60217722727,0.0,0.0,0.0,251344.60217722727
Region5Innermongolia_Region21Hainan,0.0,0.0,0.0,285505.4930382745,0.0,0.0,0.0,285505.4930382745
Region5Innermongolia_Region22Chongqing,0.0,0.0,0.0,381538.12568311626,0.0,0.0,0.0,381538.12568311626
Region5Innermongolia_Region23Sichuan,0.0,0.0,0.0,386931.2207119099,0.0,0.0,0.0,386931.2207119099
Region5Innermongolia_Region24Guizhou,0.0,0.0,0.0,456387.90542363736,0.0,0.0,0.0,456387.90542363736
Region5Innermongolia_Region25Yunnan,0.0,0.0,0.0,458660.1420961066,0.0,0.0,0.0,458660.1420961066
Region5Innermongolia_Region27Shaanxi,0.0,0.0,0.0,220303.4894100466,0.0,0.0,0.0,220303.4894100466
Region5Innermongolia_Region28Gansu,0.0,0.0,0.0,186715.64625302076,0.0,0.0,0.0,186715.64625302076
Region5Innermongolia_Region29Qinghai,0.0,0.0,0.0,169614.4132847676,0.0,0.0,0.0,169614.4132847676
Region5Innermongolia_Region30Ningxia,0.0,0.0,0.0,124723.36970471,0.0,0.0,0.0,124723.36970471
Region5Innermongolia_Region31Xinjiang,0.0,0.0,0.0,97727.69645627684,0.0,0.0,0.0,97727.69645627684
Region6Liaoning_Region1Beijing,0.0,0.0,0.0,157000.7488428232,0.0,0.0,0.0,157000.7488428232
Region6Liaoning_Region2Tianjin,0.0,0.0,0.0,189308.50542114067,0.0,0.0,0.0,189308.50542114067
Region6Liaoning_Region3Hebei,0.0,0.0,0.0,147891.29676018236,0.0,0.0,0.0,147891.29676018236
Region6Liaoning_Region4Shanxi,0.0,0.0,0.0,170238.929540393,0.0,0.0,0.0,170238.929540393
Region6Liaoning_Region5Innermongolia,0.0,0.0,0.0,253075.16205054885,0.0,0.0,0.0,253075.16205054885
Region6Liaoning_Region7Jilin,0.0,0.0,0.0,2.5316896942056254e7,0.0,0.0,0.0,2.5316896942056254e7
Region6Liaoning_Region8Heilongjiang,0.0,0.0,0.0,3.313846045233691e8,0.0,0.0,0.0,3.313846045233691e8
Region6Liaoning_Region9Shanghai,0.0,0.0,0.0,389743.65378291113,0.0,0.0,0.0,389743.65378291113
Region6Liaoning_Region10Jiangsu,0.0,0.0,0.0,326070.5012130484,0.0,0.0,0.0,326070.5012130484
Region6Liaoning_Region11Zhejiang,0.0,0.0,0.0,396363.04698468756,0.0,0.0,0.0,396363.04698468756
Region6Liaoning_Region12Anhui,0.0,0.0,0.0,314872.1720117242,0.0,0.0,0.0,314872.1720117242
Region6Liaoning_Region13Fujian,0.0,0.0,0.0,459147.2816440919,0.0,0.0,0.0,459147.2816440919
Region6Liaoning_Region14Jiangxi,0.0,0.0,0.0,354442.52020809066,0.0,0.0,0.0,354442.52020809066
Region6Liaoning_Region15Shandong,0.0,0.0,0.0,206124.72419531288,0.0,0.0,0.0,206124.72419531288
Region6Liaoning_Region16Henan,0.0,0.0,0.0,214601.69852252697,0.0,0.0,0.0,214601.69852252697
Region6Liaoning_Region17Hubei,0.0,0.0,0.0,295128.1265515003,0.0,0.0,0.0,295128.1265515003
Region6Liaoning_Region18Hunan,0.0,0.0,0.0,343050.4106073897,0.0,0.0,0.0,343050.4106073897
Region6Liaoning_Region19Guangdong,0.0,0.0,0.0,448044.67588173324,0.0,0.0,0.0,448044.67588173324
Region6Liaoning_Region20Guangxi,0.0,0.0,0.0,281355.8413839984,0.0,0.0,0.0,281355.8413839984
Region6Liaoning_Region21Hainan,0.0,0.0,0.0,329619.62174445816,0.0,0.0,0.0,329619.62174445816
Region6Liaoning_Region22Chongqing,0.0,0.0,0.0,365119.68890857085,0.0,0.0,0.0,365119.68890857085
Region6Liaoning_Region23Sichuan,0.0,0.0,0.0,368404.2858101392,0.0,0.0,0.0,368404.2858101392
Region6Liaoning_Region24Guizhou,0.0,0.0,0.0,436612.40909529827,0.0,0.0,0.0,436612.40909529827
Region6Liaoning_Region25Yunnan,0.0,0.0,0.0,421480.47396157647,0.0,0.0,0.0,421480.47396157647
Region6Liaoning_Region27Shaanxi,0.0,0.0,0.0,260778.4183199639,0.0,0.0,0.0,260778.4183199639
Region6Liaoning_Region28Gansu,0.0,0.0,0.0,220602.1600566695,0.0,0.0,0.0,220602.1600566695
Region6Liaoning_Region29Qinghai,0.0,0.0,0.0,204375.9681927547,0.0,0.0,0.0,204375.9681927547
Region6Liaoning_Region30Ningxia,0.0,0.0,0.0,186765.41930345166,0.0,0.0,0.0,186765.41930345166
Region6Liaoning_Region31Xinjiang,0.0,0.0,0.0,123414.29754295599,0.0,0.0,0.0,123414.29754295599
Region7Jilin_Region1Beijing,0.0,0.0,0.0,126380.4782970363,0.0,0.0,0.0,126380.4782970363
Region7Jilin_Region2Tianjin,0.0,0.0,0.0,139851.9433393404,0.0,0.0,0.0,139851.9433393404
Region7Jilin_Region3Hebei,0.0,0.0,0.0,127695.81213728282,0.0,0.0,0.0,127695.81213728282
Region7Jilin_Region4Shanxi,0.0,0.0,0.0,143223.77760907763,0.0,0.0,0.0,143223.77760907763
Region7Jilin_Region5Innermongolia,0.0,0.0,0.0,184738.07933188774,0.0,0.0,0.0,184738.07933188774
Region7Jilin_Region6Liaoning,0.0,0.0,0.0,86656.74401419176,0.0,0.0,0.0,86656.74401419176
Region7Jilin_Region8Heilongjiang,0.0,0.0,0.0,9.683114859387167e7,0.0,0.0,0.0,9.683114859387167e7
Region7Jilin_Region9Shanghai,0.0,0.0,0.0,260562.3691026332,0.0,0.0,0.0,260562.3691026332
Region7Jilin_Region10Jiangsu,0.0,0.0,0.0,227060.1275254633,0.0,0.0,0.0,227060.1275254633
Region7Jilin_Region11Zhejiang,0.0,0.0,0.0,264215.8364850933,0.0,0.0,0.0,264215.8364850933
Region7Jilin_Region12Anhui,0.0,0.0,0.0,223363.42866533616,0.0,0.0,0.0,223363.42866533616
Region7Jilin_Region13Fujian,0.0,0.0,0.0,314206.90370636666,0.0,0.0,0.0,314206.90370636666
Region7Jilin_Region14Jiangxi,0.0,0.0,0.0,255219.22333190538,0.0,0.0,0.0,255219.22333190538
Region7Jilin_Region15Shandong,0.0,0.0,0.0,156130.27971206672,0.0,0.0,0.0,156130.27971206672
Region7Jilin_Region16Henan,0.0,0.0,0.0,170266.37544443662,0.0,0.0,0.0,170266.37544443662
Region7Jilin_Region17Hubei,0.0,0.0,0.0,221593.815845795,0.0,0.0,0.0,221593.815845795
Region7Jilin_Region18Hunan,0.0,0.0,0.0,253666.20619332147,0.0,0.0,0.0,253666.20619332147
Region7Jilin_Region19Guangdong,0.0,0.0,0.0,321699.4975057578,0.0,0.0,0.0,321699.4975057578
Region7Jilin_Region20Guangxi,0.0,0.0,0.0,234668.7507978772,0.0,0.0,0.0,234668.7507978772
Region7Jilin_Region21Hainan,0.0,0.0,0.0,269804.65420935064,0.0,0.0,0.0,269804.65420935064
Region7Jilin_Region22Chongqing,0.0,0.0,0.0,273816.45727627946,0.0,0.0,0.0,273816.45727627946
Region7Jilin_Region23Sichuan,0.0,0.0,0.0,275422.6588933812,0.0,0.0,0.0,275422.6588933812
Region7Jilin_Region24Guizhou,0.0,0.0,0.0,314986.7805944124,0.0,0.0,0.0,314986.7805944124
Region7Jilin_Region25Yunnan,0.0,0.0,0.0,320149.9230637019,0.0,0.0,0.0,320149.9230637019
Region7Jilin_Region27Shaanxi,0.0,0.0,0.0,203345.37203041563,0.0,0.0,0.0,203345.37203041563
Region7Jilin_Region28Gansu,0.0,0.0,0.0,186500.75038738278,0.0,0.0,0.0,186500.75038738278
Region7Jilin_Region29Qinghai,0.0,0.0,0.0,178019.49486854425,0.0,0.0,0.0,178019.49486854425
Region7Jilin_Region30Ningxia,0.0,0.0,0.0,160936.88776684017,0.0,0.0,0.0,160936.88776684017
Region7Jilin_Region31Xinjiang,0.0,0.0,0.0,117608.57818585132,0.0,0.0,0.0,117608.57818585132
Region8Heilongjiang_Region1Beijing,0.0,0.0,0.0,115157.43360402754,0.0,0.0,0.0,115157.43360402754
Region8Heilongjiang_Region2Tianjin,0.0,0.0,0.0,123482.2525478064,0.0,0.0,0.0,123482.2525478064
Region8Heilongjiang_Region3Hebei,0.0,0.0,0.0,118048.20343516386,0.0,0.0,0.0,118048.20343516386
Region8Heilongjiang_Region4Shanxi,0.0,0.0,0.0,130352.28237795654,0.0,0.0,0.0,130352.28237795654
Region8Heilongjiang_Region5Innermongolia,0.0,0.0,0.0,156664.05378044798,0.0,0.0,0.0,156664.05378044798
Region8Heilongjiang_Region6Liaoning,0.0,0.0,0.0,85936.6458483055,0.0,0.0,0.0,85936.6458483055
Region8Heilongjiang_Region7Jilin,0.0,0.0,0.0,83791.13203955346,0.0,0.0,0.0,83791.13203955346
Region8Heilongjiang_Region9Shanghai,0.0,0.0,0.0,212616.14421211416,0.0,0.0,0.0,212616.14421211416
Region8Heilongjiang_Region10Jiangsu,0.0,0.0,0.0,189115.47422862708,0.0,0.0,0.0,189115.47422862708
Region8Heilongjiang_Region11Zhejiang,0.0,0.0,0.0,215243.95311323885,0.0,0.0,0.0,215243.95311323885
Region8Heilongjiang_Region12Anhui,0.0,0.0,0.0,187248.089562632,0.0,0.0,0.0,187248.089562632
Region8Heilongjiang_Region13Fujian,0.0,0.0,0.0,255607.2452135834,0.0,0.0,0.0,255607.2452135834
Region8Heilongjiang_Region14Jiangxi,0.0,0.0,0.0,213350.27526756885,0.0,0.0,0.0,213350.27526756885
Region8Heilongjiang_Region15Shandong,0.0,0.0,0.0,137011.80015561014,0.0,0.0,0.0,137011.80015561014
Region8Heilongjiang_Region16Henan,0.0,0.0,0.0,150368.02599307138,0.0,0.0,0.0,150368.02599307138
Region8Heilongjiang_Region17Hubei,0.0,0.0,0.0,189223.71787573083,0.0,0.0,0.0,189223.71787573083
Region8Heilongjiang_Region18Hunan,0.0,0.0,0.0,214075.7708857896,0.0,0.0,0.0,214075.7708857896
Region8Heilongjiang_Region19Guangdong,0.0,0.0,0.0,266105.86656787957,0.0,0.0,0.0,266105.86656787957
Region8Heilongjiang_Region20Guangxi,0.0,0.0,0.0,208653.16932746678,0.0,0.0,0.0,208653.16932746678
Region8Heilongjiang_Region21Hainan,0.0,0.0,0.0,235953.18078714143,0.0,0.0,0.0,235953.18078714143
Region8Heilongjiang_Region22Chongqing,0.0,0.0,0.0,231516.80248391867,0.0,0.0,0.0,231516.80248391867
Region8Heilongjiang_Region23Sichuan,0.0,0.0,0.0,232754.43994620038,0.0,0.0,0.0,232754.43994620038
Region8Heilongjiang_Region24Guizhou,0.0,0.0,0.0,261114.00605824962,0.0,0.0,0.0,261114.00605824962
Region8Heilongjiang_Region25Yunnan,0.0,0.0,0.0,270805.0193376966,0.0,0.0,0.0,270805.0193376966
Region8Heilongjiang_Region27Shaanxi,0.0,0.0,0.0,176819.00497876646,0.0,0.0,0.0,176819.00497876646
Region8Heilongjiang_Region28Gansu,0.0,0.0,0.0,167934.404693964,0.0,0.0,0.0,167934.404693964
Region8Heilongjiang_Region29Qinghai,0.0,0.0,0.0,162706.61987571113,0.0,0.0,0.0,162706.61987571113
Region8Heilongjiang_Region30Ningxia,0.0,0.0,0.0,146619.61470546926,0.0,0.0,0.0,146619.61470546926
Region8Heilongjiang_Region31Xinjiang,0.0,0.0,0.0,114190.53228962743,0.0,0.0,0.0,114190.53228962743
Region9Shanghai_Region1Beijing,0.0,0.0,0.0,92473.16639974099,0.0,0.0,0.0,92473.16639974099
Region9Shanghai_Region2Tianjin,0.0,0.0,0.0,93421.58076013518,0.0,0.0,0.0,93421.58076013518
Region9Shanghai_Region3Hebei,0.0,0.0,0.0,85661.13444568941,0.0,0.0,0.0,85661.13444568941
Region9Shanghai_Region4Shanxi,0.0,0.0,0.0,98829.23766999699,0.0,0.0,0.0,98829.23766999699
Region9Shanghai_Region5Innermongolia,0.0,0.0,0.0,127552.77658634797,0.0,0.0,0.0,127552.77658634797
Region9Shanghai_Region6Liaoning,0.0,0.0,0.0,109303.68535985082,0.0,0.0,0.0,109303.68535985082
Region9Shanghai_Region7Jilin,0.0,0.0,0.0,128034.08721797535,0.0,0.0,0.0,128034.08721797535
Region9Shanghai_Region8Heilongjiang,0.0,0.0,0.0,144645.32637900775,0.0,0.0,0.0,144645.32637900775
Region9Shanghai_Region10Jiangsu,0.0,0.0,0.0,75255.88422860348,0.0,0.0,0.0,75255.88422860348
Region9Shanghai_Region11Zhejiang,0.0,0.0,0.0,194241.31912182816,0.0,0.0,0.0,194241.31912182816
Region9Shanghai_Region12Anhui,0.0,0.0,0.0,106983.05389053196,0.0,0.0,0.0,106983.05389053196
Region9Shanghai_Region13Fujian,0.0,0.0,0.0,445967.05956207955,0.0,0.0,0.0,445967.05956207955
Region9Shanghai_Region14Jiangxi,0.0,0.0,0.0,186527.34833152054,0.0,0.0,0.0,186527.34833152054
Region9Shanghai_Region15Shandong,0.0,0.0,0.0,85964.77134944394,0.0,0.0,0.0,85964.77134944394
Region9Shanghai_Region16Henan,0.0,0.0,0.0,99443.94482671776,0.0,0.0,0.0,99443.94482671776
Region9Shanghai_Region17Hubei,0.0,0.0,0.0,133269.54989941875,0.0,0.0,0.0,133269.54989941875
Region9Shanghai_Region18Hunan,0.0,0.0,0.0,187859.43302303055,0.0,0.0,0.0,187859.43302303055
Region9Shanghai_Region19Guangdong,0.0,0.0,0.0,357680.1624544364,0.0,0.0,0.0,357680.1624544364
Region9Shanghai_Region20Guangxi,0.0,0.0,0.0,190256.238945537,0.0,0.0,0.0,190256.238945537
Region9Shanghai_Region21Hainan,0.0,0.0,0.0,207582.28844435437,0.0,0.0,0.0,207582.28844435437
Region9Shanghai_Region22Chongqing,0.0,0.0,0.0,217341.503755377,0.0,0.0,0.0,217341.503755377
Region9Shanghai_Region23Sichuan,0.0,0.0,0.0,211442.62231180616,0.0,0.0,0.0,211442.62231180616
Region9Shanghai_Region24Guizhou,0.0,0.0,0.0,277430.8025250308,0.0,0.0,0.0,277430.8025250308
Region9Shanghai_Region25Yunnan,0.0,0.0,0.0,291729.7550513878,0.0,0.0,0.0,291729.7550513878
Region9Shanghai_Region27Shaanxi,0.0,0.0,0.0,135717.57730770123,0.0,0.0,0.0,135717.57730770123
Region9Shanghai_Region28Gansu,0.0,0.0,0.0,137357.97245056508,0.0,0.0,0.0,137357.97245056508
Region9Shanghai_Region29Qinghai,0.0,0.0,0.0,135241.74372677584,0.0,0.0,0.0,135241.74372677584
Region9Shanghai_Region30Ningxia,0.0,0.0,0.0,120198.97065438236,0.0,0.0,0.0,120198.97065438236
Region9Shanghai_Region31Xinjiang,0.0,0.0,0.0,107650.37648333288,0.0,0.0,0.0,107650.37648333288
Region10Jiangsu_Region1Beijing,0.0,0.0,0.0,96410.17577290832,0.0,0.0,0.0,96410.17577290832
Region10Jiangsu_Region2Tianjin,0.0,0.0,0.0,98902.99904851569,0.0,0.0,0.0,98902.99904851569
Region10Jiangsu_Region3Hebei,0.0,0.0,0.0,86626.15870439992,0.0,0.0,0.0,86626.15870439992
Region10Jiangsu_Region4Shanxi,0.0,0.0,0.0,103213.83652233014,0.0,0.0,0.0,103213.83652233014
Region10Jiangsu_Region5Innermongolia,0.0,0.0,0.0,139439.1639861885,0.0,0.0,0.0,139439.1639861885
Region10Jiangsu_Region6Liaoning,0.0,0.0,0.0,116908.17524203737,0.0,0.0,0.0,116908.17524203737
Region10Jiangsu_Region7Jilin,0.0,0.0,0.0,138946.59928055207,0.0,0.0,0.0,138946.59928055207
Region10Jiangsu_Region8Heilongjiang,0.0,0.0,0.0,158541.53593495156,0.0,0.0,0.0,158541.53593495156
Region10Jiangsu_Region9Shanghai,0.0,0.0,0.0,1.0139023393627855e6,0.0,0.0,0.0,1.0139023393627855e6
Region10Jiangsu_Region11Zhejiang,0.0,0.0,0.0,1.7313921084048238e9,0.0,0.0,0.0,1.7313921084048238e9
Region10Jiangsu_Region12Anhui,0.0,0.0,0.0,158390.49818269047,0.0,0.0,0.0,158390.49818269047
Region10Jiangsu_Region13Fujian,0.0,0.0,0.0,2.148560506955081e6,0.0,0.0,0.0,2.148560506955081e6
Region10Jiangsu_Region14Jiangxi,0.0,0.0,0.0,355207.552247985,0.0,0.0,0.0,355207.552247985
Region10Jiangsu_Region15Shandong,0.0,0.0,0.0,90090.02093935623,0.0,0.0,0.0,90090.02093935623
Region10Jiangsu_Region16Henan,0.0,0.0,0.0,103180.06396493646,0.0,0.0,0.0,103180.06396493646
Region10Jiangsu_Region17Hubei,0.0,0.0,0.0,179697.12791637453,0.0,0.0,0.0,179697.12791637453
Region10Jiangsu_Region18Hunan,0.0,0.0,0.0,282831.16583965655,0.0,0.0,0.0,282831.16583965655
Region10Jiangsu_Region19Guangdong,0.0,0.0,0.0,623510.6445274063,0.0,0.0,0.0,623510.6445274063
Region10Jiangsu_Region20Guangxi,0.0,0.0,0.0,228517.82298605933,0.0,0.0,0.0,228517.82298605933
Region10Jiangsu_Region21Hainan,0.0,0.0,0.0,273087.30572929455,0.0,0.0,0.0,273087.30572929455
Region10Jiangsu_Region22Chongqing,0.0,0.0,0.0,299342.2984630568,0.0,0.0,0.0,299342.2984630568
Region10Jiangsu_Region23Sichuan,0.0,0.0,0.0,270751.7068260396,0.0,0.0,0.0,270751.7068260396
Region10Jiangsu_Region24Guizhou,0.0,0.0,0.0,417975.0191009036,0.0,0.0,0.0,417975.0191009036
Region10Jiangsu_Region25Yunnan,0.0,0.0,0.0,400433.5389797543,0.0,0.0,0.0,400433.5389797543
Region10Jiangsu_Region27Shaanxi,0.0,0.0,0.0,154765.71183783622,0.0,0.0,0.0,154765.71183783622
Region10Jiangsu_Region28Gansu,0.0,0.0,0.0,149706.02582507537,0.0,0.0,0.0,149706.02582507537
Region10Jiangsu_Region29Qinghai,0.0,0.0,0.0,145308.9755474881,0.0,0.0,0.0,145308.9755474881
Region10Jiangsu_Region30Ningxia,0.0,0.0,0.0,126846.7600631508,0.0,0.0,0.0,126846.7600631508
Region10Jiangsu_Region31Xinjiang,0.0,0.0,0.0,109118.86591526677,0.0,0.0,0.0,109118.86591526677
Region11Zhejiang_Region1Beijing,0.0,0.0,0.0,93106.5249499525,0.0,0.0,0.0,93106.5249499525
Region11Zhejiang_Region2Tianjin,0.0,0.0,0.0,94098.00774178542,0.0,0.0,0.0,94098.00774178542
Region11Zhejiang_Region3Hebei,0.0,0.0,0.0,86301.03994756906,0.0,0.0,0.0,86301.03994756906
Region11Zhejiang_Region4Shanxi,0.0,0.0,0.0,99034.19942195337,0.0,0.0,0.0,99034.19942195337
Region11Zhejiang_Region5Innermongolia,0.0,0.0,0.0,126841.94697574258,0.0,0.0,0.0,126841.94697574258
Region11Zhejiang_Region6Liaoning,0.0,0.0,0.0,109970.23055212101,0.0,0.0,0.0,109970.23055212101
Region11Zhejiang_Region7Jilin,0.0,0.0,0.0,127991.11901192498,0.0,0.0,0.0,127991.11901192498
Region11Zhejiang_Region8Heilongjiang,0.0,0.0,0.0,143974.71647188617,0.0,0.0,0.0,143974.71647188617
Region11Zhejiang_Region9Shanghai,0.0,0.0,0.0,136338.8041058731,0.0,0.0,0.0,136338.8041058731
Region11Zhejiang_Region10Jiangsu,0.0,0.0,0.0,69061.97831707429,0.0,0.0,0.0,69061.97831707429
Region11Zhejiang_Region12Anhui,0.0,0.0,0.0,95901.80720116997,0.0,0.0,0.0,95901.80720116997
Region11Zhejiang_Region13Fujian,0.0,0.0,0.0,905781.3002314154,0.0,0.0,0.0,905781.3002314154
Region11Zhejiang_Region14Jiangxi,0.0,0.0,0.0,180976.211636799,0.0,0.0,0.0,180976.211636799
Region11Zhejiang_Region15Shandong,0.0,0.0,0.0,86560.03872655574,0.0,0.0,0.0,86560.03872655574
Region11Zhejiang_Region16Henan,0.0,0.0,0.0,97070.85243967608,0.0,0.0,0.0,97070.85243967608
Region11Zhejiang_Region17Hubei,0.0,0.0,0.0,125714.90111605168,0.0,0.0,0.0,125714.90111605168
Region11Zhejiang_Region18Hunan,0.0,0.0,0.0,184668.397850772,0.0,0.0,0.0,184668.397850772
Region11Zhejiang_Region19Guangdong,0.0,0.0,0.0,399925.7182681807,0.0,0.0,0.0,399925.7182681807
Region11Zhejiang_Region20Guangxi,0.0,0.0,0.0,188804.99184558087,0.0,0.0,0.0,188804.99184558087
Region11Zhejiang_Region21Hainan,0.0,0.0,0.0,205822.28140183486,0.0,0.0,0.0,205822.28140183486
Region11Zhejiang_Region22Chongqing,0.0,0.0,0.0,215521.97889505833,0.0,0.0,0.0,215521.97889505833
Region11Zhejiang_Region23Sichuan,0.0,0.0,0.0,209764.96603458183,0.0,0.0,0.0,209764.96603458183
Region11Zhejiang_Region24Guizhou,0.0,0.0,0.0,284907.4677150305,0.0,0.0,0.0,284907.4677150305
Region11Zhejiang_Region25Yunnan,0.0,0.0,0.0,299039.9880317986,0.0,0.0,0.0,299039.9880317986
Region11Zhejiang_Region27Shaanxi,0.0,0.0,0.0,132033.44156359695,0.0,0.0,0.0,132033.44156359695
Region11Zhejiang_Region28Gansu,0.0,0.0,0.0,135148.99748092517,0.0,0.0,0.0,135148.99748092517
Region11Zhejiang_Region29Qinghai,0.0,0.0,0.0,133277.28221225337,0.0,0.0,0.0,133277.28221225337
Region11Zhejiang_Region30Ningxia,0.0,0.0,0.0,118654.50055965314,0.0,0.0,0.0,118654.50055965314
Region11Zhejiang_Region31Xinjiang,0.0,0.0,0.0,106695.54494355459,0.0,0.0,0.0,106695.54494355459
Region12Anhui_Region1Beijing,0.0,0.0,0.0,97949.162573558,0.0,0.0,0.0,97949.162573558
Region12Anhui_Region2Tianjin,0.0,0.0,0.0,101821.96496237499,0.0,0.0,0.0,101821.96496237499
Region12Anhui_Region3Hebei,0.0,0.0,0.0,86061.67317021653,0.0,0.0,0.0,86061.67317021653
Region12Anhui_Region4Shanxi,0.0,0.0,0.0,99676.531587506,0.0,0.0,0.0,99676.531587506
Region12Anhui_Region5Innermongolia,0.0,0.0,0.0,139777.9207309622,0.0,0.0,0.0,139777.9207309622
Region12Anhui_Region6Liaoning,0.0,0.0,0.0,118445.26100083902,0.0,0.0,0.0,118445.26100083902
Region12Anhui_Region7Jilin,0.0,0.0,0.0,140385.03405001547,0.0,0.0,0.0,140385.03405001547
Region12Anhui_Region8Heilongjiang,0.0,0.0,0.0,159913.91507081434,0.0,0.0,0.0,159913.91507081434
Region12Anhui_Region9Shanghai,0.0,0.0,0.0,408573.5366522619,0.0,0.0,0.0,408573.5366522619
Region12Anhui_Region10Jiangsu,0.0,0.0,0.0,126540.909436381,0.0,0.0,0.0,126540.909436381
Region12Anhui_Region11Zhejiang,0.0,0.0,0.0,630385.3716858439,0.0,0.0,0.0,630385.3716858439
Region12Anhui_Region13Fujian,0.0,0.0,0.0,1.6479879537419153e6,0.0,0.0,0.0,1.6479879537419153e6
Region12Anhui_Region14Jiangxi,0.0,0.0,0.0,621843.7073029026,0.0,0.0,0.0,621843.7073029026
Region12Anhui_Region15Shandong,0.0,0.0,0.0,92261.32287684867,0.0,0.0,0.0,92261.32287684867
Region12Anhui_Region16Henan,0.0,0.0,0.0,96005.48962056954,0.0,0.0,0.0,96005.48962056954
Region12Anhui_Region17Hubei,0.0,0.0,0.0,191898.10517924462,0.0,0.0,0.0,191898.10517924462
Region12Anhui_Region18Hunan,0.0,0.0,0.0,340564.6740644215,0.0,0.0,0.0,340564.6740644215
Region12Anhui_Region19Guangdong,0.0,0.0,0.0,989966.7066879917,0.0,0.0,0.0,989966.7066879917
Region12Anhui_Region20Guangxi,0.0,0.0,0.0,239221.17938931406,0.0,0.0,0.0,239221.17938931406
Region12Anhui_Region21Hainan,0.0,0.0,0.0,279089.67489076837,0.0,0.0,0.0,279089.67489076837
Region12Anhui_Region22Chongqing,0.0,0.0,0.0,339308.5948934758,0.0,0.0,0.0,339308.5948934758
Region12Anhui_Region23Sichuan,0.0,0.0,0.0,293426.19361452287,0.0,0.0,0.0,293426.19361452287
Region12Anhui_Region24Guizhou,0.0,0.0,0.0,512418.9678666064,0.0,0.0,0.0,512418.9678666064
Region12Anhui_Region25Yunnan,0.0,0.0,0.0,458920.5605730963,0.0,0.0,0.0,458920.5605730963
Region12Anhui_Region27Shaanxi,0.0,0.0,0.0,154357.40597708002,0.0,0.0,0.0,154357.40597708002
Region12Anhui_Region28Gansu,0.0,0.0,0.0,148997.19762848332,0.0,0.0,0.0,148997.19762848332
Region12Anhui_Region29Qinghai,0.0,0.0,0.0,144340.08882911652,0.0,0.0,0.0,144340.08882911652
Region12Anhui_Region30Ningxia,0.0,0.0,0.0,125335.45180206226,0.0,0.0,0.0,125335.45180206226
Region12Anhui_Region31Xinjiang,0.0,0.0,0.0,107552.5205733253,0.0,0.0,0.0,107552.5205733253
Region13Fujian_Region1Beijing,0.0,0.0,0.0,93845.3744164458,0.0,0.0,0.0,93845.3744164458
Region13Fujian_Region2Tianjin,0.0,0.0,0.0,94246.41785971561,0.0,0.0,0.0,94246.41785971561
Region13Fujian_Region3Hebei,0.0,0.0,0.0,86655.2171868826,0.0,0.0,0.0,86655.2171868826
Region13Fujian_Region4Shanxi,0.0,0.0,0.0,93673.13053145015,0.0,0.0,0.0,93673.13053145015
Region13Fujian_Region5Innermongolia,0.0,0.0,0.0,114667.42368770503,0.0,0.0,0.0,114667.42368770503
Region13Fujian_Region6Liaoning,0.0,0.0,0.0,105621.75830724725,0.0,0.0,0.0,105621.75830724725
Region13Fujian_Region7Jilin,0.0,0.0,0.0,118535.56254659765,0.0,0.0,0.0,118535.56254659765
Region13Fujian_Region8Heilongjiang,0.0,0.0,0.0,129975.80832525132,0.0,0.0,0.0,129975.80832525132
Region13Fujian_Region9Shanghai,0.0,0.0,0.0,81225.3686154251,0.0,0.0,0.0,81225.3686154251
Region13Fujian_Region10Jiangsu,0.0,0.0,0.0,84971.06107622077,0.0,0.0,0.0,84971.06107622077
Region13Fujian_Region11Zhejiang,0.0,0.0,0.0,49029.02130890132,0.0,0.0,0.0,49029.02130890132
Region13Fujian_Region12Anhui,0.0,0.0,0.0,86510.50893473029,0.0,0.0,0.0,86510.50893473029
Region13Fujian_Region14Jiangxi,0.0,0.0,0.0,96728.13634219568,0.0,0.0,0.0,96728.13634219568
Region13Fujian_Region15Shandong,0.0,0.0,0.0,90557.81793545443,0.0,0.0,0.0,90557.81793545443
Region13Fujian_Region16Henan,0.0,0.0,0.0,90389.4684397648,0.0,0.0,0.0,90389.4684397648
Region13Fujian_Region17Hubei,0.0,0.0,0.0,93306.54375409677,0.0,0.0,0.0,93306.54375409677
Region13Fujian_Region18Hunan,0.0,0.0,0.0,114267.82041184734,0.0,0.0,0.0,114267.82041184734
Region13Fujian_Region19Guangdong,0.0,0.0,0.0,271832.940277995,0.0,0.0,0.0,271832.940277995
Region13Fujian_Region20Guangxi,0.0,0.0,0.0,137389.0508488643,0.0,0.0,0.0,137389.0508488643
Region13Fujian_Region21Hainan,0.0,0.0,0.0,121802.5920220839,0.0,0.0,0.0,121802.5920220839
Region13Fujian_Region22Chongqing,0.0,0.0,0.0,154708.70631668437,0.0,0.0,0.0,154708.70631668437
Region13Fujian_Region23Sichuan,0.0,0.0,0.0,158151.08864710474,0.0,0.0,0.0,158151.08864710474
Region13Fujian_Region24Guizhou,0.0,0.0,0.0,187499.55527642515,0.0,0.0,0.0,187499.55527642515
Region13Fujian_Region25Yunnan,0.0,0.0,0.0,214259.67232412024,0.0,0.0,0.0,214259.67232412024
Region13Fujian_Region27Shaanxi,0.0,0.0,0.0,110502.59738106046,0.0,0.0,0.0,110502.59738106046
Region13Fujian_Region28Gansu,0.0,0.0,0.0,118024.73164654394,0.0,0.0,0.0,118024.73164654394
Region13Fujian_Region29Qinghai,0.0,0.0,0.0,118070.70280153413,0.0,0.0,0.0,118070.70280153413
Region13Fujian_Region30Ningxia,0.0,0.0,0.0,107396.51514325717,0.0,0.0,0.0,107396.51514325717
Region13Fujian_Region31Xinjiang,0.0,0.0,0.0,101939.86788385449,0.0,0.0,0.0,101939.86788385449
Region14Jiangxi_Region1Beijing,0.0,0.0,0.0,97254.96459088843,0.0,0.0,0.0,97254.96459088843
Region14Jiangxi_Region2Tianjin,0.0,0.0,0.0,100066.9756039318,0.0,0.0,0.0,100066.9756039318
Region14Jiangxi_Region3Hebei,0.0,0.0,0.0,86003.31016521802,0.0,0.0,0.0,86003.31016521802
Region14Jiangxi_Region4Shanxi,0.0,0.0,0.0,94613.32590338864,0.0,0.0,0.0,94613.32590338864
Region14Jiangxi_Region5Innermongolia,0.0,0.0,0.0,124489.43445173626,0.0,0.0,0.0,124489.43445173626
Region14Jiangxi_Region6Liaoning,0.0,0.0,0.0,113661.97429349173,0.0,0.0,0.0,113661.97429349173
Region14Jiangxi_Region7Jilin,0.0,0.0,0.0,130172.36404650059,0.0,0.0,0.0,130172.36404650059
Region14Jiangxi_Region8Heilongjiang,0.0,0.0,0.0,144815.9211135763,0.0,0.0,0.0,144815.9211135763
Region14Jiangxi_Region9Shanghai,0.0,0.0,0.0,158290.5602223594,0.0,0.0,0.0,158290.5602223594
Region14Jiangxi_Region10Jiangsu,0.0,0.0,0.0,97596.77850543038,0.0,0.0,0.0,97596.77850543038
Region14Jiangxi_Region11Zhejiang,0.0,0.0,0.0,159657.68908112083,0.0,0.0,0.0,159657.68908112083
Region14Jiangxi_Region12Anhui,0.0,0.0,0.0,88747.40582591249,0.0,0.0,0.0,88747.40582591249
Region14Jiangxi_Region13Fujian,0.0,0.0,0.0,1.0673079499518424e6,0.0,0.0,0.0,1.0673079499518424e6
Region14Jiangxi_Region15Shandong,0.0,0.0,0.0,94931.28935604291,0.0,0.0,0.0,94931.28935604291
Region14Jiangxi_Region16Henan,0.0,0.0,0.0,89802.1949824292,0.0,0.0,0.0,89802.1949824292
Region14Jiangxi_Region17Hubei,0.0,0.0,0.0,93474.69752113803,0.0,0.0,0.0,93474.69752113803
Region14Jiangxi_Region18Hunan,0.0,0.0,0.0,189508.45962659383,0.0,0.0,0.0,189508.45962659383
Region14Jiangxi_Region19Guangdong,0.0,0.0,0.0,1.4034559746139287e6,0.0,0.0,0.0,1.4034559746139287e6
Region14Jiangxi_Region20Guangxi,0.0,0.0,0.0,191818.68957684637,0.0,0.0,0.0,191818.68957684637
Region14Jiangxi_Region21Hainan,0.0,0.0,0.0,209553.6559020949,0.0,0.0,0.0,209553.6559020949
Region14Jiangxi_Region22Chongqing,0.0,0.0,0.0,231752.9315896003,0.0,0.0,0.0,231752.9315896003
Region14Jiangxi_Region23Sichuan,0.0,0.0,0.0,217576.30803591906,0.0,0.0,0.0,217576.30803591906
Region14Jiangxi_Region24Guizhou,0.0,0.0,0.0,390077.79674007057,0.0,0.0,0.0,390077.79674007057
Region14Jiangxi_Region25Yunnan,0.0,0.0,0.0,374843.3957532586,0.0,0.0,0.0,374843.3957532586
Region14Jiangxi_Region27Shaanxi,0.0,0.0,0.0,122335.48964500573,0.0,0.0,0.0,122335.48964500573
Region14Jiangxi_Region28Gansu,0.0,0.0,0.0,129094.11051332303,0.0,0.0,0.0,129094.11051332303
Region14Jiangxi_Region29Qinghai,0.0,0.0,0.0,127823.52395700733,0.0,0.0,0.0,127823.52395700733
Region14Jiangxi_Region30Ningxia,0.0,0.0,0.0,112773.00539480269,0.0,0.0,0.0,112773.00539480269
Region14Jiangxi_Region31Xinjiang,0.0,0.0,0.0,103347.63819208408,0.0,0.0,0.0,103347.63819208408
Region15Shandong_Region1Beijing,0.0,0.0,0.0,111668.74525717898,0.0,0.0,0.0,111668.74525717898
Region15Shandong_Region2Tianjin,0.0,0.0,0.0,131136.8951529878,0.0,0.0,0.0,131136.8951529878
Region15Shandong_Region3Hebei,0.0,0.0,0.0,85922.88159644301,0.0,0.0,0.0,85922.88159644301
Region15Shandong_Region4Shanxi,0.0,0.0,0.0,129857.02357589318,0.0,0.0,0.0,129857.02357589318
Region15Shandong_Region5Innermongolia,0.0,0.0,0.0,231990.87189543445,0.0,0.0,0.0,231990.87189543445
Region15Shandong_Region6Liaoning,0.0,0.0,0.0,148191.06299453514,0.0,0.0,0.0,148191.06299453514
Region15Shandong_Region7Jilin,0.0,0.0,0.0,192641.69500215366,0.0,0.0,0.0,192641.69500215366
Region15Shandong_Region8Heilongjiang,0.0,0.0,0.0,232868.89050392728,0.0,0.0,0.0,232868.89050392728
Region15Shandong_Region9Shanghai,0.0,0.0,0.0,2.74527553499599e7,0.0,0.0,0.0,2.74527553499599e7
Region15Shandong_Region10Jiangsu,0.0,0.0,0.0,2.37931550997445e6,0.0,0.0,0.0,2.37931550997445e6
Region15Shandong_Region11Zhejiang,0.0,0.0,0.0,5.925264702422819e7,0.0,0.0,0.0,5.925264702422819e7
Region15Shandong_Region12Anhui,0.0,0.0,0.0,1.3951172934441844e6,0.0,0.0,0.0,1.3951172934441844e6
Region15Shandong_Region13Fujian,0.0,0.0,0.0,1.6685839505162707e6,0.0,0.0,0.0,1.6685839505162707e6
Region15Shandong_Region14Jiangxi,0.0,0.0,0.0,926792.2291074203,0.0,0.0,0.0,926792.2291074203
Region15Shandong_Region16Henan,0.0,0.0,0.0,236229.5865258276,0.0,0.0,0.0,236229.5865258276
Region15Shandong_Region17Hubei,0.0,0.0,0.0,582586.2843548702,0.0,0.0,0.0,582586.2843548702
Region15Shandong_Region18Hunan,0.0,0.0,0.0,745815.2110467113,0.0,0.0,0.0,745815.2110467113
Region15Shandong_Region19Guangdong,0.0,0.0,0.0,1.169163272870859e6,0.0,0.0,0.0,1.169163272870859e6
Region15Shandong_Region20Guangxi,0.0,0.0,0.0,335260.92946601956,0.0,0.0,0.0,335260.92946601956
Region15Shandong_Region21Hainan,0.0,0.0,0.0,381418.53026569687,0.0,0.0,0.0,381418.53026569687
Region15Shandong_Region22Chongqing,0.0,0.0,0.0,667742.540043748,0.0,0.0,0.0,667742.540043748
Region15Shandong_Region23Sichuan,0.0,0.0,0.0,604605.6281029667,0.0,0.0,0.0,604605.6281029667
Region15Shandong_Region24Guizhou,0.0,0.0,0.0,1.0275501565906242e6,0.0,0.0,0.0,1.0275501565906242e6
Region15Shandong_Region25Yunnan,0.0,0.0,0.0,726007.8535202197,0.0,0.0,0.0,726007.8535202197
Region15Shandong_Region27Shaanxi,0.0,0.0,0.0,337711.34695210087,0.0,0.0,0.0,337711.34695210087
Region15Shandong_Region28Gansu,0.0,0.0,0.0,220324.40818477553,0.0,0.0,0.0,220324.40818477553
Region15Shandong_Region29Qinghai,0.0,0.0,0.0,198155.25910546727,0.0,0.0,0.0,198155.25910546727
Region15Shandong_Region30Ningxia,0.0,0.0,0.0,169817.4133707307,0.0,0.0,0.0,169817.4133707307
Region15Shandong_Region31Xinjiang,0.0,0.0,0.0,115697.24127509975,0.0,0.0,0.0,115697.24127509975
Region16Henan_Region1Beijing,0.0,0.0,0.0,115365.62416092734,0.0,0.0,0.0,115365.62416092734
Region16Henan_Region2Tianjin,0.0,0.0,0.0,131980.9553895141,0.0,0.0,0.0,131980.9553895141
Region16Henan_Region3Hebei,0.0,0.0,0.0,82319.59196259486,0.0,0.0,0.0,82319.59196259486
Region16Henan_Region4Shanxi,0.0,0.0,0.0,90359.91844042283,0.0,0.0,0.0,90359.91844042283
Region16Henan_Region5Innermongolia,0.0,0.0,0.0,196670.22076224742,0.0,0.0,0.0,196670.22076224742
Region16Henan_Region6Liaoning,0.0,0.0,0.0,143874.44750180483,0.0,0.0,0.0,143874.44750180483
Region16Henan_Region7Jilin,0.0,0.0,0.0,174257.30414074674,0.0,0.0,0.0,174257.30414074674
Region16Henan_Region8Heilongjiang,0.0,0.0,0.0,201726.41889782963,0.0,0.0,0.0,201726.41889782963
Region16Henan_Region9Shanghai,0.0,0.0,0.0,643926.07185824,0.0,0.0,0.0,643926.07185824
Region16Henan_Region10Jiangsu,0.0,0.0,0.0,442224.0349613244,0.0,0.0,0.0,442224.0349613244
Region16Henan_Region11Zhejiang,0.0,0.0,0.0,742603.2961477413,0.0,0.0,0.0,742603.2961477413
Region16Henan_Region12Anhui,0.0,0.0,0.0,531973.9204502769,0.0,0.0,0.0,531973.9204502769
Region16Henan_Region13Fujian,0.0,0.0,0.0,1.7363817265719068e6,0.0,0.0,0.0,1.7363817265719068e6
Region16Henan_Region14Jiangxi,0.0,0.0,0.0,1.620616387484532e6,0.0,0.0,0.0,1.620616387484532e6
Region16Henan_Region15Shandong,0.0,0.0,0.0,138321.61047185113,0.0,0.0,0.0,138321.61047185113
Region16Henan_Region17Hubei,0.0,0.0,0.0,2.985814734438659e6,0.0,0.0,0.0,2.985814734438659e6
Region16Henan_Region18Hunan,0.0,0.0,0.0,9.023063677042017e6,0.0,0.0,0.0,9.023063677042017e6
Region16Henan_Region19Guangdong,0.0,0.0,0.0,1.5845392817731822e7,0.0,0.0,0.0,1.5845392817731822e7
Region16Henan_Region20Guangxi,0.0,0.0,0.0,368042.8216891464,0.0,0.0,0.0,368042.8216891464
Region16Henan_Region21Hainan,0.0,0.0,0.0,414198.96083109354,0.0,0.0,0.0,414198.96083109354
Region16Henan_Region22Chongqing,0.0,0.0,0.0,1.6515172814976166e6,0.0,0.0,0.0,1.6515172814976166e6
Region16Henan_Region23Sichuan,0.0,0.0,0.0,1.499525463551257e6,0.0,0.0,0.0,1.499525463551257e6
Region16Henan_Region24Guizhou,0.0,0.0,0.0,1.3072851618271897e7,0.0,0.0,0.0,1.3072851618271897e7
Region16Henan_Region25Yunnan,0.0,0.0,0.0,1.1730438015715294e6,0.0,0.0,0.0,1.1730438015715294e6
Region16Henan_Region27Shaanxi,0.0,0.0,0.0,612672.1889646994,0.0,0.0,0.0,612672.1889646994
Region16Henan_Region28Gansu,0.0,0.0,0.0,207664.50956276848,0.0,0.0,0.0,207664.50956276848
Region16Henan_Region29Qinghai,0.0,0.0,0.0,185848.70901973237,0.0,0.0,0.0,185848.70901973237
Region16Henan_Region30Ningxia,0.0,0.0,0.0,150116.545247765,0.0,0.0,0.0,150116.545247765
Region16Henan_Region31Xinjiang,0.0,0.0,0.0,110977.71173600598,0.0,0.0,0.0,110977.71173600598
Region17Hubei_Region1Beijing,0.0,0.0,0.0,100666.85970614168,0.0,0.0,0.0,100666.85970614168
Region17Hubei_Region2Tianjin,0.0,0.0,0.0,106606.22247236336,0.0,0.0,0.0,106606.22247236336
Region17Hubei_Region3Hebei,0.0,0.0,0.0,85776.19138570709,0.0,0.0,0.0,85776.19138570709
Region17Hubei_Region4Shanxi,0.0,0.0,0.0,94941.71788643356,0.0,0.0,0.0,94941.71788643356
Region17Hubei_Region5Innermongolia,0.0,0.0,0.0,135657.06574946953,0.0,0.0,0.0,135657.06574946953
Region17Hubei_Region6Liaoning,0.0,0.0,0.0,121514.12750644653,0.0,0.0,0.0,121514.12750644653
Region17Hubei_Region7Jilin,0.0,0.0,0.0,141090.05961923505,0.0,0.0,0.0,141090.05961923505
Region17Hubei_Region8Heilongjiang,0.0,0.0,0.0,158499.82729104784,0.0,0.0,0.0,158499.82729104784
Region17Hubei_Region9Shanghai,0.0,0.0,0.0,214378.93775613492,0.0,0.0,0.0,214378.93775613492
Region17Hubei_Region10Jiangsu,0.0,0.0,0.0,120385.8993272267,0.0,0.0,0.0,120385.8993272267
Region17Hubei_Region11Zhejiang,0.0,0.0,0.0,227282.4811564687,0.0,0.0,0.0,227282.4811564687
Region17Hubei_Region12Anhui,0.0,0.0,0.0,101056.54792519884,0.0,0.0,0.0,101056.54792519884
Region17Hubei_Region13Fujian,0.0,0.0,0.0,951377.6669472641,0.0,0.0,0.0,951377.6669472641
Region17Hubei_Region14Jiangxi,0.0,0.0,0.0,641316.713187203,0.0,0.0,0.0,641316.713187203
Region17Hubei_Region15Shandong,0.0,0.0,0.0,100714.74486011374,0.0,0.0,0.0,100714.74486011374
Region17Hubei_Region16Henan,0.0,0.0,0.0,89132.76848336378,0.0,0.0,0.0,89132.76848336378
Region17Hubei_Region18Hunan,0.0,0.0,0.0,2.2610222104945784e6,0.0,0.0,0.0,2.2610222104945784e6
Region17Hubei_Region19Guangdong,0.0,0.0,0.0,9.84553140444489e6,0.0,0.0,0.0,9.84553140444489e6
Region17Hubei_Region20Guangxi,0.0,0.0,0.0,256304.0722390401,0.0,0.0,0.0,256304.0722390401
Region17Hubei_Region21Hainan,0.0,0.0,0.0,277420.55618560227,0.0,0.0,0.0,277420.55618560227
Region17Hubei_Region22Chongqing,0.0,0.0,0.0,494860.43960283307,0.0,0.0,0.0,494860.43960283307
Region17Hubei_Region23Sichuan,0.0,0.0,0.0,348227.66457793367,0.0,0.0,0.0,348227.66457793367
Region17Hubei_Region24Guizhou,0.0,0.0,0.0,1.3417564414857908e6,0.0,0.0,0.0,1.3417564414857908e6
Region17Hubei_Region25Yunnan,0.0,0.0,0.0,680439.4491742444,0.0,0.0,0.0,680439.4491742444
Region17Hubei_Region27Shaanxi,0.0,0.0,0.0,140725.01355162868,0.0,0.0,0.0,140725.01355162868
Region17Hubei_Region28Gansu,0.0,0.0,0.0,141864.46278712447,0.0,0.0,0.0,141864.46278712447
Region17Hubei_Region29Qinghai,0.0,0.0,0.0,138479.66622066742,0.0,0.0,0.0,138479.66622066742
Region17Hubei_Region30Ningxia,0.0,0.0,0.0,118783.67797328264,0.0,0.0,0.0,118783.67797328264
Region17Hubei_Region31Xinjiang,0.0,0.0,0.0,104507.63727108968,0.0,0.0,0.0,104507.63727108968
Region18Hunan_Region1Beijing,0.0,0.0,0.0,98001.19118957904,0.0,0.0,0.0,98001.19118957904
Region18Hunan_Region2Tianjin,0.0,0.0,0.0,102156.20582153973,0.0,0.0,0.0,102156.20582153973
Region18Hunan_Region3Hebei,0.0,0.0,0.0,85848.77398833113,0.0,0.0,0.0,85848.77398833113
Region18Hunan_Region4Shanxi,0.0,0.0,0.0,92275.36955068666,0.0,0.0,0.0,92275.36955068666
Region18Hunan_Region5Innermongolia,0.0,0.0,0.0,122161.44769119612,0.0,0.0,0.0,122161.44769119612
Region18Hunan_Region6Liaoning,0.0,0.0,0.0,115051.17985392052,0.0,0.0,0.0,115051.17985392052
Region18Hunan_Region7Jilin,0.0,0.0,0.0,130692.00240626941,0.0,0.0,0.0,130692.00240626941
Region18Hunan_Region8Heilongjiang,0.0,0.0,0.0,144562.80630880521,0.0,0.0,0.0,144562.80630880521
Region18Hunan_Region9Shanghai,0.0,0.0,0.0,157417.84012838601,0.0,0.0,0.0,157417.84012838601
Region18Hunan_Region10Jiangsu,0.0,0.0,0.0,114441.51462806467,0.0,0.0,0.0,114441.51462806467
Region18Hunan_Region11Zhejiang,0.0,0.0,0.0,156398.05513863327,0.0,0.0,0.0,156398.05513863327
Region18Hunan_Region12Anhui,0.0,0.0,0.0,103141.084572619,0.0,0.0,0.0,103141.084572619
Region18Hunan_Region13Fujian,0.0,0.0,0.0,310692.1767048561,0.0,0.0,0.0,310692.1767048561
Region18Hunan_Region14Jiangxi,0.0,0.0,0.0,124282.95765041646,0.0,0.0,0.0,124282.95765041646
Region18Hunan_Region15Shandong,0.0,0.0,0.0,97302.2287739247,0.0,0.0,0.0,97302.2287739247
Region18Hunan_Region16Henan,0.0,0.0,0.0,86468.1285727693,0.0,0.0,0.0,86468.1285727693
Region18Hunan_Region17Hubei,0.0,0.0,0.0,86370.77515499886,0.0,0.0,0.0,86370.77515499886
Region18Hunan_Region19Guangdong,0.0,0.0,0.0,5.980461093580772e6,0.0,0.0,0.0,5.980461093580772e6
Region18Hunan_Region20Guangxi,0.0,0.0,0.0,185938.11821332123,0.0,0.0,0.0,185938.11821332123
Region18Hunan_Region21Hainan,0.0,0.0,0.0,196719.66680058863,0.0,0.0,0.0,196719.66680058863
Region18Hunan_Region22Chongqing,0.0,0.0,0.0,254007.34736996162,0.0,0.0,0.0,254007.34736996162
Region18Hunan_Region23Sichuan,0.0,0.0,0.0,222309.85318862813,0.0,0.0,0.0,222309.85318862813
Region18Hunan_Region24Guizhou,0.0,0.0,0.0,594957.1058070317,0.0,0.0,0.0,594957.1058070317
Region18Hunan_Region25Yunnan,0.0,0.0,0.0,493462.8790576829,0.0,0.0,0.0,493462.8790576829
Region18Hunan_Region27Shaanxi,0.0,0.0,0.0,115216.35704144144,0.0,0.0,0.0,115216.35704144144
Region18Hunan_Region28Gansu,0.0,0.0,0.0,125406.32877828425,0.0,0.0,0.0,125406.32877828425
Region18Hunan_Region29Qinghai,0.0,0.0,0.0,124636.47955787418,0.0,0.0,0.0,124636.47955787418
Region18Hunan_Region30Ningxia,0.0,0.0,0.0,109264.75175887845,0.0,0.0,0.0,109264.75175887845
Region18Hunan_Region31Xinjiang,0.0,0.0,0.0,101817.42248453913,0.0,0.0,0.0,101817.42248453913
Region19Guangdong_Region1Beijing,0.0,0.0,0.0,94387.09475758033,0.0,0.0,0.0,94387.09475758033
Region19Guangdong_Region2Tianjin,0.0,0.0,0.0,97001.98458540266,0.0,0.0,0.0,97001.98458540266
Region19Guangdong_Region3Hebei,0.0,0.0,0.0,86403.40964962842,0.0,0.0,0.0,86403.40964962842
Region19Guangdong_Region4Shanxi,0.0,0.0,0.0,90538.28989960917,0.0,0.0,0.0,90538.28989960917
Region19Guangdong_Region5Innermongolia,0.0,0.0,0.0,109642.55343042713,0.0,0.0,0.0,109642.55343042713
Region19Guangdong_Region6Liaoning,0.0,0.0,0.0,106944.77400243234,0.0,0.0,0.0,106944.77400243234
Region19Guangdong_Region7Jilin,0.0,0.0,0.0,118039.61084403987,0.0,0.0,0.0,118039.61084403987
Region19Guangdong_Region8Heilongjiang,0.0,0.0,0.0,127873.68921498557,0.0,0.0,0.0,127873.68921498557
Region19Guangdong_Region9Shanghai,0.0,0.0,0.0,113425.86941607157,0.0,0.0,0.0,113425.86941607157
Region19Guangdong_Region10Jiangsu,0.0,0.0,0.0,99890.76612725049,0.0,0.0,0.0,99890.76612725049
Region19Guangdong_Region11Zhejiang,0.0,0.0,0.0,109845.19048759811,0.0,0.0,0.0,109845.19048759811
Region19Guangdong_Region12Anhui,0.0,0.0,0.0,94528.96847911684,0.0,0.0,0.0,94528.96847911684
Region19Guangdong_Region13Fujian,0.0,0.0,0.0,135821.41171577212,0.0,0.0,0.0,135821.41171577212
Region19Guangdong_Region14Jiangxi,0.0,0.0,0.0,92078.24737332595,0.0,0.0,0.0,92078.24737332595
Region19Guangdong_Region15Shandong,0.0,0.0,0.0,93467.20793665347,0.0,0.0,0.0,93467.20793665347
Region19Guangdong_Region16Henan,0.0,0.0,0.0,86844.03329107522,0.0,0.0,0.0,86844.03329107522
Region19Guangdong_Region17Hubei,0.0,0.0,0.0,87537.95995102331,0.0,0.0,0.0,87537.95995102331
Region19Guangdong_Region18Hunan,0.0,0.0,0.0,88335.97212613137,0.0,0.0,0.0,88335.97212613137
Region19Guangdong_Region20Guangxi,0.0,0.0,0.0,81412.05569837922,0.0,0.0,0.0,81412.05569837922
Region19Guangdong_Region21Hainan,0.0,0.0,0.0,83637.52654774713,0.0,0.0,0.0,83637.52654774713
Region19Guangdong_Region22Chongqing,0.0,0.0,0.0,130179.67962096939,0.0,0.0,0.0,130179.67962096939
Region19Guangdong_Region23Sichuan,0.0,0.0,0.0,138172.9696547753,0.0,0.0,0.0,138172.9696547753
Region19Guangdong_Region24Guizhou,0.0,0.0,0.0,161091.39538270127,0.0,0.0,0.0,161091.39538270127
Region19Guangdong_Region25Yunnan,0.0,0.0,0.0,203350.1636276353,0.0,0.0,0.0,203350.1636276353
Region19Guangdong_Region27Shaanxi,0.0,0.0,0.0,102617.37505014817,0.0,0.0,0.0,102617.37505014817
Region19Guangdong_Region28Gansu,0.0,0.0,0.0,110617.16717117454,0.0,0.0,0.0,110617.16717117454
Region19Guangdong_Region29Qinghai,0.0,0.0,0.0,111113.37668814145,0.0,0.0,0.0,111113.37668814145
Region19Guangdong_Region30Ningxia,0.0,0.0,0.0,101795.00534881963,0.0,0.0,0.0,101795.00534881963
Region19Guangdong_Region31Xinjiang,0.0,0.0,0.0,98829.14368369697,0.0,0.0,0.0,98829.14368369697
Region20Guangxi_Region1Beijing,0.0,0.0,0.0,113457.34602682355,0.0,0.0,0.0,113457.34602682355
Region20Guangxi_Region2Tianjin,0.0,0.0,0.0,117066.47290117994,0.0,0.0,0.0,117066.47290117994
Region20Guangxi_Region3Hebei,0.0,0.0,0.0,105652.78202193203,0.0,0.0,0.0,105652.78202193203
Region20Guangxi_Region4Shanxi,0.0,0.0,0.0,109630.87876881177,0.0,0.0,0.0,109630.87876881177
Region20Guangxi_Region5Innermongolia,0.0,0.0,0.0,131292.51777098668,0.0,0.0,0.0,131292.51777098668
Region20Guangxi_Region6Liaoning,0.0,0.0,0.0,124454.2161091521,0.0,0.0,0.0,124454.2161091521
Region20Guangxi_Region7Jilin,0.0,0.0,0.0,136553.59782013923,0.0,0.0,0.0,136553.59782013923
Region20Guangxi_Region8Heilongjiang,0.0,0.0,0.0,147321.65950199612,0.0,0.0,0.0,147321.65950199612
Region20Guangxi_Region9Shanghai,0.0,0.0,0.0,157659.89585359668,0.0,0.0,0.0,157659.89585359668
Region20Guangxi_Region10Jiangsu,0.0,0.0,0.0,138347.5561634786,0.0,0.0,0.0,138347.5561634786
Region20Guangxi_Region11Zhejiang,0.0,0.0,0.0,158650.24012673786,0.0,0.0,0.0,158650.24012673786
Region20Guangxi_Region12Anhui,0.0,0.0,0.0,134808.57096448386,0.0,0.0,0.0,134808.57096448386
Region20Guangxi_Region13Fujian,0.0,0.0,0.0,224953.38214821657,0.0,0.0,0.0,224953.38214821657
Region20Guangxi_Region14Jiangxi,0.0,0.0,0.0,156434.5463514988,0.0,0.0,0.0,156434.5463514988
Region20Guangxi_Region15Shandong,0.0,0.0,0.0,116303.05864321733,0.0,0.0,0.0,116303.05864321733
Region20Guangxi_Region16Henan,0.0,0.0,0.0,112515.64161632973,0.0,0.0,0.0,112515.64161632973
Region20Guangxi_Region17Hubei,0.0,0.0,0.0,129584.54362124791,0.0,0.0,0.0,129584.54362124791
Region20Guangxi_Region18Hunan,0.0,0.0,0.0,157447.97180835035,0.0,0.0,0.0,157447.97180835035
Region20Guangxi_Region19Guangdong,0.0,0.0,0.0,1.0968697388612533e9,0.0,0.0,0.0,1.0968697388612533e9
Region20Guangxi_Region21Hainan,0.0,0.0,0.0,3.195683812563107e8,0.0,0.0,0.0,3.195683812563107e8
Region20Guangxi_Region22Chongqing,0.0,0.0,0.0,208158.1871155135,0.0,0.0,0.0,208158.1871155135
Region20Guangxi_Region23Sichuan,0.0,0.0,0.0,215441.1287654616,0.0,0.0,0.0,215441.1287654616
Region20Guangxi_Region24Guizhou,0.0,0.0,0.0,1.7811641479117668e6,0.0,0.0,0.0,1.7811641479117668e6
Region20Guangxi_Region25Yunnan,0.0,0.0,0.0,1.0797389747783024e9,0.0,0.0,0.0,1.0797389747783024e9
Region20Guangxi_Region27Shaanxi,0.0,0.0,0.0,128562.4349522417,0.0,0.0,0.0,128562.4349522417
Region20Guangxi_Region28Gansu,0.0,0.0,0.0,126709.62759973056,0.0,0.0,0.0,126709.62759973056
Region20Guangxi_Region29Qinghai,0.0,0.0,0.0,125609.60795796,0.0,0.0,0.0,125609.60795796
Region20Guangxi_Region30Ningxia,0.0,0.0,0.0,117057.12089797702,0.0,0.0,0.0,117057.12089797702
Region20Guangxi_Region31Xinjiang,0.0,0.0,0.0,103636.49354905474,0.0,0.0,0.0,103636.49354905474
Region21Hainan_Region1Beijing,0.0,0.0,0.0,95612.3883701291,0.0,0.0,0.0,95612.3883701291
Region21Hainan_Region2Tianjin,0.0,0.0,0.0,99077.21159022645,0.0,0.0,0.0,99077.21159022645
Region21Hainan_Region3Hebei,0.0,0.0,0.0,85583.89095556775,0.0,0.0,0.0,85583.89095556775
Region21Hainan_Region4Shanxi,0.0,0.0,0.0,85525.77158110267,0.0,0.0,0.0,85525.77158110267
Region21Hainan_Region5Innermongolia,0.0,0.0,0.0,107776.41970970553,0.0,0.0,0.0,107776.41970970553
Region21Hainan_Region6Liaoning,0.0,0.0,0.0,108082.70985801001,0.0,0.0,0.0,108082.70985801001
Region21Hainan_Region7Jilin,0.0,0.0,0.0,119245.48409083832,0.0,0.0,0.0,119245.48409083832
Region21Hainan_Region8Heilongjiang,0.0,0.0,0.0,130052.86913286007,0.0,0.0,0.0,130052.86913286007
Region21Hainan_Region9Shanghai,0.0,0.0,0.0,108250.246449898,0.0,0.0,0.0,108250.246449898
Region21Hainan_Region10Jiangsu,0.0,0.0,0.0,92565.02241453416,0.0,0.0,0.0,92565.02241453416
Region21Hainan_Region11Zhejiang,0.0,0.0,0.0,103996.86655537247,0.0,0.0,0.0,103996.86655537247
Region21Hainan_Region12Anhui,0.0,0.0,0.0,89771.08960254656,0.0,0.0,0.0,89771.08960254656
Region21Hainan_Region13Fujian,0.0,0.0,0.0,115066.49847377266,0.0,0.0,0.0,115066.49847377266
Region21Hainan_Region14Jiangxi,0.0,0.0,0.0,90496.491059665,0.0,0.0,0.0,90496.491059665
Region21Hainan_Region15Shandong,0.0,0.0,0.0,94498.4405399212,0.0,0.0,0.0,94498.4405399212
Region21Hainan_Region16Henan,0.0,0.0,0.0,84445.17455113927,0.0,0.0,0.0,84445.17455113927
Region21Hainan_Region17Hubei,0.0,0.0,0.0,85257.09329602518,0.0,0.0,0.0,85257.09329602518
Region21Hainan_Region18Hunan,0.0,0.0,0.0,90108.01998022961,0.0,0.0,0.0,90108.01998022961
Region21Hainan_Region19Guangdong,0.0,0.0,0.0,142391.97075792047,0.0,0.0,0.0,142391.97075792047
Region21Hainan_Region20Guangxi,0.0,0.0,0.0,48041.49941942005,0.0,0.0,0.0,48041.49941942005
Region21Hainan_Region22Chongqing,0.0,0.0,0.0,112840.3690306803,0.0,0.0,0.0,112840.3690306803
Region21Hainan_Region23Sichuan,0.0,0.0,0.0,114767.9993121912,0.0,0.0,0.0,114767.9993121912
Region21Hainan_Region24Guizhou,0.0,0.0,0.0,117007.68031059524,0.0,0.0,0.0,117007.68031059524
Region21Hainan_Region25Yunnan,0.0,0.0,0.0,164085.19697358302,0.0,0.0,0.0,164085.19697358302
Region21Hainan_Region27Shaanxi,0.0,0.0,0.0,92905.94323802035,0.0,0.0,0.0,92905.94323802035
Region21Hainan_Region28Gansu,0.0,0.0,0.0,96697.46428503182,0.0,0.0,0.0,96697.46428503182
Region21Hainan_Region29Qinghai,0.0,0.0,0.0,101817.93620674571,0.0,0.0,0.0,101817.93620674571
Region21Hainan_Region30Ningxia,0.0,0.0,0.0,96051.89144628502,0.0,0.0,0.0,96051.89144628502
Region21Hainan_Region31Xinjiang,0.0,0.0,0.0,96674.35494714374,0.0,0.0,0.0,96674.35494714374
Region22Chongqing_Region1Beijing,0.0,0.0,0.0,97502.4231813205,0.0,0.0,0.0,97502.4231813205
Region22Chongqing_Region2Tianjin,0.0,0.0,0.0,101941.97936450523,0.0,0.0,0.0,101941.97936450523
Region22Chongqing_Region3Hebei,0.0,0.0,0.0,87294.25568899939,0.0,0.0,0.0,87294.25568899939
Region22Chongqing_Region4Shanxi,0.0,0.0,0.0,85887.00537010448,0.0,0.0,0.0,85887.00537010448
Region22Chongqing_Region5Innermongolia,0.0,0.0,0.0,111429.81418459049,0.0,0.0,0.0,111429.81418459049
Region22Chongqing_Region6Liaoning,0.0,0.0,0.0,112833.67772833367,0.0,0.0,0.0,112833.67772833367
Region22Chongqing_Region7Jilin,0.0,0.0,0.0,125989.52527413773,0.0,0.0,0.0,125989.52527413773
Region22Chongqing_Region8Heilongjiang,0.0,0.0,0.0,137639.39674178293,0.0,0.0,0.0,137639.39674178293
Region22Chongqing_Region9Shanghai,0.0,0.0,0.0,142559.22891296857,0.0,0.0,0.0,142559.22891296857
Region22Chongqing_Region10Jiangsu,0.0,0.0,0.0,120603.02542304875,0.0,0.0,0.0,120603.02542304875
Region22Chongqing_Region11Zhejiang,0.0,0.0,0.0,143391.4347154932,0.0,0.0,0.0,143391.4347154932
Region22Chongqing_Region12Anhui,0.0,0.0,0.0,114827.78321817401,0.0,0.0,0.0,114827.78321817401
Region22Chongqing_Region13Fujian,0.0,0.0,0.0,192516.817868929,0.0,0.0,0.0,192516.817868929
Region22Chongqing_Region14Jiangxi,0.0,0.0,0.0,136796.84556134552,0.0,0.0,0.0,136796.84556134552
Region22Chongqing_Region15Shandong,0.0,0.0,0.0,98736.76819560784,0.0,0.0,0.0,98736.76819560784
Region22Chongqing_Region16Henan,0.0,0.0,0.0,89511.63638890193,0.0,0.0,0.0,89511.63638890193
Region22Chongqing_Region17Hubei,0.0,0.0,0.0,103578.52674577337,0.0,0.0,0.0,103578.52674577337
Region22Chongqing_Region18Hunan,0.0,0.0,0.0,128981.83979812375,0.0,0.0,0.0,128981.83979812375
Region22Chongqing_Region19Guangdong,0.0,0.0,0.0,254413.08816271747,0.0,0.0,0.0,254413.08816271747
Region22Chongqing_Region20Guangxi,0.0,0.0,0.0,144288.27365512986,0.0,0.0,0.0,144288.27365512986
Region22Chongqing_Region21Hainan,0.0,0.0,0.0,148201.22439497942,0.0,0.0,0.0,148201.22439497942
Region22Chongqing_Region23Sichuan,0.0,0.0,0.0,185020.87486290734,0.0,0.0,0.0,185020.87486290734
Region22Chongqing_Region24Guizhou,0.0,0.0,0.0,1.86731201783788e6,0.0,0.0,0.0,1.86731201783788e6
Region22Chongqing_Region25Yunnan,0.0,0.0,0.0,594540.2094298138,0.0,0.0,0.0,594540.2094298138
Region22Chongqing_Region27Shaanxi,0.0,0.0,0.0,84125.20516196838,0.0,0.0,0.0,84125.20516196838
Region22Chongqing_Region28Gansu,0.0,0.0,0.0,93178.24451139022,0.0,0.0,0.0,93178.24451139022
Region22Chongqing_Region29Qinghai,0.0,0.0,0.0,96826.51595664384,0.0,0.0,0.0,96826.51595664384
Region22Chongqing_Region30Ningxia,0.0,0.0,0.0,88187.06105031756,0.0,0.0,0.0,88187.06105031756
Region22Chongqing_Region31Xinjiang,0.0,0.0,0.0,89814.59972922735,0.0,0.0,0.0,89814.59972922735
Region23Sichuan_Region1Beijing,0.0,0.0,0.0,97420.5705863847,0.0,0.0,0.0,97420.5705863847
Region23Sichuan_Region2Tianjin,0.0,0.0,0.0,101574.84767612323,0.0,0.0,0.0,101574.84767612323
Region23Sichuan_Region3Hebei,0.0,0.0,0.0,87351.43918865126,0.0,0.0,0.0,87351.43918865126
Region23Sichuan_Region4Shanxi,0.0,0.0,0.0,86039.00024499194,0.0,0.0,0.0,86039.00024499194
Region23Sichuan_Region5Innermongolia,0.0,0.0,0.0,110669.00017861031,0.0,0.0,0.0,110669.00017861031
Region23Sichuan_Region6Liaoning,0.0,0.0,0.0,112404.49507571882,0.0,0.0,0.0,112404.49507571882
Region23Sichuan_Region7Jilin,0.0,0.0,0.0,125494.26707454427,0.0,0.0,0.0,125494.26707454427
Region23Sichuan_Region8Heilongjiang,0.0,0.0,0.0,137074.5703473247,0.0,0.0,0.0,137074.5703473247
Region23Sichuan_Region9Shanghai,0.0,0.0,0.0,145345.99446281753,0.0,0.0,0.0,145345.99446281753
Region23Sichuan_Region10Jiangsu,0.0,0.0,0.0,126302.01607862081,0.0,0.0,0.0,126302.01607862081
Region23Sichuan_Region11Zhejiang,0.0,0.0,0.0,146185.4299163881,0.0,0.0,0.0,146185.4299163881
Region23Sichuan_Region12Anhui,0.0,0.0,0.0,121759.063332162,0.0,0.0,0.0,121759.063332162
Region23Sichuan_Region13Fujian,0.0,0.0,0.0,187316.44476944947,0.0,0.0,0.0,187316.44476944947
Region23Sichuan_Region14Jiangxi,0.0,0.0,0.0,142284.2771925459,0.0,0.0,0.0,142284.2771925459
Region23Sichuan_Region15Shandong,0.0,0.0,0.0,100311.81746020126,0.0,0.0,0.0,100311.81746020126
Region23Sichuan_Region16Henan,0.0,0.0,0.0,91320.19676947765,0.0,0.0,0.0,91320.19676947765
Region23Sichuan_Region17Hubei,0.0,0.0,0.0,114087.90801372688,0.0,0.0,0.0,114087.90801372688
Region23Sichuan_Region18Hunan,0.0,0.0,0.0,138439.56089356248,0.0,0.0,0.0,138439.56089356248
Region23Sichuan_Region19Guangdong,0.0,0.0,0.0,228371.35016581195,0.0,0.0,0.0,228371.35016581195
Region23Sichuan_Region20Guangxi,0.0,0.0,0.0,149222.6871737775,0.0,0.0,0.0,149222.6871737775
Region23Sichuan_Region21Hainan,0.0,0.0,0.0,155385.50245579067,0.0,0.0,0.0,155385.50245579067
Region23Sichuan_Region22Chongqing,0.0,0.0,0.0,163362.6661533264,0.0,0.0,0.0,163362.6661533264
Region23Sichuan_Region24Guizhou,0.0,0.0,0.0,346667.2909223328,0.0,0.0,0.0,346667.2909223328
Region23Sichuan_Region25Yunnan,0.0,0.0,0.0,632573.3183025427,0.0,0.0,0.0,632573.3183025427
Region23Sichuan_Region27Shaanxi,0.0,0.0,0.0,85542.53082777621,0.0,0.0,0.0,85542.53082777621
Region23Sichuan_Region28Gansu,0.0,0.0,0.0,85535.8728978112,0.0,0.0,0.0,85535.8728978112
Region23Sichuan_Region29Qinghai,0.0,0.0,0.0,86765.46039514292,0.0,0.0,0.0,86765.46039514292
Region23Sichuan_Region30Ningxia,0.0,0.0,0.0,85989.54613549632,0.0,0.0,0.0,85989.54613549632
Region23Sichuan_Region31Xinjiang,0.0,0.0,0.0,87146.18472711823,0.0,0.0,0.0,87146.18472711823
Region24Guizhou_Region1Beijing,0.0,0.0,0.0,94647.18058417022,0.0,0.0,0.0,94647.18058417022
Region24Guizhou_Region2Tianjin,0.0,0.0,0.0,97187.78966114207,0.0,0.0,0.0,97187.78966114207
Region24Guizhou_Region3Hebei,0.0,0.0,0.0,86419.7521848723,0.0,0.0,0.0,86419.7521848723
Region24Guizhou_Region4Shanxi,0.0,0.0,0.0,86212.63261655624,0.0,0.0,0.0,86212.63261655624
Region24Guizhou_Region5Innermongolia,0.0,0.0,0.0,106477.96086953885,0.0,0.0,0.0,106477.96086953885
Region24Guizhou_Region6Liaoning,0.0,0.0,0.0,107382.32958403743,0.0,0.0,0.0,107382.32958403743
Region24Guizhou_Region7Jilin,0.0,0.0,0.0,118812.94576437658,0.0,0.0,0.0,118812.94576437658
Region24Guizhou_Region8Heilongjiang,0.0,0.0,0.0,128917.77191328924,0.0,0.0,0.0,128917.77191328924
Region24Guizhou_Region9Shanghai,0.0,0.0,0.0,124874.62493525879,0.0,0.0,0.0,124874.62493525879
Region24Guizhou_Region10Jiangsu,0.0,0.0,0.0,108276.95098715358,0.0,0.0,0.0,108276.95098715358
Region24Guizhou_Region11Zhejiang,0.0,0.0,0.0,123372.40792504784,0.0,0.0,0.0,123372.40792504784
Region24Guizhou_Region12Anhui,0.0,0.0,0.0,102992.33306440957,0.0,0.0,0.0,102992.33306440957
Region24Guizhou_Region13Fujian,0.0,0.0,0.0,155299.40733601054,0.0,0.0,0.0,155299.40733601054
Region24Guizhou_Region14Jiangxi,0.0,0.0,0.0,110323.4153716667,0.0,0.0,0.0,110323.4153716667
Region24Guizhou_Region15Shandong,0.0,0.0,0.0,94048.73008179473,0.0,0.0,0.0,94048.73008179473
Region24Guizhou_Region16Henan,0.0,0.0,0.0,87005.71561069148,0.0,0.0,0.0,87005.71561069148
Region24Guizhou_Region17Hubei,0.0,0.0,0.0,91813.96487096976,0.0,0.0,0.0,91813.96487096976
Region24Guizhou_Region18Hunan,0.0,0.0,0.0,98093.73036229733,0.0,0.0,0.0,98093.73036229733
Region24Guizhou_Region19Guangdong,0.0,0.0,0.0,183486.98972711407,0.0,0.0,0.0,183486.98972711407
Region24Guizhou_Region20Guangxi,0.0,0.0,0.0,89152.16207880377,0.0,0.0,0.0,89152.16207880377
Region24Guizhou_Region21Hainan,0.0,0.0,0.0,109518.55605544263,0.0,0.0,0.0,109518.55605544263
Region24Guizhou_Region22Chongqing,0.0,0.0,0.0,89231.05514341111,0.0,0.0,0.0,89231.05514341111
Region24Guizhou_Region23Sichuan,0.0,0.0,0.0,121297.61342475888,0.0,0.0,0.0,121297.61342475888
Region24Guizhou_Region25Yunnan,0.0,0.0,0.0,357790.73274107836,0.0,0.0,0.0,357790.73274107836
Region24Guizhou_Region27Shaanxi,0.0,0.0,0.0,86454.94854994454,0.0,0.0,0.0,86454.94854994454
Region24Guizhou_Region28Gansu,0.0,0.0,0.0,91440.82155304978,0.0,0.0,0.0,91440.82155304978
Region24Guizhou_Region29Qinghai,0.0,0.0,0.0,94149.63754816621,0.0,0.0,0.0,94149.63754816621
Region24Guizhou_Region30Ningxia,0.0,0.0,0.0,87809.50669699059,0.0,0.0,0.0,87809.50669699059
Region24Guizhou_Region31Xinjiang,0.0,0.0,0.0,89320.90759218346,0.0,0.0,0.0,89320.90759218346
Region25Yunnan_Region1Beijing,0.0,0.0,0.0,97467.33462246951,0.0,0.0,0.0,97467.33462246951
Region25Yunnan_Region2Tianjin,0.0,0.0,0.0,100341.95931075205,0.0,0.0,0.0,100341.95931075205
Region25Yunnan_Region3Hebei,0.0,0.0,0.0,90483.58801878215,0.0,0.0,0.0,90483.58801878215
Region25Yunnan_Region4Shanxi,0.0,0.0,0.0,89803.12859437491,0.0,0.0,0.0,89803.12859437491
Region25Yunnan_Region5Innermongolia,0.0,0.0,0.0,106198.83354214171,0.0,0.0,0.0,106198.83354214171
Region25Yunnan_Region6Liaoning,0.0,0.0,0.0,108574.88333348485,0.0,0.0,0.0,108574.88333348485
Region25Yunnan_Region7Jilin,0.0,0.0,0.0,118278.42406282693,0.0,0.0,0.0,118278.42406282693
Region25Yunnan_Region8Heilongjiang,0.0,0.0,0.0,126844.29220392993,0.0,0.0,0.0,126844.29220392993
Region25Yunnan_Region9Shanghai,0.0,0.0,0.0,122468.84378166056,0.0,0.0,0.0,122468.84378166056
Region25Yunnan_Region10Jiangsu,0.0,0.0,0.0,109833.83412637161,0.0,0.0,0.0,109833.83412637161
Region25Yunnan_Region11Zhejiang,0.0,0.0,0.0,121193.57654818277,0.0,0.0,0.0,121193.57654818277
Region25Yunnan_Region12Anhui,0.0,0.0,0.0,105933.57126177763,0.0,0.0,0.0,105933.57126177763
Region25Yunnan_Region13Fujian,0.0,0.0,0.0,142906.36333051499,0.0,0.0,0.0,142906.36333051499
Region25Yunnan_Region14Jiangxi,0.0,0.0,0.0,112056.7693321813,0.0,0.0,0.0,112056.7693321813
Region25Yunnan_Region15Shandong,0.0,0.0,0.0,98069.03669795173,0.0,0.0,0.0,98069.03669795173
Region25Yunnan_Region16Henan,0.0,0.0,0.0,93036.88795827358,0.0,0.0,0.0,93036.88795827358
Region25Yunnan_Region17Hubei,0.0,0.0,0.0,98443.62666781674,0.0,0.0,0.0,98443.62666781674
Region25Yunnan_Region18Hunan,0.0,0.0,0.0,104133.06783013223,0.0,0.0,0.0,104133.06783013223
Region25Yunnan_Region19Guangdong,0.0,0.0,0.0,149497.96195870743,0.0,0.0,0.0,149497.96195870743
Region25Yunnan_Region20Guangxi,0.0,0.0,0.0,85850.42853121777,0.0,0.0,0.0,85850.42853121777
Region25Yunnan_Region21Hainan,0.0,0.0,0.0,93770.81305761177,0.0,0.0,0.0,93770.81305761177
Region25Yunnan_Region22Chongqing,0.0,0.0,0.0,101566.51855138503,0.0,0.0,0.0,101566.51855138503
Region25Yunnan_Region23Sichuan,0.0,0.0,0.0,101244.43663993763,0.0,0.0,0.0,101244.43663993763
Region25Yunnan_Region24Guizhou,0.0,0.0,0.0,111701.56071282116,0.0,0.0,0.0,111701.56071282116
Region25Yunnan_Region27Shaanxi,0.0,0.0,0.0,91208.86058951008,0.0,0.0,0.0,91208.86058951008
Region25Yunnan_Region28Gansu,0.0,0.0,0.0,92441.57478474599,0.0,0.0,0.0,92441.57478474599
Region25Yunnan_Region29Qinghai,0.0,0.0,0.0,92246.3764713486,0.0,0.0,0.0,92246.3764713486
Region25Yunnan_Region30Ningxia,0.0,0.0,0.0,90156.86387932465,0.0,0.0,0.0,90156.86387932465
Region25Yunnan_Region31Xinjiang,0.0,0.0,0.0,90024.41778102476,0.0,0.0,0.0,90024.41778102476
Region27Shaanxi_Region1Beijing,0.0,0.0,0.0,106587.82509986521,0.0,0.0,0.0,106587.82509986521
Region27Shaanxi_Region2Tianjin,0.0,0.0,0.0,115015.89098294514,0.0,0.0,0.0,115015.89098294514
Region27Shaanxi_Region3Hebei,0.0,0.0,0.0,88270.65077709194,0.0,0.0,0.0,88270.65077709194
Region27Shaanxi_Region4Shanxi,0.0,0.0,0.0,85263.68788311555,0.0,0.0,0.0,85263.68788311555
Region27Shaanxi_Region5Innermongolia,0.0,0.0,0.0,140823.77042712868,0.0,0.0,0.0,140823.77042712868
Region27Shaanxi_Region6Liaoning,0.0,0.0,0.0,128459.91234218256,0.0,0.0,0.0,128459.91234218256
Region27Shaanxi_Region7Jilin,0.0,0.0,0.0,149498.42269497502,0.0,0.0,0.0,149498.42269497502
Region27Shaanxi_Region8Heilongjiang,0.0,0.0,0.0,168233.79753243242,0.0,0.0,0.0,168233.79753243242
Region27Shaanxi_Region9Shanghai,0.0,0.0,0.0,235255.36126871477,0.0,0.0,0.0,235255.36126871477
Region27Shaanxi_Region10Jiangsu,0.0,0.0,0.0,193903.4126799266,0.0,0.0,0.0,193903.4126799266
Region27Shaanxi_Region11Zhejiang,0.0,0.0,0.0,246616.83343458697,0.0,0.0,0.0,246616.83343458697
Region27Shaanxi_Region12Anhui,0.0,0.0,0.0,194023.22901166443,0.0,0.0,0.0,194023.22901166443
Region27Shaanxi_Region13Fujian,0.0,0.0,0.0,364635.58600861026,0.0,0.0,0.0,364635.58600861026
Region27Shaanxi_Region14Jiangxi,0.0,0.0,0.0,285302.64402425033,0.0,0.0,0.0,285302.64402425033
Region27Shaanxi_Region15Shandong,0.0,0.0,0.0,115401.20661929475,0.0,0.0,0.0,115401.20661929475
Region27Shaanxi_Region16Henan,0.0,0.0,0.0,100408.38259509465,0.0,0.0,0.0,100408.38259509465
Region27Shaanxi_Region17Hubei,0.0,0.0,0.0,213529.47311691556,0.0,0.0,0.0,213529.47311691556
Region27Shaanxi_Region18Hunan,0.0,0.0,0.0,322766.70153540355,0.0,0.0,0.0,322766.70153540355
Region27Shaanxi_Region19Guangdong,0.0,0.0,0.0,531986.7350288163,0.0,0.0,0.0,531986.7350288163
Region27Shaanxi_Region20Guangxi,0.0,0.0,0.0,261140.9999436673,0.0,0.0,0.0,261140.9999436673
Region27Shaanxi_Region21Hainan,0.0,0.0,0.0,285102.8589869796,0.0,0.0,0.0,285102.8589869796
Region27Shaanxi_Region22Chongqing,0.0,0.0,0.0,1.9331330563321486e7,0.0,0.0,0.0,1.9331330563321486e7
Region27Shaanxi_Region23Sichuan,0.0,0.0,0.0,2.0054321878691988e9,0.0,0.0,0.0,2.0054321878691988e9
Region27Shaanxi_Region24Guizhou,0.0,0.0,0.0,2.3762083369480506e7,0.0,0.0,0.0,2.3762083369480506e7
Region27Shaanxi_Region25Yunnan,0.0,0.0,0.0,2.3142950183376623e6,0.0,0.0,0.0,2.3142950183376623e6
Region27Shaanxi_Region28Gansu,0.0,0.0,0.0,140037.81004888925,0.0,0.0,0.0,140037.81004888925
Region27Shaanxi_Region29Qinghai,0.0,0.0,0.0,134332.75322900055,0.0,0.0,0.0,134332.75322900055
Region27Shaanxi_Region30Ningxia,0.0,0.0,0.0,98241.54072360013,0.0,0.0,0.0,98241.54072360013
Region27Shaanxi_Region31Xinjiang,0.0,0.0,0.0,96696.54839122493,0.0,0.0,0.0,96696.54839122493
Region28Gansu_Region1Beijing,0.0,0.0,0.0,125648.65524692612,0.0,0.0,0.0,125648.65524692612
Region28Gansu_Region2Tianjin,0.0,0.0,0.0,134865.75943288612,0.0,0.0,0.0,134865.75943288612
Region28Gansu_Region3Hebei,0.0,0.0,0.0,113069.89069888646,0.0,0.0,0.0,113069.89069888646
Region28Gansu_Region4Shanxi,0.0,0.0,0.0,116307.54200689745,0.0,0.0,0.0,116307.54200689745
Region28Gansu_Region5Innermongolia,0.0,0.0,0.0,159417.57001495812,0.0,0.0,0.0,159417.57001495812
Region28Gansu_Region6Liaoning,0.0,0.0,0.0,141226.76564503298,0.0,0.0,0.0,141226.76564503298
Region28Gansu_Region7Jilin,0.0,0.0,0.0,160313.00875085822,0.0,0.0,0.0,160313.00875085822
Region28Gansu_Region8Heilongjiang,0.0,0.0,0.0,177342.85518777667,0.0,0.0,0.0,177342.85518777667
Region28Gansu_Region9Shanghai,0.0,0.0,0.0,231223.44563728763,0.0,0.0,0.0,231223.44563728763
Region28Gansu_Region10Jiangsu,0.0,0.0,0.0,202592.71049001953,0.0,0.0,0.0,202592.71049001953
Region28Gansu_Region11Zhejiang,0.0,0.0,0.0,237392.4044733841,0.0,0.0,0.0,237392.4044733841
Region28Gansu_Region12Anhui,0.0,0.0,0.0,203548.75294467912,0.0,0.0,0.0,203548.75294467912
Region28Gansu_Region13Fujian,0.0,0.0,0.0,315063.30392746435,0.0,0.0,0.0,315063.30392746435
Region28Gansu_Region14Jiangxi,0.0,0.0,0.0,257419.59934764923,0.0,0.0,0.0,257419.59934764923
Region28Gansu_Region15Shandong,0.0,0.0,0.0,140859.56462529753,0.0,0.0,0.0,140859.56462529753
Region28Gansu_Region16Henan,0.0,0.0,0.0,144389.5343834356,0.0,0.0,0.0,144389.5343834356
Region28Gansu_Region17Hubei,0.0,0.0,0.0,216504.23574454032,0.0,0.0,0.0,216504.23574454032
Region28Gansu_Region18Hunan,0.0,0.0,0.0,273429.21019941045,0.0,0.0,0.0,273429.21019941045
Region28Gansu_Region19Guangdong,0.0,0.0,0.0,384748.5546357265,0.0,0.0,0.0,384748.5546357265
Region28Gansu_Region20Guangxi,0.0,0.0,0.0,268785.32984836056,0.0,0.0,0.0,268785.32984836056
Region28Gansu_Region21Hainan,0.0,0.0,0.0,301627.2436628573,0.0,0.0,0.0,301627.2436628573
Region28Gansu_Region22Chongqing,0.0,0.0,0.0,1.0121168496852122e6,0.0,0.0,0.0,1.0121168496852122e6
Region28Gansu_Region23Sichuan,0.0,0.0,0.0,4.794252764818967e8,0.0,0.0,0.0,4.794252764818967e8
Region28Gansu_Region24Guizhou,0.0,0.0,0.0,1.4563745062017578e6,0.0,0.0,0.0,1.4563745062017578e6
Region28Gansu_Region25Yunnan,0.0,0.0,0.0,1.3329091688634763e6,0.0,0.0,0.0,1.3329091688634763e6
Region28Gansu_Region27Shaanxi,0.0,0.0,0.0,218248.3498286804,0.0,0.0,0.0,218248.3498286804
Region28Gansu_Region29Qinghai,0.0,0.0,0.0,144103.1267009471,0.0,0.0,0.0,144103.1267009471
Region28Gansu_Region30Ningxia,0.0,0.0,0.0,97118.52009750472,0.0,0.0,0.0,97118.52009750472
Region28Gansu_Region31Xinjiang,0.0,0.0,0.0,87658.89900771325,0.0,0.0,0.0,87658.89900771325
Region29Qinghai_Region1Beijing,0.0,0.0,0.0,136297.3762505087,0.0,0.0,0.0,136297.3762505087
Region29Qinghai_Region2Tianjin,0.0,0.0,0.0,145511.21871279858,0.0,0.0,0.0,145511.21871279858
Region29Qinghai_Region3Hebei,0.0,0.0,0.0,125217.70274753874,0.0,0.0,0.0,125217.70274753874
Region29Qinghai_Region4Shanxi,0.0,0.0,0.0,130666.8218594319,0.0,0.0,0.0,130666.8218594319
Region29Qinghai_Region5Innermongolia,0.0,0.0,0.0,173736.42267030795,0.0,0.0,0.0,173736.42267030795
Region29Qinghai_Region6Liaoning,0.0,0.0,0.0,148933.39955292584,0.0,0.0,0.0,148933.39955292584
Region29Qinghai_Region7Jilin,0.0,0.0,0.0,167240.90460810083,0.0,0.0,0.0,167240.90460810083
Region29Qinghai_Region8Heilongjiang,0.0,0.0,0.0,183668.1686859334,0.0,0.0,0.0,183668.1686859334
Region29Qinghai_Region9Shanghai,0.0,0.0,0.0,237703.6034198157,0.0,0.0,0.0,237703.6034198157
Region29Qinghai_Region10Jiangsu,0.0,0.0,0.0,211345.20273582137,0.0,0.0,0.0,211345.20273582137
Region29Qinghai_Region11Zhejiang,0.0,0.0,0.0,243663.2214471492,0.0,0.0,0.0,243663.2214471492
Region29Qinghai_Region12Anhui,0.0,0.0,0.0,213127.3817780436,0.0,0.0,0.0,213127.3817780436
Region29Qinghai_Region13Fujian,0.0,0.0,0.0,315572.7007481754,0.0,0.0,0.0,315572.7007481754
Region29Qinghai_Region14Jiangxi,0.0,0.0,0.0,263047.4935163315,0.0,0.0,0.0,263047.4935163315
Region29Qinghai_Region15Shandong,0.0,0.0,0.0,152161.72046232974,0.0,0.0,0.0,152161.72046232974
Region29Qinghai_Region16Henan,0.0,0.0,0.0,159170.74825657977,0.0,0.0,0.0,159170.74825657977
Region29Qinghai_Region17Hubei,0.0,0.0,0.0,226649.35364339434,0.0,0.0,0.0,226649.35364339434
Region29Qinghai_Region18Hunan,0.0,0.0,0.0,278142.10329916235,0.0,0.0,0.0,278142.10329916235
Region29Qinghai_Region19Guangdong,0.0,0.0,0.0,384076.06409693864,0.0,0.0,0.0,384076.06409693864
Region29Qinghai_Region20Guangxi,0.0,0.0,0.0,274051.79968581744,0.0,0.0,0.0,274051.79968581744
Region29Qinghai_Region21Hainan,0.0,0.0,0.0,300443.08445216785,0.0,0.0,0.0,300443.08445216785
Region29Qinghai_Region22Chongqing,0.0,0.0,0.0,723981.5674186803,0.0,0.0,0.0,723981.5674186803
Region29Qinghai_Region23Sichuan,0.0,0.0,0.0,1.5753189279597232e8,0.0,0.0,0.0,1.5753189279597232e8
Region29Qinghai_Region24Guizhou,0.0,0.0,0.0,958878.5057100576,0.0,0.0,0.0,958878.5057100576
Region29Qinghai_Region25Yunnan,0.0,0.0,0.0,1.2517180198268117e6,0.0,0.0,0.0,1.2517180198268117e6
Region29Qinghai_Region27Shaanxi,0.0,0.0,0.0,234029.81095386416,0.0,0.0,0.0,234029.81095386416
Region29Qinghai_Region28Gansu,0.0,0.0,0.0,293790.7733535333,0.0,0.0,0.0,293790.7733535333
Region29Qinghai_Region30Ningxia,0.0,0.0,0.0,122790.37145506975,0.0,0.0,0.0,122790.37145506975
Region29Qinghai_Region31Xinjiang,0.0,0.0,0.0,86094.81350197959,0.0,0.0,0.0,86094.81350197959
Region30Ningxia_Region1Beijing,0.0,0.0,0.0,144310.30482543178,0.0,0.0,0.0,144310.30482543178
Region30Ningxia_Region2Tianjin,0.0,0.0,0.0,159750.4552646185,0.0,0.0,0.0,159750.4552646185
Region30Ningxia_Region3Hebei,0.0,0.0,0.0,129068.41624745236,0.0,0.0,0.0,129068.41624745236
Region30Ningxia_Region4Shanxi,0.0,0.0,0.0,141103.336187646,0.0,0.0,0.0,141103.336187646
Region30Ningxia_Region5Innermongolia,0.0,0.0,0.0,270408.39829717577,0.0,0.0,0.0,270408.39829717577
Region30Ningxia_Region6Liaoning,0.0,0.0,0.0,159529.36331376337,0.0,0.0,0.0,159529.36331376337
Region30Ningxia_Region7Jilin,0.0,0.0,0.0,185455.4208964448,0.0,0.0,0.0,185455.4208964448
Region30Ningxia_Region8Heilongjiang,0.0,0.0,0.0,209381.61845326927,0.0,0.0,0.0,209381.61845326927
Region30Ningxia_Region9Shanghai,0.0,0.0,0.0,303500.8915519151,0.0,0.0,0.0,303500.8915519151
Region30Ningxia_Region10Jiangsu,0.0,0.0,0.0,267284.89981275564,0.0,0.0,0.0,267284.89981275564
Region30Ningxia_Region11Zhejiang,0.0,0.0,0.0,313224.49921603955,0.0,0.0,0.0,313224.49921603955
Region30Ningxia_Region12Anhui,0.0,0.0,0.0,272908.78239400045,0.0,0.0,0.0,272908.78239400045
Region30Ningxia_Region13Fujian,0.0,0.0,0.0,422912.8432135573,0.0,0.0,0.0,422912.8432135573
Region30Ningxia_Region14Jiangxi,0.0,0.0,0.0,360551.276231192,0.0,0.0,0.0,360551.276231192
Region30Ningxia_Region15Shandong,0.0,0.0,0.0,173654.0298516606,0.0,0.0,0.0,173654.0298516606
Region30Ningxia_Region16Henan,0.0,0.0,0.0,195753.41488949303,0.0,0.0,0.0,195753.41488949303
Region30Ningxia_Region17Hubei,0.0,0.0,0.0,309541.06645871757,0.0,0.0,0.0,309541.06645871757
Region30Ningxia_Region18Hunan,0.0,0.0,0.0,403156.6417651138,0.0,0.0,0.0,403156.6417651138
Region30Ningxia_Region19Guangdong,0.0,0.0,0.0,564985.3077192003,0.0,0.0,0.0,564985.3077192003
Region30Ningxia_Region20Guangxi,0.0,0.0,0.0,327217.3266719769,0.0,0.0,0.0,327217.3266719769
Region30Ningxia_Region21Hainan,0.0,0.0,0.0,362141.212663834,0.0,0.0,0.0,362141.212663834
Region30Ningxia_Region22Chongqing,0.0,0.0,0.0,3.3136169736834005e6,0.0,0.0,0.0,3.3136169736834005e6
Region30Ningxia_Region23Sichuan,0.0,0.0,0.0,5.0515989549239063e8,0.0,0.0,0.0,5.0515989549239063e8
Region30Ningxia_Region24Guizhou,0.0,0.0,0.0,4.606644909732964e6,0.0,0.0,0.0,4.606644909732964e6
Region30Ningxia_Region25Yunnan,0.0,0.0,0.0,2.178513770914588e6,0.0,0.0,0.0,2.178513770914588e6
Region30Ningxia_Region27Shaanxi,0.0,0.0,0.0,649774.3350594419,0.0,0.0,0.0,649774.3350594419
Region30Ningxia_Region28Gansu,0.0,0.0,0.0,677678.704784531,0.0,0.0,0.0,677678.704784531
Region30Ningxia_Region29Qinghai,0.0,0.0,0.0,285516.1846471455,0.0,0.0,0.0,285516.1846471455
Region30Ningxia_Region31Xinjiang,0.0,0.0,0.0,97870.01754239308,0.0,0.0,0.0,97870.01754239308
Region31Xinjiang_Region1Beijing,0.0,0.0,0.0,325668.8473266671,0.0,0.0,0.0,325668.8473266671
Region31Xinjiang_Region2Tianjin,0.0,0.0,0.0,340528.22424842784,0.0,0.0,0.0,340528.22424842784
Region31Xinjiang_Region3Hebei,0.0,0.0,0.0,306581.6891249796,0.0,0.0,0.0,306581.6891249796
Region31Xinjiang_Region4Shanxi,0.0,0.0,0.0,365343.7566642784,0.0,0.0,0.0,365343.7566642784
Region31Xinjiang_Region5Innermongolia,0.0,0.0,0.0,712645.4902319199,0.0,0.0,0.0,712645.4902319199
Region31Xinjiang_Region6Liaoning,0.0,0.0,0.0,286607.2886894655,0.0,0.0,0.0,286607.2886894655
Region31Xinjiang_Region7Jilin,0.0,0.0,0.0,323974.769698112,0.0,0.0,0.0,323974.769698112
Region31Xinjiang_Region8Heilongjiang,0.0,0.0,0.0,353954.54817822156,0.0,0.0,0.0,353954.54817822156
Region31Xinjiang_Region9Shanghai,0.0,0.0,0.0,437799.76927064674,0.0,0.0,0.0,437799.76927064674
Region31Xinjiang_Region10Jiangsu,0.0,0.0,0.0,414054.987818326,0.0,0.0,0.0,414054.987818326
Region31Xinjiang_Region11Zhejiang,0.0,0.0,0.0,452973.06828224275,0.0,0.0,0.0,452973.06828224275
Region31Xinjiang_Region12Anhui,0.0,0.0,0.0,436952.9713239264,0.0,0.0,0.0,436952.9713239264
Region31Xinjiang_Region13Fujian,0.0,0.0,0.0,558713.9155546019,0.0,0.0,0.0,558713.9155546019
Region31Xinjiang_Region14Jiangxi,0.0,0.0,0.0,521371.4489516045,0.0,0.0,0.0,521371.4489516045
Region31Xinjiang_Region15Shandong,0.0,0.0,0.0,339207.18235452095,0.0,0.0,0.0,339207.18235452095
Region31Xinjiang_Region16Henan,0.0,0.0,0.0,385288.15277100436,0.0,0.0,0.0,385288.15277100436
Region31Xinjiang_Region17Hubei,0.0,0.0,0.0,495354.09330873756,0.0,0.0,0.0,495354.09330873756
Region31Xinjiang_Region18Hunan,0.0,0.0,0.0,567604.7210916949,0.0,0.0,0.0,567604.7210916949
Region31Xinjiang_Region19Guangdong,0.0,0.0,0.0,670480.6081855407,0.0,0.0,0.0,670480.6081855407
Region31Xinjiang_Region20Guangxi,0.0,0.0,0.0,517085.181964395,0.0,0.0,0.0,517085.181964395
Region31Xinjiang_Region21Hainan,0.0,0.0,0.0,571320.4376698826,0.0,0.0,0.0,571320.4376698826
Region31Xinjiang_Region22Chongqing,0.0,0.0,0.0,2.0866779091121855e6,0.0,0.0,0.0,2.0866779091121855e6
Region31Xinjiang_Region23Sichuan,0.0,0.0,0.0,1.2167147112088257e7,0.0,0.0,0.0,1.2167147112088257e7
Region31Xinjiang_Region24Guizhou,0.0,0.0,0.0,2.479031059168278e6,0.0,0.0,0.0,2.479031059168278e6
Region31Xinjiang_Region25Yunnan,0.0,0.0,0.0,2.0528563685116498e6,0.0,0.0,0.0,2.0528563685116498e6
Region31Xinjiang_Region27Shaanxi,0.0,0.0,0.0,780109.3830812955,0.0,0.0,0.0,780109.3830812955
Region31Xinjiang_Region28Gansu,0.0,0.0,0.0,6.664116504781913e6,0.0,0.0,0.0,6.664116504781913e6
Region31Xinjiang_Region29Qinghai,0.0,0.0,0.0,8.542360791042948e8,0.0,0.0,0.0,8.542360791042948e8
Region31Xinjiang_Region30Ningxia,0.0,0.0,0.0,695256.7459049494,0.0,0.0,0.0,695256.7459049494
dri_Region1Beijing_dri_Region2Tianjin,0.0,0.0,0.0,2.912768768017397e7,0.0,0.0,0.0,2.912768768017397e7
dri_Region1Beijing_dri_Region3Hebei,0.0,0.0,0.0,2.935613109536595e7,0.0,0.0,0.0,2.935613109536595e7
dri_Region1Beijing_dri_Region4Shanxi,0.0,0.0,0.0,3.041108839890661e7,0.0,0.0,0.0,3.041108839890661e7
dri_Region1Beijing_dri_Region5Innermongolia,0.0,0.0,0.0,3.007760644683535e7,0.0,0.0,0.0,3.007760644683535e7
dri_Region1Beijing_dri_Region6Liaoning,0.0,0.0,0.0,3.197131068713966e7,0.0,0.0,0.0,3.197131068713966e7
dri_Region1Beijing_dri_Region7Jilin,0.0,0.0,0.0,3.620853714164746e7,0.0,0.0,0.0,3.620853714164746e7
dri_Region1Beijing_dri_Region8Heilongjiang,0.0,0.0,0.0,3.9180043436107084e7,0.0,0.0,0.0,3.9180043436107084e7
dri_Region1Beijing_dri_Region9Shanghai,0.0,0.0,0.0,4.399861621507712e7,0.0,0.0,0.0,4.399861621507712e7
dri_Region1Beijing_dri_Region10Jiangsu,0.0,0.0,0.0,4.1323455270457946e7,0.0,0.0,0.0,4.1323455270457946e7
dri_Region1Beijing_dri_Region11Zhejiang,0.0,0.0,0.0,4.4360358524223305e7,0.0,0.0,0.0,4.4360358524223305e7
dri_Region1Beijing_dri_Region12Anhui,0.0,0.0,0.0,4.133320996710711e7,0.0,0.0,0.0,4.133320996710711e7
dri_Region1Beijing_dri_Region13Fujian,0.0,0.0,0.0,3.670528285358894e7,0.0,0.0,0.0,3.670528285358894e7
dri_Region1Beijing_dri_Region14Jiangxi,0.0,0.0,0.0,3.892259500245291e7,0.0,0.0,0.0,3.892259500245291e7
dri_Region1Beijing_dri_Region15Shandong,0.0,0.0,0.0,2.9525993030803874e7,0.0,0.0,0.0,2.9525993030803874e7
dri_Region1Beijing_dri_Region16Henan,0.0,0.0,0.0,3.1351618200182516e7,0.0,0.0,0.0,3.1351618200182516e7
dri_Region1Beijing_dri_Region17Hubei,0.0,0.0,0.0,3.638431007518178e7,0.0,0.0,0.0,3.638431007518178e7
dri_Region1Beijing_dri_Region18Hunan,0.0,0.0,0.0,3.93654850456222e7,0.0,0.0,0.0,3.93654850456222e7
dri_Region1Beijing_dri_Region19Guangdong,0.0,0.0,0.0,3.854487133830058e7,0.0,0.0,0.0,3.854487133830058e7
dri_Region1Beijing_dri_Region20Guangxi,0.0,0.0,0.0,4.073587886773075e7,0.0,0.0,0.0,4.073587886773075e7
dri_Region1Beijing_dri_Region21Hainan,0.0,0.0,0.0,4.0901873894064166e7,0.0,0.0,0.0,4.0901873894064166e7
dri_Region1Beijing_dri_Region22Chongqing,0.0,0.0,0.0,4.185247726289001e7,0.0,0.0,0.0,4.185247726289001e7
dri_Region1Beijing_dri_Region23Sichuan,0.0,0.0,0.0,4.189582421193725e7,0.0,0.0,0.0,4.189582421193725e7
dri_Region1Beijing_dri_Region24Guizhou,0.0,0.0,0.0,4.356624391546582e7,0.0,0.0,0.0,4.356624391546582e7
dri_Region1Beijing_dri_Region25Yunnan,0.0,0.0,0.0,4.1208348717502646e7,0.0,0.0,0.0,4.1208348717502646e7
dri_Region1Beijing_dri_Region27Shaanxi,0.0,0.0,0.0,3.325933886465936e7,0.0,0.0,0.0,3.325933886465936e7
dri_Region1Beijing_dri_Region28Gansu,0.0,0.0,0.0,4.204724823691548e7,0.0,0.0,0.0,4.204724823691548e7
dri_Region1Beijing_dri_Region29Qinghai,0.0,0.0,0.0,4.3842512877649345e7,0.0,0.0,0.0,4.3842512877649345e7
dri_Region1Beijing_dri_Region30Ningxia,0.0,0.0,0.0,3.440475340142148e7,0.0,0.0,0.0,3.440475340142148e7
dri_Region1Beijing_dri_Region31Xinjiang,0.0,0.0,0.0,3.577925095682753e7,0.0,0.0,0.0,3.577925095682753e7
dri_Region2Tianjin_dri_Region1Beijing,0.0,0.0,0.0,2.825976341815863e7,0.0,0.0,0.0,2.825976341815863e7
dri_Region2Tianjin_dri_Region3Hebei,0.0,0.0,0.0,2.936243342046342e7,0.0,0.0,0.0,2.936243342046342e7
dri_Region2Tianjin_dri_Region4Shanxi,0.0,0.0,0.0,3.0678092114328023e7,0.0,0.0,0.0,3.0678092114328023e7
dri_Region2Tianjin_dri_Region5Innermongolia,0.0,0.0,0.0,3.08177608809329e7,0.0,0.0,0.0,3.08177608809329e7
dri_Region2Tianjin_dri_Region6Liaoning,0.0,0.0,0.0,3.1664820032229204e7,0.0,0.0,0.0,3.1664820032229204e7
dri_Region2Tianjin_dri_Region7Jilin,0.0,0.0,0.0,3.603890988230652e7,0.0,0.0,0.0,3.603890988230652e7
dri_Region2Tianjin_dri_Region8Heilongjiang,0.0,0.0,0.0,3.9036720550698936e7,0.0,0.0,0.0,3.9036720550698936e7
dri_Region2Tianjin_dri_Region9Shanghai,0.0,0.0,0.0,4.248409006603531e7,0.0,0.0,0.0,4.248409006603531e7
dri_Region2Tianjin_dri_Region10Jiangsu,0.0,0.0,0.0,3.97701777819746e7,0.0,0.0,0.0,3.97701777819746e7
dri_Region2Tianjin_dri_Region11Zhejiang,0.0,0.0,0.0,4.2920004987478465e7,0.0,0.0,0.0,4.2920004987478465e7
dri_Region2Tianjin_dri_Region12Anhui,0.0,0.0,0.0,4.022175630198732e7,0.0,0.0,0.0,4.022175630198732e7
dri_Region2Tianjin_dri_Region13Fujian,0.0,0.0,0.0,3.591257243502358e7,0.0,0.0,0.0,3.591257243502358e7
dri_Region2Tianjin_dri_Region14Jiangxi,0.0,0.0,0.0,3.825395501810283e7,0.0,0.0,0.0,3.825395501810283e7
dri_Region2Tianjin_dri_Region15Shandong,0.0,0.0,0.0,2.888054516454657e7,0.0,0.0,0.0,2.888054516454657e7
dri_Region2Tianjin_dri_Region16Henan,0.0,0.0,0.0,3.1270861224868864e7,0.0,0.0,0.0,3.1270861224868864e7
dri_Region2Tianjin_dri_Region17Hubei,0.0,0.0,0.0,3.611562115719305e7,0.0,0.0,0.0,3.611562115719305e7
dri_Region2Tianjin_dri_Region18Hunan,0.0,0.0,0.0,3.914906141133042e7,0.0,0.0,0.0,3.914906141133042e7
dri_Region2Tianjin_dri_Region19Guangdong,0.0,0.0,0.0,3.835184605526426e7,0.0,0.0,0.0,3.835184605526426e7
dri_Region2Tianjin_dri_Region20Guangxi,0.0,0.0,0.0,4.055899360404296e7,0.0,0.0,0.0,4.055899360404296e7
dri_Region2Tianjin_dri_Region21Hainan,0.0,0.0,0.0,4.073527296650923e7,0.0,0.0,0.0,4.073527296650923e7
dri_Region2Tianjin_dri_Region22Chongqing,0.0,0.0,0.0,4.19763902010894e7,0.0,0.0,0.0,4.19763902010894e7
dri_Region2Tianjin_dri_Region23Sichuan,0.0,0.0,0.0,4.195022583217109e7,0.0,0.0,0.0,4.195022583217109e7
dri_Region2Tianjin_dri_Region24Guizhou,0.0,0.0,0.0,4.3358124772961855e7,0.0,0.0,0.0,4.3358124772961855e7
dri_Region2Tianjin_dri_Region25Yunnan,0.0,0.0,0.0,4.1233948935658045e7,0.0,0.0,0.0,4.1233948935658045e7
dri_Region2Tianjin_dri_Region27Shaanxi,0.0,0.0,0.0,3.3317304281132534e7,0.0,0.0,0.0,3.3317304281132534e7
dri_Region2Tianjin_dri_Region28Gansu,0.0,0.0,0.0,4.2459257624691114e7,0.0,0.0,0.0,4.2459257624691114e7
dri_Region2Tianjin_dri_Region29Qinghai,0.0,0.0,0.0,4.417186577296482e7,0.0,0.0,0.0,4.417186577296482e7
dri_Region2Tianjin_dri_Region30Ningxia,0.0,0.0,0.0,3.473908279380027e7,0.0,0.0,0.0,3.473908279380027e7
dri_Region2Tianjin_dri_Region31Xinjiang,0.0,0.0,0.0,3.615758426593792e7,0.0,0.0,0.0,3.615758426593792e7
dri_Region3Hebei_dri_Region1Beijing,0.0,0.0,0.0,2.9360604840327226e7,0.0,0.0,0.0,2.9360604840327226e7
dri_Region3Hebei_dri_Region2Tianjin,0.0,0.0,0.0,2.972994109479925e7,0.0,0.0,0.0,2.972994109479925e7
dri_Region3Hebei_dri_Region4Shanxi,0.0,0.0,0.0,2.820456926629352e7,0.0,0.0,0.0,2.820456926629352e7
dri_Region3Hebei_dri_Region5Innermongolia,0.0,0.0,0.0,3.0597858992781933e7,0.0,0.0,0.0,3.0597858992781933e7
dri_Region3Hebei_dri_Region6Liaoning,0.0,0.0,0.0,3.470754388812867e7,0.0,0.0,0.0,3.470754388812867e7
dri_Region3Hebei_dri_Region7Jilin,0.0,0.0,0.0,3.94364316919051e7,0.0,0.0,0.0,3.94364316919051e7
dri_Region3Hebei_dri_Region8Heilongjiang,0.0,0.0,0.0,4.194900039534726e7,0.0,0.0,0.0,4.194900039534726e7
dri_Region3Hebei_dri_Region9Shanghai,0.0,0.0,0.0,3.8809626411445975e7,0.0,0.0,0.0,3.8809626411445975e7
dri_Region3Hebei_dri_Region10Jiangsu,0.0,0.0,0.0,3.5864521630665384e7,0.0,0.0,0.0,3.5864521630665384e7
dri_Region3Hebei_dri_Region11Zhejiang,0.0,0.0,0.0,3.9232620614191554e7,0.0,0.0,0.0,3.9232620614191554e7
dri_Region3Hebei_dri_Region12Anhui,0.0,0.0,0.0,3.543458323518119e7,0.0,0.0,0.0,3.543458323518119e7
dri_Region3Hebei_dri_Region13Fujian,0.0,0.0,0.0,3.5523204681062356e7,0.0,0.0,0.0,3.5523204681062356e7
dri_Region3Hebei_dri_Region14Jiangxi,0.0,0.0,0.0,3.660755688577815e7,0.0,0.0,0.0,3.660755688577815e7
dri_Region3Hebei_dri_Region15Shandong,0.0,0.0,0.0,2.8793836244122237e7,0.0,0.0,0.0,2.8793836244122237e7
dri_Region3Hebei_dri_Region16Henan,0.0,0.0,0.0,2.920251274275615e7,0.0,0.0,0.0,2.920251274275615e7
dri_Region3Hebei_dri_Region17Hubei,0.0,0.0,0.0,3.378494154044944e7,0.0,0.0,0.0,3.378494154044944e7
dri_Region3Hebei_dri_Region18Hunan,0.0,0.0,0.0,3.6789798526487656e7,0.0,0.0,0.0,3.6789798526487656e7
dri_Region3Hebei_dri_Region19Guangdong,0.0,0.0,0.0,3.704526735748808e7,0.0,0.0,0.0,3.704526735748808e7
dri_Region3Hebei_dri_Region20Guangxi,0.0,0.0,0.0,3.9138228213782065e7,0.0,0.0,0.0,3.9138228213782065e7
dri_Region3Hebei_dri_Region21Hainan,0.0,0.0,0.0,3.940768001944288e7,0.0,0.0,0.0,3.940768001944288e7
dri_Region3Hebei_dri_Region22Chongqing,0.0,0.0,0.0,3.964157038201518e7,0.0,0.0,0.0,3.964157038201518e7
dri_Region3Hebei_dri_Region23Sichuan,0.0,0.0,0.0,3.972116070336416e7,0.0,0.0,0.0,3.972116070336416e7
dri_Region3Hebei_dri_Region24Guizhou,0.0,0.0,0.0,4.17902748701394e7,0.0,0.0,0.0,4.17902748701394e7
dri_Region3Hebei_dri_Region25Yunnan,0.0,0.0,0.0,3.9709082976087414e7,0.0,0.0,0.0,3.9709082976087414e7
dri_Region3Hebei_dri_Region27Shaanxi,0.0,0.0,0.0,3.1409099867426928e7,0.0,0.0,0.0,3.1409099867426928e7
dri_Region3Hebei_dri_Region28Gansu,0.0,0.0,0.0,3.9409774676341645e7,0.0,0.0,0.0,3.9409774676341645e7
dri_Region3Hebei_dri_Region29Qinghai,0.0,0.0,0.0,4.151217964263157e7,0.0,0.0,0.0,4.151217964263157e7
dri_Region3Hebei_dri_Region30Ningxia,0.0,0.0,0.0,3.281494946004723e7,0.0,0.0,0.0,3.281494946004723e7
dri_Region3Hebei_dri_Region31Xinjiang,0.0,0.0,0.0,3.585240035277275e7,0.0,0.0,0.0,3.585240035277275e7
dri_Region4Shanxi_dri_Region1Beijing,0.0,0.0,0.0,3.053116628225869e7,0.0,0.0,0.0,3.053116628225869e7
dri_Region4Shanxi_dri_Region2Tianjin,0.0,0.0,0.0,3.0860992498562716e7,0.0,0.0,0.0,3.0860992498562716e7
dri_Region4Shanxi_dri_Region3Hebei,0.0,0.0,0.0,2.8045604320112117e7,0.0,0.0,0.0,2.8045604320112117e7
dri_Region4Shanxi_dri_Region5Innermongolia,0.0,0.0,0.0,2.935789166306514e7,0.0,0.0,0.0,2.935789166306514e7
dri_Region4Shanxi_dri_Region6Liaoning,0.0,0.0,0.0,3.693213921222042e7,0.0,0.0,0.0,3.693213921222042e7
dri_Region4Shanxi_dri_Region7Jilin,0.0,0.0,0.0,4.1453210497949935e7,0.0,0.0,0.0,4.1453210497949935e7
dri_Region4Shanxi_dri_Region8Heilongjiang,0.0,0.0,0.0,4.343360088177382e7,0.0,0.0,0.0,4.343360088177382e7
dri_Region4Shanxi_dri_Region9Shanghai,0.0,0.0,0.0,4.113921036879773e7,0.0,0.0,0.0,4.113921036879773e7
dri_Region4Shanxi_dri_Region10Jiangsu,0.0,0.0,0.0,3.871887352012081e7,0.0,0.0,0.0,3.871887352012081e7
dri_Region4Shanxi_dri_Region11Zhejiang,0.0,0.0,0.0,4.148296700882244e7,0.0,0.0,0.0,4.148296700882244e7
dri_Region4Shanxi_dri_Region12Anhui,0.0,0.0,0.0,3.732336845684637e7,0.0,0.0,0.0,3.732336845684637e7
dri_Region4Shanxi_dri_Region13Fujian,0.0,0.0,0.0,3.63104544389063e7,0.0,0.0,0.0,3.63104544389063e7
dri_Region4Shanxi_dri_Region14Jiangxi,0.0,0.0,0.0,3.760093571880752e7,0.0,0.0,0.0,3.760093571880752e7
dri_Region4Shanxi_dri_Region15Shandong,0.0,0.0,0.0,3.053908272391785e7,0.0,0.0,0.0,3.053908272391785e7
dri_Region4Shanxi_dri_Region16Henan,0.0,0.0,0.0,2.9696372074619174e7,0.0,0.0,0.0,2.9696372074619174e7
dri_Region4Shanxi_dri_Region17Hubei,0.0,0.0,0.0,3.432877783239047e7,0.0,0.0,0.0,3.432877783239047e7
dri_Region4Shanxi_dri_Region18Hunan,0.0,0.0,0.0,3.726135312508253e7,0.0,0.0,0.0,3.726135312508253e7
dri_Region4Shanxi_dri_Region19Guangdong,0.0,0.0,0.0,3.715987591635507e7,0.0,0.0,0.0,3.715987591635507e7
dri_Region4Shanxi_dri_Region20Guangxi,0.0,0.0,0.0,3.901234394856395e7,0.0,0.0,0.0,3.901234394856395e7
dri_Region4Shanxi_dri_Region21Hainan,0.0,0.0,0.0,3.9351996131274015e7,0.0,0.0,0.0,3.9351996131274015e7
dri_Region4Shanxi_dri_Region22Chongqing,0.0,0.0,0.0,3.7995649224076405e7,0.0,0.0,0.0,3.7995649224076405e7
dri_Region4Shanxi_dri_Region23Sichuan,0.0,0.0,0.0,3.813777292180845e7,0.0,0.0,0.0,3.813777292180845e7
dri_Region4Shanxi_dri_Region24Guizhou,0.0,0.0,0.0,4.069807978277252e7,0.0,0.0,0.0,4.069807978277252e7
dri_Region4Shanxi_dri_Region25Yunnan,0.0,0.0,0.0,3.8700481130485445e7,0.0,0.0,0.0,3.8700481130485445e7
dri_Region4Shanxi_dri_Region27Shaanxi,0.0,0.0,0.0,3.0339886956619404e7,0.0,0.0,0.0,3.0339886956619404e7
dri_Region4Shanxi_dri_Region28Gansu,0.0,0.0,0.0,3.721364594097627e7,0.0,0.0,0.0,3.721364594097627e7
dri_Region4Shanxi_dri_Region29Qinghai,0.0,0.0,0.0,3.957670682918931e7,0.0,0.0,0.0,3.957670682918931e7
dri_Region4Shanxi_dri_Region30Ningxia,0.0,0.0,0.0,3.144171873028512e7,0.0,0.0,0.0,3.144171873028512e7
dri_Region4Shanxi_dri_Region31Xinjiang,0.0,0.0,0.0,3.517215009085194e7,0.0,0.0,0.0,3.517215009085194e7
dri_Region5Innermongolia_dri_Region1Beijing,0.0,0.0,0.0,3.003656939648695e7,0.0,0.0,0.0,3.003656939648695e7
dri_Region5Innermongolia_dri_Region2Tianjin,0.0,0.0,0.0,3.0957636738340236e7,0.0,0.0,0.0,3.0957636738340236e7
dri_Region5Innermongolia_dri_Region3Hebei,0.0,0.0,0.0,3.0527583692596447e7,0.0,0.0,0.0,3.0527583692596447e7
dri_Region5Innermongolia_dri_Region4Shanxi,0.0,0.0,0.0,3.0415788853564747e7,0.0,0.0,0.0,3.0415788853564747e7
dri_Region5Innermongolia_dri_Region6Liaoning,0.0,0.0,0.0,3.502355473557065e7,0.0,0.0,0.0,3.502355473557065e7
dri_Region5Innermongolia_dri_Region7Jilin,0.0,0.0,0.0,3.648536546952109e7,0.0,0.0,0.0,3.648536546952109e7
dri_Region5Innermongolia_dri_Region8Heilongjiang,0.0,0.0,0.0,3.828917941163236e7,0.0,0.0,0.0,3.828917941163236e7
dri_Region5Innermongolia_dri_Region9Shanghai,0.0,0.0,0.0,3.8795466984604605e7,0.0,0.0,0.0,3.8795466984604605e7
dri_Region5Innermongolia_dri_Region10Jiangsu,0.0,0.0,0.0,3.704247142662583e7,0.0,0.0,0.0,3.704247142662583e7
dri_Region5Innermongolia_dri_Region11Zhejiang,0.0,0.0,0.0,3.903118680912446e7,0.0,0.0,0.0,3.903118680912446e7
dri_Region5Innermongolia_dri_Region12Anhui,0.0,0.0,0.0,3.682994312947609e7,0.0,0.0,0.0,3.682994312947609e7
dri_Region5Innermongolia_dri_Region13Fujian,0.0,0.0,0.0,3.875381931044238e7,0.0,0.0,0.0,3.875381931044238e7
dri_Region5Innermongolia_dri_Region14Jiangxi,0.0,0.0,0.0,3.9042565164177656e7,0.0,0.0,0.0,3.9042565164177656e7
dri_Region5Innermongolia_dri_Region15Shandong,0.0,0.0,0.0,3.2547132332068328e7,0.0,0.0,0.0,3.2547132332068328e7
dri_Region5Innermongolia_dri_Region16Henan,0.0,0.0,0.0,3.2590227008310292e7,0.0,0.0,0.0,3.2590227008310292e7
dri_Region5Innermongolia_dri_Region17Hubei,0.0,0.0,0.0,3.6597560548182875e7,0.0,0.0,0.0,3.6597560548182875e7
dri_Region5Innermongolia_dri_Region18Hunan,0.0,0.0,0.0,3.874707457782433e7,0.0,0.0,0.0,3.874707457782433e7
dri_Region5Innermongolia_dri_Region19Guangdong,0.0,0.0,0.0,3.948113392615209e7,0.0,0.0,0.0,3.948113392615209e7
dri_Region5Innermongolia_dri_Region20Guangxi,0.0,0.0,0.0,4.1272602099002525e7,0.0,0.0,0.0,4.1272602099002525e7
dri_Region5Innermongolia_dri_Region21Hainan,0.0,0.0,0.0,4.1467657882804e7,0.0,0.0,0.0,4.1467657882804e7
dri_Region5Innermongolia_dri_Region22Chongqing,0.0,0.0,0.0,3.903579400990175e7,0.0,0.0,0.0,3.903579400990175e7
dri_Region5Innermongolia_dri_Region23Sichuan,0.0,0.0,0.0,3.9092396108782455e7,0.0,0.0,0.0,3.9092396108782455e7
dri_Region5Innermongolia_dri_Region24Guizhou,0.0,0.0,0.0,4.10920498336643e7,0.0,0.0,0.0,4.10920498336643e7
dri_Region5Innermongolia_dri_Region25Yunnan,0.0,0.0,0.0,4.057458320764893e7,0.0,0.0,0.0,4.057458320764893e7
dri_Region5Innermongolia_dri_Region27Shaanxi,0.0,0.0,0.0,3.255047332495664e7,0.0,0.0,0.0,3.255047332495664e7
dri_Region5Innermongolia_dri_Region28Gansu,0.0,0.0,0.0,3.399081217141586e7,0.0,0.0,0.0,3.399081217141586e7
dri_Region5Innermongolia_dri_Region29Qinghai,0.0,0.0,0.0,3.558664256459025e7,0.0,0.0,0.0,3.558664256459025e7
dri_Region5Innermongolia_dri_Region30Ningxia,0.0,0.0,0.0,3.132482054726053e7,0.0,0.0,0.0,3.132482054726053e7
dri_Region5Innermongolia_dri_Region31Xinjiang,0.0,0.0,0.0,3.439974897434711e7,0.0,0.0,0.0,3.439974897434711e7
dri_Region6Liaoning_dri_Region1Beijing,0.0,0.0,0.0,3.1933652051295105e7,0.0,0.0,0.0,3.1933652051295105e7
dri_Region6Liaoning_dri_Region2Tianjin,0.0,0.0,0.0,3.180783824866904e7,0.0,0.0,0.0,3.180783824866904e7
dri_Region6Liaoning_dri_Region3Hebei,0.0,0.0,0.0,3.4780830560374215e7,0.0,0.0,0.0,3.4780830560374215e7
dri_Region6Liaoning_dri_Region4Shanxi,0.0,0.0,0.0,3.668422634769287e7,0.0,0.0,0.0,3.668422634769287e7
dri_Region6Liaoning_dri_Region5Innermongolia,0.0,0.0,0.0,3.5116269074835755e7,0.0,0.0,0.0,3.5116269074835755e7
dri_Region6Liaoning_dri_Region7Jilin,0.0,0.0,0.0,2.902512604619024e7,0.0,0.0,0.0,2.902512604619024e7
dri_Region6Liaoning_dri_Region8Heilongjiang,0.0,0.0,0.0,3.0801471882576432e7,0.0,0.0,0.0,3.0801471882576432e7
dri_Region6Liaoning_dri_Region9Shanghai,0.0,0.0,0.0,4.217242211219442e7,0.0,0.0,0.0,4.217242211219442e7
dri_Region6Liaoning_dri_Region10Jiangsu,0.0,0.0,0.0,4.056948427439939e7,0.0,0.0,0.0,4.056948427439939e7
dri_Region6Liaoning_dri_Region11Zhejiang,0.0,0.0,0.0,4.239580671795726e7,0.0,0.0,0.0,4.239580671795726e7
dri_Region6Liaoning_dri_Region12Anhui,0.0,0.0,0.0,4.071306621720429e7,0.0,0.0,0.0,4.071306621720429e7
dri_Region6Liaoning_dri_Region13Fujian,0.0,0.0,0.0,3.948193088941635e7,0.0,0.0,0.0,3.948193088941635e7
dri_Region6Liaoning_dri_Region14Jiangxi,0.0,0.0,0.0,4.302884478395517e7,0.0,0.0,0.0,4.302884478395517e7
dri_Region6Liaoning_dri_Region15Shandong,0.0,0.0,0.0,3.391980901462025e7,0.0,0.0,0.0,3.391980901462025e7
dri_Region6Liaoning_dri_Region16Henan,0.0,0.0,0.0,3.631039342400341e7,0.0,0.0,0.0,3.631039342400341e7
dri_Region6Liaoning_dri_Region17Hubei,0.0,0.0,0.0,4.175672515426727e7,0.0,0.0,0.0,4.175672515426727e7
dri_Region6Liaoning_dri_Region18Hunan,0.0,0.0,0.0,4.3833883688502334e7,0.0,0.0,0.0,4.3833883688502334e7
dri_Region6Liaoning_dri_Region19Guangdong,0.0,0.0,0.0,4.1329294813297145e7,0.0,0.0,0.0,4.1329294813297145e7
dri_Region6Liaoning_dri_Region20Guangxi,0.0,0.0,0.0,4.3703410788512915e7,0.0,0.0,0.0,4.3703410788512915e7
dri_Region6Liaoning_dri_Region21Hainan,0.0,0.0,0.0,4.3742057715830944e7,0.0,0.0,0.0,4.3742057715830944e7
dri_Region6Liaoning_dri_Region22Chongqing,0.0,0.0,0.0,4.5539036570274144e7,0.0,0.0,0.0,4.5539036570274144e7
dri_Region6Liaoning_dri_Region23Sichuan,0.0,0.0,0.0,4.550074461404506e7,0.0,0.0,0.0,4.550074461404506e7
dri_Region6Liaoning_dri_Region24Guizhou,0.0,0.0,0.0,4.648799646663928e7,0.0,0.0,0.0,4.648799646663928e7
dri_Region6Liaoning_dri_Region25Yunnan,0.0,0.0,0.0,4.401633622819304e7,0.0,0.0,0.0,4.401633622819304e7
dri_Region6Liaoning_dri_Region27Shaanxi,0.0,0.0,0.0,3.7923796940639235e7,0.0,0.0,0.0,3.7923796940639235e7
dri_Region6Liaoning_dri_Region28Gansu,0.0,0.0,0.0,4.463896738556044e7,0.0,0.0,0.0,4.463896738556044e7
dri_Region6Liaoning_dri_Region29Qinghai,0.0,0.0,0.0,4.564983005904241e7,0.0,0.0,0.0,4.564983005904241e7
dri_Region6Liaoning_dri_Region30Ningxia,0.0,0.0,0.0,3.946192565849398e7,0.0,0.0,0.0,3.946192565849398e7
dri_Region6Liaoning_dri_Region31Xinjiang,0.0,0.0,0.0,3.805392402810302e7,0.0,0.0,0.0,3.805392402810302e7
dri_Region7Jilin_dri_Region1Beijing,0.0,0.0,0.0,3.621571086401688e7,0.0,0.0,0.0,3.621571086401688e7
dri_Region7Jilin_dri_Region2Tianjin,0.0,0.0,0.0,3.621129097852267e7,0.0,0.0,0.0,3.621129097852267e7
dri_Region7Jilin_dri_Region3Hebei,0.0,0.0,0.0,3.961530357309291e7,0.0,0.0,0.0,3.961530357309291e7
dri_Region7Jilin_dri_Region4Shanxi,0.0,0.0,0.0,4.12725495869821e7,0.0,0.0,0.0,4.12725495869821e7
dri_Region7Jilin_dri_Region5Innermongolia,0.0,0.0,0.0,3.682633733880288e7,0.0,0.0,0.0,3.682633733880288e7
dri_Region7Jilin_dri_Region6Liaoning,0.0,0.0,0.0,2.9116647267570004e7,0.0,0.0,0.0,2.9116647267570004e7
dri_Region7Jilin_dri_Region8Heilongjiang,0.0,0.0,0.0,2.900091739462978e7,0.0,0.0,0.0,2.900091739462978e7
dri_Region7Jilin_dri_Region9Shanghai,0.0,0.0,0.0,4.551882754749627e7,0.0,0.0,0.0,4.551882754749627e7
dri_Region7Jilin_dri_Region10Jiangsu,0.0,0.0,0.0,4.4298408163223736e7,0.0,0.0,0.0,4.4298408163223736e7
dri_Region7Jilin_dri_Region11Zhejiang,0.0,0.0,0.0,4.564021397041028e7,0.0,0.0,0.0,4.564021397041028e7
dri_Region7Jilin_dri_Region12Anhui,0.0,0.0,0.0,4.449040309746147e7,0.0,0.0,0.0,4.449040309746147e7
dri_Region7Jilin_dri_Region13Fujian,0.0,0.0,0.0,4.087280192184335e7,0.0,0.0,0.0,4.087280192184335e7
dri_Region7Jilin_dri_Region14Jiangxi,0.0,0.0,0.0,4.463207924017456e7,0.0,0.0,0.0,4.463207924017456e7
dri_Region7Jilin_dri_Region15Shandong,0.0,0.0,0.0,3.7138893769196786e7,0.0,0.0,0.0,3.7138893769196786e7
dri_Region7Jilin_dri_Region16Henan,0.0,0.0,0.0,3.8609673837675884e7,0.0,0.0,0.0,3.8609673837675884e7
dri_Region7Jilin_dri_Region17Hubei,0.0,0.0,0.0,4.357281399466142e7,0.0,0.0,0.0,4.357281399466142e7
dri_Region7Jilin_dri_Region18Hunan,0.0,0.0,0.0,4.5340673073414415e7,0.0,0.0,0.0,4.5340673073414415e7
dri_Region7Jilin_dri_Region19Guangdong,0.0,0.0,0.0,4.2391372053947e7,0.0,0.0,0.0,4.2391372053947e7
dri_Region7Jilin_dri_Region20Guangxi,0.0,0.0,0.0,4.479274116253916e7,0.0,0.0,0.0,4.479274116253916e7
dri_Region7Jilin_dri_Region21Hainan,0.0,0.0,0.0,4.4797433172233306e7,0.0,0.0,0.0,4.4797433172233306e7
dri_Region7Jilin_dri_Region22Chongqing,0.0,0.0,0.0,4.6574875720027186e7,0.0,0.0,0.0,4.6574875720027186e7
dri_Region7Jilin_dri_Region23Sichuan,0.0,0.0,0.0,4.654879253157304e7,0.0,0.0,0.0,4.654879253157304e7
dri_Region7Jilin_dri_Region24Guizhou,0.0,0.0,0.0,4.737843293677584e7,0.0,0.0,0.0,4.737843293677584e7
dri_Region7Jilin_dri_Region25Yunnan,0.0,0.0,0.0,4.4976898366062954e7,0.0,0.0,0.0,4.4976898366062954e7
dri_Region7Jilin_dri_Region27Shaanxi,0.0,0.0,0.0,3.9777480189993545e7,0.0,0.0,0.0,3.9777480189993545e7
dri_Region7Jilin_dri_Region28Gansu,0.0,0.0,0.0,4.730739187621602e7,0.0,0.0,0.0,4.730739187621602e7
dri_Region7Jilin_dri_Region29Qinghai,0.0,0.0,0.0,4.786799048935589e7,0.0,0.0,0.0,4.786799048935589e7
dri_Region7Jilin_dri_Region30Ningxia,0.0,0.0,0.0,4.097511568601276e7,0.0,0.0,0.0,4.097511568601276e7
dri_Region7Jilin_dri_Region31Xinjiang,0.0,0.0,0.0,3.8345332707448274e7,0.0,0.0,0.0,3.8345332707448274e7
dri_Region8Heilongjiang_dri_Region1Beijing,0.0,0.0,0.0,3.910917470274187e7,0.0,0.0,0.0,3.910917470274187e7
dri_Region8Heilongjiang_dri_Region2Tianjin,0.0,0.0,0.0,3.909288393458112e7,0.0,0.0,0.0,3.909288393458112e7
dri_Region8Heilongjiang_dri_Region3Hebei,0.0,0.0,0.0,4.199998717713734e7,0.0,0.0,0.0,4.199998717713734e7
dri_Region8Heilongjiang_dri_Region4Shanxi,0.0,0.0,0.0,4.3438739394619755e7,0.0,0.0,0.0,4.3438739394619755e7
dri_Region8Heilongjiang_dri_Region5Innermongolia,0.0,0.0,0.0,3.8397348210206464e7,0.0,0.0,0.0,3.8397348210206464e7
dri_Region8Heilongjiang_dri_Region6Liaoning,0.0,0.0,0.0,3.08210767012976e7,0.0,0.0,0.0,3.08210767012976e7
dri_Region8Heilongjiang_dri_Region7Jilin,0.0,0.0,0.0,2.884294139985201e7,0.0,0.0,0.0,2.884294139985201e7
dri_Region8Heilongjiang_dri_Region9Shanghai,0.0,0.0,0.0,4.672519113864047e7,0.0,0.0,0.0,4.672519113864047e7
dri_Region8Heilongjiang_dri_Region10Jiangsu,0.0,0.0,0.0,4.57204822738853e7,0.0,0.0,0.0,4.57204822738853e7
dri_Region8Heilongjiang_dri_Region11Zhejiang,0.0,0.0,0.0,4.680728281452203e7,0.0,0.0,0.0,4.680728281452203e7
dri_Region8Heilongjiang_dri_Region12Anhui,0.0,0.0,0.0,4.591624873941924e7,0.0,0.0,0.0,4.591624873941924e7
dri_Region8Heilongjiang_dri_Region13Fujian,0.0,0.0,0.0,4.1927195926236406e7,0.0,0.0,0.0,4.1927195926236406e7
dri_Region8Heilongjiang_dri_Region14Jiangxi,0.0,0.0,0.0,4.5770711063030876e7,0.0,0.0,0.0,4.5770711063030876e7
dri_Region8Heilongjiang_dri_Region15Shandong,0.0,0.0,0.0,3.944041414058545e7,0.0,0.0,0.0,3.944041414058545e7
dri_Region8Heilongjiang_dri_Region16Henan,0.0,0.0,0.0,4.0272994428939566e7,0.0,0.0,0.0,4.0272994428939566e7
dri_Region8Heilongjiang_dri_Region17Hubei,0.0,0.0,0.0,4.492328878336376e7,0.0,0.0,0.0,4.492328878336376e7
dri_Region8Heilongjiang_dri_Region18Hunan,0.0,0.0,0.0,4.636705887807887e7,0.0,0.0,0.0,4.636705887807887e7
dri_Region8Heilongjiang_dri_Region19Guangdong,0.0,0.0,0.0,4.325622388737705e7,0.0,0.0,0.0,4.325622388737705e7
dri_Region8Heilongjiang_dri_Region20Guangxi,0.0,0.0,0.0,4.5599147682079524e7,0.0,0.0,0.0,4.5599147682079524e7
dri_Region8Heilongjiang_dri_Region21Hainan,0.0,0.0,0.0,4.557303032583936e7,0.0,0.0,0.0,4.557303032583936e7
dri_Region8Heilongjiang_dri_Region22Chongqing,0.0,0.0,0.0,4.738195622923794e7,0.0,0.0,0.0,4.738195622923794e7
dri_Region8Heilongjiang_dri_Region23Sichuan,0.0,0.0,0.0,4.735400606111004e7,0.0,0.0,0.0,4.735400606111004e7
dri_Region8Heilongjiang_dri_Region24Guizhou,0.0,0.0,0.0,4.801577393712055e7,0.0,0.0,0.0,4.801577393712055e7
dri_Region8Heilongjiang_dri_Region25Yunnan,0.0,0.0,0.0,4.5719496026435785e7,0.0,0.0,0.0,4.5719496026435785e7
dri_Region8Heilongjiang_dri_Region27Shaanxi,0.0,0.0,0.0,4.1157821809368946e7,0.0,0.0,0.0,4.1157821809368946e7
dri_Region8Heilongjiang_dri_Region28Gansu,0.0,0.0,0.0,4.810830731369345e7,0.0,0.0,0.0,4.810830731369345e7
dri_Region8Heilongjiang_dri_Region29Qinghai,0.0,0.0,0.0,4.851906916936117e7,0.0,0.0,0.0,4.851906916936117e7
dri_Region8Heilongjiang_dri_Region30Ningxia,0.0,0.0,0.0,4.2268244544752896e7,0.0,0.0,0.0,4.2268244544752896e7
dri_Region8Heilongjiang_dri_Region31Xinjiang,0.0,0.0,0.0,3.89516029055196e7,0.0,0.0,0.0,3.89516029055196e7
dri_Region9Shanghai_dri_Region1Beijing,0.0,0.0,0.0,4.3647600053258225e7,0.0,0.0,0.0,4.3647600053258225e7
dri_Region9Shanghai_dri_Region2Tianjin,0.0,0.0,0.0,4.2214611973904744e7,0.0,0.0,0.0,4.2214611973904744e7
dri_Region9Shanghai_dri_Region3Hebei,0.0,0.0,0.0,3.8666658458987564e7,0.0,0.0,0.0,3.8666658458987564e7
dri_Region9Shanghai_dri_Region4Shanxi,0.0,0.0,0.0,4.067787112996268e7,0.0,0.0,0.0,4.067787112996268e7
dri_Region9Shanghai_dri_Region5Innermongolia,0.0,0.0,0.0,3.892231007254788e7,0.0,0.0,0.0,3.892231007254788e7
dri_Region9Shanghai_dri_Region6Liaoning,0.0,0.0,0.0,4.181302473815178e7,0.0,0.0,0.0,4.181302473815178e7
dri_Region9Shanghai_dri_Region7Jilin,0.0,0.0,0.0,4.5353429028948106e7,0.0,0.0,0.0,4.5353429028948106e7
dri_Region9Shanghai_dri_Region8Heilongjiang,0.0,0.0,0.0,4.6479546868273385e7,0.0,0.0,0.0,4.6479546868273385e7
dri_Region9Shanghai_dri_Region10Jiangsu,0.0,0.0,0.0,3.0615830889384624e7,0.0,0.0,0.0,3.0615830889384624e7
dri_Region9Shanghai_dri_Region11Zhejiang,0.0,0.0,0.0,2.9241818093692202e7,0.0,0.0,0.0,2.9241818093692202e7
dri_Region9Shanghai_dri_Region12Anhui,0.0,0.0,0.0,3.167572046750747e7,0.0,0.0,0.0,3.167572046750747e7
dri_Region9Shanghai_dri_Region13Fujian,0.0,0.0,0.0,3.0344548970946986e7,0.0,0.0,0.0,3.0344548970946986e7
dri_Region9Shanghai_dri_Region14Jiangxi,0.0,0.0,0.0,3.1337969760999516e7,0.0,0.0,0.0,3.1337969760999516e7
dri_Region9Shanghai_dri_Region15Shandong,0.0,0.0,0.0,3.2787532069267917e7,0.0,0.0,0.0,3.2787532069267917e7
dri_Region9Shanghai_dri_Region16Henan,0.0,0.0,0.0,3.329814042423518e7,0.0,0.0,0.0,3.329814042423518e7
dri_Region9Shanghai_dri_Region17Hubei,0.0,0.0,0.0,3.2406087986838493e7,0.0,0.0,0.0,3.2406087986838493e7
dri_Region9Shanghai_dri_Region18Hunan,0.0,0.0,0.0,3.485052648353266e7,0.0,0.0,0.0,3.485052648353266e7
dri_Region9Shanghai_dri_Region19Guangdong,0.0,0.0,0.0,3.435542706575361e7,0.0,0.0,0.0,3.435542706575361e7
dri_Region9Shanghai_dri_Region20Guangxi,0.0,0.0,0.0,3.781719450855876e7,0.0,0.0,0.0,3.781719450855876e7
dri_Region9Shanghai_dri_Region21Hainan,0.0,0.0,0.0,3.7306671435375266e7,0.0,0.0,0.0,3.7306671435375266e7
dri_Region9Shanghai_dri_Region22Chongqing,0.0,0.0,0.0,4.0634897896847814e7,0.0,0.0,0.0,4.0634897896847814e7
dri_Region9Shanghai_dri_Region23Sichuan,0.0,0.0,0.0,4.252474809392937e7,0.0,0.0,0.0,4.252474809392937e7
dri_Region9Shanghai_dri_Region24Guizhou,0.0,0.0,0.0,4.152723764089207e7,0.0,0.0,0.0,4.152723764089207e7
dri_Region9Shanghai_dri_Region25Yunnan,0.0,0.0,0.0,3.984637654899987e7,0.0,0.0,0.0,3.984637654899987e7
dri_Region9Shanghai_dri_Region27Shaanxi,0.0,0.0,0.0,3.5265928206790656e7,0.0,0.0,0.0,3.5265928206790656e7
dri_Region9Shanghai_dri_Region28Gansu,0.0,0.0,0.0,4.611668587743382e7,0.0,0.0,0.0,4.611668587743382e7
dri_Region9Shanghai_dri_Region29Qinghai,0.0,0.0,0.0,4.7118782680012695e7,0.0,0.0,0.0,4.7118782680012695e7
dri_Region9Shanghai_dri_Region30Ningxia,0.0,0.0,0.0,4.038659283221393e7,0.0,0.0,0.0,4.038659283221393e7
dri_Region9Shanghai_dri_Region31Xinjiang,0.0,0.0,0.0,3.93614420609755e7,0.0,0.0,0.0,3.93614420609755e7
dri_Region10Jiangsu_dri_Region1Beijing,0.0,0.0,0.0,4.108336889450731e7,0.0,0.0,0.0,4.108336889450731e7
dri_Region10Jiangsu_dri_Region2Tianjin,0.0,0.0,0.0,3.962878064017692e7,0.0,0.0,0.0,3.962878064017692e7
dri_Region10Jiangsu_dri_Region3Hebei,0.0,0.0,0.0,3.577138150474949e7,0.0,0.0,0.0,3.577138150474949e7
dri_Region10Jiangsu_dri_Region4Shanxi,0.0,0.0,0.0,3.831792737836269e7,0.0,0.0,0.0,3.831792737836269e7
dri_Region10Jiangsu_dri_Region5Innermongolia,0.0,0.0,0.0,3.724857737906312e7,0.0,0.0,0.0,3.724857737906312e7
dri_Region10Jiangsu_dri_Region6Liaoning,0.0,0.0,0.0,4.047681682218018e7,0.0,0.0,0.0,4.047681682218018e7
dri_Region10Jiangsu_dri_Region7Jilin,0.0,0.0,0.0,4.441362458496885e7,0.0,0.0,0.0,4.441362458496885e7
dri_Region10Jiangsu_dri_Region8Heilongjiang,0.0,0.0,0.0,4.58644393039861e7,0.0,0.0,0.0,4.58644393039861e7
dri_Region10Jiangsu_dri_Region9Shanghai,0.0,0.0,0.0,3.0399497983848237e7,0.0,0.0,0.0,3.0399497983848237e7
dri_Region10Jiangsu_dri_Region11Zhejiang,0.0,0.0,0.0,3.0467831244979993e7,0.0,0.0,0.0,3.0467831244979993e7
dri_Region10Jiangsu_dri_Region12Anhui,0.0,0.0,0.0,2.912691831460532e7,0.0,0.0,0.0,2.912691831460532e7
dri_Region10Jiangsu_dri_Region13Fujian,0.0,0.0,0.0,3.0785864419225592e7,0.0,0.0,0.0,3.0785864419225592e7
dri_Region10Jiangsu_dri_Region14Jiangxi,0.0,0.0,0.0,3.0913789749524716e7,0.0,0.0,0.0,3.0913789749524716e7
dri_Region10Jiangsu_dri_Region15Shandong,0.0,0.0,0.0,3.1360454088296544e7,0.0,0.0,0.0,3.1360454088296544e7
dri_Region10Jiangsu_dri_Region16Henan,0.0,0.0,0.0,3.1325551948298983e7,0.0,0.0,0.0,3.1325551948298983e7
dri_Region10Jiangsu_dri_Region17Hubei,0.0,0.0,0.0,3.0729831750396073e7,0.0,0.0,0.0,3.0729831750396073e7
dri_Region10Jiangsu_dri_Region18Hunan,0.0,0.0,0.0,3.3065915362220515e7,0.0,0.0,0.0,3.3065915362220515e7
dri_Region10Jiangsu_dri_Region19Guangdong,0.0,0.0,0.0,3.407900137141673e7,0.0,0.0,0.0,3.407900137141673e7
dri_Region10Jiangsu_dri_Region20Guangxi,0.0,0.0,0.0,3.6814423349989004e7,0.0,0.0,0.0,3.6814423349989004e7
dri_Region10Jiangsu_dri_Region21Hainan,0.0,0.0,0.0,3.689325018882586e7,0.0,0.0,0.0,3.689325018882586e7
dri_Region10Jiangsu_dri_Region22Chongqing,0.0,0.0,0.0,3.842417398601086e7,0.0,0.0,0.0,3.842417398601086e7
dri_Region10Jiangsu_dri_Region23Sichuan,0.0,0.0,0.0,4.073686154539757e7,0.0,0.0,0.0,4.073686154539757e7
dri_Region10Jiangsu_dri_Region24Guizhou,0.0,0.0,0.0,3.967821970603316e7,0.0,0.0,0.0,3.967821970603316e7
dri_Region10Jiangsu_dri_Region25Yunnan,0.0,0.0,0.0,3.86019177529606e7,0.0,0.0,0.0,3.86019177529606e7
dri_Region10Jiangsu_dri_Region27Shaanxi,0.0,0.0,0.0,3.3214284203633297e7,0.0,0.0,0.0,3.3214284203633297e7
dri_Region10Jiangsu_dri_Region28Gansu,0.0,0.0,0.0,4.42962133410813e7,0.0,0.0,0.0,4.42962133410813e7
dri_Region10Jiangsu_dri_Region29Qinghai,0.0,0.0,0.0,4.583096375633727e7,0.0,0.0,0.0,4.583096375633727e7
dri_Region10Jiangsu_dri_Region30Ningxia,0.0,0.0,0.0,3.847239550298058e7,0.0,0.0,0.0,3.847239550298058e7
dri_Region10Jiangsu_dri_Region31Xinjiang,0.0,0.0,0.0,3.856496917907424e7,0.0,0.0,0.0,3.856496917907424e7
dri_Region11Zhejiang_dri_Region1Beijing,0.0,0.0,0.0,4.414485988266107e7,0.0,0.0,0.0,4.414485988266107e7
dri_Region11Zhejiang_dri_Region2Tianjin,0.0,0.0,0.0,4.278977704407513e7,0.0,0.0,0.0,4.278977704407513e7
dri_Region11Zhejiang_dri_Region3Hebei,0.0,0.0,0.0,3.91194407104698e7,0.0,0.0,0.0,3.91194407104698e7
dri_Region11Zhejiang_dri_Region4Shanxi,0.0,0.0,0.0,4.108012669165863e7,0.0,0.0,0.0,4.108012669165863e7
dri_Region11Zhejiang_dri_Region5Innermongolia,0.0,0.0,0.0,3.918479459220558e7,0.0,0.0,0.0,3.918479459220558e7
dri_Region11Zhejiang_dri_Region6Liaoning,0.0,0.0,0.0,4.2367498580336355e7,0.0,0.0,0.0,4.2367498580336355e7
dri_Region11Zhejiang_dri_Region7Jilin,0.0,0.0,0.0,4.5766832068479784e7,0.0,0.0,0.0,4.5766832068479784e7
dri_Region11Zhejiang_dri_Region8Heilongjiang,0.0,0.0,0.0,4.6808103156492494e7,0.0,0.0,0.0,4.6808103156492494e7
dri_Region11Zhejiang_dri_Region9Shanghai,0.0,0.0,0.0,2.8872494047823943e7,0.0,0.0,0.0,2.8872494047823943e7
dri_Region11Zhejiang_dri_Region10Jiangsu,0.0,0.0,0.0,3.0427863901925202e7,0.0,0.0,0.0,3.0427863901925202e7
dri_Region11Zhejiang_dri_Region12Anhui,0.0,0.0,0.0,3.064706541843144e7,0.0,0.0,0.0,3.064706541843144e7
dri_Region11Zhejiang_dri_Region13Fujian,0.0,0.0,0.0,2.9112037749026943e7,0.0,0.0,0.0,2.9112037749026943e7
dri_Region11Zhejiang_dri_Region14Jiangxi,0.0,0.0,0.0,2.9753324153128024e7,0.0,0.0,0.0,2.9753324153128024e7
dri_Region11Zhejiang_dri_Region15Shandong,0.0,0.0,0.0,3.309903709858603e7,0.0,0.0,0.0,3.309903709858603e7
dri_Region11Zhejiang_dri_Region16Henan,0.0,0.0,0.0,3.3111703045446996e7,0.0,0.0,0.0,3.3111703045446996e7
dri_Region11Zhejiang_dri_Region17Hubei,0.0,0.0,0.0,3.1519029590318482e7,0.0,0.0,0.0,3.1519029590318482e7
dri_Region11Zhejiang_dri_Region18Hunan,0.0,0.0,0.0,3.290514380482846e7,0.0,0.0,0.0,3.290514380482846e7
dri_Region11Zhejiang_dri_Region19Guangdong,0.0,0.0,0.0,3.3295408755073283e7,0.0,0.0,0.0,3.3295408755073283e7
dri_Region11Zhejiang_dri_Region20Guangxi,0.0,0.0,0.0,3.651155639293271e7,0.0,0.0,0.0,3.651155639293271e7
dri_Region11Zhejiang_dri_Region21Hainan,0.0,0.0,0.0,3.609768596128195e7,0.0,0.0,0.0,3.609768596128195e7
dri_Region11Zhejiang_dri_Region22Chongqing,0.0,0.0,0.0,3.988151386710289e7,0.0,0.0,0.0,3.988151386710289e7
dri_Region11Zhejiang_dri_Region23Sichuan,0.0,0.0,0.0,4.1903383423508584e7,0.0,0.0,0.0,4.1903383423508584e7
dri_Region11Zhejiang_dri_Region24Guizhou,0.0,0.0,0.0,4.023817124585331e7,0.0,0.0,0.0,4.023817124585331e7
dri_Region11Zhejiang_dri_Region25Yunnan,0.0,0.0,0.0,3.898204657393512e7,0.0,0.0,0.0,3.898204657393512e7
dri_Region11Zhejiang_dri_Region27Shaanxi,0.0,0.0,0.0,3.4758101284418024e7,0.0,0.0,0.0,3.4758101284418024e7
dri_Region11Zhejiang_dri_Region28Gansu,0.0,0.0,0.0,4.5865359229806945e7,0.0,0.0,0.0,4.5865359229806945e7
dri_Region11Zhejiang_dri_Region29Qinghai,0.0,0.0,0.0,4.695411852304025e7,0.0,0.0,0.0,4.695411852304025e7
dri_Region11Zhejiang_dri_Region30Ningxia,0.0,0.0,0.0,4.02733660719444e7,0.0,0.0,0.0,4.02733660719444e7
dri_Region11Zhejiang_dri_Region31Xinjiang,0.0,0.0,0.0,3.9235739336062305e7,0.0,0.0,0.0,3.9235739336062305e7
dri_Region12Anhui_dri_Region1Beijing,0.0,0.0,0.0,4.1290992330994576e7,0.0,0.0,0.0,4.1290992330994576e7
dri_Region12Anhui_dri_Region2Tianjin,0.0,0.0,0.0,4.024340725921044e7,0.0,0.0,0.0,4.024340725921044e7
dri_Region12Anhui_dri_Region3Hebei,0.0,0.0,0.0,3.542171515680588e7,0.0,0.0,0.0,3.542171515680588e7
dri_Region12Anhui_dri_Region4Shanxi,0.0,0.0,0.0,3.698655075394498e7,0.0,0.0,0.0,3.698655075394498e7
dri_Region12Anhui_dri_Region5Innermongolia,0.0,0.0,0.0,3.687739635530778e7,0.0,0.0,0.0,3.687739635530778e7
dri_Region12Anhui_dri_Region6Liaoning,0.0,0.0,0.0,4.071693202506905e7,0.0,0.0,0.0,4.071693202506905e7
dri_Region12Anhui_dri_Region7Jilin,0.0,0.0,0.0,4.455005413421436e7,0.0,0.0,0.0,4.455005413421436e7
dri_Region12Anhui_dri_Region8Heilongjiang,0.0,0.0,0.0,4.588825368651739e7,0.0,0.0,0.0,4.588825368651739e7
dri_Region12Anhui_dri_Region9Shanghai,0.0,0.0,0.0,3.1707818454529166e7,0.0,0.0,0.0,3.1707818454529166e7
dri_Region12Anhui_dri_Region10Jiangsu,0.0,0.0,0.0,2.8938851322668627e7,0.0,0.0,0.0,2.8938851322668627e7
dri_Region12Anhui_dri_Region11Zhejiang,0.0,0.0,0.0,3.1063149610845033e7,0.0,0.0,0.0,3.1063149610845033e7
dri_Region12Anhui_dri_Region13Fujian,0.0,0.0,0.0,3.0934678405420873e7,0.0,0.0,0.0,3.0934678405420873e7
dri_Region12Anhui_dri_Region14Jiangxi,0.0,0.0,0.0,2.971589979663208e7,0.0,0.0,0.0,2.971589979663208e7
dri_Region12Anhui_dri_Region15Shandong,0.0,0.0,0.0,3.1436242617606737e7,0.0,0.0,0.0,3.1436242617606737e7
dri_Region12Anhui_dri_Region16Henan,0.0,0.0,0.0,3.0513932497383732e7,0.0,0.0,0.0,3.0513932497383732e7
dri_Region12Anhui_dri_Region17Hubei,0.0,0.0,0.0,2.9813376542392008e7,0.0,0.0,0.0,2.9813376542392008e7
dri_Region12Anhui_dri_Region18Hunan,0.0,0.0,0.0,3.1749203498596344e7,0.0,0.0,0.0,3.1749203498596344e7
dri_Region12Anhui_dri_Region19Guangdong,0.0,0.0,0.0,3.3345479630270917e7,0.0,0.0,0.0,3.3345479630270917e7
dri_Region12Anhui_dri_Region20Guangxi,0.0,0.0,0.0,3.582753702396593e7,0.0,0.0,0.0,3.582753702396593e7
dri_Region12Anhui_dri_Region21Hainan,0.0,0.0,0.0,3.596217371205129e7,0.0,0.0,0.0,3.596217371205129e7
dri_Region12Anhui_dri_Region22Chongqing,0.0,0.0,0.0,3.6914208912018776e7,0.0,0.0,0.0,3.6914208912018776e7
dri_Region12Anhui_dri_Region23Sichuan,0.0,0.0,0.0,3.946568095458462e7,0.0,0.0,0.0,3.946568095458462e7
dri_Region12Anhui_dri_Region24Guizhou,0.0,0.0,0.0,3.827151582323611e7,0.0,0.0,0.0,3.827151582323611e7
dri_Region12Anhui_dri_Region25Yunnan,0.0,0.0,0.0,3.766692602462722e7,0.0,0.0,0.0,3.766692602462722e7
dri_Region12Anhui_dri_Region27Shaanxi,0.0,0.0,0.0,3.2092586224908244e7,0.0,0.0,0.0,3.2092586224908244e7
dri_Region12Anhui_dri_Region28Gansu,0.0,0.0,0.0,4.2964113264990695e7,0.0,0.0,0.0,4.2964113264990695e7
dri_Region12Anhui_dri_Region29Qinghai,0.0,0.0,0.0,4.474973423791635e7,0.0,0.0,0.0,4.474973423791635e7
dri_Region12Anhui_dri_Region30Ningxia,0.0,0.0,0.0,3.762041409258477e7,0.0,0.0,0.0,3.762041409258477e7
dri_Region12Anhui_dri_Region31Xinjiang,0.0,0.0,0.0,3.802387808507218e7,0.0,0.0,0.0,3.802387808507218e7
dri_Region13Fujian_dri_Region1Beijing,0.0,0.0,0.0,3.6595137245604634e7,0.0,0.0,0.0,3.6595137245604634e7
dri_Region13Fujian_dri_Region2Tianjin,0.0,0.0,0.0,3.5833758824732825e7,0.0,0.0,0.0,3.5833758824732825e7
dri_Region13Fujian_dri_Region3Hebei,0.0,0.0,0.0,3.542073435350201e7,0.0,0.0,0.0,3.542073435350201e7
dri_Region13Fujian_dri_Region4Shanxi,0.0,0.0,0.0,3.607453511816495e7,0.0,0.0,0.0,3.607453511816495e7
dri_Region13Fujian_dri_Region5Innermongolia,0.0,0.0,0.0,3.871191430902019e7,0.0,0.0,0.0,3.871191430902019e7
dri_Region13Fujian_dri_Region6Liaoning,0.0,0.0,0.0,3.94218816535877e7,0.0,0.0,0.0,3.94218816535877e7
dri_Region13Fujian_dri_Region7Jilin,0.0,0.0,0.0,4.08699053503386e7,0.0,0.0,0.0,4.08699053503386e7
dri_Region13Fujian_dri_Region8Heilongjiang,0.0,0.0,0.0,4.195924773636328e7,0.0,0.0,0.0,4.195924773636328e7
dri_Region13Fujian_dri_Region9Shanghai,0.0,0.0,0.0,3.0420372797967963e7,0.0,0.0,0.0,3.0420372797967963e7
dri_Region13Fujian_dri_Region10Jiangsu,0.0,0.0,0.0,3.0848670832965188e7,0.0,0.0,0.0,3.0848670832965188e7
dri_Region13Fujian_dri_Region11Zhejiang,0.0,0.0,0.0,2.972152822387318e7,0.0,0.0,0.0,2.972152822387318e7
dri_Region13Fujian_dri_Region12Anhui,0.0,0.0,0.0,3.096788082758262e7,0.0,0.0,0.0,3.096788082758262e7
dri_Region13Fujian_dri_Region14Jiangxi,0.0,0.0,0.0,2.8467554071801774e7,0.0,0.0,0.0,2.8467554071801774e7
dri_Region13Fujian_dri_Region15Shandong,0.0,0.0,0.0,3.427613760533732e7,0.0,0.0,0.0,3.427613760533732e7
dri_Region13Fujian_dri_Region16Henan,0.0,0.0,0.0,3.355543901478141e7,0.0,0.0,0.0,3.355543901478141e7
dri_Region13Fujian_dri_Region17Hubei,0.0,0.0,0.0,3.0946517330225337e7,0.0,0.0,0.0,3.0946517330225337e7
dri_Region13Fujian_dri_Region18Hunan,0.0,0.0,0.0,3.0641812713193133e7,0.0,0.0,0.0,3.0641812713193133e7
dri_Region13Fujian_dri_Region19Guangdong,0.0,0.0,0.0,3.1208930542030085e7,0.0,0.0,0.0,3.1208930542030085e7
dri_Region13Fujian_dri_Region20Guangxi,0.0,0.0,0.0,3.390878626518757e7,0.0,0.0,0.0,3.390878626518757e7
dri_Region13Fujian_dri_Region21Hainan,0.0,0.0,0.0,3.2541330700179316e7,0.0,0.0,0.0,3.2541330700179316e7
dri_Region13Fujian_dri_Region22Chongqing,0.0,0.0,0.0,3.504871104038983e7,0.0,0.0,0.0,3.504871104038983e7
dri_Region13Fujian_dri_Region23Sichuan,0.0,0.0,0.0,3.720480638589314e7,0.0,0.0,0.0,3.720480638589314e7
dri_Region13Fujian_dri_Region24Guizhou,0.0,0.0,0.0,3.4191369775509834e7,0.0,0.0,0.0,3.4191369775509834e7
dri_Region13Fujian_dri_Region25Yunnan,0.0,0.0,0.0,3.787767681623416e7,0.0,0.0,0.0,3.787767681623416e7
dri_Region13Fujian_dri_Region27Shaanxi,0.0,0.0,0.0,3.506929301415889e7,0.0,0.0,0.0,3.506929301415889e7
dri_Region13Fujian_dri_Region28Gansu,0.0,0.0,0.0,3.874910190422521e7,0.0,0.0,0.0,3.874910190422521e7
dri_Region13Fujian_dri_Region29Qinghai,0.0,0.0,0.0,3.9899350232645765e7,0.0,0.0,0.0,3.9899350232645765e7
dri_Region13Fujian_dri_Region30Ningxia,0.0,0.0,0.0,3.874667434570095e7,0.0,0.0,0.0,3.874667434570095e7
dri_Region13Fujian_dri_Region31Xinjiang,0.0,0.0,0.0,4.0118256726881154e7,0.0,0.0,0.0,4.0118256726881154e7
dri_Region14Jiangxi_dri_Region1Beijing,0.0,0.0,0.0,3.8660255342257366e7,0.0,0.0,0.0,3.8660255342257366e7
dri_Region14Jiangxi_dri_Region2Tianjin,0.0,0.0,0.0,3.801503550278221e7,0.0,0.0,0.0,3.801503550278221e7
dri_Region14Jiangxi_dri_Region3Hebei,0.0,0.0,0.0,3.635743681089415e7,0.0,0.0,0.0,3.635743681089415e7
dri_Region14Jiangxi_dri_Region4Shanxi,0.0,0.0,0.0,3.69962905885348e7,0.0,0.0,0.0,3.69962905885348e7
dri_Region14Jiangxi_dri_Region5Innermongolia,0.0,0.0,0.0,3.881098353558676e7,0.0,0.0,0.0,3.881098353558676e7
dri_Region14Jiangxi_dri_Region6Liaoning,0.0,0.0,0.0,4.293227104854745e7,0.0,0.0,0.0,4.293227104854745e7
dri_Region14Jiangxi_dri_Region7Jilin,0.0,0.0,0.0,4.4593778390350565e7,0.0,0.0,0.0,4.4593778390350565e7
dri_Region14Jiangxi_dri_Region8Heilongjiang,0.0,0.0,0.0,4.5716364926768705e7,0.0,0.0,0.0,4.5716364926768705e7
dri_Region14Jiangxi_dri_Region9Shanghai,0.0,0.0,0.0,3.137456391385739e7,0.0,0.0,0.0,3.137456391385739e7
dri_Region14Jiangxi_dri_Region10Jiangsu,0.0,0.0,0.0,3.0851950991362132e7,0.0,0.0,0.0,3.0851950991362132e7
dri_Region14Jiangxi_dri_Region11Zhejiang,0.0,0.0,0.0,3.023756385169597e7,0.0,0.0,0.0,3.023756385169597e7
dri_Region14Jiangxi_dri_Region12Anhui,0.0,0.0,0.0,2.9623765673762534e7,0.0,0.0,0.0,2.9623765673762534e7
dri_Region14Jiangxi_dri_Region13Fujian,0.0,0.0,0.0,2.8919786303123962e7,0.0,0.0,0.0,2.8919786303123962e7
dri_Region14Jiangxi_dri_Region15Shandong,0.0,0.0,0.0,3.5201962207495496e7,0.0,0.0,0.0,3.5201962207495496e7
dri_Region14Jiangxi_dri_Region16Henan,0.0,0.0,0.0,3.2166336578457218e7,0.0,0.0,0.0,3.2166336578457218e7
dri_Region14Jiangxi_dri_Region17Hubei,0.0,0.0,0.0,2.876727730720761e7,0.0,0.0,0.0,2.876727730720761e7
dri_Region14Jiangxi_dri_Region18Hunan,0.0,0.0,0.0,2.841530321553675e7,0.0,0.0,0.0,2.841530321553675e7
dri_Region14Jiangxi_dri_Region19Guangdong,0.0,0.0,0.0,2.9592363554576397e7,0.0,0.0,0.0,2.9592363554576397e7
dri_Region14Jiangxi_dri_Region20Guangxi,0.0,0.0,0.0,3.2571437027820174e7,0.0,0.0,0.0,3.2571437027820174e7
dri_Region14Jiangxi_dri_Region21Hainan,0.0,0.0,0.0,3.267307973801475e7,0.0,0.0,0.0,3.267307973801475e7
dri_Region14Jiangxi_dri_Region22Chongqing,0.0,0.0,0.0,3.497087863229904e7,0.0,0.0,0.0,3.497087863229904e7
dri_Region14Jiangxi_dri_Region23Sichuan,0.0,0.0,0.0,3.824225642198967e7,0.0,0.0,0.0,3.824225642198967e7
dri_Region14Jiangxi_dri_Region24Guizhou,0.0,0.0,0.0,3.358478828667879e7,0.0,0.0,0.0,3.358478828667879e7
dri_Region14Jiangxi_dri_Region25Yunnan,0.0,0.0,0.0,3.542153941519207e7,0.0,0.0,0.0,3.542153941519207e7
dri_Region14Jiangxi_dri_Region27Shaanxi,0.0,0.0,0.0,3.2811502911245283e7,0.0,0.0,0.0,3.2811502911245283e7
dri_Region14Jiangxi_dri_Region28Gansu,0.0,0.0,0.0,4.0827655808284275e7,0.0,0.0,0.0,4.0827655808284275e7
dri_Region14Jiangxi_dri_Region29Qinghai,0.0,0.0,0.0,4.238697767753718e7,0.0,0.0,0.0,4.238697767753718e7
dri_Region14Jiangxi_dri_Region30Ningxia,0.0,0.0,0.0,3.8696296639144085e7,0.0,0.0,0.0,3.8696296639144085e7
dri_Region14Jiangxi_dri_Region31Xinjiang,0.0,0.0,0.0,3.842801698252974e7,0.0,0.0,0.0,3.842801698252974e7
dri_Region15Shandong_dri_Region1Beijing,0.0,0.0,0.0,2.9509808986620348e7,0.0,0.0,0.0,2.9509808986620348e7
dri_Region15Shandong_dri_Region2Tianjin,0.0,0.0,0.0,2.9116593672454774e7,0.0,0.0,0.0,2.9116593672454774e7
dri_Region15Shandong_dri_Region3Hebei,0.0,0.0,0.0,2.875273976345325e7,0.0,0.0,0.0,2.875273976345325e7
dri_Region15Shandong_dri_Region4Shanxi,0.0,0.0,0.0,3.0521265705239754e7,0.0,0.0,0.0,3.0521265705239754e7
dri_Region15Shandong_dri_Region5Innermongolia,0.0,0.0,0.0,3.2747923618938293e7,0.0,0.0,0.0,3.2747923618938293e7
dri_Region15Shandong_dri_Region6Liaoning,0.0,0.0,0.0,3.388879481542888e7,0.0,0.0,0.0,3.388879481542888e7
dri_Region15Shandong_dri_Region7Jilin,0.0,0.0,0.0,3.704337088400314e7,0.0,0.0,0.0,3.704337088400314e7
dri_Region15Shandong_dri_Region8Heilongjiang,0.0,0.0,0.0,3.9441208700858064e7,0.0,0.0,0.0,3.9441208700858064e7
dri_Region15Shandong_dri_Region9Shanghai,0.0,0.0,0.0,3.28710146565487e7,0.0,0.0,0.0,3.28710146565487e7
dri_Region15Shandong_dri_Region10Jiangsu,0.0,0.0,0.0,3.1353682793116413e7,0.0,0.0,0.0,3.1353682793116413e7
dri_Region15Shandong_dri_Region11Zhejiang,0.0,0.0,0.0,3.3223557347907204e7,0.0,0.0,0.0,3.3223557347907204e7
dri_Region15Shandong_dri_Region12Anhui,0.0,0.0,0.0,3.1376740490732223e7,0.0,0.0,0.0,3.1376740490732223e7
dri_Region15Shandong_dri_Region13Fujian,0.0,0.0,0.0,3.4356322832128994e7,0.0,0.0,0.0,3.4356322832128994e7
dri_Region15Shandong_dri_Region14Jiangxi,0.0,0.0,0.0,3.547952862342476e7,0.0,0.0,0.0,3.547952862342476e7
dri_Region15Shandong_dri_Region16Henan,0.0,0.0,0.0,2.9708929016772e7,0.0,0.0,0.0,2.9708929016772e7
dri_Region15Shandong_dri_Region17Hubei,0.0,0.0,0.0,3.3280485261321615e7,0.0,0.0,0.0,3.3280485261321615e7
dri_Region15Shandong_dri_Region18Hunan,0.0,0.0,0.0,3.648802744640716e7,0.0,0.0,0.0,3.648802744640716e7
dri_Region15Shandong_dri_Region19Guangdong,0.0,0.0,0.0,3.67527386564431e7,0.0,0.0,0.0,3.67527386564431e7
dri_Region15Shandong_dri_Region20Guangxi,0.0,0.0,0.0,3.912690908042778e7,0.0,0.0,0.0,3.912690908042778e7
dri_Region15Shandong_dri_Region21Hainan,0.0,0.0,0.0,3.9287102782480314e7,0.0,0.0,0.0,3.9287102782480314e7
dri_Region15Shandong_dri_Region22Chongqing,0.0,0.0,0.0,4.004133676540093e7,0.0,0.0,0.0,4.004133676540093e7
dri_Region15Shandong_dri_Region23Sichuan,0.0,0.0,0.0,4.061534048235671e7,0.0,0.0,0.0,4.061534048235671e7
dri_Region15Shandong_dri_Region24Guizhou,0.0,0.0,0.0,4.1648475934643105e7,0.0,0.0,0.0,4.1648475934643105e7
dri_Region15Shandong_dri_Region25Yunnan,0.0,0.0,0.0,3.991102492884952e7,0.0,0.0,0.0,3.991102492884952e7
dri_Region15Shandong_dri_Region27Shaanxi,0.0,0.0,0.0,3.2038142086666107e7,0.0,0.0,0.0,3.2038142086666107e7
dri_Region15Shandong_dri_Region28Gansu,0.0,0.0,0.0,3.875251380623528e7,0.0,0.0,0.0,3.875251380623528e7
dri_Region15Shandong_dri_Region29Qinghai,0.0,0.0,0.0,4.048428727638526e7,0.0,0.0,0.0,4.048428727638526e7
dri_Region15Shandong_dri_Region30Ningxia,0.0,0.0,0.0,3.46147023143428e7,0.0,0.0,0.0,3.46147023143428e7
dri_Region15Shandong_dri_Region31Xinjiang,0.0,0.0,0.0,3.6949486160303995e7,0.0,0.0,0.0,3.6949486160303995e7
dri_Region16Henan_dri_Region1Beijing,0.0,0.0,0.0,3.1303922549145464e7,0.0,0.0,0.0,3.1303922549145464e7
dri_Region16Henan_dri_Region2Tianjin,0.0,0.0,0.0,3.131574538254594e7,0.0,0.0,0.0,3.131574538254594e7
dri_Region16Henan_dri_Region3Hebei,0.0,0.0,0.0,2.914094870201503e7,0.0,0.0,0.0,2.914094870201503e7
dri_Region16Henan_dri_Region4Shanxi,0.0,0.0,0.0,2.9824368269458674e7,0.0,0.0,0.0,2.9824368269458674e7
dri_Region16Henan_dri_Region5Innermongolia,0.0,0.0,0.0,3.259774410902211e7,0.0,0.0,0.0,3.259774410902211e7
dri_Region16Henan_dri_Region6Liaoning,0.0,0.0,0.0,3.6236872324337594e7,0.0,0.0,0.0,3.6236872324337594e7
dri_Region16Henan_dri_Region7Jilin,0.0,0.0,0.0,3.855177484854142e7,0.0,0.0,0.0,3.855177484854142e7
dri_Region16Henan_dri_Region8Heilongjiang,0.0,0.0,0.0,4.017973640500002e7,0.0,0.0,0.0,4.017973640500002e7
dri_Region16Henan_dri_Region9Shanghai,0.0,0.0,0.0,3.3242059273475967e7,0.0,0.0,0.0,3.3242059273475967e7
dri_Region16Henan_dri_Region10Jiangsu,0.0,0.0,0.0,3.1329301190457553e7,0.0,0.0,0.0,3.1329301190457553e7
dri_Region16Henan_dri_Region11Zhejiang,0.0,0.0,0.0,3.323191670051333e7,0.0,0.0,0.0,3.323191670051333e7
dri_Region16Henan_dri_Region12Anhui,0.0,0.0,0.0,3.046070486638131e7,0.0,0.0,0.0,3.046070486638131e7
dri_Region16Henan_dri_Region13Fujian,0.0,0.0,0.0,3.3630849856111966e7,0.0,0.0,0.0,3.3630849856111966e7
dri_Region16Henan_dri_Region14Jiangxi,0.0,0.0,0.0,3.2445562148997866e7,0.0,0.0,0.0,3.2445562148997866e7
dri_Region16Henan_dri_Region15Shandong,0.0,0.0,0.0,2.9704298662223026e7,0.0,0.0,0.0,2.9704298662223026e7
dri_Region16Henan_dri_Region17Hubei,0.0,0.0,0.0,3.0412085657071434e7,0.0,0.0,0.0,3.0412085657071434e7
dri_Region16Henan_dri_Region18Hunan,0.0,0.0,0.0,3.216050539933738e7,0.0,0.0,0.0,3.216050539933738e7
dri_Region16Henan_dri_Region19Guangdong,0.0,0.0,0.0,3.471672611084791e7,0.0,0.0,0.0,3.471672611084791e7
dri_Region16Henan_dri_Region20Guangxi,0.0,0.0,0.0,3.6490162889565215e7,0.0,0.0,0.0,3.6490162889565215e7
dri_Region16Henan_dri_Region21Hainan,0.0,0.0,0.0,3.698304351077175e7,0.0,0.0,0.0,3.698304351077175e7
dri_Region16Henan_dri_Region22Chongqing,0.0,0.0,0.0,3.5101572631179154e7,0.0,0.0,0.0,3.5101572631179154e7
dri_Region16Henan_dri_Region23Sichuan,0.0,0.0,0.0,3.5214904874456756e7,0.0,0.0,0.0,3.5214904874456756e7
dri_Region16Henan_dri_Region24Guizhou,0.0,0.0,0.0,3.644976440878922e7,0.0,0.0,0.0,3.644976440878922e7
dri_Region16Henan_dri_Region25Yunnan,0.0,0.0,0.0,3.76853052412333e7,0.0,0.0,0.0,3.76853052412333e7
dri_Region16Henan_dri_Region27Shaanxi,0.0,0.0,0.0,2.9540959912734516e7,0.0,0.0,0.0,2.9540959912734516e7
dri_Region16Henan_dri_Region28Gansu,0.0,0.0,0.0,3.427954403359982e7,0.0,0.0,0.0,3.427954403359982e7
dri_Region16Henan_dri_Region29Qinghai,0.0,0.0,0.0,3.5978279966036566e7,0.0,0.0,0.0,3.5978279966036566e7
dri_Region16Henan_dri_Region30Ningxia,0.0,0.0,0.0,3.3302153023440666e7,0.0,0.0,0.0,3.3302153023440666e7
dri_Region16Henan_dri_Region31Xinjiang,0.0,0.0,0.0,3.6410193539223306e7,0.0,0.0,0.0,3.6410193539223306e7
dri_Region17Hubei_dri_Region1Beijing,0.0,0.0,0.0,3.6230350630605854e7,0.0,0.0,0.0,3.6230350630605854e7
dri_Region17Hubei_dri_Region2Tianjin,0.0,0.0,0.0,3.6028320680896744e7,0.0,0.0,0.0,3.6028320680896744e7
dri_Region17Hubei_dri_Region3Hebei,0.0,0.0,0.0,3.3681008155042e7,0.0,0.0,0.0,3.3681008155042e7
dri_Region17Hubei_dri_Region4Shanxi,0.0,0.0,0.0,3.412207200607238e7,0.0,0.0,0.0,3.412207200607238e7
dri_Region17Hubei_dri_Region5Innermongolia,0.0,0.0,0.0,3.662350166866063e7,0.0,0.0,0.0,3.662350166866063e7
dri_Region17Hubei_dri_Region6Liaoning,0.0,0.0,0.0,4.1772575741614334e7,0.0,0.0,0.0,4.1772575741614334e7
dri_Region17Hubei_dri_Region7Jilin,0.0,0.0,0.0,4.366941632637404e7,0.0,0.0,0.0,4.366941632637404e7
dri_Region17Hubei_dri_Region8Heilongjiang,0.0,0.0,0.0,4.495225890072327e7,0.0,0.0,0.0,4.495225890072327e7
dri_Region17Hubei_dri_Region9Shanghai,0.0,0.0,0.0,3.2366031923659336e7,0.0,0.0,0.0,3.2366031923659336e7
dri_Region17Hubei_dri_Region10Jiangsu,0.0,0.0,0.0,3.07340439833891e7,0.0,0.0,0.0,3.07340439833891e7
dri_Region17Hubei_dri_Region11Zhejiang,0.0,0.0,0.0,3.1714441160090268e7,0.0,0.0,0.0,3.1714441160090268e7
dri_Region17Hubei_dri_Region12Anhui,0.0,0.0,0.0,2.977505611688343e7,0.0,0.0,0.0,2.977505611688343e7
dri_Region17Hubei_dri_Region13Fujian,0.0,0.0,0.0,3.0928575150264196e7,0.0,0.0,0.0,3.0928575150264196e7
dri_Region17Hubei_dri_Region14Jiangxi,0.0,0.0,0.0,2.938008149153453e7,0.0,0.0,0.0,2.938008149153453e7
dri_Region17Hubei_dri_Region15Shandong,0.0,0.0,0.0,3.3194553142535944e7,0.0,0.0,0.0,3.3194553142535944e7
dri_Region17Hubei_dri_Region16Henan,0.0,0.0,0.0,3.041046871531137e7,0.0,0.0,0.0,3.041046871531137e7
dri_Region17Hubei_dri_Region18Hunan,0.0,0.0,0.0,2.9208129430675562e7,0.0,0.0,0.0,2.9208129430675562e7
dri_Region17Hubei_dri_Region19Guangdong,0.0,0.0,0.0,3.2199556162836492e7,0.0,0.0,0.0,3.2199556162836492e7
dri_Region17Hubei_dri_Region20Guangxi,0.0,0.0,0.0,3.3213223720305458e7,0.0,0.0,0.0,3.3213223720305458e7
dri_Region17Hubei_dri_Region21Hainan,0.0,0.0,0.0,3.374811788197914e7,0.0,0.0,0.0,3.374811788197914e7
dri_Region17Hubei_dri_Region22Chongqing,0.0,0.0,0.0,3.304210108812267e7,0.0,0.0,0.0,3.304210108812267e7
dri_Region17Hubei_dri_Region23Sichuan,0.0,0.0,0.0,3.581044445581551e7,0.0,0.0,0.0,3.581044445581551e7
dri_Region17Hubei_dri_Region24Guizhou,0.0,0.0,0.0,3.372190139134329e7,0.0,0.0,0.0,3.372190139134329e7
dri_Region17Hubei_dri_Region25Yunnan,0.0,0.0,0.0,3.514892919173367e7,0.0,0.0,0.0,3.514892919173367e7
dri_Region17Hubei_dri_Region27Shaanxi,0.0,0.0,0.0,3.11074624680636e7,0.0,0.0,0.0,3.11074624680636e7
dri_Region17Hubei_dri_Region28Gansu,0.0,0.0,0.0,3.823269841696436e7,0.0,0.0,0.0,3.823269841696436e7
dri_Region17Hubei_dri_Region29Qinghai,0.0,0.0,0.0,4.016714434844703e7,0.0,0.0,0.0,4.016714434844703e7
dri_Region17Hubei_dri_Region30Ningxia,0.0,0.0,0.0,3.6417751356897734e7,0.0,0.0,0.0,3.6417751356897734e7
dri_Region17Hubei_dri_Region31Xinjiang,0.0,0.0,0.0,3.745320824546483e7,0.0,0.0,0.0,3.745320824546483e7
dri_Region18Hunan_dri_Region1Beijing,0.0,0.0,0.0,3.935106497337862e7,0.0,0.0,0.0,3.935106497337862e7
dri_Region18Hunan_dri_Region2Tianjin,0.0,0.0,0.0,3.916926469049173e7,0.0,0.0,0.0,3.916926469049173e7
dri_Region18Hunan_dri_Region3Hebei,0.0,0.0,0.0,3.676432807648445e7,0.0,0.0,0.0,3.676432807648445e7
dri_Region18Hunan_dri_Region4Shanxi,0.0,0.0,0.0,3.693655827719824e7,0.0,0.0,0.0,3.693655827719824e7
dri_Region18Hunan_dri_Region5Innermongolia,0.0,0.0,0.0,3.865174077562437e7,0.0,0.0,0.0,3.865174077562437e7
dri_Region18Hunan_dri_Region6Liaoning,0.0,0.0,0.0,4.372120023555337e7,0.0,0.0,0.0,4.372120023555337e7
dri_Region18Hunan_dri_Region7Jilin,0.0,0.0,0.0,4.525405795173343e7,0.0,0.0,0.0,4.525405795173343e7
dri_Region18Hunan_dri_Region8Heilongjiang,0.0,0.0,0.0,4.618437992574668e7,0.0,0.0,0.0,4.618437992574668e7
dri_Region18Hunan_dri_Region9Shanghai,0.0,0.0,0.0,3.4793011170151025e7,0.0,0.0,0.0,3.4793011170151025e7
dri_Region18Hunan_dri_Region10Jiangsu,0.0,0.0,0.0,3.3073455973740287e7,0.0,0.0,0.0,3.3073455973740287e7
dri_Region18Hunan_dri_Region11Zhejiang,0.0,0.0,0.0,3.308566970442001e7,0.0,0.0,0.0,3.308566970442001e7
dri_Region18Hunan_dri_Region12Anhui,0.0,0.0,0.0,3.165357597131841e7,0.0,0.0,0.0,3.165357597131841e7
dri_Region18Hunan_dri_Region13Fujian,0.0,0.0,0.0,3.0558490460013397e7,0.0,0.0,0.0,3.0558490460013397e7
dri_Region18Hunan_dri_Region14Jiangxi,0.0,0.0,0.0,2.9012758562640477e7,0.0,0.0,0.0,2.9012758562640477e7
dri_Region18Hunan_dri_Region15Shandong,0.0,0.0,0.0,3.644261581448103e7,0.0,0.0,0.0,3.644261581448103e7
dri_Region18Hunan_dri_Region16Henan,0.0,0.0,0.0,3.2127549020867165e7,0.0,0.0,0.0,3.2127549020867165e7
dri_Region18Hunan_dri_Region17Hubei,0.0,0.0,0.0,2.8868362183227718e7,0.0,0.0,0.0,2.8868362183227718e7
dri_Region18Hunan_dri_Region19Guangdong,0.0,0.0,0.0,3.0523428553659145e7,0.0,0.0,0.0,3.0523428553659145e7
dri_Region18Hunan_dri_Region20Guangxi,0.0,0.0,0.0,3.1003789215528127e7,0.0,0.0,0.0,3.1003789215528127e7
dri_Region18Hunan_dri_Region21Hainan,0.0,0.0,0.0,3.1752141198180284e7,0.0,0.0,0.0,3.1752141198180284e7
dri_Region18Hunan_dri_Region22Chongqing,0.0,0.0,0.0,3.1829990925439574e7,0.0,0.0,0.0,3.1829990925439574e7
dri_Region18Hunan_dri_Region23Sichuan,0.0,0.0,0.0,3.543009832577251e7,0.0,0.0,0.0,3.543009832577251e7
dri_Region18Hunan_dri_Region24Guizhou,0.0,0.0,0.0,3.0459708110560562e7,0.0,0.0,0.0,3.0459708110560562e7
dri_Region18Hunan_dri_Region25Yunnan,0.0,0.0,0.0,3.3477370204622567e7,0.0,0.0,0.0,3.3477370204622567e7
dri_Region18Hunan_dri_Region27Shaanxi,0.0,0.0,0.0,3.2335350046140384e7,0.0,0.0,0.0,3.2335350046140384e7
dri_Region18Hunan_dri_Region28Gansu,0.0,0.0,0.0,4.024518315224789e7,0.0,0.0,0.0,4.024518315224789e7
dri_Region18Hunan_dri_Region29Qinghai,0.0,0.0,0.0,4.18854746620093e7,0.0,0.0,0.0,4.18854746620093e7
dri_Region18Hunan_dri_Region30Ningxia,0.0,0.0,0.0,3.820054492105657e7,0.0,0.0,0.0,3.820054492105657e7
dri_Region18Hunan_dri_Region31Xinjiang,0.0,0.0,0.0,3.8178491327443056e7,0.0,0.0,0.0,3.8178491327443056e7
dri_Region19Guangdong_dri_Region1Beijing,0.0,0.0,0.0,3.842797457368179e7,0.0,0.0,0.0,3.842797457368179e7
dri_Region19Guangdong_dri_Region2Tianjin,0.0,0.0,0.0,3.832542428286585e7,0.0,0.0,0.0,3.832542428286585e7
dri_Region19Guangdong_dri_Region3Hebei,0.0,0.0,0.0,3.6840519468970366e7,0.0,0.0,0.0,3.6840519468970366e7
dri_Region19Guangdong_dri_Region4Shanxi,0.0,0.0,0.0,3.696076691169008e7,0.0,0.0,0.0,3.696076691169008e7
dri_Region19Guangdong_dri_Region5Innermongolia,0.0,0.0,0.0,3.944015005192013e7,0.0,0.0,0.0,3.944015005192013e7
dri_Region19Guangdong_dri_Region6Liaoning,0.0,0.0,0.0,4.154059434095531e7,0.0,0.0,0.0,4.154059434095531e7
dri_Region19Guangdong_dri_Region7Jilin,0.0,0.0,0.0,4.2733816739867486e7,0.0,0.0,0.0,4.2733816739867486e7
dri_Region19Guangdong_dri_Region8Heilongjiang,0.0,0.0,0.0,4.36480806308182e7,0.0,0.0,0.0,4.36480806308182e7
dri_Region19Guangdong_dri_Region9Shanghai,0.0,0.0,0.0,3.4117382262118764e7,0.0,0.0,0.0,3.4117382262118764e7
dri_Region19Guangdong_dri_Region10Jiangsu,0.0,0.0,0.0,3.386673208723617e7,0.0,0.0,0.0,3.386673208723617e7
dri_Region19Guangdong_dri_Region11Zhejiang,0.0,0.0,0.0,3.3292120056751218e7,0.0,0.0,0.0,3.3292120056751218e7
dri_Region19Guangdong_dri_Region12Anhui,0.0,0.0,0.0,3.3158363550654847e7,0.0,0.0,0.0,3.3158363550654847e7
dri_Region19Guangdong_dri_Region13Fujian,0.0,0.0,0.0,3.1311483971616205e7,0.0,0.0,0.0,3.1311483971616205e7
dri_Region19Guangdong_dri_Region14Jiangxi,0.0,0.0,0.0,3.0602561988326762e7,0.0,0.0,0.0,3.0602561988326762e7
dri_Region19Guangdong_dri_Region15Shandong,0.0,0.0,0.0,3.662899488596762e7,0.0,0.0,0.0,3.662899488596762e7
dri_Region19Guangdong_dri_Region16Henan,0.0,0.0,0.0,3.448491751628395e7,0.0,0.0,0.0,3.448491751628395e7
dri_Region19Guangdong_dri_Region17Hubei,0.0,0.0,0.0,3.2019598894261178e7,0.0,0.0,0.0,3.2019598894261178e7
dri_Region19Guangdong_dri_Region18Hunan,0.0,0.0,0.0,3.098420725003639e7,0.0,0.0,0.0,3.098420725003639e7
dri_Region19Guangdong_dri_Region20Guangxi,0.0,0.0,0.0,3.112961496979342e7,0.0,0.0,0.0,3.112961496979342e7
dri_Region19Guangdong_dri_Region21Hainan,0.0,0.0,0.0,3.0434359488175392e7,0.0,0.0,0.0,3.0434359488175392e7
dri_Region19Guangdong_dri_Region22Chongqing,0.0,0.0,0.0,3.3114180813781198e7,0.0,0.0,0.0,3.3114180813781198e7
dri_Region19Guangdong_dri_Region23Sichuan,0.0,0.0,0.0,3.479566389107339e7,0.0,0.0,0.0,3.479566389107339e7
dri_Region19Guangdong_dri_Region24Guizhou,0.0,0.0,0.0,3.1513278274564695e7,0.0,0.0,0.0,3.1513278274564695e7
dri_Region19Guangdong_dri_Region25Yunnan,0.0,0.0,0.0,3.422932132487655e7,0.0,0.0,0.0,3.422932132487655e7
dri_Region19Guangdong_dri_Region27Shaanxi,0.0,0.0,0.0,3.545555375622812e7,0.0,0.0,0.0,3.545555375622812e7
dri_Region19Guangdong_dri_Region28Gansu,0.0,0.0,0.0,3.888721391499463e7,0.0,0.0,0.0,3.888721391499463e7
dri_Region19Guangdong_dri_Region29Qinghai,0.0,0.0,0.0,3.994165119897577e7,0.0,0.0,0.0,3.994165119897577e7
dri_Region19Guangdong_dri_Region30Ningxia,0.0,0.0,0.0,3.90308098094658e7,0.0,0.0,0.0,3.90308098094658e7
dri_Region19Guangdong_dri_Region31Xinjiang,0.0,0.0,0.0,4.02037535396727e7,0.0,0.0,0.0,4.02037535396727e7
dri_Region20Guangxi_dri_Region1Beijing,0.0,0.0,0.0,4.068156846565876e7,0.0,0.0,0.0,4.068156846565876e7
dri_Region20Guangxi_dri_Region2Tianjin,0.0,0.0,0.0,4.054398731737953e7,0.0,0.0,0.0,4.054398731737953e7
dri_Region20Guangxi_dri_Region3Hebei,0.0,0.0,0.0,3.911524156419573e7,0.0,0.0,0.0,3.911524156419573e7
dri_Region20Guangxi_dri_Region4Shanxi,0.0,0.0,0.0,3.8832907380566254e7,0.0,0.0,0.0,3.8832907380566254e7
dri_Region20Guangxi_dri_Region5Innermongolia,0.0,0.0,0.0,4.125412561048429e7,0.0,0.0,0.0,4.125412561048429e7
dri_Region20Guangxi_dri_Region6Liaoning,0.0,0.0,0.0,4.365688571758448e7,0.0,0.0,0.0,4.365688571758448e7
dri_Region20Guangxi_dri_Region7Jilin,0.0,0.0,0.0,4.477807750147315e7,0.0,0.0,0.0,4.477807750147315e7
dri_Region20Guangxi_dri_Region8Heilongjiang,0.0,0.0,0.0,4.5526366568950914e7,0.0,0.0,0.0,4.5526366568950914e7
dri_Region20Guangxi_dri_Region9Shanghai,0.0,0.0,0.0,3.77470625724413e7,0.0,0.0,0.0,3.77470625724413e7
dri_Region20Guangxi_dri_Region10Jiangsu,0.0,0.0,0.0,3.6843708404412456e7,0.0,0.0,0.0,3.6843708404412456e7
dri_Region20Guangxi_dri_Region11Zhejiang,0.0,0.0,0.0,3.658240448467289e7,0.0,0.0,0.0,3.658240448467289e7
dri_Region20Guangxi_dri_Region12Anhui,0.0,0.0,0.0,3.579709286291666e7,0.0,0.0,0.0,3.579709286291666e7
dri_Region20Guangxi_dri_Region13Fujian,0.0,0.0,0.0,3.395887252414724e7,0.0,0.0,0.0,3.395887252414724e7
dri_Region20Guangxi_dri_Region14Jiangxi,0.0,0.0,0.0,3.2868944377593905e7,0.0,0.0,0.0,3.2868944377593905e7
dri_Region20Guangxi_dri_Region15Shandong,0.0,0.0,0.0,3.909243625737229e7,0.0,0.0,0.0,3.909243625737229e7
dri_Region20Guangxi_dri_Region16Henan,0.0,0.0,0.0,3.6434296510759786e7,0.0,0.0,0.0,3.6434296510759786e7
dri_Region20Guangxi_dri_Region17Hubei,0.0,0.0,0.0,3.321817714284947e7,0.0,0.0,0.0,3.321817714284947e7
dri_Region20Guangxi_dri_Region18Hunan,0.0,0.0,0.0,3.109195566546674e7,0.0,0.0,0.0,3.109195566546674e7
dri_Region20Guangxi_dri_Region19Guangdong,0.0,0.0,0.0,3.1320077886037335e7,0.0,0.0,0.0,3.1320077886037335e7
dri_Region20Guangxi_dri_Region21Hainan,0.0,0.0,0.0,2.8894308876574866e7,0.0,0.0,0.0,2.8894308876574866e7
dri_Region20Guangxi_dri_Region22Chongqing,0.0,0.0,0.0,3.120195688781221e7,0.0,0.0,0.0,3.120195688781221e7
dri_Region20Guangxi_dri_Region23Sichuan,0.0,0.0,0.0,3.30239009008994e7,0.0,0.0,0.0,3.30239009008994e7
dri_Region20Guangxi_dri_Region24Guizhou,0.0,0.0,0.0,2.7903167032159664e7,0.0,0.0,0.0,2.7903167032159664e7
dri_Region20Guangxi_dri_Region25Yunnan,0.0,0.0,0.0,3.0861634700894795e7,0.0,0.0,0.0,3.0861634700894795e7
dri_Region20Guangxi_dri_Region27Shaanxi,0.0,0.0,0.0,3.6050388718791254e7,0.0,0.0,0.0,3.6050388718791254e7
dri_Region20Guangxi_dri_Region28Gansu,0.0,0.0,0.0,3.8009284438226044e7,0.0,0.0,0.0,3.8009284438226044e7
dri_Region20Guangxi_dri_Region29Qinghai,0.0,0.0,0.0,3.934572592919409e7,0.0,0.0,0.0,3.934572592919409e7
dri_Region20Guangxi_dri_Region30Ningxia,0.0,0.0,0.0,3.951418515744416e7,0.0,0.0,0.0,3.951418515744416e7
dri_Region20Guangxi_dri_Region31Xinjiang,0.0,0.0,0.0,3.908938999167715e7,0.0,0.0,0.0,3.908938999167715e7
dri_Region21Hainan_dri_Region1Beijing,0.0,0.0,0.0,4.0729392024442196e7,0.0,0.0,0.0,4.0729392024442196e7
dri_Region21Hainan_dri_Region2Tianjin,0.0,0.0,0.0,4.058514510870968e7,0.0,0.0,0.0,4.058514510870968e7
dri_Region21Hainan_dri_Region3Hebei,0.0,0.0,0.0,3.926205265887245e7,0.0,0.0,0.0,3.926205265887245e7
dri_Region21Hainan_dri_Region4Shanxi,0.0,0.0,0.0,3.912068782973091e7,0.0,0.0,0.0,3.912068782973091e7
dri_Region21Hainan_dri_Region5Innermongolia,0.0,0.0,0.0,4.1465750356157415e7,0.0,0.0,0.0,4.1465750356157415e7
dri_Region21Hainan_dri_Region6Liaoning,0.0,0.0,0.0,4.367262432892051e7,0.0,0.0,0.0,4.367262432892051e7
dri_Region21Hainan_dri_Region7Jilin,0.0,0.0,0.0,4.478919928206709e7,0.0,0.0,0.0,4.478919928206709e7
dri_Region21Hainan_dri_Region8Heilongjiang,0.0,0.0,0.0,4.557898464769046e7,0.0,0.0,0.0,4.557898464769046e7
dri_Region21Hainan_dri_Region9Shanghai,0.0,0.0,0.0,3.720293386633444e7,0.0,0.0,0.0,3.720293386633444e7
dri_Region21Hainan_dri_Region10Jiangsu,0.0,0.0,0.0,3.689998712312987e7,0.0,0.0,0.0,3.689998712312987e7
dri_Region21Hainan_dri_Region11Zhejiang,0.0,0.0,0.0,3.6118324946807556e7,0.0,0.0,0.0,3.6118324946807556e7
dri_Region21Hainan_dri_Region12Anhui,0.0,0.0,0.0,3.593544062010999e7,0.0,0.0,0.0,3.593544062010999e7
dri_Region21Hainan_dri_Region13Fujian,0.0,0.0,0.0,3.2538344719306495e7,0.0,0.0,0.0,3.2538344719306495e7
dri_Region21Hainan_dri_Region14Jiangxi,0.0,0.0,0.0,3.2869508318382863e7,0.0,0.0,0.0,3.2869508318382863e7
dri_Region21Hainan_dri_Region15Shandong,0.0,0.0,0.0,3.9122651288214244e7,0.0,0.0,0.0,3.9122651288214244e7
dri_Region21Hainan_dri_Region16Henan,0.0,0.0,0.0,3.6819529890529245e7,0.0,0.0,0.0,3.6819529890529245e7
dri_Region21Hainan_dri_Region17Hubei,0.0,0.0,0.0,3.363884081536089e7,0.0,0.0,0.0,3.363884081536089e7
dri_Region21Hainan_dri_Region18Hunan,0.0,0.0,0.0,3.170735554505859e7,0.0,0.0,0.0,3.170735554505859e7
dri_Region21Hainan_dri_Region19Guangdong,0.0,0.0,0.0,3.058557609535239e7,0.0,0.0,0.0,3.058557609535239e7
dri_Region21Hainan_dri_Region20Guangxi,0.0,0.0,0.0,2.9025975024917625e7,0.0,0.0,0.0,2.9025975024917625e7
dri_Region21Hainan_dri_Region22Chongqing,0.0,0.0,0.0,3.2966695610000655e7,0.0,0.0,0.0,3.2966695610000655e7
dri_Region21Hainan_dri_Region23Sichuan,0.0,0.0,0.0,3.496787605938022e7,0.0,0.0,0.0,3.496787605938022e7
dri_Region21Hainan_dri_Region24Guizhou,0.0,0.0,0.0,3.0781808692678437e7,0.0,0.0,0.0,3.0781808692678437e7
dri_Region21Hainan_dri_Region25Yunnan,0.0,0.0,0.0,3.211345983944084e7,0.0,0.0,0.0,3.211345983944084e7
dri_Region21Hainan_dri_Region27Shaanxi,0.0,0.0,0.0,3.742728303504991e7,0.0,0.0,0.0,3.742728303504991e7
dri_Region21Hainan_dri_Region28Gansu,0.0,0.0,0.0,3.9345627628782995e7,0.0,0.0,0.0,3.9345627628782995e7
dri_Region21Hainan_dri_Region29Qinghai,0.0,0.0,0.0,4.047346482790204e7,0.0,0.0,0.0,4.047346482790204e7
dri_Region21Hainan_dri_Region30Ningxia,0.0,0.0,0.0,4.0632322174209096e7,0.0,0.0,0.0,4.0632322174209096e7
dri_Region21Hainan_dri_Region31Xinjiang,0.0,0.0,0.0,4.040910895304304e7,0.0,0.0,0.0,4.040910895304304e7
dri_Region22Chongqing_dri_Region1Beijing,0.0,0.0,0.0,4.179831974716527e7,0.0,0.0,0.0,4.179831974716527e7
dri_Region22Chongqing_dri_Region2Tianjin,0.0,0.0,0.0,4.19905207621784e7,0.0,0.0,0.0,4.19905207621784e7
dri_Region22Chongqing_dri_Region3Hebei,0.0,0.0,0.0,3.959196617005709e7,0.0,0.0,0.0,3.959196617005709e7
dri_Region22Chongqing_dri_Region4Shanxi,0.0,0.0,0.0,3.767917561796682e7,0.0,0.0,0.0,3.767917561796682e7
dri_Region22Chongqing_dri_Region5Innermongolia,0.0,0.0,0.0,3.903098226721975e7,0.0,0.0,0.0,3.903098226721975e7
dri_Region22Chongqing_dri_Region6Liaoning,0.0,0.0,0.0,4.557528956437474e7,0.0,0.0,0.0,4.557528956437474e7
dri_Region22Chongqing_dri_Region7Jilin,0.0,0.0,0.0,4.670553004690533e7,0.0,0.0,0.0,4.670553004690533e7
dri_Region22Chongqing_dri_Region8Heilongjiang,0.0,0.0,0.0,4.7377165833258264e7,0.0,0.0,0.0,4.7377165833258264e7
dri_Region22Chongqing_dri_Region9Shanghai,0.0,0.0,0.0,4.050345673259008e7,0.0,0.0,0.0,4.050345673259008e7
dri_Region22Chongqing_dri_Region10Jiangsu,0.0,0.0,0.0,3.843556447833255e7,0.0,0.0,0.0,3.843556447833255e7
dri_Region22Chongqing_dri_Region11Zhejiang,0.0,0.0,0.0,3.9880346375840284e7,0.0,0.0,0.0,3.9880346375840284e7
dri_Region22Chongqing_dri_Region12Anhui,0.0,0.0,0.0,3.674357781906075e7,0.0,0.0,0.0,3.674357781906075e7
dri_Region22Chongqing_dri_Region13Fujian,0.0,0.0,0.0,3.5078771217641115e7,0.0,0.0,0.0,3.5078771217641115e7
dri_Region22Chongqing_dri_Region14Jiangxi,0.0,0.0,0.0,3.518890895638061e7,0.0,0.0,0.0,3.518890895638061e7
dri_Region22Chongqing_dri_Region15Shandong,0.0,0.0,0.0,3.997410084171063e7,0.0,0.0,0.0,3.997410084171063e7
dri_Region22Chongqing_dri_Region16Henan,0.0,0.0,0.0,3.4673941989377014e7,0.0,0.0,0.0,3.4673941989377014e7
dri_Region22Chongqing_dri_Region17Hubei,0.0,0.0,0.0,3.297579910339039e7,0.0,0.0,0.0,3.297579910339039e7
dri_Region22Chongqing_dri_Region18Hunan,0.0,0.0,0.0,3.1518327943149734e7,0.0,0.0,0.0,3.1518327943149734e7
dri_Region22Chongqing_dri_Region19Guangdong,0.0,0.0,0.0,3.3128775471665263e7,0.0,0.0,0.0,3.3128775471665263e7
dri_Region22Chongqing_dri_Region20Guangxi,0.0,0.0,0.0,3.1151168200265665e7,0.0,0.0,0.0,3.1151168200265665e7
dri_Region22Chongqing_dri_Region21Hainan,0.0,0.0,0.0,3.2939284792333636e7,0.0,0.0,0.0,3.2939284792333636e7
dri_Region22Chongqing_dri_Region23Sichuan,0.0,0.0,0.0,2.9187211284280863e7,0.0,0.0,0.0,2.9187211284280863e7
dri_Region22Chongqing_dri_Region24Guizhou,0.0,0.0,0.0,2.8535363942854006e7,0.0,0.0,0.0,2.8535363942854006e7
dri_Region22Chongqing_dri_Region25Yunnan,0.0,0.0,0.0,3.1347151984505575e7,0.0,0.0,0.0,3.1347151984505575e7
dri_Region22Chongqing_dri_Region27Shaanxi,0.0,0.0,0.0,3.0917524980396863e7,0.0,0.0,0.0,3.0917524980396863e7
dri_Region22Chongqing_dri_Region28Gansu,0.0,0.0,0.0,3.4826880384655595e7,0.0,0.0,0.0,3.4826880384655595e7
dri_Region22Chongqing_dri_Region29Qinghai,0.0,0.0,0.0,3.693285312022454e7,0.0,0.0,0.0,3.693285312022454e7
dri_Region22Chongqing_dri_Region30Ningxia,0.0,0.0,0.0,3.5452414519169055e7,0.0,0.0,0.0,3.5452414519169055e7
dri_Region22Chongqing_dri_Region31Xinjiang,0.0,0.0,0.0,3.628348881089143e7,0.0,0.0,0.0,3.628348881089143e7
dri_Region23Sichuan_dri_Region1Beijing,0.0,0.0,0.0,4.189667936811151e7,0.0,0.0,0.0,4.189667936811151e7
dri_Region23Sichuan_dri_Region2Tianjin,0.0,0.0,0.0,4.201436363985082e7,0.0,0.0,0.0,4.201436363985082e7
dri_Region23Sichuan_dri_Region3Hebei,0.0,0.0,0.0,3.969319186273087e7,0.0,0.0,0.0,3.969319186273087e7
dri_Region23Sichuan_dri_Region4Shanxi,0.0,0.0,0.0,3.784668978406916e7,0.0,0.0,0.0,3.784668978406916e7
dri_Region23Sichuan_dri_Region5Innermongolia,0.0,0.0,0.0,3.90378758015676e7,0.0,0.0,0.0,3.90378758015676e7
dri_Region23Sichuan_dri_Region6Liaoning,0.0,0.0,0.0,4.560916548306945e7,0.0,0.0,0.0,4.560916548306945e7
dri_Region23Sichuan_dri_Region7Jilin,0.0,0.0,0.0,4.674419473608957e7,0.0,0.0,0.0,4.674419473608957e7
dri_Region23Sichuan_dri_Region8Heilongjiang,0.0,0.0,0.0,4.742612671503886e7,0.0,0.0,0.0,4.742612671503886e7
dri_Region23Sichuan_dri_Region9Shanghai,0.0,0.0,0.0,4.254428233767707e7,0.0,0.0,0.0,4.254428233767707e7
dri_Region23Sichuan_dri_Region10Jiangsu,0.0,0.0,0.0,4.075315610296501e7,0.0,0.0,0.0,4.075315610296501e7
dri_Region23Sichuan_dri_Region11Zhejiang,0.0,0.0,0.0,4.200391102229948e7,0.0,0.0,0.0,4.200391102229948e7
dri_Region23Sichuan_dri_Region12Anhui,0.0,0.0,0.0,3.937031082870205e7,0.0,0.0,0.0,3.937031082870205e7
dri_Region23Sichuan_dri_Region13Fujian,0.0,0.0,0.0,3.719280461019653e7,0.0,0.0,0.0,3.719280461019653e7
dri_Region23Sichuan_dri_Region14Jiangxi,0.0,0.0,0.0,3.8595299901247196e7,0.0,0.0,0.0,3.8595299901247196e7
dri_Region23Sichuan_dri_Region15Shandong,0.0,0.0,0.0,4.060086666670962e7,0.0,0.0,0.0,4.060086666670962e7
dri_Region23Sichuan_dri_Region16Henan,0.0,0.0,0.0,3.513610820076187e7,0.0,0.0,0.0,3.513610820076187e7
dri_Region23Sichuan_dri_Region17Hubei,0.0,0.0,0.0,3.5869904826301195e7,0.0,0.0,0.0,3.5869904826301195e7
dri_Region23Sichuan_dri_Region18Hunan,0.0,0.0,0.0,3.5411470814806655e7,0.0,0.0,0.0,3.5411470814806655e7
dri_Region23Sichuan_dri_Region19Guangdong,0.0,0.0,0.0,3.48490530789099e7,0.0,0.0,0.0,3.48490530789099e7
dri_Region23Sichuan_dri_Region20Guangxi,0.0,0.0,0.0,3.2990891061135594e7,0.0,0.0,0.0,3.2990891061135594e7
dri_Region23Sichuan_dri_Region21Hainan,0.0,0.0,0.0,3.491953851342077e7,0.0,0.0,0.0,3.491953851342077e7
dri_Region23Sichuan_dri_Region22Chongqing,0.0,0.0,0.0,2.877357283970456e7,0.0,0.0,0.0,2.877357283970456e7
dri_Region23Sichuan_dri_Region24Guizhou,0.0,0.0,0.0,2.9124626319531634e7,0.0,0.0,0.0,2.9124626319531634e7
dri_Region23Sichuan_dri_Region25Yunnan,0.0,0.0,0.0,3.1315089638229307e7,0.0,0.0,0.0,3.1315089638229307e7
dri_Region23Sichuan_dri_Region27Shaanxi,0.0,0.0,0.0,3.0831399188340902e7,0.0,0.0,0.0,3.0831399188340902e7
dri_Region23Sichuan_dri_Region28Gansu,0.0,0.0,0.0,3.32212466850165e7,0.0,0.0,0.0,3.32212466850165e7
dri_Region23Sichuan_dri_Region29Qinghai,0.0,0.0,0.0,3.436264400858966e7,0.0,0.0,0.0,3.436264400858966e7
dri_Region23Sichuan_dri_Region30Ningxia,0.0,0.0,0.0,3.5012342598627225e7,0.0,0.0,0.0,3.5012342598627225e7
dri_Region23Sichuan_dri_Region31Xinjiang,0.0,0.0,0.0,3.580576015720757e7,0.0,0.0,0.0,3.580576015720757e7
dri_Region24Guizhou_dri_Region1Beijing,0.0,0.0,0.0,4.334757496510466e7,0.0,0.0,0.0,4.334757496510466e7
dri_Region24Guizhou_dri_Region2Tianjin,0.0,0.0,0.0,4.321753775327336e7,0.0,0.0,0.0,4.321753775327336e7
dri_Region24Guizhou_dri_Region3Hebei,0.0,0.0,0.0,4.1637382091837086e7,0.0,0.0,0.0,4.1637382091837086e7
dri_Region24Guizhou_dri_Region4Shanxi,0.0,0.0,0.0,4.0414400475978985e7,0.0,0.0,0.0,4.0414400475978985e7
dri_Region24Guizhou_dri_Region5Innermongolia,0.0,0.0,0.0,4.082489558751245e7,0.0,0.0,0.0,4.082489558751245e7
dri_Region24Guizhou_dri_Region6Liaoning,0.0,0.0,0.0,4.626537829218767e7,0.0,0.0,0.0,4.626537829218767e7
dri_Region24Guizhou_dri_Region7Jilin,0.0,0.0,0.0,4.721435982253775e7,0.0,0.0,0.0,4.721435982253775e7
dri_Region24Guizhou_dri_Region8Heilongjiang,0.0,0.0,0.0,4.769754097217142e7,0.0,0.0,0.0,4.769754097217142e7
dri_Region24Guizhou_dri_Region9Shanghai,0.0,0.0,0.0,4.1349283791047804e7,0.0,0.0,0.0,4.1349283791047804e7
dri_Region24Guizhou_dri_Region10Jiangsu,0.0,0.0,0.0,3.9701359107414864e7,0.0,0.0,0.0,3.9701359107414864e7
dri_Region24Guizhou_dri_Region11Zhejiang,0.0,0.0,0.0,4.024318565996231e7,0.0,0.0,0.0,4.024318565996231e7
dri_Region24Guizhou_dri_Region12Anhui,0.0,0.0,0.0,3.8146097683938056e7,0.0,0.0,0.0,3.8146097683938056e7
dri_Region24Guizhou_dri_Region13Fujian,0.0,0.0,0.0,3.4183368457336806e7,0.0,0.0,0.0,3.4183368457336806e7
dri_Region24Guizhou_dri_Region14Jiangxi,0.0,0.0,0.0,3.453240189234e7,0.0,0.0,0.0,3.453240189234e7
dri_Region24Guizhou_dri_Region15Shandong,0.0,0.0,0.0,4.152023197862525e7,0.0,0.0,0.0,4.152023197862525e7
dri_Region24Guizhou_dri_Region16Henan,0.0,0.0,0.0,3.6414074318593845e7,0.0,0.0,0.0,3.6414074318593845e7
dri_Region24Guizhou_dri_Region17Hubei,0.0,0.0,0.0,3.4193566474859335e7,0.0,0.0,0.0,3.4193566474859335e7
dri_Region24Guizhou_dri_Region18Hunan,0.0,0.0,0.0,3.0929806689590618e7,0.0,0.0,0.0,3.0929806689590618e7
dri_Region24Guizhou_dri_Region19Guangdong,0.0,0.0,0.0,3.088867661376011e7,0.0,0.0,0.0,3.088867661376011e7
dri_Region24Guizhou_dri_Region20Guangxi,0.0,0.0,0.0,2.875641004342512e7,0.0,0.0,0.0,2.875641004342512e7
dri_Region24Guizhou_dri_Region21Hainan,0.0,0.0,0.0,3.06357839973255e7,0.0,0.0,0.0,3.06357839973255e7
dri_Region24Guizhou_dri_Region22Chongqing,0.0,0.0,0.0,2.8167594390224375e7,0.0,0.0,0.0,2.8167594390224375e7
dri_Region24Guizhou_dri_Region23Sichuan,0.0,0.0,0.0,3.0217312952560637e7,0.0,0.0,0.0,3.0217312952560637e7
dri_Region24Guizhou_dri_Region25Yunnan,0.0,0.0,0.0,2.935451145760385e7,0.0,0.0,0.0,2.935451145760385e7
dri_Region24Guizhou_dri_Region27Shaanxi,0.0,0.0,0.0,3.250702433126768e7,0.0,0.0,0.0,3.250702433126768e7
dri_Region24Guizhou_dri_Region28Gansu,0.0,0.0,0.0,3.7681881200047985e7,0.0,0.0,0.0,3.7681881200047985e7
dri_Region24Guizhou_dri_Region29Qinghai,0.0,0.0,0.0,3.962163080879123e7,0.0,0.0,0.0,3.962163080879123e7
dri_Region24Guizhou_dri_Region30Ningxia,0.0,0.0,0.0,3.770185705139973e7,0.0,0.0,0.0,3.770185705139973e7
dri_Region24Guizhou_dri_Region31Xinjiang,0.0,0.0,0.0,3.725164386796933e7,0.0,0.0,0.0,3.725164386796933e7
dri_Region25Yunnan_dri_Region1Beijing,0.0,0.0,0.0,4.105167123308876e7,0.0,0.0,0.0,4.105167123308876e7
dri_Region25Yunnan_dri_Region2Tianjin,0.0,0.0,0.0,4.112560473421408e7,0.0,0.0,0.0,4.112560473421408e7
dri_Region25Yunnan_dri_Region3Hebei,0.0,0.0,0.0,3.960077179182296e7,0.0,0.0,0.0,3.960077179182296e7
dri_Region25Yunnan_dri_Region4Shanxi,0.0,0.0,0.0,3.846259375678438e7,0.0,0.0,0.0,3.846259375678438e7
dri_Region25Yunnan_dri_Region5Innermongolia,0.0,0.0,0.0,4.048135408614457e7,0.0,0.0,0.0,4.048135408614457e7
dri_Region25Yunnan_dri_Region6Liaoning,0.0,0.0,0.0,4.378033378072959e7,0.0,0.0,0.0,4.378033378072959e7
dri_Region25Yunnan_dri_Region7Jilin,0.0,0.0,0.0,4.471929204515623e7,0.0,0.0,0.0,4.471929204515623e7
dri_Region25Yunnan_dri_Region8Heilongjiang,0.0,0.0,0.0,4.5337916496746175e7,0.0,0.0,0.0,4.5337916496746175e7
dri_Region25Yunnan_dri_Region9Shanghai,0.0,0.0,0.0,3.970407564388804e7,0.0,0.0,0.0,3.970407564388804e7
dri_Region25Yunnan_dri_Region10Jiangsu,0.0,0.0,0.0,3.852246976028139e7,0.0,0.0,0.0,3.852246976028139e7
dri_Region25Yunnan_dri_Region11Zhejiang,0.0,0.0,0.0,3.89172435486644e7,0.0,0.0,0.0,3.89172435486644e7
dri_Region25Yunnan_dri_Region12Anhui,0.0,0.0,0.0,3.74676336827477e7,0.0,0.0,0.0,3.74676336827477e7
dri_Region25Yunnan_dri_Region13Fujian,0.0,0.0,0.0,3.781302182204217e7,0.0,0.0,0.0,3.781302182204217e7
dri_Region25Yunnan_dri_Region14Jiangxi,0.0,0.0,0.0,3.546873250746961e7,0.0,0.0,0.0,3.546873250746961e7
dri_Region25Yunnan_dri_Region15Shandong,0.0,0.0,0.0,3.98069346759679e7,0.0,0.0,0.0,3.98069346759679e7
dri_Region25Yunnan_dri_Region16Henan,0.0,0.0,0.0,3.757596811168292e7,0.0,0.0,0.0,3.757596811168292e7
dri_Region25Yunnan_dri_Region17Hubei,0.0,0.0,0.0,3.502797722612307e7,0.0,0.0,0.0,3.502797722612307e7
dri_Region25Yunnan_dri_Region18Hunan,0.0,0.0,0.0,3.3197152283279322e7,0.0,0.0,0.0,3.3197152283279322e7
dri_Region25Yunnan_dri_Region19Guangdong,0.0,0.0,0.0,3.4251523777227916e7,0.0,0.0,0.0,3.4251523777227916e7
dri_Region25Yunnan_dri_Region20Guangxi,0.0,0.0,0.0,3.0474302706706535e7,0.0,0.0,0.0,3.0474302706706535e7
dri_Region25Yunnan_dri_Region21Hainan,0.0,0.0,0.0,3.1860772004337944e7,0.0,0.0,0.0,3.1860772004337944e7
dri_Region25Yunnan_dri_Region22Chongqing,0.0,0.0,0.0,3.112197950566233e7,0.0,0.0,0.0,3.112197950566233e7
dri_Region25Yunnan_dri_Region23Sichuan,0.0,0.0,0.0,3.1016854861409653e7,0.0,0.0,0.0,3.1016854861409653e7
dri_Region25Yunnan_dri_Region24Guizhou,0.0,0.0,0.0,3.1047052060041215e7,0.0,0.0,0.0,3.1047052060041215e7
dri_Region25Yunnan_dri_Region27Shaanxi,0.0,0.0,0.0,3.456084844941348e7,0.0,0.0,0.0,3.456084844941348e7
dri_Region25Yunnan_dri_Region28Gansu,0.0,0.0,0.0,3.5840538184770785e7,0.0,0.0,0.0,3.5840538184770785e7
dri_Region25Yunnan_dri_Region29Qinghai,0.0,0.0,0.0,3.658751728924751e7,0.0,0.0,0.0,3.658751728924751e7
dri_Region25Yunnan_dri_Region30Ningxia,0.0,0.0,0.0,3.7626833626660995e7,0.0,0.0,0.0,3.7626833626660995e7
dri_Region25Yunnan_dri_Region31Xinjiang,0.0,0.0,0.0,3.834139220615459e7,0.0,0.0,0.0,3.834139220615459e7
dri_Region27Shaanxi_dri_Region1Beijing,0.0,0.0,0.0,3.319348507843108e7,0.0,0.0,0.0,3.319348507843108e7
dri_Region27Shaanxi_dri_Region2Tianjin,0.0,0.0,0.0,3.3326427708747845e7,0.0,0.0,0.0,3.3326427708747845e7
dri_Region27Shaanxi_dri_Region3Hebei,0.0,0.0,0.0,3.1369652438317e7,0.0,0.0,0.0,3.1369652438317e7
dri_Region27Shaanxi_dri_Region4Shanxi,0.0,0.0,0.0,3.0356958674939487e7,0.0,0.0,0.0,3.0356958674939487e7
dri_Region27Shaanxi_dri_Region5Innermongolia,0.0,0.0,0.0,3.2559202636290465e7,0.0,0.0,0.0,3.2559202636290465e7
dri_Region27Shaanxi_dri_Region6Liaoning,0.0,0.0,0.0,3.7881702416152894e7,0.0,0.0,0.0,3.7881702416152894e7
dri_Region27Shaanxi_dri_Region7Jilin,0.0,0.0,0.0,3.976973025303733e7,0.0,0.0,0.0,3.976973025303733e7
dri_Region27Shaanxi_dri_Region8Heilongjiang,0.0,0.0,0.0,4.113468063611566e7,0.0,0.0,0.0,4.113468063611566e7
dri_Region27Shaanxi_dri_Region9Shanghai,0.0,0.0,0.0,3.520273712301303e7,0.0,0.0,0.0,3.520273712301303e7
dri_Region27Shaanxi_dri_Region10Jiangsu,0.0,0.0,0.0,3.3258007332232594e7,0.0,0.0,0.0,3.3258007332232594e7
dri_Region27Shaanxi_dri_Region11Zhejiang,0.0,0.0,0.0,3.48521345102562e7,0.0,0.0,0.0,3.48521345102562e7
dri_Region27Shaanxi_dri_Region12Anhui,0.0,0.0,0.0,3.206547311120002e7,0.0,0.0,0.0,3.206547311120002e7
dri_Region27Shaanxi_dri_Region13Fujian,0.0,0.0,0.0,3.5180466071095124e7,0.0,0.0,0.0,3.5180466071095124e7
dri_Region27Shaanxi_dri_Region14Jiangxi,0.0,0.0,0.0,3.3030111667010892e7,0.0,0.0,0.0,3.3030111667010892e7
dri_Region27Shaanxi_dri_Region15Shandong,0.0,0.0,0.0,3.203783854772999e7,0.0,0.0,0.0,3.203783854772999e7
dri_Region27Shaanxi_dri_Region16Henan,0.0,0.0,0.0,2.9545475226121884e7,0.0,0.0,0.0,2.9545475226121884e7
dri_Region27Shaanxi_dri_Region17Hubei,0.0,0.0,0.0,3.107264044330985e7,0.0,0.0,0.0,3.107264044330985e7
dri_Region27Shaanxi_dri_Region18Hunan,0.0,0.0,0.0,3.2312254977459185e7,0.0,0.0,0.0,3.2312254977459185e7
dri_Region27Shaanxi_dri_Region19Guangdong,0.0,0.0,0.0,3.5643513688063964e7,0.0,0.0,0.0,3.5643513688063964e7
dri_Region27Shaanxi_dri_Region20Guangxi,0.0,0.0,0.0,3.6038726805950336e7,0.0,0.0,0.0,3.6038726805950336e7
dri_Region27Shaanxi_dri_Region21Hainan,0.0,0.0,0.0,3.743266795424511e7,0.0,0.0,0.0,3.743266795424511e7
dri_Region27Shaanxi_dri_Region22Chongqing,0.0,0.0,0.0,3.0970216378573492e7,0.0,0.0,0.0,3.0970216378573492e7
dri_Region27Shaanxi_dri_Region23Sichuan,0.0,0.0,0.0,3.0532074085823346e7,0.0,0.0,0.0,3.0532074085823346e7
dri_Region27Shaanxi_dri_Region24Guizhou,0.0,0.0,0.0,3.2229190936221223e7,0.0,0.0,0.0,3.2229190936221223e7
dri_Region27Shaanxi_dri_Region25Yunnan,0.0,0.0,0.0,3.466409681105536e7,0.0,0.0,0.0,3.466409681105536e7
dri_Region27Shaanxi_dri_Region28Gansu,0.0,0.0,0.0,3.0530758351517137e7,0.0,0.0,0.0,3.0530758351517137e7
dri_Region27Shaanxi_dri_Region29Qinghai,0.0,0.0,0.0,3.1620412435853288e7,0.0,0.0,0.0,3.1620412435853288e7
dri_Region27Shaanxi_dri_Region30Ningxia,0.0,0.0,0.0,3.045529912828106e7,0.0,0.0,0.0,3.045529912828106e7
dri_Region27Shaanxi_dri_Region31Xinjiang,0.0,0.0,0.0,3.509043948513252e7,0.0,0.0,0.0,3.509043948513252e7
dri_Region28Gansu_dri_Region1Beijing,0.0,0.0,0.0,4.218938111123913e7,0.0,0.0,0.0,4.218938111123913e7
dri_Region28Gansu_dri_Region2Tianjin,0.0,0.0,0.0,4.262369467286549e7,0.0,0.0,0.0,4.262369467286549e7
dri_Region28Gansu_dri_Region3Hebei,0.0,0.0,0.0,3.9672154747521e7,0.0,0.0,0.0,3.9672154747521e7
dri_Region28Gansu_dri_Region4Shanxi,0.0,0.0,0.0,3.710308897973328e7,0.0,0.0,0.0,3.710308897973328e7
dri_Region28Gansu_dri_Region5Innermongolia,0.0,0.0,0.0,3.421043308785729e7,0.0,0.0,0.0,3.421043308785729e7
dri_Region28Gansu_dri_Region6Liaoning,0.0,0.0,0.0,4.4456398919956684e7,0.0,0.0,0.0,4.4456398919956684e7
dri_Region28Gansu_dri_Region7Jilin,0.0,0.0,0.0,4.7032470389884874e7,0.0,0.0,0.0,4.7032470389884874e7
dri_Region28Gansu_dri_Region8Heilongjiang,0.0,0.0,0.0,4.760904795794746e7,0.0,0.0,0.0,4.760904795794746e7
dri_Region28Gansu_dri_Region9Shanghai,0.0,0.0,0.0,4.580429821262115e7,0.0,0.0,0.0,4.580429821262115e7
dri_Region28Gansu_dri_Region10Jiangsu,0.0,0.0,0.0,4.4188521166443385e7,0.0,0.0,0.0,4.4188521166443385e7
dri_Region28Gansu_dri_Region11Zhejiang,0.0,0.0,0.0,4.56026545846689e7,0.0,0.0,0.0,4.56026545846689e7
dri_Region28Gansu_dri_Region12Anhui,0.0,0.0,0.0,4.303242636620057e7,0.0,0.0,0.0,4.303242636620057e7
dri_Region28Gansu_dri_Region13Fujian,0.0,0.0,0.0,3.883675668752246e7,0.0,0.0,0.0,3.883675668752246e7
dri_Region28Gansu_dri_Region14Jiangxi,0.0,0.0,0.0,4.093707943448139e7,0.0,0.0,0.0,4.093707943448139e7
dri_Region28Gansu_dri_Region15Shandong,0.0,0.0,0.0,3.886916485538796e7,0.0,0.0,0.0,3.886916485538796e7
dri_Region28Gansu_dri_Region16Henan,0.0,0.0,0.0,3.436188827792308e7,0.0,0.0,0.0,3.436188827792308e7
dri_Region28Gansu_dri_Region17Hubei,0.0,0.0,0.0,3.8344208592014566e7,0.0,0.0,0.0,3.8344208592014566e7
dri_Region28Gansu_dri_Region18Hunan,0.0,0.0,0.0,4.024608346339136e7,0.0,0.0,0.0,4.024608346339136e7
dri_Region28Gansu_dri_Region19Guangdong,0.0,0.0,0.0,3.90263294297013e7,0.0,0.0,0.0,3.90263294297013e7
dri_Region28Gansu_dri_Region20Guangxi,0.0,0.0,0.0,3.813067414100105e7,0.0,0.0,0.0,3.813067414100105e7
dri_Region28Gansu_dri_Region21Hainan,0.0,0.0,0.0,3.954502123486767e7,0.0,0.0,0.0,3.954502123486767e7
dri_Region28Gansu_dri_Region22Chongqing,0.0,0.0,0.0,3.5150957890509374e7,0.0,0.0,0.0,3.5150957890509374e7
dri_Region28Gansu_dri_Region23Sichuan,0.0,0.0,0.0,3.2964708460667253e7,0.0,0.0,0.0,3.2964708460667253e7
dri_Region28Gansu_dri_Region24Guizhou,0.0,0.0,0.0,3.7649187198653646e7,0.0,0.0,0.0,3.7649187198653646e7
dri_Region28Gansu_dri_Region25Yunnan,0.0,0.0,0.0,3.60133362136359e7,0.0,0.0,0.0,3.60133362136359e7
dri_Region28Gansu_dri_Region27Shaanxi,0.0,0.0,0.0,3.0517709333610605e7,0.0,0.0,0.0,3.0517709333610605e7
dri_Region28Gansu_dri_Region29Qinghai,0.0,0.0,0.0,2.887423506211409e7,0.0,0.0,0.0,2.887423506211409e7
dri_Region28Gansu_dri_Region30Ningxia,0.0,0.0,0.0,2.9576096652729996e7,0.0,0.0,0.0,2.9576096652729996e7
dri_Region28Gansu_dri_Region31Xinjiang,0.0,0.0,0.0,3.306297481932807e7,0.0,0.0,0.0,3.306297481932807e7
dri_Region29Qinghai_dri_Region1Beijing,0.0,0.0,0.0,4.383614269555387e7,0.0,0.0,0.0,4.383614269555387e7
dri_Region29Qinghai_dri_Region2Tianjin,0.0,0.0,0.0,4.4197633090081826e7,0.0,0.0,0.0,4.4197633090081826e7
dri_Region29Qinghai_dri_Region3Hebei,0.0,0.0,0.0,4.169903694732111e7,0.0,0.0,0.0,4.169903694732111e7
dri_Region29Qinghai_dri_Region4Shanxi,0.0,0.0,0.0,3.937499498956458e7,0.0,0.0,0.0,3.937499498956458e7
dri_Region29Qinghai_dri_Region5Innermongolia,0.0,0.0,0.0,3.578005461782223e7,0.0,0.0,0.0,3.578005461782223e7
dri_Region29Qinghai_dri_Region6Liaoning,0.0,0.0,0.0,4.542488203634586e7,0.0,0.0,0.0,4.542488203634586e7
dri_Region29Qinghai_dri_Region7Jilin,0.0,0.0,0.0,4.759696409247514e7,0.0,0.0,0.0,4.759696409247514e7
dri_Region29Qinghai_dri_Region8Heilongjiang,0.0,0.0,0.0,4.8034662022438414e7,0.0,0.0,0.0,4.8034662022438414e7
dri_Region29Qinghai_dri_Region9Shanghai,0.0,0.0,0.0,4.676336723284903e7,0.0,0.0,0.0,4.676336723284903e7
dri_Region29Qinghai_dri_Region10Jiangsu,0.0,0.0,0.0,4.546838063215723e7,0.0,0.0,0.0,4.546838063215723e7
dri_Region29Qinghai_dri_Region11Zhejiang,0.0,0.0,0.0,4.659281158397225e7,0.0,0.0,0.0,4.659281158397225e7
dri_Region29Qinghai_dri_Region12Anhui,0.0,0.0,0.0,4.461906520259093e7,0.0,0.0,0.0,4.461906520259093e7
dri_Region29Qinghai_dri_Region13Fujian,0.0,0.0,0.0,3.991905253087246e7,0.0,0.0,0.0,3.991905253087246e7
dri_Region29Qinghai_dri_Region14Jiangxi,0.0,0.0,0.0,4.237774394268847e7,0.0,0.0,0.0,4.237774394268847e7
dri_Region29Qinghai_dri_Region15Shandong,0.0,0.0,0.0,4.0495247793070965e7,0.0,0.0,0.0,4.0495247793070965e7
dri_Region29Qinghai_dri_Region16Henan,0.0,0.0,0.0,3.602706796557167e7,0.0,0.0,0.0,3.602706796557167e7
dri_Region29Qinghai_dri_Region17Hubei,0.0,0.0,0.0,4.014737672597787e7,0.0,0.0,0.0,4.014737672597787e7
dri_Region29Qinghai_dri_Region18Hunan,0.0,0.0,0.0,4.181899734576315e7,0.0,0.0,0.0,4.181899734576315e7
dri_Region29Qinghai_dri_Region19Guangdong,0.0,0.0,0.0,3.98417521520639e7,0.0,0.0,0.0,3.98417521520639e7
dri_Region29Qinghai_dri_Region20Guangxi,0.0,0.0,0.0,3.941075079518606e7,0.0,0.0,0.0,3.941075079518606e7
dri_Region29Qinghai_dri_Region21Hainan,0.0,0.0,0.0,4.063362990327706e7,0.0,0.0,0.0,4.063362990327706e7
dri_Region29Qinghai_dri_Region22Chongqing,0.0,0.0,0.0,3.719973143659348e7,0.0,0.0,0.0,3.719973143659348e7
dri_Region29Qinghai_dri_Region23Sichuan,0.0,0.0,0.0,3.430334992723762e7,0.0,0.0,0.0,3.430334992723762e7
dri_Region29Qinghai_dri_Region24Guizhou,0.0,0.0,0.0,3.978781373312804e7,0.0,0.0,0.0,3.978781373312804e7
dri_Region29Qinghai_dri_Region25Yunnan,0.0,0.0,0.0,3.672990461381561e7,0.0,0.0,0.0,3.672990461381561e7
dri_Region29Qinghai_dri_Region27Shaanxi,0.0,0.0,0.0,3.1600354427949574e7,0.0,0.0,0.0,3.1600354427949574e7
dri_Region29Qinghai_dri_Region28Gansu,0.0,0.0,0.0,2.8788759599640504e7,0.0,0.0,0.0,2.8788759599640504e7
dri_Region29Qinghai_dri_Region30Ningxia,0.0,0.0,0.0,3.0661618013841312e7,0.0,0.0,0.0,3.0661618013841312e7
dri_Region29Qinghai_dri_Region31Xinjiang,0.0,0.0,0.0,3.257893226311959e7,0.0,0.0,0.0,3.257893226311959e7
dri_Region30Ningxia_dri_Region1Beijing,0.0,0.0,0.0,3.439461626204428e7,0.0,0.0,0.0,3.439461626204428e7
dri_Region30Ningxia_dri_Region2Tianjin,0.0,0.0,0.0,3.479935326508674e7,0.0,0.0,0.0,3.479935326508674e7
dri_Region30Ningxia_dri_Region3Hebei,0.0,0.0,0.0,3.282584586934577e7,0.0,0.0,0.0,3.282584586934577e7
dri_Region30Ningxia_dri_Region4Shanxi,0.0,0.0,0.0,3.1332484270728298e7,0.0,0.0,0.0,3.1332484270728298e7
dri_Region30Ningxia_dri_Region5Innermongolia,0.0,0.0,0.0,3.1320844345610928e7,0.0,0.0,0.0,3.1320844345610928e7
dri_Region30Ningxia_dri_Region6Liaoning,0.0,0.0,0.0,3.943768667975525e7,0.0,0.0,0.0,3.943768667975525e7
dri_Region30Ningxia_dri_Region7Jilin,0.0,0.0,0.0,4.098593821533945e7,0.0,0.0,0.0,4.098593821533945e7
dri_Region30Ningxia_dri_Region8Heilongjiang,0.0,0.0,0.0,4.214883184482679e7,0.0,0.0,0.0,4.214883184482679e7
dri_Region30Ningxia_dri_Region9Shanghai,0.0,0.0,0.0,4.033088079435028e7,0.0,0.0,0.0,4.033088079435028e7
dri_Region30Ningxia_dri_Region10Jiangsu,0.0,0.0,0.0,3.850932703347e7,0.0,0.0,0.0,3.850932703347e7
dri_Region30Ningxia_dri_Region11Zhejiang,0.0,0.0,0.0,4.025849444594116e7,0.0,0.0,0.0,4.025849444594116e7
dri_Region30Ningxia_dri_Region12Anhui,0.0,0.0,0.0,3.7703075731319815e7,0.0,0.0,0.0,3.7703075731319815e7
dri_Region30Ningxia_dri_Region13Fujian,0.0,0.0,0.0,3.882920140565902e7,0.0,0.0,0.0,3.882920140565902e7
dri_Region30Ningxia_dri_Region14Jiangxi,0.0,0.0,0.0,3.885961948224498e7,0.0,0.0,0.0,3.885961948224498e7
dri_Region30Ningxia_dri_Region15Shandong,0.0,0.0,0.0,3.463089618918083e7,0.0,0.0,0.0,3.463089618918083e7
dri_Region30Ningxia_dri_Region16Henan,0.0,0.0,0.0,3.3382231513382286e7,0.0,0.0,0.0,3.3382231513382286e7
dri_Region30Ningxia_dri_Region17Hubei,0.0,0.0,0.0,3.6481740588713445e7,0.0,0.0,0.0,3.6481740588713445e7
dri_Region30Ningxia_dri_Region18Hunan,0.0,0.0,0.0,3.820666652286873e7,0.0,0.0,0.0,3.820666652286873e7
dri_Region30Ningxia_dri_Region19Guangdong,0.0,0.0,0.0,3.902931301653129e7,0.0,0.0,0.0,3.902931301653129e7
dri_Region30Ningxia_dri_Region20Guangxi,0.0,0.0,0.0,3.954580249011479e7,0.0,0.0,0.0,3.954580249011479e7
dri_Region30Ningxia_dri_Region21Hainan,0.0,0.0,0.0,4.073637992177592e7,0.0,0.0,0.0,4.073637992177592e7
dri_Region30Ningxia_dri_Region22Chongqing,0.0,0.0,0.0,3.5608699944517374e7,0.0,0.0,0.0,3.5608699944517374e7
dri_Region30Ningxia_dri_Region23Sichuan,0.0,0.0,0.0,3.5094924629217364e7,0.0,0.0,0.0,3.5094924629217364e7
dri_Region30Ningxia_dri_Region24Guizhou,0.0,0.0,0.0,3.783478857038215e7,0.0,0.0,0.0,3.783478857038215e7
dri_Region30Ningxia_dri_Region25Yunnan,0.0,0.0,0.0,3.774576778691322e7,0.0,0.0,0.0,3.774576778691322e7
dri_Region30Ningxia_dri_Region27Shaanxi,0.0,0.0,0.0,3.044380599365283e7,0.0,0.0,0.0,3.044380599365283e7
dri_Region30Ningxia_dri_Region28Gansu,0.0,0.0,0.0,2.9598364749484193e7,0.0,0.0,0.0,2.9598364749484193e7
dri_Region30Ningxia_dri_Region29Qinghai,0.0,0.0,0.0,3.0733292382453065e7,0.0,0.0,0.0,3.0733292382453065e7
dri_Region30Ningxia_dri_Region31Xinjiang,0.0,0.0,0.0,3.341714028661768e7,0.0,0.0,0.0,3.341714028661768e7
dri_Region31Xinjiang_dri_Region1Beijing,0.0,0.0,0.0,3.5919683243830286e7,0.0,0.0,0.0,3.5919683243830286e7
dri_Region31Xinjiang_dri_Region2Tianjin,0.0,0.0,0.0,3.629186847239697e7,0.0,0.0,0.0,3.629186847239697e7
dri_Region31Xinjiang_dri_Region3Hebei,0.0,0.0,0.0,3.600209668594525e7,0.0,0.0,0.0,3.600209668594525e7
dri_Region31Xinjiang_dri_Region4Shanxi,0.0,0.0,0.0,3.530678648490444e7,0.0,0.0,0.0,3.530678648490444e7
dri_Region31Xinjiang_dri_Region5Innermongolia,0.0,0.0,0.0,3.4856149644870326e7,0.0,0.0,0.0,3.4856149644870326e7
dri_Region31Xinjiang_dri_Region6Liaoning,0.0,0.0,0.0,3.786077327144133e7,0.0,0.0,0.0,3.786077327144133e7
dri_Region31Xinjiang_dri_Region7Jilin,0.0,0.0,0.0,3.8117920846129775e7,0.0,0.0,0.0,3.8117920846129775e7
dri_Region31Xinjiang_dri_Region8Heilongjiang,0.0,0.0,0.0,3.860995882621599e7,0.0,0.0,0.0,3.860995882621599e7
dri_Region31Xinjiang_dri_Region9Shanghai,0.0,0.0,0.0,3.8937262418081805e7,0.0,0.0,0.0,3.8937262418081805e7
dri_Region31Xinjiang_dri_Region10Jiangsu,0.0,0.0,0.0,3.821651976316553e7,0.0,0.0,0.0,3.821651976316553e7
dri_Region31Xinjiang_dri_Region11Zhejiang,0.0,0.0,0.0,3.8840842960797034e7,0.0,0.0,0.0,3.8840842960797034e7
dri_Region31Xinjiang_dri_Region12Anhui,0.0,0.0,0.0,3.77981817049235e7,0.0,0.0,0.0,3.77981817049235e7
dri_Region31Xinjiang_dri_Region13Fujian,0.0,0.0,0.0,3.954649694740701e7,0.0,0.0,0.0,3.954649694740701e7
dri_Region31Xinjiang_dri_Region14Jiangxi,0.0,0.0,0.0,3.816248535334001e7,0.0,0.0,0.0,3.816248535334001e7
dri_Region31Xinjiang_dri_Region15Shandong,0.0,0.0,0.0,3.693830078467577e7,0.0,0.0,0.0,3.693830078467577e7
dri_Region31Xinjiang_dri_Region16Henan,0.0,0.0,0.0,3.6483386383375585e7,0.0,0.0,0.0,3.6483386383375585e7
dri_Region31Xinjiang_dri_Region17Hubei,0.0,0.0,0.0,3.729189220312124e7,0.0,0.0,0.0,3.729189220312124e7
dri_Region31Xinjiang_dri_Region18Hunan,0.0,0.0,0.0,3.794807747863004e7,0.0,0.0,0.0,3.794807747863004e7
dri_Region31Xinjiang_dri_Region19Guangdong,0.0,0.0,0.0,3.951676323393101e7,0.0,0.0,0.0,3.951676323393101e7
dri_Region31Xinjiang_dri_Region20Guangxi,0.0,0.0,0.0,3.877262420815958e7,0.0,0.0,0.0,3.877262420815958e7
dri_Region31Xinjiang_dri_Region21Hainan,0.0,0.0,0.0,3.985922818082778e7,0.0,0.0,0.0,3.985922818082778e7
dri_Region31Xinjiang_dri_Region22Chongqing,0.0,0.0,0.0,3.636787105608009e7,0.0,0.0,0.0,3.636787105608009e7
dri_Region31Xinjiang_dri_Region23Sichuan,0.0,0.0,0.0,3.598958010633007e7,0.0,0.0,0.0,3.598958010633007e7
dri_Region31Xinjiang_dri_Region24Guizhou,0.0,0.0,0.0,3.7317480228185415e7,0.0,0.0,0.0,3.7317480228185415e7
dri_Region31Xinjiang_dri_Region25Yunnan,0.0,0.0,0.0,3.825574934704487e7,0.0,0.0,0.0,3.825574934704487e7
dri_Region31Xinjiang_dri_Region27Shaanxi,0.0,0.0,0.0,3.532654590831224e7,0.0,0.0,0.0,3.532654590831224e7
dri_Region31Xinjiang_dri_Region28Gansu,0.0,0.0,0.0,3.378836751947503e7,0.0,0.0,0.0,3.378836751947503e7
dri_Region31Xinjiang_dri_Region29Qinghai,0.0,0.0,0.0,3.365608286155668e7,0.0,0.0,0.0,3.365608286155668e7
dri_Region31Xinjiang_dri_Region30Ningxia,0.0,0.0,0.0,3.409129041514501e7,0.0,0.0,0.0,3.409129041514501e7
natgas_Region1Beijing_Region1Beijing_gasdri_transforms,0.3686834307512103,0.0,0.0,0.0,0.0,0.0,0.0,0.3686834307512103
steelscrap_source_Region1Beijing_Region1Beijing_gasdri_transforms,-0.10542329882636706,0.0,0.0,0.0,0.0,0.0,0.0,-0.10542329882636706
Region1Beijing_gasdri_transforms_dri_Region1Beijing,0.0,0.19808012705467898,0.04919753945230459,0.0,0.0,0.0,0.0,0.24727766650698357
natgas_Region2Tianjin_Region2Tianjin_gasdri_transforms,0.36868375916595847,0.0,0.0,0.0,0.0,0.0,0.0,0.36868375916595847
steelscrap_source_Region2Tianjin_Region2Tianjin_gasdri_transforms,-0.10542339273502493,0.0,0.0,0.0,0.0,0.0,0.0,-0.10542339273502493
Region2Tianjin_gasdri_transforms_dri_Region2Tianjin,0.0,0.19808030602768484,0.04919758327634503,0.0,0.0,0.0,0.0,0.24727788930402989
natgas_Region3Hebei_Region3Hebei_gasdri_transforms,0.3657424962381681,0.0,0.0,0.0,0.0,0.0,0.0,0.3657424962381681
steelscrap_source_Region3Hebei_Region3Hebei_gasdri_transforms,-0.1054326154138148,0.0,0.0,0.0,0.0,0.0,0.0,-0.1054326154138148
Region3Hebei_gasdri_transforms_dri_Region3Hebei,0.0,0.1980976489732026,0.04920188719311362,0.0,0.0,0.0,0.0,0.24729953616631623
natgas_Region4Shanxi_Region4Shanxi_gasdri_transforms,0.3560241252002404,0.0,0.0,0.0,0.0,0.0,0.0,0.3560241252002404
steelscrap_source_Region4Shanxi_Region4Shanxi_gasdri_transforms,-0.10541649510394922,0.0,0.0,0.0,0.0,0.0,0.0,-0.10541649510394922
Region4Shanxi_gasdri_transforms_dri_Region4Shanxi,0.0,0.19806732837440408,0.04919436438184299,0.0,0.0,0.0,0.0,0.24726169275624707
natgas_Region5Innermongolia_Region5Innermongolia_gasdri_transforms,0.27885721285542303,0.0,0.0,0.0,0.0,0.0,0.0,0.27885721285542303
steelscrap_source_Region5Innermongolia_Region5Innermongolia_gasdri_transforms,-0.10532624443564578,0.0,0.0,0.0,0.0,0.0,0.0,-0.10532624443564578
Region5Innermongolia_gasdri_transforms_dri_Region5Innermongolia,0.0,0.1978975459002741,0.0491522474033013,0.0,0.0,0.0,0.0,0.2470497933035754
natgas_Region6Liaoning_Region6Liaoning_gasdri_transforms,0.3656333927870809,0.0,0.0,0.0,0.0,0.0,0.0,0.3656333927870809
steelscrap_source_Region6Liaoning_Region6Liaoning_gasdri_transforms,-0.10540116415420743,0.0,0.0,0.0,0.0,0.0,0.0,-0.10540116415420743
Region6Liaoning_gasdri_transforms_dri_Region6Liaoning,0.0,0.198038485363768,0.04918720993862983,0.0,0.0,0.0,0.0,0.24722569530239782
natgas_Region7Jilin_Region7Jilin_gasdri_transforms,0.33656519678759406,0.0,0.0,0.0,0.0,0.0,0.0,0.33656519678759406
steelscrap_source_Region7Jilin_Region7Jilin_gasdri_transforms,-0.10537453248040964,0.0,0.0,0.0,0.0,0.0,0.0,-0.10537453248040964
Region7Jilin_gasdri_transforms_dri_Region7Jilin,0.0,0.19798838815513908,0.049174781824191174,0.0,0.0,0.0,0.0,0.24716316997933024
natgas_Region8Heilongjiang_Region8Heilongjiang_gasdri_transforms,0.3366214812718278,0.0,0.0,0.0,0.0,0.0,0.0,0.3366214812718278
steelscrap_source_Region8Heilongjiang_Region8Heilongjiang_gasdri_transforms,-0.10539215447837275,0.0,0.0,0.0,0.0,0.0,0.0,-0.10539215447837275
Region8Heilongjiang_gasdri_transforms_dri_Region8Heilongjiang,0.0,0.1980215393102321,0.04918300542324057,0.0,0.0,0.0,0.0,0.24720454473347264
natgas_Region9Shanghai_Region9Shanghai_gasdri_transforms,0.39338146712925953,0.0,0.0,0.0,0.0,0.0,0.0,0.39338146712925953
steelscrap_source_Region9Shanghai_Region9Shanghai_gasdri_transforms,-0.10546852728542848,0.0,0.0,0.0,0.0,0.0,0.0,-0.10546852728542848
Region9Shanghai_gasdri_transforms_dri_Region9Shanghai,0.0,0.19816521438537998,0.04921864606653332,0.0,0.0,0.0,0.0,0.2473838604519133
natgas_Region10Jiangsu_Region10Jiangsu_gasdri_transforms,0.39080454377887974,0.0,0.0,0.0,0.0,0.0,0.0,0.39080454377887974
steelscrap_source_Region10Jiangsu_Region10Jiangsu_gasdri_transforms,-0.10547548770876448,0.0,0.0,0.0,0.0,0.0,0.0,-0.10547548770876448
Region10Jiangsu_gasdri_transforms_dri_Region10Jiangsu,0.0,0.19817830483107993,0.049221894264089995,0.0,0.0,0.0,0.0,0.24740019909516991
natgas_Region11Zhejiang_Region11Zhejiang_gasdri_transforms,0.3919040790357056,0.0,0.0,0.0,0.0,0.0,0.0,0.3919040790357056
steelscrap_source_Region11Zhejiang_Region11Zhejiang_gasdri_transforms,-0.10547118529888437,0.0,0.0,0.0,0.0,0.0,0.0,-0.10547118529888437
Region11Zhejiang_gasdri_transforms_dri_Region11Zhejiang,0.0,0.19817021422933928,0.04921988647281273,0.0,0.0,0.0,0.0,0.247390100702152
natgas_Region12Anhui_Region12Anhui_gasdri_transforms,0.3811140311764554,0.0,0.0,0.0,0.0,0.0,0.0,0.3811140311764554
steelscrap_source_Region12Anhui_Region12Anhui_gasdri_transforms,-0.10546921813213378,0.0,0.0,0.0,0.0,0.0,0.0,-0.10546921813213378
Region12Anhui_gasdri_transforms_dri_Region12Anhui,0.0,0.1981665138941231,0.04921896846166236,0.0,0.0,0.0,0.0,0.24738548235578545
natgas_Region13Fujian_Region13Fujian_gasdri_transforms,0.393565728787753,0.0,0.0,0.0,0.0,0.0,0.0,0.393565728787753
steelscrap_source_Region13Fujian_Region13Fujian_gasdri_transforms,-0.10551792922064963,0.0,0.0,0.0,0.0,0.0,0.0,-0.10551792922064963
Region13Fujian_gasdri_transforms_dri_Region13Fujian,0.0,0.1982581467612536,0.049241700302969885,0.0,0.0,0.0,0.0,0.2474998470642235
natgas_Region14Jiangxi_Region14Jiangxi_gasdri_transforms,0.36350022946465693,0.0,0.0,0.0,0.0,0.0,0.0,0.36350022946465693
steelscrap_source_Region14Jiangxi_Region14Jiangxi_gasdri_transforms,-0.10553700840607927,0.0,0.0,0.0,0.0,0.0,0.0,-0.10553700840607927
Region14Jiangxi_gasdri_transforms_dri_Region14Jiangxi,0.0,0.19829404300789719,0.04925060392283691,0.0,0.0,0.0,0.0,0.24754464693073408
natgas_Region15Shandong_Region15Shandong_gasdri_transforms,0.36576225944480606,0.0,0.0,0.0,0.0,0.0,0.0,0.36576225944480606
steelscrap_source_Region15Shandong_Region15Shandong_gasdri_transforms,-0.1054383125547988,0.0,0.0,0.0,0.0,0.0,0.0,-0.1054383125547988
Region15Shandong_gasdri_transforms_dri_Region15Shandong,0.0,0.19810837083110286,0.04920454585890602,0.0,0.0,0.0,0.0,0.24731291669000888
natgas_Region16Henan_Region16Henan_gasdri_transforms,0.3698922630804059,0.0,0.0,0.0,0.0,0.0,0.0,0.3698922630804059
steelscrap_source_Region16Henan_Region16Henan_gasdri_transforms,-0.10545005736656854,0.0,0.0,0.0,0.0,0.0,0.0,-0.10545005736656854
Region16Henan_gasdri_transforms_dri_Region16Henan,0.0,0.19813046713424512,0.04921002677106543,0.0,0.0,0.0,0.0,0.24734049390531054
natgas_Region17Hubei_Region17Hubei_gasdri_transforms,0.3632879098689759,0.0,0.0,0.0,0.0,0.0,0.0,0.3632879098689759
steelscrap_source_Region17Hubei_Region17Hubei_gasdri_transforms,-0.10547536449738883,0.0,0.0,0.0,0.0,0.0,0.0,-0.10547536449738883
Region17Hubei_gasdri_transforms_dri_Region17Hubei,0.0,0.19817807627603115,0.04922183676544804,0.0,0.0,0.0,0.0,0.24739991304147918
natgas_Region18Hunan_Region18Hunan_gasdri_transforms,0.36333779982369296,0.0,0.0,0.0,0.0,0.0,0.0,0.36333779982369296
steelscrap_source_Region18Hunan_Region18Hunan_gasdri_transforms,-0.10548984932062515,0.0,0.0,0.0,0.0,0.0,0.0,-0.10548984932062515
Region18Hunan_gasdri_transforms_dri_Region18Hunan,0.0,0.19820532579658945,0.049228596349625134,0.0,0.0,0.0,0.0,0.24743392214621457
natgas_Region19Guangdong_Region19Guangdong_gasdri_transforms,0.3940359862606867,0.0,0.0,0.0,0.0,0.0,0.0,0.3940359862606867
steelscrap_source_Region19Guangdong_Region19Guangdong_gasdri_transforms,-0.10564400878275264,0.0,0.0,0.0,0.0,0.0,0.0,-0.10564400878275264
Region19Guangdong_gasdri_transforms_dri_Region19Guangdong,0.0,0.1984953313699808,0.04930053743195146,0.0,0.0,0.0,0.0,0.24779586880193225
natgas_Region20Guangxi_Region20Guangxi_gasdri_transforms,0.3698802382400846,0.0,0.0,0.0,0.0,0.0,0.0,0.3698802382400846
steelscrap_source_Region20Guangxi_Region20Guangxi_gasdri_transforms,-0.10544662928702135,0.0,0.0,0.0,0.0,0.0,0.0,-0.10544662928702135
Region20Guangxi_gasdri_transforms_dri_Region20Guangxi,0.0,0.19812401335423416,0.049208427000610074,0.0,0.0,0.0,0.0,0.24733244035484422
natgas_Region22Chongqing_Region22Chongqing_gasdri_transforms,0.3204715099597009,0.0,0.0,0.0,0.0,0.0,0.0,0.3204715099597009
steelscrap_source_Region22Chongqing_Region22Chongqing_gasdri_transforms,-0.10545734046895695,0.0,0.0,0.0,0.0,0.0,0.0,-0.10545734046895695
Region22Chongqing_gasdri_transforms_dri_Region22Chongqing,0.0,0.19814416924964875,0.049213425552179835,0.0,0.0,0.0,0.0,0.2473575948018286
natgas_Region23Sichuan_Region23Sichuan_gasdri_transforms,0.32206380244381955,0.0,0.0,0.0,0.0,0.0,0.0,0.32206380244381955
steelscrap_source_Region23Sichuan_Region23Sichuan_gasdri_transforms,-0.10549179395854326,0.0,0.0,0.0,0.0,0.0,0.0,-0.10549179395854326
Region23Sichuan_gasdri_transforms_dri_Region23Sichuan,0.0,0.19820898317768068,0.04922950384732021,0.0,0.0,0.0,0.0,0.24743848702500087
natgas_Region24Guizhou_Region24Guizhou_gasdri_transforms,0.3295226656400334,0.0,0.0,0.0,0.0,0.0,0.0,0.3295226656400334
steelscrap_source_Region24Guizhou_Region24Guizhou_gasdri_transforms,-0.10526087600677235,0.0,0.0,0.0,0.0,0.0,0.0,-0.10526087600677235
Region24Guizhou_gasdri_transforms_dri_Region24Guizhou,0.0,0.19777457262365716,0.049121742136493694,0.0,0.0,0.0,0.0,0.24689631476015086
natgas_Region25Yunnan_Region25Yunnan_gasdri_transforms,0.32964755626140635,0.0,0.0,0.0,0.0,0.0,0.0,0.32964755626140635
steelscrap_source_Region25Yunnan_Region25Yunnan_gasdri_transforms,-0.10530077036786403,0.0,0.0,0.0,0.0,0.0,0.0,-0.10530077036786403
Region25Yunnan_gasdri_transforms_dri_Region25Yunnan,0.0,0.19784962104782608,0.04914035950500303,0.0,0.0,0.0,0.0,0.2469899805528291
natgas_Region27Shaanxi_Region27Shaanxi_gasdri_transforms,0.279185246185911,0.0,0.0,0.0,0.0,0.0,0.0,0.279185246185911
steelscrap_source_Region27Shaanxi_Region27Shaanxi_gasdri_transforms,-0.10545014483038903,0.0,0.0,0.0,0.0,0.0,0.0,-0.10545014483038903
Region27Shaanxi_gasdri_transforms_dri_Region27Shaanxi,0.0,0.19813063089398883,0.04921006758751506,0.0,0.0,0.0,0.0,0.2473406984815039
natgas_Region28Gansu_Region28Gansu_gasdri_transforms,0.2911308463978559,0.0,0.0,0.0,0.0,0.0,0.0,0.2911308463978559
steelscrap_source_Region28Gansu_Region28Gansu_gasdri_transforms,-0.10533357251025827,0.0,0.0,0.0,0.0,0.0,0.0,-0.10533357251025827
Region28Gansu_gasdri_transforms_dri_Region28Gansu,0.0,0.19791133274170825,0.04915566717145391,0.0,0.0,0.0,0.0,0.24706699991316217
natgas_Region29Qinghai_Region29Qinghai_gasdri_transforms,0.30234123624191067,0.0,0.0,0.0,0.0,0.0,0.0,0.30234123624191067
steelscrap_source_Region29Qinghai_Region29Qinghai_gasdri_transforms,-0.10535802803976528,0.0,0.0,0.0,0.0,0.0,0.0,-0.10535802803976528
Region29Qinghai_gasdri_transforms_dri_Region29Qinghai,0.0,0.19795733942857055,0.049167079751890407,0.0,0.0,0.0,0.0,0.24712441918046096
natgas_Region30Ningxia_Region30Ningxia_gasdri_transforms,0.26944859496043705,0.0,0.0,0.0,0.0,0.0,0.0,0.26944859496043705
steelscrap_source_Region30Ningxia_Region30Ningxia_gasdri_transforms,-0.1054223202664053,0.0,0.0,0.0,0.0,0.0,0.0,-0.1054223202664053
Region30Ningxia_gasdri_transforms_dri_Region30Ningxia,0.0,0.19807828685895876,0.04919708279098937,0.0,0.0,0.0,0.0,0.24727536964994812
natgas_Region31Xinjiang_Region31Xinjiang_gasdri_transforms,0.25231482831088997,0.0,0.0,0.0,0.0,0.0,0.0,0.25231482831088997
steelscrap_source_Region31Xinjiang_Region31Xinjiang_gasdri_transforms,-0.10509699921685507,0.0,0.0,0.0,0.0,0.0,0.0,-0.10509699921685507
Region31Xinjiang_gasdri_transforms_dri_Region31Xinjiang,0.0,0.19746627488534768,0.049045266301198896,0.0,0.0,0.0,0.0,0.24651154118654658
natgas_Region1Beijing_Region1Beijing_gasdriccs_transforms,0.4671182579707339,0.0,0.0,0.0,0.0,0.0,0.0,0.4671182579707339
steelscrap_source_Region1Beijing_Region1Beijing_gasdriccs_transforms,-0.1055208624086522,0.0,0.0,0.0,0.0,0.0,0.0,-0.1055208624086522
Region1Beijing_gasdriccs_transforms_dri_Region1Beijing,0.0,0.27184207076931677,0.06753335194153746,0.0,0.0,0.0,0.0,0.33937542271085425
natgas_Region2Tianjin_Region2Tianjin_gasdriccs_transforms,0.4671622312997301,0.0,0.0,0.0,0.0,0.0,0.0,0.4671622312997301
steelscrap_source_Region2Tianjin_Region2Tianjin_gasdriccs_transforms,-0.10553079587521941,0.0,0.0,0.0,0.0,0.0,0.0,-0.10553079587521941
Region2Tianjin_gasdriccs_transforms_dri_Region2Tianjin,0.0,0.2718677053321405,0.06753970936014056,0.0,0.0,0.0,0.0,0.3394074146922811
natgas_Region3Hebei_Region3Hebei_gasdriccs_transforms,0.4633881737792787,0.0,0.0,0.0,0.0,0.0,0.0,0.4633881737792787
steelscrap_source_Region3Hebei_Region3Hebei_gasdriccs_transforms,-0.1055292882348112,0.0,0.0,0.0,0.0,0.0,0.0,-0.1055292882348112
Region3Hebei_gasdriccs_transforms_dri_Region3Hebei,0.0,0.27186379759720974,0.06753874447027923,0.0,0.0,0.0,0.0,0.339402542067489
natgas_Region4Shanxi_Region4Shanxi_gasdriccs_transforms,0.45109034617399807,0.0,0.0,0.0,0.0,0.0,0.0,0.45109034617399807
steelscrap_source_Region4Shanxi_Region4Shanxi_gasdriccs_transforms,-0.10551669634003853,0.0,0.0,0.0,0.0,0.0,0.0,-0.10551669634003853
Region4Shanxi_gasdriccs_transforms_dri_Region4Shanxi,0.0,0.27183132615971606,0.0675306856576242,0.0,0.0,0.0,0.0,0.33936201181734027
natgas_Region5Innermongolia_Region5Innermongolia_gasdriccs_transforms,0.35332777543006355,0.0,0.0,0.0,0.0,0.0,0.0,0.35332777543006355
steelscrap_source_Region5Innermongolia_Region5Innermongolia_gasdriccs_transforms,-0.10542922244920998,0.0,0.0,0.0,0.0,0.0,0.0,-0.10542922244920998
Region5Innermongolia_gasdriccs_transforms_dri_Region5Innermongolia,0.0,0.27160569688418057,0.0674747023674944,0.0,0.0,0.0,0.0,0.339080399251675
natgas_Region6Liaoning_Region6Liaoning_gasdriccs_transforms,0.46329928290406747,0.0,0.0,0.0,0.0,0.0,0.0,0.46329928290406747
steelscrap_source_Region6Liaoning_Region6Liaoning_gasdriccs_transforms,-0.10550904475143719,0.0,0.0,0.0,0.0,0.0,0.0,-0.10550904475143719
Region6Liaoning_gasdriccs_transforms_dri_Region6Liaoning,0.0,0.2718115810444205,0.06752578864091974,0.0,0.0,0.0,0.0,0.33933736968534023
natgas_Region7Jilin_Region7Jilin_gasdriccs_transforms,0.4264280221476339,0.0,0.0,0.0,0.0,0.0,0.0,0.4264280221476339
steelscrap_source_Region7Jilin_Region7Jilin_gasdriccs_transforms,-0.10547285447670304,0.0,0.0,0.0,0.0,0.0,0.0,-0.10547285447670304
Region7Jilin_gasdriccs_transforms_dri_Region7Jilin,0.0,0.27171823398621003,0.06750262686508984,0.0,0.0,0.0,0.0,0.3392208608512999
natgas_Region8Heilongjiang_Region8Heilongjiang_gasdriccs_transforms,0.4264819444987222,0.0,0.0,0.0,0.0,0.0,0.0,0.4264819444987222
steelscrap_source_Region8Heilongjiang_Region8Heilongjiang_gasdriccs_transforms,-0.10548619164966953,0.0,0.0,0.0,0.0,0.0,0.0,-0.10548619164966953
Region8Heilongjiang_gasdriccs_transforms_dri_Region8Heilongjiang,0.0,0.27175263652225407,0.06751116265578863,0.0,0.0,0.0,0.0,0.3392637991780427
natgas_Region9Shanghai_Region9Shanghai_gasdriccs_transforms,0.4983948403888853,0.0,0.0,0.0,0.0,0.0,0.0,0.4983948403888853
steelscrap_source_Region9Shanghai_Region9Shanghai_gasdriccs_transforms,-0.10556283168247638,0.0,0.0,0.0,0.0,0.0,0.0,-0.10556283168247638
Region9Shanghai_gasdriccs_transforms_dri_Region9Shanghai,0.0,0.2719503348320349,0.06756021227678445,0.0,0.0,0.0,0.0,0.33951054710881934
natgas_Region10Jiangsu_Region10Jiangsu_gasdriccs_transforms,0.49512204747912836,0.0,0.0,0.0,0.0,0.0,0.0,0.49512204747912836
steelscrap_source_Region10Jiangsu_Region10Jiangsu_gasdriccs_transforms,-0.10556810142127367,0.0,0.0,0.0,0.0,0.0,0.0,-0.10556810142127367
Region10Jiangsu_gasdriccs_transforms_dri_Region10Jiangsu,0.0,0.2719639188607024,0.06756358490961523,0.0,0.0,0.0,0.0,0.33952750377031765
natgas_Region11Zhejiang_Region11Zhejiang_gasdriccs_transforms,0.4965299646979813,0.0,0.0,0.0,0.0,0.0,0.0,0.4965299646979813
steelscrap_source_Region11Zhejiang_Region11Zhejiang_gasdriccs_transforms,-0.10556695947534446,0.0,0.0,0.0,0.0,0.0,0.0,-0.10556695947534446
Region11Zhejiang_gasdriccs_transforms_dri_Region11Zhejiang,0.0,0.27196097630962024,0.06756285406422056,0.0,0.0,0.0,0.0,0.3395238303738408
natgas_Region12Anhui_Region12Anhui_gasdriccs_transforms,0.4828356159225848,0.0,0.0,0.0,0.0,0.0,0.0,0.4828356159225848
steelscrap_source_Region12Anhui_Region12Anhui_gasdriccs_transforms,-0.10555980859419717,0.0,0.0,0.0,0.0,0.0,0.0,-0.10555980859419717
Region12Anhui_gasdriccs_transforms_dri_Region12Anhui,0.0,0.2719425310002142,0.06755827750028595,0.0,0.0,0.0,0.0,0.33950080850050013
natgas_Region13Fujian_Region13Fujian_gasdriccs_transforms,0.498543878390691,0.0,0.0,0.0,0.0,0.0,0.0,0.498543878390691
steelscrap_source_Region13Fujian_Region13Fujian_gasdriccs_transforms,-0.10559439876990064,0.0,0.0,0.0,0.0,0.0,0.0,-0.10559439876990064
Region13Fujian_gasdriccs_transforms_dri_Region13Fujian,0.0,0.27203174803034746,0.06758041521273642,0.0,0.0,0.0,0.0,0.33961216324308385
natgas_Region14Jiangxi_Region14Jiangxi_gasdriccs_transforms,0.4603613009679286,0.0,0.0,0.0,0.0,0.0,0.0,0.4603613009679286
steelscrap_source_Region14Jiangxi_Region14Jiangxi_gasdriccs_transforms,-0.10559112243450536,0.0,0.0,0.0,0.0,0.0,0.0,-0.10559112243450536
Region14Jiangxi_gasdriccs_transforms_dri_Region14Jiangxi,0.0,0.27202329748787757,0.06757831835808326,0.0,0.0,0.0,0.0,0.3396016158459608
natgas_Region15Shandong_Region15Shandong_gasdriccs_transforms,0.4634205243855963,0.0,0.0,0.0,0.0,0.0,0.0,0.4634205243855963
steelscrap_source_Region15Shandong_Region15Shandong_gasdriccs_transforms,-0.10553665557099266,0.0,0.0,0.0,0.0,0.0,0.0,-0.10553665557099266
Region15Shandong_gasdriccs_transforms_dri_Region15Shandong,0.0,0.27188280623244854,0.06754345956543509,0.0,0.0,0.0,0.0,0.3394262657978836
natgas_Region16Henan_Region16Henan_gasdriccs_transforms,0.4686497281262257,0.0,0.0,0.0,0.0,0.0,0.0,0.4686497281262257
steelscrap_source_Region16Henan_Region16Henan_gasdriccs_transforms,-0.10554762128951808,0.0,0.0,0.0,0.0,0.0,0.0,-0.10554762128951808
Region16Henan_gasdriccs_transforms_dri_Region16Henan,0.0,0.2719110937012166,0.06755047762529136,0.0,0.0,0.0,0.0,0.33946157132650795
natgas_Region17Hubei_Region17Hubei_gasdriccs_transforms,0.46020891873430964,0.0,0.0,0.0,0.0,0.0,0.0,0.46020891873430964
steelscrap_source_Region17Hubei_Region17Hubei_gasdriccs_transforms,-0.10555617116676615,0.0,0.0,0.0,0.0,0.0,0.0,-0.10555617116676615
Region17Hubei_gasdriccs_transforms_dri_Region17Hubei,0.0,0.2719331452084522,0.06755594954673032,0.0,0.0,0.0,0.0,0.3394890947551825
natgas_Region18Hunan_Region18Hunan_gasdriccs_transforms,0.46023117511792333,0.0,0.0,0.0,0.0,0.0,0.0,0.46023117511792333
steelscrap_source_Region18Hunan_Region18Hunan_gasdriccs_transforms,-0.10556127601924274,0.0,0.0,0.0,0.0,0.0,0.0,-0.10556127601924274
Region18Hunan_gasdriccs_transforms_dri_Region18Hunan,0.0,0.2719463137730208,0.06755921665231514,0.0,0.0,0.0,0.0,0.33950553042533593
natgas_Region19Guangdong_Region19Guangdong_gasdriccs_transforms,0.4989343072650262,0.0,0.0,0.0,0.0,0.0,0.0,0.4989343072650262
steelscrap_source_Region19Guangdong_Region19Guangdong_gasdriccs_transforms,-0.10567709380244449,0.0,0.0,0.0,0.0,0.0,0.0,-0.10567709380244449
Region19Guangdong_gasdriccs_transforms_dri_Region19Guangdong,0.0,0.2722450484733797,0.06763334003356433,0.0,0.0,0.0,0.0,0.3398783885069441
natgas_Region20Guangxi_Region20Guangxi_gasdriccs_transforms,0.4686359861511775,0.0,0.0,0.0,0.0,0.0,0.0,0.4686359861511775
steelscrap_source_Region20Guangxi_Region20Guangxi_gasdriccs_transforms,-0.10554452637087997,0.0,0.0,0.0,0.0,0.0,0.0,-0.10554452637087997
Region20Guangxi_gasdriccs_transforms_dri_Region20Guangxi,0.0,0.27190310574562665,0.06754849687736328,0.0,0.0,0.0,0.0,0.3394516026229899
natgas_Region22Chongqing_Region22Chongqing_gasdriccs_transforms,0.4059431183449341,0.0,0.0,0.0,0.0,0.0,0.0,0.4059431183449341
steelscrap_source_Region22Chongqing_Region22Chongqing_gasdriccs_transforms,-0.10553124927547121,0.0,0.0,0.0,0.0,0.0,0.0,-0.10553124927547121
Region22Chongqing_gasdriccs_transforms_dri_Region22Chongqing,0.0,0.27186886162060164,0.06753999953630141,0.0,0.0,0.0,0.0,0.33940886115690305
natgas_Region23Sichuan_Region23Sichuan_gasdriccs_transforms,0.40783702656226956,0.0,0.0,0.0,0.0,0.0,0.0,0.40783702656226956
steelscrap_source_Region23Sichuan_Region23Sichuan_gasdriccs_transforms,-0.10553388385406189,0.0,0.0,0.0,0.0,0.0,0.0,-0.10553388385406189
Region23Sichuan_gasdriccs_transforms_dri_Region23Sichuan,0.0,0.2718756571381614,0.06754168566659945,0.0,0.0,0.0,0.0,0.3394173428047609
natgas_Region24Guizhou_Region24Guizhou_gasdriccs_transforms,0.418052898650248,0.0,0.0,0.0,0.0,0.0,0.0,0.418052898650248
steelscrap_source_Region24Guizhou_Region24Guizhou_gasdriccs_transforms,-0.10549732182214286,0.0,0.0,0.0,0.0,0.0,0.0,-0.10549732182214286
Region24Guizhou_gasdriccs_transforms_dri_Region24Guizhou,0.0,0.271781350412498,0.06751828596617157,0.0,0.0,0.0,0.0,0.33929963637866956
natgas_Region25Yunnan_Region25Yunnan_gasdriccs_transforms,0.41790140545464105,0.0,0.0,0.0,0.0,0.0,0.0,0.41790140545464105
steelscrap_source_Region25Yunnan_Region25Yunnan_gasdriccs_transforms,-0.10545909190802867,0.0,0.0,0.0,0.0,0.0,0.0,-0.10545909190802867
Region25Yunnan_gasdriccs_transforms_dri_Region25Yunnan,0.0,0.27168273940546345,0.06749381882113818,0.0,0.0,0.0,0.0,0.33917655822660164
natgas_Region27Shaanxi_Region27Shaanxi_gasdriccs_transforms,0.35346858889739,0.0,0.0,0.0,0.0,0.0,0.0,0.35346858889739
steelscrap_source_Region27Shaanxi_Region27Shaanxi_gasdriccs_transforms,-0.10547123967911079,0.0,0.0,0.0,0.0,0.0,0.0,-0.10547123967911079
Region27Shaanxi_gasdriccs_transforms_dri_Region27Shaanxi,0.0,0.27171407374812856,0.06750159339463083,0.0,0.0,0.0,0.0,0.3392156671427594
natgas_Region28Gansu_Region28Gansu_gasdriccs_transforms,0.3688746953503565,0.0,0.0,0.0,0.0,0.0,0.0,0.3688746953503565
steelscrap_source_Region28Gansu_Region28Gansu_gasdriccs_transforms,-0.105435281684054,0.0,0.0,0.0,0.0,0.0,0.0,-0.105435281684054
Region28Gansu_gasdriccs_transforms_dri_Region28Gansu,0.0,0.2716213276576086,0.06747858027779431,0.0,0.0,0.0,0.0,0.3390999079354029
natgas_Region29Qinghai_Region29Qinghai_gasdriccs_transforms,0.3830663387599482,0.0,0.0,0.0,0.0,0.0,0.0,0.3830663387599482
steelscrap_source_Region29Qinghai_Region29Qinghai_gasdriccs_transforms,-0.10545635287919976,0.0,0.0,0.0,0.0,0.0,0.0,-0.10545635287919976
Region29Qinghai_gasdriccs_transforms_dri_Region29Qinghai,0.0,0.2716756776517166,0.06749206584268769,0.0,0.0,0.0,0.0,0.33916774349440426
natgas_Region30Ningxia_Region30Ningxia_gasdriccs_transforms,0.34156746293267576,0.0,0.0,0.0,0.0,0.0,0.0,0.34156746293267576
steelscrap_source_Region30Ningxia_Region30Ningxia_gasdriccs_transforms,-0.1055751358352321,0.0,0.0,0.0,0.0,0.0,0.0,-0.1055751358352321
Region30Ningxia_gasdriccs_transforms_dri_Region30Ningxia,0.0,0.2719820627681587,0.06756808693454837,0.0,0.0,0.0,0.0,0.3395501497027071
natgas_Region31Xinjiang_Region31Xinjiang_gasdriccs_transforms,0.3199516519036497,0.0,0.0,0.0,0.0,0.0,0.0,0.3199516519036497
steelscrap_source_Region31Xinjiang_Region31Xinjiang_gasdriccs_transforms,-0.10528352234741978,0.0,0.0,0.0,0.0,0.0,0.0,-0.10528352234741978
Region31Xinjiang_gasdriccs_transforms_dri_Region31Xinjiang,0.0,0.271229889743874,0.0673814543023486,0.0,0.0,0.0,0.0,0.3386113440462226
steelscrap_source_Region1Beijing_Region1Beijing_h2dri_transforms,-0.10977490529916364,0.0,0.0,0.0,0.0,0.0,0.0,-0.10977490529916364
Region1Beijing_h2dri_transforms_dri_Region1Beijing,0.0,0.20602032359645966,0.05122828913960977,0.0,0.0,0.0,0.0,0.2572486127360694
steelscrap_source_Region2Tianjin_Region2Tianjin_h2dri_transforms,-0.10650605804143475,0.0,0.0,0.0,0.0,0.0,0.0,-0.10650605804143475
Region2Tianjin_h2dri_transforms_dri_Region2Tianjin,0.0,0.1998710711761589,0.04970282708600306,0.0,0.0,0.0,0.0,0.24957389826216198
steelscrap_source_Region3Hebei_Region3Hebei_h2dri_transforms,-0.1101101331868444,0.0,0.0,0.0,0.0,0.0,0.0,-0.1101101331868444
Region3Hebei_h2dri_transforms_dri_Region3Hebei,0.0,0.20665110239857895,0.051384728820527366,0.0,0.0,0.0,0.0,0.25803583121910634
steelscrap_source_Region4Shanxi_Region4Shanxi_h2dri_transforms,-0.11047953989706409,0.0,0.0,0.0,0.0,0.0,0.0,-0.11047953989706409
Region4Shanxi_h2dri_transforms_dri_Region4Shanxi,0.0,0.20734611684772428,0.05155711861862995,0.0,0.0,0.0,0.0,0.25890323546635424
steelscrap_source_Region5Innermongolia_Region5Innermongolia_h2dri_transforms,-0.15465148117994318,0.0,0.0,0.0,0.0,0.0,0.0,-0.15465148117994318
Region5Innermongolia_h2dri_transforms_dri_Region5Innermongolia,0.0,0.2904439237613566,0.07217069121730664,0.0,0.0,0.0,0.0,0.3626146149786632
steelscrap_source_Region6Liaoning_Region6Liaoning_h2dri_transforms,-0.11854676198008332,0.0,0.0,0.0,0.0,0.0,0.0,-0.11854676198008332
Region6Liaoning_h2dri_transforms_dri_Region6Liaoning,0.0,0.22252236310952508,0.05532182225737225,0.0,0.0,0.0,0.0,0.2778441853668973
steelscrap_source_Region7Jilin_Region7Jilin_h2dri_transforms,-0.10597840226684031,0.0,0.0,0.0,0.0,0.0,0.0,-0.10597840226684031
Region7Jilin_h2dri_transforms_dri_Region7Jilin,0.0,0.19887840674566531,0.04945658772452561,0.0,0.0,0.0,0.0,0.24833499447019092
steelscrap_source_Region8Heilongjiang_Region8Heilongjiang_h2dri_transforms,-0.10562586454142978,0.0,0.0,0.0,0.0,0.0,0.0,-0.10562586454142978
Region8Heilongjiang_h2dri_transforms_dri_Region8Heilongjiang,0.0,0.1982152011533805,0.04929207011933401,0.0,0.0,0.0,0.0,0.24750727127271452
steelscrap_source_Region9Shanghai_Region9Shanghai_h2dri_transforms,-0.32862773433593306,0.0,0.0,0.0,0.0,0.0,0.0,-0.32862773433593306
Region9Shanghai_h2dri_transforms_dri_Region9Shanghai,0.0,0.617734584194155,0.1533596093567691,0.0,0.0,0.0,0.0,0.771094193550924
steelscrap_source_Region10Jiangsu_Region10Jiangsu_h2dri_transforms,-0.23873760891312967,0.0,0.0,0.0,0.0,0.0,0.0,-0.23873760891312967
Region10Jiangsu_h2dri_transforms_dri_Region10Jiangsu,0.0,0.44862985349520046,0.11141088415946081,0.0,0.0,0.0,0.0,0.5600407376546612
steelscrap_source_Region11Zhejiang_Region11Zhejiang_h2dri_transforms,-0.10811431851400374,0.0,0.0,0.0,0.0,0.0,0.0,-0.10811431851400374
Region11Zhejiang_h2dri_transforms_dri_Region11Zhejiang,0.0,0.202896482878709,0.05045334863986862,0.0,0.0,0.0,0.0,0.25334983151857765
steelscrap_source_Region12Anhui_Region12Anhui_h2dri_transforms,-0.11896778221614905,0.0,0.0,0.0,0.0,0.0,0.0,-0.11896778221614905
Region12Anhui_h2dri_transforms_dri_Region12Anhui,0.0,0.22331447688523715,0.055518298367536204,0.0,0.0,0.0,0.0,0.27883277525277333
steelscrap_source_Region13Fujian_Region13Fujian_h2dri_transforms,-0.11048342547494638,0.0,0.0,0.0,0.0,0.0,0.0,-0.11048342547494638
Region13Fujian_h2dri_transforms_dri_Region13Fujian,0.0,0.20735332235534018,0.05155893188830853,0.0,0.0,0.0,0.0,0.2589122542436487
steelscrap_source_Region14Jiangxi_Region14Jiangxi_h2dri_transforms,-0.1060868313891663,0.0,0.0,0.0,0.0,0.0,0.0,-0.1060868313891663
Region14Jiangxi_h2dri_transforms_dri_Region14Jiangxi,0.0,0.19908217730862232,0.04950718798161098,0.0,0.0,0.0,0.0,0.2485893652902333
steelscrap_source_Region15Shandong_Region15Shandong_h2dri_transforms,-0.11079518655624827,0.0,0.0,0.0,0.0,0.0,0.0,-0.11079518655624827
Region15Shandong_h2dri_transforms_dri_Region15Shandong,0.0,0.20793983744591882,0.05170442039291594,0.0,0.0,0.0,0.0,0.25964425783883477
steelscrap_source_Region16Henan_Region16Henan_h2dri_transforms,-0.10588073518690008,0.0,0.0,0.0,0.0,0.0,0.0,-0.10588073518690008
Region16Henan_h2dri_transforms_dri_Region16Henan,0.0,0.1986946428083145,0.049411009753886445,0.0,0.0,0.0,0.0,0.24810565256220096
steelscrap_source_Region17Hubei_Region17Hubei_h2dri_transforms,-0.14073518255450893,0.0,0.0,0.0,0.0,0.0,0.0,-0.14073518255450893
Region17Hubei_h2dri_transforms_dri_Region17Hubei,0.0,0.2642641168158396,0.06567641852543744,0.0,0.0,0.0,0.0,0.32994053534127704
steelscrap_source_Region18Hunan_Region18Hunan_h2dri_transforms,-0.10697124355608298,0.0,0.0,0.0,0.0,0.0,0.0,-0.10697124355608298
Region18Hunan_h2dri_transforms_dri_Region18Hunan,0.0,0.2007461343333487,0.04991991365950551,0.0,0.0,0.0,0.0,0.2506660479928542
steelscrap_source_Region19Guangdong_Region19Guangdong_h2dri_transforms,-0.1195630805230885,0.0,0.0,0.0,0.0,0.0,0.0,-0.1195630805230885
Region19Guangdong_h2dri_transforms_dri_Region19Guangdong,0.0,0.22443418563283693,0.05579610424410776,0.0,0.0,0.0,0.0,0.2802302898769447
steelscrap_source_Region20Guangxi_Region20Guangxi_h2dri_transforms,-0.1057601928472696,0.0,0.0,0.0,0.0,0.0,0.0,-0.1057601928472696
Region20Guangxi_h2dri_transforms_dri_Region20Guangxi,0.0,0.19846779421084168,0.04935475666205913,0.0,0.0,0.0,0.0,0.2478225508729008
steelscrap_source_Region22Chongqing_Region22Chongqing_h2dri_transforms,-0.10556579374739716,0.0,0.0,0.0,0.0,0.0,0.0,-0.10556579374739716
Region22Chongqing_h2dri_transforms_dri_Region22Chongqing,0.0,0.19810215674043144,0.04926403708211879,0.0,0.0,0.0,0.0,0.24736619382255023
steelscrap_source_Region23Sichuan_Region23Sichuan_h2dri_transforms,-0.11221181321932854,0.0,0.0,0.0,0.0,0.0,0.0,-0.11221181321932854
Region23Sichuan_h2dri_transforms_dri_Region23Sichuan,0.0,0.2106048986238177,0.05236551283568665,0.0,0.0,0.0,0.0,0.26297041145950434
steelscrap_source_Region24Guizhou_Region24Guizhou_h2dri_transforms,-0.11373070841871855,0.0,0.0,0.0,0.0,0.0,0.0,-0.11373070841871855
Region24Guizhou_h2dri_transforms_dri_Region24Guizhou,0.0,0.21346232315187172,0.05307433059540201,0.0,0.0,0.0,0.0,0.26653665374727376
steelscrap_source_Region25Yunnan_Region25Yunnan_h2dri_transforms,-0.10325012889814686,0.0,0.0,0.0,0.0,0.0,0.0,-0.10325012889814686
Region25Yunnan_h2dri_transforms_dri_Region25Yunnan,0.0,0.19374583752181007,0.0481833934858018,0.0,0.0,0.0,0.0,0.24192923100761188
steelscrap_source_Region27Shaanxi_Region27Shaanxi_h2dri_transforms,-0.10563459757980467,0.0,0.0,0.0,0.0,0.0,0.0,-0.10563459757980467
Region27Shaanxi_h2dri_transforms_dri_Region27Shaanxi,0.0,0.19823165074715707,0.049296145537241966,0.0,0.0,0.0,0.0,0.24752779628439903
steelscrap_source_Region28Gansu_Region28Gansu_h2dri_transforms,-0.11400721659212747,0.0,0.0,0.0,0.0,0.0,0.0,-0.11400721659212747
Region28Gansu_h2dri_transforms_dri_Region28Gansu,0.0,0.21398246440069865,0.05320336774299285,0.0,0.0,0.0,0.0,0.2671858321436915
steelscrap_source_Region29Qinghai_Region29Qinghai_h2dri_transforms,-0.10455532807762621,0.0,0.0,0.0,0.0,0.0,0.0,-0.10455532807762621
Region29Qinghai_h2dri_transforms_dri_Region29Qinghai,0.0,0.19620124702061298,0.048792486436225434,0.0,0.0,0.0,0.0,0.24499373345683842
steelscrap_source_Region30Ningxia_Region30Ningxia_h2dri_transforms,-0.10550559725223406,0.0,0.0,0.0,0.0,0.0,0.0,-0.10550559725223406
Region30Ningxia_h2dri_transforms_dri_Region30Ningxia,0.0,0.19798895121897783,0.04923594538437584,0.0,0.0,0.0,0.0,0.24722489660335367
steelscrap_source_Region31Xinjiang_Region31Xinjiang_h2dri_transforms,-0.10331845649620201,0.0,0.0,0.0,0.0,0.0,0.0,-0.10331845649620201
Region31Xinjiang_h2dri_transforms_dri_Region31Xinjiang,0.0,0.19387427014090328,0.04821527969822777,0.0,0.0,0.0,0.0,0.24208954983913106
Region1Beijing_methanol_coal_transforms_methanol_Region1Beijing,0.0,738978.950248416,4.457005324944404e7,0.0,0.0,0.0,0.0,4.530903219969245e7
coal_Region1Beijing_Region1Beijing_methanol_coal_transforms,2.8711159665646307e7,0.0,0.0,0.0,0.0,0.0,0.0,2.8711159665646307e7
Region2Tianjin_methanol_coal_transforms_methanol_Region2Tianjin,0.0,792454.6241123788,5.535128215342129e7,0.0,0.0,0.0,0.0,5.6143736777533665e7
coal_Region2Tianjin_Region2Tianjin_methanol_coal_transforms,1.910695301500125e8,0.0,0.0,0.0,0.0,0.0,0.0,1.910695301500125e8
Region3Hebei_methanol_coal_transforms_methanol_Region3Hebei,0.0,1.1870819535592134e8,2.8300254336602086e8,0.0,0.0,0.0,0.0,4.017107387219422e8
coal_Region3Hebei_Region3Hebei_methanol_coal_transforms,1.885335913504321e9,0.0,0.0,0.0,0.0,0.0,0.0,1.885335913504321e9
Region4Shanxi_methanol_coal_transforms_methanol_Region4Shanxi,0.0,1.409742901865138e8,7.461238111491578e8,0.0,0.0,0.0,0.0,8.870981013356715e8
coal_Region4Shanxi_Region4Shanxi_methanol_coal_transforms,4.6691265797108135e9,0.0,0.0,0.0,0.0,0.0,0.0,4.6691265797108135e9
Region5Innermongolia_methanol_coal_transforms_methanol_Region5Innermongolia,0.0,1.465461315389101e8,1.757858790526927e9,0.0,0.0,0.0,0.0,1.9044049220658371e9
coal_Region5Innermongolia_Region5Innermongolia_methanol_coal_transforms,7.04544222946912e9,0.0,0.0,0.0,0.0,0.0,0.0,7.04544222946912e9
Region6Liaoning_methanol_coal_transforms_methanol_Region6Liaoning,0.0,800334.334433819,4.74800964325444e7,0.0,0.0,0.0,0.0,4.828043076697822e7
coal_Region6Liaoning_Region6Liaoning_methanol_coal_transforms,9.112681470175861e7,0.0,0.0,0.0,0.0,0.0,0.0,9.112681470175861e7
Region7Jilin_methanol_coal_transforms_methanol_Region7Jilin,0.0,769055.6139995402,4.501581471239826e7,0.0,0.0,0.0,0.0,4.57848703263978e7
coal_Region7Jilin_Region7Jilin_methanol_coal_transforms,4.9411823751861036e7,0.0,0.0,0.0,0.0,0.0,0.0,4.9411823751861036e7
Region8Heilongjiang_methanol_coal_transforms_methanol_Region8Heilongjiang,0.0,2.8958729997990998e6,8.434574965208524e7,0.0,0.0,0.0,0.0,8.724162265188435e7
coal_Region8Heilongjiang_Region8Heilongjiang_methanol_coal_transforms,5.645349900164448e8,0.0,0.0,0.0,0.0,0.0,0.0,5.645349900164448e8
Region9Shanghai_methanol_coal_transforms_methanol_Region9Shanghai,0.0,226828.15742258556,1.0870926262266794e8,0.0,0.0,0.0,0.0,1.0893609078009053e8
coal_Region9Shanghai_Region9Shanghai_methanol_coal_transforms,6.074667909016442e8,0.0,0.0,0.0,0.0,0.0,0.0,6.074667909016442e8
Region10Jiangsu_methanol_coal_transforms_methanol_Region10Jiangsu,0.0,8.431536226448101e7,2.2059073286042413e8,0.0,0.0,0.0,0.0,3.049060951249051e8
coal_Region10Jiangsu_Region10Jiangsu_methanol_coal_transforms,1.9199161838612247e9,0.0,0.0,0.0,0.0,0.0,0.0,1.9199161838612247e9
Region11Zhejiang_methanol_coal_transforms_methanol_Region11Zhejiang,0.0,793820.1895579555,4.6741695856392734e7,0.0,0.0,0.0,0.0,4.753551604595069e7
coal_Region11Zhejiang_Region11Zhejiang_methanol_coal_transforms,8.277226897554554e7,0.0,0.0,0.0,0.0,0.0,0.0,8.277226897554554e7
Region12Anhui_methanol_coal_transforms_methanol_Region12Anhui,0.0,6.815554830536604e7,3.424020917874294e8,0.0,0.0,0.0,0.0,4.1055764009279543e8
coal_Region12Anhui_Region12Anhui_methanol_coal_transforms,3.1857631283005447e9,0.0,0.0,0.0,0.0,0.0,0.0,3.1857631283005447e9
Region13Fujian_methanol_coal_transforms_methanol_Region13Fujian,0.0,783621.6620409227,4.751160530215179e7,0.0,0.0,0.0,0.0,4.829522696419271e7
coal_Region13Fujian_Region13Fujian_methanol_coal_transforms,1.0926073019934778e8,0.0,0.0,0.0,0.0,0.0,0.0,1.0926073019934778e8
Region14Jiangxi_methanol_coal_transforms_methanol_Region14Jiangxi,0.0,745462.3030839983,4.2500014461993776e7,0.0,0.0,0.0,0.0,4.324547676507778e7
coal_Region14Jiangxi_Region14Jiangxi_methanol_coal_transforms,3.0971927972812235e7,0.0,0.0,0.0,0.0,0.0,0.0,3.0971927972812235e7
Region15Shandong_methanol_coal_transforms_methanol_Region15Shandong,0.0,1.553816294955755e8,9.935279299791895e8,0.0,0.0,0.0,0.0,1.148909559474765e9
coal_Region15Shandong_Region15Shandong_methanol_coal_transforms,9.194533394407644e9,0.0,0.0,0.0,0.0,0.0,0.0,9.194533394407644e9
Region16Henan_methanol_coal_transforms_methanol_Region16Henan,0.0,8.211853635071787e7,5.3578028618003803e8,0.0,0.0,0.0,0.0,6.178988225307559e8
coal_Region16Henan_Region16Henan_methanol_coal_transforms,4.983483236478878e9,0.0,0.0,0.0,0.0,0.0,0.0,4.983483236478878e9
Region17Hubei_methanol_coal_transforms_methanol_Region17Hubei,0.0,839788.0541906399,4.626413138956887e7,0.0,0.0,0.0,0.0,4.7103919443759516e7
coal_Region17Hubei_Region17Hubei_methanol_coal_transforms,1.1037464297109386e8,0.0,0.0,0.0,0.0,0.0,0.0,1.1037464297109386e8
Region18Hunan_methanol_coal_transforms_methanol_Region18Hunan,0.0,775773.3301275509,4.280105926941449e7,0.0,0.0,0.0,0.0,4.3576832599542044e7
coal_Region18Hunan_Region18Hunan_methanol_coal_transforms,5.1405277982001595e7,0.0,0.0,0.0,0.0,0.0,0.0,5.1405277982001595e7
Region19Guangdong_methanol_coal_transforms_methanol_Region19Guangdong,0.0,727370.6608046191,4.357207702237652e7,0.0,0.0,0.0,0.0,4.4299447683181144e7
coal_Region19Guangdong_Region19Guangdong_methanol_coal_transforms,3.059520611806389e7,0.0,0.0,0.0,0.0,0.0,0.0,3.059520611806389e7
Region20Guangxi_methanol_coal_transforms_methanol_Region20Guangxi,0.0,789629.7550351878,4.742174297950537e7,0.0,0.0,0.0,0.0,4.821137273454055e7
coal_Region20Guangxi_Region20Guangxi_methanol_coal_transforms,1.388447784785732e8,0.0,0.0,0.0,0.0,0.0,0.0,1.388447784785732e8
Region21Hainan_methanol_coal_transforms_methanol_Region21Hainan,0.0,1.1928831770999967e6,7.757176986664498e7,0.0,0.0,0.0,0.0,7.876465304374498e7
coal_Region21Hainan_Region21Hainan_methanol_coal_transforms,4.542065360579211e8,0.0,0.0,0.0,0.0,0.0,0.0,4.542065360579211e8
Region22Chongqing_methanol_coal_transforms_methanol_Region22Chongqing,0.0,944980.8040509189,6.333373509404703e7,0.0,0.0,0.0,0.0,6.4278715898097955e7
coal_Region22Chongqing_Region22Chongqing_methanol_coal_transforms,4.1065752351892066e8,0.0,0.0,0.0,0.0,0.0,0.0,4.1065752351892066e8
Region23Sichuan_methanol_coal_transforms_methanol_Region23Sichuan,0.0,1.1201788468542164e6,6.502473116071802e7,0.0,0.0,0.0,0.0,6.614491000757223e7
coal_Region23Sichuan_Region23Sichuan_methanol_coal_transforms,4.6789983237116605e8,0.0,0.0,0.0,0.0,0.0,0.0,4.6789983237116605e8
Region24Guizhou_methanol_coal_transforms_methanol_Region24Guizhou,0.0,194222.93301770027,1.4121318162755355e8,0.0,0.0,0.0,0.0,1.4140740456057125e8
coal_Region24Guizhou_Region24Guizhou_methanol_coal_transforms,8.618027302111058e8,0.0,0.0,0.0,0.0,0.0,0.0,8.618027302111058e8
Region25Yunnan_methanol_coal_transforms_methanol_Region25Yunnan,0.0,5.752028630114577e7,1.687839528064065e8,0.0,0.0,0.0,0.0,2.2630423910755226e8
coal_Region25Yunnan_Region25Yunnan_methanol_coal_transforms,1.0523497602712971e9,0.0,0.0,0.0,0.0,0.0,0.0,1.0523497602712971e9
Region26Tibet_methanol_coal_transforms_methanol_Region26Tibet,0.0,738758.0698810206,4.459626176996921e7,0.0,0.0,0.0,0.0,4.533501983985023e7
coal_Region26Tibet_Region26Tibet_methanol_coal_transforms,2.8865649929829456e7,0.0,0.0,0.0,0.0,0.0,0.0,2.8865649929829456e7
Region27Shaanxi_methanol_coal_transforms_methanol_Region27Shaanxi,0.0,2.7594073451796256e7,1.4525314408058572e9,0.0,0.0,0.0,0.0,1.4801255142576535e9
coal_Region27Shaanxi_Region27Shaanxi_methanol_coal_transforms,1.0057469353595604e10,0.0,0.0,0.0,0.0,0.0,0.0,1.0057469353595604e10
Region28Gansu_methanol_coal_transforms_methanol_Region28Gansu,0.0,759337.5178800964,4.471446475107538e7,0.0,0.0,0.0,0.0,4.547380226895548e7
coal_Region28Gansu_Region28Gansu_methanol_coal_transforms,3.945401104091516e7,0.0,0.0,0.0,0.0,0.0,0.0,3.945401104091516e7
Region29Qinghai_methanol_coal_transforms_methanol_Region29Qinghai,0.0,1.262232660208342e6,9.284379602268058e7,0.0,0.0,0.0,0.0,9.410602868288893e7
coal_Region29Qinghai_Region29Qinghai_methanol_coal_transforms,5.94211914718701e8,0.0,0.0,0.0,0.0,0.0,0.0,5.94211914718701e8
Region30Ningxia_methanol_coal_transforms_methanol_Region30Ningxia,0.0,209839.37573267837,5.79345417017379e8,0.0,0.0,0.0,0.0,5.795552563931117e8
coal_Region30Ningxia_Region30Ningxia_methanol_coal_transforms,3.4582353599553156e9,0.0,0.0,0.0,0.0,0.0,0.0,3.4582353599553156e9
Region31Xinjiang_methanol_coal_transforms_methanol_Region31Xinjiang,0.0,4.977231621867628e7,3.144411467351035e8,0.0,0.0,0.0,0.0,3.6421346295377976e8
coal_Region31Xinjiang_Region31Xinjiang_methanol_coal_transforms,1.145925830896903e9,0.0,0.0,0.0,0.0,0.0,0.0,1.145925830896903e9
Region1Beijing_methanol_coal_ccs_transforms_methanol_Region1Beijing,0.0,638630.0005217149,5.032364992143367e7,0.0,0.0,0.0,0.0,5.0962279921955384e7
coal_Region1Beijing_Region1Beijing_methanol_coal_ccs_transforms,4.495332742680721e7,0.0,0.0,0.0,0.0,0.0,0.0,4.495332742680721e7
Region2Tianjin_methanol_coal_ccs_transforms_methanol_Region2Tianjin,0.0,754912.7582874767,5.7672134051984884e7,0.0,0.0,0.0,0.0,5.842704681027236e7
coal_Region2Tianjin_Region2Tianjin_methanol_coal_ccs_transforms,1.7044827898735645e8,0.0,0.0,0.0,0.0,0.0,0.0,1.7044827898735645e8
Region3Hebei_methanol_coal_ccs_transforms_methanol_Region3Hebei,0.0,1.290039316514109e6,9.547839097780211e7,0.0,0.0,0.0,0.0,9.676843029431622e7
coal_Region3Hebei_Region3Hebei_methanol_coal_ccs_transforms,4.578837041431687e8,0.0,0.0,0.0,0.0,0.0,0.0,4.578837041431687e8
Region4Shanxi_methanol_coal_ccs_transforms_methanol_Region4Shanxi,0.0,1.3287507854774708e6,9.154403826298541e7,0.0,0.0,0.0,0.0,9.287278904846288e7
coal_Region4Shanxi_Region4Shanxi_methanol_coal_ccs_transforms,3.972300084699136e8,0.0,0.0,0.0,0.0,0.0,0.0,3.972300084699136e8
Region5Innermongolia_methanol_coal_ccs_transforms_methanol_Region5Innermongolia,0.0,1.7442520403667882e6,9.601175042040771e7,0.0,0.0,0.0,0.0,9.77560024607745e7
coal_Region5Innermongolia_Region5Innermongolia_methanol_coal_ccs_transforms,2.6423463464021972e8,0.0,0.0,0.0,0.0,0.0,0.0,2.6423463464021972e8
Region6Liaoning_methanol_coal_ccs_transforms_methanol_Region6Liaoning,0.0,764920.1377751698,5.468999066020996e7,0.0,0.0,0.0,0.0,5.545491079798513e7
coal_Region6Liaoning_Region6Liaoning_methanol_coal_ccs_transforms,1.204084007423478e8,0.0,0.0,0.0,0.0,0.0,0.0,1.204084007423478e8
Region7Jilin_methanol_coal_ccs_transforms_methanol_Region7Jilin,0.0,704058.3942432213,4.985266535135768e7,0.0,0.0,0.0,0.0,5.05567237456009e7
coal_Region7Jilin_Region7Jilin_methanol_coal_ccs_transforms,6.561876938823515e7,0.0,0.0,0.0,0.0,0.0,0.0,6.561876938823515e7
Region8Heilongjiang_methanol_coal_ccs_transforms_methanol_Region8Heilongjiang,0.0,959157.8083518335,6.736364651002873e7,0.0,0.0,0.0,0.0,6.832280431838056e7
coal_Region8Heilongjiang_Region8Heilongjiang_methanol_coal_ccs_transforms,3.0314731156109816e8,0.0,0.0,0.0,0.0,0.0,0.0,3.0314731156109816e8
Region9Shanghai_methanol_coal_ccs_transforms_methanol_Region9Shanghai,0.0,846969.4333728625,7.733705768669996e7,0.0,0.0,0.0,0.0,7.818402712007281e7
coal_Region9Shanghai_Region9Shanghai_methanol_coal_ccs_transforms,3.5629964839599574e8,0.0,0.0,0.0,0.0,0.0,0.0,3.5629964839599574e8
Region10Jiangsu_methanol_coal_ccs_transforms_methanol_Region10Jiangsu,0.0,3.5283542246547295e6,1.1309343130247605e8,0.0,0.0,0.0,0.0,1.1662178552713078e8
coal_Region10Jiangsu_Region10Jiangsu_methanol_coal_ccs_transforms,7.33927051956611e8,0.0,0.0,0.0,0.0,0.0,0.0,7.33927051956611e8
Region11Zhejiang_methanol_coal_ccs_transforms_methanol_Region11Zhejiang,0.0,799990.3019509667,5.3397179540706e7,0.0,0.0,0.0,0.0,5.419716984265697e7
coal_Region11Zhejiang_Region11Zhejiang_methanol_coal_ccs_transforms,1.1256338710293958e8,0.0,0.0,0.0,0.0,0.0,0.0,1.1256338710293958e8
Region12Anhui_methanol_coal_ccs_transforms_methanol_Region12Anhui,0.0,1.7865689727965218e6,9.026282115433632e7,0.0,0.0,0.0,0.0,9.204939012713283e7
coal_Region12Anhui_Region12Anhui_methanol_coal_ccs_transforms,5.965359781359904e8,0.0,0.0,0.0,0.0,0.0,0.0,5.965359781359904e8
Region13Fujian_methanol_coal_ccs_transforms_methanol_Region13Fujian,0.0,778296.1104573247,5.4883622652656846e7,0.0,0.0,0.0,0.0,5.566191876311417e7
coal_Region13Fujian_Region13Fujian_methanol_coal_ccs_transforms,1.3326258303397845e8,0.0,0.0,0.0,0.0,0.0,0.0,1.3326258303397845e8
Region14Jiangxi_methanol_coal_ccs_transforms_methanol_Region14Jiangxi,0.0,723470.3774883683,4.656033654199751e7,0.0,0.0,0.0,0.0,4.7283806919485874e7
coal_Region14Jiangxi_Region14Jiangxi_methanol_coal_ccs_transforms,4.348670924605963e7,0.0,0.0,0.0,0.0,0.0,0.0,4.348670924605963e7
Region15Shandong_methanol_coal_ccs_transforms_methanol_Region15Shandong,0.0,1.3519504495551973e6,8.973440938291195e7,0.0,0.0,0.0,0.0,9.108635983246715e7
coal_Region15Shandong_Region15Shandong_methanol_coal_ccs_transforms,5.761385374502989e8,0.0,0.0,0.0,0.0,0.0,0.0,5.761385374502989e8
Region16Henan_methanol_coal_ccs_transforms_methanol_Region16Henan,0.0,1.8053819392375492e6,8.119223505907439e7,0.0,0.0,0.0,0.0,8.299761699831194e7
coal_Region16Henan_Region16Henan_methanol_coal_ccs_transforms,5.108893624408229e8,0.0,0.0,0.0,0.0,0.0,0.0,5.108893624408229e8
Region17Hubei_methanol_coal_ccs_transforms_methanol_Region17Hubei,0.0,826533.8028168625,5.157899771149493e7,0.0,0.0,0.0,0.0,5.240553151431179e7
coal_Region17Hubei_Region17Hubei_methanol_coal_ccs_transforms,1.2636124007947993e8,0.0,0.0,0.0,0.0,0.0,0.0,1.2636124007947993e8
Region18Hunan_methanol_coal_ccs_transforms_methanol_Region18Hunan,0.0,769487.2476072818,4.76306799626415e7,0.0,0.0,0.0,0.0,4.840016721024878e7
coal_Region18Hunan_Region18Hunan_methanol_coal_ccs_transforms,6.837824455258206e7,0.0,0.0,0.0,0.0,0.0,0.0,6.837824455258206e7
Region19Guangdong_methanol_coal_ccs_transforms_methanol_Region19Guangdong,0.0,662494.2304568024,4.768211047311862e7,0.0,0.0,0.0,0.0,4.834460470357542e7
coal_Region19Guangdong_Region19Guangdong_methanol_coal_ccs_transforms,4.1147861188646935e7,0.0,0.0,0.0,0.0,0.0,0.0,4.1147861188646935e7
Region20Guangxi_methanol_coal_ccs_transforms_methanol_Region20Guangxi,0.0,817670.5989327611,5.2332710065521136e7,0.0,0.0,0.0,0.0,5.3150380664453894e7
coal_Region20Guangxi_Region20Guangxi_methanol_coal_ccs_transforms,1.3914867636410376e8,0.0,0.0,0.0,0.0,0.0,0.0,1.3914867636410376e8
Region21Hainan_methanol_coal_ccs_transforms_methanol_Region21Hainan,0.0,792094.9431056929,6.78840280653447e7,0.0,0.0,0.0,0.0,6.86761230084504e7
coal_Region21Hainan_Region21Hainan_methanol_coal_ccs_transforms,2.743614718787829e8,0.0,0.0,0.0,0.0,0.0,0.0,2.743614718787829e8
Region22Chongqing_methanol_coal_ccs_transforms_methanol_Region22Chongqing,0.0,753230.2042793713,6.294693506062554e7,0.0,0.0,0.0,0.0,6.370016526490491e7
coal_Region22Chongqing_Region22Chongqing_methanol_coal_ccs_transforms,2.736936898817084e8,0.0,0.0,0.0,0.0,0.0,0.0,2.736936898817084e8
Region23Sichuan_methanol_coal_ccs_transforms_methanol_Region23Sichuan,0.0,807585.0685359488,6.212435928657271e7,0.0,0.0,0.0,0.0,6.2931944355108656e7
coal_Region23Sichuan_Region23Sichuan_methanol_coal_ccs_transforms,2.902030648298528e8,0.0,0.0,0.0,0.0,0.0,0.0,2.902030648298528e8
Region24Guizhou_methanol_coal_ccs_transforms_methanol_Region24Guizhou,0.0,772534.1192094056,6.3881242893816866e7,0.0,0.0,0.0,0.0,6.4653777013026275e7
coal_Region24Guizhou_Region24Guizhou_methanol_coal_ccs_transforms,2.327637204054512e8,0.0,0.0,0.0,0.0,0.0,0.0,2.327637204054512e8
Region25Yunnan_methanol_coal_ccs_transforms_methanol_Region25Yunnan,0.0,1.3888346261971327e6,8.039213443291081e7,0.0,0.0,0.0,0.0,8.178096905910794e7
coal_Region25Yunnan_Region25Yunnan_methanol_coal_ccs_transforms,3.463973647316442e8,0.0,0.0,0.0,0.0,0.0,0.0,3.463973647316442e8
Region26Tibet_methanol_coal_ccs_transforms_methanol_Region26Tibet,0.0,644395.0246276201,4.901869416047962e7,0.0,0.0,0.0,0.0,4.966308918510724e7
coal_Region26Tibet_Region26Tibet_methanol_coal_ccs_transforms,3.8225007353993826e7,0.0,0.0,0.0,0.0,0.0,0.0,3.8225007353993826e7
Region27Shaanxi_methanol_coal_ccs_transforms_methanol_Region27Shaanxi,0.0,1.2303368048424595e6,9.281412696484636e7,0.0,0.0,0.0,0.0,9.404446376968881e7
coal_Region27Shaanxi_Region27Shaanxi_methanol_coal_ccs_transforms,4.415344800190407e8,0.0,0.0,0.0,0.0,0.0,0.0,4.415344800190407e8
Region28Gansu_methanol_coal_ccs_transforms_methanol_Region28Gansu,0.0,670157.1868431779,4.9477347500724815e7,0.0,0.0,0.0,0.0,5.0147504687567994e7
coal_Region28Gansu_Region28Gansu_methanol_coal_ccs_transforms,5.196777107936159e7,0.0,0.0,0.0,0.0,0.0,0.0,5.196777107936159e7
Region29Qinghai_methanol_coal_ccs_transforms_methanol_Region29Qinghai,0.0,795945.0703049243,6.808104068721996e7,0.0,0.0,0.0,0.0,6.88769857575249e7
coal_Region29Qinghai_Region29Qinghai_methanol_coal_ccs_transforms,2.819362445437961e8,0.0,0.0,0.0,0.0,0.0,0.0,2.819362445437961e8
Region30Ningxia_methanol_coal_ccs_transforms_methanol_Region30Ningxia,0.0,686801.1451442854,4.678305933639776e7,0.0,0.0,0.0,0.0,4.746986048154204e7
coal_Region30Ningxia_Region30Ningxia_methanol_coal_ccs_transforms,3.5485135282378554e7,0.0,0.0,0.0,0.0,0.0,0.0,3.5485135282378554e7
Region31Xinjiang_methanol_coal_ccs_transforms_methanol_Region31Xinjiang,0.0,4.567462751323189e7,1.1904099333565778e8,0.0,0.0,0.0,0.0,1.6471562084888965e8
coal_Region31Xinjiang_Region31Xinjiang_methanol_coal_ccs_transforms,3.144734834877989e8,0.0,0.0,0.0,0.0,0.0,0.0,3.144734834877989e8
Region3Hebei_methanol_cog_transforms_methanol_Region3Hebei,0.0,0.0,1.1891433058689426e8,0.0,0.0,0.0,0.0,1.1891433058689426e8
cog_Region3Hebei_Region3Hebei_methanol_cog_transforms,5.227570565449051e7,0.0,0.0,0.0,0.0,0.0,0.0,5.227570565449051e7
Region4Shanxi_methanol_cog_transforms_methanol_Region4Shanxi,0.0,0.0,1.3113429420444202e8,0.0,0.0,0.0,0.0,1.3113429420444202e8
cog_Region4Shanxi_Region4Shanxi_methanol_cog_transforms,5.087832115857919e7,0.0,0.0,0.0,0.0,0.0,0.0,5.087832115857919e7
Region5Innermongolia_methanol_cog_transforms_methanol_Region5Innermongolia,0.0,0.0,1.0398774514459428e8,0.0,0.0,0.0,0.0,1.0398774514459428e8
cog_Region5Innermongolia_Region5Innermongolia_methanol_cog_transforms,5.0914216632225305e7,0.0,0.0,0.0,0.0,0.0,0.0,5.0914216632225305e7
Region7Jilin_methanol_cog_transforms_methanol_Region7Jilin,0.0,0.0,5.302423209489072e6,0.0,0.0,0.0,0.0,5.302423209489072e6
cog_Region7Jilin_Region7Jilin_methanol_cog_transforms,4.828293190660376e7,0.0,0.0,0.0,0.0,0.0,0.0,4.828293190660376e7
Region8Heilongjiang_methanol_cog_transforms_methanol_Region8Heilongjiang,0.0,0.0,4.1609800299040705e7,0.0,0.0,0.0,0.0,4.1609800299040705e7
cog_Region8Heilongjiang_Region8Heilongjiang_methanol_cog_transforms,5.1879451639351584e7,0.0,0.0,0.0,0.0,0.0,0.0,5.1879451639351584e7
Region10Jiangsu_methanol_cog_transforms_methanol_Region10Jiangsu,0.0,0.0,6.499138282948891e7,0.0,0.0,0.0,0.0,6.499138282948891e7
cog_Region10Jiangsu_Region10Jiangsu_methanol_cog_transforms,5.262851819244004e7,0.0,0.0,0.0,0.0,0.0,0.0,5.262851819244004e7
Region12Anhui_methanol_cog_transforms_methanol_Region12Anhui,0.0,0.0,3.567564187636802e7,0.0,0.0,0.0,0.0,3.567564187636802e7
cog_Region12Anhui_Region12Anhui_methanol_cog_transforms,5.2160862298892014e7,0.0,0.0,0.0,0.0,0.0,0.0,5.2160862298892014e7
Region15Shandong_methanol_cog_transforms_methanol_Region15Shandong,0.0,0.0,1.0442130627691802e8,0.0,0.0,0.0,0.0,1.0442130627691802e8
cog_Region15Shandong_Region15Shandong_methanol_cog_transforms,5.239667497905728e7,0.0,0.0,0.0,0.0,0.0,0.0,5.239667497905728e7
Region16Henan_methanol_cog_transforms_methanol_Region16Henan,0.0,0.0,1.7079792587556597e7,0.0,0.0,0.0,0.0,1.7079792587556597e7
cog_Region16Henan_Region16Henan_methanol_cog_transforms,5.174374449890335e7,0.0,0.0,0.0,0.0,0.0,0.0,5.174374449890335e7
Region23Sichuan_methanol_cog_transforms_methanol_Region23Sichuan,0.0,0.0,2.675094490031029e7,0.0,0.0,0.0,0.0,2.675094490031029e7
cog_Region23Sichuan_Region23Sichuan_methanol_cog_transforms,5.161272047763373e7,0.0,0.0,0.0,0.0,0.0,0.0,5.161272047763373e7
Region25Yunnan_methanol_cog_transforms_methanol_Region25Yunnan,0.0,0.0,6.586264086304786e7,0.0,0.0,0.0,0.0,6.586264086304786e7
cog_Region25Yunnan_Region25Yunnan_methanol_cog_transforms,5.1329164303457454e7,0.0,0.0,0.0,0.0,0.0,0.0,5.1329164303457454e7
Region27Shaanxi_methanol_cog_transforms_methanol_Region27Shaanxi,0.0,0.0,5.345005654910219e7,0.0,0.0,0.0,0.0,5.345005654910219e7
cog_Region27Shaanxi_Region27Shaanxi_methanol_cog_transforms,5.146505829934281e7,0.0,0.0,0.0,0.0,0.0,0.0,5.146505829934281e7
Region30Ningxia_methanol_cog_transforms_methanol_Region30Ningxia,0.0,0.0,3.088505561977882e7,0.0,0.0,0.0,0.0,3.088505561977882e7
cog_Region30Ningxia_Region30Ningxia_methanol_cog_transforms,5.0404064114437155e7,0.0,0.0,0.0,0.0,0.0,0.0,5.0404064114437155e7
Region5Innermongolia_methanol_gas_transforms_methanol_Region5Innermongolia,0.0,0.0,1.1135459370024529e8,0.0,0.0,0.0,0.0,1.1135459370024529e8
natgas_Region5Innermongolia_Region5Innermongolia_methanol_gas_transforms,1.4654912614134666e8,0.0,0.0,0.0,0.0,0.0,0.0,1.4654912614134666e8
Region8Heilongjiang_methanol_gas_transforms_methanol_Region8Heilongjiang,0.0,0.0,1.5213781603036005e7,0.0,0.0,0.0,0.0,1.5213781603036005e7
natgas_Region8Heilongjiang_Region8Heilongjiang_methanol_gas_transforms,8.986858975769168e7,0.0,0.0,0.0,0.0,0.0,0.0,8.986858975769168e7
Region15Shandong_methanol_gas_transforms_methanol_Region15Shandong,0.0,0.0,4.582070103419609e6,0.0,0.0,0.0,0.0,4.582070103419609e6
natgas_Region15Shandong_Region15Shandong_methanol_gas_transforms,3.492712563125891e7,0.0,0.0,0.0,0.0,0.0,0.0,3.492712563125891e7
Region21Hainan_methanol_gas_transforms_methanol_Region21Hainan,0.0,0.0,1.0076187122261752e8,0.0,0.0,0.0,0.0,1.0076187122261752e8
natgas_Region21Hainan_Region21Hainan_methanol_gas_transforms,2.3177914152915025e8,0.0,0.0,0.0,0.0,0.0,0.0,2.3177914152915025e8
Region22Chongqing_methanol_gas_transforms_methanol_Region22Chongqing,0.0,0.0,9.575564124014014e7,0.0,0.0,0.0,0.0,9.575564124014014e7
natgas_Region22Chongqing_Region22Chongqing_methanol_gas_transforms,6.863739679009277e8,0.0,0.0,0.0,0.0,0.0,0.0,6.863739679009277e8
Region23Sichuan_methanol_gas_transforms_methanol_Region23Sichuan,0.0,0.0,1.8450661586469305e8,0.0,0.0,0.0,0.0,1.8450661586469305e8
natgas_Region23Sichuan_Region23Sichuan_methanol_gas_transforms,1.9940497093714986e9,0.0,0.0,0.0,0.0,0.0,0.0,1.9940497093714986e9
Region27Shaanxi_methanol_gas_transforms_methanol_Region27Shaanxi,0.0,0.0,9.683941639915812e7,0.0,0.0,0.0,0.0,9.683941639915812e7
natgas_Region27Shaanxi_Region27Shaanxi_methanol_gas_transforms,7.891448573243204e8,0.0,0.0,0.0,0.0,0.0,0.0,7.891448573243204e8
Region28Gansu_methanol_gas_transforms_methanol_Region28Gansu,0.0,0.0,1.4931111952421261e7,0.0,0.0,0.0,0.0,1.4931111952421261e7
natgas_Region28Gansu_Region28Gansu_methanol_gas_transforms,3.798607286158481e7,0.0,0.0,0.0,0.0,0.0,0.0,3.798607286158481e7
Region29Qinghai_methanol_gas_transforms_methanol_Region29Qinghai,0.0,0.0,1.3261858741944246e8,0.0,0.0,0.0,0.0,1.3261858741944246e8
natgas_Region29Qinghai_Region29Qinghai_methanol_gas_transforms,5.560597923953508e8,0.0,0.0,0.0,0.0,0.0,0.0,5.560597923953508e8
Region31Xinjiang_methanol_gas_transforms_methanol_Region31Xinjiang,0.0,0.0,3.2727870533542756e7,0.0,0.0,0.0,0.0,3.2727870533542756e7
natgas_Region31Xinjiang_Region31Xinjiang_methanol_gas_transforms,8.672153684981142e7,0.0,0.0,0.0,0.0,0.0,0.0,8.672153684981142e7
Region1Beijing_methanol_gas_ccs_transforms_methanol_Region1Beijing,0.0,735039.1609052775,4.306877797905584e7,0.0,0.0,0.0,0.0,4.3803817139961116e7
natgas_Region1Beijing_Region1Beijing_methanol_gas_ccs_transforms,4.299180825875667e7,0.0,0.0,0.0,0.0,0.0,0.0,4.299180825875667e7
Region2Tianjin_methanol_gas_ccs_transforms_methanol_Region2Tianjin,0.0,759024.937917803,4.703949783804747e7,0.0,0.0,0.0,0.0,4.779852277596527e7
natgas_Region2Tianjin_Region2Tianjin_methanol_gas_ccs_transforms,1.2101957188848677e8,0.0,0.0,0.0,0.0,0.0,0.0,1.2101957188848677e8
Region3Hebei_methanol_gas_ccs_transforms_methanol_Region3Hebei,0.0,774708.755730255,4.948658672407672e7,0.0,0.0,0.0,0.0,5.0261295479806975e7
natgas_Region3Hebei_Region3Hebei_methanol_gas_ccs_transforms,1.6280338610997742e8,0.0,0.0,0.0,0.0,0.0,0.0,1.6280338610997742e8
Region4Shanxi_methanol_gas_ccs_transforms_methanol_Region4Shanxi,0.0,772087.417362015,4.8927711124199e7,0.0,0.0,0.0,0.0,4.9699798541561015e7
natgas_Region4Shanxi_Region4Shanxi_methanol_gas_ccs_transforms,1.4606353286911342e8,0.0,0.0,0.0,0.0,0.0,0.0,1.4606353286911342e8
Region5Innermongolia_methanol_gas_ccs_transforms_methanol_Region5Innermongolia,0.0,752732.995597599,4.975501592583747e7,0.0,0.0,0.0,0.0,5.050774892143507e7
natgas_Region5Innermongolia_Region5Innermongolia_methanol_gas_ccs_transforms,1.1572296895839754e8,0.0,0.0,0.0,0.0,0.0,0.0,1.1572296895839754e8
Region6Liaoning_methanol_gas_ccs_transforms_methanol_Region6Liaoning,0.0,773099.7213531992,4.542820598819942e7,0.0,0.0,0.0,0.0,4.6201305709552616e7
natgas_Region6Liaoning_Region6Liaoning_methanol_gas_ccs_transforms,9.263578597049583e7,0.0,0.0,0.0,0.0,0.0,0.0,9.263578597049583e7
Region7Jilin_methanol_gas_ccs_transforms_methanol_Region7Jilin,0.0,781161.4327763764,4.4274183692138515e7,0.0,0.0,0.0,0.0,4.505534512491489e7
natgas_Region7Jilin_Region7Jilin_methanol_gas_ccs_transforms,6.535219026218763e7,0.0,0.0,0.0,0.0,0.0,0.0,6.535219026218763e7
Region8Heilongjiang_methanol_gas_ccs_transforms_methanol_Region8Heilongjiang,0.0,824343.1819288718,5.1726652159252495e7,0.0,0.0,0.0,0.0,5.255099534118137e7
natgas_Region8Heilongjiang_Region8Heilongjiang_methanol_gas_ccs_transforms,2.2036928040723193e8,0.0,0.0,0.0,0.0,0.0,0.0,2.2036928040723193e8
Region9Shanghai_methanol_gas_ccs_transforms_methanol_Region9Shanghai,0.0,750120.7636630044,4.8468424228512056e7,0.0,0.0,0.0,0.0,4.921854499217506e7
natgas_Region9Shanghai_Region9Shanghai_methanol_gas_ccs_transforms,1.3922833189422876e8,0.0,0.0,0.0,0.0,0.0,0.0,1.3922833189422876e8
Region10Jiangsu_methanol_gas_ccs_transforms_methanol_Region10Jiangsu,0.0,1.0054800409826854e6,5.586939441261322e7,0.0,0.0,0.0,0.0,5.687487445359591e7
natgas_Region10Jiangsu_Region10Jiangsu_methanol_gas_ccs_transforms,3.510036063998893e8,0.0,0.0,0.0,0.0,0.0,0.0,3.510036063998893e8
Region11Zhejiang_methanol_gas_ccs_transforms_methanol_Region11Zhejiang,0.0,805811.349155491,4.423420275482405e7,0.0,0.0,0.0,0.0,4.504001410397954e7
natgas_Region11Zhejiang_Region11Zhejiang_methanol_gas_ccs_transforms,8.640280732558414e7,0.0,0.0,0.0,0.0,0.0,0.0,8.640280732558414e7
Region12Anhui_methanol_gas_ccs_transforms_methanol_Region12Anhui,0.0,1.574320845491162e6,6.30707733706583e7,0.0,0.0,0.0,0.0,6.4645094216149464e7
natgas_Region12Anhui_Region12Anhui_methanol_gas_ccs_transforms,5.0894932125610954e8,0.0,0.0,0.0,0.0,0.0,0.0,5.0894932125610954e8
Region13Fujian_methanol_gas_ccs_transforms_methanol_Region13Fujian,0.0,798968.8908262396,4.5050585868405335e7,0.0,0.0,0.0,0.0,4.5849554759231575e7
natgas_Region13Fujian_Region13Fujian_methanol_gas_ccs_transforms,9.827384779196094e7,0.0,0.0,0.0,0.0,0.0,0.0,9.827384779196094e7
Region14Jiangxi_methanol_gas_ccs_transforms_methanol_Region14Jiangxi,0.0,736616.6036245321,4.293994922980156e7,0.0,0.0,0.0,0.0,4.367656583342609e7
natgas_Region14Jiangxi_Region14Jiangxi_methanol_gas_ccs_transforms,4.188969941674509e7,0.0,0.0,0.0,0.0,0.0,0.0,4.188969941674509e7
Region15Shandong_methanol_gas_ccs_transforms_methanol_Region15Shandong,0.0,1.6540601720162355e6,6.936244325599998e7,0.0,0.0,0.0,0.0,7.101650342801622e7
natgas_Region15Shandong_Region15Shandong_methanol_gas_ccs_transforms,5.974524075522434e8,0.0,0.0,0.0,0.0,0.0,0.0,5.974524075522434e8
Region16Henan_methanol_gas_ccs_transforms_methanol_Region16Henan,0.0,1.7064365692000038e6,6.516101442968163e7,0.0,0.0,0.0,0.0,6.686745099888163e7
natgas_Region16Henan_Region16Henan_methanol_gas_ccs_transforms,5.458116090421295e8,0.0,0.0,0.0,0.0,0.0,0.0,5.458116090421295e8
Region17Hubei_methanol_gas_ccs_transforms_methanol_Region17Hubei,0.0,819425.2280738595,4.67834364945775e7,0.0,0.0,0.0,0.0,4.7602861722651355e7
natgas_Region17Hubei_Region17Hubei_methanol_gas_ccs_transforms,1.3232627463967685e8,0.0,0.0,0.0,0.0,0.0,0.0,1.3232627463967685e8
Region18Hunan_methanol_gas_ccs_transforms_methanol_Region18Hunan,0.0,775855.2851885045,4.383324918417593e7,0.0,0.0,0.0,0.0,4.4609104469364434e7
natgas_Region18Hunan_Region18Hunan_methanol_gas_ccs_transforms,6.978009288789408e7,0.0,0.0,0.0,0.0,0.0,0.0,6.978009288789408e7
Region19Guangdong_methanol_gas_ccs_transforms_methanol_Region19Guangdong,0.0,764045.9249501007,4.23343696970205e7,0.0,0.0,0.0,0.0,4.30984156219706e7
natgas_Region19Guangdong_Region19Guangdong_methanol_gas_ccs_transforms,4.154141320718093e7,0.0,0.0,0.0,0.0,0.0,0.0,4.154141320718093e7
Region20Guangxi_methanol_gas_ccs_transforms_methanol_Region20Guangxi,0.0,839143.2383953261,4.8200782874182336e7,0.0,0.0,0.0,0.0,4.903992611257766e7
natgas_Region20Guangxi_Region20Guangxi_methanol_gas_ccs_transforms,1.622907639787719e8,0.0,0.0,0.0,0.0,0.0,0.0,1.622907639787719e8
Region21Hainan_methanol_gas_ccs_transforms_methanol_Region21Hainan,0.0,745114.7737262888,5.2008644251862474e7,0.0,0.0,0.0,0.0,5.2753759025588766e7
natgas_Region21Hainan_Region21Hainan_methanol_gas_ccs_transforms,1.8469865390267536e8,0.0,0.0,0.0,0.0,0.0,0.0,1.8469865390267536e8
Region22Chongqing_methanol_gas_ccs_transforms_methanol_Region22Chongqing,0.0,945301.3223332715,6.370604595077944e7,0.0,0.0,0.0,0.0,6.465134727311271e7
natgas_Region22Chongqing_Region22Chongqing_methanol_gas_ccs_transforms,4.0146054797433263e8,0.0,0.0,0.0,0.0,0.0,0.0,4.0146054797433263e8
Region23Sichuan_methanol_gas_ccs_transforms_methanol_Region23Sichuan,0.0,1.461727173747755e6,7.755928712004147e7,0.0,0.0,0.0,0.0,7.902101429378922e7
natgas_Region23Sichuan_Region23Sichuan_methanol_gas_ccs_transforms,6.114133881201804e8,0.0,0.0,0.0,0.0,0.0,0.0,6.114133881201804e8
Region24Guizhou_methanol_gas_ccs_transforms_methanol_Region24Guizhou,0.0,762251.3354856255,5.046321025905996e7,0.0,0.0,0.0,0.0,5.122546159454558e7
natgas_Region24Guizhou_Region24Guizhou_methanol_gas_ccs_transforms,1.5987709785637712e8,0.0,0.0,0.0,0.0,0.0,0.0,1.5987709785637712e8
Region25Yunnan_methanol_gas_ccs_transforms_methanol_Region25Yunnan,0.0,812182.8395870398,5.0739742494888745e7,0.0,0.0,0.0,0.0,5.1551925334475785e7
natgas_Region25Yunnan_Region25Yunnan_methanol_gas_ccs_transforms,1.7288308892900226e8,0.0,0.0,0.0,0.0,0.0,0.0,1.7288308892900226e8
Region26Tibet_methanol_gas_ccs_transforms_methanol_Region26Tibet,0.0,762891.2754679292,4.229591030444866e7,0.0,0.0,0.0,0.0,4.305880157991659e7
natgas_Region26Tibet_Region26Tibet_methanol_gas_ccs_transforms,4.1106320711615905e7,0.0,0.0,0.0,0.0,0.0,0.0,4.1106320711615905e7
Region27Shaanxi_methanol_gas_ccs_transforms_methanol_Region27Shaanxi,0.0,1.7232568928646392e6,7.453290295105417e7,0.0,0.0,0.0,0.0,7.625615984391882e7
natgas_Region27Shaanxi_Region27Shaanxi_methanol_gas_ccs_transforms,4.9590091285848725e8,0.0,0.0,0.0,0.0,0.0,0.0,4.9590091285848725e8
Region28Gansu_methanol_gas_ccs_transforms_methanol_Region28Gansu,0.0,755649.4382897381,4.499913988832149e7,0.0,0.0,0.0,0.0,4.575478932661123e7
natgas_Region28Gansu_Region28Gansu_methanol_gas_ccs_transforms,5.349406388946046e7,0.0,0.0,0.0,0.0,0.0,0.0,5.349406388946046e7
Region29Qinghai_methanol_gas_ccs_transforms_methanol_Region29Qinghai,0.0,805541.6464507305,5.612275336260042e7,0.0,0.0,0.0,0.0,5.692829500905115e7
natgas_Region29Qinghai_Region29Qinghai_methanol_gas_ccs_transforms,2.5550569495869243e8,0.0,0.0,0.0,0.0,0.0,0.0,2.5550569495869243e8
Region30Ningxia_methanol_gas_ccs_transforms_methanol_Region30Ningxia,0.0,783273.7792880948,4.449043739084479e7,0.0,0.0,0.0,0.0,4.527371117013289e7
natgas_Region30Ningxia_Region30Ningxia_methanol_gas_ccs_transforms,6.944959404579677e7,0.0,0.0,0.0,0.0,0.0,0.0,6.944959404579677e7
Region31Xinjiang_methanol_gas_ccs_transforms_methanol_Region31Xinjiang,0.0,813257.4932266973,5.0582158364643574e7,0.0,0.0,0.0,0.0,5.139541585787027e7
natgas_Region31Xinjiang_Region31Xinjiang_methanol_gas_ccs_transforms,1.280139768997656e8,0.0,0.0,0.0,0.0,0.0,0.0,1.280139768997656e8
Region1Beijing_methanol_h2_transforms_methanol_Region1Beijing,0.0,845521.3857670631,3.1210650644747417e7,0.0,0.0,0.0,0.0,3.205617203051448e7
Region2Tianjin_methanol_h2_transforms_methanol_Region2Tianjin,0.0,517118.09168295,3.720586367731458e7,0.0,0.0,0.0,0.0,3.772298176899753e7
Region3Hebei_methanol_h2_transforms_methanol_Region3Hebei,0.0,205143.0533513756,5.26961183676189e7,0.0,0.0,0.0,0.0,5.2901261420970276e7
Region4Shanxi_methanol_h2_transforms_methanol_Region4Shanxi,0.0,192824.85402551614,6.168570684346644e7,0.0,0.0,0.0,0.0,6.187853169749195e7
Region5Innermongolia_methanol_h2_transforms_methanol_Region5Innermongolia,0.0,191000.60572412403,5.978001641868221e7,0.0,0.0,0.0,0.0,5.9971017024406336e7
Region6Liaoning_methanol_h2_transforms_methanol_Region6Liaoning,0.0,477142.0100271655,3.0233082507592347e7,0.0,0.0,0.0,0.0,3.0710224517619513e7
Region7Jilin_methanol_h2_transforms_methanol_Region7Jilin,0.0,651857.069000732,2.3904646520794064e7,0.0,0.0,0.0,0.0,2.4556503589794796e7
Region8Heilongjiang_methanol_h2_transforms_methanol_Region8Heilongjiang,0.0,249800.8736642009,5.0010736565768585e7,0.0,0.0,0.0,0.0,5.0260537439432785e7
Region9Shanghai_methanol_h2_transforms_methanol_Region9Shanghai,0.0,430401.092559716,3.013445147692858e7,0.0,0.0,0.0,0.0,3.05648525694883e7
Region10Jiangsu_methanol_h2_transforms_methanol_Region10Jiangsu,0.0,164360.6261637647,5.333492102661726e7,0.0,0.0,0.0,0.0,5.3499281652781025e7
Region11Zhejiang_methanol_h2_transforms_methanol_Region11Zhejiang,0.0,456819.33876837057,2.8500313207163986e7,0.0,0.0,0.0,0.0,2.8957132545932356e7
Region12Anhui_methanol_h2_transforms_methanol_Region12Anhui,0.0,227228.53576769182,6.1374805346422926e7,0.0,0.0,0.0,0.0,6.1602033882190615e7
Region13Fujian_methanol_h2_transforms_methanol_Region13Fujian,0.0,466714.5148759931,3.113727964025057e7,0.0,0.0,0.0,0.0,3.1603994155126564e7
Region14Jiangxi_methanol_h2_transforms_methanol_Region14Jiangxi,0.0,764876.4073319165,3.1081021864264652e7,0.0,0.0,0.0,0.0,3.184589827159657e7
Region15Shandong_methanol_h2_transforms_methanol_Region15Shandong,0.0,182755.4470737416,8.152384165021077e7,0.0,0.0,0.0,0.0,8.170659709728451e7
Region16Henan_methanol_h2_transforms_methanol_Region16Henan,0.0,207676.68482007744,7.16844758375999e7,0.0,0.0,0.0,0.0,7.189215252241997e7
Region17Hubei_methanol_h2_transforms_methanol_Region17Hubei,0.0,510861.7604199499,2.625184390904119e7,0.0,0.0,0.0,0.0,2.676270566946114e7
Region18Hunan_methanol_h2_transforms_methanol_Region18Hunan,0.0,744035.4138954867,2.21129233873511e7,0.0,0.0,0.0,0.0,2.2856958801246587e7
Region19Guangdong_methanol_h2_transforms_methanol_Region19Guangdong,0.0,732270.2915460917,3.1845418878532834e7,0.0,0.0,0.0,0.0,3.2577689170078926e7
Region20Guangxi_methanol_h2_transforms_methanol_Region20Guangxi,0.0,442135.18023783056,3.248658442485589e7,0.0,0.0,0.0,0.0,3.292871960509372e7
Region21Hainan_methanol_h2_transforms_methanol_Region21Hainan,0.0,591128.6459195134,5.19192842578802e7,0.0,0.0,0.0,0.0,5.251041290379972e7
Region22Chongqing_methanol_h2_transforms_methanol_Region22Chongqing,0.0,354391.2721340453,4.589369504151907e7,0.0,0.0,0.0,0.0,4.624808631365311e7
Region23Sichuan_methanol_h2_transforms_methanol_Region23Sichuan,0.0,233588.02708752337,5.612545602504431e7,0.0,0.0,0.0,0.0,5.635904405213183e7
Region24Guizhou_methanol_h2_transforms_methanol_Region24Guizhou,0.0,379476.6950754137,4.260815414541394e7,0.0,0.0,0.0,0.0,4.298763084048936e7
Region25Yunnan_methanol_h2_transforms_methanol_Region25Yunnan,0.0,249350.13834449713,4.7594104129569486e7,0.0,0.0,0.0,0.0,4.784345426791398e7
Region26Tibet_methanol_h2_transforms_methanol_Region26Tibet,0.0,855809.2940769494,3.1548254773805108e7,0.0,0.0,0.0,0.0,3.2404064067882057e7
Region27Shaanxi_methanol_h2_transforms_methanol_Region27Shaanxi,0.0,265888.86321122124,8.399468918847527e7,0.0,0.0,0.0,0.0,8.426057805168648e7
Region28Gansu_methanol_h2_transforms_methanol_Region28Gansu,0.0,803743.4447869482,2.5592724376018323e7,0.0,0.0,0.0,0.0,2.639646782080527e7
Region29Qinghai_methanol_h2_transforms_methanol_Region29Qinghai,0.0,383152.545596648,5.366890192188704e7,0.0,0.0,0.0,0.0,5.4052054467483684e7
Region30Ningxia_methanol_h2_transforms_methanol_Region30Ningxia,0.0,176028.08275487347,2.4558883454787704e8,0.0,0.0,0.0,0.0,2.4576486263063192e8
Region31Xinjiang_methanol_h2_transforms_methanol_Region31Xinjiang,0.0,192011.65571856467,6.279051286752892e7,0.0,0.0,0.0,0.0,6.298252452324749e7
steelscrap_source_Region1Beijing_steelscrap_source_Region2Tianjin,1.6192659270118887e9,0.0,0.0,2.261574744726605e7,0.0,0.0,0.0,1.6418816744591548e9
steelscrap_source_Region1Beijing_steelscrap_source_Region3Hebei,1.2948971068767395e9,0.0,0.0,4.2472625105557136e7,0.0,0.0,0.0,1.3373697319822967e9
steelscrap_source_Region1Beijing_steelscrap_source_Region4Shanxi,5.942953459736716e8,0.0,0.0,3.294377201180722e7,0.0,0.0,0.0,6.272391179854788e8
steelscrap_source_Region1Beijing_steelscrap_source_Region5Innermongolia,5.225885134591134e8,0.0,0.0,2.804558355563913e7,0.0,0.0,0.0,5.506340970147525e8
steelscrap_source_Region1Beijing_steelscrap_source_Region6Liaoning,3.702393654397696e8,0.0,0.0,2.8816963943395462e7,0.0,0.0,0.0,3.9905632938316506e8
steelscrap_source_Region1Beijing_steelscrap_source_Region7Jilin,2.961113872506927e8,0.0,0.0,3.236497462650072e7,0.0,0.0,0.0,3.2847636187719345e8
steelscrap_source_Region1Beijing_steelscrap_source_Region8Heilongjiang,2.5320181564058053e8,0.0,0.0,3.4908090316314735e7,0.0,0.0,0.0,2.881099059568953e8
steelscrap_source_Region1Beijing_steelscrap_source_Region9Shanghai,3.036750924059834e8,0.0,0.0,4.1998265279747345e7,0.0,0.0,0.0,3.4567335768573076e8
steelscrap_source_Region1Beijing_steelscrap_source_Region10Jiangsu,3.716145945188921e8,0.0,0.0,4.18933519554298e7,0.0,0.0,0.0,4.135079464743219e8
steelscrap_source_Region1Beijing_steelscrap_source_Region11Zhejiang,2.9712269040554696e8,0.0,0.0,4.197353206462353e7,0.0,0.0,0.0,3.390962224701705e8
steelscrap_source_Region1Beijing_steelscrap_source_Region12Anhui,3.5472222636735016e8,0.0,0.0,4.06275189932739e7,0.0,0.0,0.0,3.953497453606241e8
steelscrap_source_Region1Beijing_steelscrap_source_Region13Fujian,1.6359518941164944e8,0.0,0.0,3.419139458703495e7,0.0,0.0,0.0,1.9778658399868438e8
steelscrap_source_Region1Beijing_steelscrap_source_Region14Jiangxi,2.205381089797683e8,0.0,0.0,3.528609743676287e7,0.0,0.0,0.0,2.5582420641653118e8
steelscrap_source_Region1Beijing_steelscrap_source_Region15Shandong,5.515834992097124e8,0.0,0.0,2.498673251420008e7,0.0,0.0,0.0,5.765702317239125e8
steelscrap_source_Region1Beijing_steelscrap_source_Region16Henan,3.542026916761841e8,0.0,0.0,2.7840331565748032e7,0.0,0.0,0.0,3.8204302324193215e8
steelscrap_source_Region1Beijing_steelscrap_source_Region17Hubei,2.5503545592281085e8,0.0,0.0,3.2993086814547647e7,0.0,0.0,0.0,2.880285427373585e8
steelscrap_source_Region1Beijing_steelscrap_source_Region18Hunan,2.135004015934293e8,0.0,0.0,3.564745038604975e7,0.0,0.0,0.0,2.4914785197947904e8
steelscrap_source_Region1Beijing_steelscrap_source_Region19Guangdong,1.4660238895947954e8,0.0,0.0,3.528719502254671e7,0.0,0.0,0.0,1.8188958398202625e8
steelscrap_source_Region1Beijing_steelscrap_source_Region20Guangxi,1.500977984154665e8,0.0,0.0,3.923056124585551e7,0.0,0.0,0.0,1.89328359661322e8
steelscrap_source_Region1Beijing_steelscrap_source_Region21Hainan,1.3268296223885943e8,0.0,0.0,3.9030904725264415e7,0.0,0.0,0.0,1.7171386696412385e8
steelscrap_source_Region1Beijing_steelscrap_source_Region22Chongqing,1.8694389082268283e8,0.0,0.0,3.761311083352369e7,0.0,0.0,0.0,2.2455700165620652e8
steelscrap_source_Region1Beijing_steelscrap_source_Region23Sichuan,1.868242181960879e8,0.0,0.0,3.806854819442266e7,0.0,0.0,0.0,2.2489276639051056e8
steelscrap_source_Region1Beijing_steelscrap_source_Region24Guizhou,1.6843121305877784e8,0.0,0.0,3.9435361350828364e7,0.0,0.0,0.0,2.0786657440960622e8
steelscrap_source_Region1Beijing_steelscrap_source_Region25Yunnan,1.3364420104682457e8,0.0,0.0,3.848062028808243e7,0.0,0.0,0.0,1.72124821334907e8
steelscrap_source_Region1Beijing_steelscrap_source_Region27Shaanxi,2.4222928897142923e8,0.0,0.0,2.9495453087087665e7,0.0,0.0,0.0,2.717247420585169e8
steelscrap_source_Region1Beijing_steelscrap_source_Region28Gansu,2.480730859755862e8,0.0,0.0,4.0278800059569225e7,0.0,0.0,0.0,2.883518860351554e8
steelscrap_source_Region1Beijing_steelscrap_source_Region29Qinghai,2.2613841231771994e8,0.0,0.0,4.180545449046921e7,0.0,0.0,0.0,2.6794386680818915e8
steelscrap_source_Region1Beijing_steelscrap_source_Region30Ningxia,2.4648655849357262e8,0.0,0.0,3.0391792662257608e7,0.0,0.0,0.0,2.768783511558302e8
steelscrap_source_Region1Beijing_steelscrap_source_Region31Xinjiang,9.975246134646203e7,0.0,0.0,3.1279046796205588e7,0.0,0.0,0.0,1.3103150814266762e8
steelscrap_source_Region2Tianjin_steelscrap_source_Region1Beijing,3.252267218377892e9,0.0,0.0,4.35803807262636e7,0.0,0.0,0.0,3.2958475991041555e9
steelscrap_source_Region2Tianjin_steelscrap_source_Region3Hebei,1.4672127207490695e9,0.0,0.0,5.017867504961803e7,0.0,0.0,0.0,1.5173913957986875e9
steelscrap_source_Region2Tianjin_steelscrap_source_Region4Shanxi,6.298697780599196e8,0.0,0.0,3.579759905307207e7,0.0,0.0,0.0,6.656673771129917e8
steelscrap_source_Region2Tianjin_steelscrap_source_Region5Innermongolia,4.580399293158034e8,0.0,0.0,3.06276032735834e7,0.0,0.0,0.0,4.886675325893868e8
steelscrap_source_Region2Tianjin_steelscrap_source_Region6Liaoning,4.035895638809472e8,0.0,0.0,3.02019523637574e7,0.0,0.0,0.0,4.337915162447046e8
steelscrap_source_Region2Tianjin_steelscrap_source_Region7Jilin,3.0909551398484993e8,0.0,0.0,3.345443779696013e7,0.0,0.0,0.0,3.4254995178181005e8
steelscrap_source_Region2Tianjin_steelscrap_source_Region8Heilongjiang,2.6183145338000166e8,0.0,0.0,3.581854282238434e7,0.0,0.0,0.0,2.97649996202386e8
steelscrap_source_Region2Tianjin_steelscrap_source_Region9Shanghai,3.3557618875227696e8,0.0,0.0,4.171212026190783e7,0.0,0.0,0.0,3.772883090141848e8
steelscrap_source_Region2Tianjin_steelscrap_source_Region10Jiangsu,4.189596389881329e8,0.0,0.0,4.221716628870399e7,0.0,0.0,0.0,4.611768052768369e8
steelscrap_source_Region2Tianjin_steelscrap_source_Region11Zhejiang,3.275196165087806e8,0.0,0.0,4.167141254046735e7,0.0,0.0,0.0,3.69191029049248e8
steelscrap_source_Region2Tianjin_steelscrap_source_Region12Anhui,3.8880688147295123e8,0.0,0.0,4.108392714230862e7,0.0,0.0,0.0,4.298908086152599e8
steelscrap_source_Region2Tianjin_steelscrap_source_Region13Fujian,1.755181261318671e8,0.0,0.0,3.41207237200351e7,0.0,0.0,0.0,2.0963884985190222e8
steelscrap_source_Region2Tianjin_steelscrap_source_Region14Jiangxi,2.3404001087578684e8,0.0,0.0,3.555067765203206e7,0.0,0.0,0.0,2.695906885278189e8
steelscrap_source_Region2Tianjin_steelscrap_source_Region15Shandong,7.365080324559299e8,0.0,0.0,2.5777781135957476e7,0.0,0.0,0.0,7.622858135918874e8
steelscrap_source_Region2Tianjin_steelscrap_source_Region16Henan,3.7877609212161565e8,0.0,0.0,2.9216262572314005e7,0.0,0.0,0.0,4.079923546939297e8
steelscrap_source_Region2Tianjin_steelscrap_source_Region17Hubei,2.6718760849588197e8,0.0,0.0,3.38348574891952e7,0.0,0.0,0.0,3.0102246598507714e8
steelscrap_source_Region2Tianjin_steelscrap_source_Region18Hunan,2.211447445686861e8,0.0,0.0,3.631196705817833e7,0.0,0.0,0.0,2.5745671162686443e8
steelscrap_source_Region2Tianjin_steelscrap_source_Region19Guangdong,1.507056086059496e8,0.0,0.0,3.5742346841044225e7,0.0,0.0,0.0,1.8644795544699383e8
steelscrap_source_Region2Tianjin_steelscrap_source_Region20Guangxi,1.5393907786371842e8,0.0,0.0,3.9711150786243774e7,0.0,0.0,0.0,1.936502286499622e8
steelscrap_source_Region2Tianjin_steelscrap_source_Region21Hainan,1.355040748692823e8,0.0,0.0,3.940458497198722e7,0.0,0.0,0.0,1.7490865984126952e8
steelscrap_source_Region2Tianjin_steelscrap_source_Region22Chongqing,1.891600986898101e8,0.0,0.0,3.855713344960643e7,0.0,0.0,0.0,2.2771723213941652e8
steelscrap_source_Region2Tianjin_steelscrap_source_Region23Sichuan,1.8975856160072473e8,0.0,0.0,3.893213155508202e7,0.0,0.0,0.0,2.2869069315580675e8
steelscrap_source_Region2Tianjin_steelscrap_source_Region24Guizhou,1.7287928231308606e8,0.0,0.0,3.9894775715116546e7,0.0,0.0,0.0,2.127740580282026e8
steelscrap_source_Region2Tianjin_steelscrap_source_Region25Yunnan,1.353110911430555e8,0.0,0.0,3.909137423122866e7,0.0,0.0,0.0,1.7440246537428415e8
steelscrap_source_Region2Tianjin_steelscrap_source_Region27Shaanxi,2.481257389198203e8,0.0,0.0,3.0560820176957805e7,0.0,0.0,0.0,2.786865590967781e8
steelscrap_source_Region2Tianjin_steelscrap_source_Region28Gansu,2.4951745586395997e8,0.0,0.0,4.172763586898305e7,0.0,0.0,0.0,2.91245091732943e8
steelscrap_source_Region2Tianjin_steelscrap_source_Region29Qinghai,2.2707193609187722e8,0.0,0.0,4.3083115341165386e7,0.0,0.0,0.0,2.701550514330426e8
steelscrap_source_Region2Tianjin_steelscrap_source_Region30Ningxia,2.4734299164949703e8,0.0,0.0,3.1701126763077084e7,0.0,0.0,0.0,2.790441184125741e8
steelscrap_source_Region2Tianjin_steelscrap_source_Region31Xinjiang,9.79469584916991e7,0.0,0.0,3.200580113647095e7,0.0,0.0,0.0,1.2995275962817004e8
steelscrap_source_Region3Hebei_steelscrap_source_Region1Beijing,6.975602054489219e8,0.0,0.0,2.3112494807207573e7,0.0,0.0,0.0,7.206727002561295e8
steelscrap_source_Region3Hebei_steelscrap_source_Region2Tianjin,6.213608943578491e8,0.0,0.0,2.127125461685038e7,0.0,0.0,0.0,6.426321489746995e8
steelscrap_source_Region3Hebei_steelscrap_source_Region4Shanxi,9.333643582415e8,0.0,0.0,2.3396333246586937e7,0.0,0.0,0.0,9.567606914880869e8
steelscrap_source_Region3Hebei_steelscrap_source_Region5Innermongolia,3.93587759521085e8,0.0,0.0,2.5032181505540967e7,0.0,0.0,0.0,4.18619941026626e8
steelscrap_source_Region3Hebei_steelscrap_source_Region6Liaoning,2.707226886402413e8,0.0,0.0,2.917488174579668e7,0.0,0.0,0.0,2.99897570386038e8
steelscrap_source_Region3Hebei_steelscrap_source_Region7Jilin,2.3862345317816645e8,0.0,0.0,3.368567747365139e7,0.0,0.0,0.0,2.7230913065181786e8
steelscrap_source_Region3Hebei_steelscrap_source_Region8Heilongjiang,2.124433543993384e8,0.0,0.0,3.605871868671434e7,0.0,0.0,0.0,2.4850207308605272e8
steelscrap_source_Region3Hebei_steelscrap_source_Region9Shanghai,2.7188671133675617e8,0.0,0.0,3.45477381205238e7,0.0,0.0,0.0,3.0643444945728e8
steelscrap_source_Region3Hebei_steelscrap_source_Region10Jiangsu,3.339223390818974e8,0.0,0.0,3.33588416742816e7,0.0,0.0,0.0,3.67281180756179e8
steelscrap_source_Region3Hebei_steelscrap_source_Region11Zhejiang,2.6591086676904696e8,0.0,0.0,3.4657049635565884e7,0.0,0.0,0.0,3.0056791640461284e8
steelscrap_source_Region3Hebei_steelscrap_source_Region12Anhui,3.267641189923062e8,0.0,0.0,3.1794148777951397e7,0.0,0.0,0.0,3.585582677702576e8
steelscrap_source_Region3Hebei_steelscrap_source_Region13Fujian,1.681383169469368e8,0.0,0.0,3.1458679100771945e7,0.0,0.0,0.0,1.9959699604770872e8
steelscrap_source_Region3Hebei_steelscrap_source_Region14Jiangxi,2.3137546890741637e8,0.0,0.0,3.0826924974098135e7,0.0,0.0,0.0,2.6220239388151452e8
steelscrap_source_Region3Hebei_steelscrap_source_Region15Shandong,5.48550666135575e8,0.0,0.0,1.8998138070495486e7,0.0,0.0,0.0,5.675488042060705e8
steelscrap_source_Region3Hebei_steelscrap_source_Region16Henan,4.591655727748858e8,0.0,0.0,2.168792055406712e7,0.0,0.0,0.0,4.808534933289529e8
steelscrap_source_Region3Hebei_steelscrap_source_Region17Hubei,2.7629687757641035e8,0.0,0.0,2.8025713282167114e7,0.0,0.0,0.0,3.043225908585775e8
steelscrap_source_Region3Hebei_steelscrap_source_Region18Hunan,2.268162745147433e8,0.0,0.0,3.0937739843811106e7,0.0,0.0,0.0,2.577540143585544e8
steelscrap_source_Region3Hebei_steelscrap_source_Region19Guangdong,1.534639211906677e8,0.0,0.0,3.228880901851658e7,0.0,0.0,0.0,1.8575273020918426e8
steelscrap_source_Region3Hebei_steelscrap_source_Region20Guangxi,1.5645337412758145e8,0.0,0.0,3.614594453594227e7,0.0,0.0,0.0,1.9259931866352373e8
steelscrap_source_Region3Hebei_steelscrap_source_Region21Hainan,1.3719241104530317e8,0.0,0.0,3.6195931114119515e7,0.0,0.0,0.0,1.733883421594227e8
steelscrap_source_Region3Hebei_steelscrap_source_Region22Chongqing,1.9705250553105357e8,0.0,0.0,3.3347852352705374e7,0.0,0.0,0.0,2.3040035788375896e8
steelscrap_source_Region3Hebei_steelscrap_source_Region23Sichuan,1.9697673089359874e8,0.0,0.0,3.384716825855008e7,0.0,0.0,0.0,2.308238991521488e8
steelscrap_source_Region3Hebei_steelscrap_source_Region24Guizhou,1.7539597086117518e8,0.0,0.0,3.575154539386948e7,0.0,0.0,0.0,2.1114751625504467e8
steelscrap_source_Region3Hebei_steelscrap_source_Region25Yunnan,1.3897193124719307e8,0.0,0.0,3.557681439928159e7,0.0,0.0,0.0,1.7454874564647466e8
steelscrap_source_Region3Hebei_steelscrap_source_Region27Shaanxi,2.821805779363899e8,0.0,0.0,2.5349221917952366e7,0.0,0.0,0.0,3.075297998543423e8
steelscrap_source_Region3Hebei_steelscrap_source_Region28Gansu,2.6149077936285987e8,0.0,0.0,3.511821166843212e7,0.0,0.0,0.0,2.9660899103129196e8
steelscrap_source_Region3Hebei_steelscrap_source_Region29Qinghai,2.3753628337678304e8,0.0,0.0,3.72456892334795e7,0.0,0.0,0.0,2.747819726102625e8
steelscrap_source_Region3Hebei_steelscrap_source_Region30Ningxia,2.6342326460647416e8,0.0,0.0,2.6684776704635814e7,0.0,0.0,0.0,2.9010804131110996e8
steelscrap_source_Region3Hebei_steelscrap_source_Region31Xinjiang,9.65898558931202e7,0.0,0.0,3.0432243930059187e7,0.0,0.0,0.0,1.270220998231794e8
steelscrap_source_Region4Shanxi_steelscrap_source_Region1Beijing,5.247846951144011e8,0.0,0.0,2.91430434020198e7,0.0,0.0,0.0,5.539277385164208e8
steelscrap_source_Region4Shanxi_steelscrap_source_Region2Tianjin,4.830514667268975e8,0.0,0.0,2.7356814732300058e7,0.0,0.0,0.0,5.104082814591975e8
steelscrap_source_Region4Shanxi_steelscrap_source_Region3Hebei,1.557299246948407e9,0.0,0.0,3.9088211098404795e7,0.0,0.0,0.0,1.5963874580468118e9
steelscrap_source_Region4Shanxi_steelscrap_source_Region5Innermongolia,5.528254421275808e8,0.0,0.0,2.572481057367022e7,0.0,0.0,0.0,5.78550252701251e8
steelscrap_source_Region4Shanxi_steelscrap_source_Region6Liaoning,2.541412669100578e8,0.0,0.0,3.3080721576125883e7,0.0,0.0,0.0,2.872219884861837e8
steelscrap_source_Region4Shanxi_steelscrap_source_Region7Jilin,2.2748386119124076e8,0.0,0.0,3.720877689551404e7,0.0,0.0,0.0,2.646926380867548e8
steelscrap_source_Region4Shanxi_steelscrap_source_Region8Heilongjiang,2.0382947427890426e8,0.0,0.0,3.9162436324786745e7,0.0,0.0,0.0,2.42991910603691e8
steelscrap_source_Region4Shanxi_steelscrap_source_Region9Shanghai,2.567728133765605e8,0.0,0.0,3.857583566293858e7,0.0,0.0,0.0,2.953486490394991e8
steelscrap_source_Region4Shanxi_steelscrap_source_Region10Jiangsu,3.089109024219634e8,0.0,0.0,3.802693208814389e7,0.0,0.0,0.0,3.469378345101073e8
steelscrap_source_Region4Shanxi_steelscrap_source_Region11Zhejiang,2.5156361241609406e8,0.0,0.0,3.8623399959617876e7,0.0,0.0,0.0,2.901870123757119e8
steelscrap_source_Region4Shanxi_steelscrap_source_Region12Anhui,3.181049523899021e8,0.0,0.0,3.545809869306129e7,0.0,0.0,0.0,3.535630510829634e8
steelscrap_source_Region4Shanxi_steelscrap_source_Region13Fujian,1.6505289305326334e8,0.0,0.0,3.3214143845418405e7,0.0,0.0,0.0,1.9826703689868173e8
steelscrap_source_Region4Shanxi_steelscrap_source_Region14Jiangxi,2.2998876730834123e8,0.0,0.0,3.3179712830350235e7,0.0,0.0,0.0,2.6316848013869148e8
steelscrap_source_Region4Shanxi_steelscrap_source_Region15Shandong,4.317271961270819e8,0.0,0.0,2.496822284268292e7,0.0,0.0,0.0,4.5669541896976477e8
steelscrap_source_Region4Shanxi_steelscrap_source_Region16Henan,4.9218917976819223e8,0.0,0.0,2.4232113950587247e7,0.0,0.0,0.0,5.164212937187795e8
steelscrap_source_Region4Shanxi_steelscrap_source_Region17Hubei,2.8192789260300314e8,0.0,0.0,3.0034718158639908e7,0.0,0.0,0.0,3.1196261076164305e8
steelscrap_source_Region4Shanxi_steelscrap_source_Region18Hunan,2.329649548749932e8,0.0,0.0,3.25374386975408e7,0.0,0.0,0.0,2.65502393572534e8
steelscrap_source_Region4Shanxi_steelscrap_source_Region19Guangdong,1.5605540184474847e8,0.0,0.0,3.333863568076635e7,0.0,0.0,0.0,1.893940375255148e8
steelscrap_source_Region4Shanxi_steelscrap_source_Region20Guangxi,1.624829626859858e8,0.0,0.0,3.68186393446444e7,0.0,0.0,0.0,1.993016020306302e8
steelscrap_source_Region4Shanxi_steelscrap_source_Region21Hainan,1.412069072069204e8,0.0,0.0,3.678910622430968e7,0.0,0.0,0.0,1.7799601343123007e8
steelscrap_source_Region4Shanxi_steelscrap_source_Region22Chongqing,2.2037583958391452e8,0.0,0.0,3.2549511506544206e7,0.0,0.0,0.0,2.5292535109045872e8
steelscrap_source_Region4Shanxi_steelscrap_source_Region23Sichuan,2.202364762302938e8,0.0,0.0,3.3094201161538757e7,0.0,0.0,0.0,2.5333067739183256e8
steelscrap_source_Region4Shanxi_steelscrap_source_Region24Guizhou,1.8980399840038908e8,0.0,0.0,3.54047725016192e7,0.0,0.0,0.0,2.2520877090200827e8
steelscrap_source_Region4Shanxi_steelscrap_source_Region25Yunnan,1.4990486783105457e8,0.0,0.0,3.514269784852684e7,0.0,0.0,0.0,1.850475656795814e8
steelscrap_source_Region4Shanxi_steelscrap_source_Region27Shaanxi,3.736539353647729e8,0.0,0.0,2.5508108654235147e7,0.0,0.0,0.0,3.9916204401900804e8
steelscrap_source_Region4Shanxi_steelscrap_source_Region28Gansu,3.0308313345087355e8,0.0,0.0,3.380387215088748e7,0.0,0.0,0.0,3.3688700560176104e8
steelscrap_source_Region4Shanxi_steelscrap_source_Region29Qinghai,2.695060509674553e8,0.0,0.0,3.6131777899703436e7,0.0,0.0,0.0,3.056378288671588e8
steelscrap_source_Region4Shanxi_steelscrap_source_Region30Ningxia,3.426474362133419e8,0.0,0.0,2.6909245323954444e7,0.0,0.0,0.0,3.6955668153729635e8
steelscrap_source_Region4Shanxi_steelscrap_source_Region31Xinjiang,1.043087676985934e8,0.0,0.0,3.0461637126912516e7,0.0,0.0,0.0,1.347704048255059e8
steelscrap_source_Region5Innermongolia_steelscrap_source_Region1Beijing,5.62444774201959e8,0.0,0.0,3.076572914884707e7,0.0,0.0,0.0,5.932105033508061e8
steelscrap_source_Region5Innermongolia_steelscrap_source_Region2Tianjin,4.2743845146539015e8,0.0,0.0,2.9179798286704015e7,0.0,0.0,0.0,4.5661824975209415e8
steelscrap_source_Region5Innermongolia_steelscrap_source_Region3Hebei,5.738196691648053e8,0.0,0.0,3.6800968115769565e7,0.0,0.0,0.0,6.106206372805748e8
steelscrap_source_Region5Innermongolia_steelscrap_source_Region4Shanxi,7.094800380534053e8,0.0,0.0,3.3132717777094122e7,0.0,0.0,0.0,7.426127558304994e8
steelscrap_source_Region5Innermongolia_steelscrap_source_Region6Liaoning,2.3850134523824242e8,0.0,0.0,3.15139777508132e7,0.0,0.0,0.0,2.7001532298905563e8
steelscrap_source_Region5Innermongolia_steelscrap_source_Region7Jilin,2.101731532313594e8,0.0,0.0,3.235265405408057e7,0.0,0.0,0.0,2.4252580728543997e8
steelscrap_source_Region5Innermongolia_steelscrap_source_Region8Heilongjiang,1.8738316138547724e8,0.0,0.0,3.371023073324728e7,0.0,0.0,0.0,2.2109339211872452e8
steelscrap_source_Region5Innermongolia_steelscrap_source_Region9Shanghai,1.8691027562015975e8,0.0,0.0,3.500206428113541e7,0.0,0.0,0.0,2.2191233990129516e8
steelscrap_source_Region5Innermongolia_steelscrap_source_Region10Jiangsu,2.1841255567561272e8,0.0,0.0,3.497513058218795e7,0.0,0.0,0.0,2.5338768625780067e8
steelscrap_source_Region5Innermongolia_steelscrap_source_Region11Zhejiang,1.8372523055579692e8,0.0,0.0,3.5005780595231146e7,0.0,0.0,0.0,2.1873101115102807e8
steelscrap_source_Region5Innermongolia_steelscrap_source_Region12Anhui,2.1527588627214202e8,0.0,0.0,3.390595208786244e7,0.0,0.0,0.0,2.4918183836000445e8
steelscrap_source_Region5Innermongolia_steelscrap_source_Region13Fujian,1.481515255874956e8,0.0,0.0,3.663787227778764e7,0.0,0.0,0.0,1.8478939786528325e8
steelscrap_source_Region5Innermongolia_steelscrap_source_Region14Jiangxi,1.8560350154284868e8,0.0,0.0,3.532034634360413e7,0.0,0.0,0.0,2.209238478864528e8
steelscrap_source_Region5Innermongolia_steelscrap_source_Region15Shandong,3.028196848344473e8,0.0,0.0,2.8808246017250456e7,0.0,0.0,0.0,3.316279308516978e8
steelscrap_source_Region5Innermongolia_steelscrap_source_Region16Henan,3.077539512338452e8,0.0,0.0,2.9318693087544214e7,0.0,0.0,0.0,3.370726443213894e8
steelscrap_source_Region5Innermongolia_steelscrap_source_Region17Hubei,2.1718541463753158e8,0.0,0.0,3.313525475986605e7,0.0,0.0,0.0,2.5032066939739764e8
steelscrap_source_Region5Innermongolia_steelscrap_source_Region18Hunan,1.8758182405575293e8,0.0,0.0,3.483394472715344e7,0.0,0.0,0.0,2.2241576878290638e8
steelscrap_source_Region5Innermongolia_steelscrap_source_Region19Guangdong,1.4083627250355452e8,0.0,0.0,3.657517996917327e7,0.0,0.0,0.0,1.7741145247272778e8
steelscrap_source_Region5Innermongolia_steelscrap_source_Region20Guangxi,1.4726151967552495e8,0.0,0.0,4.014839898087072e7,0.0,0.0,0.0,1.8740991865639567e8
steelscrap_source_Region5Innermongolia_steelscrap_source_Region21Hainan,1.302912661047892e8,0.0,0.0,3.994295914552476e7,0.0,0.0,0.0,1.7023422525031397e8
steelscrap_source_Region5Innermongolia_steelscrap_source_Region22Chongqing,1.817690849015969e8,0.0,0.0,3.446341849734298e7,0.0,0.0,0.0,2.1623250339893988e8
steelscrap_source_Region5Innermongolia_steelscrap_source_Region23Sichuan,1.8257507126474592e8,0.0,0.0,3.480489441876939e7,0.0,0.0,0.0,2.173799656835153e8
steelscrap_source_Region5Innermongolia_steelscrap_source_Region24Guizhou,1.5990534370911855e8,0.0,0.0,3.653304085940996e7,0.0,0.0,0.0,1.964383845685285e8
steelscrap_source_Region5Innermongolia_steelscrap_source_Region25Yunnan,1.38801133772989e8,0.0,0.0,3.814255156081755e7,0.0,0.0,0.0,1.7694368533380654e8
steelscrap_source_Region5Innermongolia_steelscrap_source_Region27Shaanxi,2.684171713704381e8,0.0,0.0,2.938273302601737e7,0.0,0.0,0.0,2.9779990439645547e8
steelscrap_source_Region5Innermongolia_steelscrap_source_Region28Gansu,2.5398379539272368e8,0.0,0.0,3.031719904337815e7,0.0,0.0,0.0,2.8430099443610185e8
steelscrap_source_Region5Innermongolia_steelscrap_source_Region29Qinghai,2.214661576933411e8,0.0,0.0,3.1418665571428802e7,0.0,0.0,0.0,2.528848232647699e8
steelscrap_source_Region5Innermongolia_steelscrap_source_Region30Ningxia,3.8660303333530396e8,0.0,0.0,2.8673058305701915e7,0.0,0.0,0.0,4.152760916410059e8
steelscrap_source_Region5Innermongolia_steelscrap_source_Region31Xinjiang,1.1658771234638625e8,0.0,0.0,3.0363326552077264e7,0.0,0.0,0.0,1.4695103889846352e8
steelscrap_source_Region6Liaoning_steelscrap_source_Region1Beijing,4.332024614104844e8,0.0,0.0,3.371759157978273e7,0.0,0.0,0.0,4.669200529902671e8
steelscrap_source_Region6Liaoning_steelscrap_source_Region2Tianjin,4.241052002284566e8,0.0,0.0,3.1822026857141886e7,0.0,0.0,0.0,4.559272270855985e8
steelscrap_source_Region6Liaoning_steelscrap_source_Region3Hebei,3.6356989933438855e8,0.0,0.0,3.916859715495811e7,0.0,0.0,0.0,4.027384964893467e8
steelscrap_source_Region6Liaoning_steelscrap_source_Region4Shanxi,2.940364490264761e8,0.0,0.0,3.8332551738085076e7,0.0,0.0,0.0,3.323690007645612e8
steelscrap_source_Region6Liaoning_steelscrap_source_Region5Innermongolia,2.5370837058640745e8,0.0,0.0,3.323579654681933e7,0.0,0.0,0.0,2.8694416713322675e8
steelscrap_source_Region6Liaoning_steelscrap_source_Region7Jilin,8.327275398055261e8,0.0,0.0,2.706364504367966e7,0.0,0.0,0.0,8.597911848492059e8
steelscrap_source_Region6Liaoning_steelscrap_source_Region8Heilongjiang,4.614386425171782e8,0.0,0.0,2.8178519769715626e7,0.0,0.0,0.0,4.896171622868938e8
steelscrap_source_Region6Liaoning_steelscrap_source_Region9Shanghai,2.0889191702393144e8,0.0,0.0,4.058769947774987e7,0.0,0.0,0.0,2.4947961650168133e8
steelscrap_source_Region6Liaoning_steelscrap_source_Region10Jiangsu,2.394651944192134e8,0.0,0.0,4.090065520680172e7,0.0,0.0,0.0,2.803658496260151e8
steelscrap_source_Region6Liaoning_steelscrap_source_Region11Zhejiang,2.0558841770796397e8,0.0,0.0,4.055574186652437e7,0.0,0.0,0.0,2.4614415957448834e8
steelscrap_source_Region6Liaoning_steelscrap_source_Region12Anhui,2.307928423178103e8,0.0,0.0,4.0111795994835585e7,0.0,0.0,0.0,2.709046383126459e8
steelscrap_source_Region6Liaoning_steelscrap_source_Region13Fujian,1.437343366285634e8,0.0,0.0,3.800814974914651e7,0.0,0.0,0.0,1.8174248637770993e8
steelscrap_source_Region6Liaoning_steelscrap_source_Region14Jiangxi,1.8371531195045394e8,0.0,0.0,4.102975300226834e7,0.0,0.0,0.0,2.2474506495272228e8
steelscrap_source_Region6Liaoning_steelscrap_source_Region15Shandong,2.982301829215291e8,0.0,0.0,3.1512989328708373e7,0.0,0.0,0.0,3.2974317225023746e8
steelscrap_source_Region6Liaoning_steelscrap_source_Region16Henan,2.2074865493431363e8,0.0,0.0,3.3325688606583513e7,0.0,0.0,0.0,2.5407434354089713e8
steelscrap_source_Region6Liaoning_steelscrap_source_Region17Hubei,1.989664596152163e8,0.0,0.0,3.987951072220996e7,0.0,0.0,0.0,2.3884597033742628e8
steelscrap_source_Region6Liaoning_steelscrap_source_Region18Hunan,1.7532845918535978e8,0.0,0.0,4.173401756808827e7,0.0,0.0,0.0,2.1706247675344804e8
steelscrap_source_Region6Liaoning_steelscrap_source_Region19Guangdong,1.2659793670065418e8,0.0,0.0,3.937195831390344e7,0.0,0.0,0.0,1.6596989501455763e8
steelscrap_source_Region6Liaoning_steelscrap_source_Region20Guangxi,1.3037729112054186e8,0.0,0.0,4.3259185193795815e7,0.0,0.0,0.0,1.7363647631433767e8
steelscrap_source_Region6Liaoning_steelscrap_source_Region21Hainan,1.1752260732660477e8,0.0,0.0,4.28487426312801e7,0.0,0.0,0.0,1.6037134995788488e8
steelscrap_source_Region6Liaoning_steelscrap_source_Region22Chongqing,1.5609632613078356e8,0.0,0.0,4.334274655564776e7,0.0,0.0,0.0,1.9943907268643132e8
steelscrap_source_Region6Liaoning_steelscrap_source_Region23Sichuan,1.5653489407612225e8,0.0,0.0,4.36262749790153e7,0.0,0.0,0.0,2.0016116905513754e8
steelscrap_source_Region6Liaoning_steelscrap_source_Region24Guizhou,1.450777041489036e8,0.0,0.0,4.419066868375597e7,0.0,0.0,0.0,1.8926837283265957e8
steelscrap_source_Region6Liaoning_steelscrap_source_Region25Yunnan,1.170114765208661e8,0.0,0.0,4.244396291666884e7,0.0,0.0,0.0,1.5945543943753493e8
steelscrap_source_Region6Liaoning_steelscrap_source_Region27Shaanxi,1.7939392820230648e8,0.0,0.0,3.528678567739373e7,0.0,0.0,0.0,2.146807138797002e8
steelscrap_source_Region6Liaoning_steelscrap_source_Region28Gansu,1.812572048554423e8,0.0,0.0,4.307275378048179e7,0.0,0.0,0.0,2.2432995863592407e8
steelscrap_source_Region6Liaoning_steelscrap_source_Region29Qinghai,1.6917777402365556e8,0.0,0.0,4.400877828268696e7,0.0,0.0,0.0,2.1318655230634254e8
steelscrap_source_Region6Liaoning_steelscrap_source_Region30Ningxia,1.836638601033208e8,0.0,0.0,3.646952048784948e7,0.0,0.0,0.0,2.2013338059117028e8
steelscrap_source_Region6Liaoning_steelscrap_source_Region31Xinjiang,8.606021564595136e7,0.0,0.0,3.36409382960025e7,0.0,0.0,0.0,1.1970115394195387e8
steelscrap_source_Region7Jilin_steelscrap_source_Region1Beijing,3.464288998010633e8,0.0,0.0,3.7703011928349026e7,0.0,0.0,0.0,3.841319117294123e8
steelscrap_source_Region7Jilin_steelscrap_source_Region2Tianjin,3.3356810571448994e8,0.0,0.0,3.616990159630787e7,0.0,0.0,0.0,3.697380073107978e8
steelscrap_source_Region7Jilin_steelscrap_source_Region3Hebei,3.088141673210518e8,0.0,0.0,4.358397281457786e7,0.0,0.0,0.0,3.5239814013562965e8
steelscrap_source_Region7Jilin_steelscrap_source_Region4Shanxi,2.6284984240916038e8,0.0,0.0,4.3046042525206774e7,0.0,0.0,0.0,3.058958849343672e8
steelscrap_source_Region7Jilin_steelscrap_source_Region5Innermongolia,2.2423788962532595e8,0.0,0.0,3.5025958359475836e7,0.0,0.0,0.0,2.5926384798480177e8
steelscrap_source_Region7Jilin_steelscrap_source_Region6Liaoning,9.537164095555004e8,0.0,0.0,3.109115495150926e7,0.0,0.0,0.0,9.848075645070096e8
steelscrap_source_Region7Jilin_steelscrap_source_Region8Heilongjiang,9.236315757011981e8,0.0,0.0,2.6600589380194552e7,0.0,0.0,0.0,9.502321650813926e8
steelscrap_source_Region7Jilin_steelscrap_source_Region9Shanghai,1.9611437047342867e8,0.0,0.0,4.465524215679959e7,0.0,0.0,0.0,2.4076961263022825e8
steelscrap_source_Region7Jilin_steelscrap_source_Region10Jiangsu,2.2152876870591635e8,0.0,0.0,4.523617456974811e7,0.0,0.0,0.0,2.6676494327566445e8
steelscrap_source_Region7Jilin_steelscrap_source_Region11Zhejiang,1.932676556589959e8,0.0,0.0,4.4580405905341916e7,0.0,0.0,0.0,2.3784806156433782e8
steelscrap_source_Region7Jilin_steelscrap_source_Region12Anhui,2.1460433038390547e8,0.0,0.0,4.446601725554524e7,0.0,0.0,0.0,2.5907034763945073e8
steelscrap_source_Region7Jilin_steelscrap_source_Region13Fujian,1.3379944485363884e8,0.0,0.0,3.984993465890905e7,0.0,0.0,0.0,1.736493795125479e8
steelscrap_source_Region7Jilin_steelscrap_source_Region14Jiangxi,1.6884264314102843e8,0.0,0.0,4.334753458240676e7,0.0,0.0,0.0,2.121901777234352e8
steelscrap_source_Region7Jilin_steelscrap_source_Region15Shandong,2.5116009237574336e8,0.0,0.0,3.492799684638681e7,0.0,0.0,0.0,2.860880892221302e8
steelscrap_source_Region7Jilin_steelscrap_source_Region16Henan,1.947977995358102e8,0.0,0.0,3.591422097441882e7,0.0,0.0,0.0,2.3071202051022902e8
steelscrap_source_Region7Jilin_steelscrap_source_Region17Hubei,1.8115181207143566e8,0.0,0.0,4.235933205603737e7,0.0,0.0,0.0,2.2351114412747303e8
steelscrap_source_Region7Jilin_steelscrap_source_Region18Hunan,1.6189876780995136e8,0.0,0.0,4.3944722209214605e7,0.0,0.0,0.0,2.0584349001916596e8
steelscrap_source_Region7Jilin_steelscrap_source_Region19Guangdong,1.1894993993003662e8,0.0,0.0,4.096635931190451e7,0.0,0.0,0.0,1.5991629924194112e8
steelscrap_source_Region7Jilin_steelscrap_source_Region20Guangxi,1.2254169991974135e8,0.0,0.0,4.4752228810689524e7,0.0,0.0,0.0,1.6729392873043087e8
steelscrap_source_Region7Jilin_steelscrap_source_Region21Hainan,1.1114468283531773e8,0.0,0.0,4.423558376845617e7,0.0,0.0,0.0,1.553802666037739e8
steelscrap_source_Region7Jilin_steelscrap_source_Region22Chongqing,1.4517756993272418e8,0.0,0.0,4.515990275373949e7,0.0,0.0,0.0,1.9033747268646365e8
steelscrap_source_Region7Jilin_steelscrap_source_Region23Sichuan,1.4553265617642146e8,0.0,0.0,4.5420741992661096e7,0.0,0.0,0.0,1.9095339816908255e8
steelscrap_source_Region7Jilin_steelscrap_source_Region24Guizhou,1.354747599066283e8,0.0,0.0,4.578595302311012e7,0.0,0.0,0.0,1.8126071292973843e8
steelscrap_source_Region7Jilin_steelscrap_source_Region25Yunnan,1.106638730441982e8,0.0,0.0,4.383764890857523e7,0.0,0.0,0.0,1.5450152195277342e8
steelscrap_source_Region7Jilin_steelscrap_source_Region27Shaanxi,1.6347496898208278e8,0.0,0.0,3.7615590362777226e7,0.0,0.0,0.0,2.0109055934486002e8
steelscrap_source_Region7Jilin_steelscrap_source_Region28Gansu,1.7106160279617366e8,0.0,0.0,4.636339641118986e7,0.0,0.0,0.0,2.1742499920736352e8
steelscrap_source_Region7Jilin_steelscrap_source_Region29Qinghai,1.5960215941656306e8,0.0,0.0,4.684855386074187e7,0.0,0.0,0.0,2.0645071327730495e8
steelscrap_source_Region7Jilin_steelscrap_source_Region30Ningxia,1.699599999304401e8,0.0,0.0,3.851293598423771e7,0.0,0.0,0.0,2.084729359146778e8
steelscrap_source_Region7Jilin_steelscrap_source_Region31Xinjiang,8.499076785523072e7,0.0,0.0,3.4061466730781324e7,0.0,0.0,0.0,1.1905223458601204e8
steelscrap_source_Region8Heilongjiang_steelscrap_source_Region1Beijing,2.9752469582562184e8,0.0,0.0,4.086005822671889e7,0.0,0.0,0.0,3.3838475405234075e8
steelscrap_source_Region8Heilongjiang_steelscrap_source_Region2Tianjin,2.886263972045763e8,0.0,0.0,3.952257465721324e7,0.0,0.0,0.0,3.281489718617896e8
steelscrap_source_Region8Heilongjiang_steelscrap_source_Region3Hebei,2.7123085789105254e8,0.0,0.0,4.60097945269188e7,0.0,0.0,0.0,3.172406524179714e8
steelscrap_source_Region8Heilongjiang_steelscrap_source_Region4Shanxi,2.3667394358636972e8,0.0,0.0,4.550451022020599e7,0.0,0.0,0.0,2.821784538065757e8
steelscrap_source_Region8Heilongjiang_steelscrap_source_Region5Innermongolia,2.054894139908086e8,0.0,0.0,3.701549310687772e7,0.0,0.0,0.0,2.4250490709768632e8
steelscrap_source_Region8Heilongjiang_steelscrap_source_Region6Liaoning,5.392099630777227e8,0.0,0.0,3.294572874404897e7,0.0,0.0,0.0,5.721556918217716e8
steelscrap_source_Region8Heilongjiang_steelscrap_source_Region7Jilin,1.10303223280655e9,0.0,0.0,3.169379282264172e7,0.0,0.0,0.0,1.1347260256291916e9
steelscrap_source_Region8Heilongjiang_steelscrap_source_Region9Shanghai,1.8135867190430093e8,0.0,0.0,4.646409174188183e7,0.0,0.0,0.0,2.2782276364618278e8
steelscrap_source_Region8Heilongjiang_steelscrap_source_Region10Jiangsu,2.0278637497418115e8,0.0,0.0,4.718838945649211e7,0.0,0.0,0.0,2.4997476443067324e8
steelscrap_source_Region8Heilongjiang_steelscrap_source_Region11Zhejiang,1.7891917404072613e8,0.0,0.0,4.6369885938888095e7,0.0,0.0,0.0,2.2528905997961423e8
steelscrap_source_Region8Heilongjiang_steelscrap_source_Region12Anhui,1.9709713835747734e8,0.0,0.0,4.645579551085745e7,0.0,0.0,0.0,2.4355293386833477e8
steelscrap_source_Region8Heilongjiang_steelscrap_source_Region13Fujian,1.2678163633369592e8,0.0,0.0,4.137307399022954e7,0.0,0.0,0.0,1.6815471032392547e8
steelscrap_source_Region8Heilongjiang_steelscrap_source_Region14Jiangxi,1.583149994559677e8,0.0,0.0,4.515671501149029e7,0.0,0.0,0.0,2.0347171446745798e8
steelscrap_source_Region8Heilongjiang_steelscrap_source_Region15Shandong,2.2527837176067048e8,0.0,0.0,3.7749145828029394e7,0.0,0.0,0.0,2.6302751758869988e8
steelscrap_source_Region8Heilongjiang_steelscrap_source_Region16Henan,1.7895029721714896e8,0.0,0.0,3.809255326762377e7,0.0,0.0,0.0,2.1704285048477274e8
steelscrap_source_Region8Heilongjiang_steelscrap_source_Region17Hubei,1.69050326799326e8,0.0,0.0,4.434753573035651e7,0.0,0.0,0.0,2.1339786252968252e8
steelscrap_source_Region8Heilongjiang_steelscrap_source_Region18Hunan,1.520619396051313e8,0.0,0.0,4.5608444418899044e7,0.0,0.0,0.0,1.9767038402403033e8
steelscrap_source_Region8Heilongjiang_steelscrap_source_Region19Guangdong,1.1335156893263195e8,0.0,0.0,4.2268800054978505e7,0.0,0.0,0.0,1.5562036898761046e8
steelscrap_source_Region8Heilongjiang_steelscrap_source_Region20Guangxi,1.166794018613907e8,0.0,0.0,4.5936680512829825e7,0.0,0.0,0.0,1.6261608237422052e8
steelscrap_source_Region8Heilongjiang_steelscrap_source_Region21Hainan,1.0622697282448728e8,0.0,0.0,4.530580390964379e7,0.0,0.0,0.0,1.5153277673413107e8
steelscrap_source_Region8Heilongjiang_steelscrap_source_Region22Chongqing,1.370563002127081e8,0.0,0.0,4.653975100889508e7,0.0,0.0,0.0,1.8359605122160316e8
steelscrap_source_Region8Heilongjiang_steelscrap_source_Region23Sichuan,1.3734026978918198e8,0.0,0.0,4.6778095890194945e7,0.0,0.0,0.0,1.8411836567937693e8
steelscrap_source_Region8Heilongjiang_steelscrap_source_Region24Guizhou,1.2803610391890453e8,0.0,0.0,4.692096421614804e7,0.0,0.0,0.0,1.7495706813505256e8
steelscrap_source_Region8Heilongjiang_steelscrap_source_Region25Yunnan,1.0580884102150391e8,0.0,0.0,4.492996085909785e7,0.0,0.0,0.0,1.5073880188060176e8
steelscrap_source_Region8Heilongjiang_steelscrap_source_Region27Shaanxi,1.5280508964720428e8,0.0,0.0,3.951539618276704e7,0.0,0.0,0.0,1.923204858299713e8
steelscrap_source_Region8Heilongjiang_steelscrap_source_Region28Gansu,1.5915483297664243e8,0.0,0.0,4.767217763760362e7,0.0,0.0,0.0,2.0682701061424604e8
steelscrap_source_Region8Heilongjiang_steelscrap_source_Region29Qinghai,1.4903719379678288e8,0.0,0.0,4.799494430902377e7,0.0,0.0,0.0,1.9703213810580665e8
steelscrap_source_Region8Heilongjiang_steelscrap_source_Region30Ningxia,1.591146770649195e8,0.0,0.0,4.037800121650776e7,0.0,0.0,0.0,1.9949267828142726e8
steelscrap_source_Region8Heilongjiang_steelscrap_source_Region31Xinjiang,8.235594391732055e7,0.0,0.0,3.475969872937038e7,0.0,0.0,0.0,1.1711564264669093e8
steelscrap_source_Region9Shanghai_steelscrap_source_Region1Beijing,3.3913409561441606e8,0.0,0.0,4.581701631750768e7,0.0,0.0,0.0,3.8495111193192375e8
steelscrap_source_Region9Shanghai_steelscrap_source_Region2Tianjin,3.531479217982819e8,0.0,0.0,4.298987368024424e7,0.0,0.0,0.0,3.961377954785261e8
steelscrap_source_Region9Shanghai_steelscrap_source_Region3Hebei,3.5405877703472257e8,0.0,0.0,4.432815888474741e7,0.0,0.0,0.0,3.9838693591946995e8
steelscrap_source_Region9Shanghai_steelscrap_source_Region4Shanxi,2.953374552643117e8,0.0,0.0,4.3857612106750295e7,0.0,0.0,0.0,3.39195067371062e8
steelscrap_source_Region9Shanghai_steelscrap_source_Region5Innermongolia,1.9424373694450814e8,0.0,0.0,3.659552004034528e7,0.0,0.0,0.0,2.3083925698485342e8
steelscrap_source_Region9Shanghai_steelscrap_source_Region6Liaoning,2.137860627819631e8,0.0,0.0,4.033430384486353e7,0.0,0.0,0.0,2.5412036662682664e8
steelscrap_source_Region9Shanghai_steelscrap_source_Region7Jilin,1.9628427743901938e8,0.0,0.0,4.358819520995819e7,0.0,0.0,0.0,2.3987247264897758e8
steelscrap_source_Region9Shanghai_steelscrap_source_Region8Heilongjiang,1.7796295200612202e8,0.0,0.0,4.4603447871134676e7,0.0,0.0,0.0,2.225663998772567e8
steelscrap_source_Region9Shanghai_steelscrap_source_Region10Jiangsu,1.2004977438524833e9,0.0,0.0,4.0696873516599275e7,0.0,0.0,0.0,1.2411946173690825e9
steelscrap_source_Region9Shanghai_steelscrap_source_Region11Zhejiang,1.3671439484819262e9,0.0,0.0,2.7753022154183034e7,0.0,0.0,0.0,1.3948969706361094e9
steelscrap_source_Region9Shanghai_steelscrap_source_Region12Anhui,6.763889907110317e8,0.0,0.0,3.49918571194507e7,0.0,0.0,0.0,7.113808478304824e8
steelscrap_source_Region9Shanghai_steelscrap_source_Region13Fujian,3.5407308022761685e8,0.0,0.0,3.034406297550675e7,0.0,0.0,0.0,3.8441714320312357e8
steelscrap_source_Region9Shanghai_steelscrap_source_Region14Jiangxi,3.9172044778825456e8,0.0,0.0,3.0828399240935758e7,0.0,0.0,0.0,4.225488470291903e8
steelscrap_source_Region9Shanghai_steelscrap_source_Region15Shandong,3.344964232872761e8,0.0,0.0,3.0617572611562178e7,0.0,0.0,0.0,3.651139958988383e8
steelscrap_source_Region9Shanghai_steelscrap_source_Region16Henan,2.8657053473208475e8,0.0,0.0,3.1064245964958094e7,0.0,0.0,0.0,3.176347806970428e8
steelscrap_source_Region9Shanghai_steelscrap_source_Region17Hubei,3.6502277375058055e8,0.0,0.0,3.180565101946731e7,0.0,0.0,0.0,3.9682842477004784e8
steelscrap_source_Region9Shanghai_steelscrap_source_Region18Hunan,2.809462330653844e8,0.0,0.0,3.2898803891956575e7,0.0,0.0,0.0,3.1384503695734096e8
steelscrap_source_Region9Shanghai_steelscrap_source_Region19Guangdong,2.0273866881569415e8,0.0,0.0,3.239088132112061e7,0.0,0.0,0.0,2.3512955013681477e8
steelscrap_source_Region9Shanghai_steelscrap_source_Region20Guangxi,1.7965374303890702e8,0.0,0.0,3.74937361722199e7,0.0,0.0,0.0,2.1714747921112692e8
steelscrap_source_Region9Shanghai_steelscrap_source_Region21Hainan,1.6073009781797156e8,0.0,0.0,3.613748365940719e7,0.0,0.0,0.0,1.9686758147737876e8
steelscrap_source_Region9Shanghai_steelscrap_source_Region22Chongqing,2.046144626243409e8,0.0,0.0,3.751265148112909e7,0.0,0.0,0.0,2.4212711410546997e8
steelscrap_source_Region9Shanghai_steelscrap_source_Region23Sichuan,1.8583433907066151e8,0.0,0.0,4.002871663582039e7,0.0,0.0,0.0,2.258630557064819e8
steelscrap_source_Region9Shanghai_steelscrap_source_Region24Guizhou,1.9085949095830414e8,0.0,0.0,3.823551802198031e7,0.0,0.0,0.0,2.2909500898028445e8
steelscrap_source_Region9Shanghai_steelscrap_source_Region25Yunnan,1.4651254481581742e8,0.0,0.0,3.787349283488867e7,0.0,0.0,0.0,1.8438603765070608e8
steelscrap_source_Region9Shanghai_steelscrap_source_Region27Shaanxi,2.1050160657798406e8,0.0,0.0,3.2775100144192144e7,0.0,0.0,0.0,2.432767067221762e8
steelscrap_source_Region9Shanghai_steelscrap_source_Region28Gansu,2.0595909957863742e8,0.0,0.0,4.5743516016415276e7,0.0,0.0,0.0,2.517026155950527e8
steelscrap_source_Region9Shanghai_steelscrap_source_Region29Qinghai,1.880394357511098e8,0.0,0.0,4.643947264933254e7,0.0,0.0,0.0,2.3447890840044236e8
steelscrap_source_Region9Shanghai_steelscrap_source_Region30Ningxia,1.7477884636912444e8,0.0,0.0,3.7495888507722706e7,0.0,0.0,0.0,2.1227473487684715e8
steelscrap_source_Region9Shanghai_steelscrap_source_Region31Xinjiang,7.946626908915329e7,0.0,0.0,3.476649272650458e7,0.0,0.0,0.0,1.1423276181565787e8
steelscrap_source_Region10Jiangsu_steelscrap_source_Region1Beijing,3.576731521465108e8,0.0,0.0,4.0369376438936055e7,0.0,0.0,0.0,3.9804252858544683e8
steelscrap_source_Region10Jiangsu_steelscrap_source_Region2Tianjin,3.695781373148118e8,0.0,0.0,3.7290434055064626e7,0.0,0.0,0.0,4.0686857136987644e8
steelscrap_source_Region10Jiangsu_steelscrap_source_Region3Hebei,3.878564467300608e8,0.0,0.0,3.8708073383660115e7,0.0,0.0,0.0,4.2656452011372095e8
steelscrap_source_Region10Jiangsu_steelscrap_source_Region4Shanxi,3.157071960536632e8,0.0,0.0,3.886355583420609e7,0.0,0.0,0.0,3.545707518878693e8
steelscrap_source_Region10Jiangsu_steelscrap_source_Region5Innermongolia,2.041313788867148e8,0.0,0.0,3.322578410346088e7,0.0,0.0,0.0,2.3735716299017566e8
steelscrap_source_Region10Jiangsu_steelscrap_source_Region6Liaoning,2.174327934806176e8,0.0,0.0,3.714476888627209e7,0.0,0.0,0.0,2.5457756236688972e8
steelscrap_source_Region10Jiangsu_steelscrap_source_Region7Jilin,1.9980422657652432e8,0.0,0.0,4.080668320781197e7,0.0,0.0,0.0,2.4061090978433627e8
steelscrap_source_Region10Jiangsu_steelscrap_source_Region8Heilongjiang,1.81215731072014e8,0.0,0.0,4.218702219356482e7,0.0,0.0,0.0,2.234027532655788e8
steelscrap_source_Region10Jiangsu_steelscrap_source_Region9Shanghai,7.196147102722864e8,0.0,0.0,2.4131079951130766e7,0.0,0.0,0.0,7.437457902234172e8
steelscrap_source_Region10Jiangsu_steelscrap_source_Region11Zhejiang,7.452361633730794e8,0.0,0.0,2.3002956242782384e7,0.0,0.0,0.0,7.682391196158618e8
steelscrap_source_Region10Jiangsu_steelscrap_source_Region12Anhui,1.3041883058231409e9,0.0,0.0,2.369275422245381e7,0.0,0.0,0.0,1.3278810600455947e9
steelscrap_source_Region10Jiangsu_steelscrap_source_Region13Fujian,2.9487578868566424e8,0.0,0.0,2.7964053960357174e7,0.0,0.0,0.0,3.228398426460214e8
steelscrap_source_Region10Jiangsu_steelscrap_source_Region14Jiangxi,4.1003972332741034e8,0.0,0.0,2.7062621739609193e7,0.0,0.0,0.0,4.371023450670195e8
steelscrap_source_Region10Jiangsu_steelscrap_source_Region15Shandong,3.7800456976397043e8,0.0,0.0,2.644771973115246e7,0.0,0.0,0.0,4.044522894951229e8
steelscrap_source_Region10Jiangsu_steelscrap_source_Region16Henan,3.549733508907551e8,0.0,0.0,2.7037136892845932e7,0.0,0.0,0.0,3.8201048778360105e8
steelscrap_source_Region10Jiangsu_steelscrap_source_Region17Hubei,4.5646999581423545e8,0.0,0.0,2.7236043083582755e7,0.0,0.0,0.0,4.837060388978182e8
steelscrap_source_Region10Jiangsu_steelscrap_source_Region18Hunan,2.999919161408975e8,0.0,0.0,2.8779224488450017e7,0.0,0.0,0.0,3.287711406293475e8
steelscrap_source_Region10Jiangsu_steelscrap_source_Region19Guangdong,1.9912960715695673e8,0.0,0.0,3.0413728666439105e7,0.0,0.0,0.0,2.2954333582339585e8
steelscrap_source_Region10Jiangsu_steelscrap_source_Region20Guangxi,1.8159211894597334e8,0.0,0.0,3.501701360341533e7,0.0,0.0,0.0,2.1660913254938868e8
steelscrap_source_Region10Jiangsu_steelscrap_source_Region21Hainan,1.580068571891453e8,0.0,0.0,3.441389349579593e7,0.0,0.0,0.0,1.9242075068494123e8
steelscrap_source_Region10Jiangsu_steelscrap_source_Region22Chongqing,2.1636771621520096e8,0.0,0.0,3.346487344128452e7,0.0,0.0,0.0,2.4983258965648547e8
steelscrap_source_Region10Jiangsu_steelscrap_source_Region23Sichuan,1.9503570783994713e8,0.0,0.0,3.642616903424097e7,0.0,0.0,0.0,2.314618768741881e8
steelscrap_source_Region10Jiangsu_steelscrap_source_Region24Guizhou,1.9761910711448154e8,0.0,0.0,3.48073120664308e7,0.0,0.0,0.0,2.3242641918091235e8
steelscrap_source_Region10Jiangsu_steelscrap_source_Region25Yunnan,1.5077615718819532e8,0.0,0.0,3.532182775728784e7,0.0,0.0,0.0,1.8609798494548315e8
steelscrap_source_Region10Jiangsu_steelscrap_source_Region27Shaanxi,2.383762969804109e8,0.0,0.0,2.9034232972213957e7,0.0,0.0,0.0,2.6741052995262486e8
steelscrap_source_Region10Jiangsu_steelscrap_source_Region28Gansu,2.207657047038231e8,0.0,0.0,4.2166249598430224e7,0.0,0.0,0.0,2.629319543022533e8
steelscrap_source_Region10Jiangsu_steelscrap_source_Region29Qinghai,2.0122580795940262e8,0.0,0.0,4.343794441150308e7,0.0,0.0,0.0,2.446637523709057e8
steelscrap_source_Region10Jiangsu_steelscrap_source_Region30Ningxia,1.86077062974811e8,0.0,0.0,3.39280511490739e7,0.0,0.0,0.0,2.200051141238849e8
steelscrap_source_Region10Jiangsu_steelscrap_source_Region31Xinjiang,8.203394446591382e7,0.0,0.0,3.334132949576302e7,0.0,0.0,0.0,1.1537527396167684e8
steelscrap_source_Region11Zhejiang_steelscrap_source_Region1Beijing,3.3179701150257045e8,0.0,0.0,4.670595931917847e7,0.0,0.0,0.0,3.785029708217489e8
steelscrap_source_Region11Zhejiang_steelscrap_source_Region2Tianjin,3.4543045384924155e8,0.0,0.0,4.400783982039342e7,0.0,0.0,0.0,3.89438293669635e8
steelscrap_source_Region11Zhejiang_steelscrap_source_Region3Hebei,3.4667104308989817e8,0.0,0.0,4.51250141088684e7,0.0,0.0,0.0,3.917960571987666e8
steelscrap_source_Region11Zhejiang_steelscrap_source_Region4Shanxi,2.907134949794748e8,0.0,0.0,4.4605140579683885e7,0.0,0.0,0.0,3.353186355591587e8
steelscrap_source_Region11Zhejiang_steelscrap_source_Region5Innermongolia,1.921670664553607e8,0.0,0.0,3.710746053253021e7,0.0,0.0,0.0,2.2927452698789093e8
steelscrap_source_Region11Zhejiang_steelscrap_source_Region6Liaoning,2.087733809738163e8,0.0,0.0,4.119098806613384e7,0.0,0.0,0.0,2.4996436903995013e8
steelscrap_source_Region11Zhejiang_steelscrap_source_Region7Jilin,1.9197646150547838e8,0.0,0.0,4.4288969669314146e7,0.0,0.0,0.0,2.3626543117479253e8
steelscrap_source_Region11Zhejiang_steelscrap_source_Region8Heilongjiang,1.7433591803833798e8,0.0,0.0,4.519949235007306e7,0.0,0.0,0.0,2.1953541038841105e8
steelscrap_source_Region11Zhejiang_steelscrap_source_Region9Shanghai,1.564116614541784e9,0.0,0.0,3.0917371747442544e7,0.0,0.0,0.0,1.5950339862892265e9
steelscrap_source_Region11Zhejiang_steelscrap_source_Region10Jiangsu,1.430624124312932e9,0.0,0.0,4.411091049964855e7,0.0,0.0,0.0,1.4747350348125806e9
steelscrap_source_Region11Zhejiang_steelscrap_source_Region12Anhui,7.937286095585339e8,0.0,0.0,3.553258408790354e7,0.0,0.0,0.0,8.292611936464374e8
steelscrap_source_Region11Zhejiang_steelscrap_source_Region13Fujian,4.514034991289858e8,0.0,0.0,3.043964262459786e7,0.0,0.0,0.0,4.8184314175358367e8
steelscrap_source_Region11Zhejiang_steelscrap_source_Region14Jiangxi,5.27432195384421e8,0.0,0.0,3.1013013088604093e7,0.0,0.0,0.0,5.584452084730251e8
steelscrap_source_Region11Zhejiang_steelscrap_source_Region15Shandong,3.255090016292395e8,0.0,0.0,3.1227163556298565e7,0.0,0.0,0.0,3.5673616518553805e8
steelscrap_source_Region11Zhejiang_steelscrap_source_Region16Henan,2.938414930645174e8,0.0,0.0,3.129411901137108e7,0.0,0.0,0.0,3.2513561207588845e8
steelscrap_source_Region11Zhejiang_steelscrap_source_Region17Hubei,4.115916913271559e8,0.0,0.0,3.1898356077854615e7,0.0,0.0,0.0,4.434900474050105e8
steelscrap_source_Region11Zhejiang_steelscrap_source_Region18Hunan,3.2684357838841426e8,0.0,0.0,3.1769195819353875e7,0.0,0.0,0.0,3.5861277420776814e8
steelscrap_source_Region11Zhejiang_steelscrap_source_Region19Guangdong,2.287461813401659e8,0.0,0.0,3.199396589677794e7,0.0,0.0,0.0,2.6074014723694384e8
steelscrap_source_Region11Zhejiang_steelscrap_source_Region20Guangxi,1.939795376617925e8,0.0,0.0,3.661687072595779e7,0.0,0.0,0.0,2.3059640838775027e8
steelscrap_source_Region11Zhejiang_steelscrap_source_Region21Hainan,1.7133322327720404e8,0.0,0.0,3.5111888556941584e7,0.0,0.0,0.0,2.064451118341456e8
steelscrap_source_Region11Zhejiang_steelscrap_source_Region22Chongqing,2.1315751834645945e8,0.0,0.0,3.702546093678005e7,0.0,0.0,0.0,2.5018297928323948e8
steelscrap_source_Region11Zhejiang_steelscrap_source_Region23Sichuan,1.9252022616631055e8,0.0,0.0,3.961424520415447e7,0.0,0.0,0.0,2.32134471370465e8
steelscrap_source_Region11Zhejiang_steelscrap_source_Region24Guizhou,2.025081278756461e8,0.0,0.0,3.726149552911893e7,0.0,0.0,0.0,2.3976962340476504e8
steelscrap_source_Region11Zhejiang_steelscrap_source_Region25Yunnan,1.5360979077240428e8,0.0,0.0,3.7199170998717405e7,0.0,0.0,0.0,1.9080896177112168e8
steelscrap_source_Region11Zhejiang_steelscrap_source_Region27Shaanxi,2.2061055734205493e8,0.0,0.0,3.2628301430889785e7,0.0,0.0,0.0,2.5323885877294472e8
steelscrap_source_Region11Zhejiang_steelscrap_source_Region28Gansu,2.1077618296217343e8,0.0,0.0,4.575950932108814e7,0.0,0.0,0.0,2.5653569228326157e8
steelscrap_source_Region11Zhejiang_steelscrap_source_Region29Qinghai,1.9210304428522316e8,0.0,0.0,4.648253328221451e7,0.0,0.0,0.0,2.3858557756743765e8
steelscrap_source_Region11Zhejiang_steelscrap_source_Region30Ningxia,1.7677009316104004e8,0.0,0.0,3.759310647891473e7,0.0,0.0,0.0,2.1436319963995478e8
steelscrap_source_Region11Zhejiang_steelscrap_source_Region31Xinjiang,8.03357202638039e7,0.0,0.0,3.474519901409522e7,0.0,0.0,0.0,1.1508091927789912e8
steelscrap_source_Region12Anhui_steelscrap_source_Region1Beijing,3.671061669352959e8,0.0,0.0,4.2045892986322574e7,0.0,0.0,0.0,4.0915205992161846e8
steelscrap_source_Region12Anhui_steelscrap_source_Region2Tianjin,3.732356952774057e8,0.0,0.0,3.9401248231451295e7,0.0,0.0,0.0,4.1263694350885695e8
steelscrap_source_Region12Anhui_steelscrap_source_Region3Hebei,4.158972213972516e8,0.0,0.0,4.025885103125398e7,0.0,0.0,0.0,4.561560724285056e8
steelscrap_source_Region12Anhui_steelscrap_source_Region4Shanxi,3.518798362548171e8,0.0,0.0,3.897655652915863e7,0.0,0.0,0.0,3.908563927839758e8
steelscrap_source_Region12Anhui_steelscrap_source_Region5Innermongolia,2.1451941073692843e8,0.0,0.0,3.365094489759955e7,0.0,0.0,0.0,2.4817035563452798e8
steelscrap_source_Region12Anhui_steelscrap_source_Region6Liaoning,2.200511737144027e8,0.0,0.0,3.824489399156313e7,0.0,0.0,0.0,2.5829606770596582e8
steelscrap_source_Region12Anhui_steelscrap_source_Region7Jilin,2.017241774476267e8,0.0,0.0,4.179724956714811e7,0.0,0.0,0.0,2.4352142701477483e8
steelscrap_source_Region12Anhui_steelscrap_source_Region8Heilongjiang,1.8265324939972046e8,0.0,0.0,4.3063547766807556e7,0.0,0.0,0.0,2.2571679716652802e8
steelscrap_source_Region12Anhui_steelscrap_source_Region9Shanghai,5.713308750758255e8,0.0,0.0,2.9328318253892235e7,0.0,0.0,0.0,6.006591933297176e8
steelscrap_source_Region12Anhui_steelscrap_source_Region10Jiangsu,2.0612086714224029e9,0.0,0.0,3.751399781988762e7,0.0,0.0,0.0,2.0987226692422905e9
steelscrap_source_Region12Anhui_steelscrap_source_Region11Zhejiang,6.136760887862012e8,0.0,0.0,2.7717703343510073e7,0.0,0.0,0.0,6.413937921297113e8
steelscrap_source_Region12Anhui_steelscrap_source_Region13Fujian,2.9600971101610637e8,0.0,0.0,2.9265493429125685e7,0.0,0.0,0.0,3.2527520444523203e8
steelscrap_source_Region12Anhui_steelscrap_source_Region14Jiangxi,5.557628387894499e8,0.0,0.0,2.7621413087835804e7,0.0,0.0,0.0,5.833842518772857e8
steelscrap_source_Region12Anhui_steelscrap_source_Region15Shandong,3.9004426102560353e8,0.0,0.0,2.795317204016835e7,0.0,0.0,0.0,4.179974330657719e8
steelscrap_source_Region12Anhui_steelscrap_source_Region16Henan,4.4549483566020715e8,0.0,0.0,2.7650379466643512e7,0.0,0.0,0.0,4.7314521512685066e8
steelscrap_source_Region12Anhui_steelscrap_source_Region17Hubei,6.6371759923996e8,0.0,0.0,2.785401524810362e7,0.0,0.0,0.0,6.915716144880636e8
steelscrap_source_Region12Anhui_steelscrap_source_Region18Hunan,3.6218676612016565e8,0.0,0.0,2.8842139475369085e7,0.0,0.0,0.0,3.9102890559553474e8
steelscrap_source_Region12Anhui_steelscrap_source_Region19Guangdong,2.243527092629078e8,0.0,0.0,3.0609187967102632e7,0.0,0.0,0.0,2.5496189723001045e8
steelscrap_source_Region12Anhui_steelscrap_source_Region20Guangxi,1.9696918619166902e8,0.0,0.0,3.4765061362829514e7,0.0,0.0,0.0,2.3173424755449852e8
steelscrap_source_Region12Anhui_steelscrap_source_Region21Hainan,1.6860827756998268e8,0.0,0.0,3.397456793035152e7,0.0,0.0,0.0,2.025828455003342e8
steelscrap_source_Region12Anhui_steelscrap_source_Region22Chongqing,2.388155992432239e8,0.0,0.0,3.2709776576346777e7,0.0,0.0,0.0,2.7152537581957066e8
steelscrap_source_Region12Anhui_steelscrap_source_Region23Sichuan,2.118381601045278e8,0.0,0.0,3.580771032966851e7,0.0,0.0,0.0,2.476458704341963e8
steelscrap_source_Region12Anhui_steelscrap_source_Region24Guizhou,2.1482752425728413e8,0.0,0.0,3.41002890171063e7,0.0,0.0,0.0,2.4892781327439043e8
steelscrap_source_Region12Anhui_steelscrap_source_Region25Yunnan,1.6091440293312162e8,0.0,0.0,3.4902333996194e7,0.0,0.0,0.0,1.9581673692931563e8
steelscrap_source_Region12Anhui_steelscrap_source_Region27Shaanxi,2.800090277978646e8,0.0,0.0,2.8943599840039313e7,0.0,0.0,0.0,3.089526276379039e8
steelscrap_source_Region12Anhui_steelscrap_source_Region28Gansu,2.4120785879249704e8,0.0,0.0,4.162443616562537e7,0.0,0.0,0.0,2.8283229495812243e8
steelscrap_source_Region12Anhui_steelscrap_source_Region29Qinghai,2.184307227414597e8,0.0,0.0,4.3125505693255655e7,0.0,0.0,0.0,2.6155622843471536e8
steelscrap_source_Region12Anhui_steelscrap_source_Region30Ningxia,1.9943171793147442e8,0.0,0.0,3.3783733017591655e7,0.0,0.0,0.0,2.3321545094906607e8
steelscrap_source_Region12Anhui_steelscrap_source_Region31Xinjiang,8.564865106367828e7,0.0,0.0,3.3228821657671675e7,0.0,0.0,0.0,1.1887747272134995e8
steelscrap_source_Region13Fujian_steelscrap_source_Region1Beijing,1.7195769952167585e8,0.0,0.0,3.598501458656939e7,0.0,0.0,0.0,2.0794271410824525e8
steelscrap_source_Region13Fujian_steelscrap_source_Region2Tianjin,1.7723267195671913e8,0.0,0.0,3.448947796277764e7,0.0,0.0,0.0,2.1172214991949677e8
steelscrap_source_Region13Fujian_steelscrap_source_Region3Hebei,1.969262778985381e8,0.0,0.0,3.68449065948165e7,0.0,0.0,0.0,2.3377118449335462e8
steelscrap_source_Region13Fujian_steelscrap_source_Region4Shanxi,1.8009839574286142e8,0.0,0.0,3.6211784104031235e7,0.0,0.0,0.0,2.1631017984689265e8
steelscrap_source_Region13Fujian_steelscrap_source_Region5Innermongolia,1.5173525159338844e8,0.0,0.0,3.749883851044627e7,0.0,0.0,0.0,1.8923409010383472e8
steelscrap_source_Region13Fujian_steelscrap_source_Region6Liaoning,1.429629772710119e8,0.0,0.0,3.781847292075822e7,0.0,0.0,0.0,1.807814501917701e8
steelscrap_source_Region13Fujian_steelscrap_source_Region7Jilin,1.3117762127177079e8,0.0,0.0,3.908218596423642e7,0.0,0.0,0.0,1.702598072360072e8
steelscrap_source_Region13Fujian_steelscrap_source_Region8Heilongjiang,1.2257304675153995e8,0.0,0.0,4.0020099764378116e7,0.0,0.0,0.0,1.6259314651591808e8
steelscrap_source_Region13Fujian_steelscrap_source_Region9Shanghai,3.4745181063571644e8,0.0,0.0,2.9591312539141886e7,0.0,0.0,0.0,3.7704312317485833e8
steelscrap_source_Region13Fujian_steelscrap_source_Region10Jiangsu,3.45478030218894e8,0.0,0.0,3.278586506777313e7,0.0,0.0,0.0,3.782638952866671e8
steelscrap_source_Region13Fujian_steelscrap_source_Region11Zhejiang,4.2296345657840836e8,0.0,0.0,2.8564132100928675e7,0.0,0.0,0.0,4.51527588679337e8
steelscrap_source_Region13Fujian_steelscrap_source_Region12Anhui,3.160765482868819e8,0.0,0.0,3.1386401244887326e7,0.0,0.0,0.0,3.474629495317693e8
steelscrap_source_Region13Fujian_steelscrap_source_Region14Jiangxi,4.655627382655157e8,0.0,0.0,2.9113189899536997e7,0.0,0.0,0.0,4.9467592816505265e8
steelscrap_source_Region13Fujian_steelscrap_source_Region15Shandong,1.9387329566873002e8,0.0,0.0,3.2254053956087645e7,0.0,0.0,0.0,2.2612734962481767e8
steelscrap_source_Region13Fujian_steelscrap_source_Region16Henan,2.0960578295822838e8,0.0,0.0,3.1936934463401996e7,0.0,0.0,0.0,2.4154271742163038e8
steelscrap_source_Region13Fujian_steelscrap_source_Region17Hubei,3.077888518130994e8,0.0,0.0,3.0686548525766026e7,0.0,0.0,0.0,3.384754003388654e8
steelscrap_source_Region13Fujian_steelscrap_source_Region18Hunan,3.090033393796315e8,0.0,0.0,2.977762180488375e7,0.0,0.0,0.0,3.3878096118451524e8
steelscrap_source_Region13Fujian_steelscrap_source_Region19Guangdong,3.073035157077193e8,0.0,0.0,3.016696179197459e7,0.0,0.0,0.0,3.3747047749969393e8
steelscrap_source_Region13Fujian_steelscrap_source_Region20Guangxi,2.0904873765208936e8,0.0,0.0,3.369865650951691e7,0.0,0.0,0.0,2.4274739416160625e8
steelscrap_source_Region13Fujian_steelscrap_source_Region21Hainan,1.927054885768948e8,0.0,0.0,3.0987042563164476e7,0.0,0.0,0.0,2.2369253114005926e8
steelscrap_source_Region13Fujian_steelscrap_source_Region22Chongqing,1.803456900525237e8,0.0,0.0,3.2744765790536653e7,0.0,0.0,0.0,2.1309045584306034e8
steelscrap_source_Region13Fujian_steelscrap_source_Region23Sichuan,1.59091096305567e8,0.0,0.0,3.517504139316085e7,0.0,0.0,0.0,1.9426613769872785e8
steelscrap_source_Region13Fujian_steelscrap_source_Region24Guizhou,1.8579416509827706e8,0.0,0.0,3.1615973760890342e7,0.0,0.0,0.0,2.174101388591674e8
steelscrap_source_Region13Fujian_steelscrap_source_Region25Yunnan,1.545332103306135e8,0.0,0.0,3.550658062696386e7,0.0,0.0,0.0,1.9003979095757735e8
steelscrap_source_Region13Fujian_steelscrap_source_Region27Shaanxi,1.830788933540018e8,0.0,0.0,3.311897180773898e7,0.0,0.0,0.0,2.1619786516174078e8
steelscrap_source_Region13Fujian_steelscrap_source_Region28Gansu,1.4735862627546597e8,0.0,0.0,3.685439243149397e7,0.0,0.0,0.0,1.8421301870695993e8
steelscrap_source_Region13Fujian_steelscrap_source_Region29Qinghai,1.376824789947718e8,0.0,0.0,3.785809230759563e7,0.0,0.0,0.0,1.7554057130236745e8
steelscrap_source_Region13Fujian_steelscrap_source_Region30Ningxia,1.4828878731303182e8,0.0,0.0,3.711174050487478e7,0.0,0.0,0.0,1.8540052781790662e8
steelscrap_source_Region13Fujian_steelscrap_source_Region31Xinjiang,7.588365577285196e7,0.0,0.0,3.5323841762262575e7,0.0,0.0,0.0,1.1120749753511453e8
steelscrap_source_Region14Jiangxi_steelscrap_source_Region1Beijing,2.3808737465047294e8,0.0,0.0,3.789557379853371e7,0.0,0.0,0.0,2.759829484490067e8
steelscrap_source_Region14Jiangxi_steelscrap_source_Region2Tianjin,2.4027795479514155e8,0.0,0.0,3.626595264374677e7,0.0,0.0,0.0,2.765439074388883e8
steelscrap_source_Region14Jiangxi_steelscrap_source_Region3Hebei,2.93756205619645e8,0.0,0.0,3.892269724460277e7,0.0,0.0,0.0,3.326789028642478e8
steelscrap_source_Region14Jiangxi_steelscrap_source_Region4Shanxi,2.6446275393982983e8,0.0,0.0,3.759778818511254e7,0.0,0.0,0.0,3.0206054212494236e8
steelscrap_source_Region14Jiangxi_steelscrap_source_Region5Innermongolia,1.9364861612016273e8,0.0,0.0,3.645757946155578e7,0.0,0.0,0.0,2.301061955817185e8
steelscrap_source_Region14Jiangxi_steelscrap_source_Region6Liaoning,1.8364298910927573e8,0.0,0.0,4.086668650978407e7,0.0,0.0,0.0,2.245096756190598e8
steelscrap_source_Region14Jiangxi_steelscrap_source_Region7Jilin,1.658898583360468e8,0.0,0.0,4.245674441013895e7,0.0,0.0,0.0,2.0834660274618572e8
steelscrap_source_Region14Jiangxi_steelscrap_source_Region8Heilongjiang,1.530730522000386e8,0.0,0.0,4.3549283350910746e7,0.0,0.0,0.0,1.9662233555094936e8
steelscrap_source_Region14Jiangxi_steelscrap_source_Region9Shanghai,3.8453313682213765e8,0.0,0.0,3.027557563912975e7,0.0,0.0,0.0,4.148087124612674e8
steelscrap_source_Region14Jiangxi_steelscrap_source_Region10Jiangsu,5.2995748427181125e8,0.0,0.0,3.442957122819205e7,0.0,0.0,0.0,5.643870555000033e8
steelscrap_source_Region14Jiangxi_steelscrap_source_Region11Zhejiang,4.907953117985233e8,0.0,0.0,2.9202321052012052e7,0.0,0.0,0.0,5.1999763285053533e8
steelscrap_source_Region14Jiangxi_steelscrap_source_Region12Anhui,6.541059977561814e8,0.0,0.0,3.216021155634549e7,0.0,0.0,0.0,6.862662093125268e8
steelscrap_source_Region14Jiangxi_steelscrap_source_Region13Fujian,4.69645385983229e8,0.0,0.0,2.9415456008749522e7,0.0,0.0,0.0,4.990608419919785e8
steelscrap_source_Region14Jiangxi_steelscrap_source_Region15Shandong,2.7120527502262443e8,0.0,0.0,3.265311511272386e7,0.0,0.0,0.0,3.038583901353483e8
steelscrap_source_Region14Jiangxi_steelscrap_source_Region16Henan,3.2338878767591864e8,0.0,0.0,3.0258410900210295e7,0.0,0.0,0.0,3.5364719857612896e8
steelscrap_source_Region14Jiangxi_steelscrap_source_Region17Hubei,8.023649446786184e8,0.0,0.0,3.0275903912539896e7,0.0,0.0,0.0,8.326408485911583e8
steelscrap_source_Region14Jiangxi_steelscrap_source_Region18Hunan,7.41122703005891e8,0.0,0.0,2.8261479074624553e7,0.0,0.0,0.0,7.693841820805155e8
steelscrap_source_Region14Jiangxi_steelscrap_source_Region19Guangdong,3.425809687353998e8,0.0,0.0,3.001009286122094e7,0.0,0.0,0.0,3.7259106159662074e8
steelscrap_source_Region14Jiangxi_steelscrap_source_Region20Guangxi,2.5603243641674447e8,0.0,0.0,3.3292751148723938e7,0.0,0.0,0.0,2.8932518756546843e8
steelscrap_source_Region14Jiangxi_steelscrap_source_Region21Hainan,2.054354226682456e8,0.0,0.0,3.1363141194018826e7,0.0,0.0,0.0,2.3679856386226445e8
steelscrap_source_Region14Jiangxi_steelscrap_source_Region22Chongqing,2.6271047944260216e8,0.0,0.0,3.2330903003402866e7,0.0,0.0,0.0,2.9504138244600505e8
steelscrap_source_Region14Jiangxi_steelscrap_source_Region23Sichuan,2.240720544054452e8,0.0,0.0,3.591128125271274e7,0.0,0.0,0.0,2.5998333565815794e8
steelscrap_source_Region14Jiangxi_steelscrap_source_Region24Guizhou,2.560454790175665e8,0.0,0.0,3.1766709096779358e7,0.0,0.0,0.0,2.8781218811434585e8
steelscrap_source_Region14Jiangxi_steelscrap_source_Region25Yunnan,1.823467064282239e8,0.0,0.0,3.357002865343609e7,0.0,0.0,0.0,2.1591673508166e8
steelscrap_source_Region14Jiangxi_steelscrap_source_Region27Shaanxi,2.5813666574102986e8,0.0,0.0,3.0701054112133082e7,0.0,0.0,0.0,2.8883771985316294e8
steelscrap_source_Region14Jiangxi_steelscrap_source_Region28Gansu,2.0342905579788762e8,0.0,0.0,3.827178636410919e7,0.0,0.0,0.0,2.417008421619968e8
steelscrap_source_Region14Jiangxi_steelscrap_source_Region29Qinghai,1.8633544894473276e8,0.0,0.0,3.968945062522812e7,0.0,0.0,0.0,2.260248995699609e8
steelscrap_source_Region14Jiangxi_steelscrap_source_Region30Ningxia,1.899753229406156e8,0.0,0.0,3.577235330971808e7,0.0,0.0,0.0,2.2574767625033367e8
steelscrap_source_Region14Jiangxi_steelscrap_source_Region31Xinjiang,8.403210919949344e7,0.0,0.0,3.39097571323024e7,0.0,0.0,0.0,1.1794186633179584e8
steelscrap_source_Region15Shandong_steelscrap_source_Region1Beijing,8.003580440408899e8,0.0,0.0,3.6282897996520415e7,0.0,0.0,0.0,8.366409420374103e8
steelscrap_source_Region15Shandong_steelscrap_source_Region2Tianjin,9.370453000055351e8,0.0,0.0,3.2734115813526705e7,0.0,0.0,0.0,9.697794158190619e8
steelscrap_source_Region15Shandong_steelscrap_source_Region3Hebei,1.762281521431379e9,0.0,0.0,6.073996977200155e7,0.0,0.0,0.0,1.8230214912033806e9
steelscrap_source_Region15Shandong_steelscrap_source_Region4Shanxi,6.522359798329837e8,0.0,0.0,3.7677498435018525e7,0.0,0.0,0.0,6.899134782680023e8
steelscrap_source_Region15Shandong_steelscrap_source_Region5Innermongolia,3.335413374516867e8,0.0,0.0,3.262034280277493e7,0.0,0.0,0.0,3.661616802544616e8
steelscrap_source_Region15Shandong_steelscrap_source_Region6Liaoning,3.109207530009057e8,0.0,0.0,3.282286749179564e7,0.0,0.0,0.0,3.4374362049270135e8
steelscrap_source_Region15Shandong_steelscrap_source_Region7Jilin,2.509834605285774e8,0.0,0.0,3.4878334898121364e7,0.0,0.0,0.0,2.8586179542669874e8
steelscrap_source_Region15Shandong_steelscrap_source_Region8Heilongjiang,2.1845648907365522e8,0.0,0.0,3.6598743802806295e7,0.0,0.0,0.0,2.550552328764615e8
steelscrap_source_Region15Shandong_steelscrap_source_Region9Shanghai,3.433524463516953e8,0.0,0.0,3.1943222592252683e7,0.0,0.0,0.0,3.75295668943948e8
steelscrap_source_Region15Shandong_steelscrap_source_Region10Jiangsu,5.130979384799099e8,0.0,0.0,3.5780029576665826e7,0.0,0.0,0.0,5.488779680565758e8
steelscrap_source_Region15Shandong_steelscrap_source_Region11Zhejiang,3.3047820703423864e8,0.0,0.0,3.1714891935052536e7,0.0,0.0,0.0,3.6219309896929115e8
steelscrap_source_Region15Shandong_steelscrap_source_Region12Anhui,4.6723077673696715e8,0.0,0.0,3.342257489591781e7,0.0,0.0,0.0,5.00653351632885e8
steelscrap_source_Region15Shandong_steelscrap_source_Region13Fujian,2.0168146132758507e8,0.0,0.0,3.347912258037912e7,0.0,0.0,0.0,2.351605839079642e8
steelscrap_source_Region15Shandong_steelscrap_source_Region14Jiangxi,2.8137364163392746e8,0.0,0.0,3.406496888048092e7,0.0,0.0,0.0,3.154386105144084e8
steelscrap_source_Region15Shandong_steelscrap_source_Region16Henan,5.948207718239082e8,0.0,0.0,3.0316032003958564e7,0.0,0.0,0.0,6.251368038278668e8
steelscrap_source_Region15Shandong_steelscrap_source_Region17Hubei,3.4622739049990773e8,0.0,0.0,3.2868520271457933e7,0.0,0.0,0.0,3.7909591077136564e8
steelscrap_source_Region15Shandong_steelscrap_source_Region18Hunan,2.6210063447134236e8,0.0,0.0,3.472833406745284e7,0.0,0.0,0.0,2.968289685387952e8
steelscrap_source_Region15Shandong_steelscrap_source_Region19Guangdong,1.6961098239459404e8,0.0,0.0,3.484940318267617e7,0.0,0.0,0.0,2.044603855772702e8
steelscrap_source_Region15Shandong_steelscrap_source_Region20Guangxi,1.695536614341562e8,0.0,0.0,3.899169034114157e7,0.0,0.0,0.0,2.0854535177529776e8
steelscrap_source_Region15Shandong_steelscrap_source_Region21Hainan,1.4733212845638338e8,0.0,0.0,3.844877445616761e7,0.0,0.0,0.0,1.85780902912551e8
steelscrap_source_Region15Shandong_steelscrap_source_Region22Chongqing,2.1342162725613293e8,0.0,0.0,3.7234959901953384e7,0.0,0.0,0.0,2.506565871580863e8
steelscrap_source_Region15Shandong_steelscrap_source_Region23Sichuan,2.0792322830366117e8,0.0,0.0,3.825787400787363e7,0.0,0.0,0.0,2.461811023115348e8
steelscrap_source_Region15Shandong_steelscrap_source_Region24Guizhou,1.9193212627531078e8,0.0,0.0,3.864873249430513e7,0.0,0.0,0.0,2.3058085876961592e8
steelscrap_source_Region15Shandong_steelscrap_source_Region25Yunnan,1.4731711906245825e8,0.0,0.0,3.8233702967343174e7,0.0,0.0,0.0,1.8555082202980143e8
steelscrap_source_Region15Shandong_steelscrap_source_Region27Shaanxi,3.003833750948271e8,0.0,0.0,3.0719206493031044e7,0.0,0.0,0.0,3.3110258158785814e8
steelscrap_source_Region15Shandong_steelscrap_source_Region28Gansu,2.3031642837189317e8,0.0,0.0,3.663566653968908e7,0.0,0.0,0.0,2.6695209491158223e8
steelscrap_source_Region15Shandong_steelscrap_source_Region29Qinghai,2.09182349075708e8,0.0,0.0,3.798054184717927e7,0.0,0.0,0.0,2.4716289092288727e8
steelscrap_source_Region15Shandong_steelscrap_source_Region30Ningxia,2.589098880701103e8,0.0,0.0,3.263990655603854e7,0.0,0.0,0.0,2.915497946261488e8
steelscrap_source_Region15Shandong_steelscrap_source_Region31Xinjiang,9.376242744667347e7,0.0,0.0,3.300124904698095e7,0.0,0.0,0.0,1.2676367649365442e8
steelscrap_source_Region16Henan_steelscrap_source_Region1Beijing,4.1808796201081276e8,0.0,0.0,3.2875650079450246e7,0.0,0.0,0.0,4.50963612090263e8
steelscrap_source_Region16Henan_steelscrap_source_Region2Tianjin,4.050631238167682e8,0.0,0.0,3.1068341596745897e7,0.0,0.0,0.0,4.3613146541351414e8
steelscrap_source_Region16Henan_steelscrap_source_Region3Hebei,9.507433903205976e8,0.0,0.0,4.465324789872396e7,0.0,0.0,0.0,9.953966382193216e8
steelscrap_source_Region16Henan_steelscrap_source_Region4Shanxi,7.435286741649957e8,0.0,0.0,3.65072579015013e7,0.0,0.0,0.0,7.80035932066497e8
steelscrap_source_Region16Henan_steelscrap_source_Region5Innermongolia,3.3535968406206214e8,0.0,0.0,3.191506326657298e7,0.0,0.0,0.0,3.672747473286351e8
steelscrap_source_Region16Henan_steelscrap_source_Region6Liaoning,2.2259454878788096e8,0.0,0.0,3.3493059774283033e7,0.0,0.0,0.0,2.5608760856216398e8
steelscrap_source_Region16Henan_steelscrap_source_Region7Jilin,1.9138825492274922e8,0.0,0.0,3.519630008029364e7,0.0,0.0,0.0,2.2658455500304288e8
steelscrap_source_Region16Henan_steelscrap_source_Region8Heilongjiang,1.7207156878315082e8,0.0,0.0,3.655947264746018e7,0.0,0.0,0.0,2.08631041430611e8
steelscrap_source_Region16Henan_steelscrap_source_Region9Shanghai,2.87838115070428e8,0.0,0.0,3.1086516427606236e7,0.0,0.0,0.0,3.1892463149803424e8
steelscrap_source_Region16Henan_steelscrap_source_Region10Jiangsu,4.468637684437492e8,0.0,0.0,3.399143731962127e7,0.0,0.0,0.0,4.8085520576337045e8
steelscrap_source_Region16Henan_steelscrap_source_Region11Zhejiang,2.8826558902598983e8,0.0,0.0,3.0700285231267877e7,0.0,0.0,0.0,3.189658742572577e8
steelscrap_source_Region16Henan_steelscrap_source_Region12Anhui,5.1301524213312596e8,0.0,0.0,3.2063452633320373e7,0.0,0.0,0.0,5.450786947664464e8
steelscrap_source_Region16Henan_steelscrap_source_Region13Fujian,2.130455772241597e8,0.0,0.0,3.2439739891998846e7,0.0,0.0,0.0,2.4548531711615855e8
steelscrap_source_Region16Henan_steelscrap_source_Region14Jiangxi,3.233331097537904e8,0.0,0.0,3.0824423129861366e7,0.0,0.0,0.0,3.5415753288365173e8
steelscrap_source_Region16Henan_steelscrap_source_Region15Shandong,5.575986527725878e8,0.0,0.0,2.821449183029289e7,0.0,0.0,0.0,5.858131446028807e8
steelscrap_source_Region16Henan_steelscrap_source_Region17Hubei,5.349437896538211e8,0.0,0.0,3.0812762284060128e7,0.0,0.0,0.0,5.657565519378812e8
steelscrap_source_Region16Henan_steelscrap_source_Region18Hunan,3.33385657494747e8,0.0,0.0,3.0360320542521603e7,0.0,0.0,0.0,3.637459780372686e8
steelscrap_source_Region16Henan_steelscrap_source_Region19Guangdong,1.9781148091327402e8,0.0,0.0,3.2645488066720523e7,0.0,0.0,0.0,2.3045696897999454e8
steelscrap_source_Region16Henan_steelscrap_source_Region20Guangxi,1.9477904395566648e8,0.0,0.0,3.6254872714948066e7,0.0,0.0,0.0,2.3103391667061454e8
steelscrap_source_Region16Henan_steelscrap_source_Region21Hainan,1.6368751241065034e8,0.0,0.0,3.576572146172707e7,0.0,0.0,0.0,1.994532338723774e8
steelscrap_source_Region16Henan_steelscrap_source_Region22Chongqing,2.3837113756515792e8,0.0,0.0,3.1464990158600748e7,0.0,0.0,0.0,2.698361277237587e8
steelscrap_source_Region16Henan_steelscrap_source_Region23Sichuan,2.3585412917736974e8,0.0,0.0,3.2068299763816454e7,0.0,0.0,0.0,2.679224289411862e8
steelscrap_source_Region16Henan_steelscrap_source_Region24Guizhou,2.0486770542960134e8,0.0,0.0,3.2553478392763745e7,0.0,0.0,0.0,2.3742118382236508e8
steelscrap_source_Region16Henan_steelscrap_source_Region25Yunnan,1.6420700480826235e8,0.0,0.0,3.5643867177046865e7,0.0,0.0,0.0,1.998508719853092e8
steelscrap_source_Region16Henan_steelscrap_source_Region27Shaanxi,5.241895256462276e8,0.0,0.0,2.8446018258401994e7,0.0,0.0,0.0,5.526355439046296e8
steelscrap_source_Region16Henan_steelscrap_source_Region28Gansu,2.5868790000101525e8,0.0,0.0,3.147369450012346e7,0.0,0.0,0.0,2.901615945011387e8
steelscrap_source_Region16Henan_steelscrap_source_Region29Qinghai,2.222391470960741e8,0.0,0.0,3.2565443021144696e7,0.0,0.0,0.0,2.548045901172188e8
steelscrap_source_Region16Henan_steelscrap_source_Region30Ningxia,2.889103224116229e8,0.0,0.0,3.1211945164535716e7,0.0,0.0,0.0,3.201222675761586e8
steelscrap_source_Region16Henan_steelscrap_source_Region31Xinjiang,9.69972901677602e7,0.0,0.0,3.2390628430020683e7,0.0,0.0,0.0,1.2938791859778088e8
steelscrap_source_Region17Hubei_steelscrap_source_Region1Beijing,2.7231630631645405e8,0.0,0.0,3.5210498406717464e7,0.0,0.0,0.0,3.0752680472317153e8
steelscrap_source_Region17Hubei_steelscrap_source_Region2Tianjin,2.6769839559441176e8,0.0,0.0,3.384600048298674e7,0.0,0.0,0.0,3.015443960773985e8
steelscrap_source_Region17Hubei_steelscrap_source_Region3Hebei,3.640792204122189e8,0.0,0.0,3.692976892381272e7,0.0,0.0,0.0,4.010089893360317e8
steelscrap_source_Region17Hubei_steelscrap_source_Region4Shanxi,3.24933993752129e8,0.0,0.0,3.468128826647729e7,0.0,0.0,0.0,3.596152820186063e8
steelscrap_source_Region17Hubei_steelscrap_source_Region5Innermongolia,2.2183530069379056e8,0.0,0.0,3.3896433946011245e7,0.0,0.0,0.0,2.557317346398018e8
steelscrap_source_Region17Hubei_steelscrap_source_Region6Liaoning,1.9534597887613702e8,0.0,0.0,3.9108264971002415e7,0.0,0.0,0.0,2.3445424384713942e8
steelscrap_source_Region17Hubei_steelscrap_source_Region7Jilin,1.749750561498822e8,0.0,0.0,4.087417311661254e7,0.0,0.0,0.0,2.1584922926649475e8
steelscrap_source_Region17Hubei_steelscrap_source_Region8Heilongjiang,1.6076892984867072e8,0.0,0.0,4.215361340632135e7,0.0,0.0,0.0,2.0292254325499207e8
steelscrap_source_Region17Hubei_steelscrap_source_Region9Shanghai,3.467238608660725e8,0.0,0.0,3.017653335737721e7,0.0,0.0,0.0,3.769003942234497e8
steelscrap_source_Region17Hubei_steelscrap_source_Region10Jiangsu,5.638039584335817e8,0.0,0.0,3.367788978376594e7,0.0,0.0,0.0,5.974818482173476e8
steelscrap_source_Region17Hubei_steelscrap_source_Region11Zhejiang,3.751687261259319e8,0.0,0.0,2.9275666262026973e7,0.0,0.0,0.0,4.044443923879589e8
steelscrap_source_Region17Hubei_steelscrap_source_Region12Anhui,7.45421223967929e8,0.0,0.0,3.095982816880116e7,0.0,0.0,0.0,7.763810521367302e8
steelscrap_source_Region17Hubei_steelscrap_source_Region13Fujian,3.0041540720849216e8,0.0,0.0,2.9931388404872615e7,0.0,0.0,0.0,3.3034679561336476e8
steelscrap_source_Region17Hubei_steelscrap_source_Region14Jiangxi,7.261221079187423e8,0.0,0.0,2.7955701154871665e7,0.0,0.0,0.0,7.54077809073614e8
steelscrap_source_Region17Hubei_steelscrap_source_Region15Shandong,3.179772114220271e8,0.0,0.0,3.012304116204651e7,0.0,0.0,0.0,3.481002525840736e8
steelscrap_source_Region17Hubei_steelscrap_source_Region16Henan,4.8857738774059176e8,0.0,0.0,2.840263214065286e7,0.0,0.0,0.0,5.169800198812446e8
steelscrap_source_Region17Hubei_steelscrap_source_Region18Hunan,7.170423193213288e8,0.0,0.0,2.7152002491634354e7,0.0,0.0,0.0,7.441943218129631e8
steelscrap_source_Region17Hubei_steelscrap_source_Region19Guangdong,2.724719533612899e8,0.0,0.0,3.0198974830876324e7,0.0,0.0,0.0,3.0267092819216627e8
steelscrap_source_Region17Hubei_steelscrap_source_Region20Guangxi,2.4494769776866794e8,0.0,0.0,3.3092433968546942e7,0.0,0.0,0.0,2.7804013173721486e8
steelscrap_source_Region17Hubei_steelscrap_source_Region21Hainan,1.9231427221986848e8,0.0,0.0,3.194340061572017e7,0.0,0.0,0.0,2.2425767283558866e8
steelscrap_source_Region17Hubei_steelscrap_source_Region22Chongqing,3.0784297566833246e8,0.0,0.0,2.9563187096682183e7,0.0,0.0,0.0,3.3740616276501465e8
steelscrap_source_Region17Hubei_steelscrap_source_Region23Sichuan,2.5502348135334194e8,0.0,0.0,3.2821522050175175e7,0.0,0.0,0.0,2.878450034035171e8
steelscrap_source_Region17Hubei_steelscrap_source_Region24Guizhou,2.6370185870233133e8,0.0,0.0,3.059820567142714e7,0.0,0.0,0.0,2.943000643737585e8
steelscrap_source_Region17Hubei_steelscrap_source_Region25Yunnan,1.8762407245859966e8,0.0,0.0,3.2677859286539316e7,0.0,0.0,0.0,2.2030193174513897e8
steelscrap_source_Region17Hubei_steelscrap_source_Region27Shaanxi,3.474294021639707e8,0.0,0.0,2.8813478419465225e7,0.0,0.0,0.0,3.7624288058343595e8
steelscrap_source_Region17Hubei_steelscrap_source_Region28Gansu,2.310683834519174e8,0.0,0.0,3.514550112303671e7,0.0,0.0,0.0,2.6621388457495412e8
steelscrap_source_Region17Hubei_steelscrap_source_Region29Qinghai,2.0802764398430362e8,0.0,0.0,3.6813958730422e7,0.0,0.0,0.0,2.448416027147256e8
steelscrap_source_Region17Hubei_steelscrap_source_Region30Ningxia,2.172776948441406e8,0.0,0.0,3.3091392924762666e7,0.0,0.0,0.0,2.5036908776890326e8
steelscrap_source_Region17Hubei_steelscrap_source_Region31Xinjiang,8.964455369284189e7,0.0,0.0,3.294736163390919e7,0.0,0.0,0.0,1.2259191532675108e8
steelscrap_source_Region18Hunan_steelscrap_source_Region1Beijing,2.317304823010201e8,0.0,0.0,3.869899054427066e7,0.0,0.0,0.0,2.704294728452907e8
steelscrap_source_Region18Hunan_steelscrap_source_Region2Tianjin,2.2856925726125857e8,0.0,0.0,3.751583409181457e7,0.0,0.0,0.0,2.6608509135307315e8
steelscrap_source_Region18Hunan_steelscrap_source_Region3Hebei,2.902557041487417e8,0.0,0.0,3.946510057409076e7,0.0,0.0,0.0,3.297208047228325e8
steelscrap_source_Region18Hunan_steelscrap_source_Region4Shanxi,2.706119767371982e8,0.0,0.0,3.769624835949167e7,0.0,0.0,0.0,3.083082250966898e8
steelscrap_source_Region18Hunan_steelscrap_source_Region5Innermongolia,1.9682279130504856e8,0.0,0.0,3.648438474824587e7,0.0,0.0,0.0,2.3330717605329442e8
steelscrap_source_Region18Hunan_steelscrap_source_Region6Liaoning,1.7643689090924814e8,0.0,0.0,4.197433634730995e7,0.0,0.0,0.0,2.184112272565581e8
steelscrap_source_Region18Hunan_steelscrap_source_Region7Jilin,1.6016038717278993e8,0.0,0.0,4.3451513039978094e7,0.0,0.0,0.0,2.0361190021276802e8
steelscrap_source_Region18Hunan_steelscrap_source_Region8Heilongjiang,1.4805702708197203e8,0.0,0.0,4.4397367187647335e7,0.0,0.0,0.0,1.9245439426961938e8
steelscrap_source_Region18Hunan_steelscrap_source_Region9Shanghai,2.8401720614499116e8,0.0,0.0,3.305960279527677e7,0.0,0.0,0.0,3.170768089402679e8
steelscrap_source_Region18Hunan_steelscrap_source_Region10Jiangsu,3.63191863895841e8,0.0,0.0,3.4696929397516176e7,0.0,0.0,0.0,3.978887932933572e8
steelscrap_source_Region18Hunan_steelscrap_source_Region11Zhejiang,3.220769713030169e8,0.0,0.0,3.1295145711609755e7,0.0,0.0,0.0,3.533721170146267e8
steelscrap_source_Region18Hunan_steelscrap_source_Region12Anhui,4.0868136205217e8,0.0,0.0,3.2585527267626412e7,0.0,0.0,0.0,4.412668893197964e8
steelscrap_source_Region18Hunan_steelscrap_source_Region13Fujian,3.188662989633294e8,0.0,0.0,3.064305133037585e7,0.0,0.0,0.0,3.495093502937052e8
steelscrap_source_Region18Hunan_steelscrap_source_Region14Jiangxi,7.781900098272934e8,0.0,0.0,2.993437571135652e7,0.0,0.0,0.0,8.081243855386499e8
steelscrap_source_Region18Hunan_steelscrap_source_Region15Shandong,2.566250685524912e8,0.0,0.0,3.39857132453016e7,0.0,0.0,0.0,2.906107817977928e8
steelscrap_source_Region18Hunan_steelscrap_source_Region16Henan,3.3614920458337164e8,0.0,0.0,3.0533552749656416e7,0.0,0.0,0.0,3.666827573330281e8
steelscrap_source_Region18Hunan_steelscrap_source_Region17Hubei,8.288259557094922e8,0.0,0.0,3.1219110998390887e7,0.0,0.0,0.0,8.600450667078831e8
steelscrap_source_Region18Hunan_steelscrap_source_Region19Guangdong,3.9663969960545975e8,0.0,0.0,3.0157838493335076e7,0.0,0.0,0.0,4.267975380987948e8
steelscrap_source_Region18Hunan_steelscrap_source_Region20Guangxi,3.286886931822118e8,0.0,0.0,3.2704524971630063e7,0.0,0.0,0.0,3.6139321815384185e8
steelscrap_source_Region18Hunan_steelscrap_source_Region21Hainan,2.323559374730985e8,0.0,0.0,3.033019503815518e7,0.0,0.0,0.0,2.6268613251125365e8
steelscrap_source_Region18Hunan_steelscrap_source_Region22Chongqing,3.479068290162219e8,0.0,0.0,2.9641661832182113e7,0.0,0.0,0.0,3.77548490848404e8
steelscrap_source_Region18Hunan_steelscrap_source_Region23Sichuan,2.6556023118883428e8,0.0,0.0,3.313306484466014e7,0.0,0.0,0.0,2.986932960334944e8
steelscrap_source_Region18Hunan_steelscrap_source_Region24Guizhou,3.289854087816311e8,0.0,0.0,2.8983614513661653e7,0.0,0.0,0.0,3.5796902329529274e8
steelscrap_source_Region18Hunan_steelscrap_source_Region25Yunnan,2.1635219622085726e8,0.0,0.0,3.1637902827363215e7,0.0,0.0,0.0,2.479900990482205e8
steelscrap_source_Region18Hunan_steelscrap_source_Region27Shaanxi,2.78449808086748e8,0.0,0.0,3.0536662286846645e7,0.0,0.0,0.0,3.0898647037359464e8
steelscrap_source_Region18Hunan_steelscrap_source_Region28Gansu,2.1139070234657773e8,0.0,0.0,3.781075029305797e7,0.0,0.0,0.0,2.492014526396357e8
steelscrap_source_Region18Hunan_steelscrap_source_Region29Qinghai,1.9270357333634335e8,0.0,0.0,3.926014134105754e7,0.0,0.0,0.0,2.319637146774009e8
steelscrap_source_Region18Hunan_steelscrap_source_Region30Ningxia,1.9758413775110534e8,0.0,0.0,3.53807329332978e7,0.0,0.0,0.0,2.3296487068440312e8
steelscrap_source_Region18Hunan_steelscrap_source_Region31Xinjiang,8.567961578020144e7,0.0,0.0,3.378061651494078e7,0.0,0.0,0.0,1.1946023229514222e8
steelscrap_source_Region19Guangdong_steelscrap_source_Region1Beijing,1.5302002410263667e8,0.0,0.0,3.6852322471384905e7,0.0,0.0,0.0,1.8987234657402158e8
steelscrap_source_Region19Guangdong_steelscrap_source_Region2Tianjin,1.5142430437986642e8,0.0,0.0,3.60692693032842e7,0.0,0.0,0.0,1.8749357368315062e8
steelscrap_source_Region19Guangdong_steelscrap_source_Region3Hebei,1.7658022272532833e8,0.0,0.0,3.710539080201549e7,0.0,0.0,0.0,2.136856135273438e8
steelscrap_source_Region19Guangdong_steelscrap_source_Region4Shanxi,1.6925113769446036e8,0.0,0.0,3.61294761931775e7,0.0,0.0,0.0,2.0538061388763785e8
steelscrap_source_Region19Guangdong_steelscrap_source_Region5Innermongolia,1.4397588279777494e8,0.0,0.0,3.736654078211593e7,0.0,0.0,0.0,1.8134242357989088e8
steelscrap_source_Region19Guangdong_steelscrap_source_Region6Liaoning,1.2572000318252602e8,0.0,0.0,3.9220450326175176e7,0.0,0.0,0.0,1.649404535087012e8
steelscrap_source_Region19Guangdong_steelscrap_source_Region7Jilin,1.1668615152065822e8,0.0,0.0,4.029950719685139e7,0.0,0.0,0.0,1.5698565871750963e8
steelscrap_source_Region19Guangdong_steelscrap_source_Region8Heilongjiang,1.0983873645604926e8,0.0,0.0,4.107236485213208e7,0.0,0.0,0.0,1.5091110130818135e8
steelscrap_source_Region19Guangdong_steelscrap_source_Region9Shanghai,2.0002949799323657e8,0.0,0.0,3.1904704929921277e7,0.0,0.0,0.0,2.3193420292315784e8
steelscrap_source_Region19Guangdong_steelscrap_source_Region10Jiangsu,2.191218533055667e8,0.0,0.0,3.3496427308644313e7,0.0,0.0,0.0,2.5261828061421102e8
steelscrap_source_Region19Guangdong_steelscrap_source_Region11Zhejiang,2.209056949777022e8,0.0,0.0,3.098570548220579e7,0.0,0.0,0.0,2.5189140045990798e8
steelscrap_source_Region19Guangdong_steelscrap_source_Region12Anhui,2.3466301475878048e8,0.0,0.0,3.2164477222936794e7,0.0,0.0,0.0,2.668274919817173e8
steelscrap_source_Region19Guangdong_steelscrap_source_Region13Fujian,3.06856834482473e8,0.0,0.0,3.0133341146178875e7,0.0,0.0,0.0,3.369901756286519e8
steelscrap_source_Region19Guangdong_steelscrap_source_Region14Jiangxi,3.37108613580076e8,0.0,0.0,2.9777927532906737e7,0.0,0.0,0.0,3.668865411129827e8
steelscrap_source_Region19Guangdong_steelscrap_source_Region15Shandong,1.6373550200030187e8,0.0,0.0,3.380592331299595e7,0.0,0.0,0.0,1.975414253132978e8
steelscrap_source_Region19Guangdong_steelscrap_source_Region16Henan,1.9479774812192154e8,0.0,0.0,3.2141628440117117e7,0.0,0.0,0.0,2.2693937656203866e8
steelscrap_source_Region19Guangdong_steelscrap_source_Region17Hubei,2.763585047229713e8,0.0,0.0,3.086924497755587e7,0.0,0.0,0.0,3.072277497005272e8
steelscrap_source_Region19Guangdong_steelscrap_source_Region18Hunan,3.7763784253236103e8,0.0,0.0,2.9065525946907382e7,0.0,0.0,0.0,4.0670336847926843e8
steelscrap_source_Region19Guangdong_steelscrap_source_Region20Guangxi,5.0161267281133837e8,0.0,0.0,3.1752082188957516e7,0.0,0.0,0.0,5.333647550002959e8
steelscrap_source_Region19Guangdong_steelscrap_source_Region21Hainan,3.985276540609832e8,0.0,0.0,2.6090277085859023e7,0.0,0.0,0.0,4.246179311468422e8
steelscrap_source_Region19Guangdong_steelscrap_source_Region22Chongqing,2.2002427097470945e8,0.0,0.0,3.0304676255583435e7,0.0,0.0,0.0,2.503289472302929e8
steelscrap_source_Region19Guangdong_steelscrap_source_Region23Sichuan,1.848266405012132e8,0.0,0.0,3.2178318111261114e7,0.0,0.0,0.0,2.1700495861247432e8
steelscrap_source_Region19Guangdong_steelscrap_source_Region24Guizhou,2.724373505028782e8,0.0,0.0,2.8242672002131637e7,0.0,0.0,0.0,3.0068002250500983e8
steelscrap_source_Region19Guangdong_steelscrap_source_Region25Yunnan,2.066128703079586e8,0.0,0.0,3.0861075728331856e7,0.0,0.0,0.0,2.3747394603629047e8
steelscrap_source_Region19Guangdong_steelscrap_source_Region27Shaanxi,1.783191228985384e8,0.0,0.0,3.278694273027804e7,0.0,0.0,0.0,2.1110606562881646e8
steelscrap_source_Region19Guangdong_steelscrap_source_Region28Gansu,1.4482869864867765e8,0.0,0.0,3.611544981969194e7,0.0,0.0,0.0,1.809441484683696e8
steelscrap_source_Region19Guangdong_steelscrap_source_Region29Qinghai,1.3574698357931814e8,0.0,0.0,3.702272732153267e7,0.0,0.0,0.0,1.727697109008508e8
steelscrap_source_Region19Guangdong_steelscrap_source_Region30Ningxia,1.4431083477614287e8,0.0,0.0,3.6549124087638035e7,0.0,0.0,0.0,1.8085995886378092e8
steelscrap_source_Region19Guangdong_steelscrap_source_Region31Xinjiang,7.599010147555298e7,0.0,0.0,3.5289803125246756e7,0.0,0.0,0.0,1.1127990460079974e8
steelscrap_source_Region20Guangxi_steelscrap_source_Region1Beijing,1.500793638164054e8,0.0,0.0,3.9225743056147814e7,0.0,0.0,0.0,1.893051068725532e8
steelscrap_source_Region20Guangxi_steelscrap_source_Region2Tianjin,1.4900834306341183e8,0.0,0.0,3.841931778651655e7,0.0,0.0,0.0,1.8742766084992838e8
steelscrap_source_Region20Guangxi_steelscrap_source_Region3Hebei,1.7008141346769688e8,0.0,0.0,3.923211270654851e7,0.0,0.0,0.0,2.093135261742454e8
steelscrap_source_Region20Guangxi_steelscrap_source_Region4Shanxi,1.676315833086232e8,0.0,0.0,3.793502730274162e7,0.0,0.0,0.0,2.055666106113648e8
steelscrap_source_Region20Guangxi_steelscrap_source_Region5Innermongolia,1.447536774685393e8,0.0,0.0,3.942607661984798e7,0.0,0.0,0.0,1.8417975408838728e8
steelscrap_source_Region20Guangxi_steelscrap_source_Region6Liaoning,1.2577544325439082e8,0.0,0.0,4.1707136983155765e7,0.0,0.0,0.0,1.674825802375466e8
steelscrap_source_Region20Guangxi_steelscrap_source_Region7Jilin,1.1718416775072555e8,0.0,0.0,4.277612736794016e7,0.0,0.0,0.0,1.599602951186657e8
steelscrap_source_Region20Guangxi_steelscrap_source_Region8Heilongjiang,1.1051735429974768e8,0.0,0.0,4.3499630652380794e7,0.0,0.0,0.0,1.5401698495212847e8
steelscrap_source_Region20Guangxi_steelscrap_source_Region9Shanghai,1.6935331407734817e8,0.0,0.0,3.521419910714969e7,0.0,0.0,0.0,2.0456751318449786e8
steelscrap_source_Region20Guangxi_steelscrap_source_Region10Jiangsu,1.8585636989535394e8,0.0,0.0,3.577115599252583e7,0.0,0.0,0.0,2.216275258878798e8
steelscrap_source_Region20Guangxi_steelscrap_source_Region11Zhejiang,1.790652180667678e8,0.0,0.0,3.378960664919896e7,0.0,0.0,0.0,2.1285482471596676e8
steelscrap_source_Region20Guangxi_steelscrap_source_Region12Anhui,1.9262079367734328e8,0.0,0.0,3.402967354966414e7,0.0,0.0,0.0,2.2665046722700742e8
steelscrap_source_Region20Guangxi_steelscrap_source_Region13Fujian,1.956777632833135e8,0.0,0.0,3.152368766494183e7,0.0,0.0,0.0,2.2720145094825533e8
steelscrap_source_Region20Guangxi_steelscrap_source_Region14Jiangxi,2.3420061402567613e8,0.0,0.0,3.0531953381814085e7,0.0,0.0,0.0,2.6473256740749022e8
steelscrap_source_Region20Guangxi_steelscrap_source_Region15Shandong,1.5760417654489252e8,0.0,0.0,3.624896060532515e7,0.0,0.0,0.0,1.9385313715021765e8
steelscrap_source_Region20Guangxi_steelscrap_source_Region16Henan,1.8182299025484198e8,0.0,0.0,3.380089388837505e7,0.0,0.0,0.0,2.1562388414321703e8
steelscrap_source_Region20Guangxi_steelscrap_source_Region17Hubei,2.301496400520583e8,0.0,0.0,3.1169932917716905e7,0.0,0.0,0.0,2.613195729697752e8
steelscrap_source_Region20Guangxi_steelscrap_source_Region18Hunan,2.876183405998365e8,0.0,0.0,2.8570088499583755e7,0.0,0.0,0.0,3.161884290994203e8
steelscrap_source_Region20Guangxi_steelscrap_source_Region19Guangdong,4.256543811475161e8,0.0,0.0,2.688716840915149e7,0.0,0.0,0.0,4.5254154955666757e8
steelscrap_source_Region20Guangxi_steelscrap_source_Region21Hainan,4.483049367289875e8,0.0,0.0,2.3207252224670585e7,0.0,0.0,0.0,4.715121889536581e8
steelscrap_source_Region20Guangxi_steelscrap_source_Region22Chongqing,2.754611837735114e8,0.0,0.0,2.7720577127074216e7,0.0,0.0,0.0,3.0318176090058565e8
steelscrap_source_Region20Guangxi_steelscrap_source_Region23Sichuan,2.2517353343156317e8,0.0,0.0,3.0053160928665955e7,0.0,0.0,0.0,2.5522669436022913e8
steelscrap_source_Region20Guangxi_steelscrap_source_Region24Guizhou,3.8951013667404187e8,0.0,0.0,2.4552122281687092e7,0.0,0.0,0.0,4.1406225895572895e8
steelscrap_source_Region20Guangxi_steelscrap_source_Region25Yunnan,3.14216780338244e8,0.0,0.0,2.7033117001766935e7,0.0,0.0,0.0,3.4124989734001094e8
steelscrap_source_Region20Guangxi_steelscrap_source_Region27Shaanxi,1.8402014089470634e8,0.0,0.0,3.3160429389226045e7,0.0,0.0,0.0,2.171805702839324e8
steelscrap_source_Region20Guangxi_steelscrap_source_Region28Gansu,1.6653785772668648e8,0.0,0.0,3.5239410694966845e7,0.0,0.0,0.0,2.0177726842165333e8
steelscrap_source_Region20Guangxi_steelscrap_source_Region29Qinghai,1.5491702742922732e8,0.0,0.0,3.6400337544954024e7,0.0,0.0,0.0,1.9131736497418135e8
steelscrap_source_Region20Guangxi_steelscrap_source_Region30Ningxia,1.5573624167871588e8,0.0,0.0,3.7070416727590136e7,0.0,0.0,0.0,1.9280665840630603e8
steelscrap_source_Region20Guangxi_steelscrap_source_Region31Xinjiang,7.967087628639387e7,0.0,0.0,3.3987595823775575e7,0.0,0.0,0.0,1.1365847211016944e8
steelscrap_source_Region21Hainan_steelscrap_source_Region1Beijing,1.4588920065513533e8,0.0,0.0,4.274553579195453e7,0.0,0.0,0.0,1.8863473644708985e8
steelscrap_source_Region21Hainan_steelscrap_source_Region2Tianjin,1.4492420991715556e8,0.0,0.0,4.195072796401943e7,0.0,0.0,0.0,1.8687493788117498e8
steelscrap_source_Region21Hainan_steelscrap_source_Region3Hebei,1.6417427826287407e8,0.0,0.0,4.306291318835188e7,0.0,0.0,0.0,2.0723719145122594e8
steelscrap_source_Region21Hainan_steelscrap_source_Region4Shanxi,1.6059206186835873e8,0.0,0.0,4.194664656001537e7,0.0,0.0,0.0,2.025387084283741e8
steelscrap_source_Region21Hainan_steelscrap_source_Region5Innermongolia,1.398678925932642e8,0.0,0.0,4.298140339390995e7,0.0,0.0,0.0,1.8284929598717415e8
steelscrap_source_Region21Hainan_steelscrap_source_Region6Liaoning,1.2279849584996861e8,0.0,0.0,4.4604506975903645e7,0.0,0.0,0.0,1.6740300282587224e8
steelscrap_source_Region21Hainan_steelscrap_source_Region7Jilin,1.1442879902246413e8,0.0,0.0,4.538627598561013e7,0.0,0.0,0.0,1.5981507500807425e8
steelscrap_source_Region21Hainan_steelscrap_source_Region8Heilongjiang,1.0785757085991196e8,0.0,0.0,4.5861039129634485e7,0.0,0.0,0.0,1.5371860998954645e8
steelscrap_source_Region21Hainan_steelscrap_source_Region9Shanghai,1.7140366819317657e8,0.0,0.0,3.849155042058111e7,0.0,0.0,0.0,2.0989521861375767e8
steelscrap_source_Region21Hainan_steelscrap_source_Region10Jiangsu,1.8213318323492286e8,0.0,0.0,3.9765745006291464e7,0.0,0.0,0.0,2.2189892824121433e8
steelscrap_source_Region21Hainan_steelscrap_source_Region11Zhejiang,1.813407253733389e8,0.0,0.0,3.723529560999214e7,0.0,0.0,0.0,2.1857602098333105e8
steelscrap_source_Region21Hainan_steelscrap_source_Region12Anhui,1.8852415177032927e8,0.0,0.0,3.818242487188385e7,0.0,0.0,0.0,2.267065766422131e8
steelscrap_source_Region21Hainan_steelscrap_source_Region13Fujian,2.1361559001272348e8,0.0,0.0,3.437786895271432e7,0.0,0.0,0.0,2.479934589654378e8
steelscrap_source_Region21Hainan_steelscrap_source_Region14Jiangxi,2.262595400539229e8,0.0,0.0,3.47987172602934e7,0.0,0.0,0.0,2.610582573142163e8
steelscrap_source_Region21Hainan_steelscrap_source_Region15Shandong,1.537322083877297e8,0.0,0.0,3.993962773913211e7,0.0,0.0,0.0,1.936718361268618e8
steelscrap_source_Region21Hainan_steelscrap_source_Region16Henan,1.7534257590623194e8,0.0,0.0,3.807856273430334e7,0.0,0.0,0.0,2.134211386405353e8
steelscrap_source_Region21Hainan_steelscrap_source_Region17Hubei,2.1630604884122142e8,0.0,0.0,3.57409694701977e7,0.0,0.0,0.0,2.5204701831141913e8
steelscrap_source_Region21Hainan_steelscrap_source_Region18Hunan,2.6014221209826577e8,0.0,0.0,3.3593030988956034e7,0.0,0.0,0.0,2.937352430872218e8
steelscrap_source_Region21Hainan_steelscrap_source_Region19Guangdong,5.117062959062172e8,0.0,0.0,3.367027427062908e7,0.0,0.0,0.0,5.453765701768463e8
steelscrap_source_Region21Hainan_steelscrap_source_Region20Guangxi,7.632512377386271e8,0.0,0.0,3.971450607033318e7,0.0,0.0,0.0,8.029657438089602e8
steelscrap_source_Region21Hainan_steelscrap_source_Region22Chongqing,2.1977325023654777e8,0.0,0.0,3.372786813630221e7,0.0,0.0,0.0,2.5350111837284997e8
steelscrap_source_Region21Hainan_steelscrap_source_Region23Sichuan,1.9243164550665852e8,0.0,0.0,3.5997546486112244e7,0.0,0.0,0.0,2.2842919199277076e8
steelscrap_source_Region21Hainan_steelscrap_source_Region24Guizhou,2.685312166372634e8,0.0,0.0,3.1319690900459267e7,0.0,0.0,0.0,2.998509075377227e8
steelscrap_source_Region21Hainan_steelscrap_source_Region25Yunnan,2.3997401620972535e8,0.0,0.0,3.2852442819111433e7,0.0,0.0,0.0,2.728264590288368e8
steelscrap_source_Region21Hainan_steelscrap_source_Region27Shaanxi,1.6850291449572223e8,0.0,0.0,3.8390580685942106e7,0.0,0.0,0.0,2.0689349518166435e8
steelscrap_source_Region21Hainan_steelscrap_source_Region28Gansu,1.5232655874600324e8,0.0,0.0,4.028021968440139e7,0.0,0.0,0.0,1.9260677843040463e8
steelscrap_source_Region21Hainan_steelscrap_source_Region29Qinghai,1.429129940828438e8,0.0,0.0,4.1130359697042376e7,0.0,0.0,0.0,1.840433537798862e8
steelscrap_source_Region21Hainan_steelscrap_source_Region30Ningxia,1.435472727174842e8,0.0,0.0,4.175311672442567e7,0.0,0.0,0.0,1.8530038944190988e8
steelscrap_source_Region21Hainan_steelscrap_source_Region31Xinjiang,7.567722600473647e7,0.0,0.0,3.628218472087082e7,0.0,0.0,0.0,1.1195941072560729e8
steelscrap_source_Region22Chongqing_steelscrap_source_Region1Beijing,2.0706707188634554e8,0.0,0.0,4.171711274936918e7,0.0,0.0,0.0,2.487841846357147e8
steelscrap_source_Region22Chongqing_steelscrap_source_Region2Tianjin,2.0107578088531616e8,0.0,0.0,4.0979244144427404e7,0.0,0.0,0.0,2.4205502502974355e8
steelscrap_source_Region22Chongqing_steelscrap_source_Region3Hebei,2.5009288508110958e8,0.0,0.0,4.232405258522648e7,0.0,0.0,0.0,2.9241693766633606e8
steelscrap_source_Region22Chongqing_steelscrap_source_Region4Shanxi,2.659049980664244e8,0.0,0.0,3.927416821441075e7,0.0,0.0,0.0,3.0517916628083515e8
steelscrap_source_Region22Chongqing_steelscrap_source_Region5Innermongolia,1.9688648202883306e8,0.0,0.0,3.750687482649271e7,0.0,0.0,0.0,2.3439335685532576e8
steelscrap_source_Region22Chongqing_steelscrap_source_Region6Liaoning,1.6097235011053512e8,0.0,0.0,4.468055864568086e7,0.0,0.0,0.0,2.05652908756216e8
steelscrap_source_Region22Chongqing_steelscrap_source_Region7Jilin,1.4709792479521543e8,0.0,0.0,4.574255134715207e7,0.0,0.0,0.0,1.9284047614236748e8
steelscrap_source_Region22Chongqing_steelscrap_source_Region8Heilongjiang,1.3663520268261468e8,0.0,0.0,4.63922058175038e7,0.0,0.0,0.0,1.830274085001185e8
steelscrap_source_Region22Chongqing_steelscrap_source_Region9Shanghai,2.1403251875125575e8,0.0,0.0,3.911087559314619e7,0.0,0.0,0.0,2.5314339434440196e8
steelscrap_source_Region22Chongqing_steelscrap_source_Region10Jiangsu,2.54250361349203e8,0.0,0.0,3.934100591276667e7,0.0,0.0,0.0,2.935913672619697e8
steelscrap_source_Region22Chongqing_steelscrap_source_Region11Zhejiang,2.200258245676955e8,0.0,0.0,3.822581992156097e7,0.0,0.0,0.0,2.5825164448925647e8
steelscrap_source_Region22Chongqing_steelscrap_source_Region12Anhui,2.706051608064391e8,0.0,0.0,3.694662462210572e7,0.0,0.0,0.0,3.075517854285448e8
steelscrap_source_Region22Chongqing_steelscrap_source_Region13Fujian,1.905418466307046e8,0.0,0.0,3.4576993768585205e7,0.0,0.0,0.0,2.2511884039928982e8
steelscrap_source_Region22Chongqing_steelscrap_source_Region14Jiangxi,2.815702534669999e8,0.0,0.0,3.486778305433013e7,0.0,0.0,0.0,3.1643803652133e8
steelscrap_source_Region22Chongqing_steelscrap_source_Region15Shandong,2.1866192067786446e8,0.0,0.0,3.814192769690885e7,0.0,0.0,0.0,2.5680384837477332e8
steelscrap_source_Region22Chongqing_steelscrap_source_Region16Henan,2.5952240762579918e8,0.0,0.0,3.3106408466130987e7,0.0,0.0,0.0,2.9262881609193015e8
steelscrap_source_Region22Chongqing_steelscrap_source_Region17Hubei,3.4972533063420904e8,0.0,0.0,3.362026178496859e7,0.0,0.0,0.0,3.8334559241917765e8
steelscrap_source_Region22Chongqing_steelscrap_source_Region18Hunan,3.7725926803814864e8,0.0,0.0,3.220536618152321e7,0.0,0.0,0.0,4.0946463421967185e8
steelscrap_source_Region22Chongqing_steelscrap_source_Region19Guangdong,2.3652102181335488e8,0.0,0.0,3.2584712771819994e7,0.0,0.0,0.0,2.6910573458517486e8
steelscrap_source_Region22Chongqing_steelscrap_source_Region20Guangxi,3.379953753458975e8,0.0,0.0,3.3991068247285746e7,0.0,0.0,0.0,3.719864435931832e8
steelscrap_source_Region22Chongqing_steelscrap_source_Region21Hainan,2.108595298491611e8,0.0,0.0,3.2310708623886354e7,0.0,0.0,0.0,2.4317023847304744e8
steelscrap_source_Region22Chongqing_steelscrap_source_Region23Sichuan,7.448530082582605e8,0.0,0.0,3.0390002736937076e7,0.0,0.0,0.0,7.752430109951975e8
steelscrap_source_Region22Chongqing_steelscrap_source_Region24Guizhou,6.46807926447769e8,0.0,0.0,2.7618698459319577e7,0.0,0.0,0.0,6.744266249070886e8
steelscrap_source_Region22Chongqing_steelscrap_source_Region25Yunnan,3.138671293967754e8,0.0,0.0,3.0507884977366608e7,0.0,0.0,0.0,3.4437501437414205e8
steelscrap_source_Region22Chongqing_steelscrap_source_Region27Shaanxi,3.855291718161246e8,0.0,0.0,3.097084346922871e7,0.0,0.0,0.0,4.165000152853533e8
steelscrap_source_Region22Chongqing_steelscrap_source_Region28Gansu,2.949081628747547e8,0.0,0.0,3.3521227846763685e7,0.0,0.0,0.0,3.284293907215184e8
steelscrap_source_Region22Chongqing_steelscrap_source_Region29Qinghai,2.5553523326849374e8,0.0,0.0,3.50083269577838e7,0.0,0.0,0.0,2.9054356022627753e8
steelscrap_source_Region22Chongqing_steelscrap_source_Region30Ningxia,2.444547380195249e8,0.0,0.0,3.377549630303094e7,0.0,0.0,0.0,2.7823023432255584e8
steelscrap_source_Region22Chongqing_steelscrap_source_Region31Xinjiang,9.928552452682798e7,0.0,0.0,3.2631842394484237e7,0.0,0.0,0.0,1.3191736692131221e8
steelscrap_source_Region23Sichuan_steelscrap_source_Region1Beijing,2.039969868413685e8,0.0,0.0,4.1520186721779756e7,0.0,0.0,0.0,2.4551717356314826e8
steelscrap_source_Region23Sichuan_steelscrap_source_Region2Tianjin,1.990132629891648e8,0.0,0.0,4.0731381158449106e7,0.0,0.0,0.0,2.397446441476139e8
steelscrap_source_Region23Sichuan_steelscrap_source_Region3Hebei,2.4534483183611867e8,0.0,0.0,4.202756969352728e7,0.0,0.0,0.0,2.873724015296459e8
steelscrap_source_Region23Sichuan_steelscrap_source_Region4Shanxi,2.6029640424313065e8,0.0,0.0,3.898372480881282e7,0.0,0.0,0.0,2.992801290519435e8
steelscrap_source_Region23Sichuan_steelscrap_source_Region5Innermongolia,1.9554885159898973e8,0.0,0.0,3.717383668896793e7,0.0,0.0,0.0,2.3272268828795767e8
steelscrap_source_Region23Sichuan_steelscrap_source_Region6Liaoning,1.5984623555848396e8,0.0,0.0,4.446389452451828e7,0.0,0.0,0.0,2.0431013008300224e8
steelscrap_source_Region23Sichuan_steelscrap_source_Region7Jilin,1.4617809301287475e8,0.0,0.0,4.554422117971132e7,0.0,0.0,0.0,1.9172231419258606e8
steelscrap_source_Region23Sichuan_steelscrap_source_Region8Heilongjiang,1.3585398484430835e8,0.0,0.0,4.620846871171079e7,0.0,0.0,0.0,1.8206245355601913e8
steelscrap_source_Region23Sichuan_steelscrap_source_Region9Shanghai,1.902424334362183e8,0.0,0.0,4.092114743213077e7,0.0,0.0,0.0,2.3116358086834908e8
steelscrap_source_Region23Sichuan_steelscrap_source_Region10Jiangsu,2.1954392692786634e8,0.0,0.0,4.096689676474e7,0.0,0.0,0.0,2.6051082369260633e8
steelscrap_source_Region23Sichuan_steelscrap_source_Region11Zhejiang,1.9469115283437926e8,0.0,0.0,4.0125846599165596e7,0.0,0.0,0.0,2.3481699943354484e8
steelscrap_source_Region23Sichuan_steelscrap_source_Region12Anhui,2.3047177348394036e8,0.0,0.0,3.881144665469564e7,0.0,0.0,0.0,2.69283220138636e8
steelscrap_source_Region23Sichuan_steelscrap_source_Region13Fujian,1.641827243020555e8,0.0,0.0,3.624607276841707e7,0.0,0.0,0.0,2.0042879707047257e8
steelscrap_source_Region23Sichuan_steelscrap_source_Region14Jiangxi,2.3236118892483303e8,0.0,0.0,3.733269768725645e7,0.0,0.0,0.0,2.6969388661208946e8
steelscrap_source_Region23Sichuan_steelscrap_source_Region15Shandong,2.0957471487786537e8,0.0,0.0,3.848490347540546e7,0.0,0.0,0.0,2.4805961835327083e8
steelscrap_source_Region23Sichuan_steelscrap_source_Region16Henan,2.4511140373901445e8,0.0,0.0,3.3114550645140924e7,0.0,0.0,0.0,2.782259543841554e8
steelscrap_source_Region23Sichuan_steelscrap_source_Region17Hubei,2.746592408137865e8,0.0,0.0,3.5266246520489894e7,0.0,0.0,0.0,3.099254873342764e8
steelscrap_source_Region23Sichuan_steelscrap_source_Region18Hunan,2.744619197012446e8,0.0,0.0,3.4216252656088494e7,0.0,0.0,0.0,3.0867817235733306e8
steelscrap_source_Region23Sichuan_steelscrap_source_Region19Guangdong,1.9228468482990628e8,0.0,0.0,3.3476763628886707e7,0.0,0.0,0.0,2.2576144845879298e8
steelscrap_source_Region23Sichuan_steelscrap_source_Region20Guangxi,2.5655017281354737e8,0.0,0.0,3.4240896398181535e7,0.0,0.0,0.0,2.9079106921172893e8
steelscrap_source_Region23Sichuan_steelscrap_source_Region21Hainan,1.833148770093874e8,0.0,0.0,3.413934059504813e7,0.0,0.0,0.0,2.1745421760443553e8
steelscrap_source_Region23Sichuan_steelscrap_source_Region22Chongqing,6.948370724882632e8,0.0,0.0,2.8187223907273836e7,0.0,0.0,0.0,7.230242963955371e8
steelscrap_source_Region23Sichuan_steelscrap_source_Region24Guizhou,4.087461277081078e8,0.0,0.0,2.8653103552338324e7,0.0,0.0,0.0,4.3739923126044613e8
steelscrap_source_Region23Sichuan_steelscrap_source_Region25Yunnan,3.240020518380054e8,0.0,0.0,2.988378924785852e7,0.0,0.0,0.0,3.5388584108586395e8
steelscrap_source_Region23Sichuan_steelscrap_source_Region27Shaanxi,3.723839716689796e8,0.0,0.0,3.041135768630002e7,0.0,0.0,0.0,4.027953293552796e8
steelscrap_source_Region23Sichuan_steelscrap_source_Region28Gansu,3.3166994815203947e8,0.0,0.0,3.185137068753414e7,0.0,0.0,0.0,3.635213188395736e8
steelscrap_source_Region23Sichuan_steelscrap_source_Region29Qinghai,2.942173935373926e8,0.0,0.0,3.236391328911322e7,0.0,0.0,0.0,3.2658130682650584e8
steelscrap_source_Region23Sichuan_steelscrap_source_Region30Ningxia,2.4941034428677794e8,0.0,0.0,3.3121693721284203e7,0.0,0.0,0.0,2.825320380080621e8
steelscrap_source_Region23Sichuan_steelscrap_source_Region31Xinjiang,1.0315971346953486e8,0.0,0.0,3.2089548203256533e7,0.0,0.0,0.0,1.352492616727914e8
steelscrap_source_Region24Guizhou_steelscrap_source_Region1Beijing,1.8813090539642876e8,0.0,0.0,4.40853421645632e7,0.0,0.0,0.0,2.3221624756099197e8
steelscrap_source_Region24Guizhou_steelscrap_source_Region2Tianjin,1.8665167821841043e8,0.0,0.0,4.307920733280899e7,0.0,0.0,0.0,2.297308855512194e8
steelscrap_source_Region24Guizhou_steelscrap_source_Region3Hebei,2.195276956080818e8,0.0,0.0,4.470315641565917e7,0.0,0.0,0.0,2.6423085202374095e8
steelscrap_source_Region24Guizhou_steelscrap_source_Region4Shanxi,2.267610921025603e8,0.0,0.0,4.226070886484707e7,0.0,0.0,0.0,2.690218009674074e8
steelscrap_source_Region24Guizhou_steelscrap_source_Region5Innermongolia,1.7506222747629458e8,0.0,0.0,4.011842712998424e7,0.0,0.0,0.0,2.151806546062788e8
steelscrap_source_Region24Guizhou_steelscrap_source_Region6Liaoning,1.5179669220852894e8,0.0,0.0,4.623221255697768e7,0.0,0.0,0.0,1.9802890476550663e8
steelscrap_source_Region24Guizhou_steelscrap_source_Region7Jilin,1.392522893505402e8,0.0,0.0,4.7062632057504356e7,0.0,0.0,0.0,1.8631492140804455e8
steelscrap_source_Region24Guizhou_steelscrap_source_Region8Heilongjiang,1.2950533753747158e8,0.0,0.0,4.746802305206782e7,0.0,0.0,0.0,1.769733605895394e8
steelscrap_source_Region24Guizhou_steelscrap_source_Region9Shanghai,2.040073321059712e8,0.0,0.0,4.080826666559761e7,0.0,0.0,0.0,2.448155987715688e8
steelscrap_source_Region24Guizhou_steelscrap_source_Region10Jiangsu,2.350035892262817e8,0.0,0.0,4.132929789192854e7,0.0,0.0,0.0,2.7633288711821026e8
steelscrap_source_Region24Guizhou_steelscrap_source_Region11Zhejiang,2.1496553426034015e8,0.0,0.0,3.950349967924173e7,0.0,0.0,0.0,2.5446903393958187e8
steelscrap_source_Region24Guizhou_steelscrap_source_Region12Anhui,2.4847609834131992e8,0.0,0.0,3.911013787892359e7,0.0,0.0,0.0,2.875862362202435e8
steelscrap_source_Region24Guizhou_steelscrap_source_Region13Fujian,2.028560631903506e8,0.0,0.0,3.463429185536597e7,0.0,0.0,0.0,2.3749035504571655e8
steelscrap_source_Region24Guizhou_steelscrap_source_Region14Jiangxi,2.8658878709765077e8,0.0,0.0,3.571851583193719e7,0.0,0.0,0.0,3.2230730292958796e8
steelscrap_source_Region24Guizhou_steelscrap_source_Region15Shandong,2.0115844137386546e8,0.0,0.0,4.05200153740757e7,0.0,0.0,0.0,2.4167845674794117e8
steelscrap_source_Region24Guizhou_steelscrap_source_Region16Henan,2.2240889703152746e8,0.0,0.0,3.5325946478507616e7,0.0,0.0,0.0,2.5773484351003507e8
steelscrap_source_Region24Guizhou_steelscrap_source_Region17Hubei,3.073820340912559e8,0.0,0.0,3.561533168337351e7,0.0,0.0,0.0,3.429973657746294e8
steelscrap_source_Region24Guizhou_steelscrap_source_Region18Hunan,3.794172838023094e8,0.0,0.0,3.3350779246223062e7,0.0,0.0,0.0,4.127680630485325e8
steelscrap_source_Region24Guizhou_steelscrap_source_Region19Guangdong,3.159098945417258e8,0.0,0.0,3.2749325734158803e7,0.0,0.0,0.0,3.486592202758846e8
steelscrap_source_Region24Guizhou_steelscrap_source_Region20Guangxi,5.89306816869183e8,0.0,0.0,3.7165616583883025e7,0.0,0.0,0.0,6.26472433453066e8
steelscrap_source_Region24Guizhou_steelscrap_source_Region21Hainan,2.6665826956597936e8,0.0,0.0,3.102124535950874e7,0.0,0.0,0.0,2.976795149254881e8
steelscrap_source_Region24Guizhou_steelscrap_source_Region22Chongqing,7.385281943781191e8,0.0,0.0,3.1288977835152954e7,0.0,0.0,0.0,7.698171722132721e8
steelscrap_source_Region24Guizhou_steelscrap_source_Region23Sichuan,4.600767197055661e8,0.0,0.0,3.229738572333052e7,0.0,0.0,0.0,4.923741054288966e8
steelscrap_source_Region24Guizhou_steelscrap_source_Region25Yunnan,5.2754351582794344e8,0.0,0.0,3.100197394682209e7,0.0,0.0,0.0,5.585454897747655e8
steelscrap_source_Region24Guizhou_steelscrap_source_Region27Shaanxi,2.7431606951689136e8,0.0,0.0,3.2643612272510096e7,0.0,0.0,0.0,3.069596817894015e8
steelscrap_source_Region24Guizhou_steelscrap_source_Region28Gansu,2.4679290727725586e8,0.0,0.0,3.711765325449922e7,0.0,0.0,0.0,2.839105605317551e8
steelscrap_source_Region24Guizhou_steelscrap_source_Region29Qinghai,2.2125894997048602e8,0.0,0.0,3.844743020653798e7,0.0,0.0,0.0,2.59706380177024e8
steelscrap_source_Region24Guizhou_steelscrap_source_Region30Ningxia,2.0736636027946058e8,0.0,0.0,3.6461918349138655e7,0.0,0.0,0.0,2.4382827862859923e8
steelscrap_source_Region24Guizhou_steelscrap_source_Region31Xinjiang,9.226328035489857e7,0.0,0.0,3.3716078084358305e7,0.0,0.0,0.0,1.2597935843925688e8
steelscrap_source_Region25Yunnan_steelscrap_source_Region1Beijing,1.4281291133478957e8,0.0,0.0,4.1153920616308525e7,0.0,0.0,0.0,1.8396683195109808e8
steelscrap_source_Region25Yunnan_steelscrap_source_Region2Tianjin,1.4034892083947968e8,0.0,0.0,4.057955131205463e7,0.0,0.0,0.0,1.8092847215153432e8
steelscrap_source_Region25Yunnan_steelscrap_source_Region3Hebei,1.614717773727227e8,0.0,0.0,4.1320627829679795e7,0.0,0.0,0.0,2.0279240520240247e8
steelscrap_source_Region25Yunnan_steelscrap_source_Region4Shanxi,1.676419803806439e8,0.0,0.0,3.929528020122301e7,0.0,0.0,0.0,2.0693726058186692e8
steelscrap_source_Region25Yunnan_steelscrap_source_Region5Innermongolia,1.4632329971200666e8,0.0,0.0,4.019988787421195e7,0.0,0.0,0.0,1.865231875862186e8
steelscrap_source_Region25Yunnan_steelscrap_source_Region6Liaoning,1.1934916975022437e8,0.0,0.0,4.331181370235635e7,0.0,0.0,0.0,1.6266098345258072e8
steelscrap_source_Region25Yunnan_steelscrap_source_Region7Jilin,1.1143090614716673e8,0.0,0.0,4.4160068106122084e7,0.0,0.0,0.0,1.555909742532888e8
steelscrap_source_Region25Yunnan_steelscrap_source_Region8Heilongjiang,1.0522291274057002e8,0.0,0.0,4.470570819304352e7,0.0,0.0,0.0,1.4992862093361354e8
steelscrap_source_Region25Yunnan_steelscrap_source_Region9Shanghai,1.5026103509335425e8,0.0,0.0,3.882244276695284e7,0.0,0.0,0.0,1.890834778603071e8
steelscrap_source_Region25Yunnan_steelscrap_source_Region10Jiangsu,1.6677037577992907e8,0.0,0.0,3.905762200765937e7,0.0,0.0,0.0,2.0582799778758845e8
steelscrap_source_Region25Yunnan_steelscrap_source_Region11Zhejiang,1.5622945581922805e8,0.0,0.0,3.7823151253835e7,0.0,0.0,0.0,1.9405260707306305e8
steelscrap_source_Region25Yunnan_steelscrap_source_Region12Anhui,1.7345543538801622e8,0.0,0.0,3.742011926104156e7,0.0,0.0,0.0,2.1087555464905778e8
steelscrap_source_Region25Yunnan_steelscrap_source_Region13Fujian,1.6009160873275793e8,0.0,0.0,3.6890443038985245e7,0.0,0.0,0.0,1.9698205177174318e8
steelscrap_source_Region25Yunnan_steelscrap_source_Region14Jiangxi,1.8988399821536362e8,0.0,0.0,3.50652450037704e7,0.0,0.0,0.0,2.2494924321913403e8
steelscrap_source_Region25Yunnan_steelscrap_source_Region15Shandong,1.4857171291836715e8,0.0,0.0,3.859397862576138e7,0.0,0.0,0.0,1.8716569154412854e8
steelscrap_source_Region25Yunnan_steelscrap_source_Region16Henan,1.6894904731312856e8,0.0,0.0,3.669010144150106e7,0.0,0.0,0.0,2.056391487546296e8
steelscrap_source_Region25Yunnan_steelscrap_source_Region17Hubei,1.9995665142249662e8,0.0,0.0,3.483244867779887e7,0.0,0.0,0.0,2.3478910010029548e8
steelscrap_source_Region25Yunnan_steelscrap_source_Region18Hunan,2.2525578460613787e8,0.0,0.0,3.29399042355708e7,0.0,0.0,0.0,2.5819568884170866e8
steelscrap_source_Region25Yunnan_steelscrap_source_Region19Guangdong,2.187698371995906e8,0.0,0.0,3.2742552300872076e7,0.0,0.0,0.0,2.5151238950046268e8
steelscrap_source_Region25Yunnan_steelscrap_source_Region20Guangxi,3.922553378113111e8,0.0,0.0,3.390393636482448e7,0.0,0.0,0.0,4.261592741761356e8
steelscrap_source_Region25Yunnan_steelscrap_source_Region21Hainan,2.2667334623969766e8,0.0,0.0,3.1046692656630617e7,0.0,0.0,0.0,2.5772003889632827e8
steelscrap_source_Region25Yunnan_steelscrap_source_Region22Chongqing,3.105537011544559e8,0.0,0.0,3.0175467962174505e7,0.0,0.0,0.0,3.4072916911663043e8
steelscrap_source_Region25Yunnan_steelscrap_source_Region23Sichuan,3.311939372755421e8,0.0,0.0,3.0547120814714048e7,0.0,0.0,0.0,3.6174105809025615e8
steelscrap_source_Region25Yunnan_steelscrap_source_Region24Guizhou,4.7240454556145984e8,0.0,0.0,2.7777387279013723e7,0.0,0.0,0.0,5.0018193284047353e8
steelscrap_source_Region25Yunnan_steelscrap_source_Region27Shaanxi,2.0209568385131225e8,0.0,0.0,3.3608512224473104e7,0.0,0.0,0.0,2.3570419607578534e8
steelscrap_source_Region25Yunnan_steelscrap_source_Region28Gansu,1.854704965815323e8,0.0,0.0,3.487463570721393e7,0.0,0.0,0.0,2.2034513228874624e8
steelscrap_source_Region25Yunnan_steelscrap_source_Region29Qinghai,1.7620270652083063e8,0.0,0.0,3.525228815126758e7,0.0,0.0,0.0,2.1145499467209822e8
steelscrap_source_Region25Yunnan_steelscrap_source_Region30Ningxia,1.689390210034214e8,0.0,0.0,3.681744397734555e7,0.0,0.0,0.0,2.0575646498076695e8
steelscrap_source_Region25Yunnan_steelscrap_source_Region31Xinjiang,8.492413277340254e7,0.0,0.0,3.4227256312106885e7,0.0,0.0,0.0,1.1915138908550942e8
steelscrap_source_Region27Shaanxi_steelscrap_source_Region1Beijing,2.759276242504057e8,0.0,0.0,3.364477498359963e7,0.0,0.0,0.0,3.0957239923400533e8
steelscrap_source_Region27Shaanxi_steelscrap_source_Region2Tianjin,2.6415238199564153e8,0.0,0.0,3.250835314426368e7,0.0,0.0,0.0,2.966607351399052e8
steelscrap_source_Region27Shaanxi_steelscrap_source_Region3Hebei,4.211394049801154e8,0.0,0.0,3.777620462671652e7,0.0,0.0,0.0,4.589156096068319e8
steelscrap_source_Region27Shaanxi_steelscrap_source_Region4Shanxi,5.242107049458399e8,0.0,0.0,3.575117007730612e7,0.0,0.0,0.0,5.59961875023146e8
steelscrap_source_Region27Shaanxi_steelscrap_source_Region5Innermongolia,2.974644728898795e8,0.0,0.0,3.2502951404434178e7,0.0,0.0,0.0,3.299674242943137e8
steelscrap_source_Region27Shaanxi_steelscrap_source_Region6Liaoning,1.8303667780313352e8,0.0,0.0,3.597890963350289e7,0.0,0.0,0.0,2.1901558743663642e8
steelscrap_source_Region27Shaanxi_steelscrap_source_Region7Jilin,1.6312710847471637e8,0.0,0.0,3.751379737890228e7,0.0,0.0,0.0,2.0064090585361865e8
steelscrap_source_Region27Shaanxi_steelscrap_source_Region8Heilongjiang,1.4953547743197352e8,0.0,0.0,3.866488994799393e7,0.0,0.0,0.0,1.8820036737996745e8
steelscrap_source_Region27Shaanxi_steelscrap_source_Region9Shanghai,2.1510567260573292e8,0.0,0.0,3.3413081144757073e7,0.0,0.0,0.0,2.4851875375048998e8
steelscrap_source_Region27Shaanxi_steelscrap_source_Region10Jiangsu,2.8148488322818714e8,0.0,0.0,3.428485877719326e7,0.0,0.0,0.0,3.157697420053804e8
steelscrap_source_Region27Shaanxi_steelscrap_source_Region11Zhejiang,2.2153834486255506e8,0.0,0.0,3.2824598097135395e7,0.0,0.0,0.0,2.5436294295969045e8
steelscrap_source_Region27Shaanxi_steelscrap_source_Region12Anhui,3.13762057407579e8,0.0,0.0,3.254758408841298e7,0.0,0.0,0.0,3.46309641495992e8
steelscrap_source_Region27Shaanxi_steelscrap_source_Region13Fujian,1.8821106898528045e8,0.0,0.0,3.4128940509330876e7,0.0,0.0,0.0,2.2234000949461132e8
steelscrap_source_Region27Shaanxi_steelscrap_source_Region14Jiangxi,2.6576500075772303e8,0.0,0.0,3.1944953091078166e7,0.0,0.0,0.0,2.977099538488012e8
steelscrap_source_Region27Shaanxi_steelscrap_source_Region15Shandong,2.983113567993234e8,0.0,0.0,3.05172518005707e7,0.0,0.0,0.0,3.288286085998941e8
steelscrap_source_Region27Shaanxi_steelscrap_source_Region16Henan,5.586024126940036e8,0.0,0.0,3.0015569642090995e7,0.0,0.0,0.0,5.886179823360946e8
steelscrap_source_Region27Shaanxi_steelscrap_source_Region17Hubei,3.8183031343936896e8,0.0,0.0,3.161554995277964e7,0.0,0.0,0.0,4.134458633921486e8
steelscrap_source_Region27Shaanxi_steelscrap_source_Region18Hunan,2.849681921599665e8,0.0,0.0,3.121351598125511e7,0.0,0.0,0.0,3.1618170814122164e8
steelscrap_source_Region27Shaanxi_steelscrap_source_Region19Guangdong,1.8421125017720306e8,0.0,0.0,3.374750103246354e7,0.0,0.0,0.0,2.179587512096666e8
steelscrap_source_Region27Shaanxi_steelscrap_source_Region20Guangxi,2.0117115590389815e8,0.0,0.0,3.620410235750485e7,0.0,0.0,0.0,2.37375258261403e8
steelscrap_source_Region27Shaanxi_steelscrap_source_Region21Hainan,1.6093571618694106e8,0.0,0.0,3.648949138345248e7,0.0,0.0,0.0,1.9742520757039353e8
steelscrap_source_Region27Shaanxi_steelscrap_source_Region22Chongqing,3.64678451520536e8,0.0,0.0,2.9235055863562897e7,0.0,0.0,0.0,3.939135073840989e8
steelscrap_source_Region27Shaanxi_steelscrap_source_Region23Sichuan,3.649931085603819e8,0.0,0.0,2.9844269843287118e7,0.0,0.0,0.0,3.94837378403669e8
steelscrap_source_Region27Shaanxi_steelscrap_source_Region24Guizhou,2.5216320951324284e8,0.0,0.0,3.0015827372393012e7,0.0,0.0,0.0,2.8217903688563585e8
steelscrap_source_Region27Shaanxi_steelscrap_source_Region25Yunnan,1.9833958846940795e8,0.0,0.0,3.2911149046690512e7,0.0,0.0,0.0,2.3125073751609847e8
steelscrap_source_Region27Shaanxi_steelscrap_source_Region28Gansu,4.3113825371158254e8,0.0,0.0,2.9935366082707502e7,0.0,0.0,0.0,4.6107361979429007e8
steelscrap_source_Region27Shaanxi_steelscrap_source_Region29Qinghai,3.1789624365921164e8,0.0,0.0,2.9977615777063746e7,0.0,0.0,0.0,3.4787385943627536e8
steelscrap_source_Region27Shaanxi_steelscrap_source_Region30Ningxia,4.405842998045583e8,0.0,0.0,3.0679353409724012e7,0.0,0.0,0.0,4.712636532142823e8
steelscrap_source_Region27Shaanxi_steelscrap_source_Region31Xinjiang,1.1059475891217935e8,0.0,0.0,3.15047603221163e7,0.0,0.0,0.0,1.4209951923429567e8
steelscrap_source_Region28Gansu_steelscrap_source_Region1Beijing,2.725213189082948e8,0.0,0.0,4.428471432259787e7,0.0,0.0,0.0,3.1680603323089266e8
steelscrap_source_Region28Gansu_steelscrap_source_Region2Tianjin,2.6006114830291575e8,0.0,0.0,4.348222399624746e7,0.0,0.0,0.0,3.035433722991632e8
steelscrap_source_Region28Gansu_steelscrap_source_Region3Hebei,3.385060097900705e8,0.0,0.0,4.542750651382743e7,0.0,0.0,0.0,3.839335163038979e8
steelscrap_source_Region28Gansu_steelscrap_source_Region4Shanxi,3.701156821756797e8,0.0,0.0,4.128023575199426e7,0.0,0.0,0.0,4.1139591792767394e8
steelscrap_source_Region28Gansu_steelscrap_source_Region5Innermongolia,2.776818830727991e8,0.0,0.0,3.308116833673948e7,0.0,0.0,0.0,3.1076305140953857e8
steelscrap_source_Region28Gansu_steelscrap_source_Region6Liaoning,1.8379971456304497e8,0.0,0.0,4.365855886587502e7,0.0,0.0,0.0,2.2745827342891997e8
steelscrap_source_Region28Gansu_steelscrap_source_Region7Jilin,1.7025606410795093e8,0.0,0.0,4.612804296898103e7,0.0,0.0,0.0,2.1638410707693195e8
steelscrap_source_Region28Gansu_steelscrap_source_Region8Heilongjiang,1.5576468082778206e8,0.0,0.0,4.665152190792075e7,0.0,0.0,0.0,2.024162027357028e8
steelscrap_source_Region28Gansu_steelscrap_source_Region9Shanghai,2.089765207703277e8,0.0,0.0,4.6246504046473525e7,0.0,0.0,0.0,2.5522302481680122e8
steelscrap_source_Region28Gansu_steelscrap_source_Region10Jiangsu,2.449886476857324e8,0.0,0.0,4.6686669960644536e7,0.0,0.0,0.0,2.916753176463769e8
steelscrap_source_Region28Gansu_steelscrap_source_Region11Zhejiang,2.110704533430427e8,0.0,0.0,4.579525269366197e7,0.0,0.0,0.0,2.5686570603670466e8
steelscrap_source_Region28Gansu_steelscrap_source_Region12Anhui,2.578114334775564e8,0.0,0.0,4.4481065989327624e7,0.0,0.0,0.0,3.02292499466884e8
steelscrap_source_Region28Gansu_steelscrap_source_Region13Fujian,1.5022405528228813e8,0.0,0.0,3.757103622610033e7,0.0,0.0,0.0,1.8779509150838846e8
steelscrap_source_Region28Gansu_steelscrap_source_Region14Jiangxi,2.0690499832262507e8,0.0,0.0,3.910504468297623e7,0.0,0.0,0.0,2.460100430056013e8
steelscrap_source_Region28Gansu_steelscrap_source_Region15Shandong,2.2876324054829568e8,0.0,0.0,3.637335524717894e7,0.0,0.0,0.0,2.6513659579547462e8
steelscrap_source_Region28Gansu_steelscrap_source_Region16Henan,2.6495505123468548e8,0.0,0.0,3.2041897529314626e7,0.0,0.0,0.0,2.969969487640001e8
steelscrap_source_Region28Gansu_steelscrap_source_Region17Hubei,2.4252271552410454e8,0.0,0.0,3.6758359582936615e7,0.0,0.0,0.0,2.792810751070411e8
steelscrap_source_Region28Gansu_steelscrap_source_Region18Hunan,2.1386574329179454e8,0.0,0.0,3.813939088703681e7,0.0,0.0,0.0,2.5200513417883134e8
steelscrap_source_Region28Gansu_steelscrap_source_Region19Guangdong,1.467127051074202e8,0.0,0.0,3.696671126356649e7,0.0,0.0,0.0,1.836794163709867e8
steelscrap_source_Region28Gansu_steelscrap_source_Region20Guangxi,1.79059915330829e8,0.0,0.0,3.788907808400355e7,0.0,0.0,0.0,2.1694899341483253e8
steelscrap_source_Region28Gansu_steelscrap_source_Region21Hainan,1.457811506228919e8,0.0,0.0,3.8525098737942934e7,0.0,0.0,0.0,1.8430624936083484e8
steelscrap_source_Region28Gansu_steelscrap_source_Region22Chongqing,2.8149079256913364e8,0.0,0.0,3.1986737062272582e7,0.0,0.0,0.0,3.1347752963140625e8
steelscrap_source_Region28Gansu_steelscrap_source_Region23Sichuan,3.229596471919402e8,0.0,0.0,3.1122544667729918e7,0.0,0.0,0.0,3.540821918596701e8
steelscrap_source_Region28Gansu_steelscrap_source_Region24Guizhou,2.298924966606188e8,0.0,0.0,3.4591157664201126e7,0.0,0.0,0.0,2.6448365432481992e8
steelscrap_source_Region28Gansu_steelscrap_source_Region25Yunnan,1.818087078647748e8,0.0,0.0,3.414367533700468e7,0.0,0.0,0.0,2.1595238320177948e8
steelscrap_source_Region28Gansu_steelscrap_source_Region27Shaanxi,4.2918086790836346e8,0.0,0.0,2.9642091943537682e7,0.0,0.0,0.0,4.588229598519012e8
steelscrap_source_Region28Gansu_steelscrap_source_Region29Qinghai,1.0915752323907912e9,0.0,0.0,2.7362152491929114e7,0.0,0.0,0.0,1.1189373848827202e9
steelscrap_source_Region28Gansu_steelscrap_source_Region30Ningxia,6.299056794779166e8,0.0,0.0,3.0067497767079342e7,0.0,0.0,0.0,6.59973177244996e8
steelscrap_source_Region28Gansu_steelscrap_source_Region31Xinjiang,1.3927814336949357e8,0.0,0.0,3.009336417736856e7,0.0,0.0,0.0,1.6937150754686213e8
steelscrap_source_Region29Qinghai_steelscrap_source_Region1Beijing,2.5005006701159194e8,0.0,0.0,4.623425739044318e7,0.0,0.0,0.0,2.962843244020351e8
steelscrap_source_Region29Qinghai_steelscrap_source_Region2Tianjin,2.396589250222166e8,0.0,0.0,4.543933218421224e7,0.0,0.0,0.0,2.850982572064288e8
steelscrap_source_Region29Qinghai_steelscrap_source_Region3Hebei,3.025518855092564e8,0.0,0.0,4.737962527074954e7,0.0,0.0,0.0,3.4993151078000593e8
steelscrap_source_Region29Qinghai_steelscrap_source_Region4Shanxi,3.262993820105746e8,0.0,0.0,4.3702363897282876e7,0.0,0.0,0.0,3.700017459078575e8
steelscrap_source_Region29Qinghai_steelscrap_source_Region5Innermongolia,2.4429112647777894e8,0.0,0.0,3.457533743415511e7,0.0,0.0,0.0,2.78866463911934e8
steelscrap_source_Region29Qinghai_steelscrap_source_Region6Liaoning,1.7346013174686036e8,0.0,0.0,4.508807024540073e7,0.0,0.0,0.0,2.1854820199226108e8
steelscrap_source_Region29Qinghai_steelscrap_source_Region7Jilin,1.6063985475007287e8,0.0,0.0,4.712102406002137e7,0.0,0.0,0.0,2.0776087881009424e8
steelscrap_source_Region29Qinghai_steelscrap_source_Region8Heilongjiang,1.4753613572570223e8,0.0,0.0,4.74918820901035e7,0.0,0.0,0.0,1.9502801781580573e8
steelscrap_source_Region29Qinghai_steelscrap_source_Region9Shanghai,1.9303869935524023e8,0.0,0.0,4.752612778126044e7,0.0,0.0,0.0,2.4056482713650066e8
steelscrap_source_Region29Qinghai_steelscrap_source_Region10Jiangsu,2.2396171461968535e8,0.0,0.0,4.825628411005456e7,0.0,0.0,0.0,2.722179987297399e8
steelscrap_source_Region29Qinghai_steelscrap_source_Region11Zhejiang,1.949232555383252e8,0.0,0.0,4.7145438072869524e7,0.0,0.0,0.0,2.4206869361119473e8
steelscrap_source_Region29Qinghai_steelscrap_source_Region12Anhui,2.3532080191238376e8,0.0,0.0,4.6452326297504626e7,0.0,0.0,0.0,2.817731282098884e8
steelscrap_source_Region29Qinghai_steelscrap_source_Region13Fujian,1.4180847113264263e8,0.0,0.0,3.8997329561476715e7,0.0,0.0,0.0,1.8080580069411933e8
steelscrap_source_Region29Qinghai_steelscrap_source_Region14Jiangxi,1.9190703599959987e8,0.0,0.0,4.104251809911451e7,0.0,0.0,0.0,2.3294955409871438e8
steelscrap_source_Region29Qinghai_steelscrap_source_Region15Shandong,2.115975862163398e8,0.0,0.0,3.838380213964389e7,0.0,0.0,0.0,2.4998138835598367e8
steelscrap_source_Region29Qinghai_steelscrap_source_Region16Henan,2.3167013013709491e8,0.0,0.0,3.377750497398845e7,0.0,0.0,0.0,2.6544763511108336e8
steelscrap_source_Region29Qinghai_steelscrap_source_Region17Hubei,2.2066386533403918e8,0.0,0.0,3.893981676928016e7,0.0,0.0,0.0,2.5960368210331935e8
steelscrap_source_Region29Qinghai_steelscrap_source_Region18Hunan,1.9764913478442973e8,0.0,0.0,4.016889249268885e7,0.0,0.0,0.0,2.3781802727711856e8
steelscrap_source_Region29Qinghai_steelscrap_source_Region19Guangdong,1.400074404476224e8,0.0,0.0,3.816136135134024e7,0.0,0.0,0.0,1.7816880179896262e8
steelscrap_source_Region29Qinghai_steelscrap_source_Region20Guangxi,1.6779504116628215e8,0.0,0.0,3.938708932976528e7,0.0,0.0,0.0,2.0718213049604744e8
steelscrap_source_Region29Qinghai_steelscrap_source_Region21Hainan,1.388840643524291e8,0.0,0.0,3.991528009488827e7,0.0,0.0,0.0,1.7879934444731736e8
steelscrap_source_Region29Qinghai_steelscrap_source_Region22Chongqing,2.5166662803931466e8,0.0,0.0,3.4427994715778194e7,0.0,0.0,0.0,2.8609462275509286e8
steelscrap_source_Region29Qinghai_steelscrap_source_Region23Sichuan,2.9581721354059553e8,0.0,0.0,3.2618778079742882e7,0.0,0.0,0.0,3.2843599162033844e8
steelscrap_source_Region29Qinghai_steelscrap_source_Region24Guizhou,2.120069051054615e8,0.0,0.0,3.680439872630802e7,0.0,0.0,0.0,2.4881130383176953e8
steelscrap_source_Region29Qinghai_steelscrap_source_Region25Yunnan,1.758454447893519e8,0.0,0.0,3.512805835408614e7,0.0,0.0,0.0,2.1097350314343804e8
steelscrap_source_Region29Qinghai_steelscrap_source_Region27Shaanxi,3.274574533175724e8,0.0,0.0,3.0770085363408018e7,0.0,0.0,0.0,3.5822753868098044e8
steelscrap_source_Region29Qinghai_steelscrap_source_Region28Gansu,1.2459322430514803e9,0.0,0.0,3.106524392675033e7,0.0,0.0,0.0,1.2769974869782307e9
steelscrap_source_Region29Qinghai_steelscrap_source_Region30Ningxia,4.6976075986979514e8,0.0,0.0,3.1348701375311133e7,0.0,0.0,0.0,5.011094612451063e8
steelscrap_source_Region29Qinghai_steelscrap_source_Region31Xinjiang,1.5233321845701382e8,0.0,0.0,3.0040110679723144e7,0.0,0.0,0.0,1.8237332913673696e8
steelscrap_source_Region30Ningxia_steelscrap_source_Region1Beijing,2.715145065795805e8,0.0,0.0,3.3513940595472783e7,0.0,0.0,0.0,3.0502844717505324e8
steelscrap_source_Region30Ningxia_steelscrap_source_Region2Tianjin,2.545642952328613e8,0.0,0.0,3.2618171695837274e7,0.0,0.0,0.0,2.871824669286986e8
steelscrap_source_Region30Ningxia_steelscrap_source_Region3Hebei,3.603655779020924e8,0.0,0.0,3.644497211183135e7,0.0,0.0,0.0,3.9681055001392376e8
steelscrap_source_Region30Ningxia_steelscrap_source_Region4Shanxi,4.366134825046199e8,0.0,0.0,3.4245050811112404e7,0.0,0.0,0.0,4.708585333157323e8
steelscrap_source_Region30Ningxia_steelscrap_source_Region5Innermongolia,4.262615482963937e8,0.0,0.0,3.154335457393322e7,0.0,0.0,0.0,4.5780490287032694e8
steelscrap_source_Region30Ningxia_steelscrap_source_Region6Liaoning,1.8360940750294417e8,0.0,0.0,3.644034707575099e7,0.0,0.0,0.0,2.2004975457869518e8
steelscrap_source_Region30Ningxia_steelscrap_source_Region7Jilin,1.6634002975938702e8,0.0,0.0,3.7770276090698056e7,0.0,0.0,0.0,2.0411030585008508e8
steelscrap_source_Region30Ningxia_steelscrap_source_Region8Heilongjiang,1.5330353011571905e8,0.0,0.0,3.886244488433486e7,0.0,0.0,0.0,1.921659750000539e8
steelscrap_source_Region30Ningxia_steelscrap_source_Region9Shanghai,1.7390954950838253e8,0.0,0.0,3.736736520436768e7,0.0,0.0,0.0,2.112769147127502e8
steelscrap_source_Region30Ningxia_steelscrap_source_Region10Jiangsu,2.0294992449656647e8,0.0,0.0,3.712630618790522e7,0.0,0.0,0.0,2.400762306844717e8
steelscrap_source_Region30Ningxia_steelscrap_source_Region11Zhejiang,1.737724604283441e8,0.0,0.0,3.707145822471344e7,0.0,0.0,0.0,2.1084391865305755e8
steelscrap_source_Region30Ningxia_steelscrap_source_Region12Anhui,2.0793526738468045e8,0.0,0.0,3.553613719604202e7,0.0,0.0,0.0,2.4347140458072248e8
steelscrap_source_Region30Ningxia_steelscrap_source_Region13Fujian,1.4896965282956904e8,0.0,0.0,3.734669196437288e7,0.0,0.0,0.0,1.8631634479394192e8
steelscrap_source_Region30Ningxia_steelscrap_source_Region14Jiangxi,1.8959194006912667e8,0.0,0.0,3.594031210577074e7,0.0,0.0,0.0,2.255322521748974e8
steelscrap_source_Region30Ningxia_steelscrap_source_Region15Shandong,2.4972939275703263e8,0.0,0.0,3.1449254861202393e7,0.0,0.0,0.0,2.8117864761823505e8
steelscrap_source_Region30Ningxia_steelscrap_source_Region16Henan,2.8467943896140623e8,0.0,0.0,3.095414432973682e7,0.0,0.0,0.0,3.1563358329114306e8
steelscrap_source_Region30Ningxia_steelscrap_source_Region17Hubei,2.2281681433027345e8,0.0,0.0,3.389786468677897e7,0.0,0.0,0.0,2.567146790170524e8
steelscrap_source_Region30Ningxia_steelscrap_source_Region18Hunan,1.9599064021907142e8,0.0,0.0,3.5062725535191745e7,0.0,0.0,0.0,2.3105336575426316e8
steelscrap_source_Region30Ningxia_steelscrap_source_Region19Guangdong,1.454992047338683e8,0.0,0.0,3.674824914228377e7,0.0,0.0,0.0,1.8224745387615207e8
steelscrap_source_Region30Ningxia_steelscrap_source_Region20Guangxi,1.6388043344177738e8,0.0,0.0,3.897622975356952e7,0.0,0.0,0.0,2.028566631953469e8
steelscrap_source_Region30Ningxia_steelscrap_source_Region21Hainan,1.363974727474619e8,0.0,0.0,3.962346583313749e7,0.0,0.0,0.0,1.7602093858059937e8
steelscrap_source_Region30Ningxia_steelscrap_source_Region22Chongqing,2.2982024642872474e8,0.0,0.0,3.1722854682044994e7,0.0,0.0,0.0,2.6154310111076972e8
steelscrap_source_Region30Ningxia_steelscrap_source_Region23Sichuan,2.3875847620057115e8,0.0,0.0,3.17787531822959e7,0.0,0.0,0.0,2.7053722938286704e8
steelscrap_source_Region30Ningxia_steelscrap_source_Region24Guizhou,1.9142457992741352e8,0.0,0.0,3.367158360923194e7,0.0,0.0,0.0,2.2509616353664547e8
steelscrap_source_Region30Ningxia_steelscrap_source_Region25Yunnan,1.6345651619426528e8,0.0,0.0,3.560627777765088e7,0.0,0.0,0.0,1.9906279397191614e8
steelscrap_source_Region30Ningxia_steelscrap_source_Region27Shaanxi,4.159651219087306e8,0.0,0.0,2.89789034929749e7,0.0,0.0,0.0,4.449440254017055e8
steelscrap_source_Region30Ningxia_steelscrap_source_Region28Gansu,5.89508049437946e8,0.0,0.0,2.8040932884931535e7,0.0,0.0,0.0,6.175489823228775e8
steelscrap_source_Region30Ningxia_steelscrap_source_Region29Qinghai,4.252968298996264e8,0.0,0.0,2.8466534481281776e7,0.0,0.0,0.0,4.5376336438090813e8
steelscrap_source_Region30Ningxia_steelscrap_source_Region31Xinjiang,1.3287704797555444e8,0.0,0.0,3.005235901713777e7,0.0,0.0,0.0,1.629294069926922e8
steelscrap_source_Region31Xinjiang_steelscrap_source_Region1Beijing,1.0518785204081224e8,0.0,0.0,3.313417339285587e7,0.0,0.0,0.0,1.383220254336681e8
steelscrap_source_Region31Xinjiang_steelscrap_source_Region2Tianjin,1.0032436028892492e8,0.0,0.0,3.2959896500254728e7,0.0,0.0,0.0,1.3328425678917965e8
steelscrap_source_Region31Xinjiang_steelscrap_source_Region3Hebei,1.081681930919296e8,0.0,0.0,3.4217205081413746e7,0.0,0.0,0.0,1.4238539817334336e8
steelscrap_source_Region31Xinjiang_steelscrap_source_Region4Shanxi,1.1322998946525748e8,0.0,0.0,3.3153740915427662e7,0.0,0.0,0.0,1.4638373038068515e8
steelscrap_source_Region31Xinjiang_steelscrap_source_Region5Innermongolia,1.224548599088785e8,0.0,0.0,3.1919900149581086e7,0.0,0.0,0.0,1.5437476005845958e8
steelscrap_source_Region31Xinjiang_steelscrap_source_Region6Liaoning,8.709470760402994e7,0.0,0.0,3.417596326382132e7,0.0,0.0,0.0,1.2127067086785126e8
steelscrap_source_Region31Xinjiang_steelscrap_source_Region7Jilin,8.503903179933175e7,0.0,0.0,3.420269858969124e7,0.0,0.0,0.0,1.1924173038902299e8
steelscrap_source_Region31Xinjiang_steelscrap_source_Region8Heilongjiang,8.150737713802661e7,0.0,0.0,3.4464035966528915e7,0.0,0.0,0.0,1.1597141310455552e8
steelscrap_source_Region31Xinjiang_steelscrap_source_Region9Shanghai,8.0405526895979e7,0.0,0.0,3.515061617469214e7,0.0,0.0,0.0,1.1555614307067114e8
steelscrap_source_Region31Xinjiang_steelscrap_source_Region10Jiangsu,8.660028065370506e7,0.0,0.0,3.519724073368758e7,0.0,0.0,0.0,1.2179752138739264e8
steelscrap_source_Region31Xinjiang_steelscrap_source_Region11Zhejiang,8.075835138017644e7,0.0,0.0,3.495490642238648e7,0.0,0.0,0.0,1.1571325780256292e8
steelscrap_source_Region31Xinjiang_steelscrap_source_Region12Anhui,8.870590494853878e7,0.0,0.0,3.4453373482012644e7,0.0,0.0,0.0,1.2315927843055142e8
steelscrap_source_Region31Xinjiang_steelscrap_source_Region13Fujian,7.701287652854086e7,0.0,0.0,3.588543336641584e7,0.0,0.0,0.0,1.1289830989495671e8
steelscrap_source_Region31Xinjiang_steelscrap_source_Region14Jiangxi,8.516491396418801e7,0.0,0.0,3.448043483363423e7,0.0,0.0,0.0,1.1964534879782224e8
steelscrap_source_Region31Xinjiang_steelscrap_source_Region15Shandong,9.389547372946739e7,0.0,0.0,3.3079375394891288e7,0.0,0.0,0.0,1.2697484912435868e8
steelscrap_source_Region31Xinjiang_steelscrap_source_Region16Henan,9.811357309550919e7,0.0,0.0,3.287785834430526e7,0.0,0.0,0.0,1.3099143143981445e8
steelscrap_source_Region31Xinjiang_steelscrap_source_Region17Hubei,9.204165003808615e7,0.0,0.0,3.38191702789943e7,0.0,0.0,0.0,1.2586082031708044e8
steelscrap_source_Region31Xinjiang_steelscrap_source_Region18Hunan,8.664376546504904e7,0.0,0.0,3.415497234632226e7,0.0,0.0,0.0,1.207987378113713e8
steelscrap_source_Region31Xinjiang_steelscrap_source_Region19Guangdong,7.68102693789803e7,0.0,0.0,3.593440435779959e7,0.0,0.0,0.0,1.1274467373677988e8
steelscrap_source_Region31Xinjiang_steelscrap_source_Region20Guangxi,8.30825147085577e7,0.0,0.0,3.545961727761235e7,0.0,0.0,0.0,1.1854213198617005e8
steelscrap_source_Region31Xinjiang_steelscrap_source_Region21Hainan,7.41455652596041e7,0.0,0.0,3.555032702313816e7,0.0,0.0,0.0,1.0969589228274226e8
steelscrap_source_Region31Xinjiang_steelscrap_source_Region22Chongqing,9.841667558559875e7,0.0,0.0,3.2365964044250447e7,0.0,0.0,0.0,1.307826396298492e8
steelscrap_source_Region31Xinjiang_steelscrap_source_Region23Sichuan,1.0317988670734476e8,0.0,0.0,3.2147413368451715e7,0.0,0.0,0.0,1.3532730007579648e8
steelscrap_source_Region31Xinjiang_steelscrap_source_Region24Guizhou,9.015435250972632e7,0.0,0.0,3.2966441567723315e7,0.0,0.0,0.0,1.2312079407744963e8
steelscrap_source_Region31Xinjiang_steelscrap_source_Region25Yunnan,8.463429598830074e7,0.0,0.0,3.41076212832851e7,0.0,0.0,0.0,1.1874191727158584e8
steelscrap_source_Region31Xinjiang_steelscrap_source_Region27Shaanxi,1.1130784745233692e8,0.0,0.0,3.171531600075248e7,0.0,0.0,0.0,1.4302316345308942e8
steelscrap_source_Region31Xinjiang_steelscrap_source_Region28Gansu,1.4077477829808915e8,0.0,0.0,3.0454277038486704e7,0.0,0.0,0.0,1.7122905533657587e8
steelscrap_source_Region31Xinjiang_steelscrap_source_Region29Qinghai,1.5166293753922632e8,0.0,0.0,2.994837473274583e7,0.0,0.0,0.0,1.8161131227197215e8
steelscrap_source_Region31Xinjiang_steelscrap_source_Region30Ningxia,1.360110636635057e8,0.0,0.0,3.0851842941005286e7,0.0,0.0,0.0,1.66862906604511e8
coal_Region1Beijing_Region1Beijing_tradcement_transforms,1.5673985424287573e8,0.0,0.0,0.0,0.0,0.0,0.0,1.5673985424287573e8
Region1Beijing_tradcement_transforms_cement_Region1Beijing,0.0,172995.8067824153,59572.54473008669,8.812335482183579e7,0.0,0.0,0.0,8.83559231733483e7
coal_Region2Tianjin_Region2Tianjin_tradcement_transforms,3.3593859957227767e8,0.0,0.0,0.0,0.0,0.0,0.0,3.3593859957227767e8
Region2Tianjin_tradcement_transforms_cement_Region2Tianjin,0.0,172462.90943720986,115863.06856516215,1.713917434310615e8,0.0,0.0,0.0,1.7168006940906388e8
coal_Region3Hebei_Region3Hebei_tradcement_transforms,6.127582843138492e9,0.0,0.0,0.0,0.0,0.0,0.0,6.127582843138492e9
Region3Hebei_tradcement_transforms_cement_Region3Hebei,0.0,172452.93573363242,2.64650813254754e6,3.914876832272964e9,0.0,0.0,0.0,3.917695793341245e9
coal_Region4Shanxi_Region4Shanxi_tradcement_transforms,2.672928884117266e9,0.0,0.0,0.0,0.0,0.0,0.0,2.672928884117266e9
Region4Shanxi_tradcement_transforms_cement_Region4Shanxi,0.0,171868.74976258157,1.26043099880106e6,1.8645066890971608e9,0.0,0.0,0.0,1.8659389888457243e9
coal_Region5Innermongolia_Region5Innermongolia_tradcement_transforms,1.0700483580089937e9,0.0,0.0,0.0,0.0,0.0,0.0,1.0700483580089937e9
Region5Innermongolia_tradcement_transforms_cement_Region5Innermongolia,0.0,171958.7645439664,794328.5226005112,1.1750193744346962e9,0.0,0.0,0.0,1.1759856617218406e9
coal_Region6Liaoning_Region6Liaoning_tradcement_transforms,3.369645822040623e9,0.0,0.0,0.0,0.0,0.0,0.0,3.369645822040623e9
Region6Liaoning_tradcement_transforms_cement_Region6Liaoning,0.0,172087.91576828875,1.1946926265168043e6,1.7672624647239654e9,0.0,0.0,0.0,1.7686292452662506e9
coal_Region7Jilin_Region7Jilin_tradcement_transforms,1.5094213321406338e9,0.0,0.0,0.0,0.0,0.0,0.0,1.5094213321406338e9
Region7Jilin_tradcement_transforms_cement_Region7Jilin,0.0,172269.30328885483,514059.041726152,7.604276019877305e8,0.0,0.0,0.0,7.611139303327456e8
coal_Region8Heilongjiang_Region8Heilongjiang_tradcement_transforms,1.4676488758435333e9,0.0,0.0,0.0,0.0,0.0,0.0,1.4676488758435333e9
Region8Heilongjiang_tradcement_transforms_cement_Region8Heilongjiang,0.0,172264.27890326452,547950.2150283327,8.105615001411235e8,0.0,0.0,0.0,8.112817146350552e8
coal_Region9Shanghai_Region9Shanghai_tradcement_transforms,2.375865177419934e8,0.0,0.0,0.0,0.0,0.0,0.0,2.375865177419934e8
Region9Shanghai_tradcement_transforms_cement_Region9Shanghai,0.0,172958.87905399883,82996.46792706587,1.2277345588029136e8,0.0,0.0,0.0,1.2302941122727242e8
coal_Region10Jiangsu_Region10Jiangsu_tradcement_transforms,1.0010718289827124e10,0.0,0.0,0.0,0.0,0.0,0.0,1.0010718289827124e10
Region10Jiangsu_tradcement_transforms_cement_Region10Jiangsu,0.0,173136.11252140452,3.274355469192011e6,4.84362704550873e9,0.0,0.0,0.0,4.847074537090444e9
coal_Region11Zhejiang_Region11Zhejiang_tradcement_transforms,8.522828098297504e9,0.0,0.0,0.0,0.0,0.0,0.0,8.522828098297504e9
Region11Zhejiang_tradcement_transforms_cement_Region11Zhejiang,0.0,172162.8562946011,2.876815776801587e6,4.2555619976412745e9,0.0,0.0,0.0,4.2586109762743707e9
coal_Region12Anhui_Region12Anhui_tradcement_transforms,1.0244668712564564e10,0.0,0.0,0.0,0.0,0.0,0.0,1.0244668712564564e10
Region12Anhui_tradcement_transforms_cement_Region12Anhui,0.0,173176.7291694973,3.186349617617823e6,4.713443402694606e9,0.0,0.0,0.0,4.716802929041393e9
coal_Region13Fujian_Region13Fujian_tradcement_transforms,6.357132302198653e9,0.0,0.0,0.0,0.0,0.0,0.0,6.357132302198653e9
Region13Fujian_tradcement_transforms_cement_Region13Fujian,0.0,172034.60801261867,2.11573786828744e6,3.1297289669569135e9,0.0,0.0,0.0,3.1320167394332137e9
coal_Region14Jiangxi_Region14Jiangxi_tradcement_transforms,8.147107210914162e9,0.0,0.0,0.0,0.0,0.0,0.0,8.147107210914162e9
Region14Jiangxi_tradcement_transforms_cement_Region14Jiangxi,0.0,172050.12820762533,2.2470923817617367e6,3.324036603986554e9,0.0,0.0,0.0,3.3264557464965234e9
coal_Region15Shandong_Region15Shandong_tradcement_transforms,1.1219701567370848e10,0.0,0.0,0.0,0.0,0.0,0.0,1.1219701567370848e10
Region15Shandong_tradcement_transforms_cement_Region15Shandong,0.0,172701.14949271598,3.5955334188044732e6,5.318733129072675e9,0.0,0.0,0.0,5.322501363640972e9
coal_Region16Henan_Region16Henan_tradcement_transforms,8.404693809324403e9,0.0,0.0,0.0,0.0,0.0,0.0,8.404693809324403e9
Region16Henan_tradcement_transforms_cement_Region16Henan,0.0,172565.95792111973,2.657566508850354e6,3.931235059424438e9,0.0,0.0,0.0,3.9340651918912096e9
coal_Region17Hubei_Region17Hubei_tradcement_transforms,7.6994667617164955e9,0.0,0.0,0.0,0.0,0.0,0.0,7.6994667617164955e9
Region17Hubei_tradcement_transforms_cement_Region17Hubei,0.0,172063.89918336706,2.2169374033038844e6,3.279429513953269e9,0.0,0.0,0.0,3.2818185152557564e9
coal_Region18Hunan_Region18Hunan_tradcement_transforms,9.05833563460613e9,0.0,0.0,0.0,0.0,0.0,0.0,9.05833563460613e9
Region18Hunan_tradcement_transforms_cement_Region18Hunan,0.0,172243.18012011057,2.4840017159740985e6,3.6744873932551913e9,0.0,0.0,0.0,3.6771436381512856e9
coal_Region19Guangdong_Region19Guangdong_tradcement_transforms,1.1652610671423944e10,0.0,0.0,0.0,0.0,0.0,0.0,1.1652610671423944e10
Region19Guangdong_tradcement_transforms_cement_Region19Guangdong,0.0,2.1992156529227942e8,3.7342660884375256e6,5.523954986336705e9,0.0,0.0,0.0,5.7476108177174225e9
coal_Region20Guangxi_Region20Guangxi_tradcement_transforms,9.96639331528363e9,0.0,0.0,0.0,0.0,0.0,0.0,9.96639331528363e9
Region20Guangxi_tradcement_transforms_cement_Region20Guangxi,0.0,171990.2868046815,2.764930176929278e6,4.090053969376328e9,0.0,0.0,0.0,4.092990889840062e9
coal_Region21Hainan_Region21Hainan_tradcement_transforms,1.043939109380114e9,0.0,0.0,0.0,0.0,0.0,0.0,1.043939109380114e9
Region21Hainan_tradcement_transforms_cement_Region21Hainan,0.0,172280.67515134948,413304.98982874164,6.113860408907292e8,0.0,0.0,0.0,6.119716265557092e8
coal_Region22Chongqing_Region22Chongqing_tradcement_transforms,4.507598734675541e9,0.0,0.0,0.0,0.0,0.0,0.0,4.507598734675541e9
Region22Chongqing_tradcement_transforms_cement_Region22Chongqing,0.0,171889.0329621352,1.40658076277498e6,2.0807003663381524e9,0.0,0.0,0.0,2.0822788361338894e9
coal_Region23Sichuan_Region23Sichuan_tradcement_transforms,1.1245620541158264e10,0.0,0.0,0.0,0.0,0.0,0.0,1.1245620541158264e10
Region23Sichuan_tradcement_transforms_cement_Region23Sichuan,0.0,173579.85365253166,3.2928765259239534e6,4.871024526369398e9,0.0,0.0,0.0,4.874490982748975e9
coal_Region24Guizhou_Region24Guizhou_tradcement_transforms,6.583657660274552e9,0.0,0.0,0.0,0.0,0.0,0.0,6.583657660274552e9
Region24Guizhou_tradcement_transforms_cement_Region24Guizhou,0.0,172628.2491496339,2.5275441995254173e6,3.7388981003217106e9,0.0,0.0,0.0,3.7415982727703857e9
coal_Region25Yunnan_Region25Yunnan_tradcement_transforms,6.6863218365717945e9,0.0,0.0,0.0,0.0,0.0,0.0,6.6863218365717945e9
Region25Yunnan_tradcement_transforms_cement_Region25Yunnan,0.0,173364.02050188865,3.0038872493002717e6,4.443533898278898e9,0.0,0.0,0.0,4.4467111495487e9
coal_Region26Tibet_Region26Tibet_tradcement_transforms,0.31358466123598133,0.0,0.0,0.0,0.0,0.0,0.0,0.31358466123598133
Region26Tibet_tradcement_transforms_cement_Region26Tibet,0.0,0.19091681981493133,0.00011918497913876094,0.17630571689803376,0.0,0.0,0.0,0.3673417216921039
coal_Region27Shaanxi_Region27Shaanxi_tradcement_transforms,3.560734281512411e9,0.0,0.0,0.0,0.0,0.0,0.0,3.560734281512411e9
Region27Shaanxi_tradcement_transforms_cement_Region27Shaanxi,0.0,171862.0779226435,1.5274695357986297e6,2.259526439446285e9,0.0,0.0,0.0,2.261225771060006e9
coal_Region28Gansu_Region28Gansu_tradcement_transforms,3.0173207071786313e9,0.0,0.0,0.0,0.0,0.0,0.0,3.0173207071786313e9
Region28Gansu_tradcement_transforms_cement_Region28Gansu,0.0,172350.52194209478,1.0839332014570977e6,1.603420343179172e9,0.0,0.0,0.0,1.6046766269025712e9
coal_Region29Qinghai_Region29Qinghai_tradcement_transforms,7.164135229799976e8,0.0,0.0,0.0,0.0,0.0,0.0,7.164135229799976e8
Region29Qinghai_tradcement_transforms_cement_Region29Qinghai,0.0,172393.34903423677,280710.56226977584,4.152442470473024e8,0.0,0.0,0.0,4.156973509586064e8
coal_Region30Ningxia_Region30Ningxia_tradcement_transforms,9.148759253412126e8,0.0,0.0,0.0,0.0,0.0,0.0,9.148759253412126e8
Region30Ningxia_tradcement_transforms_cement_Region30Ningxia,0.0,172255.10239770365,443519.6339812875,6.560813920719485e8,0.0,0.0,0.0,6.566971668083276e8
coal_Region31Xinjiang_Region31Xinjiang_tradcement_transforms,1.181752807773671e9,0.0,0.0,0.0,0.0,0.0,0.0,1.181752807773671e9
Region31Xinjiang_tradcement_transforms_cement_Region31Xinjiang,0.0,172208.6181688426,935733.3730502395,1.384194085136898e9,0.0,0.0,0.0,1.385302027128117e9
elec_Region3Hebei_elec_Region1Beijing,0.0,0.0,3.1652954128539167e7,0.0,0.0,0.0,0.0,3.1652954128539167e7
elec_Region3Hebei_elec_Region6Liaoning,0.0,0.0,6.079359546324503e6,0.0,0.0,0.0,0.0,6.079359546324503e6
elec_Region4Shanxi_elec_Region10Jiangsu,0.0,325332.34669211484,3.908689169959477e8,0.0,0.0,0.0,0.0,3.911942493426398e8
elec_Region5Innermongolia_elec_Region6Liaoning,0.0,419283.61321575235,1.618752887752726e8,0.0,0.0,0.0,0.0,1.6229457238848835e8
elec_Region5Innermongolia_elec_Region10Jiangsu,0.0,572778.0035530197,3.908379165309795e8,0.0,0.0,0.0,0.0,3.9141069453453255e8
elec_Region5Innermongolia_elec_Region12Anhui,0.0,816564.8797494906,2.331028963255058e8,0.0,0.0,0.0,0.0,2.3391946120525527e8
elec_Region5Innermongolia_elec_Region14Jiangxi,0.0,666449.2290122111,2.538094303872321e8,0.0,0.0,0.0,0.0,2.5447587961624432e8
elec_Region5Innermongolia_elec_Region15Shandong,0.0,0.0,2.7971403482074606e8,0.0,0.0,0.0,0.0,2.7971403482074606e8
elec_Region5Innermongolia_elec_Region18Hunan,0.0,1.1779792981565434e6,2.5386250520979515e8,0.0,0.0,0.0,0.0,2.5504048450795168e8
elec_Region5Innermongolia_elec_Region22Chongqing,0.0,2.6034297378284827e7,2.4843735412244773e8,0.0,0.0,0.0,0.0,2.7447165150073254e8
elec_Region6Liaoning_elec_Region3Hebei,0.0,1.158817769527615e7,1.3347932610090032e7,0.0,0.0,0.0,0.0,2.493611030536618e7
elec_Region8Heilongjiang_elec_Region3Hebei,0.0,3.1359320962889853e9,2.478110492046491e8,0.0,0.0,0.0,0.0,3.383743145493634e9
elec_Region17Hubei_elec_Region9Shanghai,0.0,0.0,1.2067708603908631e8,0.0,0.0,0.0,0.0,1.2067708603908631e8
elec_Region17Hubei_elec_Region10Jiangsu,0.0,0.0,3.357687353005094e7,0.0,0.0,0.0,0.0,3.357687353005094e7
elec_Region17Hubei_elec_Region19Guangdong,0.0,0.0,4.903948501627518e7,0.0,0.0,0.0,0.0,4.903948501627518e7
elec_Region22Chongqing_elec_Region17Hubei,0.0,0.0,2.33875790832839e7,0.0,0.0,0.0,0.0,2.33875790832839e7
elec_Region23Sichuan_elec_Region9Shanghai,0.0,0.0,1.298524777832873e8,0.0,0.0,0.0,0.0,1.298524777832873e8
elec_Region23Sichuan_elec_Region10Jiangsu,0.0,2.938657144584318e9,3.5283656428714377e8,0.0,0.0,0.0,0.0,3.291493708871462e9
elec_Region23Sichuan_elec_Region11Zhejiang,0.0,1.1347870047878968e6,1.343897627483646e8,0.0,0.0,0.0,0.0,1.355245497531525e8
elec_Region23Sichuan_elec_Region13Fujian,0.0,1.1277458846802738e7,1.914824577155698e7,0.0,0.0,0.0,0.0,3.042570461835972e7
elec_Region23Sichuan_elec_Region14Jiangxi,0.0,2.8775437265308476e6,1.4851877460577874e7,0.0,0.0,0.0,0.0,1.772942118710872e7
elec_Region23Sichuan_elec_Region27Shaanxi,0.0,0.0,3.6498380769383624e7,0.0,0.0,0.0,0.0,3.6498380769383624e7
elec_Region24Guizhou_elec_Region19Guangdong,0.0,923006.175335861,3.1276921449794173e8,0.0,0.0,0.0,0.0,3.136922206732776e8
elec_Region25Yunnan_elec_Region19Guangdong,0.0,6.847559468700894e9,8.87107113877715e8,0.0,0.0,0.0,0.0,7.734666582578609e9
elec_Region25Yunnan_elec_Region20Guangxi,0.0,0.0,4.846925844631848e7,0.0,0.0,0.0,0.0,4.846925844631848e7
elec_Region25Yunnan_elec_Region24Guizhou,0.0,0.0,1.1270484942849478e7,0.0,0.0,0.0,0.0,1.1270484942849478e7
elec_Region26Tibet_elec_Region3Hebei,0.0,1.2608518669768933e6,1.7937962485821147e7,0.0,0.0,0.0,0.0,1.919881435279804e7
elec_Region26Tibet_elec_Region16Henan,0.0,1.1380966597342438e6,2.7774274533204522e7,0.0,0.0,0.0,0.0,2.8912371192938767e7
elec_Region26Tibet_elec_Region19Guangdong,0.0,2.4898257268660655e6,2.8626798967158127e8,0.0,0.0,0.0,0.0,2.8875781539844733e8
elec_Region27Shaanxi_elec_Region16Henan,0.0,0.0,1.4651630425704322e6,0.0,0.0,0.0,0.0,1.4651630425704322e6
elec_Region27Shaanxi_elec_Region17Hubei,0.0,9.030546561737595e8,2.345220669504081e8,0.0,0.0,0.0,0.0,1.1375767231241674e9
elec_Region28Gansu_elec_Region15Shandong,0.0,1.848983400256737e9,2.1221061640876734e8,0.0,0.0,0.0,0.0,2.0611940166655045e9
elec_Region28Gansu_elec_Region17Hubei,0.0,6.477492764085569e8,2.3610669971622235e8,0.0,0.0,0.0,0.0,8.838559761247792e8
elec_Region28Gansu_elec_Region18Hunan,0.0,2.7693817643038354e9,4.0357146593025e8,0.0,0.0,0.0,0.0,3.1729532302340856e9
elec_Region29Qinghai_elec_Region13Fujian,0.0,1.1213921556903077e6,2.987365368396141e8,0.0,0.0,0.0,0.0,2.998579289953044e8
elec_Region29Qinghai_elec_Region14Jiangxi,0.0,1.0459071034250691e6,8.442436912944569e7,0.0,0.0,0.0,0.0,8.547027623287076e7
elec_Region29Qinghai_elec_Region16Henan,0.0,2.875536408376909e9,3.649794764682831e8,0.0,0.0,0.0,0.0,3.240515884845192e9
elec_Region29Qinghai_elec_Region26Tibet,0.0,0.0,2.3888136771355983e7,0.0,0.0,0.0,0.0,2.3888136771355983e7
elec_Region30Ningxia_elec_Region11Zhejiang,0.0,467359.56136464904,4.039363799894434e8,0.0,0.0,0.0,0.0,4.044037395508081e8
elec_Region30Ningxia_elec_Region13Fujian,0.0,532657.9924815528,1.3722593428173798e8,0.0,0.0,0.0,0.0,1.3775859227421954e8
elec_Region30Ningxia_elec_Region15Shandong,0.0,1.1514032670213284e9,3.00839979349861e8,0.0,0.0,0.0,0.0,1.4522432463711896e9
elec_Region31Xinjiang_elec_Region12Anhui,0.0,363018.8760718418,6.939525217468013e8,0.0,0.0,0.0,0.0,6.943155406228731e8
elec_Region31Xinjiang_elec_Region14Jiangxi,0.0,329977.13610179856,3.699631923792359e8,0.0,0.0,0.0,0.0,3.702931695153377e8
elec_Region31Xinjiang_elec_Region16Henan,0.0,374926.1943607933,4.838155305899226e8,0.0,0.0,0.0,0.0,4.841904567842834e8
elec_Region31Xinjiang_elec_Region17Hubei,0.0,388954.3875658549,3.519984231147538e8,0.0,0.0,0.0,0.0,3.5238737750231963e8
elec_Region31Xinjiang_elec_Region18Hunan,0.0,351672.8917975369,3.575737331899215e8,0.0,0.0,0.0,0.0,3.5792540608171904e8
elec_Region31Xinjiang_elec_Region22Chongqing,0.0,420152.914293978,3.113440290989059e8,0.0,0.0,0.0,0.0,3.117641820131999e8
elec_Region31Xinjiang_elec_Region23Sichuan,0.0,490751.25071227027,5.575933829720713e8,0.0,0.0,0.0,0.0,5.580841342227836e8
elec_Region1Beijing_elec_Region2Tianjin,0.0,1.2476399168934166e6,3.2517903424047645e7,0.0,0.0,0.0,0.0,3.3765543340941064e7
elec_Region1Beijing_elec_Region3Hebei,0.0,1.2416353775502977e9,2.9055098943982464e8,0.0,0.0,0.0,0.0,1.5321863669901223e9
elec_Region2Tianjin_elec_Region3Hebei,0.0,2.3199884541689935e8,1.6219562727545464e8,0.0,0.0,0.0,0.0,3.9419447269235396e8
elec_Region2Tianjin_elec_Region15Shandong,0.0,1.9860026418269586e6,7.446032700653888e7,0.0,0.0,0.0,0.0,7.644632964836584e7
elec_Region3Hebei_elec_Region4Shanxi,0.0,7.766696577186319e8,2.3999006085865152e8,0.0,0.0,0.0,0.0,1.0166597185772834e9
elec_Region3Hebei_elec_Region5Innermongolia,0.0,979223.2456613409,4.5335445158378613e8,0.0,0.0,0.0,0.0,4.5433367482944745e8
elec_Region3Hebei_elec_Region15Shandong,0.0,2.6465159292801948e9,5.0853796150612336e8,0.0,0.0,0.0,0.0,3.1550538907863183e9
elec_Region3Hebei_elec_Region16Henan,0.0,0.0,2.69168811757161e6,0.0,0.0,0.0,0.0,2.69168811757161e6
elec_Region3Hebei_elec_Region27Shaanxi,0.0,0.0,3.5304309046956554e7,0.0,0.0,0.0,0.0,3.5304309046956554e7
elec_Region4Shanxi_elec_Region5Innermongolia,0.0,1.781761896795615e8,4.2537725974701065e8,0.0,0.0,0.0,0.0,6.035534494265721e8
elec_Region4Shanxi_elec_Region16Henan,0.0,355579.7614934359,1.2400531948500377e8,0.0,0.0,0.0,0.0,1.243608992464972e8
elec_Region4Shanxi_elec_Region27Shaanxi,0.0,5.248470187458978e9,4.471648524975954e8,0.0,0.0,0.0,0.0,5.6956350399565735e9
elec_Region4Shanxi_elec_Region28Gansu,0.0,7.61235442794931e8,1.829056834102616e8,0.0,0.0,0.0,0.0,9.441411262051927e8
elec_Region5Innermongolia_elec_Region7Jilin,0.0,1.6667402664980117e7,1.1448808992356682e8,0.0,0.0,0.0,0.0,1.3115549258854693e8
elec_Region5Innermongolia_elec_Region8Heilongjiang,0.0,3.966973883443685e8,1.1906003518899208e8,0.0,0.0,0.0,0.0,5.157574235333606e8
elec_Region6Liaoning_elec_Region7Jilin,0.0,108964.5625710122,6.08875938887193e7,0.0,0.0,0.0,0.0,6.099655845129031e7
elec_Region7Jilin_elec_Region8Heilongjiang,0.0,1.3625452053157138e7,5.750874011395463e7,0.0,0.0,0.0,0.0,7.113419216711177e7
elec_Region9Shanghai_elec_Region10Jiangsu,0.0,896358.6045309437,1.0724072705643703e8,0.0,0.0,0.0,0.0,1.0813708566096798e8
elec_Region9Shanghai_elec_Region11Zhejiang,0.0,1.7920920047646625e9,1.8906000161315203e8,0.0,0.0,0.0,0.0,1.9811520063778145e9
elec_Region10Jiangsu_elec_Region11Zhejiang,0.0,0.0,9.43641194243141e6,0.0,0.0,0.0,0.0,9.43641194243141e6
elec_Region10Jiangsu_elec_Region12Anhui,0.0,3.1448562188356395e9,3.199105409767788e8,0.0,0.0,0.0,0.0,3.4647667598124185e9
elec_Region10Jiangsu_elec_Region15Shandong,0.0,414569.0726831318,1.54805968583265e8,0.0,0.0,0.0,0.0,1.5522053765594813e8
elec_Region11Zhejiang_elec_Region12Anhui,0.0,6.9944946114881495e6,1.761449993630997e8,0.0,0.0,0.0,0.0,1.8313949397458786e8
elec_Region11Zhejiang_elec_Region13Fujian,0.0,2.894974908416769e9,3.1988374829888564e8,0.0,0.0,0.0,0.0,3.214858656715655e9
elec_Region11Zhejiang_elec_Region14Jiangxi,0.0,4.704275226600527e6,1.459895432270183e8,0.0,0.0,0.0,0.0,1.5069381845361882e8
elec_Region12Anhui_elec_Region17Hubei,0.0,2.473035474247302e8,1.3239541605094337e8,0.0,0.0,0.0,0.0,3.7969896347567356e8
elec_Region13Fujian_elec_Region14Jiangxi,0.0,5.885901275836421e8,1.450315146645421e8,0.0,0.0,0.0,0.0,7.336216422481842e8
elec_Region13Fujian_elec_Region19Guangdong,0.0,314381.979914589,2.65849627848511e7,0.0,0.0,0.0,0.0,2.689934476476569e7
elec_Region14Jiangxi_elec_Region17Hubei,0.0,6.979609279520224e8,1.2168091984581636e8,0.0,0.0,0.0,0.0,8.196418477978388e8
elec_Region14Jiangxi_elec_Region18Hunan,0.0,1.6357075947456352e7,7.945852408471082e7,0.0,0.0,0.0,0.0,9.581560003216717e7
elec_Region15Shandong_elec_Region16Henan,0.0,3.292418871243783e8,1.1569570003154454e8,0.0,0.0,0.0,0.0,4.449375871559229e8
elec_Region16Henan_elec_Region17Hubei,0.0,3.692943714096642e6,1.2961588191944696e8,0.0,0.0,0.0,0.0,1.333088256335436e8
elec_Region17Hubei_elec_Region18Hunan,0.0,6.76893557264187e7,5.210471571339358e7,0.0,0.0,0.0,0.0,1.1979407143981227e8
elec_Region17Hubei_elec_Region22Chongqing,0.0,3.076901583399987e7,8.824918496037827e7,0.0,0.0,0.0,0.0,1.1901820079437815e8
elec_Region18Hunan_elec_Region24Guizhou,0.0,0.0,1.4500387220094094e7,0.0,0.0,0.0,0.0,1.4500387220094094e7
elec_Region19Guangdong_elec_Region20Guangxi,0.0,3.735296456287975e8,1.4021813038902596e8,0.0,0.0,0.0,0.0,5.1374777601782346e8
elec_Region19Guangdong_elec_Region21Hainan,0.0,73602.11632020418,5.982627763074886e7,0.0,0.0,0.0,0.0,5.989987974706907e7
elec_Region19Guangdong_elec_Region24Guizhou,0.0,161470.8669603631,7.014210119642761e7,0.0,0.0,0.0,0.0,7.030357206338798e7
elec_Region20Guangxi_elec_Region24Guizhou,0.0,115374.53655599723,1.5666256627721357e8,0.0,0.0,0.0,0.0,1.5677794081376958e8
elec_Region20Guangxi_elec_Region25Yunnan,0.0,284555.2484007522,8.583688077623633e7,0.0,0.0,0.0,0.0,8.612143602463707e7
elec_Region22Chongqing_elec_Region23Sichuan,0.0,1.5574683736324213e6,8.62218697824322e7,0.0,0.0,0.0,0.0,8.777933815606461e7
elec_Region22Chongqing_elec_Region24Guizhou,0.0,0.0,7.600786825151103e6,0.0,0.0,0.0,0.0,7.600786825151103e6
elec_Region22Chongqing_elec_Region27Shaanxi,0.0,435487.4165494005,1.5784041857836777e8,0.0,0.0,0.0,0.0,1.5827590599491718e8
elec_Region23Sichuan_elec_Region26Tibet,0.0,372150.6883150689,1.1843159113821602e8,0.0,0.0,0.0,0.0,1.1880374182653108e8
elec_Region23Sichuan_elec_Region28Gansu,0.0,326610.1399054103,1.6079326391376632e8,0.0,0.0,0.0,0.0,1.6111987405367175e8
elec_Region24Guizhou_elec_Region25Yunnan,0.0,192067.9123303167,4.852932436709845e7,0.0,0.0,0.0,0.0,4.8721392279428765e7
elec_Region27Shaanxi_elec_Region28Gansu,0.0,8.003536121527654e8,2.2153460851249266e8,0.0,0.0,0.0,0.0,1.021888220665258e9
elec_Region28Gansu_elec_Region29Qinghai,0.0,1.7089403679118352e9,2.2477838228332543e8,0.0,0.0,0.0,0.0,1.9337187501951606e9
elec_Region28Gansu_elec_Region30Ningxia,0.0,8.95279620192607e8,1.935318854231304e8,0.0,0.0,0.0,0.0,1.0888115056157374e9
elec_Region28Gansu_elec_Region31Xinjiang,0.0,286214.14757778274,3.5284823768256176e8,0.0,0.0,0.0,0.0,3.531344518301395e8
elec_Region29Qinghai_elec_Region31Xinjiang,0.0,274517.39145126956,2.444841519465336e8,0.0,0.0,0.0,0.0,2.4475866933798486e8
Erlian,0.0,880347.2850145178,2.591018667365396e7,0.0,0.0,0.0,0.0,2.6790533958668478e7
Nanxiang,0.0,4.0291946750156684e6,1.0107009155918443e8,0.0,0.0,0.0,0.0,1.050992862342001e8
Ordos,0.0,1.1395820075654362e6,3.374552423514093e7,0.0,0.0,0.0,0.0,3.4885106242706366e7
Qaidam,0.0,2.922533018609347e6,6.4811751963514335e7,0.0,0.0,0.0,0.0,6.773428498212369e7
Songliao,0.0,663717.3705975467,1.9824599724652108e7,0.0,0.0,0.0,0.0,2.0488317095249653e7
TurpanHami,0.0,3.21449311570038e6,8.61467732888453e7,0.0,0.0,0.0,0.0,8.936126640454568e7
co2captured_Region12Anhui_co2_transported_Region12Anhui_to_Hehuai,0.0,8243.191439733211,7518.583056155776,0.0,0.0,0.0,0.0,15761.774495888987
co2captured_Region12Anhui_co2captured_Region17Hubei,0.0,8806.509040704112,7792.234933374603,0.0,0.0,0.0,0.0,16598.743974078716
co2captured_Region12Anhui_co2captured_Region14Jiangxi,0.0,10112.047809776283,8073.92115300635,0.0,0.0,0.0,0.0,18185.968962782634
co2captured_Region12Anhui_co2captured_Region15Shandong,0.0,13618.308596369601,11216.826351359514,0.0,0.0,0.0,0.0,24835.134947729115
co2captured_Region1Beijing_co2_transported_Region1Beijing_to_BohaiOnshore,0.0,6499.372351038536,4292.847427929058,0.0,0.0,0.0,0.0,10792.219778967594
co2captured_Region1Beijing_co2_transported_Region1Beijing_to_Erlian,0.0,8816.238294404548,9977.610634008635,0.0,0.0,0.0,0.0,18793.848928413183
co2captured_Region1Beijing_co2captured_Region3Hebei,0.0,9680.131949591398,6583.626738790832,0.0,0.0,0.0,0.0,16263.75868838223
co2captured_Region1Beijing_co2captured_Region5Innermongolia,0.0,9693.172897907762,12898.038118344988,0.0,0.0,0.0,0.0,22591.21101625275
co2captured_Region1Beijing_co2captured_Region2Tianjin,0.0,4655.782019294492,2737.935540069832,0.0,0.0,0.0,0.0,7393.717559364324
co2captured_Region22Chongqing_co2captured_Region24Guizhou,0.0,8151.836898953083,6810.529878301412,0.0,0.0,0.0,0.0,14962.366777254494
co2captured_Region22Chongqing_co2_transported_Region22Chongqing_to_Jianghan,0.0,15959.715294893842,15220.90209122354,0.0,0.0,0.0,0.0,31180.61738611738
co2captured_Region22Chongqing_co2_transported_Region22Chongqing_to_Nanxiang,0.0,18188.40081630753,16658.36141116753,0.0,0.0,0.0,0.0,34846.76222747506
co2captured_Region22Chongqing_co2captured_Region27Shaanxi,0.0,17461.07879163423,12178.790315323076,0.0,0.0,0.0,0.0,29639.869106957307
co2captured_Region22Chongqing_co2captured_Region23Sichuan,0.0,6706.769273342023,6045.118268960236,0.0,0.0,0.0,0.0,12751.887542302258
co2captured_Region22Chongqing_co2_transported_Region22Chongqing_to_SichuanBasin,0.0,3272.158466220973,2335.833885718117,0.0,0.0,0.0,0.0,5607.99235193909
co2_storage_Erlian_co2_transported_Erlian_to_BohaiOffshore,0.0,12863.39349252703,21831.27031221537,0.0,0.0,0.0,0.0,34694.6638047424
co2captured_Region13Fujian_co2_transported_Region13Fujian_to_EastChinaSea,0.0,12239.458771803062,20691.617184196184,0.0,0.0,0.0,0.0,32931.075955999244
co2captured_Region13Fujian_co2captured_Region19Guangdong,0.0,18989.87434629269,15705.085838383367,0.0,0.0,0.0,0.0,34694.960184676056
co2captured_Region13Fujian_co2captured_Region14Jiangxi,0.0,12268.547382877849,10056.589212211384,0.0,0.0,0.0,0.0,22325.136595089232
co2captured_Region13Fujian_co2_transported_Region13Fujian_to_PearlRiverMouth,0.0,14679.472043363827,24785.368600555084,0.0,0.0,0.0,0.0,39464.84064391891
co2captured_Region28Gansu_co2captured_Region30Ningxia,0.0,5116.914061229561,7922.105818572696,0.0,0.0,0.0,0.0,13039.019879802257
co2captured_Region28Gansu_co2captured_Region29Qinghai,0.0,3245.184487102504,4584.054492163315,0.0,0.0,0.0,0.0,7829.23897926582
co2captured_Region28Gansu_co2_transported_Region28Gansu_to_SichuanBasin,0.0,14733.379193014245,14599.14282771206,0.0,0.0,0.0,0.0,29332.522020726305
co2captured_Region19Guangdong_co2captured_Region20Guangxi,0.0,12919.685948342774,11629.667233272867,0.0,0.0,0.0,0.0,24549.35318161564
co2captured_Region19Guangdong_co2captured_Region21Hainan,0.0,14978.419534326667,11882.929965543664,0.0,0.0,0.0,0.0,26861.34949987033
co2captured_Region19Guangdong_co2_transported_Region19Guangdong_to_PearlRiverMouth,0.0,5876.607077597891,9974.647892291283,0.0,0.0,0.0,0.0,15851.254969889174
co2captured_Region20Guangxi_co2_transported_Region20Guangxi_to_BeibuGulf,0.0,5396.74007786155,9156.025396901967,0.0,0.0,0.0,0.0,14552.765474763517
co2captured_Region20Guangxi_co2captured_Region24Guizhou,0.0,10070.089354716747,9565.729413190424,0.0,0.0,0.0,0.0,19635.81876790717
co2captured_Region20Guangxi_co2captured_Region21Hainan,0.0,9640.124142974739,8679.43135554831,0.0,0.0,0.0,0.0,18319.55549852305
co2captured_Region20Guangxi_co2captured_Region25Yunnan,0.0,13516.545051090894,14339.74166788915,0.0,0.0,0.0,0.0,27856.286718980045
co2captured_Region24Guizhou_co2captured_Region25Yunnan,0.0,10127.521213661315,10268.892384078841,0.0,0.0,0.0,0.0,20396.413597740157
co2captured_Region21Hainan_co2_transported_Region21Hainan_to_BeibuGulf,0.0,2428.6750066987915,4127.733843857666,0.0,0.0,0.0,0.0,6556.408850556458
co2captured_Region21Hainan_co2_transported_Region21Hainan_to_PearlRiverMouth,0.0,8386.352219899894,14282.620125912217,0.0,0.0,0.0,0.0,22668.97234581211
co2captured_Region21Hainan_co2_transported_Region21Hainan_to_Qiongdongnan,0.0,11035.456554224167,6438.6832865964225,0.0,0.0,0.0,0.0,17474.13984082059
co2captured_Region3Hebei_co2_transported_Region3Hebei_to_BohaiOnshore,0.0,7731.316456721662,6715.1361233357775,0.0,0.0,0.0,0.0,14446.45258005744
co2captured_Region3Hebei_co2captured_Region16Henan,0.0,10363.603652628164,7781.644027478489,0.0,0.0,0.0,0.0,18145.24768010665
co2captured_Region3Hebei_co2captured_Region5Innermongolia,0.0,8231.29874058195,9559.266724798928,0.0,0.0,0.0,0.0,17790.565465380878
co2captured_Region3Hebei_co2_transported_Region3Hebei_to_Qinshui,0.0,5521.066902194552,5563.82626231957,0.0,0.0,0.0,0.0,11084.893164514122
co2captured_Region3Hebei_co2captured_Region15Shandong,0.0,8692.304290091355,7241.010258161029,0.0,0.0,0.0,0.0,15933.314548252383
co2captured_Region3Hebei_co2captured_Region4Shanxi,0.0,5178.080137113329,4836.375711395574,0.0,0.0,0.0,0.0,10014.455848508904
co2captured_Region8Heilongjiang_co2_transported_Region8Heilongjiang_to_Hailar,0.0,71784.13025550832,19306.263713796056,0.0,0.0,0.0,0.0,91090.39396930438
co2captured_Region8Heilongjiang_co2_transported_Region8Heilongjiang_to_Sanjiang,0.0,9990.406214345452,11674.416930086283,0.0,0.0,0.0,0.0,21664.823144431735
co2captured_Region8Heilongjiang_co2_transported_Region8Heilongjiang_to_Songliao,0.0,4466.423175783572,5076.842278299867,0.0,0.0,0.0,0.0,9543.26545408344
co2captured_Region16Henan_co2_transported_Region16Henan_to_Hehuai,0.0,5286.402382088009,3865.487951775422,0.0,0.0,0.0,0.0,9151.890333863432
co2captured_Region16Henan_co2_transported_Region16Henan_to_Nanxiang,0.0,6799.80974287269,5938.398217860477,0.0,0.0,0.0,0.0,12738.207960733167
co2captured_Region16Henan_co2_transported_Region16Henan_to_Qinshui,0.0,6541.186083027147,5209.332613688286,0.0,0.0,0.0,0.0,11750.518696715433
co2captured_Region17Hubei_co2_transported_Region17Hubei_to_Hehuai,0.0,9282.53280049713,8129.985448098749,0.0,0.0,0.0,0.0,17412.51824859588
co2captured_Region17Hubei_co2captured_Region18Hunan,0.0,7534.735884347816,6231.425941610572,0.0,0.0,0.0,0.0,13766.161825958388
co2captured_Region17Hubei_co2_transported_Region17Hubei_to_Jianghan,0.0,3782.445118871731,3369.0477373674707,0.0,0.0,0.0,0.0,7151.4928562392015
co2captured_Region17Hubei_co2_transported_Region17Hubei_to_Nanxiang,0.0,6640.453070370859,6429.386242102687,0.0,0.0,0.0,0.0,13069.839312473545
co2captured_Region18Hunan_co2captured_Region22Chongqing,0.0,16728.086982128167,15431.556083023652,0.0,0.0,0.0,0.0,32159.643065151817
co2captured_Region18Hunan_co2captured_Region19Guangdong,0.0,14058.494983598192,12224.998185374203,0.0,0.0,0.0,0.0,26283.493168972396
co2captured_Region18Hunan_co2captured_Region20Guangxi,0.0,16569.38740573685,16384.73629891883,0.0,0.0,0.0,0.0,32954.12370465568
co2captured_Region18Hunan_co2captured_Region24Guizhou,0.0,15241.091621671594,14606.185292066846,0.0,0.0,0.0,0.0,29847.27691373844
co2captured_Region18Hunan_co2_transported_Region18Hunan_to_Jianghan,0.0,5357.040873500495,5179.96457099011,0.0,0.0,0.0,0.0,10537.005444490605
co2captured_Region5Innermongolia_co2_transported_Region5Innermongolia_to_Erlian,0.0,6015.610935121098,10727.754697126333,0.0,0.0,0.0,0.0,16743.36563224743
co2captured_Region5Innermongolia_co2captured_Region30Ningxia,0.0,8337.205390153307,13803.124136475564,0.0,0.0,0.0,0.0,22140.32952662887
co2captured_Region5Innermongolia_co2_transported_Region5Innermongolia_to_Ordos,0.0,6277.534169398996,10104.383388208405,0.0,0.0,0.0,0.0,16381.917557607401
co2captured_Region5Innermongolia_co2_transported_Region5Innermongolia_to_YingenEjina,0.0,10299.693330376222,19108.920834189754,0.0,0.0,0.0,0.0,29408.614164565974
co2captured_Region10Jiangsu_co2captured_Region12Anhui,0.0,5175.215024854403,3576.994724941265,0.0,0.0,0.0,0.0,8752.209749795667
co2captured_Region10Jiangsu_co2captured_Region15Shandong,0.0,13068.521951848174,11266.693706218915,0.0,0.0,0.0,0.0,24335.21565806709
co2captured_Region10Jiangsu_co2_transported_Region10Jiangsu_to_Subei,0.0,5543.41543626289,4533.423445707316,0.0,0.0,0.0,0.0,10076.838881970205
co2captured_Region10Jiangsu_co2captured_Region11Zhejiang,0.0,6874.269722262756,5550.040729671233,0.0,0.0,0.0,0.0,12424.310451933989
co2captured_Region14Jiangxi_co2captured_Region19Guangdong,0.0,16629.18432213748,14344.2114576227,0.0,0.0,0.0,0.0,30973.39577976018
co2captured_Region14Jiangxi_co2captured_Region17Hubei,0.0,7470.304894246041,5584.505604425193,0.0,0.0,0.0,0.0,13054.810498671235
co2captured_Region14Jiangxi_co2captured_Region18Hunan,0.0,7710.598518352952,6918.523931607362,0.0,0.0,0.0,0.0,14629.122449960314
co2captured_Region7Jilin_co2captured_Region8Heilongjiang,0.0,5557.6132644889385,4982.729323714382,0.0,0.0,0.0,0.0,10540.34258820332
co2captured_Region7Jilin_co2_transported_Region7Jilin_to_NorthYellowSea,0.0,12035.599560953811,20400.72334958226,0.0,0.0,0.0,0.0,32436.32291053607
co2captured_Region7Jilin_co2_transported_Region7Jilin_to_Sanjiang,0.0,13495.99089441696,15421.18817479448,0.0,0.0,0.0,0.0,28917.17906921144
co2captured_Region7Jilin_co2_transported_Region7Jilin_to_Songliao,0.0,4970.239532115489,4590.695422870256,0.0,0.0,0.0,0.0,9560.934954985745
co2captured_Region6Liaoning_co2_transported_Region6Liaoning_to_BohaiOffshore,0.0,8350.827982312807,14141.555215043798,0.0,0.0,0.0,0.0,22492.383197356605
co2captured_Region6Liaoning_co2_transported_Region6Liaoning_to_Erlian,0.0,10669.484283245814,17406.392694560083,0.0,0.0,0.0,0.0,28075.8769778059
co2captured_Region6Liaoning_co2captured_Region7Jilin,0.0,7225.848547853415,6449.643247249998,0.0,0.0,0.0,0.0,13675.491795103413
co2captured_Region6Liaoning_co2_transported_Region6Liaoning_to_NorthYellowSea,0.0,7273.450173711404,12291.584978458739,0.0,0.0,0.0,0.0,19565.035152170145
co2captured_Region6Liaoning_co2_transported_Region6Liaoning_to_Songliao,0.0,8817.514310420858,8464.152899848095,0.0,0.0,0.0,0.0,17281.667210268955
co2_storage_Nanxiang_co2_transported_Nanxiang_to_Hehuai,0.0,6774.804468509819,6828.7961688214655,0.0,0.0,0.0,0.0,13603.600637331285
co2_storage_Nanxiang_co2_transported_Nanxiang_to_Jianghan,0.0,4630.364242034378,5038.675662748948,0.0,0.0,0.0,0.0,9669.039904783325
co2_storage_Nanxiang_co2_transported_Nanxiang_to_Qinshui,0.0,9956.06636653805,9283.78938950918,0.0,0.0,0.0,0.0,19239.855756047233
co2captured_Region30Ningxia_co2_transported_Region30Ningxia_to_Ordos,0.0,3548.730214424918,5844.209033412779,0.0,0.0,0.0,0.0,9392.939247837698
co2captured_Region30Ningxia_co2_transported_Region30Ningxia_to_YingenEjina,0.0,6979.2404494675175,12629.617051038544,0.0,0.0,0.0,0.0,19608.857500506063
co2_storage_Ordos_co2_transported_Ordos_to_Qinshui,0.0,5466.570352629254,8260.362452253074,0.0,0.0,0.0,0.0,13726.932804882326
co2_storage_Qaidam_co2_transported_Qaidam_to_Tarim,0.0,12326.501970849677,23879.921127236517,0.0,0.0,0.0,0.0,36206.42309808619
co2_storage_Qaidam_co2_transported_Qaidam_to_YingenEjina,0.0,10106.951143483006,18556.085207909662,0.0,0.0,0.0,0.0,28663.036351392668
co2captured_Region29Qinghai_co2captured_Region30Ningxia,0.0,6886.002662793825,11015.58606934629,0.0,0.0,0.0,0.0,17901.588732140113
co2captured_Region29Qinghai_co2_transported_Region29Qinghai_to_Qaidam,0.0,8327.052560093942,15321.847025774325,0.0,0.0,0.0,0.0,23648.89958586827
co2captured_Region29Qinghai_co2_transported_Region29Qinghai_to_YingenEjina,0.0,7598.572747648715,10921.560857368751,0.0,0.0,0.0,0.0,18520.133605017465
co2captured_Region27Shaanxi_co2captured_Region28Gansu,0.0,9346.793001874883,12767.7770038385,0.0,0.0,0.0,0.0,22114.570005713384
co2captured_Region27Shaanxi_co2_transported_Region27Shaanxi_to_Nanxiang,0.0,9543.259886286802,8683.448519498643,0.0,0.0,0.0,0.0,18226.708405785444
co2captured_Region27Shaanxi_co2captured_Region30Ningxia,0.0,9424.301082150143,11122.603456491994,0.0,0.0,0.0,0.0,20546.904538642135
co2captured_Region27Shaanxi_co2_transported_Region27Shaanxi_to_Ordos,0.0,6886.403819552576,7989.975189091972,0.0,0.0,0.0,0.0,14876.379008644548
co2captured_Region27Shaanxi_co2_transported_Region27Shaanxi_to_Qinshui,0.0,9996.295045710296,10926.791100987497,0.0,0.0,0.0,0.0,20923.086146697795
co2captured_Region27Shaanxi_co2_transported_Region27Shaanxi_to_SichuanBasin,0.0,15258.787879576757,11322.954491235345,0.0,0.0,0.0,0.0,26581.742370812102
co2captured_Region15Shandong_co2_transported_Region15Shandong_to_BohaiOffshore,0.0,6600.170448611912,11133.758215345397,0.0,0.0,0.0,0.0,17733.92866395731
co2captured_Region15Shandong_co2_transported_Region15Shandong_to_BohaiOnshore,0.0,4846.524540848538,3429.1091608219626,0.0,0.0,0.0,0.0,8275.6337016705
co2captured_Region15Shandong_co2_transported_Region15Shandong_to_Hehuai,0.0,9122.49313029206,7919.897270575269,0.0,0.0,0.0,0.0,17042.390400867327
co2captured_Region15Shandong_co2captured_Region16Henan,0.0,11727.62979925064,9772.519254324678,0.0,0.0,0.0,0.0,21500.14905357532
co2captured_Region15Shandong_co2_transported_Region15Shandong_to_NorthYellowSea,0.0,10868.0593025033,18427.365182309673,0.0,0.0,0.0,0.0,29295.424484812975
co2captured_Region15Shandong_co2_transported_Region15Shandong_to_SouthYellowSea,0.0,10267.136143219781,17403.30463895614,0.0,0.0,0.0,0.0,27670.44078217592
co2captured_Region15Shandong_co2_transported_Region15Shandong_to_Subei,0.0,10937.113738449367,10996.957971919757,0.0,0.0,0.0,0.0,21934.071710369124
co2captured_Region9Shanghai_co2_transported_Region9Shanghai_to_EastChinaSea,0.0,7394.668235569462,12508.764699401192,0.0,0.0,0.0,0.0,19903.432934970653
co2captured_Region9Shanghai_co2captured_Region10Jiangsu,0.0,10504.243343150505,7804.2145361682515,0.0,0.0,0.0,0.0,18308.457879318757
co2captured_Region9Shanghai_co2_transported_Region9Shanghai_to_SouthYellowSea,0.0,9700.641736722859,16396.363906683895,0.0,0.0,0.0,0.0,26097.005643406752
co2captured_Region9Shanghai_co2_transported_Region9Shanghai_to_Subei,0.0,7755.829231533471,5606.045288374194,0.0,0.0,0.0,0.0,13361.874519907666
co2captured_Region9Shanghai_co2captured_Region11Zhejiang,0.0,7226.183940694008,4051.229122543772,0.0,0.0,0.0,0.0,11277.41306323778
co2captured_Region4Shanxi_co2captured_Region5Innermongolia,0.0,6398.251108110555,6971.61042085187,0.0,0.0,0.0,0.0,13369.861528962425
co2captured_Region4Shanxi_co2_transported_Region4Shanxi_to_Ordos,0.0,6160.9534781989505,8603.39527264724,0.0,0.0,0.0,0.0,14764.348750846191
co2captured_Region4Shanxi_co2_transported_Region4Shanxi_to_Qinshui,0.0,3801.6915281053407,2617.2301351676115,0.0,0.0,0.0,0.0,6418.921663272952
co2captured_Region23Sichuan_co2captured_Region28Gansu,0.0,17531.046602046765,14337.860450545062,0.0,0.0,0.0,0.0,31868.90705259183
co2captured_Region23Sichuan_co2captured_Region24Guizhou,0.0,11339.220813754628,10989.638194132913,0.0,0.0,0.0,0.0,22328.859007887542
co2captured_Region23Sichuan_co2captured_Region29Qinghai,0.0,17798.565065092975,15415.653685514955,0.0,0.0,0.0,0.0,33214.21875060793
co2captured_Region23Sichuan_co2_transported_Region23Sichuan_to_SichuanBasin,0.0,4187.254749746378,4363.645666079111,0.0,0.0,0.0,0.0,8550.90041582549
co2captured_Region23Sichuan_co2captured_Region26Tibet,0.0,27923.06129203446,36150.07534837521,0.0,0.0,0.0,0.0,64073.13664040968
co2captured_Region23Sichuan_co2captured_Region25Yunnan,0.0,14261.806639558028,14047.803611304877,0.0,0.0,0.0,0.0,28309.610250862905
co2_storage_Songliao_co2_transported_Songliao_to_Erlian,0.0,10715.626093346096,18151.436209764703,0.0,0.0,0.0,0.0,28867.062303110797
co2_storage_Songliao_co2_transported_Songliao_to_Hailar,0.0,70269.62640295146,19786.509914827802,0.0,0.0,0.0,0.0,90056.13631777925
co2captured_Region2Tianjin_co2_transported_Region2Tianjin_to_BohaiOffshore,0.0,3943.556834627486,6667.76599591425,0.0,0.0,0.0,0.0,10611.322830541736
co2captured_Region2Tianjin_co2_transported_Region2Tianjin_to_BohaiOnshore,0.0,4532.00265034694,2828.2330178558364,0.0,0.0,0.0,0.0,7360.235668202777
co2captured_Region2Tianjin_co2_transported_Region2Tianjin_to_Erlian,0.0,10297.030715142939,11739.688787055975,0.0,0.0,0.0,0.0,22036.719502198914
co2captured_Region26Tibet_co2_transported_Region26Tibet_to_Qaidam,0.0,12225.974330564508,19129.391483324565,0.0,0.0,0.0,0.0,31355.365813889075
co2captured_Region26Tibet_co2captured_Region29Qinghai,0.0,18094.089242115682,29971.288804659645,0.0,0.0,0.0,0.0,48065.378046775324
co2captured_Region26Tibet_co2_transported_Region26Tibet_to_Tarim,0.0,17247.42849363218,29804.687837591653,0.0,0.0,0.0,0.0,47052.116331223835
co2_storage_TurpanHami_co2_transported_TurpanHami_to_Junggar,0.0,5162.208113505288,9836.146982695966,0.0,0.0,0.0,0.0,14998.355096201252
co2_storage_TurpanHami_co2_transported_TurpanHami_to_Qaidam,0.0,6698.80602444326,12495.698137504041,0.0,0.0,0.0,0.0,19194.5041619473
co2_storage_TurpanHami_co2_transported_TurpanHami_to_YingenEjina,0.0,8695.46616320062,16800.814363418707,0.0,0.0,0.0,0.0,25496.280526619325
co2captured_Region31Xinjiang_co2_transported_Region31Xinjiang_to_Junggar,0.0,2139.74481704141,3258.978059783273,0.0,0.0,0.0,0.0,5398.722876824682
co2captured_Region31Xinjiang_co2_transported_Region31Xinjiang_to_Qaidam,0.0,10425.647565934914,19582.983421909525,0.0,0.0,0.0,0.0,30008.630987844437
co2captured_Region31Xinjiang_co2_transported_Region31Xinjiang_to_Tarim,0.0,10215.34945681123,17482.100622056598,0.0,0.0,0.0,0.0,27697.450078867827
co2captured_Region31Xinjiang_co2_transported_Region31Xinjiang_to_TurpanHami,0.0,4522.917445694188,8201.91567530689,0.0,0.0,0.0,0.0,12724.833121001077
co2captured_Region25Yunnan_co2_transported_Region25Yunnan_to_BeibuGulf,0.0,15813.595212579072,26883.266245949355,0.0,0.0,0.0,0.0,42696.86145852842
co2captured_Region25Yunnan_co2captured_Region26Tibet,0.0,34571.86939594997,41025.58620148356,0.0,0.0,0.0,0.0,75597.45559743352
co2captured_Region11Zhejiang_co2captured_Region12Anhui,0.0,9596.682885247177,8344.985367872478,0.0,0.0,0.0,0.0,17941.668253119657
co2captured_Region11Zhejiang_co2_transported_Region11Zhejiang_to_EastChinaSea,0.0,8801.932434964992,14828.436128341791,0.0,0.0,0.0,0.0,23630.368563306783
co2captured_Region11Zhejiang_co2captured_Region13Fujian,0.0,14435.612210928064,9980.726253155708,0.0,0.0,0.0,0.0,24416.338464083772
co2captured_Region11Zhejiang_co2captured_Region14Jiangxi,0.0,12412.60459594443,10526.095358164312,0.0,0.0,0.0,0.0,22938.699954108743
elec_Region1Beijing,0.0,0.0,0.0,0.0,0.0,2.0102401425852108e8,0.0,2.0102401425852108e8
elec_Region2Tianjin,0.0,0.0,0.0,0.0,0.0,2.0054930300197482e8,0.0,2.0054930300197482e8
elec_Region3Hebei,0.0,0.0,0.0,0.0,0.0,2.0128118268520838e8,0.0,2.0128118268520838e8
elec_Region4Shanxi,0.0,0.0,0.0,0.0,0.0,2.008984515551042e8,0.0,2.008984515551042e8
elec_Region5Innermongolia,0.0,0.0,0.0,0.0,0.0,2.0080301483564848e8,0.0,2.0080301483564848e8
elec_Region6Liaoning,0.0,0.0,0.0,0.0,0.0,2.0088234095738026e8,0.0,2.0088234095738026e8
elec_Region7Jilin,0.0,0.0,0.0,0.0,0.0,1.9964883518857574e8,0.0,1.9964883518857574e8
elec_Region8Heilongjiang,0.0,0.0,0.0,0.0,0.0,2.0006970380585697e8,0.0,2.0006970380585697e8
elec_Region9Shanghai,0.0,0.0,0.0,0.0,0.0,2.0160316327793065e8,0.0,2.0160316327793065e8
elec_Region10Jiangsu,0.0,0.0,0.0,0.0,0.0,2.0203312319828823e8,0.0,2.0203312319828823e8
elec_Region11Zhejiang,0.0,0.0,0.0,0.0,0.0,2.0167466991367662e8,0.0,2.0167466991367662e8
elec_Region12Anhui,0.0,0.0,0.0,0.0,0.0,2.0142852702514875e8,0.0,2.0142852702514875e8
elec_Region13Fujian,0.0,0.0,0.0,0.0,0.0,2.0110205232310805e8,0.0,2.0110205232310805e8
elec_Region14Jiangxi,0.0,0.0,0.0,0.0,0.0,2.009733326943131e8,0.0,2.009733326943131e8
elec_Region15Shandong,0.0,0.0,0.0,0.0,0.0,2.016667344032103e8,0.0,2.016667344032103e8
elec_Region16Henan,0.0,0.0,0.0,0.0,0.0,2.0148035640966353e8,0.0,2.0148035640966353e8
elec_Region17Hubei,0.0,0.0,0.0,0.0,0.0,2.012622640320577e8,0.0,2.012622640320577e8
elec_Region18Hunan,0.0,0.0,0.0,0.0,0.0,2.0110915216929436e8,0.0,2.0110915216929436e8
elec_Region19Guangdong,0.0,0.0,0.0,0.0,0.0,2.0201545559699816e8,0.0,2.0201545559699816e8
elec_Region20Guangxi,0.0,0.0,0.0,0.0,0.0,2.0070353011787805e8,0.0,2.0070353011787805e8
elec_Region21Hainan,0.0,0.0,0.0,0.0,0.0,1.9893808687212434e8,0.0,1.9893808687212434e8
elec_Region22Chongqing,0.0,0.0,0.0,0.0,0.0,2.007405932752061e8,0.0,2.007405932752061e8
elec_Region23Sichuan,0.0,0.0,0.0,0.0,0.0,2.0132512962184772e8,0.0,2.0132512962184772e8
elec_Region24Guizhou,0.0,0.0,0.0,0.0,0.0,2.005611095180295e8,0.0,2.005611095180295e8
elec_Region25Yunnan,0.0,0.0,0.0,0.0,0.0,2.0062489573321828e8,0.0,2.0062489573321828e8
elec_Region26Tibet,0.0,0.0,0.0,0.0,0.0,1.9858173777919e8,0.0,1.9858173777919e8
elec_Region27Shaanxi,0.0,0.0,0.0,0.0,0.0,2.0061355355785453e8,0.0,2.0061355355785453e8
elec_Region28Gansu,0.0,0.0,0.0,0.0,0.0,2.0023519840935206e8,0.0,2.0023519840935206e8
elec_Region29Qinghai,0.0,0.0,0.0,0.0,0.0,2.000968610454523e8,0.0,2.000968610454523e8
elec_Region30Ningxia,0.0,0.0,0.0,0.0,0.0,2.003904229627313e8,0.0,2.003904229627313e8
elec_Region31Xinjiang,0.0,0.0,0.0,0.0,0.0,2.001499085042758e8,0.0,2.001499085042758e8
h2_Region1Beijing,0.0,0.0,0.0,0.0,0.0,4.599865917895628e7,0.0,4.599865917895628e7
h2_Region2Tianjin,0.0,0.0,0.0,0.0,0.0,4.594318050239905e7,0.0,4.594318050239905e7
h2_Region3Hebei,0.0,0.0,0.0,0.0,0.0,4.604129350677212e7,0.0,4.604129350677212e7
h2_Region4Shanxi,0.0,0.0,0.0,0.0,0.0,4.5994163186765954e7,0.0,4.5994163186765954e7
h2_Region5Innermongolia,0.0,0.0,0.0,0.0,0.0,4.593345402634843e7,0.0,4.593345402634843e7
h2_Region6Liaoning,0.0,0.0,0.0,0.0,0.0,4.596745750599652e7,0.0,4.596745750599652e7
h2_Region7Jilin,0.0,0.0,0.0,0.0,0.0,4.601710426388296e7,0.0,4.601710426388296e7
h2_Region8Heilongjiang,0.0,0.0,0.0,0.0,0.0,4.602560756830354e7,0.0,4.602560756830354e7
h2_Region9Shanghai,0.0,0.0,0.0,0.0,0.0,4.594219738122181e7,0.0,4.594219738122181e7
h2_Region10Jiangsu,0.0,0.0,0.0,0.0,0.0,4.605879507811307e7,0.0,4.605879507811307e7
h2_Region11Zhejiang,0.0,0.0,0.0,0.0,0.0,4.598141982350961e7,0.0,4.598141982350961e7
h2_Region12Anhui,0.0,0.0,0.0,0.0,0.0,4.610547072438321e7,0.0,4.610547072438321e7
h2_Region13Fujian,0.0,0.0,0.0,0.0,0.0,4.5949449377869524e7,0.0,4.5949449377869524e7
h2_Region14Jiangxi,0.0,0.0,0.0,0.0,0.0,4.604652649459245e7,0.0,4.604652649459245e7
h2_Region15Shandong,0.0,0.0,0.0,0.0,0.0,4.608368660898496e7,0.0,4.608368660898496e7
h2_Region16Henan,0.0,0.0,0.0,0.0,0.0,4.6116263288597584e7,0.0,4.6116263288597584e7
h2_Region17Hubei,0.0,0.0,0.0,0.0,0.0,4.610475234782523e7,0.0,4.610475234782523e7
h2_Region18Hunan,0.0,0.0,0.0,0.0,0.0,4.607934622614618e7,0.0,4.607934622614618e7
h2_Region19Guangdong,0.0,0.0,0.0,0.0,0.0,4.609008446687114e7,0.0,4.609008446687114e7
h2_Region20Guangxi,0.0,0.0,0.0,0.0,0.0,4.6035466701304324e7,0.0,4.6035466701304324e7
h2_Region21Hainan,0.0,0.0,0.0,0.0,0.0,4.589064313418841e7,0.0,4.589064313418841e7
h2_Region22Chongqing,0.0,0.0,0.0,0.0,0.0,4.5984967398022816e7,0.0,4.5984967398022816e7
h2_Region23Sichuan,0.0,0.0,0.0,0.0,0.0,4.606413146556231e7,0.0,4.606413146556231e7
h2_Region24Guizhou,0.0,0.0,0.0,0.0,0.0,4.598104868202576e7,0.0,4.598104868202576e7
h2_Region25Yunnan,0.0,0.0,0.0,0.0,0.0,4.601099168211506e7,0.0,4.601099168211506e7
h2_Region26Tibet,0.0,0.0,0.0,0.0,0.0,4.6021906523126885e7,0.0,4.6021906523126885e7
h2_Region27Shaanxi,0.0,0.0,0.0,0.0,0.0,4.594835772117355e7,0.0,4.594835772117355e7
h2_Region28Gansu,0.0,0.0,0.0,0.0,0.0,4.594535752301557e7,0.0,4.594535752301557e7
h2_Region29Qinghai,0.0,0.0,0.0,0.0,0.0,4.5943274270362556e7,0.0,4.5943274270362556e7
h2_Region30Ningxia,0.0,0.0,0.0,0.0,0.0,4.601356928673991e7,0.0,4.601356928673991e7
h2_Region31Xinjiang,0.0,0.0,0.0,0.0,0.0,4.592852559189916e7,0.0,4.592852559189916e7
co2_sink_national,0.0,0.0,0.0,0.0,0.0,0.0,1.9109674697390026e6,1.9109674697390026e6
Total,4.0251797393007495e12,2.348475418989685e12,8.04092306089437e11,4.003538223294307e11,1.0585086428183632e10,7.650713856266193e9,1.9109674697390026e6,7.596338997961222e12
