DiscountedFixedCost,DiscountedVariableCost,DiscountedTotalCost
2.612730966269259e12,1.8822419916582864e12,4.494972957927545e12
