FixedCost,VariableCost,TotalCost
5.338128526418209e12,2.9643618283816855e12,8.302490354799895e12
