DiscountedFixedCost,DiscountedVariableCost,DiscountedTotalCost
1.239421139658562e12,1.1327323486505142e12,2.372153488309076e12
