FixedCost,VariableCost,TotalCost
2.950536461070923e12,2.3631494060771333e12,5.313685867148057e12
