zone,Investment,FixedOM,VariableOM,Startup,NonServedDemand,Supply,UnmetPolicyPenalty,Total
Region1Beijing,8.077112137948439e9,4.189456529633464e9,1.7124505446649048e8,1.2162176602955343e7,0.0,0.0,0.0,1.2449975898651346e10
Region2Tianjin,4.778287253003049e9,4.643974912993302e9,1.4487770773044783e8,9.363188521445703e6,0.0,0.0,0.0,9.576503062248245e9
Region12Anhui,8.168319200072307e10,2.8598406781978035e10,3.3441217739148602e9,5.47446333756088e6,0.0,0.0,0.0,1.1363119501995352e11
Region9Shanghai,6.235778748269218e10,2.595524646572593e10,9.544680659091818e9,4.2067839369389653e8,0.0,0.0,0.0,9.827839300120381e10
Region22Chongqing,1.427262164239133e10,1.408539073028569e10,1.486699619598031e9,4.0811894740638575e6,0.0,0.0,0.0,2.9848793181749115e10
Region13Fujian,3.585998158547471e10,4.139741505434575e10,5.645542836873205e9,8.579866346478136e6,0.0,0.0,0.0,8.291151934304015e10
Region28Gansu,2.7469404016153793e11,9.411172720087152e10,1.2612201814212432e9,6.742897215013271e6,0.0,0.0,0.0,3.700737304410457e11
Region19Guangdong,1.548299731722557e11,5.658295440197708e10,1.17915185036393e10,2.236166029629273e8,0.0,0.0,0.0,2.2342806268083502e11
Region20Guangxi,1.1766016273152596e11,4.1970637890176735e10,3.6133550633238435e9,6.162661957588233e6,0.0,0.0,0.0,1.6325031834698413e11
Region24Guizhou,1.995567836659327e10,3.750339590448213e10,2.806429724863538e9,4.1030299724256373e6,0.0,0.0,0.0,6.026960702591137e10
Region21Hainan,1.029712217400252e10,8.350495471038221e9,1.3391023946418126e9,1.0849695471842702e8,0.0,0.0,0.0,2.0095216994400978e10
Region3Hebei,9.994513204019916e10,6.107593153102566e10,2.6185156689972854e9,3.6698775634022914e7,0.0,0.0,0.0,1.6367627801585614e11
Region8Heilongjiang,4.107293214871418e10,2.519575383803534e10,5.436316641749685e8,3.6159740511389174e6,0.0,0.0,0.0,6.6815933624975624e10
Region16Henan,5.370679279127051e9,9.47878213291931e9,2.5744731491587396e9,6.099067822713452e6,0.0,0.0,0.0,1.7430033629027813e10
Region17Hubei,5.2680892314484024e10,2.092545460456814e10,2.159537852513466e9,4.846831381342706e6,0.0,0.0,0.0,7.577073160294696e10
Region18Hunan,1.3315010743663715e10,2.447336567514845e10,2.7488512664029e9,3.9311179551994815e6,0.0,0.0,0.0,4.0541158803170265e10
Region5Innermongolia,3.2713740465803876e11,1.2948438402336084e11,2.1383327320567048e9,7.953203408087251e8,0.0,0.0,0.0,4.59555441754265e11
Region10Jiangsu,6.127337777812724e10,3.1201322026193253e10,3.9539646133709145e9,1.3954469617278663e7,0.0,0.0,0.0,9.644261888730869e10
Region14Jiangxi,8.475052168873674e9,1.7787553858349503e10,2.4139003293100514e9,3.7406011901794565e6,0.0,0.0,0.0,2.8680246957723404e10
Region7Jilin,4.874173122204389e10,2.6496609083689804e10,5.650384625898583e8,3.7072218181317034e6,0.0,0.0,0.0,7.58070859901417e10
Region6Liaoning,3.314696838689608e9,2.600641430881473e10,1.8257920627452748e9,4.339452531277703e6,0.0,0.0,0.0,3.115124266278089e10
Region30Ningxia,4.7499209499965225e10,2.086756640611095e10,1.0568388802171209e9,1.3202210332455362e8,0.0,0.0,0.0,6.955563688961784e10
Region29Qinghai,8.958870428554843e10,1.76975365665941e10,7.388275793331087e7,6.423564499409169e6,0.0,0.0,0.0,1.0736654717457524e11
Region27Shaanxi,2.405260693801908e10,3.7079410056872284e10,2.370087544133478e9,8.935486754981764e7,0.0,0.0,0.0,6.359145940657466e10
Region15Shandong,1.8788396514183447e11,6.268036560043176e10,3.8728376329739485e9,6.777127302068531e6,0.0,0.0,0.0,2.5444394550254224e11
Region4Shanxi,6.973066136096962e10,2.3546863983659657e10,1.3890521930853252e9,2.998616329084651e8,0.0,0.0,0.0,9.496643917062306e10
Region23Sichuan,2.4623406634558487e10,5.0582015064726524e10,3.217687273831168e9,3.859344054592422e6,0.0,0.0,0.0,7.842696831717076e10
Region26Tibet,6.884845319366017e10,1.3436929544942047e10,4.217961812695712e7,5.192839538515184e6,0.0,0.0,0.0,8.233275519626768e10
Region31Xinjiang,6.337023465311602e10,6.629104005038753e10,2.1341496341956694e9,7.622858258526573e7,0.0,0.0,0.0,1.3187165292028447e11
Region25Yunnan,5.505883164464922e9,5.328969129111123e10,3.205445820682791e9,3.741526995859106e6,0.0,0.0,0.0,6.20047618032548e10
Region11Zhejiang,2.253730456197855e10,4.798068308887392e10,6.969448100187199e9,7.199613931336919e6,0.0,0.0,0.0,7.7494635364971e10
aluminum_Region1Beijing_aluminum_Region2Tianjin,0.0,0.0,3353.2892743495536,0.0,0.0,0.0,0.0,3353.2892743495536
aluminum_Region1Beijing_aluminum_Region3Hebei,0.0,0.0,1329.0525930825697,0.0,0.0,0.0,0.0,1329.0525930825697
aluminum_Region1Beijing_aluminum_Region4Shanxi,0.0,0.0,1560.7576745505908,0.0,0.0,0.0,0.0,1560.7576745505908
aluminum_Region1Beijing_aluminum_Region5Innermongolia,0.0,0.0,919.503518463798,0.0,0.0,0.0,0.0,919.503518463798
aluminum_Region1Beijing_aluminum_Region6Liaoning,0.0,0.0,1092.4378334075373,0.0,0.0,0.0,0.0,1092.4378334075373
aluminum_Region1Beijing_aluminum_Region7Jilin,0.0,0.0,1038.71663133343,0.0,0.0,0.0,0.0,1038.71663133343
aluminum_Region1Beijing_aluminum_Region8Heilongjiang,0.0,0.0,1179.8048879328471,0.0,0.0,0.0,0.0,1179.8048879328471
aluminum_Region1Beijing_aluminum_Region9Shanghai,0.0,0.0,2639.929581958206,0.0,0.0,0.0,0.0,2639.929581958206
aluminum_Region1Beijing_aluminum_Region10Jiangsu,0.0,0.0,3056.0324420326697,0.0,0.0,0.0,0.0,3056.0324420326697
aluminum_Region1Beijing_aluminum_Region11Zhejiang,0.0,0.0,2377.693115531914,0.0,0.0,0.0,0.0,2377.693115531914
aluminum_Region1Beijing_aluminum_Region12Anhui,0.0,0.0,3155.8934047135726,0.0,0.0,0.0,0.0,3155.8934047135726
aluminum_Region1Beijing_aluminum_Region13Fujian,0.0,0.0,2009.5652649900876,0.0,0.0,0.0,0.0,2009.5652649900876
aluminum_Region1Beijing_aluminum_Region14Jiangxi,0.0,0.0,2382.648519797502,0.0,0.0,0.0,0.0,2382.648519797502
aluminum_Region1Beijing_aluminum_Region15Shandong,0.0,0.0,3903.4903692945327,0.0,0.0,0.0,0.0,3903.4903692945327
aluminum_Region1Beijing_aluminum_Region16Henan,0.0,0.0,2479.986936278534,0.0,0.0,0.0,0.0,2479.986936278534
aluminum_Region1Beijing_aluminum_Region17Hubei,0.0,0.0,2334.5714813765194,0.0,0.0,0.0,0.0,2334.5714813765194
aluminum_Region1Beijing_aluminum_Region18Hunan,0.0,0.0,2330.9630111196843,0.0,0.0,0.0,0.0,2330.9630111196843
aluminum_Region1Beijing_aluminum_Region19Guangdong,0.0,0.0,2914.4522531022976,0.0,0.0,0.0,0.0,2914.4522531022976
aluminum_Region1Beijing_aluminum_Region20Guangxi,0.0,0.0,2139.7598429551704,0.0,0.0,0.0,0.0,2139.7598429551704
aluminum_Region1Beijing_aluminum_Region21Hainan,0.0,0.0,2006.9158551073388,0.0,0.0,0.0,0.0,2006.9158551073388
aluminum_Region1Beijing_aluminum_Region22Chongqing,0.0,0.0,1869.3504980710072,0.0,0.0,0.0,0.0,1869.3504980710072
aluminum_Region1Beijing_aluminum_Region23Sichuan,0.0,0.0,1842.213840977207,0.0,0.0,0.0,0.0,1842.213840977207
aluminum_Region1Beijing_aluminum_Region24Guizhou,0.0,0.0,1897.3896772897208,0.0,0.0,0.0,0.0,1897.3896772897208
aluminum_Region1Beijing_aluminum_Region25Yunnan,0.0,0.0,1959.3311177771234,0.0,0.0,0.0,0.0,1959.3311177771234
aluminum_Region1Beijing_aluminum_Region27Shaanxi,0.0,0.0,1616.9908431462286,0.0,0.0,0.0,0.0,1616.9908431462286
aluminum_Region1Beijing_aluminum_Region28Gansu,0.0,0.0,1178.8046927868845,0.0,0.0,0.0,0.0,1178.8046927868845
aluminum_Region1Beijing_aluminum_Region29Qinghai,0.0,0.0,1450.4875627442534,0.0,0.0,0.0,0.0,1450.4875627442534
aluminum_Region1Beijing_aluminum_Region30Ningxia,0.0,0.0,1475.7698638358604,0.0,0.0,0.0,0.0,1475.7698638358604
aluminum_Region1Beijing_aluminum_Region31Xinjiang,0.0,0.0,1532.587381997697,0.0,0.0,0.0,0.0,1532.587381997697
aluminum_Region2Tianjin_aluminum_Region1Beijing,0.0,0.0,1475.2853932639866,0.0,0.0,0.0,0.0,1475.2853932639866
aluminum_Region2Tianjin_aluminum_Region3Hebei,0.0,0.0,1184.8999518655287,0.0,0.0,0.0,0.0,1184.8999518655287
aluminum_Region2Tianjin_aluminum_Region4Shanxi,0.0,0.0,1448.0628176452499,0.0,0.0,0.0,0.0,1448.0628176452499
aluminum_Region2Tianjin_aluminum_Region5Innermongolia,0.0,0.0,979.2111040617727,0.0,0.0,0.0,0.0,979.2111040617727
aluminum_Region2Tianjin_aluminum_Region6Liaoning,0.0,0.0,1034.8144937647469,0.0,0.0,0.0,0.0,1034.8144937647469
aluminum_Region2Tianjin_aluminum_Region7Jilin,0.0,0.0,1002.9018136235657,0.0,0.0,0.0,0.0,1002.9018136235657
aluminum_Region2Tianjin_aluminum_Region8Heilongjiang,0.0,0.0,1142.2734909744158,0.0,0.0,0.0,0.0,1142.2734909744158
aluminum_Region2Tianjin_aluminum_Region9Shanghai,0.0,0.0,2533.0894616098426,0.0,0.0,0.0,0.0,2533.0894616098426
aluminum_Region2Tianjin_aluminum_Region10Jiangsu,0.0,0.0,2848.225962249471,0.0,0.0,0.0,0.0,2848.225962249471
aluminum_Region2Tianjin_aluminum_Region11Zhejiang,0.0,0.0,2262.1479429259043,0.0,0.0,0.0,0.0,2262.1479429259043
aluminum_Region2Tianjin_aluminum_Region12Anhui,0.0,0.0,3055.2444936698253,0.0,0.0,0.0,0.0,3055.2444936698253
aluminum_Region2Tianjin_aluminum_Region13Fujian,0.0,0.0,1936.9197959717314,0.0,0.0,0.0,0.0,1936.9197959717314
aluminum_Region2Tianjin_aluminum_Region14Jiangxi,0.0,0.0,2279.2560979263435,0.0,0.0,0.0,0.0,2279.2560979263435
aluminum_Region2Tianjin_aluminum_Region15Shandong,0.0,0.0,3734.8240875207957,0.0,0.0,0.0,0.0,3734.8240875207957
aluminum_Region2Tianjin_aluminum_Region16Henan,0.0,0.0,2262.9333537652174,0.0,0.0,0.0,0.0,2262.9333537652174
aluminum_Region2Tianjin_aluminum_Region17Hubei,0.0,0.0,2199.943942947363,0.0,0.0,0.0,0.0,2199.943942947363
aluminum_Region2Tianjin_aluminum_Region18Hunan,0.0,0.0,2234.1293275010416,0.0,0.0,0.0,0.0,2234.1293275010416
aluminum_Region2Tianjin_aluminum_Region19Guangdong,0.0,0.0,2845.8792901442735,0.0,0.0,0.0,0.0,2845.8792901442735
aluminum_Region2Tianjin_aluminum_Region20Guangxi,0.0,0.0,2085.0935646987264,0.0,0.0,0.0,0.0,2085.0935646987264
aluminum_Region2Tianjin_aluminum_Region21Hainan,0.0,0.0,1965.809319653576,0.0,0.0,0.0,0.0,1965.809319653576
aluminum_Region2Tianjin_aluminum_Region22Chongqing,0.0,0.0,1815.868158538776,0.0,0.0,0.0,0.0,1815.868158538776
aluminum_Region2Tianjin_aluminum_Region23Sichuan,0.0,0.0,1790.2222675736755,0.0,0.0,0.0,0.0,1790.2222675736755
aluminum_Region2Tianjin_aluminum_Region24Guizhou,0.0,0.0,1841.4331343378858,0.0,0.0,0.0,0.0,1841.4331343378858
aluminum_Region2Tianjin_aluminum_Region25Yunnan,0.0,0.0,1918.3863392175838,0.0,0.0,0.0,0.0,1918.3863392175838
aluminum_Region2Tianjin_aluminum_Region27Shaanxi,0.0,0.0,1556.804509340093,0.0,0.0,0.0,0.0,1556.804509340093
aluminum_Region2Tianjin_aluminum_Region28Gansu,0.0,0.0,1165.6726539764377,0.0,0.0,0.0,0.0,1165.6726539764377
aluminum_Region2Tianjin_aluminum_Region29Qinghai,0.0,0.0,1426.557956004758,0.0,0.0,0.0,0.0,1426.557956004758
aluminum_Region2Tianjin_aluminum_Region30Ningxia,0.0,0.0,1439.6609701793172,0.0,0.0,0.0,0.0,1439.6609701793172
aluminum_Region2Tianjin_aluminum_Region31Xinjiang,0.0,0.0,1525.7161249153432,0.0,0.0,0.0,0.0,1525.7161249153432
aluminum_Region3Hebei_aluminum_Region1Beijing,0.0,0.0,2846.4805712625252,0.0,0.0,0.0,0.0,2846.4805712625252
aluminum_Region3Hebei_aluminum_Region2Tianjin,0.0,0.0,3358.540187855914,0.0,0.0,0.0,0.0,3358.540187855914
aluminum_Region3Hebei_aluminum_Region4Shanxi,0.0,0.0,1896.232154251113,0.0,0.0,0.0,0.0,1896.232154251113
aluminum_Region3Hebei_aluminum_Region5Innermongolia,0.0,0.0,1102.2102879618833,0.0,0.0,0.0,0.0,1102.2102879618833
aluminum_Region3Hebei_aluminum_Region6Liaoning,0.0,0.0,1344.9649462103976,0.0,0.0,0.0,0.0,1344.9649462103976
aluminum_Region3Hebei_aluminum_Region7Jilin,0.0,0.0,1233.891852261309,0.0,0.0,0.0,0.0,1233.891852261309
aluminum_Region3Hebei_aluminum_Region8Heilongjiang,0.0,0.0,1337.4435136569425,0.0,0.0,0.0,0.0,1337.4435136569425
aluminum_Region3Hebei_aluminum_Region9Shanghai,0.0,0.0,3023.2061694829467,0.0,0.0,0.0,0.0,3023.2061694829467
aluminum_Region3Hebei_aluminum_Region10Jiangsu,0.0,0.0,3951.157148278321,0.0,0.0,0.0,0.0,3951.157148278321
aluminum_Region3Hebei_aluminum_Region11Zhejiang,0.0,0.0,2669.540090141063,0.0,0.0,0.0,0.0,2669.540090141063
aluminum_Region3Hebei_aluminum_Region12Anhui,0.0,0.0,3871.1056053502284,0.0,0.0,0.0,0.0,3871.1056053502284
aluminum_Region3Hebei_aluminum_Region13Fujian,0.0,0.0,2143.295521336517,0.0,0.0,0.0,0.0,2143.295521336517
aluminum_Region3Hebei_aluminum_Region14Jiangxi,0.0,0.0,2674.9125513900235,0.0,0.0,0.0,0.0,2674.9125513900235
aluminum_Region3Hebei_aluminum_Region15Shandong,0.0,0.0,5669.19991065933,0.0,0.0,0.0,0.0,5669.19991065933
aluminum_Region3Hebei_aluminum_Region16Henan,0.0,0.0,3968.0302439448274,0.0,0.0,0.0,0.0,3968.0302439448274
aluminum_Region3Hebei_aluminum_Region17Hubei,0.0,0.0,2782.5254491327123,0.0,0.0,0.0,0.0,2782.5254491327123
aluminum_Region3Hebei_aluminum_Region18Hunan,0.0,0.0,2611.5806624296347,0.0,0.0,0.0,0.0,2611.5806624296347
aluminum_Region3Hebei_aluminum_Region19Guangdong,0.0,0.0,3404.0461719837676,0.0,0.0,0.0,0.0,3404.0461719837676
aluminum_Region3Hebei_aluminum_Region20Guangxi,0.0,0.0,2271.4294947377048,0.0,0.0,0.0,0.0,2271.4294947377048
aluminum_Region3Hebei_aluminum_Region21Hainan,0.0,0.0,2075.614696218753,0.0,0.0,0.0,0.0,2075.614696218753
aluminum_Region3Hebei_aluminum_Region22Chongqing,0.0,0.0,1949.730209301346,0.0,0.0,0.0,0.0,1949.730209301346
aluminum_Region3Hebei_aluminum_Region23Sichuan,0.0,0.0,1910.565370855882,0.0,0.0,0.0,0.0,1910.565370855882
aluminum_Region3Hebei_aluminum_Region24Guizhou,0.0,0.0,1968.6101019567868,0.0,0.0,0.0,0.0,1968.6101019567868
aluminum_Region3Hebei_aluminum_Region25Yunnan,0.0,0.0,2026.4808341564392,0.0,0.0,0.0,0.0,2026.4808341564392
aluminum_Region3Hebei_aluminum_Region27Shaanxi,0.0,0.0,1667.6445558556538,0.0,0.0,0.0,0.0,1667.6445558556538
aluminum_Region3Hebei_aluminum_Region28Gansu,0.0,0.0,1127.778990645302,0.0,0.0,0.0,0.0,1127.778990645302
aluminum_Region3Hebei_aluminum_Region29Qinghai,0.0,0.0,1445.4365127022688,0.0,0.0,0.0,0.0,1445.4365127022688
aluminum_Region3Hebei_aluminum_Region30Ningxia,0.0,0.0,1515.9560445030854,0.0,0.0,0.0,0.0,1515.9560445030854
aluminum_Region3Hebei_aluminum_Region31Xinjiang,0.0,0.0,1570.8392734903127,0.0,0.0,0.0,0.0,1570.8392734903127
aluminum_Region4Shanxi_aluminum_Region1Beijing,0.0,0.0,2393.9184556026157,0.0,0.0,0.0,0.0,2393.9184556026157
aluminum_Region4Shanxi_aluminum_Region2Tianjin,0.0,0.0,2687.809212610469,0.0,0.0,0.0,0.0,2687.809212610469
aluminum_Region4Shanxi_aluminum_Region3Hebei,0.0,0.0,2150.123044941912,0.0,0.0,0.0,0.0,2150.123044941912
aluminum_Region4Shanxi_aluminum_Region5Innermongolia,0.0,0.0,965.470252032694,0.0,0.0,0.0,0.0,965.470252032694
aluminum_Region4Shanxi_aluminum_Region6Liaoning,0.0,0.0,1435.693201644456,0.0,0.0,0.0,0.0,1435.693201644456
aluminum_Region4Shanxi_aluminum_Region7Jilin,0.0,0.0,1318.9824645275805,0.0,0.0,0.0,0.0,1318.9824645275805
aluminum_Region4Shanxi_aluminum_Region8Heilongjiang,0.0,0.0,1411.2386160121753,0.0,0.0,0.0,0.0,1411.2386160121753
aluminum_Region4Shanxi_aluminum_Region9Shanghai,0.0,0.0,2877.977406306673,0.0,0.0,0.0,0.0,2877.977406306673
aluminum_Region4Shanxi_aluminum_Region10Jiangsu,0.0,0.0,3461.86495091916,0.0,0.0,0.0,0.0,3461.86495091916
aluminum_Region4Shanxi_aluminum_Region11Zhejiang,0.0,0.0,2601.3077495803986,0.0,0.0,0.0,0.0,2601.3077495803986
aluminum_Region4Shanxi_aluminum_Region12Anhui,0.0,0.0,3879.4599388209717,0.0,0.0,0.0,0.0,3879.4599388209717
aluminum_Region4Shanxi_aluminum_Region13Fujian,0.0,0.0,2150.313026941498,0.0,0.0,0.0,0.0,2150.313026941498
aluminum_Region4Shanxi_aluminum_Region14Jiangxi,0.0,0.0,2729.2921386103444,0.0,0.0,0.0,0.0,2729.2921386103444
aluminum_Region4Shanxi_aluminum_Region15Shandong,0.0,0.0,4248.070931113487,0.0,0.0,0.0,0.0,4248.070931113487
aluminum_Region4Shanxi_aluminum_Region16Henan,0.0,0.0,5488.370568187946,0.0,0.0,0.0,0.0,5488.370568187946
aluminum_Region4Shanxi_aluminum_Region17Hubei,0.0,0.0,3002.612930178235,0.0,0.0,0.0,0.0,3002.612930178235
aluminum_Region4Shanxi_aluminum_Region18Hunan,0.0,0.0,2681.5725747535753,0.0,0.0,0.0,0.0,2681.5725747535753
aluminum_Region4Shanxi_aluminum_Region19Guangdong,0.0,0.0,3357.8095837908504,0.0,0.0,0.0,0.0,3357.8095837908504
aluminum_Region4Shanxi_aluminum_Region20Guangxi,0.0,0.0,2308.268357605201,0.0,0.0,0.0,0.0,2308.268357605201
aluminum_Region4Shanxi_aluminum_Region21Hainan,0.0,0.0,2076.8174497789432,0.0,0.0,0.0,0.0,2076.8174497789432
aluminum_Region4Shanxi_aluminum_Region22Chongqing,0.0,0.0,1956.8366803850909,0.0,0.0,0.0,0.0,1956.8366803850909
aluminum_Region4Shanxi_aluminum_Region23Sichuan,0.0,0.0,1931.6694995840712,0.0,0.0,0.0,0.0,1931.6694995840712
aluminum_Region4Shanxi_aluminum_Region24Guizhou,0.0,0.0,1963.5963550189106,0.0,0.0,0.0,0.0,1963.5963550189106
aluminum_Region4Shanxi_aluminum_Region25Yunnan,0.0,0.0,1985.993732849187,0.0,0.0,0.0,0.0,1985.993732849187
aluminum_Region4Shanxi_aluminum_Region27Shaanxi,0.0,0.0,1624.3569566668098,0.0,0.0,0.0,0.0,1624.3569566668098
aluminum_Region4Shanxi_aluminum_Region28Gansu,0.0,0.0,1036.9433496253723,0.0,0.0,0.0,0.0,1036.9433496253723
aluminum_Region4Shanxi_aluminum_Region29Qinghai,0.0,0.0,1387.3995526891235,0.0,0.0,0.0,0.0,1387.3995526891235
aluminum_Region4Shanxi_aluminum_Region30Ningxia,0.0,0.0,1436.187290381813,0.0,0.0,0.0,0.0,1436.187290381813
aluminum_Region4Shanxi_aluminum_Region31Xinjiang,0.0,0.0,1547.771560155723,0.0,0.0,0.0,0.0,1547.771560155723
aluminum_Region5Innermongolia_aluminum_Region1Beijing,0.0,0.0,20511.28892817079,0.0,0.0,0.0,0.0,20511.28892817079
aluminum_Region5Innermongolia_aluminum_Region2Tianjin,0.0,0.0,10908.244049884406,0.0,0.0,0.0,0.0,10908.244049884406
aluminum_Region5Innermongolia_aluminum_Region3Hebei,0.0,0.0,8038.4870516850915,0.0,0.0,0.0,0.0,8038.4870516850915
aluminum_Region5Innermongolia_aluminum_Region4Shanxi,0.0,0.0,15425.374383993127,0.0,0.0,0.0,0.0,15425.374383993127
aluminum_Region5Innermongolia_aluminum_Region6Liaoning,0.0,0.0,1866.636267115306,0.0,0.0,0.0,0.0,1866.636267115306
aluminum_Region5Innermongolia_aluminum_Region7Jilin,0.0,0.0,1570.6873936878114,0.0,0.0,0.0,0.0,1570.6873936878114
aluminum_Region5Innermongolia_aluminum_Region8Heilongjiang,0.0,0.0,1664.1208764289272,0.0,0.0,0.0,0.0,1664.1208764289272
aluminum_Region5Innermongolia_aluminum_Region9Shanghai,0.0,0.0,3792.3750800449807,0.0,0.0,0.0,0.0,3792.3750800449807
aluminum_Region5Innermongolia_aluminum_Region10Jiangsu,0.0,0.0,4981.319918141709,0.0,0.0,0.0,0.0,4981.319918141709
aluminum_Region5Innermongolia_aluminum_Region11Zhejiang,0.0,0.0,3471.4725642024987,0.0,0.0,0.0,0.0,3471.4725642024987
aluminum_Region5Innermongolia_aluminum_Region12Anhui,0.0,0.0,5157.045887567676,0.0,0.0,0.0,0.0,5157.045887567676
aluminum_Region5Innermongolia_aluminum_Region13Fujian,0.0,0.0,2604.9580896091634,0.0,0.0,0.0,0.0,2604.9580896091634
aluminum_Region5Innermongolia_aluminum_Region14Jiangxi,0.0,0.0,3518.521308425663,0.0,0.0,0.0,0.0,3518.521308425663
aluminum_Region5Innermongolia_aluminum_Region15Shandong,0.0,0.0,7403.26329610678,0.0,0.0,0.0,0.0,7403.26329610678
aluminum_Region5Innermongolia_aluminum_Region16Henan,0.0,0.0,8109.765245232856,0.0,0.0,0.0,0.0,8109.765245232856
aluminum_Region5Innermongolia_aluminum_Region17Hubei,0.0,0.0,4096.057825046474,0.0,0.0,0.0,0.0,4096.057825046474
aluminum_Region5Innermongolia_aluminum_Region18Hunan,0.0,0.0,3458.7930458778033,0.0,0.0,0.0,0.0,3458.7930458778033
aluminum_Region5Innermongolia_aluminum_Region19Guangdong,0.0,0.0,3901.611539374683,0.0,0.0,0.0,0.0,3901.611539374683
aluminum_Region5Innermongolia_aluminum_Region20Guangxi,0.0,0.0,2732.380866052277,0.0,0.0,0.0,0.0,2732.380866052277
aluminum_Region5Innermongolia_aluminum_Region21Hainan,0.0,0.0,2415.0208250486535,0.0,0.0,0.0,0.0,2415.0208250486535
aluminum_Region5Innermongolia_aluminum_Region22Chongqing,0.0,0.0,2546.848972491503,0.0,0.0,0.0,0.0,2546.848972491503
aluminum_Region5Innermongolia_aluminum_Region23Sichuan,0.0,0.0,2512.2421480424446,0.0,0.0,0.0,0.0,2512.2421480424446
aluminum_Region5Innermongolia_aluminum_Region24Guizhou,0.0,0.0,2433.7965601724054,0.0,0.0,0.0,0.0,2433.7965601724054
aluminum_Region5Innermongolia_aluminum_Region25Yunnan,0.0,0.0,2346.7865030362896,0.0,0.0,0.0,0.0,2346.7865030362896
aluminum_Region5Innermongolia_aluminum_Region27Shaanxi,0.0,0.0,2691.69140889752,0.0,0.0,0.0,0.0,2691.69140889752
aluminum_Region5Innermongolia_aluminum_Region28Gansu,0.0,0.0,1365.0097154993953,0.0,0.0,0.0,0.0,1365.0097154993953
aluminum_Region5Innermongolia_aluminum_Region29Qinghai,0.0,0.0,1827.3316207508335,0.0,0.0,0.0,0.0,1827.3316207508335
aluminum_Region5Innermongolia_aluminum_Region30Ningxia,0.0,0.0,2511.9524265496907,0.0,0.0,0.0,0.0,2511.9524265496907
aluminum_Region5Innermongolia_aluminum_Region31Xinjiang,0.0,0.0,1714.484860880345,0.0,0.0,0.0,0.0,1714.484860880345
aluminum_Region6Liaoning_aluminum_Region1Beijing,0.0,0.0,4418.999163046459,0.0,0.0,0.0,0.0,4418.999163046459
aluminum_Region6Liaoning_aluminum_Region2Tianjin,0.0,0.0,5701.360171497883,0.0,0.0,0.0,0.0,5701.360171497883
aluminum_Region6Liaoning_aluminum_Region3Hebei,0.0,0.0,2771.121061420486,0.0,0.0,0.0,0.0,2771.121061420486
aluminum_Region6Liaoning_aluminum_Region4Shanxi,0.0,0.0,2603.2569433155045,0.0,0.0,0.0,0.0,2603.2569433155045
aluminum_Region6Liaoning_aluminum_Region5Innermongolia,0.0,0.0,1820.7580920149876,0.0,0.0,0.0,0.0,1820.7580920149876
aluminum_Region6Liaoning_aluminum_Region7Jilin,0.0,0.0,923.6076775301881,0.0,0.0,0.0,0.0,923.6076775301881
aluminum_Region6Liaoning_aluminum_Region8Heilongjiang,0.0,0.0,1155.0015737161839,0.0,0.0,0.0,0.0,1155.0015737161839
aluminum_Region6Liaoning_aluminum_Region9Shanghai,0.0,0.0,3401.968891487423,0.0,0.0,0.0,0.0,3401.968891487423
aluminum_Region6Liaoning_aluminum_Region10Jiangsu,0.0,0.0,4038.675169358211,0.0,0.0,0.0,0.0,4038.675169358211
aluminum_Region6Liaoning_aluminum_Region11Zhejiang,0.0,0.0,3075.3504351925817,0.0,0.0,0.0,0.0,3075.3504351925817
aluminum_Region6Liaoning_aluminum_Region12Anhui,0.0,0.0,4014.76693386817,0.0,0.0,0.0,0.0,4014.76693386817
aluminum_Region6Liaoning_aluminum_Region13Fujian,0.0,0.0,2427.5638885659437,0.0,0.0,0.0,0.0,2427.5638885659437
aluminum_Region6Liaoning_aluminum_Region14Jiangxi,0.0,0.0,2964.3692597032486,0.0,0.0,0.0,0.0,2964.3692597032486
aluminum_Region6Liaoning_aluminum_Region15Shandong,0.0,0.0,5263.1757619624195,0.0,0.0,0.0,0.0,5263.1757619624195
aluminum_Region6Liaoning_aluminum_Region16Henan,0.0,0.0,3361.9292030356455,0.0,0.0,0.0,0.0,3361.9292030356455
aluminum_Region6Liaoning_aluminum_Region17Hubei,0.0,0.0,2950.1715108967664,0.0,0.0,0.0,0.0,2950.1715108967664
aluminum_Region6Liaoning_aluminum_Region18Hunan,0.0,0.0,2886.3286188215616,0.0,0.0,0.0,0.0,2886.3286188215616
aluminum_Region6Liaoning_aluminum_Region19Guangdong,0.0,0.0,3402.7723557652707,0.0,0.0,0.0,0.0,3402.7723557652707
aluminum_Region6Liaoning_aluminum_Region20Guangxi,0.0,0.0,2524.6432681744686,0.0,0.0,0.0,0.0,2524.6432681744686
aluminum_Region6Liaoning_aluminum_Region21Hainan,0.0,0.0,2377.253930304147,0.0,0.0,0.0,0.0,2377.253930304147
aluminum_Region6Liaoning_aluminum_Region22Chongqing,0.0,0.0,2308.7862991681286,0.0,0.0,0.0,0.0,2308.7862991681286
aluminum_Region6Liaoning_aluminum_Region23Sichuan,0.0,0.0,2273.403053733077,0.0,0.0,0.0,0.0,2273.403053733077
aluminum_Region6Liaoning_aluminum_Region24Guizhou,0.0,0.0,2302.091041894477,0.0,0.0,0.0,0.0,2302.091041894477
aluminum_Region6Liaoning_aluminum_Region25Yunnan,0.0,0.0,2291.6088739639445,0.0,0.0,0.0,0.0,2291.6088739639445
aluminum_Region6Liaoning_aluminum_Region27Shaanxi,0.0,0.0,2237.3007816170916,0.0,0.0,0.0,0.0,2237.3007816170916
aluminum_Region6Liaoning_aluminum_Region28Gansu,0.0,0.0,1624.724781286334,0.0,0.0,0.0,0.0,1624.724781286334
aluminum_Region6Liaoning_aluminum_Region29Qinghai,0.0,0.0,1879.5997917353668,0.0,0.0,0.0,0.0,1879.5997917353668
aluminum_Region6Liaoning_aluminum_Region30Ningxia,0.0,0.0,2081.962458132579,0.0,0.0,0.0,0.0,2081.962458132579
aluminum_Region6Liaoning_aluminum_Region31Xinjiang,0.0,0.0,1809.129731855879,0.0,0.0,0.0,0.0,1809.129731855879
aluminum_Region7Jilin_aluminum_Region1Beijing,0.0,0.0,6416.492303387448,0.0,0.0,0.0,0.0,6416.492303387448
aluminum_Region7Jilin_aluminum_Region2Tianjin,0.0,0.0,7721.541842528721,0.0,0.0,0.0,0.0,7721.541842528721
aluminum_Region7Jilin_aluminum_Region3Hebei,0.0,0.0,3594.2082795684364,0.0,0.0,0.0,0.0,3594.2082795684364
aluminum_Region7Jilin_aluminum_Region4Shanxi,0.0,0.0,3275.623735042326,0.0,0.0,0.0,0.0,3275.623735042326
aluminum_Region7Jilin_aluminum_Region5Innermongolia,0.0,0.0,2332.5686001623058,0.0,0.0,0.0,0.0,2332.5686001623058
aluminum_Region7Jilin_aluminum_Region6Liaoning,0.0,0.0,3.0165425257830685e6,0.0,0.0,0.0,0.0,3.0165425257830685e6
aluminum_Region7Jilin_aluminum_Region8Heilongjiang,0.0,0.0,1628.6658697793414,0.0,0.0,0.0,0.0,1628.6658697793414
aluminum_Region7Jilin_aluminum_Region9Shanghai,0.0,0.0,3923.0943113156018,0.0,0.0,0.0,0.0,3923.0943113156018
aluminum_Region7Jilin_aluminum_Region10Jiangsu,0.0,0.0,4658.989544875109,0.0,0.0,0.0,0.0,4658.989544875109
aluminum_Region7Jilin_aluminum_Region11Zhejiang,0.0,0.0,3531.79759399472,0.0,0.0,0.0,0.0,3531.79759399472
aluminum_Region7Jilin_aluminum_Region12Anhui,0.0,0.0,4581.052450639383,0.0,0.0,0.0,0.0,4581.052450639383
aluminum_Region7Jilin_aluminum_Region13Fujian,0.0,0.0,2714.549238667204,0.0,0.0,0.0,0.0,2714.549238667204
aluminum_Region7Jilin_aluminum_Region14Jiangxi,0.0,0.0,3361.386358092758,0.0,0.0,0.0,0.0,3361.386358092758
aluminum_Region7Jilin_aluminum_Region15Shandong,0.0,0.0,6307.099418609439,0.0,0.0,0.0,0.0,6307.099418609439
aluminum_Region7Jilin_aluminum_Region16Henan,0.0,0.0,4044.6776811642767,0.0,0.0,0.0,0.0,4044.6776811642767
aluminum_Region7Jilin_aluminum_Region17Hubei,0.0,0.0,3386.448881216263,0.0,0.0,0.0,0.0,3386.448881216263
aluminum_Region7Jilin_aluminum_Region18Hunan,0.0,0.0,3262.2647641042113,0.0,0.0,0.0,0.0,3262.2647641042113
aluminum_Region7Jilin_aluminum_Region19Guangdong,0.0,0.0,3753.5295513475326,0.0,0.0,0.0,0.0,3753.5295513475326
aluminum_Region7Jilin_aluminum_Region20Guangxi,0.0,0.0,2773.5130091072147,0.0,0.0,0.0,0.0,2773.5130091072147
aluminum_Region7Jilin_aluminum_Region21Hainan,0.0,0.0,2602.7737212552256,0.0,0.0,0.0,0.0,2602.7737212552256
aluminum_Region7Jilin_aluminum_Region22Chongqing,0.0,0.0,2588.514995715136,0.0,0.0,0.0,0.0,2588.514995715136
aluminum_Region7Jilin_aluminum_Region23Sichuan,0.0,0.0,2550.1893545121998,0.0,0.0,0.0,0.0,2550.1893545121998
aluminum_Region7Jilin_aluminum_Region24Guizhou,0.0,0.0,2553.262982410425,0.0,0.0,0.0,0.0,2553.262982410425
aluminum_Region7Jilin_aluminum_Region25Yunnan,0.0,0.0,2502.6251315395543,0.0,0.0,0.0,0.0,2502.6251315395543
aluminum_Region7Jilin_aluminum_Region27Shaanxi,0.0,0.0,2634.0270713491986,0.0,0.0,0.0,0.0,2634.0270713491986
aluminum_Region7Jilin_aluminum_Region28Gansu,0.0,0.0,1884.9005850500453,0.0,0.0,0.0,0.0,1884.9005850500453
aluminum_Region7Jilin_aluminum_Region29Qinghai,0.0,0.0,2144.303526195611,0.0,0.0,0.0,0.0,2144.303526195611
aluminum_Region7Jilin_aluminum_Region30Ningxia,0.0,0.0,2472.705594723717,0.0,0.0,0.0,0.0,2472.705594723717
aluminum_Region7Jilin_aluminum_Region31Xinjiang,0.0,0.0,1968.360850922615,0.0,0.0,0.0,0.0,1968.360850922615
aluminum_Region8Heilongjiang_aluminum_Region1Beijing,0.0,0.0,4677.240142336512,0.0,0.0,0.0,0.0,4677.240142336512
aluminum_Region8Heilongjiang_aluminum_Region2Tianjin,0.0,0.0,5151.109074374775,0.0,0.0,0.0,0.0,5151.109074374775
aluminum_Region8Heilongjiang_aluminum_Region3Hebei,0.0,0.0,3332.158076910131,0.0,0.0,0.0,0.0,3332.158076910131
aluminum_Region8Heilongjiang_aluminum_Region4Shanxi,0.0,0.0,3074.3126586786043,0.0,0.0,0.0,0.0,3074.3126586786043
aluminum_Region8Heilongjiang_aluminum_Region5Innermongolia,0.0,0.0,2323.0013537628693,0.0,0.0,0.0,0.0,2323.0013537628693
aluminum_Region8Heilongjiang_aluminum_Region6Liaoning,0.0,0.0,3461.0216989475725,0.0,0.0,0.0,0.0,3461.0216989475725
aluminum_Region8Heilongjiang_aluminum_Region7Jilin,0.0,0.0,1570.3732771513896,0.0,0.0,0.0,0.0,1570.3732771513896
aluminum_Region8Heilongjiang_aluminum_Region9Shanghai,0.0,0.0,3663.502378996367,0.0,0.0,0.0,0.0,3663.502378996367
aluminum_Region8Heilongjiang_aluminum_Region10Jiangsu,0.0,0.0,4147.701230425977,0.0,0.0,0.0,0.0,4147.701230425977
aluminum_Region8Heilongjiang_aluminum_Region11Zhejiang,0.0,0.0,3370.065869406563,0.0,0.0,0.0,0.0,3370.065869406563
aluminum_Region8Heilongjiang_aluminum_Region12Anhui,0.0,0.0,3943.866845022287,0.0,0.0,0.0,0.0,3943.866845022287
aluminum_Region8Heilongjiang_aluminum_Region13Fujian,0.0,0.0,2726.861615870198,0.0,0.0,0.0,0.0,2726.861615870198
aluminum_Region8Heilongjiang_aluminum_Region14Jiangxi,0.0,0.0,3208.59600237575,0.0,0.0,0.0,0.0,3208.59600237575
aluminum_Region8Heilongjiang_aluminum_Region15Shandong,0.0,0.0,4599.558008402251,0.0,0.0,0.0,0.0,4599.558008402251
aluminum_Region8Heilongjiang_aluminum_Region16Henan,0.0,0.0,3670.849390673394,0.0,0.0,0.0,0.0,3670.849390673394
aluminum_Region8Heilongjiang_aluminum_Region17Hubei,0.0,0.0,3182.438777375923,0.0,0.0,0.0,0.0,3182.438777375923
aluminum_Region8Heilongjiang_aluminum_Region18Hunan,0.0,0.0,3139.0784679187077,0.0,0.0,0.0,0.0,3139.0784679187077
aluminum_Region8Heilongjiang_aluminum_Region19Guangdong,0.0,0.0,3515.6409729778766,0.0,0.0,0.0,0.0,3515.6409729778766
aluminum_Region8Heilongjiang_aluminum_Region20Guangxi,0.0,0.0,2719.2686798223685,0.0,0.0,0.0,0.0,2719.2686798223685
aluminum_Region8Heilongjiang_aluminum_Region21Hainan,0.0,0.0,2545.58002636368,0.0,0.0,0.0,0.0,2545.58002636368
aluminum_Region8Heilongjiang_aluminum_Region22Chongqing,0.0,0.0,2554.7267133032765,0.0,0.0,0.0,0.0,2554.7267133032765
aluminum_Region8Heilongjiang_aluminum_Region23Sichuan,0.0,0.0,2518.4965893846665,0.0,0.0,0.0,0.0,2518.4965893846665
aluminum_Region8Heilongjiang_aluminum_Region24Guizhou,0.0,0.0,2527.0629434802186,0.0,0.0,0.0,0.0,2527.0629434802186
aluminum_Region8Heilongjiang_aluminum_Region25Yunnan,0.0,0.0,2495.6978481084643,0.0,0.0,0.0,0.0,2495.6978481084643
aluminum_Region8Heilongjiang_aluminum_Region27Shaanxi,0.0,0.0,2582.1057588643857,0.0,0.0,0.0,0.0,2582.1057588643857
aluminum_Region8Heilongjiang_aluminum_Region28Gansu,0.0,0.0,1913.2675476748252,0.0,0.0,0.0,0.0,1913.2675476748252
aluminum_Region8Heilongjiang_aluminum_Region29Qinghai,0.0,0.0,2151.1067672254367,0.0,0.0,0.0,0.0,2151.1067672254367
aluminum_Region8Heilongjiang_aluminum_Region30Ningxia,0.0,0.0,2442.7776181310705,0.0,0.0,0.0,0.0,2442.7776181310705
aluminum_Region8Heilongjiang_aluminum_Region31Xinjiang,0.0,0.0,1982.0007166018993,0.0,0.0,0.0,0.0,1982.0007166018993
aluminum_Region9Shanghai_aluminum_Region1Beijing,0.0,0.0,1509.6074598249247,0.0,0.0,0.0,0.0,1509.6074598249247
aluminum_Region9Shanghai_aluminum_Region2Tianjin,0.0,0.0,1522.4255575889952,0.0,0.0,0.0,0.0,1522.4255575889952
aluminum_Region9Shanghai_aluminum_Region3Hebei,0.0,0.0,1387.975652129148,0.0,0.0,0.0,0.0,1387.975652129148
aluminum_Region9Shanghai_aluminum_Region4Shanxi,0.0,0.0,1450.8635318175434,0.0,0.0,0.0,0.0,1450.8635318175434
aluminum_Region9Shanghai_aluminum_Region5Innermongolia,0.0,0.0,1303.054450028034,0.0,0.0,0.0,0.0,1303.054450028034
aluminum_Region9Shanghai_aluminum_Region6Liaoning,0.0,0.0,1315.3530227531453,0.0,0.0,0.0,0.0,1315.3530227531453
aluminum_Region9Shanghai_aluminum_Region7Jilin,0.0,0.0,1249.04125693743,0.0,0.0,0.0,0.0,1249.04125693743
aluminum_Region9Shanghai_aluminum_Region8Heilongjiang,0.0,0.0,1315.0309754044006,0.0,0.0,0.0,0.0,1315.0309754044006
aluminum_Region9Shanghai_aluminum_Region10Jiangsu,0.0,0.0,2143.6196722477275,0.0,0.0,0.0,0.0,2143.6196722477275
aluminum_Region9Shanghai_aluminum_Region11Zhejiang,0.0,0.0,1352.8199336999955,0.0,0.0,0.0,0.0,1352.8199336999955
aluminum_Region9Shanghai_aluminum_Region12Anhui,0.0,0.0,1733.4613196430873,0.0,0.0,0.0,0.0,1733.4613196430873
aluminum_Region9Shanghai_aluminum_Region13Fujian,0.0,0.0,1444.2238942502745,0.0,0.0,0.0,0.0,1444.2238942502745
aluminum_Region9Shanghai_aluminum_Region14Jiangxi,0.0,0.0,1634.4325279008492,0.0,0.0,0.0,0.0,1634.4325279008492
aluminum_Region9Shanghai_aluminum_Region15Shandong,0.0,0.0,1507.8153221523442,0.0,0.0,0.0,0.0,1507.8153221523442
aluminum_Region9Shanghai_aluminum_Region16Henan,0.0,0.0,1634.1903264961156,0.0,0.0,0.0,0.0,1634.1903264961156
aluminum_Region9Shanghai_aluminum_Region17Hubei,0.0,0.0,1539.159161991076,0.0,0.0,0.0,0.0,1539.159161991076
aluminum_Region9Shanghai_aluminum_Region18Hunan,0.0,0.0,1750.7375347131106,0.0,0.0,0.0,0.0,1750.7375347131106
aluminum_Region9Shanghai_aluminum_Region19Guangdong,0.0,0.0,2810.8379359531446,0.0,0.0,0.0,0.0,2810.8379359531446
aluminum_Region9Shanghai_aluminum_Region20Guangxi,0.0,0.0,1804.866431190933,0.0,0.0,0.0,0.0,1804.866431190933
aluminum_Region9Shanghai_aluminum_Region21Hainan,0.0,0.0,1714.2929412867272,0.0,0.0,0.0,0.0,1714.2929412867272
aluminum_Region9Shanghai_aluminum_Region22Chongqing,0.0,0.0,1546.4296529290755,0.0,0.0,0.0,0.0,1546.4296529290755
aluminum_Region9Shanghai_aluminum_Region23Sichuan,0.0,0.0,1580.1784581350444,0.0,0.0,0.0,0.0,1580.1784581350444
aluminum_Region9Shanghai_aluminum_Region24Guizhou,0.0,0.0,1573.4339299819917,0.0,0.0,0.0,0.0,1573.4339299819917
aluminum_Region9Shanghai_aluminum_Region25Yunnan,0.0,0.0,1730.7923886324684,0.0,0.0,0.0,0.0,1730.7923886324684
aluminum_Region9Shanghai_aluminum_Region27Shaanxi,0.0,0.0,1388.8042545003755,0.0,0.0,0.0,0.0,1388.8042545003755
aluminum_Region9Shanghai_aluminum_Region28Gansu,0.0,0.0,1191.027566301296,0.0,0.0,0.0,0.0,1191.027566301296
aluminum_Region9Shanghai_aluminum_Region29Qinghai,0.0,0.0,1396.3938092187318,0.0,0.0,0.0,0.0,1396.3938092187318
aluminum_Region9Shanghai_aluminum_Region30Ningxia,0.0,0.0,1453.0717908494569,0.0,0.0,0.0,0.0,1453.0717908494569
aluminum_Region9Shanghai_aluminum_Region31Xinjiang,0.0,0.0,1555.7598917953453,0.0,0.0,0.0,0.0,1555.7598917953453
aluminum_Region10Jiangsu_aluminum_Region1Beijing,0.0,0.0,1394.1004522329047,0.0,0.0,0.0,0.0,1394.1004522329047
aluminum_Region10Jiangsu_aluminum_Region2Tianjin,0.0,0.0,1399.3706272973893,0.0,0.0,0.0,0.0,1399.3706272973893
aluminum_Region10Jiangsu_aluminum_Region3Hebei,0.0,0.0,1244.5026109812638,0.0,0.0,0.0,0.0,1244.5026109812638
aluminum_Region10Jiangsu_aluminum_Region4Shanxi,0.0,0.0,1330.9853899488896,0.0,0.0,0.0,0.0,1330.9853899488896
aluminum_Region10Jiangsu_aluminum_Region5Innermongolia,0.0,0.0,1205.3227708985187,0.0,0.0,0.0,0.0,1205.3227708985187
aluminum_Region10Jiangsu_aluminum_Region6Liaoning,0.0,0.0,1241.582438811806,0.0,0.0,0.0,0.0,1241.582438811806
aluminum_Region10Jiangsu_aluminum_Region7Jilin,0.0,0.0,1186.0010081276516,0.0,0.0,0.0,0.0,1186.0010081276516
aluminum_Region10Jiangsu_aluminum_Region8Heilongjiang,0.0,0.0,1258.3486657557746,0.0,0.0,0.0,0.0,1258.3486657557746
aluminum_Region10Jiangsu_aluminum_Region9Shanghai,0.0,0.0,1685.5535131049696,0.0,0.0,0.0,0.0,1685.5535131049696
aluminum_Region10Jiangsu_aluminum_Region11Zhejiang,0.0,0.0,1268.0922613117193,0.0,0.0,0.0,0.0,1268.0922613117193
aluminum_Region10Jiangsu_aluminum_Region12Anhui,0.0,0.0,1350.1340046475182,0.0,0.0,0.0,0.0,1350.1340046475182
aluminum_Region10Jiangsu_aluminum_Region13Fujian,0.0,0.0,1436.1481013434873,0.0,0.0,0.0,0.0,1436.1481013434873
aluminum_Region10Jiangsu_aluminum_Region14Jiangxi,0.0,0.0,1500.9555557575402,0.0,0.0,0.0,0.0,1500.9555557575402
aluminum_Region10Jiangsu_aluminum_Region15Shandong,0.0,0.0,1331.64017755622,0.0,0.0,0.0,0.0,1331.64017755622
aluminum_Region10Jiangsu_aluminum_Region16Henan,0.0,0.0,1443.5307404252949,0.0,0.0,0.0,0.0,1443.5307404252949
aluminum_Region10Jiangsu_aluminum_Region17Hubei,0.0,0.0,1335.9259323369297,0.0,0.0,0.0,0.0,1335.9259323369297
aluminum_Region10Jiangsu_aluminum_Region18Hunan,0.0,0.0,1638.7083686421445,0.0,0.0,0.0,0.0,1638.7083686421445
aluminum_Region10Jiangsu_aluminum_Region19Guangdong,0.0,0.0,2779.0227005858305,0.0,0.0,0.0,0.0,2779.0227005858305
aluminum_Region10Jiangsu_aluminum_Region20Guangxi,0.0,0.0,1765.696637815051,0.0,0.0,0.0,0.0,1765.696637815051
aluminum_Region10Jiangsu_aluminum_Region21Hainan,0.0,0.0,1677.5108780693006,0.0,0.0,0.0,0.0,1677.5108780693006
aluminum_Region10Jiangsu_aluminum_Region22Chongqing,0.0,0.0,1444.8323280325321,0.0,0.0,0.0,0.0,1444.8323280325321
aluminum_Region10Jiangsu_aluminum_Region23Sichuan,0.0,0.0,1495.833531664305,0.0,0.0,0.0,0.0,1495.833531664305
aluminum_Region10Jiangsu_aluminum_Region24Guizhou,0.0,0.0,1498.3709754480171,0.0,0.0,0.0,0.0,1498.3709754480171
aluminum_Region10Jiangsu_aluminum_Region25Yunnan,0.0,0.0,1676.2528634057921,0.0,0.0,0.0,0.0,1676.2528634057921
aluminum_Region10Jiangsu_aluminum_Region27Shaanxi,0.0,0.0,1236.2629101335117,0.0,0.0,0.0,0.0,1236.2629101335117
aluminum_Region10Jiangsu_aluminum_Region28Gansu,0.0,0.0,1089.5274796987676,0.0,0.0,0.0,0.0,1089.5274796987676
aluminum_Region10Jiangsu_aluminum_Region29Qinghai,0.0,0.0,1309.5215384891926,0.0,0.0,0.0,0.0,1309.5215384891926
aluminum_Region10Jiangsu_aluminum_Region30Ningxia,0.0,0.0,1351.1905735182634,0.0,0.0,0.0,0.0,1351.1905735182634
aluminum_Region10Jiangsu_aluminum_Region31Xinjiang,0.0,0.0,1508.782777868056,0.0,0.0,0.0,0.0,1508.782777868056
aluminum_Region11Zhejiang_aluminum_Region1Beijing,0.0,0.0,1688.6159966289829,0.0,0.0,0.0,0.0,1688.6159966289829
aluminum_Region11Zhejiang_aluminum_Region2Tianjin,0.0,0.0,1722.7945322700882,0.0,0.0,0.0,0.0,1722.7945322700882
aluminum_Region11Zhejiang_aluminum_Region3Hebei,0.0,0.0,1554.1295221329965,0.0,0.0,0.0,0.0,1554.1295221329965
aluminum_Region11Zhejiang_aluminum_Region4Shanxi,0.0,0.0,1600.520193403384,0.0,0.0,0.0,0.0,1600.520193403384
aluminum_Region11Zhejiang_aluminum_Region5Innermongolia,0.0,0.0,1398.899700080759,0.0,0.0,0.0,0.0,1398.899700080759
aluminum_Region11Zhejiang_aluminum_Region6Liaoning,0.0,0.0,1422.701894648655,0.0,0.0,0.0,0.0,1422.701894648655
aluminum_Region11Zhejiang_aluminum_Region7Jilin,0.0,0.0,1331.511496460305,0.0,0.0,0.0,0.0,1331.511496460305
aluminum_Region11Zhejiang_aluminum_Region8Heilongjiang,0.0,0.0,1391.5123226259593,0.0,0.0,0.0,0.0,1391.5123226259593
aluminum_Region11Zhejiang_aluminum_Region9Shanghai,0.0,0.0,191973.7383795567,0.0,0.0,0.0,0.0,191973.7383795567
aluminum_Region11Zhejiang_aluminum_Region10Jiangsu,0.0,0.0,5913.410962317766,0.0,0.0,0.0,0.0,5913.410962317766
aluminum_Region11Zhejiang_aluminum_Region12Anhui,0.0,0.0,2191.032529053768,0.0,0.0,0.0,0.0,2191.032529053768
aluminum_Region11Zhejiang_aluminum_Region13Fujian,0.0,0.0,1664.9658712580924,0.0,0.0,0.0,0.0,1664.9658712580924
aluminum_Region11Zhejiang_aluminum_Region14Jiangxi,0.0,0.0,1858.7425190343629,0.0,0.0,0.0,0.0,1858.7425190343629
aluminum_Region11Zhejiang_aluminum_Region15Shandong,0.0,0.0,1746.6575622199423,0.0,0.0,0.0,0.0,1746.6575622199423
aluminum_Region11Zhejiang_aluminum_Region16Henan,0.0,0.0,1858.9466653389295,0.0,0.0,0.0,0.0,1858.9466653389295
aluminum_Region11Zhejiang_aluminum_Region17Hubei,0.0,0.0,1759.050539280648,0.0,0.0,0.0,0.0,1759.050539280648
aluminum_Region11Zhejiang_aluminum_Region18Hunan,0.0,0.0,1965.6919341461112,0.0,0.0,0.0,0.0,1965.6919341461112
aluminum_Region11Zhejiang_aluminum_Region19Guangdong,0.0,0.0,3911.8697286575616,0.0,0.0,0.0,0.0,3911.8697286575616
aluminum_Region11Zhejiang_aluminum_Region20Guangxi,0.0,0.0,1946.2643109196867,0.0,0.0,0.0,0.0,1946.2643109196867
aluminum_Region11Zhejiang_aluminum_Region21Hainan,0.0,0.0,1831.5332429700368,0.0,0.0,0.0,0.0,1831.5332429700368
aluminum_Region11Zhejiang_aluminum_Region22Chongqing,0.0,0.0,1645.7445063121452,0.0,0.0,0.0,0.0,1645.7445063121452
aluminum_Region11Zhejiang_aluminum_Region23Sichuan,0.0,0.0,1666.5410883484633,0.0,0.0,0.0,0.0,1666.5410883484633
aluminum_Region11Zhejiang_aluminum_Region24Guizhou,0.0,0.0,1654.9761031458324,0.0,0.0,0.0,0.0,1654.9761031458324
aluminum_Region11Zhejiang_aluminum_Region25Yunnan,0.0,0.0,1824.3885191446773,0.0,0.0,0.0,0.0,1824.3885191446773
aluminum_Region11Zhejiang_aluminum_Region27Shaanxi,0.0,0.0,1488.8629748596277,0.0,0.0,0.0,0.0,1488.8629748596277
aluminum_Region11Zhejiang_aluminum_Region28Gansu,0.0,0.0,1241.9878142036064,0.0,0.0,0.0,0.0,1241.9878142036064
aluminum_Region11Zhejiang_aluminum_Region29Qinghai,0.0,0.0,1461.5663221253137,0.0,0.0,0.0,0.0,1461.5663221253137
aluminum_Region11Zhejiang_aluminum_Region30Ningxia,0.0,0.0,1543.2643805535486,0.0,0.0,0.0,0.0,1543.2643805535486
aluminum_Region11Zhejiang_aluminum_Region31Xinjiang,0.0,0.0,1598.823883387432,0.0,0.0,0.0,0.0,1598.823883387432
aluminum_Region12Anhui_aluminum_Region1Beijing,0.0,0.0,1561.1517019304972,0.0,0.0,0.0,0.0,1561.1517019304972
aluminum_Region12Anhui_aluminum_Region2Tianjin,0.0,0.0,1598.181261561341,0.0,0.0,0.0,0.0,1598.181261561341
aluminum_Region12Anhui_aluminum_Region3Hebei,0.0,0.0,1373.3597689819428,0.0,0.0,0.0,0.0,1373.3597689819428
aluminum_Region12Anhui_aluminum_Region4Shanxi,0.0,0.0,1423.0425591880169,0.0,0.0,0.0,0.0,1423.0425591880169
aluminum_Region12Anhui_aluminum_Region5Innermongolia,0.0,0.0,1263.4461867045002,0.0,0.0,0.0,0.0,1263.4461867045002
aluminum_Region12Anhui_aluminum_Region6Liaoning,0.0,0.0,1327.3248331743628,0.0,0.0,0.0,0.0,1327.3248331743628
aluminum_Region12Anhui_aluminum_Region7Jilin,0.0,0.0,1249.3609503201305,0.0,0.0,0.0,0.0,1249.3609503201305
aluminum_Region12Anhui_aluminum_Region8Heilongjiang,0.0,0.0,1317.309526220562,0.0,0.0,0.0,0.0,1317.309526220562
aluminum_Region12Anhui_aluminum_Region9Shanghai,0.0,0.0,2325.026710203646,0.0,0.0,0.0,0.0,2325.026710203646
aluminum_Region12Anhui_aluminum_Region10Jiangsu,0.0,0.0,1.0038297487801423e7,0.0,0.0,0.0,0.0,1.0038297487801423e7
aluminum_Region12Anhui_aluminum_Region11Zhejiang,0.0,0.0,1612.4529768150087,0.0,0.0,0.0,0.0,1612.4529768150087
aluminum_Region12Anhui_aluminum_Region13Fujian,0.0,0.0,1583.4744252164821,0.0,0.0,0.0,0.0,1583.4744252164821
aluminum_Region12Anhui_aluminum_Region14Jiangxi,0.0,0.0,1723.3203319542358,0.0,0.0,0.0,0.0,1723.3203319542358
aluminum_Region12Anhui_aluminum_Region15Shandong,0.0,0.0,1580.2820861324392,0.0,0.0,0.0,0.0,1580.2820861324392
aluminum_Region12Anhui_aluminum_Region16Henan,0.0,0.0,1670.6238866931344,0.0,0.0,0.0,0.0,1670.6238866931344
aluminum_Region12Anhui_aluminum_Region17Hubei,0.0,0.0,1525.0136219394917,0.0,0.0,0.0,0.0,1525.0136219394917
aluminum_Region12Anhui_aluminum_Region18Hunan,0.0,0.0,1853.0207876043487,0.0,0.0,0.0,0.0,1853.0207876043487
aluminum_Region12Anhui_aluminum_Region19Guangdong,0.0,0.0,3723.1547598693146,0.0,0.0,0.0,0.0,3723.1547598693146
aluminum_Region12Anhui_aluminum_Region20Guangxi,0.0,0.0,1884.5314273734093,0.0,0.0,0.0,0.0,1884.5314273734093
aluminum_Region12Anhui_aluminum_Region21Hainan,0.0,0.0,1777.1492520689771,0.0,0.0,0.0,0.0,1777.1492520689771
aluminum_Region12Anhui_aluminum_Region22Chongqing,0.0,0.0,1501.0280615512877,0.0,0.0,0.0,0.0,1501.0280615512877
aluminum_Region12Anhui_aluminum_Region23Sichuan,0.0,0.0,1549.7025298891886,0.0,0.0,0.0,0.0,1549.7025298891886
aluminum_Region12Anhui_aluminum_Region24Guizhou,0.0,0.0,1546.231706247687,0.0,0.0,0.0,0.0,1546.231706247687
aluminum_Region12Anhui_aluminum_Region25Yunnan,0.0,0.0,1734.4726819969699,0.0,0.0,0.0,0.0,1734.4726819969699
aluminum_Region12Anhui_aluminum_Region27Shaanxi,0.0,0.0,1279.9883605337077,0.0,0.0,0.0,0.0,1279.9883605337077
aluminum_Region12Anhui_aluminum_Region28Gansu,0.0,0.0,1090.4418777185447,0.0,0.0,0.0,0.0,1090.4418777185447
aluminum_Region12Anhui_aluminum_Region29Qinghai,0.0,0.0,1334.3075299554398,0.0,0.0,0.0,0.0,1334.3075299554398
aluminum_Region12Anhui_aluminum_Region30Ningxia,0.0,0.0,1407.0310752726682,0.0,0.0,0.0,0.0,1407.0310752726682
aluminum_Region12Anhui_aluminum_Region31Xinjiang,0.0,0.0,1528.4532054435963,0.0,0.0,0.0,0.0,1528.4532054435963
aluminum_Region13Fujian_aluminum_Region1Beijing,0.0,0.0,1844.6268702805617,0.0,0.0,0.0,0.0,1844.6268702805617
aluminum_Region13Fujian_aluminum_Region2Tianjin,0.0,0.0,1881.0204321576412,0.0,0.0,0.0,0.0,1881.0204321576412
aluminum_Region13Fujian_aluminum_Region3Hebei,0.0,0.0,1740.9293229083949,0.0,0.0,0.0,0.0,1740.9293229083949
aluminum_Region13Fujian_aluminum_Region4Shanxi,0.0,0.0,1745.0531875829956,0.0,0.0,0.0,0.0,1745.0531875829956
aluminum_Region13Fujian_aluminum_Region5Innermongolia,0.0,0.0,1544.9694505440202,0.0,0.0,0.0,0.0,1544.9694505440202
aluminum_Region13Fujian_aluminum_Region6Liaoning,0.0,0.0,1585.300596982473,0.0,0.0,0.0,0.0,1585.300596982473
aluminum_Region13Fujian_aluminum_Region7Jilin,0.0,0.0,1481.5992222171406,0.0,0.0,0.0,0.0,1481.5992222171406
aluminum_Region13Fujian_aluminum_Region8Heilongjiang,0.0,0.0,1524.40869844035,0.0,0.0,0.0,0.0,1524.40869844035
aluminum_Region13Fujian_aluminum_Region9Shanghai,0.0,0.0,2623.792085926216,0.0,0.0,0.0,0.0,2623.792085926216
aluminum_Region13Fujian_aluminum_Region10Jiangsu,0.0,0.0,2838.7342413080746,0.0,0.0,0.0,0.0,2838.7342413080746
aluminum_Region13Fujian_aluminum_Region11Zhejiang,0.0,0.0,2483.586427411008,0.0,0.0,0.0,0.0,2483.586427411008
aluminum_Region13Fujian_aluminum_Region12Anhui,0.0,0.0,2332.56943944103,0.0,0.0,0.0,0.0,2332.56943944103
aluminum_Region13Fujian_aluminum_Region14Jiangxi,0.0,0.0,1992.467033561074,0.0,0.0,0.0,0.0,1992.467033561074
aluminum_Region13Fujian_aluminum_Region15Shandong,0.0,0.0,1941.527651526489,0.0,0.0,0.0,0.0,1941.527651526489
aluminum_Region13Fujian_aluminum_Region16Henan,0.0,0.0,2026.7878980799858,0.0,0.0,0.0,0.0,2026.7878980799858
aluminum_Region13Fujian_aluminum_Region17Hubei,0.0,0.0,1963.7891135761752,0.0,0.0,0.0,0.0,1963.7891135761752
aluminum_Region13Fujian_aluminum_Region18Hunan,0.0,0.0,2152.8039212384924,0.0,0.0,0.0,0.0,2152.8039212384924
aluminum_Region13Fujian_aluminum_Region19Guangdong,0.0,0.0,11941.722109891023,0.0,0.0,0.0,0.0,11941.722109891023
aluminum_Region13Fujian_aluminum_Region20Guangxi,0.0,0.0,2083.7829602287634,0.0,0.0,0.0,0.0,2083.7829602287634
aluminum_Region13Fujian_aluminum_Region21Hainan,0.0,0.0,1856.5983980618844,0.0,0.0,0.0,0.0,1856.5983980618844
aluminum_Region13Fujian_aluminum_Region22Chongqing,0.0,0.0,1735.8685358186112,0.0,0.0,0.0,0.0,1735.8685358186112
aluminum_Region13Fujian_aluminum_Region23Sichuan,0.0,0.0,1750.0146290297241,0.0,0.0,0.0,0.0,1750.0146290297241
aluminum_Region13Fujian_aluminum_Region24Guizhou,0.0,0.0,1699.2842812314857,0.0,0.0,0.0,0.0,1699.2842812314857
aluminum_Region13Fujian_aluminum_Region25Yunnan,0.0,0.0,1893.1306819858673,0.0,0.0,0.0,0.0,1893.1306819858673
aluminum_Region13Fujian_aluminum_Region27Shaanxi,0.0,0.0,1625.3862670098465,0.0,0.0,0.0,0.0,1625.3862670098465
aluminum_Region13Fujian_aluminum_Region28Gansu,0.0,0.0,1343.9603085630845,0.0,0.0,0.0,0.0,1343.9603085630845
aluminum_Region13Fujian_aluminum_Region29Qinghai,0.0,0.0,1550.1774944037838,0.0,0.0,0.0,0.0,1550.1774944037838
aluminum_Region13Fujian_aluminum_Region30Ningxia,0.0,0.0,1646.7904430189117,0.0,0.0,0.0,0.0,1646.7904430189117
aluminum_Region13Fujian_aluminum_Region31Xinjiang,0.0,0.0,1648.7325109944018,0.0,0.0,0.0,0.0,1648.7325109944018
aluminum_Region14Jiangxi_aluminum_Region1Beijing,0.0,0.0,1727.947054326047,0.0,0.0,0.0,0.0,1727.947054326047
aluminum_Region14Jiangxi_aluminum_Region2Tianjin,0.0,0.0,1770.4455825334048,0.0,0.0,0.0,0.0,1770.4455825334048
aluminum_Region14Jiangxi_aluminum_Region3Hebei,0.0,0.0,1562.8711373312285,0.0,0.0,0.0,0.0,1562.8711373312285
aluminum_Region14Jiangxi_aluminum_Region4Shanxi,0.0,0.0,1586.0118428760138,0.0,0.0,0.0,0.0,1586.0118428760138
aluminum_Region14Jiangxi_aluminum_Region5Innermongolia,0.0,0.0,1392.2388358717083,0.0,0.0,0.0,0.0,1392.2388358717083
aluminum_Region14Jiangxi_aluminum_Region6Liaoning,0.0,0.0,1480.9481726361353,0.0,0.0,0.0,0.0,1480.9481726361353
aluminum_Region14Jiangxi_aluminum_Region7Jilin,0.0,0.0,1385.652826758144,0.0,0.0,0.0,0.0,1385.652826758144
aluminum_Region14Jiangxi_aluminum_Region8Heilongjiang,0.0,0.0,1437.5909894145823,0.0,0.0,0.0,0.0,1437.5909894145823
aluminum_Region14Jiangxi_aluminum_Region9Shanghai,0.0,0.0,2372.703723840833,0.0,0.0,0.0,0.0,2372.703723840833
aluminum_Region14Jiangxi_aluminum_Region10Jiangsu,0.0,0.0,2674.7714289209785,0.0,0.0,0.0,0.0,2674.7714289209785
aluminum_Region14Jiangxi_aluminum_Region11Zhejiang,0.0,0.0,1838.9503020800644,0.0,0.0,0.0,0.0,1838.9503020800644
aluminum_Region14Jiangxi_aluminum_Region12Anhui,0.0,0.0,2467.788693110924,0.0,0.0,0.0,0.0,2467.788693110924
aluminum_Region14Jiangxi_aluminum_Region13Fujian,0.0,0.0,1523.957623096211,0.0,0.0,0.0,0.0,1523.957623096211
aluminum_Region14Jiangxi_aluminum_Region15Shandong,0.0,0.0,1808.0792739888282,0.0,0.0,0.0,0.0,1808.0792739888282
aluminum_Region14Jiangxi_aluminum_Region16Henan,0.0,0.0,1912.4454525745464,0.0,0.0,0.0,0.0,1912.4454525745464
aluminum_Region14Jiangxi_aluminum_Region17Hubei,0.0,0.0,1923.7624150929287,0.0,0.0,0.0,0.0,1923.7624150929287
aluminum_Region14Jiangxi_aluminum_Region18Hunan,0.0,0.0,2283.6504246008994,0.0,0.0,0.0,0.0,2283.6504246008994
aluminum_Region14Jiangxi_aluminum_Region19Guangdong,0.0,0.0,4.739900127787325e7,0.0,0.0,0.0,0.0,4.739900127787325e7
aluminum_Region14Jiangxi_aluminum_Region20Guangxi,0.0,0.0,2314.7872764151934,0.0,0.0,0.0,0.0,2314.7872764151934
aluminum_Region14Jiangxi_aluminum_Region21Hainan,0.0,0.0,1811.5950297819315,0.0,0.0,0.0,0.0,1811.5950297819315
aluminum_Region14Jiangxi_aluminum_Region22Chongqing,0.0,0.0,1525.4036716971873,0.0,0.0,0.0,0.0,1525.4036716971873
aluminum_Region14Jiangxi_aluminum_Region23Sichuan,0.0,0.0,1582.660802992537,0.0,0.0,0.0,0.0,1582.660802992537
aluminum_Region14Jiangxi_aluminum_Region24Guizhou,0.0,0.0,1438.012153381661,0.0,0.0,0.0,0.0,1438.012153381661
aluminum_Region14Jiangxi_aluminum_Region25Yunnan,0.0,0.0,1737.1327037225083,0.0,0.0,0.0,0.0,1737.1327037225083
aluminum_Region14Jiangxi_aluminum_Region27Shaanxi,0.0,0.0,1416.8347161626489,0.0,0.0,0.0,0.0,1416.8347161626489
aluminum_Region14Jiangxi_aluminum_Region28Gansu,0.0,0.0,1170.5349863515798,0.0,0.0,0.0,0.0,1170.5349863515798
aluminum_Region14Jiangxi_aluminum_Region29Qinghai,0.0,0.0,1409.9061560529094,0.0,0.0,0.0,0.0,1409.9061560529094
aluminum_Region14Jiangxi_aluminum_Region30Ningxia,0.0,0.0,1503.1691003898115,0.0,0.0,0.0,0.0,1503.1691003898115
aluminum_Region14Jiangxi_aluminum_Region31Xinjiang,0.0,0.0,1569.963074642089,0.0,0.0,0.0,0.0,1569.963074642089
aluminum_Region15Shandong_aluminum_Region1Beijing,0.0,0.0,1537.495163604307,0.0,0.0,0.0,0.0,1537.495163604307
aluminum_Region15Shandong_aluminum_Region2Tianjin,0.0,0.0,1660.4942528951392,0.0,0.0,0.0,0.0,1660.4942528951392
aluminum_Region15Shandong_aluminum_Region3Hebei,0.0,0.0,1089.1810632201186,0.0,0.0,0.0,0.0,1089.1810632201186
aluminum_Region15Shandong_aluminum_Region4Shanxi,0.0,0.0,1334.5373820833943,0.0,0.0,0.0,0.0,1334.5373820833943
aluminum_Region15Shandong_aluminum_Region5Innermongolia,0.0,0.0,1115.0627518209612,0.0,0.0,0.0,0.0,1115.0627518209612
aluminum_Region15Shandong_aluminum_Region6Liaoning,0.0,0.0,1159.5254681133079,0.0,0.0,0.0,0.0,1159.5254681133079
aluminum_Region15Shandong_aluminum_Region7Jilin,0.0,0.0,1102.8226369424597,0.0,0.0,0.0,0.0,1102.8226369424597
aluminum_Region15Shandong_aluminum_Region8Heilongjiang,0.0,0.0,1207.050666828966,0.0,0.0,0.0,0.0,1207.050666828966
aluminum_Region15Shandong_aluminum_Region9Shanghai,0.0,0.0,2377.248793797592,0.0,0.0,0.0,0.0,2377.248793797592
aluminum_Region15Shandong_aluminum_Region10Jiangsu,0.0,0.0,3181.0306572508844,0.0,0.0,0.0,0.0,3181.0306572508844
aluminum_Region15Shandong_aluminum_Region11Zhejiang,0.0,0.0,2056.7241292399312,0.0,0.0,0.0,0.0,2056.7241292399312
aluminum_Region15Shandong_aluminum_Region12Anhui,0.0,0.0,3899.850546360742,0.0,0.0,0.0,0.0,3899.850546360742
aluminum_Region15Shandong_aluminum_Region13Fujian,0.0,0.0,1830.4916611179513,0.0,0.0,0.0,0.0,1830.4916611179513
aluminum_Region15Shandong_aluminum_Region14Jiangxi,0.0,0.0,2100.408373807887,0.0,0.0,0.0,0.0,2100.408373807887
aluminum_Region15Shandong_aluminum_Region16Henan,0.0,0.0,2033.8995798495137,0.0,0.0,0.0,0.0,2033.8995798495137
aluminum_Region15Shandong_aluminum_Region17Hubei,0.0,0.0,2024.2960142780294,0.0,0.0,0.0,0.0,2024.2960142780294
aluminum_Region15Shandong_aluminum_Region18Hunan,0.0,0.0,2113.43585681768,0.0,0.0,0.0,0.0,2113.43585681768
aluminum_Region15Shandong_aluminum_Region19Guangdong,0.0,0.0,2980.072221256144,0.0,0.0,0.0,0.0,2980.072221256144
aluminum_Region15Shandong_aluminum_Region20Guangxi,0.0,0.0,2032.1086912198134,0.0,0.0,0.0,0.0,2032.1086912198134
aluminum_Region15Shandong_aluminum_Region21Hainan,0.0,0.0,1916.1856182165543,0.0,0.0,0.0,0.0,1916.1856182165543
aluminum_Region15Shandong_aluminum_Region22Chongqing,0.0,0.0,1700.100682119579,0.0,0.0,0.0,0.0,1700.100682119579
aluminum_Region15Shandong_aluminum_Region23Sichuan,0.0,0.0,1690.4001474635356,0.0,0.0,0.0,0.0,1690.4001474635356
aluminum_Region15Shandong_aluminum_Region24Guizhou,0.0,0.0,1736.526900327731,0.0,0.0,0.0,0.0,1736.526900327731
aluminum_Region15Shandong_aluminum_Region25Yunnan,0.0,0.0,1850.560004346391,0.0,0.0,0.0,0.0,1850.560004346391
aluminum_Region15Shandong_aluminum_Region27Shaanxi,0.0,0.0,1404.1053265488429,0.0,0.0,0.0,0.0,1404.1053265488429
aluminum_Region15Shandong_aluminum_Region28Gansu,0.0,0.0,1105.9649410305415,0.0,0.0,0.0,0.0,1105.9649410305415
aluminum_Region15Shandong_aluminum_Region29Qinghai,0.0,0.0,1367.313529510648,0.0,0.0,0.0,0.0,1367.313529510648
aluminum_Region15Shandong_aluminum_Region30Ningxia,0.0,0.0,1376.1748793041456,0.0,0.0,0.0,0.0,1376.1748793041456
aluminum_Region15Shandong_aluminum_Region31Xinjiang,0.0,0.0,1533.1647409988418,0.0,0.0,0.0,0.0,1533.1647409988418
aluminum_Region16Henan_aluminum_Region1Beijing,0.0,0.0,1522.3313819595571,0.0,0.0,0.0,0.0,1522.3313819595571
aluminum_Region16Henan_aluminum_Region2Tianjin,0.0,0.0,1606.6109626938587,0.0,0.0,0.0,0.0,1606.6109626938587
aluminum_Region16Henan_aluminum_Region3Hebei,0.0,0.0,1063.95932487379,0.0,0.0,0.0,0.0,1063.95932487379
aluminum_Region16Henan_aluminum_Region4Shanxi,0.0,0.0,1127.0972135089912,0.0,0.0,0.0,0.0,1127.0972135089912
aluminum_Region16Henan_aluminum_Region5Innermongolia,0.0,0.0,1051.898100839592,0.0,0.0,0.0,0.0,1051.898100839592
aluminum_Region16Henan_aluminum_Region6Liaoning,0.0,0.0,1291.547044372071,0.0,0.0,0.0,0.0,1291.547044372071
aluminum_Region16Henan_aluminum_Region7Jilin,0.0,0.0,1219.3307355201296,0.0,0.0,0.0,0.0,1219.3307355201296
aluminum_Region16Henan_aluminum_Region8Heilongjiang,0.0,0.0,1299.0905791534333,0.0,0.0,0.0,0.0,1299.0905791534333
aluminum_Region16Henan_aluminum_Region9Shanghai,0.0,0.0,2229.1792007686868,0.0,0.0,0.0,0.0,2229.1792007686868
aluminum_Region16Henan_aluminum_Region10Jiangsu,0.0,0.0,2332.9418222511817,0.0,0.0,0.0,0.0,2332.9418222511817
aluminum_Region16Henan_aluminum_Region11Zhejiang,0.0,0.0,1909.3566173373097,0.0,0.0,0.0,0.0,1909.3566173373097
aluminum_Region16Henan_aluminum_Region12Anhui,0.0,0.0,2790.7348297415983,0.0,0.0,0.0,0.0,2790.7348297415983
aluminum_Region16Henan_aluminum_Region13Fujian,0.0,0.0,1785.3372890890798,0.0,0.0,0.0,0.0,1785.3372890890798
aluminum_Region16Henan_aluminum_Region14Jiangxi,0.0,0.0,2133.0938023287576,0.0,0.0,0.0,0.0,2133.0938023287576
aluminum_Region16Henan_aluminum_Region15Shandong,0.0,0.0,1665.9548354979647,0.0,0.0,0.0,0.0,1665.9548354979647
aluminum_Region16Henan_aluminum_Region17Hubei,0.0,0.0,2319.581454790777,0.0,0.0,0.0,0.0,2319.581454790777
aluminum_Region16Henan_aluminum_Region18Hunan,0.0,0.0,2122.732368418588,0.0,0.0,0.0,0.0,2122.732368418588
aluminum_Region16Henan_aluminum_Region19Guangdong,0.0,0.0,3235.443999071262,0.0,0.0,0.0,0.0,3235.443999071262
aluminum_Region16Henan_aluminum_Region20Guangxi,0.0,0.0,1988.9209099001948,0.0,0.0,0.0,0.0,1988.9209099001948
aluminum_Region16Henan_aluminum_Region21Hainan,0.0,0.0,1832.4053688474417,0.0,0.0,0.0,0.0,1832.4053688474417
aluminum_Region16Henan_aluminum_Region22Chongqing,0.0,0.0,1535.4790237914235,0.0,0.0,0.0,0.0,1535.4790237914235
aluminum_Region16Henan_aluminum_Region23Sichuan,0.0,0.0,1535.3397336530725,0.0,0.0,0.0,0.0,1535.3397336530725
aluminum_Region16Henan_aluminum_Region24Guizhou,0.0,0.0,1570.1600930608301,0.0,0.0,0.0,0.0,1570.1600930608301
aluminum_Region16Henan_aluminum_Region25Yunnan,0.0,0.0,1732.846057598342,0.0,0.0,0.0,0.0,1732.846057598342
aluminum_Region16Henan_aluminum_Region27Shaanxi,0.0,0.0,1025.5011041247096,0.0,0.0,0.0,0.0,1025.5011041247096
aluminum_Region16Henan_aluminum_Region28Gansu,0.0,0.0,927.9059677441214,0.0,0.0,0.0,0.0,927.9059677441214
aluminum_Region16Henan_aluminum_Region29Qinghai,0.0,0.0,1223.3503625889423,0.0,0.0,0.0,0.0,1223.3503625889423
aluminum_Region16Henan_aluminum_Region30Ningxia,0.0,0.0,1247.464815753037,0.0,0.0,0.0,0.0,1247.464815753037
aluminum_Region16Henan_aluminum_Region31Xinjiang,0.0,0.0,1484.271565493195,0.0,0.0,0.0,0.0,1484.271565493195
aluminum_Region17Hubei_aluminum_Region1Beijing,0.0,0.0,1668.932289767662,0.0,0.0,0.0,0.0,1668.932289767662
aluminum_Region17Hubei_aluminum_Region2Tianjin,0.0,0.0,1726.7520206819156,0.0,0.0,0.0,0.0,1726.7520206819156
aluminum_Region17Hubei_aluminum_Region3Hebei,0.0,0.0,1431.8175191488083,0.0,0.0,0.0,0.0,1431.8175191488083
aluminum_Region17Hubei_aluminum_Region4Shanxi,0.0,0.0,1465.4388090688724,0.0,0.0,0.0,0.0,1465.4388090688724
aluminum_Region17Hubei_aluminum_Region5Innermongolia,0.0,0.0,1291.0372312730747,0.0,0.0,0.0,0.0,1291.0372312730747
aluminum_Region17Hubei_aluminum_Region6Liaoning,0.0,0.0,1434.7039627309978,0.0,0.0,0.0,0.0,1434.7039627309978
aluminum_Region17Hubei_aluminum_Region7Jilin,0.0,0.0,1343.395551432422,0.0,0.0,0.0,0.0,1343.395551432422
aluminum_Region17Hubei_aluminum_Region8Heilongjiang,0.0,0.0,1401.092765184409,0.0,0.0,0.0,0.0,1401.092765184409
aluminum_Region17Hubei_aluminum_Region9Shanghai,0.0,0.0,2259.31121248786,0.0,0.0,0.0,0.0,2259.31121248786
aluminum_Region17Hubei_aluminum_Region10Jiangsu,0.0,0.0,2961.4170975213324,0.0,0.0,0.0,0.0,2961.4170975213324
aluminum_Region17Hubei_aluminum_Region11Zhejiang,0.0,0.0,1795.5661896653442,0.0,0.0,0.0,0.0,1795.5661896653442
aluminum_Region17Hubei_aluminum_Region12Anhui,0.0,0.0,3200.7547801448964,0.0,0.0,0.0,0.0,3200.7547801448964
aluminum_Region17Hubei_aluminum_Region13Fujian,0.0,0.0,1659.0092130865428,0.0,0.0,0.0,0.0,1659.0092130865428
aluminum_Region17Hubei_aluminum_Region14Jiangxi,0.0,0.0,2408.5504863535316,0.0,0.0,0.0,0.0,2408.5504863535316
aluminum_Region17Hubei_aluminum_Region15Shandong,0.0,0.0,1740.0767185326233,0.0,0.0,0.0,0.0,1740.0767185326233
aluminum_Region17Hubei_aluminum_Region16Henan,0.0,0.0,1864.175960490518,0.0,0.0,0.0,0.0,1864.175960490518
aluminum_Region17Hubei_aluminum_Region18Hunan,0.0,0.0,2717.8850259493743,0.0,0.0,0.0,0.0,2717.8850259493743
aluminum_Region17Hubei_aluminum_Region19Guangdong,0.0,0.0,6009.16183268464,0.0,0.0,0.0,0.0,6009.16183268464
aluminum_Region17Hubei_aluminum_Region20Guangxi,0.0,0.0,2264.8720280165294,0.0,0.0,0.0,0.0,2264.8720280165294
aluminum_Region17Hubei_aluminum_Region21Hainan,0.0,0.0,1821.827015945109,0.0,0.0,0.0,0.0,1821.827015945109
aluminum_Region17Hubei_aluminum_Region22Chongqing,0.0,0.0,1395.6257609808818,0.0,0.0,0.0,0.0,1395.6257609808818
aluminum_Region17Hubei_aluminum_Region23Sichuan,0.0,0.0,1491.3836741524924,0.0,0.0,0.0,0.0,1491.3836741524924
aluminum_Region17Hubei_aluminum_Region24Guizhou,0.0,0.0,1344.5260089001772,0.0,0.0,0.0,0.0,1344.5260089001772
aluminum_Region17Hubei_aluminum_Region25Yunnan,0.0,0.0,1686.5636492237486,0.0,0.0,0.0,0.0,1686.5636492237486
aluminum_Region17Hubei_aluminum_Region27Shaanxi,0.0,0.0,1238.562988015704,0.0,0.0,0.0,0.0,1238.562988015704
aluminum_Region17Hubei_aluminum_Region28Gansu,0.0,0.0,1053.5035195729076,0.0,0.0,0.0,0.0,1053.5035195729076
aluminum_Region17Hubei_aluminum_Region29Qinghai,0.0,0.0,1321.4692995058626,0.0,0.0,0.0,0.0,1321.4692995058626
aluminum_Region17Hubei_aluminum_Region30Ningxia,0.0,0.0,1411.4188308394846,0.0,0.0,0.0,0.0,1411.4188308394846
aluminum_Region17Hubei_aluminum_Region31Xinjiang,0.0,0.0,1530.082861047711,0.0,0.0,0.0,0.0,1530.082861047711
aluminum_Region18Hunan_aluminum_Region1Beijing,0.0,0.0,1662.139335653671,0.0,0.0,0.0,0.0,1662.139335653671
aluminum_Region18Hunan_aluminum_Region2Tianjin,0.0,0.0,1706.5460136956583,0.0,0.0,0.0,0.0,1706.5460136956583
aluminum_Region18Hunan_aluminum_Region3Hebei,0.0,0.0,1487.744506544815,0.0,0.0,0.0,0.0,1487.744506544815
aluminum_Region18Hunan_aluminum_Region4Shanxi,0.0,0.0,1504.5933855083167,0.0,0.0,0.0,0.0,1504.5933855083167
aluminum_Region18Hunan_aluminum_Region5Innermongolia,0.0,0.0,1341.8634717370626,0.0,0.0,0.0,0.0,1341.8634717370626
aluminum_Region18Hunan_aluminum_Region6Liaoning,0.0,0.0,1471.3280321677769,0.0,0.0,0.0,0.0,1471.3280321677769
aluminum_Region18Hunan_aluminum_Region7Jilin,0.0,0.0,1384.7398377977422,0.0,0.0,0.0,0.0,1384.7398377977422
aluminum_Region18Hunan_aluminum_Region8Heilongjiang,0.0,0.0,1434.045365576709,0.0,0.0,0.0,0.0,1434.045365576709
aluminum_Region18Hunan_aluminum_Region9Shanghai,0.0,0.0,2014.5428985334158,0.0,0.0,0.0,0.0,2014.5428985334158
aluminum_Region18Hunan_aluminum_Region10Jiangsu,0.0,0.0,2116.5256239263226,0.0,0.0,0.0,0.0,2116.5256239263226
aluminum_Region18Hunan_aluminum_Region11Zhejiang,0.0,0.0,1726.0628471566272,0.0,0.0,0.0,0.0,1726.0628471566272
aluminum_Region18Hunan_aluminum_Region12Anhui,0.0,0.0,2038.0339182981052,0.0,0.0,0.0,0.0,2038.0339182981052
aluminum_Region18Hunan_aluminum_Region13Fujian,0.0,0.0,1453.6754111430312,0.0,0.0,0.0,0.0,1453.6754111430312
aluminum_Region18Hunan_aluminum_Region14Jiangxi,0.0,0.0,1623.68428523501,0.0,0.0,0.0,0.0,1623.68428523501
aluminum_Region18Hunan_aluminum_Region15Shandong,0.0,0.0,1725.5780035049825,0.0,0.0,0.0,0.0,1725.5780035049825
aluminum_Region18Hunan_aluminum_Region16Henan,0.0,0.0,1792.164099340543,0.0,0.0,0.0,0.0,1792.164099340543
aluminum_Region18Hunan_aluminum_Region17Hubei,0.0,0.0,2778.4827865404586,0.0,0.0,0.0,0.0,2778.4827865404586
aluminum_Region18Hunan_aluminum_Region19Guangdong,0.0,0.0,6.000474233180554e7,0.0,0.0,0.0,0.0,6.000474233180554e7
aluminum_Region18Hunan_aluminum_Region20Guangxi,0.0,0.0,2645.698442271817,0.0,0.0,0.0,0.0,2645.698442271817
aluminum_Region18Hunan_aluminum_Region21Hainan,0.0,0.0,1689.1299625526308,0.0,0.0,0.0,0.0,1689.1299625526308
aluminum_Region18Hunan_aluminum_Region22Chongqing,0.0,0.0,1255.2567750148014,0.0,0.0,0.0,0.0,1255.2567750148014
aluminum_Region18Hunan_aluminum_Region23Sichuan,0.0,0.0,1401.9262327592369,0.0,0.0,0.0,0.0,1401.9262327592369
aluminum_Region18Hunan_aluminum_Region24Guizhou,0.0,0.0,1047.74886938446,0.0,0.0,0.0,0.0,1047.74886938446
aluminum_Region18Hunan_aluminum_Region25Yunnan,0.0,0.0,1566.6272500214075,0.0,0.0,0.0,0.0,1566.6272500214075
aluminum_Region18Hunan_aluminum_Region27Shaanxi,0.0,0.0,1309.2651266396583,0.0,0.0,0.0,0.0,1309.2651266396583
aluminum_Region18Hunan_aluminum_Region28Gansu,0.0,0.0,1109.44563185796,0.0,0.0,0.0,0.0,1109.44563185796
aluminum_Region18Hunan_aluminum_Region29Qinghai,0.0,0.0,1348.37890310337,0.0,0.0,0.0,0.0,1348.37890310337
aluminum_Region18Hunan_aluminum_Region30Ningxia,0.0,0.0,1430.249502916171,0.0,0.0,0.0,0.0,1430.249502916171
aluminum_Region18Hunan_aluminum_Region31Xinjiang,0.0,0.0,1535.3589643497505,0.0,0.0,0.0,0.0,1535.3589643497505
aluminum_Region19Guangdong_aluminum_Region1Beijing,0.0,0.0,1488.568332829733,0.0,0.0,0.0,0.0,1488.568332829733
aluminum_Region19Guangdong_aluminum_Region2Tianjin,0.0,0.0,1520.9586279582468,0.0,0.0,0.0,0.0,1520.9586279582468
aluminum_Region19Guangdong_aluminum_Region3Hebei,0.0,0.0,1392.723497439381,0.0,0.0,0.0,0.0,1392.723497439381
aluminum_Region19Guangdong_aluminum_Region4Shanxi,0.0,0.0,1375.8652137411618,0.0,0.0,0.0,0.0,1375.8652137411618
aluminum_Region19Guangdong_aluminum_Region5Innermongolia,0.0,0.0,1295.3433829370824,0.0,0.0,0.0,0.0,1295.3433829370824
aluminum_Region19Guangdong_aluminum_Region6Liaoning,0.0,0.0,1403.7155451926808,0.0,0.0,0.0,0.0,1403.7155451926808
aluminum_Region19Guangdong_aluminum_Region7Jilin,0.0,0.0,1349.7396327455313,0.0,0.0,0.0,0.0,1349.7396327455313
aluminum_Region19Guangdong_aluminum_Region8Heilongjiang,0.0,0.0,1388.3866529987201,0.0,0.0,0.0,0.0,1388.3866529987201
aluminum_Region19Guangdong_aluminum_Region9Shanghai,0.0,0.0,1800.3991089307408,0.0,0.0,0.0,0.0,1800.3991089307408
aluminum_Region19Guangdong_aluminum_Region10Jiangsu,0.0,0.0,2018.589006238723,0.0,0.0,0.0,0.0,2018.589006238723
aluminum_Region19Guangdong_aluminum_Region11Zhejiang,0.0,0.0,2098.17606814071,0.0,0.0,0.0,0.0,2098.17606814071
aluminum_Region19Guangdong_aluminum_Region12Anhui,0.0,0.0,2182.317662869551,0.0,0.0,0.0,0.0,2182.317662869551
aluminum_Region19Guangdong_aluminum_Region13Fujian,0.0,0.0,2211.212330164215,0.0,0.0,0.0,0.0,2211.212330164215
aluminum_Region19Guangdong_aluminum_Region14Jiangxi,0.0,0.0,2131.351920452926,0.0,0.0,0.0,0.0,2131.351920452926
aluminum_Region19Guangdong_aluminum_Region15Shandong,0.0,0.0,1555.6685478750337,0.0,0.0,0.0,0.0,1555.6685478750337
aluminum_Region19Guangdong_aluminum_Region16Henan,0.0,0.0,1523.8288003824357,0.0,0.0,0.0,0.0,1523.8288003824357
aluminum_Region19Guangdong_aluminum_Region17Hubei,0.0,0.0,1979.0341921199438,0.0,0.0,0.0,0.0,1979.0341921199438
aluminum_Region19Guangdong_aluminum_Region18Hunan,0.0,0.0,2084.516994993989,0.0,0.0,0.0,0.0,2084.516994993989
aluminum_Region19Guangdong_aluminum_Region20Guangxi,0.0,0.0,1266.1662405774123,0.0,0.0,0.0,0.0,1266.1662405774123
aluminum_Region19Guangdong_aluminum_Region21Hainan,0.0,0.0,822.0801638261297,0.0,0.0,0.0,0.0,822.0801638261297
aluminum_Region19Guangdong_aluminum_Region22Chongqing,0.0,0.0,1247.5663201365708,0.0,0.0,0.0,0.0,1247.5663201365708
aluminum_Region19Guangdong_aluminum_Region23Sichuan,0.0,0.0,1300.0249157650749,0.0,0.0,0.0,0.0,1300.0249157650749
aluminum_Region19Guangdong_aluminum_Region24Guizhou,0.0,0.0,1161.400060739253,0.0,0.0,0.0,0.0,1161.400060739253
aluminum_Region19Guangdong_aluminum_Region25Yunnan,0.0,0.0,1303.2357321571524,0.0,0.0,0.0,0.0,1303.2357321571524
aluminum_Region19Guangdong_aluminum_Region27Shaanxi,0.0,0.0,1247.4438061837275,0.0,0.0,0.0,0.0,1247.4438061837275
aluminum_Region19Guangdong_aluminum_Region28Gansu,0.0,0.0,1116.2167688941533,0.0,0.0,0.0,0.0,1116.2167688941533
aluminum_Region19Guangdong_aluminum_Region29Qinghai,0.0,0.0,1284.652247428024,0.0,0.0,0.0,0.0,1284.652247428024
aluminum_Region19Guangdong_aluminum_Region30Ningxia,0.0,0.0,1339.6262539173356,0.0,0.0,0.0,0.0,1339.6262539173356
aluminum_Region19Guangdong_aluminum_Region31Xinjiang,0.0,0.0,1473.868840117743,0.0,0.0,0.0,0.0,1473.868840117743
aluminum_Region20Guangxi_aluminum_Region1Beijing,0.0,0.0,1849.6172560834198,0.0,0.0,0.0,0.0,1849.6172560834198
aluminum_Region20Guangxi_aluminum_Region2Tianjin,0.0,0.0,1892.512285803119,0.0,0.0,0.0,0.0,1892.512285803119
aluminum_Region20Guangxi_aluminum_Region3Hebei,0.0,0.0,1769.0031155623687,0.0,0.0,0.0,0.0,1769.0031155623687
aluminum_Region20Guangxi_aluminum_Region4Shanxi,0.0,0.0,1734.5069883472331,0.0,0.0,0.0,0.0,1734.5069883472331
aluminum_Region20Guangxi_aluminum_Region5Innermongolia,0.0,0.0,1555.8119926871334,0.0,0.0,0.0,0.0,1555.8119926871334
aluminum_Region20Guangxi_aluminum_Region6Liaoning,0.0,0.0,1650.0335944820172,0.0,0.0,0.0,0.0,1650.0335944820172
aluminum_Region20Guangxi_aluminum_Region7Jilin,0.0,0.0,1557.3833898664682,0.0,0.0,0.0,0.0,1557.3833898664682
aluminum_Region20Guangxi_aluminum_Region8Heilongjiang,0.0,0.0,1590.2867043226179,0.0,0.0,0.0,0.0,1590.2867043226179
aluminum_Region20Guangxi_aluminum_Region9Shanghai,0.0,0.0,2291.7687448237098,0.0,0.0,0.0,0.0,2291.7687448237098
aluminum_Region20Guangxi_aluminum_Region10Jiangsu,0.0,0.0,2489.1551593523373,0.0,0.0,0.0,0.0,2489.1551593523373
aluminum_Region20Guangxi_aluminum_Region11Zhejiang,0.0,0.0,2319.990339040491,0.0,0.0,0.0,0.0,2319.990339040491
aluminum_Region20Guangxi_aluminum_Region12Anhui,0.0,0.0,2522.980746008496,0.0,0.0,0.0,0.0,2522.980746008496
aluminum_Region20Guangxi_aluminum_Region13Fujian,0.0,0.0,2059.359968149233,0.0,0.0,0.0,0.0,2059.359968149233
aluminum_Region20Guangxi_aluminum_Region14Jiangxi,0.0,0.0,2715.7534287036324,0.0,0.0,0.0,0.0,2715.7534287036324
aluminum_Region20Guangxi_aluminum_Region15Shandong,0.0,0.0,1979.9588773607215,0.0,0.0,0.0,0.0,1979.9588773607215
aluminum_Region20Guangxi_aluminum_Region16Henan,0.0,0.0,2025.6609200763164,0.0,0.0,0.0,0.0,2025.6609200763164
aluminum_Region20Guangxi_aluminum_Region17Hubei,0.0,0.0,2504.5272728454815,0.0,0.0,0.0,0.0,2504.5272728454815
aluminum_Region20Guangxi_aluminum_Region18Hunan,0.0,0.0,3510.7906651762496,0.0,0.0,0.0,0.0,3510.7906651762496
aluminum_Region20Guangxi_aluminum_Region19Guangdong,0.0,0.0,5.423148002826558e7,0.0,0.0,0.0,0.0,5.423148002826558e7
aluminum_Region20Guangxi_aluminum_Region21Hainan,0.0,0.0,1522.249716228049,0.0,0.0,0.0,0.0,1522.249716228049
aluminum_Region20Guangxi_aluminum_Region22Chongqing,0.0,0.0,1846.5690502576274,0.0,0.0,0.0,0.0,1846.5690502576274
aluminum_Region20Guangxi_aluminum_Region23Sichuan,0.0,0.0,1639.471288926986,0.0,0.0,0.0,0.0,1639.471288926986
aluminum_Region20Guangxi_aluminum_Region24Guizhou,0.0,0.0,3328.2917542623477,0.0,0.0,0.0,0.0,3328.2917542623477
aluminum_Region20Guangxi_aluminum_Region25Yunnan,0.0,0.0,3941.506895192852,0.0,0.0,0.0,0.0,3941.506895192852
aluminum_Region20Guangxi_aluminum_Region27Shaanxi,0.0,0.0,1579.0926365183332,0.0,0.0,0.0,0.0,1579.0926365183332
aluminum_Region20Guangxi_aluminum_Region28Gansu,0.0,0.0,1229.0707842224242,0.0,0.0,0.0,0.0,1229.0707842224242
aluminum_Region20Guangxi_aluminum_Region29Qinghai,0.0,0.0,1448.12509049471,0.0,0.0,0.0,0.0,1448.12509049471
aluminum_Region20Guangxi_aluminum_Region30Ningxia,0.0,0.0,1586.9657106521367,0.0,0.0,0.0,0.0,1586.9657106521367
aluminum_Region20Guangxi_aluminum_Region31Xinjiang,0.0,0.0,1595.8921638349168,0.0,0.0,0.0,0.0,1595.8921638349168
aluminum_Region21Hainan_aluminum_Region1Beijing,0.0,0.0,1998.2734966933658,0.0,0.0,0.0,0.0,1998.2734966933658
aluminum_Region21Hainan_aluminum_Region2Tianjin,0.0,0.0,2049.1141632351264,0.0,0.0,0.0,0.0,2049.1141632351264
aluminum_Region21Hainan_aluminum_Region3Hebei,0.0,0.0,1937.87419954483,0.0,0.0,0.0,0.0,1937.87419954483
aluminum_Region21Hainan_aluminum_Region4Shanxi,0.0,0.0,1906.0639614178258,0.0,0.0,0.0,0.0,1906.0639614178258
aluminum_Region21Hainan_aluminum_Region5Innermongolia,0.0,0.0,1689.0996318317639,0.0,0.0,0.0,0.0,1689.0996318317639
aluminum_Region21Hainan_aluminum_Region6Liaoning,0.0,0.0,1765.9191707178938,0.0,0.0,0.0,0.0,1765.9191707178938
aluminum_Region21Hainan_aluminum_Region7Jilin,0.0,0.0,1660.7528883945438,0.0,0.0,0.0,0.0,1660.7528883945438
aluminum_Region21Hainan_aluminum_Region8Heilongjiang,0.0,0.0,1682.9283857386008,0.0,0.0,0.0,0.0,1682.9283857386008
aluminum_Region21Hainan_aluminum_Region9Shanghai,0.0,0.0,2726.378358048348,0.0,0.0,0.0,0.0,2726.378358048348
aluminum_Region21Hainan_aluminum_Region10Jiangsu,0.0,0.0,3093.710792197707,0.0,0.0,0.0,0.0,3093.710792197707
aluminum_Region21Hainan_aluminum_Region11Zhejiang,0.0,0.0,3244.351287185563,0.0,0.0,0.0,0.0,3244.351287185563
aluminum_Region21Hainan_aluminum_Region12Anhui,0.0,0.0,3480.1873740341725,0.0,0.0,0.0,0.0,3480.1873740341725
aluminum_Region21Hainan_aluminum_Region13Fujian,0.0,0.0,3725.6647748096752,0.0,0.0,0.0,0.0,3725.6647748096752
aluminum_Region21Hainan_aluminum_Region14Jiangxi,0.0,0.0,3726.5488889222274,0.0,0.0,0.0,0.0,3726.5488889222274
aluminum_Region21Hainan_aluminum_Region15Shandong,0.0,0.0,2191.2054390162493,0.0,0.0,0.0,0.0,2191.2054390162493
aluminum_Region21Hainan_aluminum_Region16Henan,0.0,0.0,2331.5421203931337,0.0,0.0,0.0,0.0,2331.5421203931337
aluminum_Region21Hainan_aluminum_Region17Hubei,0.0,0.0,3684.4288106827626,0.0,0.0,0.0,0.0,3684.4288106827626
aluminum_Region21Hainan_aluminum_Region18Hunan,0.0,0.0,4568.300168342858,0.0,0.0,0.0,0.0,4568.300168342858
aluminum_Region21Hainan_aluminum_Region19Guangdong,0.0,0.0,1.1643252901450582e7,0.0,0.0,0.0,0.0,1.1643252901450582e7
aluminum_Region21Hainan_aluminum_Region20Guangxi,0.0,0.0,9369.86284650496,0.0,0.0,0.0,0.0,9369.86284650496
aluminum_Region21Hainan_aluminum_Region22Chongqing,0.0,0.0,2296.3391694833717,0.0,0.0,0.0,0.0,2296.3391694833717
aluminum_Region21Hainan_aluminum_Region23Sichuan,0.0,0.0,1967.7822054640521,0.0,0.0,0.0,0.0,1967.7822054640521
aluminum_Region21Hainan_aluminum_Region24Guizhou,0.0,0.0,3409.773524762076,0.0,0.0,0.0,0.0,3409.773524762076
aluminum_Region21Hainan_aluminum_Region25Yunnan,0.0,0.0,4139.080453092042,0.0,0.0,0.0,0.0,4139.080453092042
aluminum_Region21Hainan_aluminum_Region27Shaanxi,0.0,0.0,1808.3985916665686,0.0,0.0,0.0,0.0,1808.3985916665686
aluminum_Region21Hainan_aluminum_Region28Gansu,0.0,0.0,1419.7944278116706,0.0,0.0,0.0,0.0,1419.7944278116706
aluminum_Region21Hainan_aluminum_Region29Qinghai,0.0,0.0,1620.2502179004514,0.0,0.0,0.0,0.0,1620.2502179004514
aluminum_Region21Hainan_aluminum_Region30Ningxia,0.0,0.0,1760.5079274342518,0.0,0.0,0.0,0.0,1760.5079274342518
aluminum_Region21Hainan_aluminum_Region31Xinjiang,0.0,0.0,1694.6500471445916,0.0,0.0,0.0,0.0,1694.6500471445916
aluminum_Region22Chongqing_aluminum_Region1Beijing,0.0,0.0,2055.649892176578,0.0,0.0,0.0,0.0,2055.649892176578
aluminum_Region22Chongqing_aluminum_Region2Tianjin,0.0,0.0,2116.547908992274,0.0,0.0,0.0,0.0,2116.547908992274
aluminum_Region22Chongqing_aluminum_Region3Hebei,0.0,0.0,1940.0097854595974,0.0,0.0,0.0,0.0,1940.0097854595974
aluminum_Region22Chongqing_aluminum_Region4Shanxi,0.0,0.0,1909.8932269711518,0.0,0.0,0.0,0.0,1909.8932269711518
aluminum_Region22Chongqing_aluminum_Region5Innermongolia,0.0,0.0,1578.356039954082,0.0,0.0,0.0,0.0,1578.356039954082
aluminum_Region22Chongqing_aluminum_Region6Liaoning,0.0,0.0,1724.2443522691296,0.0,0.0,0.0,0.0,1724.2443522691296
aluminum_Region22Chongqing_aluminum_Region7Jilin,0.0,0.0,1599.1102779444745,0.0,0.0,0.0,0.0,1599.1102779444745
aluminum_Region22Chongqing_aluminum_Region8Heilongjiang,0.0,0.0,1636.615630299661,0.0,0.0,0.0,0.0,1636.615630299661
aluminum_Region22Chongqing_aluminum_Region9Shanghai,0.0,0.0,2608.114573840008,0.0,0.0,0.0,0.0,2608.114573840008
aluminum_Region22Chongqing_aluminum_Region10Jiangsu,0.0,0.0,2863.2830941144002,0.0,0.0,0.0,0.0,2863.2830941144002
aluminum_Region22Chongqing_aluminum_Region11Zhejiang,0.0,0.0,2419.7746066920395,0.0,0.0,0.0,0.0,2419.7746066920395
aluminum_Region22Chongqing_aluminum_Region12Anhui,0.0,0.0,2784.9519765311948,0.0,0.0,0.0,0.0,2784.9519765311948
aluminum_Region22Chongqing_aluminum_Region13Fujian,0.0,0.0,2150.539370199494,0.0,0.0,0.0,0.0,2150.539370199494
aluminum_Region22Chongqing_aluminum_Region14Jiangxi,0.0,0.0,2688.192274707786,0.0,0.0,0.0,0.0,2688.192274707786
aluminum_Region22Chongqing_aluminum_Region15Shandong,0.0,0.0,2244.1696909398797,0.0,0.0,0.0,0.0,2244.1696909398797
aluminum_Region22Chongqing_aluminum_Region16Henan,0.0,0.0,2431.340483978924,0.0,0.0,0.0,0.0,2431.340483978924
aluminum_Region22Chongqing_aluminum_Region17Hubei,0.0,0.0,2717.6464856936773,0.0,0.0,0.0,0.0,2717.6464856936773
aluminum_Region22Chongqing_aluminum_Region18Hunan,0.0,0.0,3254.7949835609406,0.0,0.0,0.0,0.0,3254.7949835609406
aluminum_Region22Chongqing_aluminum_Region19Guangdong,0.0,0.0,5755.074588152897,0.0,0.0,0.0,0.0,5755.074588152897
aluminum_Region22Chongqing_aluminum_Region20Guangxi,0.0,0.0,4425.9010471712845,0.0,0.0,0.0,0.0,4425.9010471712845
aluminum_Region22Chongqing_aluminum_Region21Hainan,0.0,0.0,2140.6361878150988,0.0,0.0,0.0,0.0,2140.6361878150988
aluminum_Region22Chongqing_aluminum_Region23Sichuan,0.0,0.0,1762.9771376777426,0.0,0.0,0.0,0.0,1762.9771376777426
aluminum_Region22Chongqing_aluminum_Region24Guizhou,0.0,0.0,2622.1890638566815,0.0,0.0,0.0,0.0,2622.1890638566815
aluminum_Region22Chongqing_aluminum_Region25Yunnan,0.0,0.0,1739.7332230112447,0.0,0.0,0.0,0.0,1739.7332230112447
aluminum_Region22Chongqing_aluminum_Region27Shaanxi,0.0,0.0,1641.41759794774,0.0,0.0,0.0,0.0,1641.41759794774
aluminum_Region22Chongqing_aluminum_Region28Gansu,0.0,0.0,1042.1661093343068,0.0,0.0,0.0,0.0,1042.1661093343068
aluminum_Region22Chongqing_aluminum_Region29Qinghai,0.0,0.0,1390.81577603446,0.0,0.0,0.0,0.0,1390.81577603446
aluminum_Region22Chongqing_aluminum_Region30Ningxia,0.0,0.0,1624.2865129987183,0.0,0.0,0.0,0.0,1624.2865129987183
aluminum_Region22Chongqing_aluminum_Region31Xinjiang,0.0,0.0,1589.153075436178,0.0,0.0,0.0,0.0,1589.153075436178
aluminum_Region23Sichuan_aluminum_Region1Beijing,0.0,0.0,2111.124831011054,0.0,0.0,0.0,0.0,2111.124831011054
aluminum_Region23Sichuan_aluminum_Region2Tianjin,0.0,0.0,2175.136644014229,0.0,0.0,0.0,0.0,2175.136644014229
aluminum_Region23Sichuan_aluminum_Region3Hebei,0.0,0.0,2002.9820509386216,0.0,0.0,0.0,0.0,2002.9820509386216
aluminum_Region23Sichuan_aluminum_Region4Shanxi,0.0,0.0,1985.995824636489,0.0,0.0,0.0,0.0,1985.995824636489
aluminum_Region23Sichuan_aluminum_Region5Innermongolia,0.0,0.0,1617.3472606338087,0.0,0.0,0.0,0.0,1617.3472606338087
aluminum_Region23Sichuan_aluminum_Region6Liaoning,0.0,0.0,1752.3281869921216,0.0,0.0,0.0,0.0,1752.3281869921216
aluminum_Region23Sichuan_aluminum_Region7Jilin,0.0,0.0,1622.0313874624546,0.0,0.0,0.0,0.0,1622.0313874624546
aluminum_Region23Sichuan_aluminum_Region8Heilongjiang,0.0,0.0,1660.6927346812377,0.0,0.0,0.0,0.0,1660.6927346812377
aluminum_Region23Sichuan_aluminum_Region9Shanghai,0.0,0.0,2580.6205327173875,0.0,0.0,0.0,0.0,2580.6205327173875
aluminum_Region23Sichuan_aluminum_Region10Jiangsu,0.0,0.0,2784.833553948184,0.0,0.0,0.0,0.0,2784.833553948184
aluminum_Region23Sichuan_aluminum_Region11Zhejiang,0.0,0.0,2423.4841896963894,0.0,0.0,0.0,0.0,2423.4841896963894
aluminum_Region23Sichuan_aluminum_Region12Anhui,0.0,0.0,2718.3663747253245,0.0,0.0,0.0,0.0,2718.3663747253245
aluminum_Region23Sichuan_aluminum_Region13Fujian,0.0,0.0,2189.777510913278,0.0,0.0,0.0,0.0,2189.777510913278
aluminum_Region23Sichuan_aluminum_Region14Jiangxi,0.0,0.0,2596.3792279206345,0.0,0.0,0.0,0.0,2596.3792279206345
aluminum_Region23Sichuan_aluminum_Region15Shandong,0.0,0.0,2314.54021012385,0.0,0.0,0.0,0.0,2314.54021012385
aluminum_Region23Sichuan_aluminum_Region16Henan,0.0,0.0,2534.1949046001982,0.0,0.0,0.0,0.0,2534.1949046001982
aluminum_Region23Sichuan_aluminum_Region17Hubei,0.0,0.0,2589.39869635839,0.0,0.0,0.0,0.0,2589.39869635839
aluminum_Region23Sichuan_aluminum_Region18Hunan,0.0,0.0,2819.7827056046804,0.0,0.0,0.0,0.0,2819.7827056046804
aluminum_Region23Sichuan_aluminum_Region19Guangdong,0.0,0.0,4248.999164844421,0.0,0.0,0.0,0.0,4248.999164844421
aluminum_Region23Sichuan_aluminum_Region20Guangxi,0.0,0.0,3352.4829300637957,0.0,0.0,0.0,0.0,3352.4829300637957
aluminum_Region23Sichuan_aluminum_Region21Hainan,0.0,0.0,2143.4976580542084,0.0,0.0,0.0,0.0,2143.4976580542084
aluminum_Region23Sichuan_aluminum_Region22Chongqing,0.0,0.0,2242.6216890880796,0.0,0.0,0.0,0.0,2242.6216890880796
aluminum_Region23Sichuan_aluminum_Region24Guizhou,0.0,0.0,2490.4650636821825,0.0,0.0,0.0,0.0,2490.4650636821825
aluminum_Region23Sichuan_aluminum_Region25Yunnan,0.0,0.0,779.3889330080733,0.0,0.0,0.0,0.0,779.3889330080733
aluminum_Region23Sichuan_aluminum_Region27Shaanxi,0.0,0.0,1760.3164226091942,0.0,0.0,0.0,0.0,1760.3164226091942
aluminum_Region23Sichuan_aluminum_Region28Gansu,0.0,0.0,987.1701145664886,0.0,0.0,0.0,0.0,987.1701145664886
aluminum_Region23Sichuan_aluminum_Region29Qinghai,0.0,0.0,1338.7621628851048,0.0,0.0,0.0,0.0,1338.7621628851048
aluminum_Region23Sichuan_aluminum_Region30Ningxia,0.0,0.0,1670.694854125155,0.0,0.0,0.0,0.0,1670.694854125155
aluminum_Region23Sichuan_aluminum_Region31Xinjiang,0.0,0.0,1588.2101889726457,0.0,0.0,0.0,0.0,1588.2101889726457
aluminum_Region24Guizhou_aluminum_Region1Beijing,0.0,0.0,2017.501224389594,0.0,0.0,0.0,0.0,2017.501224389594
aluminum_Region24Guizhou_aluminum_Region2Tianjin,0.0,0.0,2067.5891799370756,0.0,0.0,0.0,0.0,2067.5891799370756
aluminum_Region24Guizhou_aluminum_Region3Hebei,0.0,0.0,1916.4356445266963,0.0,0.0,0.0,0.0,1916.4356445266963
aluminum_Region24Guizhou_aluminum_Region4Shanxi,0.0,0.0,1889.6767342526123,0.0,0.0,0.0,0.0,1889.6767342526123
aluminum_Region24Guizhou_aluminum_Region5Innermongolia,0.0,0.0,1622.3687705808345,0.0,0.0,0.0,0.0,1622.3687705808345
aluminum_Region24Guizhou_aluminum_Region6Liaoning,0.0,0.0,1737.7055211005643,0.0,0.0,0.0,0.0,1737.7055211005643
aluminum_Region24Guizhou_aluminum_Region7Jilin,0.0,0.0,1619.7634059882932,0.0,0.0,0.0,0.0,1619.7634059882932
aluminum_Region24Guizhou_aluminum_Region8Heilongjiang,0.0,0.0,1652.7017055523118,0.0,0.0,0.0,0.0,1652.7017055523118
aluminum_Region24Guizhou_aluminum_Region9Shanghai,0.0,0.0,2429.4164534390457,0.0,0.0,0.0,0.0,2429.4164534390457
aluminum_Region24Guizhou_aluminum_Region10Jiangsu,0.0,0.0,2580.005201071617,0.0,0.0,0.0,0.0,2580.005201071617
aluminum_Region24Guizhou_aluminum_Region11Zhejiang,0.0,0.0,2240.436252518998,0.0,0.0,0.0,0.0,2240.436252518998
aluminum_Region24Guizhou_aluminum_Region12Anhui,0.0,0.0,2469.6494211458153,0.0,0.0,0.0,0.0,2469.6494211458153
aluminum_Region24Guizhou_aluminum_Region13Fujian,0.0,0.0,2066.8917878296725,0.0,0.0,0.0,0.0,2066.8917878296725
aluminum_Region24Guizhou_aluminum_Region14Jiangxi,0.0,0.0,2296.0227352351294,0.0,0.0,0.0,0.0,2296.0227352351294
aluminum_Region24Guizhou_aluminum_Region15Shandong,0.0,0.0,2149.2815910611835,0.0,0.0,0.0,0.0,2149.2815910611835
aluminum_Region24Guizhou_aluminum_Region16Henan,0.0,0.0,2237.9542403130704,0.0,0.0,0.0,0.0,2237.9542403130704
aluminum_Region24Guizhou_aluminum_Region17Hubei,0.0,0.0,2270.0402873732583,0.0,0.0,0.0,0.0,2270.0402873732583
aluminum_Region24Guizhou_aluminum_Region18Hunan,0.0,0.0,2698.7667380342914,0.0,0.0,0.0,0.0,2698.7667380342914
aluminum_Region24Guizhou_aluminum_Region19Guangdong,0.0,0.0,7.486833707730381e7,0.0,0.0,0.0,0.0,7.486833707730381e7
aluminum_Region24Guizhou_aluminum_Region20Guangxi,0.0,0.0,5958.5007007587155,0.0,0.0,0.0,0.0,5958.5007007587155
aluminum_Region24Guizhou_aluminum_Region21Hainan,0.0,0.0,2207.049593866016,0.0,0.0,0.0,0.0,2207.049593866016
aluminum_Region24Guizhou_aluminum_Region22Chongqing,0.0,0.0,1693.5153711412784,0.0,0.0,0.0,0.0,1693.5153711412784
aluminum_Region24Guizhou_aluminum_Region23Sichuan,0.0,0.0,1714.085472055372,0.0,0.0,0.0,0.0,1714.085472055372
aluminum_Region24Guizhou_aluminum_Region25Yunnan,0.0,0.0,2054.7243972209894,0.0,0.0,0.0,0.0,2054.7243972209894
aluminum_Region24Guizhou_aluminum_Region27Shaanxi,0.0,0.0,1668.6163793821913,0.0,0.0,0.0,0.0,1668.6163793821913
aluminum_Region24Guizhou_aluminum_Region28Gansu,0.0,0.0,1171.6943582155145,0.0,0.0,0.0,0.0,1171.6943582155145
aluminum_Region24Guizhou_aluminum_Region29Qinghai,0.0,0.0,1467.873229653426,0.0,0.0,0.0,0.0,1467.873229653426
aluminum_Region24Guizhou_aluminum_Region30Ningxia,0.0,0.0,1661.0315011621578,0.0,0.0,0.0,0.0,1661.0315011621578
aluminum_Region24Guizhou_aluminum_Region31Xinjiang,0.0,0.0,1623.2455510016975,0.0,0.0,0.0,0.0,1623.2455510016975
aluminum_Region25Yunnan_aluminum_Region1Beijing,0.0,0.0,1922.824785313801,0.0,0.0,0.0,0.0,1922.824785313801
aluminum_Region25Yunnan_aluminum_Region2Tianjin,0.0,0.0,1964.0374006147065,0.0,0.0,0.0,0.0,1964.0374006147065
aluminum_Region25Yunnan_aluminum_Region3Hebei,0.0,0.0,1839.9441313070886,0.0,0.0,0.0,0.0,1839.9441313070886
aluminum_Region25Yunnan_aluminum_Region4Shanxi,0.0,0.0,1798.8840523786564,0.0,0.0,0.0,0.0,1798.8840523786564
aluminum_Region25Yunnan_aluminum_Region5Innermongolia,0.0,0.0,1605.7193660127627,0.0,0.0,0.0,0.0,1605.7193660127627
aluminum_Region25Yunnan_aluminum_Region6Liaoning,0.0,0.0,1725.015932682642,0.0,0.0,0.0,0.0,1725.015932682642
aluminum_Region25Yunnan_aluminum_Region7Jilin,0.0,0.0,1628.3145593979807,0.0,0.0,0.0,0.0,1628.3145593979807
aluminum_Region25Yunnan_aluminum_Region8Heilongjiang,0.0,0.0,1657.4833456839142,0.0,0.0,0.0,0.0,1657.4833456839142
aluminum_Region25Yunnan_aluminum_Region9Shanghai,0.0,0.0,2229.9073969580495,0.0,0.0,0.0,0.0,2229.9073969580495
aluminum_Region25Yunnan_aluminum_Region10Jiangsu,0.0,0.0,2299.0407250587396,0.0,0.0,0.0,0.0,2299.0407250587396
aluminum_Region25Yunnan_aluminum_Region11Zhejiang,0.0,0.0,2116.177729408517,0.0,0.0,0.0,0.0,2116.177729408517
aluminum_Region25Yunnan_aluminum_Region12Anhui,0.0,0.0,2196.963494179042,0.0,0.0,0.0,0.0,2196.963494179042
aluminum_Region25Yunnan_aluminum_Region13Fujian,0.0,0.0,2021.4210173432753,0.0,0.0,0.0,0.0,2021.4210173432753
aluminum_Region25Yunnan_aluminum_Region14Jiangxi,0.0,0.0,2115.0402738768194,0.0,0.0,0.0,0.0,2115.0402738768194
aluminum_Region25Yunnan_aluminum_Region15Shandong,0.0,0.0,2013.2221988260385,0.0,0.0,0.0,0.0,2013.2221988260385
aluminum_Region25Yunnan_aluminum_Region16Henan,0.0,0.0,2047.1927701219406,0.0,0.0,0.0,0.0,2047.1927701219406
aluminum_Region25Yunnan_aluminum_Region17Hubei,0.0,0.0,2043.0443921543858,0.0,0.0,0.0,0.0,2043.0443921543858
aluminum_Region25Yunnan_aluminum_Region18Hunan,0.0,0.0,2207.836353309698,0.0,0.0,0.0,0.0,2207.836353309698
aluminum_Region25Yunnan_aluminum_Region19Guangdong,0.0,0.0,3725.2325685870783,0.0,0.0,0.0,0.0,3725.2325685870783
aluminum_Region25Yunnan_aluminum_Region20Guangxi,0.0,0.0,2669.0560961685055,0.0,0.0,0.0,0.0,2669.0560961685055
aluminum_Region25Yunnan_aluminum_Region21Hainan,0.0,0.0,1855.1740738300828,0.0,0.0,0.0,0.0,1855.1740738300828
aluminum_Region25Yunnan_aluminum_Region22Chongqing,0.0,0.0,1567.5004787742762,0.0,0.0,0.0,0.0,1567.5004787742762
aluminum_Region25Yunnan_aluminum_Region23Sichuan,0.0,0.0,1465.1873218444566,0.0,0.0,0.0,0.0,1465.1873218444566
aluminum_Region25Yunnan_aluminum_Region24Guizhou,0.0,0.0,1167.9588250390561,0.0,0.0,0.0,0.0,1167.9588250390561
aluminum_Region25Yunnan_aluminum_Region27Shaanxi,0.0,0.0,1604.7618969738571,0.0,0.0,0.0,0.0,1604.7618969738571
aluminum_Region25Yunnan_aluminum_Region28Gansu,0.0,0.0,1207.966298403664,0.0,0.0,0.0,0.0,1207.966298403664
aluminum_Region25Yunnan_aluminum_Region29Qinghai,0.0,0.0,1426.1574314397526,0.0,0.0,0.0,0.0,1426.1574314397526
aluminum_Region25Yunnan_aluminum_Region30Ningxia,0.0,0.0,1612.9310635996371,0.0,0.0,0.0,0.0,1612.9310635996371
aluminum_Region25Yunnan_aluminum_Region31Xinjiang,0.0,0.0,1612.0506259916842,0.0,0.0,0.0,0.0,1612.0506259916842
aluminum_Region27Shaanxi_aluminum_Region1Beijing,0.0,0.0,2333.3949153192775,0.0,0.0,0.0,0.0,2333.3949153192775
aluminum_Region27Shaanxi_aluminum_Region2Tianjin,0.0,0.0,2462.993544681822,0.0,0.0,0.0,0.0,2462.993544681822
aluminum_Region27Shaanxi_aluminum_Region3Hebei,0.0,0.0,2160.6587550351173,0.0,0.0,0.0,0.0,2160.6587550351173
aluminum_Region27Shaanxi_aluminum_Region4Shanxi,0.0,0.0,2198.4831041691336,0.0,0.0,0.0,0.0,2198.4831041691336
aluminum_Region27Shaanxi_aluminum_Region5Innermongolia,0.0,0.0,1471.4263830697203,0.0,0.0,0.0,0.0,1471.4263830697203
aluminum_Region27Shaanxi_aluminum_Region6Liaoning,0.0,0.0,1682.5677855565234,0.0,0.0,0.0,0.0,1682.5677855565234
aluminum_Region27Shaanxi_aluminum_Region7Jilin,0.0,0.0,1534.6613891480624,0.0,0.0,0.0,0.0,1534.6613891480624
aluminum_Region27Shaanxi_aluminum_Region8Heilongjiang,0.0,0.0,1595.2784368077153,0.0,0.0,0.0,0.0,1595.2784368077153
aluminum_Region27Shaanxi_aluminum_Region9Shanghai,0.0,0.0,3135.2961033485512,0.0,0.0,0.0,0.0,3135.2961033485512
aluminum_Region27Shaanxi_aluminum_Region10Jiangsu,0.0,0.0,4235.449767942325,0.0,0.0,0.0,0.0,4235.449767942325
aluminum_Region27Shaanxi_aluminum_Region11Zhejiang,0.0,0.0,3010.0373124951234,0.0,0.0,0.0,0.0,3010.0373124951234
aluminum_Region27Shaanxi_aluminum_Region12Anhui,0.0,0.0,5290.310327941794,0.0,0.0,0.0,0.0,5290.310327941794
aluminum_Region27Shaanxi_aluminum_Region13Fujian,0.0,0.0,2310.1747433135233,0.0,0.0,0.0,0.0,2310.1747433135233
aluminum_Region27Shaanxi_aluminum_Region14Jiangxi,0.0,0.0,3820.7901761520952,0.0,0.0,0.0,0.0,3820.7901761520952
aluminum_Region27Shaanxi_aluminum_Region15Shandong,0.0,0.0,3043.213736890997,0.0,0.0,0.0,0.0,3043.213736890997
aluminum_Region27Shaanxi_aluminum_Region16Henan,0.0,0.0,7155.484522391969,0.0,0.0,0.0,0.0,7155.484522391969
aluminum_Region27Shaanxi_aluminum_Region17Hubei,0.0,0.0,5119.894217366255,0.0,0.0,0.0,0.0,5119.894217366255
aluminum_Region27Shaanxi_aluminum_Region18Hunan,0.0,0.0,3958.5701635984533,0.0,0.0,0.0,0.0,3958.5701635984533
aluminum_Region27Shaanxi_aluminum_Region19Guangdong,0.0,0.0,4046.9623394578466,0.0,0.0,0.0,0.0,4046.9623394578466
aluminum_Region27Shaanxi_aluminum_Region20Guangxi,0.0,0.0,2812.487586788818,0.0,0.0,0.0,0.0,2812.487586788818
aluminum_Region27Shaanxi_aluminum_Region21Hainan,0.0,0.0,2176.610374352414,0.0,0.0,0.0,0.0,2176.610374352414
aluminum_Region27Shaanxi_aluminum_Region22Chongqing,0.0,0.0,2219.660226731708,0.0,0.0,0.0,0.0,2219.660226731708
aluminum_Region27Shaanxi_aluminum_Region23Sichuan,0.0,0.0,2281.5343287040073,0.0,0.0,0.0,0.0,2281.5343287040073
aluminum_Region27Shaanxi_aluminum_Region24Guizhou,0.0,0.0,2012.9507930987827,0.0,0.0,0.0,0.0,2012.9507930987827
aluminum_Region27Shaanxi_aluminum_Region25Yunnan,0.0,0.0,1916.7544182598622,0.0,0.0,0.0,0.0,1916.7544182598622
aluminum_Region27Shaanxi_aluminum_Region28Gansu,0.0,0.0,861.471806662173,0.0,0.0,0.0,0.0,861.471806662173
aluminum_Region27Shaanxi_aluminum_Region29Qinghai,0.0,0.0,1332.6107740975153,0.0,0.0,0.0,0.0,1332.6107740975153
aluminum_Region27Shaanxi_aluminum_Region30Ningxia,0.0,0.0,1597.3825984794712,0.0,0.0,0.0,0.0,1597.3825984794712
aluminum_Region27Shaanxi_aluminum_Region31Xinjiang,0.0,0.0,1582.3544545818804,0.0,0.0,0.0,0.0,1582.3544545818804
aluminum_Region28Gansu_aluminum_Region1Beijing,0.0,0.0,4170.215352591642,0.0,0.0,0.0,0.0,4170.215352591642
aluminum_Region28Gansu_aluminum_Region2Tianjin,0.0,0.0,4341.48173310028,0.0,0.0,0.0,0.0,4341.48173310028
aluminum_Region28Gansu_aluminum_Region3Hebei,0.0,0.0,4424.943167848058,0.0,0.0,0.0,0.0,4424.943167848058
aluminum_Region28Gansu_aluminum_Region4Shanxi,0.0,0.0,5395.545947610855,0.0,0.0,0.0,0.0,5395.545947610855
aluminum_Region28Gansu_aluminum_Region5Innermongolia,0.0,0.0,2771.5605285023175,0.0,0.0,0.0,0.0,2771.5605285023175
aluminum_Region28Gansu_aluminum_Region6Liaoning,0.0,0.0,2360.9168677739813,0.0,0.0,0.0,0.0,2360.9168677739813
aluminum_Region28Gansu_aluminum_Region7Jilin,0.0,0.0,2058.0011880646534,0.0,0.0,0.0,0.0,2058.0011880646534
aluminum_Region28Gansu_aluminum_Region8Heilongjiang,0.0,0.0,2087.128057321961,0.0,0.0,0.0,0.0,2087.128057321961
aluminum_Region28Gansu_aluminum_Region9Shanghai,0.0,0.0,4540.821775365388,0.0,0.0,0.0,0.0,4540.821775365388
aluminum_Region28Gansu_aluminum_Region10Jiangsu,0.0,0.0,6362.8223661102165,0.0,0.0,0.0,0.0,6362.8223661102165
aluminum_Region28Gansu_aluminum_Region11Zhejiang,0.0,0.0,4431.523744725278,0.0,0.0,0.0,0.0,4431.523744725278
aluminum_Region28Gansu_aluminum_Region12Anhui,0.0,0.0,7142.877201100292,0.0,0.0,0.0,0.0,7142.877201100292
aluminum_Region28Gansu_aluminum_Region13Fujian,0.0,0.0,3205.8618320613805,0.0,0.0,0.0,0.0,3205.8618320613805
aluminum_Region28Gansu_aluminum_Region14Jiangxi,0.0,0.0,5788.8597616992,0.0,0.0,0.0,0.0,5788.8597616992
aluminum_Region28Gansu_aluminum_Region15Shandong,0.0,0.0,5697.107599857022,0.0,0.0,0.0,0.0,5697.107599857022
aluminum_Region28Gansu_aluminum_Region16Henan,0.0,0.0,10428.090713335485,0.0,0.0,0.0,0.0,10428.090713335485
aluminum_Region28Gansu_aluminum_Region17Hubei,0.0,0.0,7318.711864376145,0.0,0.0,0.0,0.0,7318.711864376145
aluminum_Region28Gansu_aluminum_Region18Hunan,0.0,0.0,6103.796779993962,0.0,0.0,0.0,0.0,6103.796779993962
aluminum_Region28Gansu_aluminum_Region19Guangdong,0.0,0.0,5124.6630385079925,0.0,0.0,0.0,0.0,5124.6630385079925
aluminum_Region28Gansu_aluminum_Region20Guangxi,0.0,0.0,5492.613438539902,0.0,0.0,0.0,0.0,5492.613438539902
aluminum_Region28Gansu_aluminum_Region21Hainan,0.0,0.0,2954.4314808792155,0.0,0.0,0.0,0.0,2954.4314808792155
aluminum_Region28Gansu_aluminum_Region22Chongqing,0.0,0.0,7643.995530738655,0.0,0.0,0.0,0.0,7643.995530738655
aluminum_Region28Gansu_aluminum_Region23Sichuan,0.0,0.0,1479.2408622648786,0.0,0.0,0.0,0.0,1479.2408622648786
aluminum_Region28Gansu_aluminum_Region24Guizhou,0.0,0.0,5133.107360741579,0.0,0.0,0.0,0.0,5133.107360741579
aluminum_Region28Gansu_aluminum_Region25Yunnan,0.0,0.0,1135.839717640158,0.0,0.0,0.0,0.0,1135.839717640158
aluminum_Region28Gansu_aluminum_Region27Shaanxi,0.0,0.0,14749.596180896513,0.0,0.0,0.0,0.0,14749.596180896513
aluminum_Region28Gansu_aluminum_Region29Qinghai,0.0,0.0,1.366398423490898e7,0.0,0.0,0.0,0.0,1.366398423490898e7
aluminum_Region28Gansu_aluminum_Region30Ningxia,0.0,0.0,399283.0647869554,0.0,0.0,0.0,0.0,399283.0647869554
aluminum_Region28Gansu_aluminum_Region31Xinjiang,0.0,0.0,1941.2888375879904,0.0,0.0,0.0,0.0,1941.2888375879904
aluminum_Region29Qinghai_aluminum_Region1Beijing,0.0,0.0,2899.232884444543,0.0,0.0,0.0,0.0,2899.232884444543
aluminum_Region29Qinghai_aluminum_Region2Tianjin,0.0,0.0,3006.0291548686373,0.0,0.0,0.0,0.0,3006.0291548686373
aluminum_Region29Qinghai_aluminum_Region3Hebei,0.0,0.0,2867.926765893244,0.0,0.0,0.0,0.0,2867.926765893244
aluminum_Region29Qinghai_aluminum_Region4Shanxi,0.0,0.0,3020.188135897581,0.0,0.0,0.0,0.0,3020.188135897581
aluminum_Region29Qinghai_aluminum_Region5Innermongolia,0.0,0.0,2038.1010745854728,0.0,0.0,0.0,0.0,2038.1010745854728
aluminum_Region29Qinghai_aluminum_Region6Liaoning,0.0,0.0,2041.5617807043482,0.0,0.0,0.0,0.0,2041.5617807043482
aluminum_Region29Qinghai_aluminum_Region7Jilin,0.0,0.0,1842.7782425487649,0.0,0.0,0.0,0.0,1842.7782425487649
aluminum_Region29Qinghai_aluminum_Region8Heilongjiang,0.0,0.0,1881.1585142578037,0.0,0.0,0.0,0.0,1881.1585142578037
aluminum_Region29Qinghai_aluminum_Region9Shanghai,0.0,0.0,3323.247432302435,0.0,0.0,0.0,0.0,3323.247432302435
aluminum_Region29Qinghai_aluminum_Region10Jiangsu,0.0,0.0,3823.7525715363904,0.0,0.0,0.0,0.0,3823.7525715363904
aluminum_Region29Qinghai_aluminum_Region11Zhejiang,0.0,0.0,3173.189063008004,0.0,0.0,0.0,0.0,3173.189063008004
aluminum_Region29Qinghai_aluminum_Region12Anhui,0.0,0.0,4222.238461419819,0.0,0.0,0.0,0.0,4222.238461419819
aluminum_Region29Qinghai_aluminum_Region13Fujian,0.0,0.0,2645.788478993837,0.0,0.0,0.0,0.0,2645.788478993837
aluminum_Region29Qinghai_aluminum_Region14Jiangxi,0.0,0.0,3554.906175331625,0.0,0.0,0.0,0.0,3554.906175331625
aluminum_Region29Qinghai_aluminum_Region15Shandong,0.0,0.0,3449.534787388827,0.0,0.0,0.0,0.0,3449.534787388827
aluminum_Region29Qinghai_aluminum_Region16Henan,0.0,0.0,4273.338118612514,0.0,0.0,0.0,0.0,4273.338118612514
aluminum_Region29Qinghai_aluminum_Region17Hubei,0.0,0.0,3948.6358960037323,0.0,0.0,0.0,0.0,3948.6358960037323
aluminum_Region29Qinghai_aluminum_Region18Hunan,0.0,0.0,3545.434713148174,0.0,0.0,0.0,0.0,3545.434713148174
aluminum_Region29Qinghai_aluminum_Region19Guangdong,0.0,0.0,3824.7962845783522,0.0,0.0,0.0,0.0,3824.7962845783522
aluminum_Region29Qinghai_aluminum_Region20Guangxi,0.0,0.0,3279.630746628519,0.0,0.0,0.0,0.0,3279.630746628519
aluminum_Region29Qinghai_aluminum_Region21Hainan,0.0,0.0,2483.8286255231437,0.0,0.0,0.0,0.0,2483.8286255231437
aluminum_Region29Qinghai_aluminum_Region22Chongqing,0.0,0.0,3116.6272318673537,0.0,0.0,0.0,0.0,3116.6272318673537
aluminum_Region29Qinghai_aluminum_Region23Sichuan,0.0,0.0,4189.356368635449,0.0,0.0,0.0,0.0,4189.356368635449
aluminum_Region29Qinghai_aluminum_Region24Guizhou,0.0,0.0,2671.0265601132287,0.0,0.0,0.0,0.0,2671.0265601132287
aluminum_Region29Qinghai_aluminum_Region25Yunnan,0.0,0.0,2225.432134521611,0.0,0.0,0.0,0.0,2225.432134521611
aluminum_Region29Qinghai_aluminum_Region27Shaanxi,0.0,0.0,3354.1405274577955,0.0,0.0,0.0,0.0,3354.1405274577955
aluminum_Region29Qinghai_aluminum_Region28Gansu,0.0,0.0,552.4997673606827,0.0,0.0,0.0,0.0,552.4997673606827
aluminum_Region29Qinghai_aluminum_Region30Ningxia,0.0,0.0,3045.3486534821914,0.0,0.0,0.0,0.0,3045.3486534821914
aluminum_Region29Qinghai_aluminum_Region31Xinjiang,0.0,0.0,1663.7096459087834,0.0,0.0,0.0,0.0,1663.7096459087834
aluminum_Region30Ningxia_aluminum_Region1Beijing,0.0,0.0,2661.4210837391656,0.0,0.0,0.0,0.0,2661.4210837391656
aluminum_Region30Ningxia_aluminum_Region2Tianjin,0.0,0.0,2803.757307777002,0.0,0.0,0.0,0.0,2803.757307777002
aluminum_Region30Ningxia_aluminum_Region3Hebei,0.0,0.0,2503.9048620370095,0.0,0.0,0.0,0.0,2503.9048620370095
aluminum_Region30Ningxia_aluminum_Region4Shanxi,0.0,0.0,2627.0395726428383,0.0,0.0,0.0,0.0,2627.0395726428383
aluminum_Region30Ningxia_aluminum_Region5Innermongolia,0.0,0.0,1503.0204467152746,0.0,0.0,0.0,0.0,1503.0204467152746
aluminum_Region30Ningxia_aluminum_Region6Liaoning,0.0,0.0,1783.4781959373825,0.0,0.0,0.0,0.0,1783.4781959373825
aluminum_Region30Ningxia_aluminum_Region7Jilin,0.0,0.0,1606.5576279835625,0.0,0.0,0.0,0.0,1606.5576279835625
aluminum_Region30Ningxia_aluminum_Region8Heilongjiang,0.0,0.0,1665.5286609730215,0.0,0.0,0.0,0.0,1665.5286609730215
aluminum_Region30Ningxia_aluminum_Region9Shanghai,0.0,0.0,2990.204833653052,0.0,0.0,0.0,0.0,2990.204833653052
aluminum_Region30Ningxia_aluminum_Region10Jiangsu,0.0,0.0,3426.335470136978,0.0,0.0,0.0,0.0,3426.335470136978
aluminum_Region30Ningxia_aluminum_Region11Zhejiang,0.0,0.0,2817.939245226755,0.0,0.0,0.0,0.0,2817.939245226755
aluminum_Region30Ningxia_aluminum_Region12Anhui,0.0,0.0,3640.7993461862766,0.0,0.0,0.0,0.0,3640.7993461862766
aluminum_Region30Ningxia_aluminum_Region13Fujian,0.0,0.0,2374.651714139912,0.0,0.0,0.0,0.0,2374.651714139912
aluminum_Region30Ningxia_aluminum_Region14Jiangxi,0.0,0.0,3072.71186085485,0.0,0.0,0.0,0.0,3072.71186085485
aluminum_Region30Ningxia_aluminum_Region15Shandong,0.0,0.0,3366.5208293767755,0.0,0.0,0.0,0.0,3366.5208293767755
aluminum_Region30Ningxia_aluminum_Region16Henan,0.0,0.0,3822.8793324618005,0.0,0.0,0.0,0.0,3822.8793324618005
aluminum_Region30Ningxia_aluminum_Region17Hubei,0.0,0.0,3324.4465132094556,0.0,0.0,0.0,0.0,3324.4465132094556
aluminum_Region30Ningxia_aluminum_Region18Hunan,0.0,0.0,3060.2777349703283,0.0,0.0,0.0,0.0,3060.2777349703283
aluminum_Region30Ningxia_aluminum_Region19Guangdong,0.0,0.0,3450.6262380656995,0.0,0.0,0.0,0.0,3450.6262380656995
aluminum_Region30Ningxia_aluminum_Region20Guangxi,0.0,0.0,2586.587062488918,0.0,0.0,0.0,0.0,2586.587062488918
aluminum_Region30Ningxia_aluminum_Region21Hainan,0.0,0.0,2253.4819384776633,0.0,0.0,0.0,0.0,2253.4819384776633
aluminum_Region30Ningxia_aluminum_Region22Chongqing,0.0,0.0,2376.4720500945414,0.0,0.0,0.0,0.0,2376.4720500945414
aluminum_Region30Ningxia_aluminum_Region23Sichuan,0.0,0.0,2389.6675208136103,0.0,0.0,0.0,0.0,2389.6675208136103
aluminum_Region30Ningxia_aluminum_Region24Guizhou,0.0,0.0,2219.487081272541,0.0,0.0,0.0,0.0,2219.487081272541
aluminum_Region30Ningxia_aluminum_Region25Yunnan,0.0,0.0,2110.6084894665983,0.0,0.0,0.0,0.0,2110.6084894665983
aluminum_Region30Ningxia_aluminum_Region27Shaanxi,0.0,0.0,2384.028054898022,0.0,0.0,0.0,0.0,2384.028054898022
aluminum_Region30Ningxia_aluminum_Region28Gansu,0.0,0.0,761.7190935022179,0.0,0.0,0.0,0.0,761.7190935022179
aluminum_Region30Ningxia_aluminum_Region29Qinghai,0.0,0.0,1341.0434129537337,0.0,0.0,0.0,0.0,1341.0434129537337
aluminum_Region30Ningxia_aluminum_Region31Xinjiang,0.0,0.0,1549.1533614762432,0.0,0.0,0.0,0.0,1549.1533614762432
aluminum_Region31Xinjiang_aluminum_Region1Beijing,0.0,0.0,2801.5886396260744,0.0,0.0,0.0,0.0,2801.5886396260744
aluminum_Region31Xinjiang_aluminum_Region2Tianjin,0.0,0.0,2838.766233629162,0.0,0.0,0.0,0.0,2838.766233629162
aluminum_Region31Xinjiang_aluminum_Region3Hebei,0.0,0.0,2697.430511598502,0.0,0.0,0.0,0.0,2697.430511598502
aluminum_Region31Xinjiang_aluminum_Region4Shanxi,0.0,0.0,2720.0062260692266,0.0,0.0,0.0,0.0,2720.0062260692266
aluminum_Region31Xinjiang_aluminum_Region5Innermongolia,0.0,0.0,2295.9609867660965,0.0,0.0,0.0,0.0,2295.9609867660965
aluminum_Region31Xinjiang_aluminum_Region6Liaoning,0.0,0.0,2244.7797749037995,0.0,0.0,0.0,0.0,2244.7797749037995
aluminum_Region31Xinjiang_aluminum_Region7Jilin,0.0,0.0,2052.8374361221627,0.0,0.0,0.0,0.0,2052.8374361221627
aluminum_Region31Xinjiang_aluminum_Region8Heilongjiang,0.0,0.0,2065.412214543616,0.0,0.0,0.0,0.0,2065.412214543616
aluminum_Region31Xinjiang_aluminum_Region9Shanghai,0.0,0.0,2905.035499496435,0.0,0.0,0.0,0.0,2905.035499496435
aluminum_Region31Xinjiang_aluminum_Region10Jiangsu,0.0,0.0,3039.8720348973166,0.0,0.0,0.0,0.0,3039.8720348973166
aluminum_Region31Xinjiang_aluminum_Region11Zhejiang,0.0,0.0,2810.327088166614,0.0,0.0,0.0,0.0,2810.327088166614
aluminum_Region31Xinjiang_aluminum_Region12Anhui,0.0,0.0,3011.8802629115,0.0,0.0,0.0,0.0,3011.8802629115
aluminum_Region31Xinjiang_aluminum_Region13Fujian,0.0,0.0,2641.3831593846726,0.0,0.0,0.0,0.0,2641.3831593846726
aluminum_Region31Xinjiang_aluminum_Region14Jiangxi,0.0,0.0,2886.7011839059123,0.0,0.0,0.0,0.0,2886.7011839059123
aluminum_Region31Xinjiang_aluminum_Region15Shandong,0.0,0.0,2896.3969054247436,0.0,0.0,0.0,0.0,2896.3969054247436
aluminum_Region31Xinjiang_aluminum_Region16Henan,0.0,0.0,3004.2359329644696,0.0,0.0,0.0,0.0,3004.2359329644696
aluminum_Region31Xinjiang_aluminum_Region17Hubei,0.0,0.0,2901.5341880626097,0.0,0.0,0.0,0.0,2901.5341880626097
aluminum_Region31Xinjiang_aluminum_Region18Hunan,0.0,0.0,2939.5613177349896,0.0,0.0,0.0,0.0,2939.5613177349896
aluminum_Region31Xinjiang_aluminum_Region19Guangdong,0.0,0.0,3175.7161789060133,0.0,0.0,0.0,0.0,3175.7161789060133
aluminum_Region31Xinjiang_aluminum_Region20Guangxi,0.0,0.0,2737.296195744709,0.0,0.0,0.0,0.0,2737.296195744709
aluminum_Region31Xinjiang_aluminum_Region21Hainan,0.0,0.0,2530.0173605210334,0.0,0.0,0.0,0.0,2530.0173605210334
aluminum_Region31Xinjiang_aluminum_Region22Chongqing,0.0,0.0,2684.6825679592494,0.0,0.0,0.0,0.0,2684.6825679592494
aluminum_Region31Xinjiang_aluminum_Region23Sichuan,0.0,0.0,2679.646095810712,0.0,0.0,0.0,0.0,2679.646095810712
aluminum_Region31Xinjiang_aluminum_Region24Guizhou,0.0,0.0,2635.203087019515,0.0,0.0,0.0,0.0,2635.203087019515
aluminum_Region31Xinjiang_aluminum_Region25Yunnan,0.0,0.0,2605.2693829211007,0.0,0.0,0.0,0.0,2605.2693829211007
aluminum_Region31Xinjiang_aluminum_Region27Shaanxi,0.0,0.0,2605.1774739378916,0.0,0.0,0.0,0.0,2605.1774739378916
aluminum_Region31Xinjiang_aluminum_Region28Gansu,0.0,0.0,1812.6857880621344,0.0,0.0,0.0,0.0,1812.6857880621344
aluminum_Region31Xinjiang_aluminum_Region29Qinghai,0.0,0.0,2222.8964997363682,0.0,0.0,0.0,0.0,2222.8964997363682
aluminum_Region31Xinjiang_aluminum_Region30Ningxia,0.0,0.0,2533.514753142357,0.0,0.0,0.0,0.0,2533.514753142357
aluminumscrap_source_Region1Beijing_aluminumscrap_source_Region2Tianjin,0.0,0.0,540580.7561850857,0.0,0.0,0.0,0.0,540580.7561850857
aluminumscrap_source_Region1Beijing_aluminumscrap_source_Region3Hebei,0.0,0.0,503349.6984111905,0.0,0.0,0.0,0.0,503349.6984111905
aluminumscrap_source_Region1Beijing_aluminumscrap_source_Region4Shanxi,0.0,0.0,555987.3768915093,0.0,0.0,0.0,0.0,555987.3768915093
aluminumscrap_source_Region1Beijing_aluminumscrap_source_Region5Innermongolia,0.0,0.0,565473.9272448695,0.0,0.0,0.0,0.0,565473.9272448695
aluminumscrap_source_Region1Beijing_aluminumscrap_source_Region6Liaoning,0.0,0.0,576775.7561914827,0.0,0.0,0.0,0.0,576775.7561914827
aluminumscrap_source_Region1Beijing_aluminumscrap_source_Region7Jilin,0.0,0.0,623862.9114258919,0.0,0.0,0.0,0.0,623862.9114258919
aluminumscrap_source_Region1Beijing_aluminumscrap_source_Region8Heilongjiang,0.0,0.0,614011.3029048162,0.0,0.0,0.0,0.0,614011.3029048162
aluminumscrap_source_Region1Beijing_aluminumscrap_source_Region9Shanghai,0.0,0.0,612793.6209792631,0.0,0.0,0.0,0.0,612793.6209792631
aluminumscrap_source_Region1Beijing_aluminumscrap_source_Region10Jiangsu,0.0,0.0,588040.545042481,0.0,0.0,0.0,0.0,588040.545042481
aluminumscrap_source_Region1Beijing_aluminumscrap_source_Region11Zhejiang,0.0,0.0,600767.8685116221,0.0,0.0,0.0,0.0,600767.8685116221
aluminumscrap_source_Region1Beijing_aluminumscrap_source_Region12Anhui,0.0,0.0,593281.9553656164,0.0,0.0,0.0,0.0,593281.9553656164
aluminumscrap_source_Region1Beijing_aluminumscrap_source_Region13Fujian,0.0,0.0,610722.6367370588,0.0,0.0,0.0,0.0,610722.6367370588
aluminumscrap_source_Region1Beijing_aluminumscrap_source_Region14Jiangxi,0.0,0.0,618959.6194983071,0.0,0.0,0.0,0.0,618959.6194983071
aluminumscrap_source_Region1Beijing_aluminumscrap_source_Region15Shandong,0.0,0.0,529105.4277991905,0.0,0.0,0.0,0.0,529105.4277991905
aluminumscrap_source_Region1Beijing_aluminumscrap_source_Region16Henan,0.0,0.0,570525.6917434066,0.0,0.0,0.0,0.0,570525.6917434066
aluminumscrap_source_Region1Beijing_aluminumscrap_source_Region17Hubei,0.0,0.0,595933.1107959398,0.0,0.0,0.0,0.0,595933.1107959398
aluminumscrap_source_Region1Beijing_aluminumscrap_source_Region18Hunan,0.0,0.0,677624.1568587248,0.0,0.0,0.0,0.0,677624.1568587248
aluminumscrap_source_Region1Beijing_aluminumscrap_source_Region19Guangdong,0.0,0.0,606692.3863021615,0.0,0.0,0.0,0.0,606692.3863021615
aluminumscrap_source_Region1Beijing_aluminumscrap_source_Region20Guangxi,0.0,0.0,706911.7340420252,0.0,0.0,0.0,0.0,706911.7340420252
aluminumscrap_source_Region1Beijing_aluminumscrap_source_Region21Hainan,0.0,0.0,716502.8124120787,0.0,0.0,0.0,0.0,716502.8124120787
aluminumscrap_source_Region1Beijing_aluminumscrap_source_Region22Chongqing,0.0,0.0,614498.1485116851,0.0,0.0,0.0,0.0,614498.1485116851
aluminumscrap_source_Region1Beijing_aluminumscrap_source_Region23Sichuan,0.0,0.0,611676.9443190573,0.0,0.0,0.0,0.0,611676.9443190573
aluminumscrap_source_Region1Beijing_aluminumscrap_source_Region24Guizhou,0.0,0.0,658533.0446246329,0.0,0.0,0.0,0.0,658533.0446246329
aluminumscrap_source_Region1Beijing_aluminumscrap_source_Region25Yunnan,0.0,0.0,619412.2071224619,0.0,0.0,0.0,0.0,619412.2071224619
aluminumscrap_source_Region1Beijing_aluminumscrap_source_Region27Shaanxi,0.0,0.0,598773.5987288798,0.0,0.0,0.0,0.0,598773.5987288798
aluminumscrap_source_Region1Beijing_aluminumscrap_source_Region28Gansu,0.0,0.0,685005.7657703012,0.0,0.0,0.0,0.0,685005.7657703012
aluminumscrap_source_Region1Beijing_aluminumscrap_source_Region29Qinghai,0.0,0.0,609281.4566327767,0.0,0.0,0.0,0.0,609281.4566327767
aluminumscrap_source_Region1Beijing_aluminumscrap_source_Region30Ningxia,0.0,0.0,610373.8004920656,0.0,0.0,0.0,0.0,610373.8004920656
aluminumscrap_source_Region1Beijing_aluminumscrap_source_Region31Xinjiang,0.0,0.0,623091.6933533577,0.0,0.0,0.0,0.0,623091.6933533577
aluminumscrap_source_Region2Tianjin_aluminumscrap_source_Region1Beijing,0.0,0.0,556891.0695842518,0.0,0.0,0.0,0.0,556891.0695842518
aluminumscrap_source_Region2Tianjin_aluminumscrap_source_Region3Hebei,0.0,0.0,510978.0059721067,0.0,0.0,0.0,0.0,510978.0059721067
aluminumscrap_source_Region2Tianjin_aluminumscrap_source_Region4Shanxi,0.0,0.0,560475.4844837277,0.0,0.0,0.0,0.0,560475.4844837277
aluminumscrap_source_Region2Tianjin_aluminumscrap_source_Region5Innermongolia,0.0,0.0,580590.1426084534,0.0,0.0,0.0,0.0,580590.1426084534
aluminumscrap_source_Region2Tianjin_aluminumscrap_source_Region6Liaoning,0.0,0.0,576971.8465219144,0.0,0.0,0.0,0.0,576971.8465219144
aluminumscrap_source_Region2Tianjin_aluminumscrap_source_Region7Jilin,0.0,0.0,625885.7856762325,0.0,0.0,0.0,0.0,625885.7856762325
aluminumscrap_source_Region2Tianjin_aluminumscrap_source_Region8Heilongjiang,0.0,0.0,615724.4016475984,0.0,0.0,0.0,0.0,615724.4016475984
aluminumscrap_source_Region2Tianjin_aluminumscrap_source_Region9Shanghai,0.0,0.0,612059.8342188469,0.0,0.0,0.0,0.0,612059.8342188469
aluminumscrap_source_Region2Tianjin_aluminumscrap_source_Region10Jiangsu,0.0,0.0,584445.2292299967,0.0,0.0,0.0,0.0,584445.2292299967
aluminumscrap_source_Region2Tianjin_aluminumscrap_source_Region11Zhejiang,0.0,0.0,598466.4461686152,0.0,0.0,0.0,0.0,598466.4461686152
aluminumscrap_source_Region2Tianjin_aluminumscrap_source_Region12Anhui,0.0,0.0,591717.598950044,0.0,0.0,0.0,0.0,591717.598950044
aluminumscrap_source_Region2Tianjin_aluminumscrap_source_Region13Fujian,0.0,0.0,610641.6935971132,0.0,0.0,0.0,0.0,610641.6935971132
aluminumscrap_source_Region2Tianjin_aluminumscrap_source_Region14Jiangxi,0.0,0.0,619760.3419099682,0.0,0.0,0.0,0.0,619760.3419099682
aluminumscrap_source_Region2Tianjin_aluminumscrap_source_Region15Shandong,0.0,0.0,508482.51809763,0.0,0.0,0.0,0.0,508482.51809763
aluminumscrap_source_Region2Tianjin_aluminumscrap_source_Region16Henan,0.0,0.0,571728.2509682225,0.0,0.0,0.0,0.0,571728.2509682225
aluminumscrap_source_Region2Tianjin_aluminumscrap_source_Region17Hubei,0.0,0.0,596987.019274145,0.0,0.0,0.0,0.0,596987.019274145
aluminumscrap_source_Region2Tianjin_aluminumscrap_source_Region18Hunan,0.0,0.0,680619.8065901666,0.0,0.0,0.0,0.0,680619.8065901666
aluminumscrap_source_Region2Tianjin_aluminumscrap_source_Region19Guangdong,0.0,0.0,607865.4379551613,0.0,0.0,0.0,0.0,607865.4379551613
aluminumscrap_source_Region2Tianjin_aluminumscrap_source_Region20Guangxi,0.0,0.0,710080.083382698,0.0,0.0,0.0,0.0,710080.083382698
aluminumscrap_source_Region2Tianjin_aluminumscrap_source_Region21Hainan,0.0,0.0,719585.1036866357,0.0,0.0,0.0,0.0,719585.1036866357
aluminumscrap_source_Region2Tianjin_aluminumscrap_source_Region22Chongqing,0.0,0.0,616480.2335517755,0.0,0.0,0.0,0.0,616480.2335517755
aluminumscrap_source_Region2Tianjin_aluminumscrap_source_Region23Sichuan,0.0,0.0,613541.4475438811,0.0,0.0,0.0,0.0,613541.4475438811
aluminumscrap_source_Region2Tianjin_aluminumscrap_source_Region24Guizhou,0.0,0.0,660698.9242400763,0.0,0.0,0.0,0.0,660698.9242400763
aluminumscrap_source_Region2Tianjin_aluminumscrap_source_Region25Yunnan,0.0,0.0,621037.9166693498,0.0,0.0,0.0,0.0,621037.9166693498
aluminumscrap_source_Region2Tianjin_aluminumscrap_source_Region27Shaanxi,0.0,0.0,601214.0618552179,0.0,0.0,0.0,0.0,601214.0618552179
aluminumscrap_source_Region2Tianjin_aluminumscrap_source_Region28Gansu,0.0,0.0,685726.9253101508,0.0,0.0,0.0,0.0,685726.9253101508
aluminumscrap_source_Region2Tianjin_aluminumscrap_source_Region29Qinghai,0.0,0.0,611725.418358202,0.0,0.0,0.0,0.0,611725.418358202
aluminumscrap_source_Region2Tianjin_aluminumscrap_source_Region30Ningxia,0.0,0.0,613469.0980012533,0.0,0.0,0.0,0.0,613469.0980012533
aluminumscrap_source_Region2Tianjin_aluminumscrap_source_Region31Xinjiang,0.0,0.0,624863.4069709295,0.0,0.0,0.0,0.0,624863.4069709295
aluminumscrap_source_Region3Hebei_aluminumscrap_source_Region1Beijing,0.0,0.0,691890.7915561914,0.0,0.0,0.0,0.0,691890.7915561914
aluminumscrap_source_Region3Hebei_aluminumscrap_source_Region2Tianjin,0.0,0.0,683625.7033697988,0.0,0.0,0.0,0.0,683625.7033697988
aluminumscrap_source_Region3Hebei_aluminumscrap_source_Region4Shanxi,0.0,0.0,589402.32913449,0.0,0.0,0.0,0.0,589402.32913449
aluminumscrap_source_Region3Hebei_aluminumscrap_source_Region5Innermongolia,0.0,0.0,623315.0890584833,0.0,0.0,0.0,0.0,623315.0890584833
aluminumscrap_source_Region3Hebei_aluminumscrap_source_Region6Liaoning,0.0,0.0,622031.4180875296,0.0,0.0,0.0,0.0,622031.4180875296
aluminumscrap_source_Region3Hebei_aluminumscrap_source_Region7Jilin,0.0,0.0,652261.0222339404,0.0,0.0,0.0,0.0,652261.0222339404
aluminumscrap_source_Region3Hebei_aluminumscrap_source_Region8Heilongjiang,0.0,0.0,638733.3943483753,0.0,0.0,0.0,0.0,638733.3943483753
aluminumscrap_source_Region3Hebei_aluminumscrap_source_Region9Shanghai,0.0,0.0,636860.02566553,0.0,0.0,0.0,0.0,636860.02566553
aluminumscrap_source_Region3Hebei_aluminumscrap_source_Region10Jiangsu,0.0,0.0,612206.9400408645,0.0,0.0,0.0,0.0,612206.9400408645
aluminumscrap_source_Region3Hebei_aluminumscrap_source_Region11Zhejiang,0.0,0.0,621681.7008558805,0.0,0.0,0.0,0.0,621681.7008558805
aluminumscrap_source_Region3Hebei_aluminumscrap_source_Region12Anhui,0.0,0.0,617356.7189483047,0.0,0.0,0.0,0.0,617356.7189483047
aluminumscrap_source_Region3Hebei_aluminumscrap_source_Region13Fujian,0.0,0.0,625293.6586918789,0.0,0.0,0.0,0.0,625293.6586918789
aluminumscrap_source_Region3Hebei_aluminumscrap_source_Region14Jiangxi,0.0,0.0,640167.9711966362,0.0,0.0,0.0,0.0,640167.9711966362
aluminumscrap_source_Region3Hebei_aluminumscrap_source_Region15Shandong,0.0,0.0,577697.6774455887,0.0,0.0,0.0,0.0,577697.6774455887
aluminumscrap_source_Region3Hebei_aluminumscrap_source_Region16Henan,0.0,0.0,591285.3291997627,0.0,0.0,0.0,0.0,591285.3291997627
aluminumscrap_source_Region3Hebei_aluminumscrap_source_Region17Hubei,0.0,0.0,614753.8954480281,0.0,0.0,0.0,0.0,614753.8954480281
aluminumscrap_source_Region3Hebei_aluminumscrap_source_Region18Hunan,0.0,0.0,719857.5563368239,0.0,0.0,0.0,0.0,719857.5563368239
aluminumscrap_source_Region3Hebei_aluminumscrap_source_Region19Guangdong,0.0,0.0,617723.5573231156,0.0,0.0,0.0,0.0,617723.5573231156
aluminumscrap_source_Region3Hebei_aluminumscrap_source_Region20Guangxi,0.0,0.0,738191.1389381944,0.0,0.0,0.0,0.0,738191.1389381944
aluminumscrap_source_Region3Hebei_aluminumscrap_source_Region21Hainan,0.0,0.0,745866.7752698318,0.0,0.0,0.0,0.0,745866.7752698318
aluminumscrap_source_Region3Hebei_aluminumscrap_source_Region22Chongqing,0.0,0.0,629626.9576405782,0.0,0.0,0.0,0.0,629626.9576405782
aluminumscrap_source_Region3Hebei_aluminumscrap_source_Region23Sichuan,0.0,0.0,626015.4672259474,0.0,0.0,0.0,0.0,626015.4672259474
aluminumscrap_source_Region3Hebei_aluminumscrap_source_Region24Guizhou,0.0,0.0,680965.717986177,0.0,0.0,0.0,0.0,680965.717986177
aluminumscrap_source_Region3Hebei_aluminumscrap_source_Region25Yunnan,0.0,0.0,630953.9872617787,0.0,0.0,0.0,0.0,630953.9872617787
aluminumscrap_source_Region3Hebei_aluminumscrap_source_Region27Shaanxi,0.0,0.0,618898.5740011049,0.0,0.0,0.0,0.0,618898.5740011049
aluminumscrap_source_Region3Hebei_aluminumscrap_source_Region28Gansu,0.0,0.0,728087.0935662929,0.0,0.0,0.0,0.0,728087.0935662929
aluminumscrap_source_Region3Hebei_aluminumscrap_source_Region29Qinghai,0.0,0.0,624574.7086393009,0.0,0.0,0.0,0.0,624574.7086393009
aluminumscrap_source_Region3Hebei_aluminumscrap_source_Region30Ningxia,0.0,0.0,636393.9365706107,0.0,0.0,0.0,0.0,636393.9365706107
aluminumscrap_source_Region3Hebei_aluminumscrap_source_Region31Xinjiang,0.0,0.0,634087.870039472,0.0,0.0,0.0,0.0,634087.870039472
aluminumscrap_source_Region4Shanxi_aluminumscrap_source_Region1Beijing,0.0,0.0,652348.730362152,0.0,0.0,0.0,0.0,652348.730362152
aluminumscrap_source_Region4Shanxi_aluminumscrap_source_Region2Tianjin,0.0,0.0,648393.4986943357,0.0,0.0,0.0,0.0,648393.4986943357
aluminumscrap_source_Region4Shanxi_aluminumscrap_source_Region3Hebei,0.0,0.0,554600.898552997,0.0,0.0,0.0,0.0,554600.898552997
aluminumscrap_source_Region4Shanxi_aluminumscrap_source_Region5Innermongolia,0.0,0.0,609262.2673852793,0.0,0.0,0.0,0.0,609262.2673852793
aluminumscrap_source_Region4Shanxi_aluminumscrap_source_Region6Liaoning,0.0,0.0,621189.2730489795,0.0,0.0,0.0,0.0,621189.2730489795
aluminumscrap_source_Region4Shanxi_aluminumscrap_source_Region7Jilin,0.0,0.0,647046.4929792578,0.0,0.0,0.0,0.0,647046.4929792578
aluminumscrap_source_Region4Shanxi_aluminumscrap_source_Region8Heilongjiang,0.0,0.0,636006.4788856875,0.0,0.0,0.0,0.0,636006.4788856875
aluminumscrap_source_Region4Shanxi_aluminumscrap_source_Region9Shanghai,0.0,0.0,633449.7507374776,0.0,0.0,0.0,0.0,633449.7507374776
aluminumscrap_source_Region4Shanxi_aluminumscrap_source_Region10Jiangsu,0.0,0.0,613325.6295141911,0.0,0.0,0.0,0.0,613325.6295141911
aluminumscrap_source_Region4Shanxi_aluminumscrap_source_Region11Zhejiang,0.0,0.0,621287.2457026141,0.0,0.0,0.0,0.0,621287.2457026141
aluminumscrap_source_Region4Shanxi_aluminumscrap_source_Region12Anhui,0.0,0.0,615606.3079525621,0.0,0.0,0.0,0.0,615606.3079525621
aluminumscrap_source_Region4Shanxi_aluminumscrap_source_Region13Fujian,0.0,0.0,623345.3073162701,0.0,0.0,0.0,0.0,623345.3073162701
aluminumscrap_source_Region4Shanxi_aluminumscrap_source_Region14Jiangxi,0.0,0.0,636296.4119151055,0.0,0.0,0.0,0.0,636296.4119151055
aluminumscrap_source_Region4Shanxi_aluminumscrap_source_Region15Shandong,0.0,0.0,590077.9601286539,0.0,0.0,0.0,0.0,590077.9601286539
aluminumscrap_source_Region4Shanxi_aluminumscrap_source_Region16Henan,0.0,0.0,583716.753432949,0.0,0.0,0.0,0.0,583716.753432949
aluminumscrap_source_Region4Shanxi_aluminumscrap_source_Region17Hubei,0.0,0.0,611300.2864748094,0.0,0.0,0.0,0.0,611300.2864748094
aluminumscrap_source_Region4Shanxi_aluminumscrap_source_Region18Hunan,0.0,0.0,712912.992218653,0.0,0.0,0.0,0.0,712912.992218653
aluminumscrap_source_Region4Shanxi_aluminumscrap_source_Region19Guangdong,0.0,0.0,615492.8183762218,0.0,0.0,0.0,0.0,615492.8183762218
aluminumscrap_source_Region4Shanxi_aluminumscrap_source_Region20Guangxi,0.0,0.0,737388.5305752405,0.0,0.0,0.0,0.0,737388.5305752405
aluminumscrap_source_Region4Shanxi_aluminumscrap_source_Region21Hainan,0.0,0.0,744680.4288926354,0.0,0.0,0.0,0.0,744680.4288926354
aluminumscrap_source_Region4Shanxi_aluminumscrap_source_Region22Chongqing,0.0,0.0,624627.3088437361,0.0,0.0,0.0,0.0,624627.3088437361
aluminumscrap_source_Region4Shanxi_aluminumscrap_source_Region23Sichuan,0.0,0.0,620700.1998847849,0.0,0.0,0.0,0.0,620700.1998847849
aluminumscrap_source_Region4Shanxi_aluminumscrap_source_Region24Guizhou,0.0,0.0,681739.1162091506,0.0,0.0,0.0,0.0,681739.1162091506
aluminumscrap_source_Region4Shanxi_aluminumscrap_source_Region25Yunnan,0.0,0.0,628149.8390317081,0.0,0.0,0.0,0.0,628149.8390317081
aluminumscrap_source_Region4Shanxi_aluminumscrap_source_Region27Shaanxi,0.0,0.0,605491.2116923184,0.0,0.0,0.0,0.0,605491.2116923184
aluminumscrap_source_Region4Shanxi_aluminumscrap_source_Region28Gansu,0.0,0.0,743537.4938140921,0.0,0.0,0.0,0.0,743537.4938140921
aluminumscrap_source_Region4Shanxi_aluminumscrap_source_Region29Qinghai,0.0,0.0,618143.7406379498,0.0,0.0,0.0,0.0,618143.7406379498
aluminumscrap_source_Region4Shanxi_aluminumscrap_source_Region30Ningxia,0.0,0.0,628612.2374360149,0.0,0.0,0.0,0.0,628612.2374360149
aluminumscrap_source_Region4Shanxi_aluminumscrap_source_Region31Xinjiang,0.0,0.0,632308.9096406478,0.0,0.0,0.0,0.0,632308.9096406478
aluminumscrap_source_Region5Innermongolia_aluminumscrap_source_Region1Beijing,0.0,0.0,638498.8186375278,0.0,0.0,0.0,0.0,638498.8186375278
aluminumscrap_source_Region5Innermongolia_aluminumscrap_source_Region2Tianjin,0.0,0.0,634527.8045888555,0.0,0.0,0.0,0.0,634527.8045888555
aluminumscrap_source_Region5Innermongolia_aluminumscrap_source_Region3Hebei,0.0,0.0,586837.1256727509,0.0,0.0,0.0,0.0,586837.1256727509
aluminumscrap_source_Region5Innermongolia_aluminumscrap_source_Region4Shanxi,0.0,0.0,579634.9761412295,0.0,0.0,0.0,0.0,579634.9761412295
aluminumscrap_source_Region5Innermongolia_aluminumscrap_source_Region6Liaoning,0.0,0.0,616425.4547737424,0.0,0.0,0.0,0.0,616425.4547737424
aluminumscrap_source_Region5Innermongolia_aluminumscrap_source_Region7Jilin,0.0,0.0,642913.7060593797,0.0,0.0,0.0,0.0,642913.7060593797
aluminumscrap_source_Region5Innermongolia_aluminumscrap_source_Region8Heilongjiang,0.0,0.0,632033.9901896764,0.0,0.0,0.0,0.0,632033.9901896764
aluminumscrap_source_Region5Innermongolia_aluminumscrap_source_Region9Shanghai,0.0,0.0,630683.6497937214,0.0,0.0,0.0,0.0,630683.6497937214
aluminumscrap_source_Region5Innermongolia_aluminumscrap_source_Region10Jiangsu,0.0,0.0,615324.8925432612,0.0,0.0,0.0,0.0,615324.8925432612
aluminumscrap_source_Region5Innermongolia_aluminumscrap_source_Region11Zhejiang,0.0,0.0,621648.0686218215,0.0,0.0,0.0,0.0,621648.0686218215
aluminumscrap_source_Region5Innermongolia_aluminumscrap_source_Region12Anhui,0.0,0.0,618346.2622010838,0.0,0.0,0.0,0.0,618346.2622010838
aluminumscrap_source_Region5Innermongolia_aluminumscrap_source_Region13Fujian,0.0,0.0,622968.0242728572,0.0,0.0,0.0,0.0,622968.0242728572
aluminumscrap_source_Region5Innermongolia_aluminumscrap_source_Region14Jiangxi,0.0,0.0,633496.6421692485,0.0,0.0,0.0,0.0,633496.6421692485
aluminumscrap_source_Region5Innermongolia_aluminumscrap_source_Region15Shandong,0.0,0.0,601510.5492187907,0.0,0.0,0.0,0.0,601510.5492187907
aluminumscrap_source_Region5Innermongolia_aluminumscrap_source_Region16Henan,0.0,0.0,601399.2252107745,0.0,0.0,0.0,0.0,601399.2252107745
aluminumscrap_source_Region5Innermongolia_aluminumscrap_source_Region17Hubei,0.0,0.0,615592.9934076288,0.0,0.0,0.0,0.0,615592.9934076288
aluminumscrap_source_Region5Innermongolia_aluminumscrap_source_Region18Hunan,0.0,0.0,687747.1988883384,0.0,0.0,0.0,0.0,687747.1988883384
aluminumscrap_source_Region5Innermongolia_aluminumscrap_source_Region19Guangdong,0.0,0.0,617149.7373843405,0.0,0.0,0.0,0.0,617149.7373843405
aluminumscrap_source_Region5Innermongolia_aluminumscrap_source_Region20Guangxi,0.0,0.0,714286.6559558259,0.0,0.0,0.0,0.0,714286.6559558259
aluminumscrap_source_Region5Innermongolia_aluminumscrap_source_Region21Hainan,0.0,0.0,722621.4881299838,0.0,0.0,0.0,0.0,722621.4881299838
aluminumscrap_source_Region5Innermongolia_aluminumscrap_source_Region22Chongqing,0.0,0.0,624276.8686660685,0.0,0.0,0.0,0.0,624276.8686660685
aluminumscrap_source_Region5Innermongolia_aluminumscrap_source_Region23Sichuan,0.0,0.0,621016.2584106197,0.0,0.0,0.0,0.0,621016.2584106197
aluminumscrap_source_Region5Innermongolia_aluminumscrap_source_Region24Guizhou,0.0,0.0,669979.4810191334,0.0,0.0,0.0,0.0,669979.4810191334
aluminumscrap_source_Region5Innermongolia_aluminumscrap_source_Region25Yunnan,0.0,0.0,626907.5519571372,0.0,0.0,0.0,0.0,626907.5519571372
aluminumscrap_source_Region5Innermongolia_aluminumscrap_source_Region27Shaanxi,0.0,0.0,612049.7939194969,0.0,0.0,0.0,0.0,612049.7939194969
aluminumscrap_source_Region5Innermongolia_aluminumscrap_source_Region28Gansu,0.0,0.0,727826.8883952599,0.0,0.0,0.0,0.0,727826.8883952599
aluminumscrap_source_Region5Innermongolia_aluminumscrap_source_Region29Qinghai,0.0,0.0,614701.717012465,0.0,0.0,0.0,0.0,614701.717012465
aluminumscrap_source_Region5Innermongolia_aluminumscrap_source_Region30Ningxia,0.0,0.0,618242.7543682134,0.0,0.0,0.0,0.0,618242.7543682134
aluminumscrap_source_Region5Innermongolia_aluminumscrap_source_Region31Xinjiang,0.0,0.0,630035.5690651417,0.0,0.0,0.0,0.0,630035.5690651417
aluminumscrap_source_Region6Liaoning_aluminumscrap_source_Region1Beijing,0.0,0.0,648667.5208833534,0.0,0.0,0.0,0.0,648667.5208833534
aluminumscrap_source_Region6Liaoning_aluminumscrap_source_Region2Tianjin,0.0,0.0,646228.6093161753,0.0,0.0,0.0,0.0,646228.6093161753
aluminumscrap_source_Region6Liaoning_aluminumscrap_source_Region3Hebei,0.0,0.0,614474.5574592627,0.0,0.0,0.0,0.0,614474.5574592627
aluminumscrap_source_Region6Liaoning_aluminumscrap_source_Region4Shanxi,0.0,0.0,622882.6852751316,0.0,0.0,0.0,0.0,622882.6852751316
aluminumscrap_source_Region6Liaoning_aluminumscrap_source_Region5Innermongolia,0.0,0.0,628183.611677653,0.0,0.0,0.0,0.0,628183.611677653
aluminumscrap_source_Region6Liaoning_aluminumscrap_source_Region7Jilin,0.0,0.0,701453.3270585584,0.0,0.0,0.0,0.0,701453.3270585584
aluminumscrap_source_Region6Liaoning_aluminumscrap_source_Region8Heilongjiang,0.0,0.0,627067.9689173636,0.0,0.0,0.0,0.0,627067.9689173636
aluminumscrap_source_Region6Liaoning_aluminumscrap_source_Region9Shanghai,0.0,0.0,635013.2941063856,0.0,0.0,0.0,0.0,635013.2941063856
aluminumscrap_source_Region6Liaoning_aluminumscrap_source_Region10Jiangsu,0.0,0.0,621311.0710247003,0.0,0.0,0.0,0.0,621311.0710247003
aluminumscrap_source_Region6Liaoning_aluminumscrap_source_Region11Zhejiang,0.0,0.0,626181.9799078549,0.0,0.0,0.0,0.0,626181.9799078549
aluminumscrap_source_Region6Liaoning_aluminumscrap_source_Region12Anhui,0.0,0.0,624735.5334136666,0.0,0.0,0.0,0.0,624735.5334136666
aluminumscrap_source_Region6Liaoning_aluminumscrap_source_Region13Fujian,0.0,0.0,626488.6695522901,0.0,0.0,0.0,0.0,626488.6695522901
aluminumscrap_source_Region6Liaoning_aluminumscrap_source_Region14Jiangxi,0.0,0.0,637701.6194889883,0.0,0.0,0.0,0.0,637701.6194889883
aluminumscrap_source_Region6Liaoning_aluminumscrap_source_Region15Shandong,0.0,0.0,612557.2563372358,0.0,0.0,0.0,0.0,612557.2563372358
aluminumscrap_source_Region6Liaoning_aluminumscrap_source_Region16Henan,0.0,0.0,620518.2435096065,0.0,0.0,0.0,0.0,620518.2435096065
aluminumscrap_source_Region6Liaoning_aluminumscrap_source_Region17Hubei,0.0,0.0,624955.882154845,0.0,0.0,0.0,0.0,624955.882154845
aluminumscrap_source_Region6Liaoning_aluminumscrap_source_Region18Hunan,0.0,0.0,679084.0916795188,0.0,0.0,0.0,0.0,679084.0916795188
aluminumscrap_source_Region6Liaoning_aluminumscrap_source_Region19Guangdong,0.0,0.0,622494.8118224049,0.0,0.0,0.0,0.0,622494.8118224049
aluminumscrap_source_Region6Liaoning_aluminumscrap_source_Region20Guangxi,0.0,0.0,700133.6063254767,0.0,0.0,0.0,0.0,700133.6063254767
aluminumscrap_source_Region6Liaoning_aluminumscrap_source_Region21Hainan,0.0,0.0,708323.0282814796,0.0,0.0,0.0,0.0,708323.0282814796
aluminumscrap_source_Region6Liaoning_aluminumscrap_source_Region22Chongqing,0.0,0.0,630458.4251701691,0.0,0.0,0.0,0.0,630458.4251701691
aluminumscrap_source_Region6Liaoning_aluminumscrap_source_Region23Sichuan,0.0,0.0,628050.606146199,0.0,0.0,0.0,0.0,628050.606146199
aluminumscrap_source_Region6Liaoning_aluminumscrap_source_Region24Guizhou,0.0,0.0,663282.0493035618,0.0,0.0,0.0,0.0,663282.0493035618
aluminumscrap_source_Region6Liaoning_aluminumscrap_source_Region25Yunnan,0.0,0.0,629735.3954644415,0.0,0.0,0.0,0.0,629735.3954644415
aluminumscrap_source_Region6Liaoning_aluminumscrap_source_Region27Shaanxi,0.0,0.0,628709.1627927895,0.0,0.0,0.0,0.0,628709.1627927895
aluminumscrap_source_Region6Liaoning_aluminumscrap_source_Region28Gansu,0.0,0.0,683564.6445576672,0.0,0.0,0.0,0.0,683564.6445576672
aluminumscrap_source_Region6Liaoning_aluminumscrap_source_Region29Qinghai,0.0,0.0,627928.265279547,0.0,0.0,0.0,0.0,627928.265279547
aluminumscrap_source_Region6Liaoning_aluminumscrap_source_Region30Ningxia,0.0,0.0,636288.9853592364,0.0,0.0,0.0,0.0,636288.9853592364
aluminumscrap_source_Region6Liaoning_aluminumscrap_source_Region31Xinjiang,0.0,0.0,631578.9153963363,0.0,0.0,0.0,0.0,631578.9153963363
aluminumscrap_source_Region7Jilin_aluminumscrap_source_Region1Beijing,0.0,0.0,613580.6781517938,0.0,0.0,0.0,0.0,613580.6781517938
aluminumscrap_source_Region7Jilin_aluminumscrap_source_Region2Tianjin,0.0,0.0,611262.6433960173,0.0,0.0,0.0,0.0,611262.6433960173
aluminumscrap_source_Region7Jilin_aluminumscrap_source_Region3Hebei,0.0,0.0,597350.5791960722,0.0,0.0,0.0,0.0,597350.5791960722
aluminumscrap_source_Region7Jilin_aluminumscrap_source_Region4Shanxi,0.0,0.0,605919.2604279576,0.0,0.0,0.0,0.0,605919.2604279576
aluminumscrap_source_Region7Jilin_aluminumscrap_source_Region5Innermongolia,0.0,0.0,608348.8188733725,0.0,0.0,0.0,0.0,608348.8188733725
aluminumscrap_source_Region7Jilin_aluminumscrap_source_Region6Liaoning,0.0,0.0,500170.7593631992,0.0,0.0,0.0,0.0,500170.7593631992
aluminumscrap_source_Region7Jilin_aluminumscrap_source_Region8Heilongjiang,0.0,0.0,520312.5559912505,0.0,0.0,0.0,0.0,520312.5559912505
aluminumscrap_source_Region7Jilin_aluminumscrap_source_Region9Shanghai,0.0,0.0,619431.8054423122,0.0,0.0,0.0,0.0,619431.8054423122
aluminumscrap_source_Region7Jilin_aluminumscrap_source_Region10Jiangsu,0.0,0.0,607430.5659289331,0.0,0.0,0.0,0.0,607430.5659289331
aluminumscrap_source_Region7Jilin_aluminumscrap_source_Region11Zhejiang,0.0,0.0,612980.2885124105,0.0,0.0,0.0,0.0,612980.2885124105
aluminumscrap_source_Region7Jilin_aluminumscrap_source_Region12Anhui,0.0,0.0,610216.7156153793,0.0,0.0,0.0,0.0,610216.7156153793
aluminumscrap_source_Region7Jilin_aluminumscrap_source_Region13Fujian,0.0,0.0,615152.576273121,0.0,0.0,0.0,0.0,615152.576273121
aluminumscrap_source_Region7Jilin_aluminumscrap_source_Region14Jiangxi,0.0,0.0,623298.9550143916,0.0,0.0,0.0,0.0,623298.9550143916
aluminumscrap_source_Region7Jilin_aluminumscrap_source_Region15Shandong,0.0,0.0,595906.0342235357,0.0,0.0,0.0,0.0,595906.0342235357
aluminumscrap_source_Region7Jilin_aluminumscrap_source_Region16Henan,0.0,0.0,605560.8240978415,0.0,0.0,0.0,0.0,605560.8240978415
aluminumscrap_source_Region7Jilin_aluminumscrap_source_Region17Hubei,0.0,0.0,611851.4471754655,0.0,0.0,0.0,0.0,611851.4471754655
aluminumscrap_source_Region7Jilin_aluminumscrap_source_Region18Hunan,0.0,0.0,658195.5605996762,0.0,0.0,0.0,0.0,658195.5605996762
aluminumscrap_source_Region7Jilin_aluminumscrap_source_Region19Guangdong,0.0,0.0,613171.3296056837,0.0,0.0,0.0,0.0,613171.3296056837
aluminumscrap_source_Region7Jilin_aluminumscrap_source_Region20Guangxi,0.0,0.0,680836.0863266003,0.0,0.0,0.0,0.0,680836.0863266003
aluminumscrap_source_Region7Jilin_aluminumscrap_source_Region21Hainan,0.0,0.0,689410.3819369667,0.0,0.0,0.0,0.0,689410.3819369667
aluminumscrap_source_Region7Jilin_aluminumscrap_source_Region22Chongqing,0.0,0.0,619041.9155392867,0.0,0.0,0.0,0.0,619041.9155392867
aluminumscrap_source_Region7Jilin_aluminumscrap_source_Region23Sichuan,0.0,0.0,616973.0094258225,0.0,0.0,0.0,0.0,616973.0094258225
aluminumscrap_source_Region7Jilin_aluminumscrap_source_Region24Guizhou,0.0,0.0,648213.6258399552,0.0,0.0,0.0,0.0,648213.6258399552
aluminumscrap_source_Region7Jilin_aluminumscrap_source_Region25Yunnan,0.0,0.0,620239.1953823101,0.0,0.0,0.0,0.0,620239.1953823101
aluminumscrap_source_Region7Jilin_aluminumscrap_source_Region27Shaanxi,0.0,0.0,614989.802394287,0.0,0.0,0.0,0.0,614989.802394287
aluminumscrap_source_Region7Jilin_aluminumscrap_source_Region28Gansu,0.0,0.0,662170.7035082421,0.0,0.0,0.0,0.0,662170.7035082421
aluminumscrap_source_Region7Jilin_aluminumscrap_source_Region29Qinghai,0.0,0.0,616528.3108914124,0.0,0.0,0.0,0.0,616528.3108914124
aluminumscrap_source_Region7Jilin_aluminumscrap_source_Region30Ningxia,0.0,0.0,620795.2159854905,0.0,0.0,0.0,0.0,620795.2159854905
aluminumscrap_source_Region7Jilin_aluminumscrap_source_Region31Xinjiang,0.0,0.0,622281.7911249979,0.0,0.0,0.0,0.0,622281.7911249979
aluminumscrap_source_Region8Heilongjiang_aluminumscrap_source_Region1Beijing,0.0,0.0,632825.467082238,0.0,0.0,0.0,0.0,632825.467082238
aluminumscrap_source_Region8Heilongjiang_aluminumscrap_source_Region2Tianjin,0.0,0.0,630717.2140055133,0.0,0.0,0.0,0.0,630717.2140055133
aluminumscrap_source_Region8Heilongjiang_aluminumscrap_source_Region3Hebei,0.0,0.0,614250.2530550846,0.0,0.0,0.0,0.0,614250.2530550846
aluminumscrap_source_Region8Heilongjiang_aluminumscrap_source_Region4Shanxi,0.0,0.0,619612.9199675184,0.0,0.0,0.0,0.0,619612.9199675184
aluminumscrap_source_Region8Heilongjiang_aluminumscrap_source_Region5Innermongolia,0.0,0.0,621969.0893451147,0.0,0.0,0.0,0.0,621969.0893451147
aluminumscrap_source_Region8Heilongjiang_aluminumscrap_source_Region6Liaoning,0.0,0.0,581069.4986015117,0.0,0.0,0.0,0.0,581069.4986015117
aluminumscrap_source_Region8Heilongjiang_aluminumscrap_source_Region7Jilin,0.0,0.0,649476.4980861563,0.0,0.0,0.0,0.0,649476.4980861563
aluminumscrap_source_Region8Heilongjiang_aluminumscrap_source_Region9Shanghai,0.0,0.0,627540.4884166869,0.0,0.0,0.0,0.0,627540.4884166869
aluminumscrap_source_Region8Heilongjiang_aluminumscrap_source_Region10Jiangsu,0.0,0.0,617942.0310182374,0.0,0.0,0.0,0.0,617942.0310182374
aluminumscrap_source_Region8Heilongjiang_aluminumscrap_source_Region11Zhejiang,0.0,0.0,621793.4448696773,0.0,0.0,0.0,0.0,621793.4448696773
aluminumscrap_source_Region8Heilongjiang_aluminumscrap_source_Region12Anhui,0.0,0.0,620272.4308666993,0.0,0.0,0.0,0.0,620272.4308666993
aluminumscrap_source_Region8Heilongjiang_aluminumscrap_source_Region13Fujian,0.0,0.0,621091.311961672,0.0,0.0,0.0,0.0,621091.311961672
aluminumscrap_source_Region8Heilongjiang_aluminumscrap_source_Region14Jiangxi,0.0,0.0,630122.1713084511,0.0,0.0,0.0,0.0,630122.1713084511
aluminumscrap_source_Region8Heilongjiang_aluminumscrap_source_Region15Shandong,0.0,0.0,613377.5740899388,0.0,0.0,0.0,0.0,613377.5740899388
aluminumscrap_source_Region8Heilongjiang_aluminumscrap_source_Region16Henan,0.0,0.0,617531.9895785603,0.0,0.0,0.0,0.0,617531.9895785603
aluminumscrap_source_Region8Heilongjiang_aluminumscrap_source_Region17Hubei,0.0,0.0,620466.4337376718,0.0,0.0,0.0,0.0,620466.4337376718
aluminumscrap_source_Region8Heilongjiang_aluminumscrap_source_Region18Hunan,0.0,0.0,661701.1752448656,0.0,0.0,0.0,0.0,661701.1752448656
aluminumscrap_source_Region8Heilongjiang_aluminumscrap_source_Region19Guangdong,0.0,0.0,618432.3326181109,0.0,0.0,0.0,0.0,618432.3326181109
aluminumscrap_source_Region8Heilongjiang_aluminumscrap_source_Region20Guangxi,0.0,0.0,681067.2046920481,0.0,0.0,0.0,0.0,681067.2046920481
aluminumscrap_source_Region8Heilongjiang_aluminumscrap_source_Region21Hainan,0.0,0.0,689023.4517199844,0.0,0.0,0.0,0.0,689023.4517199844
aluminumscrap_source_Region8Heilongjiang_aluminumscrap_source_Region22Chongqing,0.0,0.0,624436.629641012,0.0,0.0,0.0,0.0,624436.629641012
aluminumscrap_source_Region8Heilongjiang_aluminumscrap_source_Region23Sichuan,0.0,0.0,622467.2006868888,0.0,0.0,0.0,0.0,622467.2006868888
aluminumscrap_source_Region8Heilongjiang_aluminumscrap_source_Region24Guizhou,0.0,0.0,651181.2568157063,0.0,0.0,0.0,0.0,651181.2568157063
aluminumscrap_source_Region8Heilongjiang_aluminumscrap_source_Region25Yunnan,0.0,0.0,623901.7151523012,0.0,0.0,0.0,0.0,623901.7151523012
aluminumscrap_source_Region8Heilongjiang_aluminumscrap_source_Region27Shaanxi,0.0,0.0,623647.6768979293,0.0,0.0,0.0,0.0,623647.6768979293
aluminumscrap_source_Region8Heilongjiang_aluminumscrap_source_Region28Gansu,0.0,0.0,665460.6480251993,0.0,0.0,0.0,0.0,665460.6480251993
aluminumscrap_source_Region8Heilongjiang_aluminumscrap_source_Region29Qinghai,0.0,0.0,622620.389209666,0.0,0.0,0.0,0.0,622620.389209666
aluminumscrap_source_Region8Heilongjiang_aluminumscrap_source_Region30Ningxia,0.0,0.0,629091.8494265617,0.0,0.0,0.0,0.0,629091.8494265617
aluminumscrap_source_Region8Heilongjiang_aluminumscrap_source_Region31Xinjiang,0.0,0.0,625820.0392588245,0.0,0.0,0.0,0.0,625820.0392588245
aluminumscrap_source_Region9Shanghai_aluminumscrap_source_Region1Beijing,0.0,0.0,633408.7876706895,0.0,0.0,0.0,0.0,633408.7876706895
aluminumscrap_source_Region9Shanghai_aluminumscrap_source_Region2Tianjin,0.0,0.0,630181.701021518,0.0,0.0,0.0,0.0,630181.701021518
aluminumscrap_source_Region9Shanghai_aluminumscrap_source_Region3Hebei,0.0,0.0,606773.9959320158,0.0,0.0,0.0,0.0,606773.9959320158
aluminumscrap_source_Region9Shanghai_aluminumscrap_source_Region4Shanxi,0.0,0.0,615619.4224610658,0.0,0.0,0.0,0.0,615619.4224610658
aluminumscrap_source_Region9Shanghai_aluminumscrap_source_Region5Innermongolia,0.0,0.0,624452.6233663308,0.0,0.0,0.0,0.0,624452.6233663308
aluminumscrap_source_Region9Shanghai_aluminumscrap_source_Region6Liaoning,0.0,0.0,620456.4487551908,0.0,0.0,0.0,0.0,620456.4487551908
aluminumscrap_source_Region9Shanghai_aluminumscrap_source_Region7Jilin,0.0,0.0,639281.6950285176,0.0,0.0,0.0,0.0,639281.6950285176
aluminumscrap_source_Region9Shanghai_aluminumscrap_source_Region8Heilongjiang,0.0,0.0,632093.1371287701,0.0,0.0,0.0,0.0,632093.1371287701
aluminumscrap_source_Region9Shanghai_aluminumscrap_source_Region10Jiangsu,0.0,0.0,522567.59317859804,0.0,0.0,0.0,0.0,522567.59317859804
aluminumscrap_source_Region9Shanghai_aluminumscrap_source_Region11Zhejiang,0.0,0.0,479398.96881532366,0.0,0.0,0.0,0.0,479398.96881532366
aluminumscrap_source_Region9Shanghai_aluminumscrap_source_Region12Anhui,0.0,0.0,565544.228616699,0.0,0.0,0.0,0.0,565544.228616699
aluminumscrap_source_Region9Shanghai_aluminumscrap_source_Region13Fujian,0.0,0.0,588569.3363185045,0.0,0.0,0.0,0.0,588569.3363185045
aluminumscrap_source_Region9Shanghai_aluminumscrap_source_Region14Jiangxi,0.0,0.0,614269.5439872199,0.0,0.0,0.0,0.0,614269.5439872199
aluminumscrap_source_Region9Shanghai_aluminumscrap_source_Region15Shandong,0.0,0.0,592535.6020080644,0.0,0.0,0.0,0.0,592535.6020080644
aluminumscrap_source_Region9Shanghai_aluminumscrap_source_Region16Henan,0.0,0.0,599791.833197235,0.0,0.0,0.0,0.0,599791.833197235
aluminumscrap_source_Region9Shanghai_aluminumscrap_source_Region17Hubei,0.0,0.0,589745.7671099155,0.0,0.0,0.0,0.0,589745.7671099155
aluminumscrap_source_Region9Shanghai_aluminumscrap_source_Region18Hunan,0.0,0.0,712361.1541170225,0.0,0.0,0.0,0.0,712361.1541170225
aluminumscrap_source_Region9Shanghai_aluminumscrap_source_Region19Guangdong,0.0,0.0,599512.2912811883,0.0,0.0,0.0,0.0,599512.2912811883
aluminumscrap_source_Region9Shanghai_aluminumscrap_source_Region20Guangxi,0.0,0.0,739095.9270213591,0.0,0.0,0.0,0.0,739095.9270213591
aluminumscrap_source_Region9Shanghai_aluminumscrap_source_Region21Hainan,0.0,0.0,757610.407339972,0.0,0.0,0.0,0.0,757610.407339972
aluminumscrap_source_Region9Shanghai_aluminumscrap_source_Region22Chongqing,0.0,0.0,620720.0066166124,0.0,0.0,0.0,0.0,620720.0066166124
aluminumscrap_source_Region9Shanghai_aluminumscrap_source_Region23Sichuan,0.0,0.0,620394.5725161219,0.0,0.0,0.0,0.0,620394.5725161219
aluminumscrap_source_Region9Shanghai_aluminumscrap_source_Region24Guizhou,0.0,0.0,671434.5796354553,0.0,0.0,0.0,0.0,671434.5796354553
aluminumscrap_source_Region9Shanghai_aluminumscrap_source_Region25Yunnan,0.0,0.0,624695.5367855737,0.0,0.0,0.0,0.0,624695.5367855737
aluminumscrap_source_Region9Shanghai_aluminumscrap_source_Region27Shaanxi,0.0,0.0,616811.5088094367,0.0,0.0,0.0,0.0,616811.5088094367
aluminumscrap_source_Region9Shanghai_aluminumscrap_source_Region28Gansu,0.0,0.0,679892.3920895122,0.0,0.0,0.0,0.0,679892.3920895122
aluminumscrap_source_Region9Shanghai_aluminumscrap_source_Region29Qinghai,0.0,0.0,622685.5353334507,0.0,0.0,0.0,0.0,622685.5353334507
aluminumscrap_source_Region9Shanghai_aluminumscrap_source_Region30Ningxia,0.0,0.0,630128.0960593456,0.0,0.0,0.0,0.0,630128.0960593456
aluminumscrap_source_Region9Shanghai_aluminumscrap_source_Region31Xinjiang,0.0,0.0,628587.150005894,0.0,0.0,0.0,0.0,628587.150005894
aluminumscrap_source_Region10Jiangsu_aluminumscrap_source_Region1Beijing,0.0,0.0,653810.1903425697,0.0,0.0,0.0,0.0,653810.1903425697
aluminumscrap_source_Region10Jiangsu_aluminumscrap_source_Region2Tianjin,0.0,0.0,652946.1722773005,0.0,0.0,0.0,0.0,652946.1722773005
aluminumscrap_source_Region10Jiangsu_aluminumscrap_source_Region3Hebei,0.0,0.0,620784.6070932247,0.0,0.0,0.0,0.0,620784.6070932247
aluminumscrap_source_Region10Jiangsu_aluminumscrap_source_Region4Shanxi,0.0,0.0,628821.3676080409,0.0,0.0,0.0,0.0,628821.3676080409
aluminumscrap_source_Region10Jiangsu_aluminumscrap_source_Region5Innermongolia,0.0,0.0,636008.8787064237,0.0,0.0,0.0,0.0,636008.8787064237
aluminumscrap_source_Region10Jiangsu_aluminumscrap_source_Region6Liaoning,0.0,0.0,631544.0981942887,0.0,0.0,0.0,0.0,631544.0981942887
aluminumscrap_source_Region10Jiangsu_aluminumscrap_source_Region7Jilin,0.0,0.0,650809.7379464185,0.0,0.0,0.0,0.0,650809.7379464185
aluminumscrap_source_Region10Jiangsu_aluminumscrap_source_Region8Heilongjiang,0.0,0.0,641159.1585203885,0.0,0.0,0.0,0.0,641159.1585203885
aluminumscrap_source_Region10Jiangsu_aluminumscrap_source_Region9Shanghai,0.0,0.0,661235.6020776344,0.0,0.0,0.0,0.0,661235.6020776344
aluminumscrap_source_Region10Jiangsu_aluminumscrap_source_Region11Zhejiang,0.0,0.0,585940.6706800943,0.0,0.0,0.0,0.0,585940.6706800943
aluminumscrap_source_Region10Jiangsu_aluminumscrap_source_Region12Anhui,0.0,0.0,589848.0262935419,0.0,0.0,0.0,0.0,589848.0262935419
aluminumscrap_source_Region10Jiangsu_aluminumscrap_source_Region13Fujian,0.0,0.0,617070.5764360246,0.0,0.0,0.0,0.0,617070.5764360246
aluminumscrap_source_Region10Jiangsu_aluminumscrap_source_Region14Jiangxi,0.0,0.0,648596.8840737226,0.0,0.0,0.0,0.0,648596.8840737226
aluminumscrap_source_Region10Jiangsu_aluminumscrap_source_Region15Shandong,0.0,0.0,610278.2068939022,0.0,0.0,0.0,0.0,610278.2068939022
aluminumscrap_source_Region10Jiangsu_aluminumscrap_source_Region16Henan,0.0,0.0,612806.7584753826,0.0,0.0,0.0,0.0,612806.7584753826
aluminumscrap_source_Region10Jiangsu_aluminumscrap_source_Region17Hubei,0.0,0.0,605725.826332768,0.0,0.0,0.0,0.0,605725.826332768
aluminumscrap_source_Region10Jiangsu_aluminumscrap_source_Region18Hunan,0.0,0.0,770574.6186088773,0.0,0.0,0.0,0.0,770574.6186088773
aluminumscrap_source_Region10Jiangsu_aluminumscrap_source_Region19Guangdong,0.0,0.0,611616.2422520893,0.0,0.0,0.0,0.0,611616.2422520893
aluminumscrap_source_Region10Jiangsu_aluminumscrap_source_Region20Guangxi,0.0,0.0,766756.9085384753,0.0,0.0,0.0,0.0,766756.9085384753
aluminumscrap_source_Region10Jiangsu_aluminumscrap_source_Region21Hainan,0.0,0.0,778374.6978074,0.0,0.0,0.0,0.0,778374.6978074
aluminumscrap_source_Region10Jiangsu_aluminumscrap_source_Region22Chongqing,0.0,0.0,631825.1266551893,0.0,0.0,0.0,0.0,631825.1266551893
aluminumscrap_source_Region10Jiangsu_aluminumscrap_source_Region23Sichuan,0.0,0.0,629490.7000021355,0.0,0.0,0.0,0.0,629490.7000021355
aluminumscrap_source_Region10Jiangsu_aluminumscrap_source_Region24Guizhou,0.0,0.0,691459.4883911697,0.0,0.0,0.0,0.0,691459.4883911697
aluminumscrap_source_Region10Jiangsu_aluminumscrap_source_Region25Yunnan,0.0,0.0,632678.7618789066,0.0,0.0,0.0,0.0,632678.7618789066
aluminumscrap_source_Region10Jiangsu_aluminumscrap_source_Region27Shaanxi,0.0,0.0,628483.7333538777,0.0,0.0,0.0,0.0,628483.7333538777
aluminumscrap_source_Region10Jiangsu_aluminumscrap_source_Region28Gansu,0.0,0.0,701728.0012463226,0.0,0.0,0.0,0.0,701728.0012463226
aluminumscrap_source_Region10Jiangsu_aluminumscrap_source_Region29Qinghai,0.0,0.0,630617.964243965,0.0,0.0,0.0,0.0,630617.964243965
aluminumscrap_source_Region10Jiangsu_aluminumscrap_source_Region30Ningxia,0.0,0.0,640970.1302568326,0.0,0.0,0.0,0.0,640970.1302568326
aluminumscrap_source_Region10Jiangsu_aluminumscrap_source_Region31Xinjiang,0.0,0.0,633734.1032532287,0.0,0.0,0.0,0.0,633734.1032532287
aluminumscrap_source_Region11Zhejiang_aluminumscrap_source_Region1Beijing,0.0,0.0,648090.6356620801,0.0,0.0,0.0,0.0,648090.6356620801
aluminumscrap_source_Region11Zhejiang_aluminumscrap_source_Region2Tianjin,0.0,0.0,646834.9589648745,0.0,0.0,0.0,0.0,646834.9589648745
aluminumscrap_source_Region11Zhejiang_aluminumscrap_source_Region3Hebei,0.0,0.0,622331.8967823922,0.0,0.0,0.0,0.0,622331.8967823922
aluminumscrap_source_Region11Zhejiang_aluminumscrap_source_Region4Shanxi,0.0,0.0,628311.9305267303,0.0,0.0,0.0,0.0,628311.9305267303
aluminumscrap_source_Region11Zhejiang_aluminumscrap_source_Region5Innermongolia,0.0,0.0,633737.7068483281,0.0,0.0,0.0,0.0,633737.7068483281
aluminumscrap_source_Region11Zhejiang_aluminumscrap_source_Region6Liaoning,0.0,0.0,629828.2084886803,0.0,0.0,0.0,0.0,629828.2084886803
aluminumscrap_source_Region11Zhejiang_aluminumscrap_source_Region7Jilin,0.0,0.0,646585.9808137161,0.0,0.0,0.0,0.0,646585.9808137161
aluminumscrap_source_Region11Zhejiang_aluminumscrap_source_Region8Heilongjiang,0.0,0.0,638190.0263519532,0.0,0.0,0.0,0.0,638190.0263519532
aluminumscrap_source_Region11Zhejiang_aluminumscrap_source_Region9Shanghai,0.0,0.0,693859.3249564375,0.0,0.0,0.0,0.0,693859.3249564375
aluminumscrap_source_Region11Zhejiang_aluminumscrap_source_Region10Jiangsu,0.0,0.0,572082.1611138467,0.0,0.0,0.0,0.0,572082.1611138467
aluminumscrap_source_Region11Zhejiang_aluminumscrap_source_Region12Anhui,0.0,0.0,600151.7750158743,0.0,0.0,0.0,0.0,600151.7750158743
aluminumscrap_source_Region11Zhejiang_aluminumscrap_source_Region13Fujian,0.0,0.0,604729.3940574162,0.0,0.0,0.0,0.0,604729.3940574162
aluminumscrap_source_Region11Zhejiang_aluminumscrap_source_Region14Jiangxi,0.0,0.0,645201.1834332948,0.0,0.0,0.0,0.0,645201.1834332948
aluminumscrap_source_Region11Zhejiang_aluminumscrap_source_Region15Shandong,0.0,0.0,614651.7540820806,0.0,0.0,0.0,0.0,614651.7540820806
aluminumscrap_source_Region11Zhejiang_aluminumscrap_source_Region16Henan,0.0,0.0,616908.456898101,0.0,0.0,0.0,0.0,616908.456898101
aluminumscrap_source_Region11Zhejiang_aluminumscrap_source_Region17Hubei,0.0,0.0,608816.9413201964,0.0,0.0,0.0,0.0,608816.9413201964
aluminumscrap_source_Region11Zhejiang_aluminumscrap_source_Region18Hunan,0.0,0.0,763894.3141369014,0.0,0.0,0.0,0.0,763894.3141369014
aluminumscrap_source_Region11Zhejiang_aluminumscrap_source_Region19Guangdong,0.0,0.0,606190.0095039285,0.0,0.0,0.0,0.0,606190.0095039285
aluminumscrap_source_Region11Zhejiang_aluminumscrap_source_Region20Guangxi,0.0,0.0,766671.0542932224,0.0,0.0,0.0,0.0,766671.0542932224
aluminumscrap_source_Region11Zhejiang_aluminumscrap_source_Region21Hainan,0.0,0.0,786143.2094593691,0.0,0.0,0.0,0.0,786143.2094593691
aluminumscrap_source_Region11Zhejiang_aluminumscrap_source_Region22Chongqing,0.0,0.0,629789.8371930312,0.0,0.0,0.0,0.0,629789.8371930312
aluminumscrap_source_Region11Zhejiang_aluminumscrap_source_Region23Sichuan,0.0,0.0,627566.0973416928,0.0,0.0,0.0,0.0,627566.0973416928
aluminumscrap_source_Region11Zhejiang_aluminumscrap_source_Region24Guizhou,0.0,0.0,685840.2498873242,0.0,0.0,0.0,0.0,685840.2498873242
aluminumscrap_source_Region11Zhejiang_aluminumscrap_source_Region25Yunnan,0.0,0.0,630240.7397491721,0.0,0.0,0.0,0.0,630240.7397491721
aluminumscrap_source_Region11Zhejiang_aluminumscrap_source_Region27Shaanxi,0.0,0.0,627824.69264494,0.0,0.0,0.0,0.0,627824.69264494
aluminumscrap_source_Region11Zhejiang_aluminumscrap_source_Region28Gansu,0.0,0.0,690323.823512791,0.0,0.0,0.0,0.0,690323.823512791
aluminumscrap_source_Region11Zhejiang_aluminumscrap_source_Region29Qinghai,0.0,0.0,628681.916344224,0.0,0.0,0.0,0.0,628681.916344224
aluminumscrap_source_Region11Zhejiang_aluminumscrap_source_Region30Ningxia,0.0,0.0,638001.9440753062,0.0,0.0,0.0,0.0,638001.9440753062
aluminumscrap_source_Region11Zhejiang_aluminumscrap_source_Region31Xinjiang,0.0,0.0,630812.1082495044,0.0,0.0,0.0,0.0,630812.1082495044
aluminumscrap_source_Region12Anhui_aluminumscrap_source_Region1Beijing,0.0,0.0,648017.2710412963,0.0,0.0,0.0,0.0,648017.2710412963
aluminumscrap_source_Region12Anhui_aluminumscrap_source_Region2Tianjin,0.0,0.0,646174.8926720398,0.0,0.0,0.0,0.0,646174.8926720398
aluminumscrap_source_Region12Anhui_aluminumscrap_source_Region3Hebei,0.0,0.0,614180.6360809567,0.0,0.0,0.0,0.0,614180.6360809567
aluminumscrap_source_Region12Anhui_aluminumscrap_source_Region4Shanxi,0.0,0.0,622084.1207479772,0.0,0.0,0.0,0.0,622084.1207479772
aluminumscrap_source_Region12Anhui_aluminumscrap_source_Region5Innermongolia,0.0,0.0,632142.1790567667,0.0,0.0,0.0,0.0,632142.1790567667
aluminumscrap_source_Region12Anhui_aluminumscrap_source_Region6Liaoning,0.0,0.0,628420.2056337213,0.0,0.0,0.0,0.0,628420.2056337213
aluminumscrap_source_Region12Anhui_aluminumscrap_source_Region7Jilin,0.0,0.0,647746.5791398806,0.0,0.0,0.0,0.0,647746.5791398806
aluminumscrap_source_Region12Anhui_aluminumscrap_source_Region8Heilongjiang,0.0,0.0,638746.4566539972,0.0,0.0,0.0,0.0,638746.4566539972
aluminumscrap_source_Region12Anhui_aluminumscrap_source_Region9Shanghai,0.0,0.0,633835.3288512827,0.0,0.0,0.0,0.0,633835.3288512827
aluminumscrap_source_Region12Anhui_aluminumscrap_source_Region10Jiangsu,0.0,0.0,530267.7388861132,0.0,0.0,0.0,0.0,530267.7388861132
aluminumscrap_source_Region12Anhui_aluminumscrap_source_Region11Zhejiang,0.0,0.0,585610.0557355186,0.0,0.0,0.0,0.0,585610.0557355186
aluminumscrap_source_Region12Anhui_aluminumscrap_source_Region13Fujian,0.0,0.0,612158.2647430061,0.0,0.0,0.0,0.0,612158.2647430061
aluminumscrap_source_Region12Anhui_aluminumscrap_source_Region14Jiangxi,0.0,0.0,639706.1452521845,0.0,0.0,0.0,0.0,639706.1452521845
aluminumscrap_source_Region12Anhui_aluminumscrap_source_Region15Shandong,0.0,0.0,602920.5364838801,0.0,0.0,0.0,0.0,602920.5364838801
aluminumscrap_source_Region12Anhui_aluminumscrap_source_Region16Henan,0.0,0.0,598178.2522070324,0.0,0.0,0.0,0.0,598178.2522070324
aluminumscrap_source_Region12Anhui_aluminumscrap_source_Region17Hubei,0.0,0.0,581674.6721239653,0.0,0.0,0.0,0.0,581674.6721239653
aluminumscrap_source_Region12Anhui_aluminumscrap_source_Region18Hunan,0.0,0.0,797772.1793764388,0.0,0.0,0.0,0.0,797772.1793764388
aluminumscrap_source_Region12Anhui_aluminumscrap_source_Region19Guangdong,0.0,0.0,604556.2172269544,0.0,0.0,0.0,0.0,604556.2172269544
aluminumscrap_source_Region12Anhui_aluminumscrap_source_Region20Guangxi,0.0,0.0,777058.3542179201,0.0,0.0,0.0,0.0,777058.3542179201
aluminumscrap_source_Region12Anhui_aluminumscrap_source_Region21Hainan,0.0,0.0,788625.262048482,0.0,0.0,0.0,0.0,788625.262048482
aluminumscrap_source_Region12Anhui_aluminumscrap_source_Region22Chongqing,0.0,0.0,626473.6167047578,0.0,0.0,0.0,0.0,626473.6167047578
aluminumscrap_source_Region12Anhui_aluminumscrap_source_Region23Sichuan,0.0,0.0,625261.2252990778,0.0,0.0,0.0,0.0,625261.2252990778
aluminumscrap_source_Region12Anhui_aluminumscrap_source_Region24Guizhou,0.0,0.0,693022.3687072371,0.0,0.0,0.0,0.0,693022.3687072371
aluminumscrap_source_Region12Anhui_aluminumscrap_source_Region25Yunnan,0.0,0.0,629833.8970470392,0.0,0.0,0.0,0.0,629833.8970470392
aluminumscrap_source_Region12Anhui_aluminumscrap_source_Region27Shaanxi,0.0,0.0,620375.1064083889,0.0,0.0,0.0,0.0,620375.1064083889
aluminumscrap_source_Region12Anhui_aluminumscrap_source_Region28Gansu,0.0,0.0,705089.8259182686,0.0,0.0,0.0,0.0,705089.8259182686
aluminumscrap_source_Region12Anhui_aluminumscrap_source_Region29Qinghai,0.0,0.0,627211.0345011225,0.0,0.0,0.0,0.0,627211.0345011225
aluminumscrap_source_Region12Anhui_aluminumscrap_source_Region30Ningxia,0.0,0.0,637549.9346756255,0.0,0.0,0.0,0.0,637549.9346756255
aluminumscrap_source_Region12Anhui_aluminumscrap_source_Region31Xinjiang,0.0,0.0,632987.9281623265,0.0,0.0,0.0,0.0,632987.9281623265
aluminumscrap_source_Region13Fujian_aluminumscrap_source_Region1Beijing,0.0,0.0,647223.2004667183,0.0,0.0,0.0,0.0,647223.2004667183
aluminumscrap_source_Region13Fujian_aluminumscrap_source_Region2Tianjin,0.0,0.0,645926.0283020076,0.0,0.0,0.0,0.0,645926.0283020076
aluminumscrap_source_Region13Fujian_aluminumscrap_source_Region3Hebei,0.0,0.0,629478.6041183547,0.0,0.0,0.0,0.0,629478.6041183547
aluminumscrap_source_Region13Fujian_aluminumscrap_source_Region4Shanxi,0.0,0.0,632935.6233505495,0.0,0.0,0.0,0.0,632935.6233505495
aluminumscrap_source_Region13Fujian_aluminumscrap_source_Region5Innermongolia,0.0,0.0,636443.8768811666,0.0,0.0,0.0,0.0,636443.8768811666
aluminumscrap_source_Region13Fujian_aluminumscrap_source_Region6Liaoning,0.0,0.0,633476.6578394953,0.0,0.0,0.0,0.0,633476.6578394953
aluminumscrap_source_Region13Fujian_aluminumscrap_source_Region7Jilin,0.0,0.0,645992.6189500712,0.0,0.0,0.0,0.0,645992.6189500712
aluminumscrap_source_Region13Fujian_aluminumscrap_source_Region8Heilongjiang,0.0,0.0,639476.870718981,0.0,0.0,0.0,0.0,639476.870718981
aluminumscrap_source_Region13Fujian_aluminumscrap_source_Region9Shanghai,0.0,0.0,639046.0055449058,0.0,0.0,0.0,0.0,639046.0055449058
aluminumscrap_source_Region13Fujian_aluminumscrap_source_Region10Jiangsu,0.0,0.0,613323.3594516627,0.0,0.0,0.0,0.0,613323.3594516627
aluminumscrap_source_Region13Fujian_aluminumscrap_source_Region11Zhejiang,0.0,0.0,607081.7521884352,0.0,0.0,0.0,0.0,607081.7521884352
aluminumscrap_source_Region13Fujian_aluminumscrap_source_Region12Anhui,0.0,0.0,620358.2196108637,0.0,0.0,0.0,0.0,620358.2196108637
aluminumscrap_source_Region13Fujian_aluminumscrap_source_Region14Jiangxi,0.0,0.0,645155.9993904227,0.0,0.0,0.0,0.0,645155.9993904227
aluminumscrap_source_Region13Fujian_aluminumscrap_source_Region15Shandong,0.0,0.0,627381.5170594713,0.0,0.0,0.0,0.0,627381.5170594713
aluminumscrap_source_Region13Fujian_aluminumscrap_source_Region16Henan,0.0,0.0,625501.677547771,0.0,0.0,0.0,0.0,625501.677547771
aluminumscrap_source_Region13Fujian_aluminumscrap_source_Region17Hubei,0.0,0.0,616859.4474255807,0.0,0.0,0.0,0.0,616859.4474255807
aluminumscrap_source_Region13Fujian_aluminumscrap_source_Region18Hunan,0.0,0.0,767445.9432438749,0.0,0.0,0.0,0.0,767445.9432438749
aluminumscrap_source_Region13Fujian_aluminumscrap_source_Region19Guangdong,0.0,0.0,593912.6275485961,0.0,0.0,0.0,0.0,593912.6275485961
aluminumscrap_source_Region13Fujian_aluminumscrap_source_Region20Guangxi,0.0,0.0,798538.0703959597,0.0,0.0,0.0,0.0,798538.0703959597
aluminumscrap_source_Region13Fujian_aluminumscrap_source_Region21Hainan,0.0,0.0,846188.6674010976,0.0,0.0,0.0,0.0,846188.6674010976
aluminumscrap_source_Region13Fujian_aluminumscrap_source_Region22Chongqing,0.0,0.0,632341.8681206029,0.0,0.0,0.0,0.0,632341.8681206029
aluminumscrap_source_Region13Fujian_aluminumscrap_source_Region23Sichuan,0.0,0.0,630441.0456463099,0.0,0.0,0.0,0.0,630441.0456463099
aluminumscrap_source_Region13Fujian_aluminumscrap_source_Region24Guizhou,0.0,0.0,692381.5314347366,0.0,0.0,0.0,0.0,692381.5314347366
aluminumscrap_source_Region13Fujian_aluminumscrap_source_Region25Yunnan,0.0,0.0,632431.6243110572,0.0,0.0,0.0,0.0,632431.6243110572
aluminumscrap_source_Region13Fujian_aluminumscrap_source_Region27Shaanxi,0.0,0.0,632128.6850720487,0.0,0.0,0.0,0.0,632128.6850720487
aluminumscrap_source_Region13Fujian_aluminumscrap_source_Region28Gansu,0.0,0.0,684931.8542184058,0.0,0.0,0.0,0.0,684931.8542184058
aluminumscrap_source_Region13Fujian_aluminumscrap_source_Region29Qinghai,0.0,0.0,631630.7331234595,0.0,0.0,0.0,0.0,631630.7331234595
aluminumscrap_source_Region13Fujian_aluminumscrap_source_Region30Ningxia,0.0,0.0,640036.4434070956,0.0,0.0,0.0,0.0,640036.4434070956
aluminumscrap_source_Region13Fujian_aluminumscrap_source_Region31Xinjiang,0.0,0.0,632599.5422474789,0.0,0.0,0.0,0.0,632599.5422474789
aluminumscrap_source_Region14Jiangxi_aluminumscrap_source_Region1Beijing,0.0,0.0,632045.8177009835,0.0,0.0,0.0,0.0,632045.8177009835
aluminumscrap_source_Region14Jiangxi_aluminumscrap_source_Region2Tianjin,0.0,0.0,629577.0462287391,0.0,0.0,0.0,0.0,629577.0462287391
aluminumscrap_source_Region14Jiangxi_aluminumscrap_source_Region3Hebei,0.0,0.0,605879.6075196333,0.0,0.0,0.0,0.0,605879.6075196333
aluminumscrap_source_Region14Jiangxi_aluminumscrap_source_Region4Shanxi,0.0,0.0,611596.8970510901,0.0,0.0,0.0,0.0,611596.8970510901
aluminumscrap_source_Region14Jiangxi_aluminumscrap_source_Region5Innermongolia,0.0,0.0,621731.3230006848,0.0,0.0,0.0,0.0,621731.3230006848
aluminumscrap_source_Region14Jiangxi_aluminumscrap_source_Region6Liaoning,0.0,0.0,620729.5104104966,0.0,0.0,0.0,0.0,620729.5104104966
aluminumscrap_source_Region14Jiangxi_aluminumscrap_source_Region7Jilin,0.0,0.0,636479.5005328811,0.0,0.0,0.0,0.0,636479.5005328811
aluminumscrap_source_Region14Jiangxi_aluminumscrap_source_Region8Heilongjiang,0.0,0.0,630179.4485260878,0.0,0.0,0.0,0.0,630179.4485260878
aluminumscrap_source_Region14Jiangxi_aluminumscrap_source_Region9Shanghai,0.0,0.0,607000.6855385223,0.0,0.0,0.0,0.0,607000.6855385223
aluminumscrap_source_Region14Jiangxi_aluminumscrap_source_Region10Jiangsu,0.0,0.0,567985.520724236,0.0,0.0,0.0,0.0,567985.520724236
aluminumscrap_source_Region14Jiangxi_aluminumscrap_source_Region11Zhejiang,0.0,0.0,566308.3450614116,0.0,0.0,0.0,0.0,566308.3450614116
aluminumscrap_source_Region14Jiangxi_aluminumscrap_source_Region12Anhui,0.0,0.0,558664.8116946889,0.0,0.0,0.0,0.0,558664.8116946889
aluminumscrap_source_Region14Jiangxi_aluminumscrap_source_Region13Fujian,0.0,0.0,568363.7915624975,0.0,0.0,0.0,0.0,568363.7915624975
aluminumscrap_source_Region14Jiangxi_aluminumscrap_source_Region15Shandong,0.0,0.0,601378.8975198301,0.0,0.0,0.0,0.0,601378.8975198301
aluminumscrap_source_Region14Jiangxi_aluminumscrap_source_Region16Henan,0.0,0.0,590490.4285160373,0.0,0.0,0.0,0.0,590490.4285160373
aluminumscrap_source_Region14Jiangxi_aluminumscrap_source_Region17Hubei,0.0,0.0,532344.3343296187,0.0,0.0,0.0,0.0,532344.3343296187
aluminumscrap_source_Region14Jiangxi_aluminumscrap_source_Region18Hunan,0.0,0.0,1.125272156984589e6,0.0,0.0,0.0,0.0,1.125272156984589e6
aluminumscrap_source_Region14Jiangxi_aluminumscrap_source_Region19Guangdong,0.0,0.0,563051.859361639,0.0,0.0,0.0,0.0,563051.859361639
aluminumscrap_source_Region14Jiangxi_aluminumscrap_source_Region20Guangxi,0.0,0.0,818993.9372058061,0.0,0.0,0.0,0.0,818993.9372058061
aluminumscrap_source_Region14Jiangxi_aluminumscrap_source_Region21Hainan,0.0,0.0,831961.2921903129,0.0,0.0,0.0,0.0,831961.2921903129
aluminumscrap_source_Region14Jiangxi_aluminumscrap_source_Region22Chongqing,0.0,0.0,608014.8477707248,0.0,0.0,0.0,0.0,608014.8477707248
aluminumscrap_source_Region14Jiangxi_aluminumscrap_source_Region23Sichuan,0.0,0.0,611359.3402795909,0.0,0.0,0.0,0.0,611359.3402795909
aluminumscrap_source_Region14Jiangxi_aluminumscrap_source_Region24Guizhou,0.0,0.0,687757.6617308964,0.0,0.0,0.0,0.0,687757.6617308964
aluminumscrap_source_Region14Jiangxi_aluminumscrap_source_Region25Yunnan,0.0,0.0,616548.4740629072,0.0,0.0,0.0,0.0,616548.4740629072
aluminumscrap_source_Region14Jiangxi_aluminumscrap_source_Region27Shaanxi,0.0,0.0,605916.8081369706,0.0,0.0,0.0,0.0,605916.8081369706
aluminumscrap_source_Region14Jiangxi_aluminumscrap_source_Region28Gansu,0.0,0.0,684921.9283981812,0.0,0.0,0.0,0.0,684921.9283981812
aluminumscrap_source_Region14Jiangxi_aluminumscrap_source_Region29Qinghai,0.0,0.0,617816.2246700858,0.0,0.0,0.0,0.0,617816.2246700858
aluminumscrap_source_Region14Jiangxi_aluminumscrap_source_Region30Ningxia,0.0,0.0,625932.9243809541,0.0,0.0,0.0,0.0,625932.9243809541
aluminumscrap_source_Region14Jiangxi_aluminumscrap_source_Region31Xinjiang,0.0,0.0,626703.9365544402,0.0,0.0,0.0,0.0,626703.9365544402
aluminumscrap_source_Region15Shandong_aluminumscrap_source_Region1Beijing,0.0,0.0,676053.5752263019,0.0,0.0,0.0,0.0,676053.5752263019
aluminumscrap_source_Region15Shandong_aluminumscrap_source_Region2Tianjin,0.0,0.0,689402.1375120517,0.0,0.0,0.0,0.0,689402.1375120517
aluminumscrap_source_Region15Shandong_aluminumscrap_source_Region3Hebei,0.0,0.0,589110.7799777923,0.0,0.0,0.0,0.0,589110.7799777923
aluminumscrap_source_Region15Shandong_aluminumscrap_source_Region4Shanxi,0.0,0.0,612905.7775901193,0.0,0.0,0.0,0.0,612905.7775901193
aluminumscrap_source_Region15Shandong_aluminumscrap_source_Region5Innermongolia,0.0,0.0,630230.7132726258,0.0,0.0,0.0,0.0,630230.7132726258
aluminumscrap_source_Region15Shandong_aluminumscrap_source_Region6Liaoning,0.0,0.0,623281.4195266853,0.0,0.0,0.0,0.0,623281.4195266853
aluminumscrap_source_Region15Shandong_aluminumscrap_source_Region7Jilin,0.0,0.0,653586.0638100699,0.0,0.0,0.0,0.0,653586.0638100699
aluminumscrap_source_Region15Shandong_aluminumscrap_source_Region8Heilongjiang,0.0,0.0,639481.9440011306,0.0,0.0,0.0,0.0,639481.9440011306
aluminumscrap_source_Region15Shandong_aluminumscrap_source_Region9Shanghai,0.0,0.0,638233.6740712613,0.0,0.0,0.0,0.0,638233.6740712613
aluminumscrap_source_Region15Shandong_aluminumscrap_source_Region10Jiangsu,0.0,0.0,603602.3207400468,0.0,0.0,0.0,0.0,603602.3207400468
aluminumscrap_source_Region15Shandong_aluminumscrap_source_Region11Zhejiang,0.0,0.0,616218.8476729882,0.0,0.0,0.0,0.0,616218.8476729882
aluminumscrap_source_Region15Shandong_aluminumscrap_source_Region12Anhui,0.0,0.0,612540.4815326959,0.0,0.0,0.0,0.0,612540.4815326959
aluminumscrap_source_Region15Shandong_aluminumscrap_source_Region13Fujian,0.0,0.0,624418.1026215905,0.0,0.0,0.0,0.0,624418.1026215905
aluminumscrap_source_Region15Shandong_aluminumscrap_source_Region14Jiangxi,0.0,0.0,641467.9938653683,0.0,0.0,0.0,0.0,641467.9938653683
aluminumscrap_source_Region15Shandong_aluminumscrap_source_Region16Henan,0.0,0.0,597860.2883524171,0.0,0.0,0.0,0.0,597860.2883524171
aluminumscrap_source_Region15Shandong_aluminumscrap_source_Region17Hubei,0.0,0.0,614794.9957528083,0.0,0.0,0.0,0.0,614794.9957528083
aluminumscrap_source_Region15Shandong_aluminumscrap_source_Region18Hunan,0.0,0.0,723853.3884221654,0.0,0.0,0.0,0.0,723853.3884221654
aluminumscrap_source_Region15Shandong_aluminumscrap_source_Region19Guangdong,0.0,0.0,617536.200957465,0.0,0.0,0.0,0.0,617536.200957465
aluminumscrap_source_Region15Shandong_aluminumscrap_source_Region20Guangxi,0.0,0.0,739139.4564969647,0.0,0.0,0.0,0.0,739139.4564969647
aluminumscrap_source_Region15Shandong_aluminumscrap_source_Region21Hainan,0.0,0.0,747653.2980044408,0.0,0.0,0.0,0.0,747653.2980044408
aluminumscrap_source_Region15Shandong_aluminumscrap_source_Region22Chongqing,0.0,0.0,630557.8115111889,0.0,0.0,0.0,0.0,630557.8115111889
aluminumscrap_source_Region15Shandong_aluminumscrap_source_Region23Sichuan,0.0,0.0,627352.2348014876,0.0,0.0,0.0,0.0,627352.2348014876
aluminumscrap_source_Region15Shandong_aluminumscrap_source_Region24Guizhou,0.0,0.0,682121.6196015907,0.0,0.0,0.0,0.0,682121.6196015907
aluminumscrap_source_Region15Shandong_aluminumscrap_source_Region25Yunnan,0.0,0.0,631160.3877445629,0.0,0.0,0.0,0.0,631160.3877445629
aluminumscrap_source_Region15Shandong_aluminumscrap_source_Region27Shaanxi,0.0,0.0,623225.667022331,0.0,0.0,0.0,0.0,623225.667022331
aluminumscrap_source_Region15Shandong_aluminumscrap_source_Region28Gansu,0.0,0.0,713459.7802446659,0.0,0.0,0.0,0.0,713459.7802446659
aluminumscrap_source_Region15Shandong_aluminumscrap_source_Region29Qinghai,0.0,0.0,627171.6882368753,0.0,0.0,0.0,0.0,627171.6882368753
aluminumscrap_source_Region15Shandong_aluminumscrap_source_Region30Ningxia,0.0,0.0,638531.8262433885,0.0,0.0,0.0,0.0,638531.8262433885
aluminumscrap_source_Region15Shandong_aluminumscrap_source_Region31Xinjiang,0.0,0.0,633398.5047268792,0.0,0.0,0.0,0.0,633398.5047268792
aluminumscrap_source_Region16Henan_aluminumscrap_source_Region1Beijing,0.0,0.0,656349.5338875288,0.0,0.0,0.0,0.0,656349.5338875288
aluminumscrap_source_Region16Henan_aluminumscrap_source_Region2Tianjin,0.0,0.0,653956.5815000517,0.0,0.0,0.0,0.0,653956.5815000517
aluminumscrap_source_Region16Henan_aluminumscrap_source_Region3Hebei,0.0,0.0,597330.3241677409,0.0,0.0,0.0,0.0,597330.3241677409
aluminumscrap_source_Region16Henan_aluminumscrap_source_Region4Shanxi,0.0,0.0,608484.8038697416,0.0,0.0,0.0,0.0,608484.8038697416
aluminumscrap_source_Region16Henan_aluminumscrap_source_Region5Innermongolia,0.0,0.0,629997.1050655019,0.0,0.0,0.0,0.0,629997.1050655019
aluminumscrap_source_Region16Henan_aluminumscrap_source_Region6Liaoning,0.0,0.0,628644.1022476995,0.0,0.0,0.0,0.0,628644.1022476995
aluminumscrap_source_Region16Henan_aluminumscrap_source_Region7Jilin,0.0,0.0,650653.6017925015,0.0,0.0,0.0,0.0,650653.6017925015
aluminumscrap_source_Region16Henan_aluminumscrap_source_Region8Heilongjiang,0.0,0.0,640182.7651337744,0.0,0.0,0.0,0.0,640182.7651337744
aluminumscrap_source_Region16Henan_aluminumscrap_source_Region9Shanghai,0.0,0.0,638303.2546069213,0.0,0.0,0.0,0.0,638303.2546069213
aluminumscrap_source_Region16Henan_aluminumscrap_source_Region10Jiangsu,0.0,0.0,606147.7053400864,0.0,0.0,0.0,0.0,606147.7053400864
aluminumscrap_source_Region16Henan_aluminumscrap_source_Region11Zhejiang,0.0,0.0,618884.1461537005,0.0,0.0,0.0,0.0,618884.1461537005
aluminumscrap_source_Region16Henan_aluminumscrap_source_Region12Anhui,0.0,0.0,608860.5833586513,0.0,0.0,0.0,0.0,608860.5833586513
aluminumscrap_source_Region16Henan_aluminumscrap_source_Region13Fujian,0.0,0.0,623804.5357406801,0.0,0.0,0.0,0.0,623804.5357406801
aluminumscrap_source_Region16Henan_aluminumscrap_source_Region14Jiangxi,0.0,0.0,642123.338911865,0.0,0.0,0.0,0.0,642123.338911865
aluminumscrap_source_Region16Henan_aluminumscrap_source_Region15Shandong,0.0,0.0,595886.3034097033,0.0,0.0,0.0,0.0,595886.3034097033
aluminumscrap_source_Region16Henan_aluminumscrap_source_Region17Hubei,0.0,0.0,600330.0653044629,0.0,0.0,0.0,0.0,600330.0653044629
aluminumscrap_source_Region16Henan_aluminumscrap_source_Region18Hunan,0.0,0.0,776930.7258735854,0.0,0.0,0.0,0.0,776930.7258735854
aluminumscrap_source_Region16Henan_aluminumscrap_source_Region19Guangdong,0.0,0.0,612780.5523758627,0.0,0.0,0.0,0.0,612780.5523758627
aluminumscrap_source_Region16Henan_aluminumscrap_source_Region20Guangxi,0.0,0.0,770713.6964518378,0.0,0.0,0.0,0.0,770713.6964518378
aluminumscrap_source_Region16Henan_aluminumscrap_source_Region21Hainan,0.0,0.0,776139.8883575173,0.0,0.0,0.0,0.0,776139.8883575173
aluminumscrap_source_Region16Henan_aluminumscrap_source_Region22Chongqing,0.0,0.0,628382.6169785043,0.0,0.0,0.0,0.0,628382.6169785043
aluminumscrap_source_Region16Henan_aluminumscrap_source_Region23Sichuan,0.0,0.0,624048.6125774977,0.0,0.0,0.0,0.0,624048.6125774977
aluminumscrap_source_Region16Henan_aluminumscrap_source_Region24Guizhou,0.0,0.0,695492.4041406105,0.0,0.0,0.0,0.0,695492.4041406105
aluminumscrap_source_Region16Henan_aluminumscrap_source_Region25Yunnan,0.0,0.0,631222.2055147036,0.0,0.0,0.0,0.0,631222.2055147036
aluminumscrap_source_Region16Henan_aluminumscrap_source_Region27Shaanxi,0.0,0.0,609622.3746355704,0.0,0.0,0.0,0.0,609622.3746355704
aluminumscrap_source_Region16Henan_aluminumscrap_source_Region28Gansu,0.0,0.0,740954.50454003,0.0,0.0,0.0,0.0,740954.50454003
aluminumscrap_source_Region16Henan_aluminumscrap_source_Region29Qinghai,0.0,0.0,624930.6764090159,0.0,0.0,0.0,0.0,624930.6764090159
aluminumscrap_source_Region16Henan_aluminumscrap_source_Region30Ningxia,0.0,0.0,638403.0761514151,0.0,0.0,0.0,0.0,638403.0761514151
aluminumscrap_source_Region16Henan_aluminumscrap_source_Region31Xinjiang,0.0,0.0,634734.4859897794,0.0,0.0,0.0,0.0,634734.4859897794
aluminumscrap_source_Region17Hubei_aluminumscrap_source_Region1Beijing,0.0,0.0,650191.6354169833,0.0,0.0,0.0,0.0,650191.6354169833
aluminumscrap_source_Region17Hubei_aluminumscrap_source_Region2Tianjin,0.0,0.0,648211.7168051678,0.0,0.0,0.0,0.0,648211.7168051678
aluminumscrap_source_Region17Hubei_aluminumscrap_source_Region3Hebei,0.0,0.0,618814.5403465666,0.0,0.0,0.0,0.0,618814.5403465666
aluminumscrap_source_Region17Hubei_aluminumscrap_source_Region4Shanxi,0.0,0.0,624667.697589559,0.0,0.0,0.0,0.0,624667.697589559
aluminumscrap_source_Region17Hubei_aluminumscrap_source_Region5Innermongolia,0.0,0.0,634119.2096147793,0.0,0.0,0.0,0.0,634119.2096147793
aluminumscrap_source_Region17Hubei_aluminumscrap_source_Region6Liaoning,0.0,0.0,631366.6997386653,0.0,0.0,0.0,0.0,631366.6997386653
aluminumscrap_source_Region17Hubei_aluminumscrap_source_Region7Jilin,0.0,0.0,647944.2650890084,0.0,0.0,0.0,0.0,647944.2650890084
aluminumscrap_source_Region17Hubei_aluminumscrap_source_Region8Heilongjiang,0.0,0.0,639665.8547808384,0.0,0.0,0.0,0.0,639665.8547808384
aluminumscrap_source_Region17Hubei_aluminumscrap_source_Region9Shanghai,0.0,0.0,638608.3867719581,0.0,0.0,0.0,0.0,638608.3867719581
aluminumscrap_source_Region17Hubei_aluminumscrap_source_Region10Jiangsu,0.0,0.0,598583.5589904515,0.0,0.0,0.0,0.0,598583.5589904515
aluminumscrap_source_Region17Hubei_aluminumscrap_source_Region11Zhejiang,0.0,0.0,611141.2683330509,0.0,0.0,0.0,0.0,611141.2683330509
aluminumscrap_source_Region17Hubei_aluminumscrap_source_Region12Anhui,0.0,0.0,598720.4975770683,0.0,0.0,0.0,0.0,598720.4975770683
aluminumscrap_source_Region17Hubei_aluminumscrap_source_Region13Fujian,0.0,0.0,615844.3943211744,0.0,0.0,0.0,0.0,615844.3943211744
aluminumscrap_source_Region17Hubei_aluminumscrap_source_Region14Jiangxi,0.0,0.0,655999.9307992497,0.0,0.0,0.0,0.0,655999.9307992497
aluminumscrap_source_Region17Hubei_aluminumscrap_source_Region15Shandong,0.0,0.0,615526.2710929827,0.0,0.0,0.0,0.0,615526.2710929827
aluminumscrap_source_Region17Hubei_aluminumscrap_source_Region16Henan,0.0,0.0,601933.8888473915,0.0,0.0,0.0,0.0,601933.8888473915
aluminumscrap_source_Region17Hubei_aluminumscrap_source_Region18Hunan,0.0,0.0,1.4092386831512614e6,0.0,0.0,0.0,0.0,1.4092386831512614e6
aluminumscrap_source_Region17Hubei_aluminumscrap_source_Region19Guangdong,0.0,0.0,598692.075871909,0.0,0.0,0.0,0.0,598692.075871909
aluminumscrap_source_Region17Hubei_aluminumscrap_source_Region20Guangxi,0.0,0.0,840760.1787903174,0.0,0.0,0.0,0.0,840760.1787903174
aluminumscrap_source_Region17Hubei_aluminumscrap_source_Region21Hainan,0.0,0.0,836264.6570780141,0.0,0.0,0.0,0.0,836264.6570780141
aluminumscrap_source_Region17Hubei_aluminumscrap_source_Region22Chongqing,0.0,0.0,624211.7421752716,0.0,0.0,0.0,0.0,624211.7421752716
aluminumscrap_source_Region17Hubei_aluminumscrap_source_Region23Sichuan,0.0,0.0,623285.9216730085,0.0,0.0,0.0,0.0,623285.9216730085
aluminumscrap_source_Region17Hubei_aluminumscrap_source_Region24Guizhou,0.0,0.0,718308.1932150226,0.0,0.0,0.0,0.0,718308.1932150226
aluminumscrap_source_Region17Hubei_aluminumscrap_source_Region25Yunnan,0.0,0.0,629363.2822853734,0.0,0.0,0.0,0.0,629363.2822853734
aluminumscrap_source_Region17Hubei_aluminumscrap_source_Region27Shaanxi,0.0,0.0,619626.0195196719,0.0,0.0,0.0,0.0,619626.0195196719
aluminumscrap_source_Region17Hubei_aluminumscrap_source_Region28Gansu,0.0,0.0,717924.985897647,0.0,0.0,0.0,0.0,717924.985897647
aluminumscrap_source_Region17Hubei_aluminumscrap_source_Region29Qinghai,0.0,0.0,627574.4083723852,0.0,0.0,0.0,0.0,627574.4083723852
aluminumscrap_source_Region17Hubei_aluminumscrap_source_Region30Ningxia,0.0,0.0,639391.0080481902,0.0,0.0,0.0,0.0,639391.0080481902
aluminumscrap_source_Region17Hubei_aluminumscrap_source_Region31Xinjiang,0.0,0.0,633945.61666814,0.0,0.0,0.0,0.0,633945.61666814
aluminumscrap_source_Region18Hunan_aluminumscrap_source_Region1Beijing,0.0,0.0,584507.9319608608,0.0,0.0,0.0,0.0,584507.9319608608
aluminumscrap_source_Region18Hunan_aluminumscrap_source_Region2Tianjin,0.0,0.0,581984.0744477363,0.0,0.0,0.0,0.0,581984.0744477363
aluminumscrap_source_Region18Hunan_aluminumscrap_source_Region3Hebei,0.0,0.0,553668.5432343513,0.0,0.0,0.0,0.0,553668.5432343513
aluminumscrap_source_Region18Hunan_aluminumscrap_source_Region4Shanxi,0.0,0.0,558616.4861959475,0.0,0.0,0.0,0.0,558616.4861959475
aluminumscrap_source_Region18Hunan_aluminumscrap_source_Region5Innermongolia,0.0,0.0,579989.3986217552,0.0,0.0,0.0,0.0,579989.3986217552
aluminumscrap_source_Region18Hunan_aluminumscrap_source_Region6Liaoning,0.0,0.0,588775.9105367137,0.0,0.0,0.0,0.0,588775.9105367137
aluminumscrap_source_Region18Hunan_aluminumscrap_source_Region7Jilin,0.0,0.0,605998.197986409,0.0,0.0,0.0,0.0,605998.197986409
aluminumscrap_source_Region18Hunan_aluminumscrap_source_Region8Heilongjiang,0.0,0.0,603339.7476664719,0.0,0.0,0.0,0.0,603339.7476664719
aluminumscrap_source_Region18Hunan_aluminumscrap_source_Region9Shanghai,0.0,0.0,552843.3920108489,0.0,0.0,0.0,0.0,552843.3920108489
aluminumscrap_source_Region18Hunan_aluminumscrap_source_Region10Jiangsu,0.0,0.0,519499.4555293015,0.0,0.0,0.0,0.0,519499.4555293015
aluminumscrap_source_Region18Hunan_aluminumscrap_source_Region11Zhejiang,0.0,0.0,524101.36177637253,0.0,0.0,0.0,0.0,524101.36177637253
aluminumscrap_source_Region18Hunan_aluminumscrap_source_Region12Anhui,0.0,0.0,505899.33871856716,0.0,0.0,0.0,0.0,505899.33871856716
aluminumscrap_source_Region18Hunan_aluminumscrap_source_Region13Fujian,0.0,0.0,521666.5418595212,0.0,0.0,0.0,0.0,521666.5418595212
aluminumscrap_source_Region18Hunan_aluminumscrap_source_Region14Jiangxi,0.0,0.0,443045.50325152697,0.0,0.0,0.0,0.0,443045.50325152697
aluminumscrap_source_Region18Hunan_aluminumscrap_source_Region15Shandong,0.0,0.0,550639.488458476,0.0,0.0,0.0,0.0,550639.488458476
aluminumscrap_source_Region18Hunan_aluminumscrap_source_Region16Henan,0.0,0.0,516938.6304334885,0.0,0.0,0.0,0.0,516938.6304334885
aluminumscrap_source_Region18Hunan_aluminumscrap_source_Region17Hubei,0.0,0.0,409775.1800903023,0.0,0.0,0.0,0.0,409775.1800903023
aluminumscrap_source_Region18Hunan_aluminumscrap_source_Region19Guangdong,0.0,0.0,472715.42339715536,0.0,0.0,0.0,0.0,472715.42339715536
aluminumscrap_source_Region18Hunan_aluminumscrap_source_Region20Guangxi,0.0,0.0,737160.1504525249,0.0,0.0,0.0,0.0,737160.1504525249
aluminumscrap_source_Region18Hunan_aluminumscrap_source_Region21Hainan,0.0,0.0,754837.0630095073,0.0,0.0,0.0,0.0,754837.0630095073
aluminumscrap_source_Region18Hunan_aluminumscrap_source_Region22Chongqing,0.0,0.0,518144.8214193294,0.0,0.0,0.0,0.0,518144.8214193294
aluminumscrap_source_Region18Hunan_aluminumscrap_source_Region23Sichuan,0.0,0.0,546746.5038274232,0.0,0.0,0.0,0.0,546746.5038274232
aluminumscrap_source_Region18Hunan_aluminumscrap_source_Region24Guizhou,0.0,0.0,602198.199686166,0.0,0.0,0.0,0.0,602198.199686166
aluminumscrap_source_Region18Hunan_aluminumscrap_source_Region25Yunnan,0.0,0.0,560457.1644762848,0.0,0.0,0.0,0.0,560457.1644762848
aluminumscrap_source_Region18Hunan_aluminumscrap_source_Region27Shaanxi,0.0,0.0,539830.3275573115,0.0,0.0,0.0,0.0,539830.3275573115
aluminumscrap_source_Region18Hunan_aluminumscrap_source_Region28Gansu,0.0,0.0,633841.0451819701,0.0,0.0,0.0,0.0,633841.0451819701
aluminumscrap_source_Region18Hunan_aluminumscrap_source_Region29Qinghai,0.0,0.0,579544.6780117236,0.0,0.0,0.0,0.0,579544.6780117236
aluminumscrap_source_Region18Hunan_aluminumscrap_source_Region30Ningxia,0.0,0.0,581675.4549041553,0.0,0.0,0.0,0.0,581675.4549041553
aluminumscrap_source_Region18Hunan_aluminumscrap_source_Region31Xinjiang,0.0,0.0,606164.9554799556,0.0,0.0,0.0,0.0,606164.9554799556
aluminumscrap_source_Region19Guangdong_aluminumscrap_source_Region1Beijing,0.0,0.0,654875.1873117539,0.0,0.0,0.0,0.0,654875.1873117539
aluminumscrap_source_Region19Guangdong_aluminumscrap_source_Region2Tianjin,0.0,0.0,653362.1301408879,0.0,0.0,0.0,0.0,653362.1301408879
aluminumscrap_source_Region19Guangdong_aluminumscrap_source_Region3Hebei,0.0,0.0,641261.6187581564,0.0,0.0,0.0,0.0,641261.6187581564
aluminumscrap_source_Region19Guangdong_aluminumscrap_source_Region4Shanxi,0.0,0.0,643810.3455136423,0.0,0.0,0.0,0.0,643810.3455136423
aluminumscrap_source_Region19Guangdong_aluminumscrap_source_Region5Innermongolia,0.0,0.0,644070.8310187822,0.0,0.0,0.0,0.0,644070.8310187822
aluminumscrap_source_Region19Guangdong_aluminumscrap_source_Region6Liaoning,0.0,0.0,638929.4713932911,0.0,0.0,0.0,0.0,638929.4713932911
aluminumscrap_source_Region19Guangdong_aluminumscrap_source_Region7Jilin,0.0,0.0,648583.2132594219,0.0,0.0,0.0,0.0,648583.2132594219
aluminumscrap_source_Region19Guangdong_aluminumscrap_source_Region8Heilongjiang,0.0,0.0,642150.2349398719,0.0,0.0,0.0,0.0,642150.2349398719
aluminumscrap_source_Region19Guangdong_aluminumscrap_source_Region9Shanghai,0.0,0.0,655445.1141181609,0.0,0.0,0.0,0.0,655445.1141181609
aluminumscrap_source_Region19Guangdong_aluminumscrap_source_Region10Jiangsu,0.0,0.0,640268.9192832804,0.0,0.0,0.0,0.0,640268.9192832804
aluminumscrap_source_Region19Guangdong_aluminumscrap_source_Region11Zhejiang,0.0,0.0,644224.7153693434,0.0,0.0,0.0,0.0,644224.7153693434
aluminumscrap_source_Region19Guangdong_aluminumscrap_source_Region12Anhui,0.0,0.0,646058.010580414,0.0,0.0,0.0,0.0,646058.010580414
aluminumscrap_source_Region19Guangdong_aluminumscrap_source_Region13Fujian,0.0,0.0,646398.4941178423,0.0,0.0,0.0,0.0,646398.4941178423
aluminumscrap_source_Region19Guangdong_aluminumscrap_source_Region14Jiangxi,0.0,0.0,679781.2632635665,0.0,0.0,0.0,0.0,679781.2632635665
aluminumscrap_source_Region19Guangdong_aluminumscrap_source_Region15Shandong,0.0,0.0,640901.8924955385,0.0,0.0,0.0,0.0,640901.8924955385
aluminumscrap_source_Region19Guangdong_aluminumscrap_source_Region16Henan,0.0,0.0,641913.3020760103,0.0,0.0,0.0,0.0,641913.3020760103
aluminumscrap_source_Region19Guangdong_aluminumscrap_source_Region17Hubei,0.0,0.0,645143.4730218737,0.0,0.0,0.0,0.0,645143.4730218737
aluminumscrap_source_Region19Guangdong_aluminumscrap_source_Region18Hunan,0.0,0.0,864977.1390812552,0.0,0.0,0.0,0.0,864977.1390812552
aluminumscrap_source_Region19Guangdong_aluminumscrap_source_Region20Guangxi,0.0,0.0,1.6730303217380682e6,0.0,0.0,0.0,0.0,1.6730303217380682e6
aluminumscrap_source_Region19Guangdong_aluminumscrap_source_Region21Hainan,0.0,0.0,2.689742275413745e6,0.0,0.0,0.0,0.0,2.689742275413745e6
aluminumscrap_source_Region19Guangdong_aluminumscrap_source_Region22Chongqing,0.0,0.0,649994.9320283676,0.0,0.0,0.0,0.0,649994.9320283676
aluminumscrap_source_Region19Guangdong_aluminumscrap_source_Region23Sichuan,0.0,0.0,642463.0211053427,0.0,0.0,0.0,0.0,642463.0211053427
aluminumscrap_source_Region19Guangdong_aluminumscrap_source_Region24Guizhou,0.0,0.0,767408.1845249027,0.0,0.0,0.0,0.0,767408.1845249027
aluminumscrap_source_Region19Guangdong_aluminumscrap_source_Region25Yunnan,0.0,0.0,645934.1938494706,0.0,0.0,0.0,0.0,645934.1938494706
aluminumscrap_source_Region19Guangdong_aluminumscrap_source_Region27Shaanxi,0.0,0.0,645522.192644882,0.0,0.0,0.0,0.0,645522.192644882
aluminumscrap_source_Region19Guangdong_aluminumscrap_source_Region28Gansu,0.0,0.0,694306.9969603512,0.0,0.0,0.0,0.0,694306.9969603512
aluminumscrap_source_Region19Guangdong_aluminumscrap_source_Region29Qinghai,0.0,0.0,638691.5555012333,0.0,0.0,0.0,0.0,638691.5555012333
aluminumscrap_source_Region19Guangdong_aluminumscrap_source_Region30Ningxia,0.0,0.0,647928.6596077449,0.0,0.0,0.0,0.0,647928.6596077449
aluminumscrap_source_Region19Guangdong_aluminumscrap_source_Region31Xinjiang,0.0,0.0,634719.1036135838,0.0,0.0,0.0,0.0,634719.1036135838
aluminumscrap_source_Region20Guangxi_aluminumscrap_source_Region1Beijing,0.0,0.0,569381.9768653766,0.0,0.0,0.0,0.0,569381.9768653766
aluminumscrap_source_Region20Guangxi_aluminumscrap_source_Region2Tianjin,0.0,0.0,567163.8076013032,0.0,0.0,0.0,0.0,567163.8076013032
aluminumscrap_source_Region20Guangxi_aluminumscrap_source_Region3Hebei,0.0,0.0,549971.7609265207,0.0,0.0,0.0,0.0,549971.7609265207
aluminumscrap_source_Region20Guangxi_aluminumscrap_source_Region4Shanxi,0.0,0.0,550498.2491797467,0.0,0.0,0.0,0.0,550498.2491797467
aluminumscrap_source_Region20Guangxi_aluminumscrap_source_Region5Innermongolia,0.0,0.0,565177.7736014118,0.0,0.0,0.0,0.0,565177.7736014118
aluminumscrap_source_Region20Guangxi_aluminumscrap_source_Region6Liaoning,0.0,0.0,574063.8438806884,0.0,0.0,0.0,0.0,574063.8438806884
aluminumscrap_source_Region20Guangxi_aluminumscrap_source_Region7Jilin,0.0,0.0,587293.3441528352,0.0,0.0,0.0,0.0,587293.3441528352
aluminumscrap_source_Region20Guangxi_aluminumscrap_source_Region8Heilongjiang,0.0,0.0,586549.7932412443,0.0,0.0,0.0,0.0,586549.7932412443
aluminumscrap_source_Region20Guangxi_aluminumscrap_source_Region9Shanghai,0.0,0.0,547682.2544156598,0.0,0.0,0.0,0.0,547682.2544156598
aluminumscrap_source_Region20Guangxi_aluminumscrap_source_Region10Jiangsu,0.0,0.0,533222.9628971675,0.0,0.0,0.0,0.0,533222.9628971675
aluminumscrap_source_Region20Guangxi_aluminumscrap_source_Region11Zhejiang,0.0,0.0,533568.3643565446,0.0,0.0,0.0,0.0,533568.3643565446
aluminumscrap_source_Region20Guangxi_aluminumscrap_source_Region12Anhui,0.0,0.0,527359.9530223553,0.0,0.0,0.0,0.0,527359.9530223553
aluminumscrap_source_Region20Guangxi_aluminumscrap_source_Region13Fujian,0.0,0.0,516436.8392527085,0.0,0.0,0.0,0.0,516436.8392527085
aluminumscrap_source_Region20Guangxi_aluminumscrap_source_Region14Jiangxi,0.0,0.0,506748.53173949313,0.0,0.0,0.0,0.0,506748.53173949313
aluminumscrap_source_Region20Guangxi_aluminumscrap_source_Region15Shandong,0.0,0.0,549531.4447270402,0.0,0.0,0.0,0.0,549531.4447270402
aluminumscrap_source_Region20Guangxi_aluminumscrap_source_Region16Henan,0.0,0.0,530994.6529480233,0.0,0.0,0.0,0.0,530994.6529480233
aluminumscrap_source_Region20Guangxi_aluminumscrap_source_Region17Hubei,0.0,0.0,498464.8872050986,0.0,0.0,0.0,0.0,498464.8872050986
aluminumscrap_source_Region20Guangxi_aluminumscrap_source_Region18Hunan,0.0,0.0,529290.4545888524,0.0,0.0,0.0,0.0,529290.4545888524
aluminumscrap_source_Region20Guangxi_aluminumscrap_source_Region19Guangdong,0.0,0.0,373415.58460695564,0.0,0.0,0.0,0.0,373415.58460695564
aluminumscrap_source_Region20Guangxi_aluminumscrap_source_Region21Hainan,0.0,0.0,673541.7524261118,0.0,0.0,0.0,0.0,673541.7524261118
aluminumscrap_source_Region20Guangxi_aluminumscrap_source_Region22Chongqing,0.0,0.0,467086.9328298914,0.0,0.0,0.0,0.0,467086.9328298914
aluminumscrap_source_Region20Guangxi_aluminumscrap_source_Region23Sichuan,0.0,0.0,497868.43962034065,0.0,0.0,0.0,0.0,497868.43962034065
aluminumscrap_source_Region20Guangxi_aluminumscrap_source_Region24Guizhou,0.0,0.0,471030.72855595505,0.0,0.0,0.0,0.0,471030.72855595505
aluminumscrap_source_Region20Guangxi_aluminumscrap_source_Region25Yunnan,0.0,0.0,443579.45704932214,0.0,0.0,0.0,0.0,443579.45704932214
aluminumscrap_source_Region20Guangxi_aluminumscrap_source_Region27Shaanxi,0.0,0.0,531551.409727128,0.0,0.0,0.0,0.0,531551.409727128
aluminumscrap_source_Region20Guangxi_aluminumscrap_source_Region28Gansu,0.0,0.0,589271.3294355819,0.0,0.0,0.0,0.0,589271.3294355819
aluminumscrap_source_Region20Guangxi_aluminumscrap_source_Region29Qinghai,0.0,0.0,551197.8970260238,0.0,0.0,0.0,0.0,551197.8970260238
aluminumscrap_source_Region20Guangxi_aluminumscrap_source_Region30Ningxia,0.0,0.0,559215.1057082274,0.0,0.0,0.0,0.0,559215.1057082274
aluminumscrap_source_Region20Guangxi_aluminumscrap_source_Region31Xinjiang,0.0,0.0,586342.1723126707,0.0,0.0,0.0,0.0,586342.1723126707
aluminumscrap_source_Region21Hainan_aluminumscrap_source_Region1Beijing,0.0,0.0,563861.1069155765,0.0,0.0,0.0,0.0,563861.1069155765
aluminumscrap_source_Region21Hainan_aluminumscrap_source_Region2Tianjin,0.0,0.0,561737.2512417207,0.0,0.0,0.0,0.0,561737.2512417207
aluminumscrap_source_Region21Hainan_aluminumscrap_source_Region3Hebei,0.0,0.0,546830.197698709,0.0,0.0,0.0,0.0,546830.197698709
aluminumscrap_source_Region21Hainan_aluminumscrap_source_Region4Shanxi,0.0,0.0,548301.8651317889,0.0,0.0,0.0,0.0,548301.8651317889
aluminumscrap_source_Region21Hainan_aluminumscrap_source_Region5Innermongolia,0.0,0.0,560769.6813853453,0.0,0.0,0.0,0.0,560769.6813853453
aluminumscrap_source_Region21Hainan_aluminumscrap_source_Region6Liaoning,0.0,0.0,568219.1728222397,0.0,0.0,0.0,0.0,568219.1728222397
aluminumscrap_source_Region21Hainan_aluminumscrap_source_Region7Jilin,0.0,0.0,580326.4584743816,0.0,0.0,0.0,0.0,580326.4584743816
aluminumscrap_source_Region21Hainan_aluminumscrap_source_Region8Heilongjiang,0.0,0.0,579964.4003405899,0.0,0.0,0.0,0.0,579964.4003405899
aluminumscrap_source_Region21Hainan_aluminumscrap_source_Region9Shanghai,0.0,0.0,539688.1413971909,0.0,0.0,0.0,0.0,539688.1413971909
aluminumscrap_source_Region21Hainan_aluminumscrap_source_Region10Jiangsu,0.0,0.0,530434.0378095339,0.0,0.0,0.0,0.0,530434.0378095339
aluminumscrap_source_Region21Hainan_aluminumscrap_source_Region11Zhejiang,0.0,0.0,526986.3335220427,0.0,0.0,0.0,0.0,526986.3335220427
aluminumscrap_source_Region21Hainan_aluminumscrap_source_Region12Anhui,0.0,0.0,525410.8233581907,0.0,0.0,0.0,0.0,525410.8233581907
aluminumscrap_source_Region21Hainan_aluminumscrap_source_Region13Fujian,0.0,0.0,500685.0357391199,0.0,0.0,0.0,0.0,500685.0357391199
aluminumscrap_source_Region21Hainan_aluminumscrap_source_Region14Jiangxi,0.0,0.0,507106.5466280832,0.0,0.0,0.0,0.0,507106.5466280832
aluminumscrap_source_Region21Hainan_aluminumscrap_source_Region15Shandong,0.0,0.0,546059.9236364613,0.0,0.0,0.0,0.0,546059.9236364613
aluminumscrap_source_Region21Hainan_aluminumscrap_source_Region16Henan,0.0,0.0,530732.9717828254,0.0,0.0,0.0,0.0,530732.9717828254
aluminumscrap_source_Region21Hainan_aluminumscrap_source_Region17Hubei,0.0,0.0,504253.1330983371,0.0,0.0,0.0,0.0,504253.1330983371
aluminumscrap_source_Region21Hainan_aluminumscrap_source_Region18Hunan,0.0,0.0,530231.9385606527,0.0,0.0,0.0,0.0,530231.9385606527
aluminumscrap_source_Region21Hainan_aluminumscrap_source_Region19Guangdong,0.0,0.0,362847.2210104052,0.0,0.0,0.0,0.0,362847.2210104052
aluminumscrap_source_Region21Hainan_aluminumscrap_source_Region20Guangxi,0.0,0.0,533265.53107641,0.0,0.0,0.0,0.0,533265.53107641
aluminumscrap_source_Region21Hainan_aluminumscrap_source_Region22Chongqing,0.0,0.0,499818.21629772184,0.0,0.0,0.0,0.0,499818.21629772184
aluminumscrap_source_Region21Hainan_aluminumscrap_source_Region23Sichuan,0.0,0.0,517561.55009398324,0.0,0.0,0.0,0.0,517561.55009398324
aluminumscrap_source_Region21Hainan_aluminumscrap_source_Region24Guizhou,0.0,0.0,514891.032008912,0.0,0.0,0.0,0.0,514891.032008912
aluminumscrap_source_Region21Hainan_aluminumscrap_source_Region25Yunnan,0.0,0.0,485401.7232261048,0.0,0.0,0.0,0.0,485401.7232261048
aluminumscrap_source_Region21Hainan_aluminumscrap_source_Region27Shaanxi,0.0,0.0,537901.5030392082,0.0,0.0,0.0,0.0,537901.5030392082
aluminumscrap_source_Region21Hainan_aluminumscrap_source_Region28Gansu,0.0,0.0,584197.9633797366,0.0,0.0,0.0,0.0,584197.9633797366
aluminumscrap_source_Region21Hainan_aluminumscrap_source_Region29Qinghai,0.0,0.0,553264.8534467976,0.0,0.0,0.0,0.0,553264.8534467976
aluminumscrap_source_Region21Hainan_aluminumscrap_source_Region30Ningxia,0.0,0.0,559905.9493303673,0.0,0.0,0.0,0.0,559905.9493303673
aluminumscrap_source_Region21Hainan_aluminumscrap_source_Region31Xinjiang,0.0,0.0,581225.0685617074,0.0,0.0,0.0,0.0,581225.0685617074
aluminumscrap_source_Region22Chongqing_aluminumscrap_source_Region1Beijing,0.0,0.0,642525.3787596503,0.0,0.0,0.0,0.0,642525.3787596503
aluminumscrap_source_Region22Chongqing_aluminumscrap_source_Region2Tianjin,0.0,0.0,640672.3990928429,0.0,0.0,0.0,0.0,640672.3990928429
aluminumscrap_source_Region22Chongqing_aluminumscrap_source_Region3Hebei,0.0,0.0,622754.9456901897,0.0,0.0,0.0,0.0,622754.9456901897
aluminumscrap_source_Region22Chongqing_aluminumscrap_source_Region4Shanxi,0.0,0.0,623689.3466388125,0.0,0.0,0.0,0.0,623689.3466388125
aluminumscrap_source_Region22Chongqing_aluminumscrap_source_Region5Innermongolia,0.0,0.0,630858.5225696549,0.0,0.0,0.0,0.0,630858.5225696549
aluminumscrap_source_Region22Chongqing_aluminumscrap_source_Region6Liaoning,0.0,0.0,629761.0196030939,0.0,0.0,0.0,0.0,629761.0196030939
aluminumscrap_source_Region22Chongqing_aluminumscrap_source_Region7Jilin,0.0,0.0,641894.0726670783,0.0,0.0,0.0,0.0,641894.0726670783
aluminumscrap_source_Region22Chongqing_aluminumscrap_source_Region8Heilongjiang,0.0,0.0,635944.3383802675,0.0,0.0,0.0,0.0,635944.3383802675
aluminumscrap_source_Region22Chongqing_aluminumscrap_source_Region9Shanghai,0.0,0.0,633974.1615670519,0.0,0.0,0.0,0.0,633974.1615670519
aluminumscrap_source_Region22Chongqing_aluminumscrap_source_Region10Jiangsu,0.0,0.0,618292.1457710847,0.0,0.0,0.0,0.0,618292.1457710847
aluminumscrap_source_Region22Chongqing_aluminumscrap_source_Region11Zhejiang,0.0,0.0,623325.8305779418,0.0,0.0,0.0,0.0,623325.8305779418
aluminumscrap_source_Region22Chongqing_aluminumscrap_source_Region12Anhui,0.0,0.0,619366.1223677174,0.0,0.0,0.0,0.0,619366.1223677174
aluminumscrap_source_Region22Chongqing_aluminumscrap_source_Region13Fujian,0.0,0.0,621799.1910354318,0.0,0.0,0.0,0.0,621799.1910354318
aluminumscrap_source_Region22Chongqing_aluminumscrap_source_Region14Jiangxi,0.0,0.0,634953.3648580707,0.0,0.0,0.0,0.0,634953.3648580707
aluminumscrap_source_Region22Chongqing_aluminumscrap_source_Region15Shandong,0.0,0.0,622681.0365462896,0.0,0.0,0.0,0.0,622681.0365462896
aluminumscrap_source_Region22Chongqing_aluminumscrap_source_Region16Henan,0.0,0.0,615416.0990479963,0.0,0.0,0.0,0.0,615416.0990479963
aluminumscrap_source_Region22Chongqing_aluminumscrap_source_Region17Hubei,0.0,0.0,607060.3683908369,0.0,0.0,0.0,0.0,607060.3683908369
aluminumscrap_source_Region22Chongqing_aluminumscrap_source_Region18Hunan,0.0,0.0,777349.5860332558,0.0,0.0,0.0,0.0,777349.5860332558
aluminumscrap_source_Region22Chongqing_aluminumscrap_source_Region19Guangdong,0.0,0.0,601740.8785346136,0.0,0.0,0.0,0.0,601740.8785346136
aluminumscrap_source_Region22Chongqing_aluminumscrap_source_Region20Guangxi,0.0,0.0,940060.0171851481,0.0,0.0,0.0,0.0,940060.0171851481
aluminumscrap_source_Region22Chongqing_aluminumscrap_source_Region21Hainan,0.0,0.0,851189.1620303056,0.0,0.0,0.0,0.0,851189.1620303056
aluminumscrap_source_Region22Chongqing_aluminumscrap_source_Region23Sichuan,0.0,0.0,576048.5714255319,0.0,0.0,0.0,0.0,576048.5714255319
aluminumscrap_source_Region22Chongqing_aluminumscrap_source_Region24Guizhou,0.0,0.0,892168.0763561449,0.0,0.0,0.0,0.0,892168.0763561449
aluminumscrap_source_Region22Chongqing_aluminumscrap_source_Region25Yunnan,0.0,0.0,612044.1167548486,0.0,0.0,0.0,0.0,612044.1167548486
aluminumscrap_source_Region22Chongqing_aluminumscrap_source_Region27Shaanxi,0.0,0.0,608526.2803536297,0.0,0.0,0.0,0.0,608526.2803536297
aluminumscrap_source_Region22Chongqing_aluminumscrap_source_Region28Gansu,0.0,0.0,739906.4874314319,0.0,0.0,0.0,0.0,739906.4874314319
aluminumscrap_source_Region22Chongqing_aluminumscrap_source_Region29Qinghai,0.0,0.0,617944.4901290319,0.0,0.0,0.0,0.0,617944.4901290319
aluminumscrap_source_Region22Chongqing_aluminumscrap_source_Region30Ningxia,0.0,0.0,633120.0085943441,0.0,0.0,0.0,0.0,633120.0085943441
aluminumscrap_source_Region22Chongqing_aluminumscrap_source_Region31Xinjiang,0.0,0.0,632391.5413227477,0.0,0.0,0.0,0.0,632391.5413227477
aluminumscrap_source_Region23Sichuan_aluminumscrap_source_Region1Beijing,0.0,0.0,645794.35048142,0.0,0.0,0.0,0.0,645794.35048142
aluminumscrap_source_Region23Sichuan_aluminumscrap_source_Region2Tianjin,0.0,0.0,643945.7863931386,0.0,0.0,0.0,0.0,643945.7863931386
aluminumscrap_source_Region23Sichuan_aluminumscrap_source_Region3Hebei,0.0,0.0,626648.8814353558,0.0,0.0,0.0,0.0,626648.8814353558
aluminumscrap_source_Region23Sichuan_aluminumscrap_source_Region4Shanxi,0.0,0.0,628146.4471958509,0.0,0.0,0.0,0.0,628146.4471958509
aluminumscrap_source_Region23Sichuan_aluminumscrap_source_Region5Innermongolia,0.0,0.0,634287.9000554465,0.0,0.0,0.0,0.0,634287.9000554465
aluminumscrap_source_Region23Sichuan_aluminumscrap_source_Region6Liaoning,0.0,0.0,632211.6007195383,0.0,0.0,0.0,0.0,632211.6007195383
aluminumscrap_source_Region23Sichuan_aluminumscrap_source_Region7Jilin,0.0,0.0,644185.3057290069,0.0,0.0,0.0,0.0,644185.3057290069
aluminumscrap_source_Region23Sichuan_aluminumscrap_source_Region8Heilongjiang,0.0,0.0,638051.555343154,0.0,0.0,0.0,0.0,638051.555343154
aluminumscrap_source_Region23Sichuan_aluminumscrap_source_Region9Shanghai,0.0,0.0,637437.2552636464,0.0,0.0,0.0,0.0,637437.2552636464
aluminumscrap_source_Region23Sichuan_aluminumscrap_source_Region10Jiangsu,0.0,0.0,625226.2098671104,0.0,0.0,0.0,0.0,625226.2098671104
aluminumscrap_source_Region23Sichuan_aluminumscrap_source_Region11Zhejiang,0.0,0.0,629097.2890987747,0.0,0.0,0.0,0.0,629097.2890987747
aluminumscrap_source_Region23Sichuan_aluminumscrap_source_Region12Anhui,0.0,0.0,626971.1706411181,0.0,0.0,0.0,0.0,626971.1706411181
aluminumscrap_source_Region23Sichuan_aluminumscrap_source_Region13Fujian,0.0,0.0,627390.7198060711,0.0,0.0,0.0,0.0,627390.7198060711
aluminumscrap_source_Region23Sichuan_aluminumscrap_source_Region14Jiangxi,0.0,0.0,640445.8891799876,0.0,0.0,0.0,0.0,640445.8891799876
aluminumscrap_source_Region23Sichuan_aluminumscrap_source_Region15Shandong,0.0,0.0,626994.6508459222,0.0,0.0,0.0,0.0,626994.6508459222
aluminumscrap_source_Region23Sichuan_aluminumscrap_source_Region16Henan,0.0,0.0,621317.6506477102,0.0,0.0,0.0,0.0,621317.6506477102
aluminumscrap_source_Region23Sichuan_aluminumscrap_source_Region17Hubei,0.0,0.0,620140.1181583481,0.0,0.0,0.0,0.0,620140.1181583481
aluminumscrap_source_Region23Sichuan_aluminumscrap_source_Region18Hunan,0.0,0.0,729103.2606088549,0.0,0.0,0.0,0.0,729103.2606088549
aluminumscrap_source_Region23Sichuan_aluminumscrap_source_Region19Guangdong,0.0,0.0,613392.778986947,0.0,0.0,0.0,0.0,613392.778986947
aluminumscrap_source_Region23Sichuan_aluminumscrap_source_Region20Guangxi,0.0,0.0,841995.1332225604,0.0,0.0,0.0,0.0,841995.1332225604
aluminumscrap_source_Region23Sichuan_aluminumscrap_source_Region21Hainan,0.0,0.0,806608.9923420167,0.0,0.0,0.0,0.0,806608.9923420167
aluminumscrap_source_Region23Sichuan_aluminumscrap_source_Region22Chongqing,0.0,0.0,603889.8077965607,0.0,0.0,0.0,0.0,603889.8077965607
aluminumscrap_source_Region23Sichuan_aluminumscrap_source_Region24Guizhou,0.0,0.0,779823.4640079982,0.0,0.0,0.0,0.0,779823.4640079982
aluminumscrap_source_Region23Sichuan_aluminumscrap_source_Region25Yunnan,0.0,0.0,616898.4985797829,0.0,0.0,0.0,0.0,616898.4985797829
aluminumscrap_source_Region23Sichuan_aluminumscrap_source_Region27Shaanxi,0.0,0.0,616365.4192002037,0.0,0.0,0.0,0.0,616365.4192002037
aluminumscrap_source_Region23Sichuan_aluminumscrap_source_Region28Gansu,0.0,0.0,772263.4995100544,0.0,0.0,0.0,0.0,772263.4995100544
aluminumscrap_source_Region23Sichuan_aluminumscrap_source_Region29Qinghai,0.0,0.0,617829.3484307539,0.0,0.0,0.0,0.0,617829.3484307539
aluminumscrap_source_Region23Sichuan_aluminumscrap_source_Region30Ningxia,0.0,0.0,637602.1569182258,0.0,0.0,0.0,0.0,637602.1569182258
aluminumscrap_source_Region23Sichuan_aluminumscrap_source_Region31Xinjiang,0.0,0.0,634768.2256618388,0.0,0.0,0.0,0.0,634768.2256618388
aluminumscrap_source_Region24Guizhou_aluminumscrap_source_Region1Beijing,0.0,0.0,601955.6351976299,0.0,0.0,0.0,0.0,601955.6351976299
aluminumscrap_source_Region24Guizhou_aluminumscrap_source_Region2Tianjin,0.0,0.0,599842.5870623133,0.0,0.0,0.0,0.0,599842.5870623133
aluminumscrap_source_Region24Guizhou_aluminumscrap_source_Region3Hebei,0.0,0.0,582199.8692057007,0.0,0.0,0.0,0.0,582199.8692057007
aluminumscrap_source_Region24Guizhou_aluminumscrap_source_Region4Shanxi,0.0,0.0,579824.4771313248,0.0,0.0,0.0,0.0,579824.4771313248
aluminumscrap_source_Region24Guizhou_aluminumscrap_source_Region5Innermongolia,0.0,0.0,592441.0369780158,0.0,0.0,0.0,0.0,592441.0369780158
aluminumscrap_source_Region24Guizhou_aluminumscrap_source_Region6Liaoning,0.0,0.0,599866.3383525109,0.0,0.0,0.0,0.0,599866.3383525109
aluminumscrap_source_Region24Guizhou_aluminumscrap_source_Region7Jilin,0.0,0.0,612720.9546263253,0.0,0.0,0.0,0.0,612720.9546263253
aluminumscrap_source_Region24Guizhou_aluminumscrap_source_Region8Heilongjiang,0.0,0.0,609773.309247315,0.0,0.0,0.0,0.0,609773.309247315
aluminumscrap_source_Region24Guizhou_aluminumscrap_source_Region9Shanghai,0.0,0.0,588796.1451745814,0.0,0.0,0.0,0.0,588796.1451745814
aluminumscrap_source_Region24Guizhou_aluminumscrap_source_Region10Jiangsu,0.0,0.0,571854.4209728616,0.0,0.0,0.0,0.0,571854.4209728616
aluminumscrap_source_Region24Guizhou_aluminumscrap_source_Region11Zhejiang,0.0,0.0,576826.3590134678,0.0,0.0,0.0,0.0,576826.3590134678
aluminumscrap_source_Region24Guizhou_aluminumscrap_source_Region12Anhui,0.0,0.0,567344.5698135644,0.0,0.0,0.0,0.0,567344.5698135644
aluminumscrap_source_Region24Guizhou_aluminumscrap_source_Region13Fujian,0.0,0.0,570192.606640033,0.0,0.0,0.0,0.0,570192.606640033
aluminumscrap_source_Region24Guizhou_aluminumscrap_source_Region14Jiangxi,0.0,0.0,564226.8054428955,0.0,0.0,0.0,0.0,564226.8054428955
aluminumscrap_source_Region24Guizhou_aluminumscrap_source_Region15Shandong,0.0,0.0,581334.8728795276,0.0,0.0,0.0,0.0,581334.8728795276
aluminumscrap_source_Region24Guizhou_aluminumscrap_source_Region16Henan,0.0,0.0,566364.9592280952,0.0,0.0,0.0,0.0,566364.9592280952
aluminumscrap_source_Region24Guizhou_aluminumscrap_source_Region17Hubei,0.0,0.0,541796.2849492965,0.0,0.0,0.0,0.0,541796.2849492965
aluminumscrap_source_Region24Guizhou_aluminumscrap_source_Region18Hunan,0.0,0.0,626789.3630361585,0.0,0.0,0.0,0.0,626789.3630361585
aluminumscrap_source_Region24Guizhou_aluminumscrap_source_Region19Guangdong,0.0,0.0,515619.0938997291,0.0,0.0,0.0,0.0,515619.0938997291
aluminumscrap_source_Region24Guizhou_aluminumscrap_source_Region20Guangxi,0.0,0.0,865479.693264611,0.0,0.0,0.0,0.0,865479.693264611
aluminumscrap_source_Region24Guizhou_aluminumscrap_source_Region21Hainan,0.0,0.0,788513.1360698412,0.0,0.0,0.0,0.0,788513.1360698412
aluminumscrap_source_Region24Guizhou_aluminumscrap_source_Region22Chongqing,0.0,0.0,430653.897724523,0.0,0.0,0.0,0.0,430653.897724523
aluminumscrap_source_Region24Guizhou_aluminumscrap_source_Region23Sichuan,0.0,0.0,492895.65252612135,0.0,0.0,0.0,0.0,492895.65252612135
aluminumscrap_source_Region24Guizhou_aluminumscrap_source_Region25Yunnan,0.0,0.0,473400.85566054087,0.0,0.0,0.0,0.0,473400.85566054087
aluminumscrap_source_Region24Guizhou_aluminumscrap_source_Region27Shaanxi,0.0,0.0,548887.6175204802,0.0,0.0,0.0,0.0,548887.6175204802
aluminumscrap_source_Region24Guizhou_aluminumscrap_source_Region28Gansu,0.0,0.0,637928.7803938749,0.0,0.0,0.0,0.0,637928.7803938749
aluminumscrap_source_Region24Guizhou_aluminumscrap_source_Region29Qinghai,0.0,0.0,572883.6497038384,0.0,0.0,0.0,0.0,572883.6497038384
aluminumscrap_source_Region24Guizhou_aluminumscrap_source_Region30Ningxia,0.0,0.0,583773.508352717,0.0,0.0,0.0,0.0,583773.508352717
aluminumscrap_source_Region24Guizhou_aluminumscrap_source_Region31Xinjiang,0.0,0.0,606347.3769869194,0.0,0.0,0.0,0.0,606347.3769869194
aluminumscrap_source_Region25Yunnan_aluminumscrap_source_Region1Beijing,0.0,0.0,641374.4393605841,0.0,0.0,0.0,0.0,641374.4393605841
aluminumscrap_source_Region25Yunnan_aluminumscrap_source_Region2Tianjin,0.0,0.0,639705.0591070487,0.0,0.0,0.0,0.0,639705.0591070487
aluminumscrap_source_Region25Yunnan_aluminumscrap_source_Region3Hebei,0.0,0.0,628695.3774147086,0.0,0.0,0.0,0.0,628695.3774147086
aluminumscrap_source_Region25Yunnan_aluminumscrap_source_Region4Shanxi,0.0,0.0,630560.033917858,0.0,0.0,0.0,0.0,630560.033917858
aluminumscrap_source_Region25Yunnan_aluminumscrap_source_Region5Innermongolia,0.0,0.0,633315.1393147411,0.0,0.0,0.0,0.0,633315.1393147411
aluminumscrap_source_Region25Yunnan_aluminumscrap_source_Region6Liaoning,0.0,0.0,630274.129725128,0.0,0.0,0.0,0.0,630274.129725128
aluminumscrap_source_Region25Yunnan_aluminumscrap_source_Region7Jilin,0.0,0.0,639299.5763733054,0.0,0.0,0.0,0.0,639299.5763733054
aluminumscrap_source_Region25Yunnan_aluminumscrap_source_Region8Heilongjiang,0.0,0.0,634492.0043342618,0.0,0.0,0.0,0.0,634492.0043342618
aluminumscrap_source_Region25Yunnan_aluminumscrap_source_Region9Shanghai,0.0,0.0,635231.5011253977,0.0,0.0,0.0,0.0,635231.5011253977
aluminumscrap_source_Region25Yunnan_aluminumscrap_source_Region10Jiangsu,0.0,0.0,626047.7552314443,0.0,0.0,0.0,0.0,626047.7552314443
aluminumscrap_source_Region25Yunnan_aluminumscrap_source_Region11Zhejiang,0.0,0.0,628813.3502702713,0.0,0.0,0.0,0.0,628813.3502702713
aluminumscrap_source_Region25Yunnan_aluminumscrap_source_Region12Anhui,0.0,0.0,627697.7951577083,0.0,0.0,0.0,0.0,627697.7951577083
aluminumscrap_source_Region25Yunnan_aluminumscrap_source_Region13Fujian,0.0,0.0,625993.5255606835,0.0,0.0,0.0,0.0,625993.5255606835
aluminumscrap_source_Region25Yunnan_aluminumscrap_source_Region14Jiangxi,0.0,0.0,638483.7097154299,0.0,0.0,0.0,0.0,638483.7097154299
aluminumscrap_source_Region25Yunnan_aluminumscrap_source_Region15Shandong,0.0,0.0,628608.434627899,0.0,0.0,0.0,0.0,628608.434627899
aluminumscrap_source_Region25Yunnan_aluminumscrap_source_Region16Henan,0.0,0.0,626385.8316704818,0.0,0.0,0.0,0.0,626385.8316704818
aluminumscrap_source_Region25Yunnan_aluminumscrap_source_Region17Hubei,0.0,0.0,623666.7699285117,0.0,0.0,0.0,0.0,623666.7699285117
aluminumscrap_source_Region25Yunnan_aluminumscrap_source_Region18Hunan,0.0,0.0,711114.9693192058,0.0,0.0,0.0,0.0,711114.9693192058
aluminumscrap_source_Region25Yunnan_aluminumscrap_source_Region19Guangdong,0.0,0.0,606752.1968073719,0.0,0.0,0.0,0.0,606752.1968073719
aluminumscrap_source_Region25Yunnan_aluminumscrap_source_Region20Guangxi,0.0,0.0,1.0430167926683926e6,0.0,0.0,0.0,0.0,1.0430167926683926e6
aluminumscrap_source_Region25Yunnan_aluminumscrap_source_Region21Hainan,0.0,0.0,893907.9346100977,0.0,0.0,0.0,0.0,893907.9346100977
aluminumscrap_source_Region25Yunnan_aluminumscrap_source_Region22Chongqing,0.0,0.0,619722.667431495,0.0,0.0,0.0,0.0,619722.667431495
aluminumscrap_source_Region25Yunnan_aluminumscrap_source_Region23Sichuan,0.0,0.0,611999.705003148,0.0,0.0,0.0,0.0,611999.705003148
aluminumscrap_source_Region25Yunnan_aluminumscrap_source_Region24Guizhou,0.0,0.0,812317.5901642052,0.0,0.0,0.0,0.0,812317.5901642052
aluminumscrap_source_Region25Yunnan_aluminumscrap_source_Region27Shaanxi,0.0,0.0,627517.710248459,0.0,0.0,0.0,0.0,627517.710248459
aluminumscrap_source_Region25Yunnan_aluminumscrap_source_Region28Gansu,0.0,0.0,698153.4956127458,0.0,0.0,0.0,0.0,698153.4956127458
aluminumscrap_source_Region25Yunnan_aluminumscrap_source_Region29Qinghai,0.0,0.0,626236.0010122545,0.0,0.0,0.0,0.0,626236.0010122545
aluminumscrap_source_Region25Yunnan_aluminumscrap_source_Region30Ningxia,0.0,0.0,637038.4299366842,0.0,0.0,0.0,0.0,637038.4299366842
aluminumscrap_source_Region25Yunnan_aluminumscrap_source_Region31Xinjiang,0.0,0.0,631581.6127081059,0.0,0.0,0.0,0.0,631581.6127081059
aluminumscrap_source_Region27Shaanxi_aluminumscrap_source_Region1Beijing,0.0,0.0,644680.646722603,0.0,0.0,0.0,0.0,644680.646722603
aluminumscrap_source_Region27Shaanxi_aluminumscrap_source_Region2Tianjin,0.0,0.0,642435.3046115149,0.0,0.0,0.0,0.0,642435.3046115149
aluminumscrap_source_Region27Shaanxi_aluminumscrap_source_Region3Hebei,0.0,0.0,608808.644287959,0.0,0.0,0.0,0.0,608808.644287959
aluminumscrap_source_Region27Shaanxi_aluminumscrap_source_Region4Shanxi,0.0,0.0,606980.2405505567,0.0,0.0,0.0,0.0,606980.2405505567
aluminumscrap_source_Region27Shaanxi_aluminumscrap_source_Region5Innermongolia,0.0,0.0,625104.4076877818,0.0,0.0,0.0,0.0,625104.4076877818
aluminumscrap_source_Region27Shaanxi_aluminumscrap_source_Region6Liaoning,0.0,0.0,627111.7283517255,0.0,0.0,0.0,0.0,627111.7283517255
aluminumscrap_source_Region27Shaanxi_aluminumscrap_source_Region7Jilin,0.0,0.0,644291.681233268,0.0,0.0,0.0,0.0,644291.681233268
aluminumscrap_source_Region27Shaanxi_aluminumscrap_source_Region8Heilongjiang,0.0,0.0,636258.0392782538,0.0,0.0,0.0,0.0,636258.0392782538
aluminumscrap_source_Region27Shaanxi_aluminumscrap_source_Region9Shanghai,0.0,0.0,633652.6335070496,0.0,0.0,0.0,0.0,633652.6335070496
aluminumscrap_source_Region27Shaanxi_aluminumscrap_source_Region10Jiangsu,0.0,0.0,613248.9952149887,0.0,0.0,0.0,0.0,613248.9952149887
aluminumscrap_source_Region27Shaanxi_aluminumscrap_source_Region11Zhejiang,0.0,0.0,620637.668046851,0.0,0.0,0.0,0.0,620637.668046851
aluminumscrap_source_Region27Shaanxi_aluminumscrap_source_Region12Anhui,0.0,0.0,614210.6306071829,0.0,0.0,0.0,0.0,614210.6306071829
aluminumscrap_source_Region27Shaanxi_aluminumscrap_source_Region13Fujian,0.0,0.0,621868.1112289301,0.0,0.0,0.0,0.0,621868.1112289301
aluminumscrap_source_Region27Shaanxi_aluminumscrap_source_Region14Jiangxi,0.0,0.0,635843.9450132702,0.0,0.0,0.0,0.0,635843.9450132702
aluminumscrap_source_Region27Shaanxi_aluminumscrap_source_Region15Shandong,0.0,0.0,610963.3829996574,0.0,0.0,0.0,0.0,610963.3829996574
aluminumscrap_source_Region27Shaanxi_aluminumscrap_source_Region16Henan,0.0,0.0,588551.7458292678,0.0,0.0,0.0,0.0,588551.7458292678
aluminumscrap_source_Region27Shaanxi_aluminumscrap_source_Region17Hubei,0.0,0.0,604047.6257559706,0.0,0.0,0.0,0.0,604047.6257559706
aluminumscrap_source_Region27Shaanxi_aluminumscrap_source_Region18Hunan,0.0,0.0,739730.1277326555,0.0,0.0,0.0,0.0,739730.1277326555
aluminumscrap_source_Region27Shaanxi_aluminumscrap_source_Region19Guangdong,0.0,0.0,611511.2898769674,0.0,0.0,0.0,0.0,611511.2898769674
aluminumscrap_source_Region27Shaanxi_aluminumscrap_source_Region20Guangxi,0.0,0.0,770849.9225304213,0.0,0.0,0.0,0.0,770849.9225304213
aluminumscrap_source_Region27Shaanxi_aluminumscrap_source_Region21Hainan,0.0,0.0,765044.713273403,0.0,0.0,0.0,0.0,765044.713273403
aluminumscrap_source_Region27Shaanxi_aluminumscrap_source_Region22Chongqing,0.0,0.0,613093.1387480083,0.0,0.0,0.0,0.0,613093.1387480083
aluminumscrap_source_Region27Shaanxi_aluminumscrap_source_Region23Sichuan,0.0,0.0,606282.8192840934,0.0,0.0,0.0,0.0,606282.8192840934
aluminumscrap_source_Region27Shaanxi_aluminumscrap_source_Region24Guizhou,0.0,0.0,708936.9969758303,0.0,0.0,0.0,0.0,708936.9969758303
aluminumscrap_source_Region27Shaanxi_aluminumscrap_source_Region25Yunnan,0.0,0.0,624283.509036523,0.0,0.0,0.0,0.0,624283.509036523
aluminumscrap_source_Region27Shaanxi_aluminumscrap_source_Region28Gansu,0.0,0.0,835116.1002271093,0.0,0.0,0.0,0.0,835116.1002271093
aluminumscrap_source_Region27Shaanxi_aluminumscrap_source_Region29Qinghai,0.0,0.0,609521.6640365396,0.0,0.0,0.0,0.0,609521.6640365396
aluminumscrap_source_Region27Shaanxi_aluminumscrap_source_Region30Ningxia,0.0,0.0,628446.1415312423,0.0,0.0,0.0,0.0,628446.1415312423
aluminumscrap_source_Region27Shaanxi_aluminumscrap_source_Region31Xinjiang,0.0,0.0,632077.4957582585,0.0,0.0,0.0,0.0,632077.4957582585
aluminumscrap_source_Region28Gansu_aluminumscrap_source_Region1Beijing,0.0,0.0,576228.0349251614,0.0,0.0,0.0,0.0,576228.0349251614
aluminumscrap_source_Region28Gansu_aluminumscrap_source_Region2Tianjin,0.0,0.0,576246.6840946681,0.0,0.0,0.0,0.0,576246.6840946681
aluminumscrap_source_Region28Gansu_aluminumscrap_source_Region3Hebei,0.0,0.0,544676.6607953324,0.0,0.0,0.0,0.0,544676.6607953324
aluminumscrap_source_Region28Gansu_aluminumscrap_source_Region4Shanxi,0.0,0.0,531613.8469676299,0.0,0.0,0.0,0.0,531613.8469676299
aluminumscrap_source_Region28Gansu_aluminumscrap_source_Region5Innermongolia,0.0,0.0,542099.8438415631,0.0,0.0,0.0,0.0,542099.8438415631
aluminumscrap_source_Region28Gansu_aluminumscrap_source_Region6Liaoning,0.0,0.0,583601.7052934511,0.0,0.0,0.0,0.0,583601.7052934511
aluminumscrap_source_Region28Gansu_aluminumscrap_source_Region7Jilin,0.0,0.0,601274.5174347649,0.0,0.0,0.0,0.0,601274.5174347649
aluminumscrap_source_Region28Gansu_aluminumscrap_source_Region8Heilongjiang,0.0,0.0,599047.6378197664,0.0,0.0,0.0,0.0,599047.6378197664
aluminumscrap_source_Region28Gansu_aluminumscrap_source_Region9Shanghai,0.0,0.0,584949.7917332073,0.0,0.0,0.0,0.0,584949.7917332073
aluminumscrap_source_Region28Gansu_aluminumscrap_source_Region10Jiangsu,0.0,0.0,567864.7068654244,0.0,0.0,0.0,0.0,567864.7068654244
aluminumscrap_source_Region28Gansu_aluminumscrap_source_Region11Zhejiang,0.0,0.0,577803.61894808,0.0,0.0,0.0,0.0,577803.61894808
aluminumscrap_source_Region28Gansu_aluminumscrap_source_Region12Anhui,0.0,0.0,563850.6879417116,0.0,0.0,0.0,0.0,563850.6879417116
aluminumscrap_source_Region28Gansu_aluminumscrap_source_Region13Fujian,0.0,0.0,582673.2801080828,0.0,0.0,0.0,0.0,582673.2801080828
aluminumscrap_source_Region28Gansu_aluminumscrap_source_Region14Jiangxi,0.0,0.0,579593.1571920473,0.0,0.0,0.0,0.0,579593.1571920473
aluminumscrap_source_Region28Gansu_aluminumscrap_source_Region15Shandong,0.0,0.0,557293.3441420046,0.0,0.0,0.0,0.0,557293.3441420046
aluminumscrap_source_Region28Gansu_aluminumscrap_source_Region16Henan,0.0,0.0,534370.6731181701,0.0,0.0,0.0,0.0,534370.6731181701
aluminumscrap_source_Region28Gansu_aluminumscrap_source_Region17Hubei,0.0,0.0,553047.3282608473,0.0,0.0,0.0,0.0,553047.3282608473
aluminumscrap_source_Region28Gansu_aluminumscrap_source_Region18Hunan,0.0,0.0,621443.3712438483,0.0,0.0,0.0,0.0,621443.3712438483
aluminumscrap_source_Region28Gansu_aluminumscrap_source_Region19Guangdong,0.0,0.0,577064.2896600624,0.0,0.0,0.0,0.0,577064.2896600624
aluminumscrap_source_Region28Gansu_aluminumscrap_source_Region20Guangxi,0.0,0.0,674769.4907468994,0.0,0.0,0.0,0.0,674769.4907468994
aluminumscrap_source_Region28Gansu_aluminumscrap_source_Region21Hainan,0.0,0.0,684918.0918238674,0.0,0.0,0.0,0.0,684918.0918238674
aluminumscrap_source_Region28Gansu_aluminumscrap_source_Region22Chongqing,0.0,0.0,534031.19014072,0.0,0.0,0.0,0.0,534031.19014072
aluminumscrap_source_Region28Gansu_aluminumscrap_source_Region23Sichuan,0.0,0.0,513691.9597596197,0.0,0.0,0.0,0.0,513691.9597596197
aluminumscrap_source_Region28Gansu_aluminumscrap_source_Region24Guizhou,0.0,0.0,610093.3853469056,0.0,0.0,0.0,0.0,610093.3853469056
aluminumscrap_source_Region28Gansu_aluminumscrap_source_Region25Yunnan,0.0,0.0,570356.6405675871,0.0,0.0,0.0,0.0,570356.6405675871
aluminumscrap_source_Region28Gansu_aluminumscrap_source_Region27Shaanxi,0.0,0.0,479555.50151973043,0.0,0.0,0.0,0.0,479555.50151973043
aluminumscrap_source_Region28Gansu_aluminumscrap_source_Region29Qinghai,0.0,0.0,328967.45587765053,0.0,0.0,0.0,0.0,328967.45587765053
aluminumscrap_source_Region28Gansu_aluminumscrap_source_Region30Ningxia,0.0,0.0,446785.97896495624,0.0,0.0,0.0,0.0,446785.97896495624
aluminumscrap_source_Region28Gansu_aluminumscrap_source_Region31Xinjiang,0.0,0.0,582164.1030537707,0.0,0.0,0.0,0.0,582164.1030537707
aluminumscrap_source_Region29Qinghai_aluminumscrap_source_Region1Beijing,0.0,0.0,646783.3246252702,0.0,0.0,0.0,0.0,646783.3246252702
aluminumscrap_source_Region29Qinghai_aluminumscrap_source_Region2Tianjin,0.0,0.0,644736.4567051999,0.0,0.0,0.0,0.0,644736.4567051999
aluminumscrap_source_Region29Qinghai_aluminumscrap_source_Region3Hebei,0.0,0.0,625785.475395893,0.0,0.0,0.0,0.0,625785.475395893
aluminumscrap_source_Region29Qinghai_aluminumscrap_source_Region4Shanxi,0.0,0.0,627257.7652015164,0.0,0.0,0.0,0.0,627257.7652015164
aluminumscrap_source_Region29Qinghai_aluminumscrap_source_Region5Innermongolia,0.0,0.0,632833.6784275572,0.0,0.0,0.0,0.0,632833.6784275572
aluminumscrap_source_Region29Qinghai_aluminumscrap_source_Region6Liaoning,0.0,0.0,631912.6907263017,0.0,0.0,0.0,0.0,631912.6907263017
aluminumscrap_source_Region29Qinghai_aluminumscrap_source_Region7Jilin,0.0,0.0,644726.9351073256,0.0,0.0,0.0,0.0,644726.9351073256
aluminumscrap_source_Region29Qinghai_aluminumscrap_source_Region8Heilongjiang,0.0,0.0,638128.1460129624,0.0,0.0,0.0,0.0,638128.1460129624
aluminumscrap_source_Region29Qinghai_aluminumscrap_source_Region9Shanghai,0.0,0.0,637120.8431496522,0.0,0.0,0.0,0.0,637120.8431496522
aluminumscrap_source_Region29Qinghai_aluminumscrap_source_Region10Jiangsu,0.0,0.0,627072.8624130226,0.0,0.0,0.0,0.0,627072.8624130226
aluminumscrap_source_Region29Qinghai_aluminumscrap_source_Region11Zhejiang,0.0,0.0,630495.4981926577,0.0,0.0,0.0,0.0,630495.4981926577
aluminumscrap_source_Region29Qinghai_aluminumscrap_source_Region12Anhui,0.0,0.0,628944.9508982806,0.0,0.0,0.0,0.0,628944.9508982806
aluminumscrap_source_Region29Qinghai_aluminumscrap_source_Region13Fujian,0.0,0.0,628572.7868019263,0.0,0.0,0.0,0.0,628572.7868019263
aluminumscrap_source_Region29Qinghai_aluminumscrap_source_Region14Jiangxi,0.0,0.0,640362.0732565547,0.0,0.0,0.0,0.0,640362.0732565547
aluminumscrap_source_Region29Qinghai_aluminumscrap_source_Region15Shandong,0.0,0.0,627118.991015126,0.0,0.0,0.0,0.0,627118.991015126
aluminumscrap_source_Region29Qinghai_aluminumscrap_source_Region16Henan,0.0,0.0,623343.0911463047,0.0,0.0,0.0,0.0,623343.0911463047
aluminumscrap_source_Region29Qinghai_aluminumscrap_source_Region17Hubei,0.0,0.0,626089.3227004826,0.0,0.0,0.0,0.0,626089.3227004826
aluminumscrap_source_Region29Qinghai_aluminumscrap_source_Region18Hunan,0.0,0.0,690751.998000934,0.0,0.0,0.0,0.0,690751.998000934
aluminumscrap_source_Region29Qinghai_aluminumscrap_source_Region19Guangdong,0.0,0.0,622786.6868835064,0.0,0.0,0.0,0.0,622786.6868835064
aluminumscrap_source_Region29Qinghai_aluminumscrap_source_Region20Guangxi,0.0,0.0,737247.0632401352,0.0,0.0,0.0,0.0,737247.0632401352
aluminumscrap_source_Region29Qinghai_aluminumscrap_source_Region21Hainan,0.0,0.0,735813.014436272,0.0,0.0,0.0,0.0,735813.014436272
aluminumscrap_source_Region29Qinghai_aluminumscrap_source_Region22Chongqing,0.0,0.0,628073.8410893497,0.0,0.0,0.0,0.0,628073.8410893497
aluminumscrap_source_Region29Qinghai_aluminumscrap_source_Region23Sichuan,0.0,0.0,619552.8799273358,0.0,0.0,0.0,0.0,619552.8799273358
aluminumscrap_source_Region29Qinghai_aluminumscrap_source_Region24Guizhou,0.0,0.0,689917.5439839746,0.0,0.0,0.0,0.0,689917.5439839746
aluminumscrap_source_Region29Qinghai_aluminumscrap_source_Region25Yunnan,0.0,0.0,630004.6681315686,0.0,0.0,0.0,0.0,630004.6681315686
aluminumscrap_source_Region29Qinghai_aluminumscrap_source_Region27Shaanxi,0.0,0.0,620978.5402472047,0.0,0.0,0.0,0.0,620978.5402472047
aluminumscrap_source_Region29Qinghai_aluminumscrap_source_Region28Gansu,0.0,0.0,6.316122735886615e6,0.0,0.0,0.0,0.0,6.316122735886615e6
aluminumscrap_source_Region29Qinghai_aluminumscrap_source_Region30Ningxia,0.0,0.0,637829.5977392923,0.0,0.0,0.0,0.0,637829.5977392923
aluminumscrap_source_Region29Qinghai_aluminumscrap_source_Region31Xinjiang,0.0,0.0,634771.7059090547,0.0,0.0,0.0,0.0,634771.7059090547
aluminumscrap_source_Region30Ningxia_aluminumscrap_source_Region1Beijing,0.0,0.0,632199.6975766735,0.0,0.0,0.0,0.0,632199.6975766735
aluminumscrap_source_Region30Ningxia_aluminumscrap_source_Region2Tianjin,0.0,0.0,630364.5641940121,0.0,0.0,0.0,0.0,630364.5641940121
aluminumscrap_source_Region30Ningxia_aluminumscrap_source_Region3Hebei,0.0,0.0,598647.1626532077,0.0,0.0,0.0,0.0,598647.1626532077
aluminumscrap_source_Region30Ningxia_aluminumscrap_source_Region4Shanxi,0.0,0.0,593335.6769156198,0.0,0.0,0.0,0.0,593335.6769156198
aluminumscrap_source_Region30Ningxia_aluminumscrap_source_Region5Innermongolia,0.0,0.0,599813.8090336715,0.0,0.0,0.0,0.0,599813.8090336715
aluminumscrap_source_Region30Ningxia_aluminumscrap_source_Region6Liaoning,0.0,0.0,620093.5584549354,0.0,0.0,0.0,0.0,620093.5584549354
aluminumscrap_source_Region30Ningxia_aluminumscrap_source_Region7Jilin,0.0,0.0,637778.9968766929,0.0,0.0,0.0,0.0,637778.9968766929
aluminumscrap_source_Region30Ningxia_aluminumscrap_source_Region8Heilongjiang,0.0,0.0,630557.2197590425,0.0,0.0,0.0,0.0,630557.2197590425
aluminumscrap_source_Region30Ningxia_aluminumscrap_source_Region9Shanghai,0.0,0.0,627359.576503354,0.0,0.0,0.0,0.0,627359.576503354
aluminumscrap_source_Region30Ningxia_aluminumscrap_source_Region10Jiangsu,0.0,0.0,613939.0432678914,0.0,0.0,0.0,0.0,613939.0432678914
aluminumscrap_source_Region30Ningxia_aluminumscrap_source_Region11Zhejiang,0.0,0.0,619644.8390876984,0.0,0.0,0.0,0.0,619644.8390876984
aluminumscrap_source_Region30Ningxia_aluminumscrap_source_Region12Anhui,0.0,0.0,615367.01651373,0.0,0.0,0.0,0.0,615367.01651373
aluminumscrap_source_Region30Ningxia_aluminumscrap_source_Region13Fujian,0.0,0.0,619653.7956594896,0.0,0.0,0.0,0.0,619653.7956594896
aluminumscrap_source_Region30Ningxia_aluminumscrap_source_Region14Jiangxi,0.0,0.0,629008.7273327127,0.0,0.0,0.0,0.0,629008.7273327127
aluminumscrap_source_Region30Ningxia_aluminumscrap_source_Region15Shandong,0.0,0.0,605389.8530199999,0.0,0.0,0.0,0.0,605389.8530199999
aluminumscrap_source_Region30Ningxia_aluminumscrap_source_Region16Henan,0.0,0.0,599750.9825712729,0.0,0.0,0.0,0.0,599750.9825712729
aluminumscrap_source_Region30Ningxia_aluminumscrap_source_Region17Hubei,0.0,0.0,610581.7208650524,0.0,0.0,0.0,0.0,610581.7208650524
aluminumscrap_source_Region30Ningxia_aluminumscrap_source_Region18Hunan,0.0,0.0,684092.916517876,0.0,0.0,0.0,0.0,684092.916517876
aluminumscrap_source_Region30Ningxia_aluminumscrap_source_Region19Guangdong,0.0,0.0,613124.663605952,0.0,0.0,0.0,0.0,613124.663605952
aluminumscrap_source_Region30Ningxia_aluminumscrap_source_Region20Guangxi,0.0,0.0,723474.8760666775,0.0,0.0,0.0,0.0,723474.8760666775
aluminumscrap_source_Region30Ningxia_aluminumscrap_source_Region21Hainan,0.0,0.0,724384.4339671102,0.0,0.0,0.0,0.0,724384.4339671102
aluminumscrap_source_Region30Ningxia_aluminumscrap_source_Region22Chongqing,0.0,0.0,613497.433147459,0.0,0.0,0.0,0.0,613497.433147459
aluminumscrap_source_Region30Ningxia_aluminumscrap_source_Region23Sichuan,0.0,0.0,608028.2345594281,0.0,0.0,0.0,0.0,608028.2345594281
aluminumscrap_source_Region30Ningxia_aluminumscrap_source_Region24Guizhou,0.0,0.0,675005.500673396,0.0,0.0,0.0,0.0,675005.500673396
aluminumscrap_source_Region30Ningxia_aluminumscrap_source_Region25Yunnan,0.0,0.0,620935.6932388193,0.0,0.0,0.0,0.0,620935.6932388193
aluminumscrap_source_Region30Ningxia_aluminumscrap_source_Region27Shaanxi,0.0,0.0,587553.8783351709,0.0,0.0,0.0,0.0,587553.8783351709
aluminumscrap_source_Region30Ningxia_aluminumscrap_source_Region28Gansu,0.0,0.0,928113.1983650894,0.0,0.0,0.0,0.0,928113.1983650894
aluminumscrap_source_Region30Ningxia_aluminumscrap_source_Region29Qinghai,0.0,0.0,579791.0013590712,0.0,0.0,0.0,0.0,579791.0013590712
aluminumscrap_source_Region30Ningxia_aluminumscrap_source_Region31Xinjiang,0.0,0.0,625643.2466722986,0.0,0.0,0.0,0.0,625643.2466722986
aluminumscrap_source_Region31Xinjiang_aluminumscrap_source_Region1Beijing,0.0,0.0,637779.1499300778,0.0,0.0,0.0,0.0,637779.1499300778
aluminumscrap_source_Region31Xinjiang_aluminumscrap_source_Region2Tianjin,0.0,0.0,635903.7912764642,0.0,0.0,0.0,0.0,635903.7912764642
aluminumscrap_source_Region31Xinjiang_aluminumscrap_source_Region3Hebei,0.0,0.0,626675.7492927748,0.0,0.0,0.0,0.0,626675.7492927748
aluminumscrap_source_Region31Xinjiang_aluminumscrap_source_Region4Shanxi,0.0,0.0,628299.6460272968,0.0,0.0,0.0,0.0,628299.6460272968
aluminumscrap_source_Region31Xinjiang_aluminumscrap_source_Region5Innermongolia,0.0,0.0,629933.2733571127,0.0,0.0,0.0,0.0,629933.2733571127
aluminumscrap_source_Region31Xinjiang_aluminumscrap_source_Region6Liaoning,0.0,0.0,627829.4874382439,0.0,0.0,0.0,0.0,627829.4874382439
aluminumscrap_source_Region31Xinjiang_aluminumscrap_source_Region7Jilin,0.0,0.0,637016.7575744413,0.0,0.0,0.0,0.0,637016.7575744413
aluminumscrap_source_Region31Xinjiang_aluminumscrap_source_Region8Heilongjiang,0.0,0.0,632638.226465779,0.0,0.0,0.0,0.0,632638.226465779
aluminumscrap_source_Region31Xinjiang_aluminumscrap_source_Region9Shanghai,0.0,0.0,629446.0814458452,0.0,0.0,0.0,0.0,629446.0814458452
aluminumscrap_source_Region31Xinjiang_aluminumscrap_source_Region10Jiangsu,0.0,0.0,625363.5198204151,0.0,0.0,0.0,0.0,625363.5198204151
aluminumscrap_source_Region31Xinjiang_aluminumscrap_source_Region11Zhejiang,0.0,0.0,627339.4218823521,0.0,0.0,0.0,0.0,627339.4218823521
aluminumscrap_source_Region31Xinjiang_aluminumscrap_source_Region12Anhui,0.0,0.0,626614.444702522,0.0,0.0,0.0,0.0,626614.444702522
aluminumscrap_source_Region31Xinjiang_aluminumscrap_source_Region13Fujian,0.0,0.0,624274.650152017,0.0,0.0,0.0,0.0,624274.650152017
aluminumscrap_source_Region31Xinjiang_aluminumscrap_source_Region14Jiangxi,0.0,0.0,632433.1200909439,0.0,0.0,0.0,0.0,632433.1200909439
aluminumscrap_source_Region31Xinjiang_aluminumscrap_source_Region15Shandong,0.0,0.0,626998.9539595954,0.0,0.0,0.0,0.0,626998.9539595954
aluminumscrap_source_Region31Xinjiang_aluminumscrap_source_Region16Henan,0.0,0.0,625917.8127323027,0.0,0.0,0.0,0.0,625917.8127323027
aluminumscrap_source_Region31Xinjiang_aluminumscrap_source_Region17Hubei,0.0,0.0,626177.2260589809,0.0,0.0,0.0,0.0,626177.2260589809
aluminumscrap_source_Region31Xinjiang_aluminumscrap_source_Region18Hunan,0.0,0.0,656372.1749283625,0.0,0.0,0.0,0.0,656372.1749283625
aluminumscrap_source_Region31Xinjiang_aluminumscrap_source_Region19Guangdong,0.0,0.0,622800.4979544317,0.0,0.0,0.0,0.0,622800.4979544317
aluminumscrap_source_Region31Xinjiang_aluminumscrap_source_Region20Guangxi,0.0,0.0,679762.3058723728,0.0,0.0,0.0,0.0,679762.3058723728
aluminumscrap_source_Region31Xinjiang_aluminumscrap_source_Region21Hainan,0.0,0.0,684224.7231999484,0.0,0.0,0.0,0.0,684224.7231999484
aluminumscrap_source_Region31Xinjiang_aluminumscrap_source_Region22Chongqing,0.0,0.0,628160.0519549397,0.0,0.0,0.0,0.0,628160.0519549397
aluminumscrap_source_Region31Xinjiang_aluminumscrap_source_Region23Sichuan,0.0,0.0,625925.7287595924,0.0,0.0,0.0,0.0,625925.7287595924
aluminumscrap_source_Region31Xinjiang_aluminumscrap_source_Region24Guizhou,0.0,0.0,655082.3828982274,0.0,0.0,0.0,0.0,655082.3828982274
aluminumscrap_source_Region31Xinjiang_aluminumscrap_source_Region25Yunnan,0.0,0.0,627534.4007694843,0.0,0.0,0.0,0.0,627534.4007694843
aluminumscrap_source_Region31Xinjiang_aluminumscrap_source_Region27Shaanxi,0.0,0.0,628385.9028283315,0.0,0.0,0.0,0.0,628385.9028283315
aluminumscrap_source_Region31Xinjiang_aluminumscrap_source_Region28Gansu,0.0,0.0,684505.2675314579,0.0,0.0,0.0,0.0,684505.2675314579
aluminumscrap_source_Region31Xinjiang_aluminumscrap_source_Region29Qinghai,0.0,0.0,621471.0734771619,0.0,0.0,0.0,0.0,621471.0734771619
aluminumscrap_source_Region31Xinjiang_aluminumscrap_source_Region30Ningxia,0.0,0.0,633057.7459289785,0.0,0.0,0.0,0.0,633057.7459289785
Region1Beijing_ammonia_coal_transforms_ammonia_Region1Beijing,43019.54561357132,1.3474845095235547e7,0.0,0.0,0.0,0.0,0.0,1.3517864640849119e7
Region2Tianjin_ammonia_coal_transforms_ammonia_Region2Tianjin,14173.624672886284,9.203957505847496e7,0.0,0.0,0.0,0.0,0.0,9.205374868314785e7
Region3Hebei_ammonia_coal_transforms_ammonia_Region3Hebei,44776.06689578041,8.034215275214312e8,0.0,0.0,0.0,0.0,0.0,8.034663035883269e8
Region4Shanxi_ammonia_coal_transforms_ammonia_Region4Shanxi,13390.942591408144,5.799145810219266e8,0.0,0.0,0.0,0.0,0.0,5.799279719645181e8
Region5Innermongolia_ammonia_coal_transforms_ammonia_Region5Innermongolia,8094.01496911123,6.075493195912489e8,0.0,0.0,0.0,0.0,0.0,6.07557413606218e8
Region6Liaoning_ammonia_coal_transforms_ammonia_Region6Liaoning,31066.771645930516,3.18474838330859e8,0.0,0.0,0.0,0.0,0.0,3.185059051025049e8
Region7Jilin_ammonia_coal_transforms_ammonia_Region7Jilin,19577.293748352076,2.5886025697951838e8,0.0,0.0,0.0,0.0,0.0,2.5887983427326673e8
Region8Heilongjiang_ammonia_coal_transforms_ammonia_Region8Heilongjiang,13025.643602900736,4.736922797448102e8,0.0,0.0,0.0,0.0,0.0,4.7370530538841313e8
Region9Shanghai_ammonia_coal_transforms_ammonia_Region9Shanghai,35556.65096248939,1.6653183948793193e7,0.0,0.0,0.0,0.0,0.0,1.6688740599755682e7
Region10Jiangsu_ammonia_coal_transforms_ammonia_Region10Jiangsu,12109.534156819787,1.2978809646747313e9,0.0,0.0,0.0,0.0,0.0,1.297893074208888e9
Region11Zhejiang_ammonia_coal_transforms_ammonia_Region11Zhejiang,15401.253676176335,3.491500341398987e8,0.0,0.0,0.0,0.0,0.0,3.491654353935749e8
Region12Anhui_ammonia_coal_transforms_ammonia_Region12Anhui,258683.92182006582,1.0191563920393115e9,0.0,0.0,0.0,0.0,0.0,1.0194150759611316e9
Region13Fujian_ammonia_coal_transforms_ammonia_Region13Fujian,40182.8720980013,2.0141799885246438e8,0.0,0.0,0.0,0.0,0.0,2.0145818172456238e8
Region14Jiangxi_ammonia_coal_transforms_ammonia_Region14Jiangxi,126854.33151558749,7.077959267916338e6,0.0,0.0,0.0,0.0,0.0,7.204813599431925e6
Region15Shandong_ammonia_coal_transforms_ammonia_Region15Shandong,22152.0702140751,1.7179548349272e9,0.0,0.0,0.0,0.0,0.0,1.717976986997414e9
Region16Henan_ammonia_coal_transforms_ammonia_Region16Henan,64114.85807155195,1.2834419928445637e9,0.0,0.0,0.0,0.0,0.0,1.2835061077026353e9
Region17Hubei_ammonia_coal_transforms_ammonia_Region17Hubei,153767.1780225329,1.2373592127051167e9,0.0,0.0,0.0,0.0,0.0,1.2375129798831394e9
Region18Hunan_ammonia_coal_transforms_ammonia_Region18Hunan,3958.2563253651583,6.119946388881452e8,0.0,0.0,0.0,0.0,0.0,6.119985971444706e8
Region19Guangdong_ammonia_coal_transforms_ammonia_Region19Guangdong,15714.905400414102,4.066981835868136e8,0.0,0.0,0.0,0.0,0.0,4.06713898492214e8
Region20Guangxi_ammonia_coal_transforms_ammonia_Region20Guangxi,149550.36209675157,2.0109505685121429e6,0.0,0.0,0.0,0.0,0.0,2.1605009306088947e6
Region21Hainan_ammonia_coal_transforms_ammonia_Region21Hainan,15402.247182770994,6.366970078093862e7,0.0,0.0,0.0,0.0,0.0,6.368510302812139e7
Region22Chongqing_ammonia_coal_transforms_ammonia_Region22Chongqing,361795.9760377056,2.2121677387607265e6,0.0,0.0,0.0,0.0,0.0,2.5739637147984323e6
Region23Sichuan_ammonia_coal_transforms_ammonia_Region23Sichuan,32506.02908103579,1.7562693034680668e8,0.0,0.0,0.0,0.0,0.0,1.7565943637588772e8
Region24Guizhou_ammonia_coal_transforms_ammonia_Region24Guizhou,36642.57959544574,2.380440007301379e6,0.0,0.0,0.0,0.0,0.0,2.4170825868968247e6
Region25Yunnan_ammonia_coal_transforms_ammonia_Region25Yunnan,134161.79215979634,7.152164647798972e8,0.0,0.0,0.0,0.0,0.0,7.15350626572057e8
Region26Tibet_ammonia_coal_transforms_ammonia_Region26Tibet,68944.26020644295,924498.0116425827,0.0,0.0,0.0,0.0,0.0,993442.2718490256
Region27Shaanxi_ammonia_coal_transforms_ammonia_Region27Shaanxi,18369.065405056,5.433760085530765e8,0.0,0.0,0.0,0.0,0.0,5.433943776184815e8
Region28Gansu_ammonia_coal_transforms_ammonia_Region28Gansu,42687.00496614041,2.896020536676794e6,0.0,0.0,0.0,0.0,0.0,2.938707541642934e6
Region29Qinghai_ammonia_coal_transforms_ammonia_Region29Qinghai,8497.11836264052,1.1352277942410892e8,0.0,0.0,0.0,0.0,0.0,1.1353127654247156e8
Region30Ningxia_ammonia_coal_transforms_ammonia_Region30Ningxia,34349.06878773961,2.953188771491037e8,0.0,0.0,0.0,0.0,0.0,2.9535322621789145e8
Region31Xinjiang_ammonia_coal_transforms_ammonia_Region31Xinjiang,330302.00006130175,8.372570903579053e8,0.0,0.0,0.0,0.0,0.0,8.375873923579665e8
Region1Beijing_ammonia_coal_ccs_transforms_ammonia_Region1Beijing,273769.0791933627,564416.9277485482,0.0,0.0,0.0,0.0,0.0,838186.0069419108
Region2Tianjin_ammonia_coal_ccs_transforms_ammonia_Region2Tianjin,271114.6628586078,578977.3164989568,0.0,0.0,0.0,0.0,0.0,850091.9793575646
Region3Hebei_ammonia_coal_ccs_transforms_ammonia_Region3Hebei,231709.55118440182,579428.4932317007,0.0,0.0,0.0,0.0,0.0,811138.0444161026
Region4Shanxi_ammonia_coal_ccs_transforms_ammonia_Region4Shanxi,124367.52549288051,405230.05781631166,0.0,0.0,0.0,0.0,0.0,529597.5833091922
Region5Innermongolia_ammonia_coal_ccs_transforms_ammonia_Region5Innermongolia,188689.91335427554,524947.2908281774,0.0,0.0,0.0,0.0,0.0,713637.2041824529
Region6Liaoning_ammonia_coal_ccs_transforms_ammonia_Region6Liaoning,268689.5256801862,562964.9735644769,0.0,0.0,0.0,0.0,0.0,831654.4992446632
Region7Jilin_ammonia_coal_ccs_transforms_ammonia_Region7Jilin,202869.50101202287,533929.0284955411,0.0,0.0,0.0,0.0,0.0,736798.5295075639
Region8Heilongjiang_ammonia_coal_ccs_transforms_ammonia_Region8Heilongjiang,164851.72981344763,517686.90836841764,0.0,0.0,0.0,0.0,0.0,682538.6381818652
Region9Shanghai_ammonia_coal_ccs_transforms_ammonia_Region9Shanghai,72666.90039539912,491378.6738208739,0.0,0.0,0.0,0.0,0.0,564045.574216273
Region10Jiangsu_ammonia_coal_ccs_transforms_ammonia_Region10Jiangsu,270359.9878258969,579348.3906761538,0.0,0.0,0.0,0.0,0.0,849708.3785020506
Region11Zhejiang_ammonia_coal_ccs_transforms_ammonia_Region11Zhejiang,71356.25393994586,510441.2850838064,0.0,0.0,0.0,0.0,0.0,581797.5390237522
Region12Anhui_ammonia_coal_ccs_transforms_ammonia_Region12Anhui,261496.0524604225,558163.8919923675,0.0,0.0,0.0,0.0,0.0,819659.94445279
Region13Fujian_ammonia_coal_ccs_transforms_ammonia_Region13Fujian,76311.86848482401,515551.6512421153,0.0,0.0,0.0,0.0,0.0,591863.5197269393
Region14Jiangxi_ammonia_coal_ccs_transforms_ammonia_Region14Jiangxi,110111.25856193884,379904.82251151453,0.0,0.0,0.0,0.0,0.0,490016.08107345336
Region15Shandong_ammonia_coal_ccs_transforms_ammonia_Region15Shandong,236757.36926694852,579614.2155939048,0.0,0.0,0.0,0.0,0.0,816371.5848608534
Region16Henan_ammonia_coal_ccs_transforms_ammonia_Region16Henan,280448.6820038747,569571.091735211,0.0,0.0,0.0,0.0,0.0,850019.7737390856
Region17Hubei_ammonia_coal_ccs_transforms_ammonia_Region17Hubei,218034.35922364824,576694.0161763881,0.0,0.0,0.0,0.0,0.0,794728.3754000363
Region18Hunan_ammonia_coal_ccs_transforms_ammonia_Region18Hunan,202034.04089800655,436306.53935009515,0.0,0.0,0.0,0.0,0.0,638340.5802481017
Region19Guangdong_ammonia_coal_ccs_transforms_ammonia_Region19Guangdong,245942.08108515452,546014.7038127118,0.0,0.0,0.0,0.0,0.0,791956.7848978663
Region20Guangxi_ammonia_coal_ccs_transforms_ammonia_Region20Guangxi,202809.92062913888,572670.816159839,0.0,0.0,0.0,0.0,0.0,775480.7367889779
Region21Hainan_ammonia_coal_ccs_transforms_ammonia_Region21Hainan,77081.64421211487,515481.9808909092,0.0,0.0,0.0,0.0,0.0,592563.6251030241
Region22Chongqing_ammonia_coal_ccs_transforms_ammonia_Region22Chongqing,243254.84480712662,578082.7937352948,0.0,0.0,0.0,0.0,0.0,821337.6385424214
Region23Sichuan_ammonia_coal_ccs_transforms_ammonia_Region23Sichuan,214665.07955711195,449638.05246058817,0.0,0.0,0.0,0.0,0.0,664303.1320177001
Region24Guizhou_ammonia_coal_ccs_transforms_ammonia_Region24Guizhou,123531.0984419057,405031.8304246814,0.0,0.0,0.0,0.0,0.0,528562.9288665871
Region25Yunnan_ammonia_coal_ccs_transforms_ammonia_Region25Yunnan,216305.2794371623,576684.1096150889,0.0,0.0,0.0,0.0,0.0,792989.3890522512
Region26Tibet_ammonia_coal_ccs_transforms_ammonia_Region26Tibet,117652.84593628411,445020.75764263415,0.0,0.0,0.0,0.0,0.0,562673.6035789183
Region27Shaanxi_ammonia_coal_ccs_transforms_ammonia_Region27Shaanxi,204196.2498811483,578008.3148923384,0.0,0.0,0.0,0.0,0.0,782204.5647734867
Region28Gansu_ammonia_coal_ccs_transforms_ammonia_Region28Gansu,212013.07748944964,449503.15903676674,0.0,0.0,0.0,0.0,0.0,661516.2365262164
Region29Qinghai_ammonia_coal_ccs_transforms_ammonia_Region29Qinghai,175257.46032266368,547810.176392569,0.0,0.0,0.0,0.0,0.0,723067.6367152326
Region30Ningxia_ammonia_coal_ccs_transforms_ammonia_Region30Ningxia,112125.78414115898,405418.97924446885,0.0,0.0,0.0,0.0,0.0,517544.7633856278
Region31Xinjiang_ammonia_coal_ccs_transforms_ammonia_Region31Xinjiang,81723.5108261806,522389.879845026,0.0,0.0,0.0,0.0,0.0,604113.3906712066
Region4Shanxi_ammonia_cog_transforms_ammonia_Region4Shanxi,0.0,606098.1424770922,0.0,0.0,0.0,0.0,0.0,606098.1424770922
Region15Shandong_ammonia_cog_transforms_ammonia_Region15Shandong,0.0,579266.6227582368,0.0,0.0,0.0,0.0,0.0,579266.6227582368
Region23Sichuan_ammonia_cog_transforms_ammonia_Region23Sichuan,0.0,587503.9544986744,0.0,0.0,0.0,0.0,0.0,587503.9544986744
Region30Ningxia_ammonia_cog_transforms_ammonia_Region30Ningxia,0.0,584020.4567309855,0.0,0.0,0.0,0.0,0.0,584020.4567309855
Region1Beijing_ammonia_gas_transforms_ammonia_Region1Beijing,83301.27559804829,927459.970285864,0.0,0.0,0.0,0.0,0.0,1.0107612458839123e6
Region2Tianjin_ammonia_gas_transforms_ammonia_Region2Tianjin,94941.25564686855,950147.2081978715,0.0,0.0,0.0,0.0,0.0,1.0450884638447401e6
Region3Hebei_ammonia_gas_transforms_ammonia_Region3Hebei,166241.21354727013,1.21237900852446e6,0.0,0.0,0.0,0.0,0.0,1.37862022207173e6
Region4Shanxi_ammonia_gas_transforms_ammonia_Region4Shanxi,82280.42585779195,926149.0068498616,0.0,0.0,0.0,0.0,0.0,1.0084294327076535e6
Region5Innermongolia_ammonia_gas_transforms_ammonia_Region5Innermongolia,170223.2675703543,1.1518473612241047e6,0.0,0.0,0.0,0.0,0.0,1.322070628794459e6
Region6Liaoning_ammonia_gas_transforms_ammonia_Region6Liaoning,175501.54050472024,1.212477637052066e6,0.0,0.0,0.0,0.0,0.0,1.3879791775567862e6
Region7Jilin_ammonia_gas_transforms_ammonia_Region7Jilin,89093.34170168766,1.0706907428423003e6,0.0,0.0,0.0,0.0,0.0,1.159784084543988e6
Region8Heilongjiang_ammonia_gas_transforms_ammonia_Region8Heilongjiang,220667.35523899837,1.4958039097427486e6,0.0,0.0,0.0,0.0,0.0,1.716471264981747e6
Region9Shanghai_ammonia_gas_transforms_ammonia_Region9Shanghai,84577.41442446414,922652.9849318597,0.0,0.0,0.0,0.0,0.0,1.0072303993563238e6
Region10Jiangsu_ammonia_gas_transforms_ammonia_Region10Jiangsu,80265.14462205615,956735.3773339696,0.0,0.0,0.0,0.0,0.0,1.0370005219560257e6
Region11Zhejiang_ammonia_gas_transforms_ammonia_Region11Zhejiang,80944.31363237444,941429.5390126621,0.0,0.0,0.0,0.0,0.0,1.0223738526450365e6
Region12Anhui_ammonia_gas_transforms_ammonia_Region12Anhui,88437.76428290067,975794.6679910996,0.0,0.0,0.0,0.0,0.0,1.0642324322740003e6
Region13Fujian_ammonia_gas_transforms_ammonia_Region13Fujian,76840.89287044539,940776.3031391244,0.0,0.0,0.0,0.0,0.0,1.0176171960095698e6
Region14Jiangxi_ammonia_gas_transforms_ammonia_Region14Jiangxi,194600.02090081197,1.588978263591188e6,0.0,0.0,0.0,0.0,0.0,1.783578284492e6
Region15Shandong_ammonia_gas_transforms_ammonia_Region15Shandong,78435.03916767608,994886.0006598494,0.0,0.0,0.0,0.0,0.0,1.0733210398275254e6
Region16Henan_ammonia_gas_transforms_ammonia_Region16Henan,102616.23576038172,1.10751597840035e6,0.0,0.0,0.0,0.0,0.0,1.2101322141607318e6
Region17Hubei_ammonia_gas_transforms_ammonia_Region17Hubei,177802.20858386872,1.5874046557322375e6,0.0,0.0,0.0,0.0,0.0,1.7652068643161063e6
Region18Hunan_ammonia_gas_transforms_ammonia_Region18Hunan,204983.15935223218,2.0840749543276269e6,0.0,0.0,0.0,0.0,0.0,2.289058113679859e6
Region19Guangdong_ammonia_gas_transforms_ammonia_Region19Guangdong,90010.82899489696,954968.0471596102,0.0,0.0,0.0,0.0,0.0,1.0449788761545072e6
Region20Guangxi_ammonia_gas_transforms_ammonia_Region20Guangxi,95902.93556277345,1.1735541812997158e6,0.0,0.0,0.0,0.0,0.0,1.2694571168624891e6
Region21Hainan_ammonia_gas_transforms_ammonia_Region21Hainan,137286.42627661477,1.3663172799801137e6,0.0,0.0,0.0,0.0,0.0,1.5036037062567286e6
Region22Chongqing_ammonia_gas_transforms_ammonia_Region22Chongqing,40505.71539765109,1.3453984386453262e8,0.0,0.0,0.0,0.0,0.0,1.3458034957993028e8
Region23Sichuan_ammonia_gas_transforms_ammonia_Region23Sichuan,25855.714054304157,4.033989474386996e8,0.0,0.0,0.0,0.0,0.0,4.034248031527539e8
Region24Guizhou_ammonia_gas_transforms_ammonia_Region24Guizhou,136101.21234216486,1.5343743497623713e6,0.0,0.0,0.0,0.0,0.0,1.6704755621045362e6
Region25Yunnan_ammonia_gas_transforms_ammonia_Region25Yunnan,232985.76870190148,1.5214664074612684e6,0.0,0.0,0.0,0.0,0.0,1.7544521761631698e6
Region26Tibet_ammonia_gas_transforms_ammonia_Region26Tibet,91059.68860664986,889729.2012867212,0.0,0.0,0.0,0.0,0.0,980788.889893371
Region27Shaanxi_ammonia_gas_transforms_ammonia_Region27Shaanxi,88449.55605078508,1.123354547538559e6,0.0,0.0,0.0,0.0,0.0,1.211804103589344e6
Region28Gansu_ammonia_gas_transforms_ammonia_Region28Gansu,52677.2851288482,1.6474097720813374e6,0.0,0.0,0.0,0.0,0.0,1.7000870572101856e6
Region29Qinghai_ammonia_gas_transforms_ammonia_Region29Qinghai,86512.89803106656,967441.0801133172,0.0,0.0,0.0,0.0,0.0,1.0539539781443838e6
Region30Ningxia_ammonia_gas_transforms_ammonia_Region30Ningxia,155815.36426192656,1.388252703162723e6,0.0,0.0,0.0,0.0,0.0,1.5440680674246496e6
Region31Xinjiang_ammonia_gas_transforms_ammonia_Region31Xinjiang,168773.64136135587,1.157943592550017e6,0.0,0.0,0.0,0.0,0.0,1.3267172339113727e6
Region1Beijing_ammonia_gas_ccs_transforms_ammonia_Region1Beijing,183450.0292279149,453729.93816212844,0.0,0.0,0.0,0.0,0.0,637179.9673900433
Region2Tianjin_ammonia_gas_ccs_transforms_ammonia_Region2Tianjin,196959.59825399177,453130.188629641,0.0,0.0,0.0,0.0,0.0,650089.7868836328
Region3Hebei_ammonia_gas_ccs_transforms_ammonia_Region3Hebei,189770.82962913945,452983.4276899483,0.0,0.0,0.0,0.0,0.0,642754.2573190877
Region4Shanxi_ammonia_gas_ccs_transforms_ammonia_Region4Shanxi,124719.19026102143,395621.1350877595,0.0,0.0,0.0,0.0,0.0,520340.32534878096
Region5Innermongolia_ammonia_gas_ccs_transforms_ammonia_Region5Innermongolia,205326.88636808333,443108.06969984807,0.0,0.0,0.0,0.0,0.0,648434.9560679314
Region6Liaoning_ammonia_gas_ccs_transforms_ammonia_Region6Liaoning,181361.79318909207,471569.4386873995,0.0,0.0,0.0,0.0,0.0,652931.2318764916
Region7Jilin_ammonia_gas_ccs_transforms_ammonia_Region7Jilin,182598.58604294728,489381.8861671913,0.0,0.0,0.0,0.0,0.0,671980.4722101386
Region8Heilongjiang_ammonia_gas_ccs_transforms_ammonia_Region8Heilongjiang,183487.7047732874,478456.3976539836,0.0,0.0,0.0,0.0,0.0,661944.102427271
Region9Shanghai_ammonia_gas_ccs_transforms_ammonia_Region9Shanghai,86100.95428731771,415234.42971928697,0.0,0.0,0.0,0.0,0.0,501335.38400660467
Region10Jiangsu_ammonia_gas_ccs_transforms_ammonia_Region10Jiangsu,190450.25223500206,455308.15777414595,0.0,0.0,0.0,0.0,0.0,645758.4100091481
Region11Zhejiang_ammonia_gas_ccs_transforms_ammonia_Region11Zhejiang,84175.99960606624,423063.51705423574,0.0,0.0,0.0,0.0,0.0,507239.51666030195
Region12Anhui_ammonia_gas_ccs_transforms_ammonia_Region12Anhui,193195.27146870436,454813.55157276534,0.0,0.0,0.0,0.0,0.0,648008.8230414697
Region13Fujian_ammonia_gas_ccs_transforms_ammonia_Region13Fujian,93002.12348061531,427638.58082878636,0.0,0.0,0.0,0.0,0.0,520640.7043094017
Region14Jiangxi_ammonia_gas_ccs_transforms_ammonia_Region14Jiangxi,136372.97589586402,389729.1408052735,0.0,0.0,0.0,0.0,0.0,526102.1167011375
Region15Shandong_ammonia_gas_ccs_transforms_ammonia_Region15Shandong,182798.85700768873,462821.28033035435,0.0,0.0,0.0,0.0,0.0,645620.1373380431
Region16Henan_ammonia_gas_ccs_transforms_ammonia_Region16Henan,187808.29067423227,458356.48488933215,0.0,0.0,0.0,0.0,0.0,646164.7755635644
Region17Hubei_ammonia_gas_ccs_transforms_ammonia_Region17Hubei,182021.93385956658,474188.0866034425,0.0,0.0,0.0,0.0,0.0,656210.0204630091
Region18Hunan_ammonia_gas_ccs_transforms_ammonia_Region18Hunan,183020.93781075446,423558.1480451608,0.0,0.0,0.0,0.0,0.0,606579.0858559152
Region19Guangdong_ammonia_gas_ccs_transforms_ammonia_Region19Guangdong,158742.30256889586,444299.46058628807,0.0,0.0,0.0,0.0,0.0,603041.763155184
Region20Guangxi_ammonia_gas_ccs_transforms_ammonia_Region20Guangxi,182836.39081823462,481339.2845388109,0.0,0.0,0.0,0.0,0.0,664175.6753570455
Region21Hainan_ammonia_gas_ccs_transforms_ammonia_Region21Hainan,88046.17466239094,435412.89102200745,0.0,0.0,0.0,0.0,0.0,523459.0656843984
Region22Chongqing_ammonia_gas_ccs_transforms_ammonia_Region22Chongqing,154044.95671055856,504489.2101416881,0.0,0.0,0.0,0.0,0.0,658534.1668522467
Region23Sichuan_ammonia_gas_ccs_transforms_ammonia_Region23Sichuan,209616.71956243747,442876.93122358015,0.0,0.0,0.0,0.0,0.0,652493.6507860176
Region24Guizhou_ammonia_gas_ccs_transforms_ammonia_Region24Guizhou,138586.41373996894,400311.21339144267,0.0,0.0,0.0,0.0,0.0,538897.6271314116
Region25Yunnan_ammonia_gas_ccs_transforms_ammonia_Region25Yunnan,183694.96754635387,457993.920936339,0.0,0.0,0.0,0.0,0.0,641688.8884826929
Region26Tibet_ammonia_gas_ccs_transforms_ammonia_Region26Tibet,156474.49395588852,416094.80724523164,0.0,0.0,0.0,0.0,0.0,572569.3012011201
Region27Shaanxi_ammonia_gas_ccs_transforms_ammonia_Region27Shaanxi,182602.9474619905,476025.563818258,0.0,0.0,0.0,0.0,0.0,658628.5112802485
Region28Gansu_ammonia_gas_ccs_transforms_ammonia_Region28Gansu,204707.0241832225,437703.84906699904,0.0,0.0,0.0,0.0,0.0,642410.8732502216
Region29Qinghai_ammonia_gas_ccs_transforms_ammonia_Region29Qinghai,135057.96034393532,465184.50596902537,0.0,0.0,0.0,0.0,0.0,600242.4663129607
Region30Ningxia_ammonia_gas_ccs_transforms_ammonia_Region30Ningxia,160126.19052828997,416509.95992613054,0.0,0.0,0.0,0.0,0.0,576636.1504544205
Region31Xinjiang_ammonia_gas_ccs_transforms_ammonia_Region31Xinjiang,90794.75442247666,433250.8964642365,0.0,0.0,0.0,0.0,0.0,524045.6508867132
Region1Beijing_ammonia_h2_transforms_ammonia_Region1Beijing,1.1513344439872217e6,1.227776869293761e6,0.0,0.0,0.0,0.0,0.0,2.379111313280983e6
Region2Tianjin_ammonia_h2_transforms_ammonia_Region2Tianjin,397056.3208622014,689009.7898463991,0.0,0.0,0.0,0.0,0.0,1.0860661107086004e6
Region3Hebei_ammonia_h2_transforms_ammonia_Region3Hebei,128040.32281144452,475127.0858796174,0.0,0.0,0.0,0.0,0.0,603167.4086910619
Region4Shanxi_ammonia_h2_transforms_ammonia_Region4Shanxi,76328.76360147822,416854.6612070133,0.0,0.0,0.0,0.0,0.0,493183.4248084915
Region5Innermongolia_ammonia_h2_transforms_ammonia_Region5Innermongolia,57352.670835145436,399793.57175395516,0.0,0.0,0.0,0.0,0.0,457146.2425891006
Region6Liaoning_ammonia_h2_transforms_ammonia_Region6Liaoning,927194.6073671686,1.192481811331688e6,0.0,0.0,0.0,0.0,0.0,2.1196764186988566e6
Region7Jilin_ammonia_h2_transforms_ammonia_Region7Jilin,3.0856165740625805e8,2.323801995879375e8,0.0,0.0,0.0,0.0,0.0,5.409418569941956e8
Region8Heilongjiang_ammonia_h2_transforms_ammonia_Region8Heilongjiang,4.924166382957724e6,4.399626879036087e6,0.0,0.0,0.0,0.0,0.0,9.32379326199381e6
Region9Shanghai_ammonia_h2_transforms_ammonia_Region9Shanghai,433891.5843026556,689380.9938885937,0.0,0.0,0.0,0.0,0.0,1.1232725781912494e6
Region10Jiangsu_ammonia_h2_transforms_ammonia_Region10Jiangsu,103615.38502111795,459153.40359548817,0.0,0.0,0.0,0.0,0.0,562768.7886166062
Region11Zhejiang_ammonia_h2_transforms_ammonia_Region11Zhejiang,2.146343942541258e6,2.003424097570068e6,0.0,0.0,0.0,0.0,0.0,4.1497680401113257e6
Region12Anhui_ammonia_h2_transforms_ammonia_Region12Anhui,379973.40032302536,687730.1028453122,0.0,0.0,0.0,0.0,0.0,1.0677035031683375e6
Region13Fujian_ammonia_h2_transforms_ammonia_Region13Fujian,2.769529311181593e6,2.4842015064182826e6,0.0,0.0,0.0,0.0,0.0,5.253730817599876e6
Region14Jiangxi_ammonia_h2_transforms_ammonia_Region14Jiangxi,2.9496807321054584e8,2.2175172658500442e8,0.0,0.0,0.0,0.0,0.0,5.167197997955502e8
Region15Shandong_ammonia_h2_transforms_ammonia_Region15Shandong,412117.3218421911,706210.357147591,0.0,0.0,0.0,0.0,0.0,1.118327678989782e6
Region16Henan_ammonia_h2_transforms_ammonia_Region16Henan,63587.55358820236,447441.39919888275,0.0,0.0,0.0,0.0,0.0,511028.9527870851
Region17Hubei_ammonia_h2_transforms_ammonia_Region17Hubei,1.737199707890986e6,1.7354475726834596e6,0.0,0.0,0.0,0.0,0.0,3.4726472805744456e6
Region18Hunan_ammonia_h2_transforms_ammonia_Region18Hunan,1.730894539034491e8,1.314930821437768e8,0.0,0.0,0.0,0.0,0.0,3.045825360472259e8
Region19Guangdong_ammonia_h2_transforms_ammonia_Region19Guangdong,4.393895464754933e6,3.6716529900384997e6,0.0,0.0,0.0,0.0,0.0,8.065548454793433e6
Region20Guangxi_ammonia_h2_transforms_ammonia_Region20Guangxi,7.777615563310117e8,5.838400414029168e8,0.0,0.0,0.0,0.0,0.0,1.3616015977339284e9
Region21Hainan_ammonia_h2_transforms_ammonia_Region21Hainan,3.0698438998986473e6,3.4563625810678066e6,0.0,0.0,0.0,0.0,0.0,6.526206480966454e6
Region22Chongqing_ammonia_h2_transforms_ammonia_Region22Chongqing,514995.50100821746,803928.4037751373,0.0,0.0,0.0,0.0,0.0,1.3189239047833546e6
Region23Sichuan_ammonia_h2_transforms_ammonia_Region23Sichuan,3.465352450260523e6,3.0144151230963944e6,0.0,0.0,0.0,0.0,0.0,6.479767573356917e6
Region24Guizhou_ammonia_h2_transforms_ammonia_Region24Guizhou,4.420212231876949e8,3.319135637172788e8,0.0,0.0,0.0,0.0,0.0,7.739347869049737e8
Region25Yunnan_ammonia_h2_transforms_ammonia_Region25Yunnan,863214.5334744249,1.0208641813129701e6,0.0,0.0,0.0,0.0,0.0,1.884078714787395e6
Region26Tibet_ammonia_h2_transforms_ammonia_Region26Tibet,59579.05729055671,379678.1174853741,0.0,0.0,0.0,0.0,0.0,439257.1747759308
Region27Shaanxi_ammonia_h2_transforms_ammonia_Region27Shaanxi,45137.43312004892,451701.7944378099,0.0,0.0,0.0,0.0,0.0,496839.2275578588
Region28Gansu_ammonia_h2_transforms_ammonia_Region28Gansu,2.958220217227337e8,2.2287943206091374e8,0.0,0.0,0.0,0.0,0.0,5.187014537836474e8
Region29Qinghai_ammonia_h2_transforms_ammonia_Region29Qinghai,453964.1662022209,720828.7525144999,0.0,0.0,0.0,0.0,0.0,1.1747929187167208e6
Region30Ningxia_ammonia_h2_transforms_ammonia_Region30Ningxia,197730.39207655162,500882.51604755444,0.0,0.0,0.0,0.0,0.0,698612.908124106
Region31Xinjiang_ammonia_h2_transforms_ammonia_Region31Xinjiang,560809.3688126286,828299.3113035614,0.0,0.0,0.0,0.0,0.0,1.38910868011619e6
cement_Region1Beijing_cement_Region2Tianjin,0.0,0.0,5083.501420560324,0.0,0.0,0.0,0.0,5083.501420560324
cement_Region1Beijing_cement_Region3Hebei,0.0,0.0,1452.948883488144,0.0,0.0,0.0,0.0,1452.948883488144
cement_Region1Beijing_cement_Region4Shanxi,0.0,0.0,1679.0170792950132,0.0,0.0,0.0,0.0,1679.0170792950132
cement_Region1Beijing_cement_Region5Innermongolia,0.0,0.0,1116.4019421202506,0.0,0.0,0.0,0.0,1116.4019421202506
cement_Region1Beijing_cement_Region6Liaoning,0.0,0.0,1760.1513042078673,0.0,0.0,0.0,0.0,1760.1513042078673
cement_Region1Beijing_cement_Region7Jilin,0.0,0.0,1823.3802238921737,0.0,0.0,0.0,0.0,1823.3802238921737
cement_Region1Beijing_cement_Region8Heilongjiang,0.0,0.0,1888.1301317528082,0.0,0.0,0.0,0.0,1888.1301317528082
cement_Region1Beijing_cement_Region9Shanghai,0.0,0.0,2390.5329701821342,0.0,0.0,0.0,0.0,2390.5329701821342
cement_Region1Beijing_cement_Region10Jiangsu,0.0,0.0,4193.528918655967,0.0,0.0,0.0,0.0,4193.528918655967
cement_Region1Beijing_cement_Region11Zhejiang,0.0,0.0,1986.867178091975,0.0,0.0,0.0,0.0,1986.867178091975
cement_Region1Beijing_cement_Region12Anhui,0.0,0.0,2172.3899040743895,0.0,0.0,0.0,0.0,2172.3899040743895
cement_Region1Beijing_cement_Region13Fujian,0.0,0.0,2003.5395370366016,0.0,0.0,0.0,0.0,2003.5395370366016
cement_Region1Beijing_cement_Region14Jiangxi,0.0,0.0,2990.033601949056,0.0,0.0,0.0,0.0,2990.033601949056
cement_Region1Beijing_cement_Region15Shandong,0.0,0.0,4674.011468677249,0.0,0.0,0.0,0.0,4674.011468677249
cement_Region1Beijing_cement_Region16Henan,0.0,0.0,2894.7236455076695,0.0,0.0,0.0,0.0,2894.7236455076695
cement_Region1Beijing_cement_Region17Hubei,0.0,0.0,3236.658971937579,0.0,0.0,0.0,0.0,3236.658971937579
cement_Region1Beijing_cement_Region18Hunan,0.0,0.0,3733.9260535650938,0.0,0.0,0.0,0.0,3733.9260535650938
cement_Region1Beijing_cement_Region19Guangdong,0.0,0.0,2835.7128693906207,0.0,0.0,0.0,0.0,2835.7128693906207
cement_Region1Beijing_cement_Region20Guangxi,0.0,0.0,2674.059496693553,0.0,0.0,0.0,0.0,2674.059496693553
cement_Region1Beijing_cement_Region21Hainan,0.0,0.0,2306.4064865319206,0.0,0.0,0.0,0.0,2306.4064865319206
cement_Region1Beijing_cement_Region22Chongqing,0.0,0.0,2086.4111175406065,0.0,0.0,0.0,0.0,2086.4111175406065
cement_Region1Beijing_cement_Region23Sichuan,0.0,0.0,2336.544995409072,0.0,0.0,0.0,0.0,2336.544995409072
cement_Region1Beijing_cement_Region24Guizhou,0.0,0.0,2777.236957618577,0.0,0.0,0.0,0.0,2777.236957618577
cement_Region1Beijing_cement_Region25Yunnan,0.0,0.0,1638.7853681505903,0.0,0.0,0.0,0.0,1638.7853681505903
cement_Region1Beijing_cement_Region27Shaanxi,0.0,0.0,1494.9113608319549,0.0,0.0,0.0,0.0,1494.9113608319549
cement_Region1Beijing_cement_Region28Gansu,0.0,0.0,2041.387532707063,0.0,0.0,0.0,0.0,2041.387532707063
cement_Region1Beijing_cement_Region29Qinghai,0.0,0.0,2004.9257334067781,0.0,0.0,0.0,0.0,2004.9257334067781
cement_Region1Beijing_cement_Region30Ningxia,0.0,0.0,1892.9122140578963,0.0,0.0,0.0,0.0,1892.9122140578963
cement_Region1Beijing_cement_Region31Xinjiang,0.0,0.0,2225.7244491966635,0.0,0.0,0.0,0.0,2225.7244491966635
cement_Region2Tianjin_cement_Region1Beijing,0.0,0.0,1303.182497515794,0.0,0.0,0.0,0.0,1303.182497515794
cement_Region2Tianjin_cement_Region3Hebei,0.0,0.0,1260.246214029004,0.0,0.0,0.0,0.0,1260.246214029004
cement_Region2Tianjin_cement_Region4Shanxi,0.0,0.0,1542.7578137031107,0.0,0.0,0.0,0.0,1542.7578137031107
cement_Region2Tianjin_cement_Region5Innermongolia,0.0,0.0,1196.4463549050956,0.0,0.0,0.0,0.0,1196.4463549050956
cement_Region2Tianjin_cement_Region6Liaoning,0.0,0.0,1690.4380549692041,0.0,0.0,0.0,0.0,1690.4380549692041
cement_Region2Tianjin_cement_Region7Jilin,0.0,0.0,1775.8779704549484,0.0,0.0,0.0,0.0,1775.8779704549484
cement_Region2Tianjin_cement_Region8Heilongjiang,0.0,0.0,1837.9838423759268,0.0,0.0,0.0,0.0,1837.9838423759268
cement_Region2Tianjin_cement_Region9Shanghai,0.0,0.0,2200.0486141661727,0.0,0.0,0.0,0.0,2200.0486141661727
cement_Region2Tianjin_cement_Region10Jiangsu,0.0,0.0,4056.5554683344903,0.0,0.0,0.0,0.0,4056.5554683344903
cement_Region2Tianjin_cement_Region11Zhejiang,0.0,0.0,1529.586312814678,0.0,0.0,0.0,0.0,1529.586312814678
cement_Region2Tianjin_cement_Region12Anhui,0.0,0.0,2072.9989986517326,0.0,0.0,0.0,0.0,2072.9989986517326
cement_Region2Tianjin_cement_Region13Fujian,0.0,0.0,2001.3443161296764,0.0,0.0,0.0,0.0,2001.3443161296764
cement_Region2Tianjin_cement_Region14Jiangxi,0.0,0.0,2716.6505943876905,0.0,0.0,0.0,0.0,2716.6505943876905
cement_Region2Tianjin_cement_Region15Shandong,0.0,0.0,4194.780946381572,0.0,0.0,0.0,0.0,4194.780946381572
cement_Region2Tianjin_cement_Region16Henan,0.0,0.0,2550.350923174703,0.0,0.0,0.0,0.0,2550.350923174703
cement_Region2Tianjin_cement_Region17Hubei,0.0,0.0,2876.4683733454913,0.0,0.0,0.0,0.0,2876.4683733454913
cement_Region2Tianjin_cement_Region18Hunan,0.0,0.0,3424.0418005406545,0.0,0.0,0.0,0.0,3424.0418005406545
cement_Region2Tianjin_cement_Region19Guangdong,0.0,0.0,2764.9996127378627,0.0,0.0,0.0,0.0,2764.9996127378627
cement_Region2Tianjin_cement_Region20Guangxi,0.0,0.0,2610.2036400046854,0.0,0.0,0.0,0.0,2610.2036400046854
cement_Region2Tianjin_cement_Region21Hainan,0.0,0.0,2267.608083071905,0.0,0.0,0.0,0.0,2267.608083071905
cement_Region2Tianjin_cement_Region22Chongqing,0.0,0.0,2093.3052208964805,0.0,0.0,0.0,0.0,2093.3052208964805
cement_Region2Tianjin_cement_Region23Sichuan,0.0,0.0,2283.2460187832876,0.0,0.0,0.0,0.0,2283.2460187832876
cement_Region2Tianjin_cement_Region24Guizhou,0.0,0.0,2706.4362957570047,0.0,0.0,0.0,0.0,2706.4362957570047
cement_Region2Tianjin_cement_Region25Yunnan,0.0,0.0,1640.5951962904126,0.0,0.0,0.0,0.0,1640.5951962904126
cement_Region2Tianjin_cement_Region27Shaanxi,0.0,0.0,1526.7751065331415,0.0,0.0,0.0,0.0,1526.7751065331415
cement_Region2Tianjin_cement_Region28Gansu,0.0,0.0,1992.1560893042624,0.0,0.0,0.0,0.0,1992.1560893042624
cement_Region2Tianjin_cement_Region29Qinghai,0.0,0.0,1963.2614186810792,0.0,0.0,0.0,0.0,1963.2614186810792
cement_Region2Tianjin_cement_Region30Ningxia,0.0,0.0,1843.2673061761866,0.0,0.0,0.0,0.0,1843.2673061761866
cement_Region2Tianjin_cement_Region31Xinjiang,0.0,0.0,2199.882939590846,0.0,0.0,0.0,0.0,2199.882939590846
cement_Region3Hebei_cement_Region1Beijing,0.0,0.0,2104.2044699993953,0.0,0.0,0.0,0.0,2104.2044699993953
cement_Region3Hebei_cement_Region2Tianjin,0.0,0.0,2475.5731842737973,0.0,0.0,0.0,0.0,2475.5731842737973
cement_Region3Hebei_cement_Region4Shanxi,0.0,0.0,1465.0713967663005,0.0,0.0,0.0,0.0,1465.0713967663005
cement_Region3Hebei_cement_Region5Innermongolia,0.0,0.0,1268.5998494463936,0.0,0.0,0.0,0.0,1268.5998494463936
cement_Region3Hebei_cement_Region6Liaoning,0.0,0.0,1940.7637525756172,0.0,0.0,0.0,0.0,1940.7637525756172
cement_Region3Hebei_cement_Region7Jilin,0.0,0.0,1985.9200275489998,0.0,0.0,0.0,0.0,1985.9200275489998
cement_Region3Hebei_cement_Region8Heilongjiang,0.0,0.0,2007.3473329132798,0.0,0.0,0.0,0.0,2007.3473329132798
cement_Region3Hebei_cement_Region9Shanghai,0.0,0.0,2487.9206455427066,0.0,0.0,0.0,0.0,2487.9206455427066
cement_Region3Hebei_cement_Region10Jiangsu,0.0,0.0,4514.7983717956095,0.0,0.0,0.0,0.0,4514.7983717956095
cement_Region3Hebei_cement_Region11Zhejiang,0.0,0.0,1978.5102684045316,0.0,0.0,0.0,0.0,1978.5102684045316
cement_Region3Hebei_cement_Region12Anhui,0.0,0.0,1592.8620099875798,0.0,0.0,0.0,0.0,1592.8620099875798
cement_Region3Hebei_cement_Region13Fujian,0.0,0.0,2145.288921628158,0.0,0.0,0.0,0.0,2145.288921628158
cement_Region3Hebei_cement_Region14Jiangxi,0.0,0.0,3909.159162083677,0.0,0.0,0.0,0.0,3909.159162083677
cement_Region3Hebei_cement_Region15Shandong,0.0,0.0,6011.529880735935,0.0,0.0,0.0,0.0,6011.529880735935
cement_Region3Hebei_cement_Region16Henan,0.0,0.0,1535.9704778549622,0.0,0.0,0.0,0.0,1535.9704778549622
cement_Region3Hebei_cement_Region17Hubei,0.0,0.0,4330.957557593701,0.0,0.0,0.0,0.0,4330.957557593701
cement_Region3Hebei_cement_Region18Hunan,0.0,0.0,4522.994615776399,0.0,0.0,0.0,0.0,4522.994615776399
cement_Region3Hebei_cement_Region19Guangdong,0.0,0.0,2958.870131295085,0.0,0.0,0.0,0.0,2958.870131295085
cement_Region3Hebei_cement_Region20Guangxi,0.0,0.0,2723.522579516714,0.0,0.0,0.0,0.0,2723.522579516714
cement_Region3Hebei_cement_Region21Hainan,0.0,0.0,2302.7504847975533,0.0,0.0,0.0,0.0,2302.7504847975533
cement_Region3Hebei_cement_Region22Chongqing,0.0,0.0,2026.9565253464389,0.0,0.0,0.0,0.0,2026.9565253464389
cement_Region3Hebei_cement_Region23Sichuan,0.0,0.0,2375.456082452155,0.0,0.0,0.0,0.0,2375.456082452155
cement_Region3Hebei_cement_Region24Guizhou,0.0,0.0,2844.3940713639804,0.0,0.0,0.0,0.0,2844.3940713639804
cement_Region3Hebei_cement_Region25Yunnan,0.0,0.0,1612.2330453065968,0.0,0.0,0.0,0.0,1612.2330453065968
cement_Region3Hebei_cement_Region27Shaanxi,0.0,0.0,1425.403323256533,0.0,0.0,0.0,0.0,1425.403323256533
cement_Region3Hebei_cement_Region28Gansu,0.0,0.0,2034.135121381326,0.0,0.0,0.0,0.0,2034.135121381326
cement_Region3Hebei_cement_Region29Qinghai,0.0,0.0,1979.6560019554654,0.0,0.0,0.0,0.0,1979.6560019554654
cement_Region3Hebei_cement_Region30Ningxia,0.0,0.0,1853.74645321112,0.0,0.0,0.0,0.0,1853.74645321112
cement_Region3Hebei_cement_Region31Xinjiang,0.0,0.0,2246.267776744929,0.0,0.0,0.0,0.0,2246.267776744929
cement_Region4Shanxi_cement_Region1Beijing,0.0,0.0,2375.9038275172343,0.0,0.0,0.0,0.0,2375.9038275172343
cement_Region4Shanxi_cement_Region2Tianjin,0.0,0.0,2568.286546917316,0.0,0.0,0.0,0.0,2568.286546917316
cement_Region4Shanxi_cement_Region3Hebei,0.0,0.0,935.944062399728,0.0,0.0,0.0,0.0,935.944062399728
cement_Region4Shanxi_cement_Region5Innermongolia,0.0,0.0,1163.400998006828,0.0,0.0,0.0,0.0,1163.400998006828
cement_Region4Shanxi_cement_Region6Liaoning,0.0,0.0,2054.818578786522,0.0,0.0,0.0,0.0,2054.818578786522
cement_Region4Shanxi_cement_Region7Jilin,0.0,0.0,2084.7808548422054,0.0,0.0,0.0,0.0,2084.7808548422054
cement_Region4Shanxi_cement_Region8Heilongjiang,0.0,0.0,2098.6959833324036,0.0,0.0,0.0,0.0,2098.6959833324036
cement_Region4Shanxi_cement_Region9Shanghai,0.0,0.0,2602.895969318055,0.0,0.0,0.0,0.0,2602.895969318055
cement_Region4Shanxi_cement_Region10Jiangsu,0.0,0.0,4421.6721021471985,0.0,0.0,0.0,0.0,4421.6721021471985
cement_Region4Shanxi_cement_Region11Zhejiang,0.0,0.0,2456.9174316153517,0.0,0.0,0.0,0.0,2456.9174316153517
cement_Region4Shanxi_cement_Region12Anhui,0.0,0.0,4909.726914579602,0.0,0.0,0.0,0.0,4909.726914579602
cement_Region4Shanxi_cement_Region13Fujian,0.0,0.0,2258.667674661208,0.0,0.0,0.0,0.0,2258.667674661208
cement_Region4Shanxi_cement_Region14Jiangxi,0.0,0.0,4504.390484968873,0.0,0.0,0.0,0.0,4504.390484968873
cement_Region4Shanxi_cement_Region15Shandong,0.0,0.0,5053.996573452179,0.0,0.0,0.0,0.0,5053.996573452179
cement_Region4Shanxi_cement_Region16Henan,0.0,0.0,1037.6338957431522,0.0,0.0,0.0,0.0,1037.6338957431522
cement_Region4Shanxi_cement_Region17Hubei,0.0,0.0,4944.005920704314,0.0,0.0,0.0,0.0,4944.005920704314
cement_Region4Shanxi_cement_Region18Hunan,0.0,0.0,4781.556325599391,0.0,0.0,0.0,0.0,4781.556325599391
cement_Region4Shanxi_cement_Region19Guangdong,0.0,0.0,3117.0850851419937,0.0,0.0,0.0,0.0,3117.0850851419937
cement_Region4Shanxi_cement_Region20Guangxi,0.0,0.0,2943.7609641544577,0.0,0.0,0.0,0.0,2943.7609641544577
cement_Region4Shanxi_cement_Region21Hainan,0.0,0.0,2374.369810301733,0.0,0.0,0.0,0.0,2374.369810301733
cement_Region4Shanxi_cement_Region22Chongqing,0.0,0.0,2056.631552771981,0.0,0.0,0.0,0.0,2056.631552771981
cement_Region4Shanxi_cement_Region23Sichuan,0.0,0.0,2437.0151344283076,0.0,0.0,0.0,0.0,2437.0151344283076
cement_Region4Shanxi_cement_Region24Guizhou,0.0,0.0,3145.1765204878902,0.0,0.0,0.0,0.0,3145.1765204878902
cement_Region4Shanxi_cement_Region25Yunnan,0.0,0.0,1876.0469308291877,0.0,0.0,0.0,0.0,1876.0469308291877
cement_Region4Shanxi_cement_Region27Shaanxi,0.0,0.0,2666.6946485967787,0.0,0.0,0.0,0.0,2666.6946485967787
cement_Region4Shanxi_cement_Region28Gansu,0.0,0.0,2091.873548963286,0.0,0.0,0.0,0.0,2091.873548963286
cement_Region4Shanxi_cement_Region29Qinghai,0.0,0.0,2017.3071240179765,0.0,0.0,0.0,0.0,2017.3071240179765
cement_Region4Shanxi_cement_Region30Ningxia,0.0,0.0,1896.0423053450154,0.0,0.0,0.0,0.0,1896.0423053450154
cement_Region4Shanxi_cement_Region31Xinjiang,0.0,0.0,2279.717892415169,0.0,0.0,0.0,0.0,2279.717892415169
cement_Region5Innermongolia_cement_Region1Beijing,0.0,0.0,6165.162391417015,0.0,0.0,0.0,0.0,6165.162391417015
cement_Region5Innermongolia_cement_Region2Tianjin,0.0,0.0,5967.660421745744,0.0,0.0,0.0,0.0,5967.660421745744
cement_Region5Innermongolia_cement_Region3Hebei,0.0,0.0,4019.1605726645007,0.0,0.0,0.0,0.0,4019.1605726645007
cement_Region5Innermongolia_cement_Region4Shanxi,0.0,0.0,5726.000908337948,0.0,0.0,0.0,0.0,5726.000908337948
cement_Region5Innermongolia_cement_Region6Liaoning,0.0,0.0,2223.6249784327215,0.0,0.0,0.0,0.0,2223.6249784327215
cement_Region5Innermongolia_cement_Region7Jilin,0.0,0.0,2197.932302430332,0.0,0.0,0.0,0.0,2197.932302430332
cement_Region5Innermongolia_cement_Region8Heilongjiang,0.0,0.0,2249.2711950055027,0.0,0.0,0.0,0.0,2249.2711950055027
cement_Region5Innermongolia_cement_Region9Shanghai,0.0,0.0,2854.09093490708,0.0,0.0,0.0,0.0,2854.09093490708
cement_Region5Innermongolia_cement_Region10Jiangsu,0.0,0.0,4947.180023466031,0.0,0.0,0.0,0.0,4947.180023466031
cement_Region5Innermongolia_cement_Region11Zhejiang,0.0,0.0,1582.7013268527517,0.0,0.0,0.0,0.0,1582.7013268527517
cement_Region5Innermongolia_cement_Region12Anhui,0.0,0.0,5449.2213888519855,0.0,0.0,0.0,0.0,5449.2213888519855
cement_Region5Innermongolia_cement_Region13Fujian,0.0,0.0,2455.083205611077,0.0,0.0,0.0,0.0,2455.083205611077
cement_Region5Innermongolia_cement_Region14Jiangxi,0.0,0.0,4703.787883821795,0.0,0.0,0.0,0.0,4703.787883821795
cement_Region5Innermongolia_cement_Region15Shandong,0.0,0.0,6094.117429685955,0.0,0.0,0.0,0.0,6094.117429685955
cement_Region5Innermongolia_cement_Region16Henan,0.0,0.0,6333.177476353308,0.0,0.0,0.0,0.0,6333.177476353308
cement_Region5Innermongolia_cement_Region17Hubei,0.0,0.0,5163.7091164948215,0.0,0.0,0.0,0.0,5163.7091164948215
cement_Region5Innermongolia_cement_Region18Hunan,0.0,0.0,4972.845453819897,0.0,0.0,0.0,0.0,4972.845453819897
cement_Region5Innermongolia_cement_Region19Guangdong,0.0,0.0,3329.4461320872365,0.0,0.0,0.0,0.0,3329.4461320872365
cement_Region5Innermongolia_cement_Region20Guangxi,0.0,0.0,3113.6805058168793,0.0,0.0,0.0,0.0,3113.6805058168793
cement_Region5Innermongolia_cement_Region21Hainan,0.0,0.0,2558.572980702065,0.0,0.0,0.0,0.0,2558.572980702065
cement_Region5Innermongolia_cement_Region22Chongqing,0.0,0.0,2239.60133121438,0.0,0.0,0.0,0.0,2239.60133121438
cement_Region5Innermongolia_cement_Region23Sichuan,0.0,0.0,2635.491049211057,0.0,0.0,0.0,0.0,2635.491049211057
cement_Region5Innermongolia_cement_Region24Guizhou,0.0,0.0,3524.496470984193,0.0,0.0,0.0,0.0,3524.496470984193
cement_Region5Innermongolia_cement_Region25Yunnan,0.0,0.0,2153.484818702287,0.0,0.0,0.0,0.0,2153.484818702287
cement_Region5Innermongolia_cement_Region27Shaanxi,0.0,0.0,4361.996493418314,0.0,0.0,0.0,0.0,4361.996493418314
cement_Region5Innermongolia_cement_Region28Gansu,0.0,0.0,2517.0283165547103,0.0,0.0,0.0,0.0,2517.0283165547103
cement_Region5Innermongolia_cement_Region29Qinghai,0.0,0.0,2371.9697390979427,0.0,0.0,0.0,0.0,2371.9697390979427
cement_Region5Innermongolia_cement_Region30Ningxia,0.0,0.0,1982.0443512423637,0.0,0.0,0.0,0.0,1982.0443512423637
cement_Region5Innermongolia_cement_Region31Xinjiang,0.0,0.0,2433.395765783667,0.0,0.0,0.0,0.0,2433.395765783667
cement_Region6Liaoning_cement_Region1Beijing,0.0,0.0,2284.633399878037,0.0,0.0,0.0,0.0,2284.633399878037
cement_Region6Liaoning_cement_Region2Tianjin,0.0,0.0,2535.7175368611183,0.0,0.0,0.0,0.0,2535.7175368611183
cement_Region6Liaoning_cement_Region3Hebei,0.0,0.0,2203.3079038768547,0.0,0.0,0.0,0.0,2203.3079038768547
cement_Region6Liaoning_cement_Region4Shanxi,0.0,0.0,2079.8259291902154,0.0,0.0,0.0,0.0,2079.8259291902154
cement_Region6Liaoning_cement_Region5Innermongolia,0.0,0.0,1729.1234038207062,0.0,0.0,0.0,0.0,1729.1234038207062
cement_Region6Liaoning_cement_Region7Jilin,0.0,0.0,1825.785058858828,0.0,0.0,0.0,0.0,1825.785058858828
cement_Region6Liaoning_cement_Region8Heilongjiang,0.0,0.0,1812.0793680157556,0.0,0.0,0.0,0.0,1812.0793680157556
cement_Region6Liaoning_cement_Region9Shanghai,0.0,0.0,2648.5250936581433,0.0,0.0,0.0,0.0,2648.5250936581433
cement_Region6Liaoning_cement_Region10Jiangsu,0.0,0.0,3332.3716042756337,0.0,0.0,0.0,0.0,3332.3716042756337
cement_Region6Liaoning_cement_Region11Zhejiang,0.0,0.0,2668.112711190665,0.0,0.0,0.0,0.0,2668.112711190665
cement_Region6Liaoning_cement_Region12Anhui,0.0,0.0,3901.0969170483804,0.0,0.0,0.0,0.0,3901.0969170483804
cement_Region6Liaoning_cement_Region13Fujian,0.0,0.0,1939.3931318300622,0.0,0.0,0.0,0.0,1939.3931318300622
cement_Region6Liaoning_cement_Region14Jiangxi,0.0,0.0,2770.608125369142,0.0,0.0,0.0,0.0,2770.608125369142
cement_Region6Liaoning_cement_Region15Shandong,0.0,0.0,2500.4371570884705,0.0,0.0,0.0,0.0,2500.4371570884705
cement_Region6Liaoning_cement_Region16Henan,0.0,0.0,2788.5647357761554,0.0,0.0,0.0,0.0,2788.5647357761554
cement_Region6Liaoning_cement_Region17Hubei,0.0,0.0,3066.996753959341,0.0,0.0,0.0,0.0,3066.996753959341
cement_Region6Liaoning_cement_Region18Hunan,0.0,0.0,3318.9581158255446,0.0,0.0,0.0,0.0,3318.9581158255446
cement_Region6Liaoning_cement_Region19Guangdong,0.0,0.0,2817.127873714463,0.0,0.0,0.0,0.0,2817.127873714463
cement_Region6Liaoning_cement_Region20Guangxi,0.0,0.0,2712.201207279246,0.0,0.0,0.0,0.0,2712.201207279246
cement_Region6Liaoning_cement_Region21Hainan,0.0,0.0,2425.0517591844123,0.0,0.0,0.0,0.0,2425.0517591844123
cement_Region6Liaoning_cement_Region22Chongqing,0.0,0.0,2386.8412144935437,0.0,0.0,0.0,0.0,2386.8412144935437
cement_Region6Liaoning_cement_Region23Sichuan,0.0,0.0,2513.0665570612873,0.0,0.0,0.0,0.0,2513.0665570612873
cement_Region6Liaoning_cement_Region24Guizhou,0.0,0.0,2866.89044714205,0.0,0.0,0.0,0.0,2866.89044714205
cement_Region6Liaoning_cement_Region25Yunnan,0.0,0.0,1889.4130615668455,0.0,0.0,0.0,0.0,1889.4130615668455
cement_Region6Liaoning_cement_Region27Shaanxi,0.0,0.0,2004.2559793703583,0.0,0.0,0.0,0.0,2004.2559793703583
cement_Region6Liaoning_cement_Region28Gansu,0.0,0.0,2218.848233039567,0.0,0.0,0.0,0.0,2218.848233039567
cement_Region6Liaoning_cement_Region29Qinghai,0.0,0.0,2178.8363621993717,0.0,0.0,0.0,0.0,2178.8363621993717
cement_Region6Liaoning_cement_Region30Ningxia,0.0,0.0,2165.793523606522,0.0,0.0,0.0,0.0,2165.793523606522
cement_Region6Liaoning_cement_Region31Xinjiang,0.0,0.0,2297.9597353904487,0.0,0.0,0.0,0.0,2297.9597353904487
cement_Region7Jilin_cement_Region1Beijing,0.0,0.0,2364.27499754689,0.0,0.0,0.0,0.0,2364.27499754689
cement_Region7Jilin_cement_Region2Tianjin,0.0,0.0,2523.9318023788173,0.0,0.0,0.0,0.0,2523.9318023788173
cement_Region7Jilin_cement_Region3Hebei,0.0,0.0,2309.1016734031377,0.0,0.0,0.0,0.0,2309.1016734031377
cement_Region7Jilin_cement_Region4Shanxi,0.0,0.0,2189.1736460216084,0.0,0.0,0.0,0.0,2189.1736460216084
cement_Region7Jilin_cement_Region5Innermongolia,0.0,0.0,1853.0619770027536,0.0,0.0,0.0,0.0,1853.0619770027536
cement_Region7Jilin_cement_Region6Liaoning,0.0,0.0,2276.3547509241594,0.0,0.0,0.0,0.0,2276.3547509241594
cement_Region7Jilin_cement_Region8Heilongjiang,0.0,0.0,1683.1370974058384,0.0,0.0,0.0,0.0,1683.1370974058384
cement_Region7Jilin_cement_Region9Shanghai,0.0,0.0,2643.636829891131,0.0,0.0,0.0,0.0,2643.636829891131
cement_Region7Jilin_cement_Region10Jiangsu,0.0,0.0,3153.601230519475,0.0,0.0,0.0,0.0,3153.601230519475
cement_Region7Jilin_cement_Region11Zhejiang,0.0,0.0,2645.3568760334674,0.0,0.0,0.0,0.0,2645.3568760334674
cement_Region7Jilin_cement_Region12Anhui,0.0,0.0,3685.925434981379,0.0,0.0,0.0,0.0,3685.925434981379
cement_Region7Jilin_cement_Region13Fujian,0.0,0.0,2014.231423556898,0.0,0.0,0.0,0.0,2014.231423556898
cement_Region7Jilin_cement_Region14Jiangxi,0.0,0.0,2769.529200601324,0.0,0.0,0.0,0.0,2769.529200601324
cement_Region7Jilin_cement_Region15Shandong,0.0,0.0,2525.3783731118274,0.0,0.0,0.0,0.0,2525.3783731118274
cement_Region7Jilin_cement_Region16Henan,0.0,0.0,2772.5591662350207,0.0,0.0,0.0,0.0,2772.5591662350207
cement_Region7Jilin_cement_Region17Hubei,0.0,0.0,2992.129159342113,0.0,0.0,0.0,0.0,2992.129159342113
cement_Region7Jilin_cement_Region18Hunan,0.0,0.0,3219.997929648807,0.0,0.0,0.0,0.0,3219.997929648807
cement_Region7Jilin_cement_Region19Guangdong,0.0,0.0,2839.5762744384074,0.0,0.0,0.0,0.0,2839.5762744384074
cement_Region7Jilin_cement_Region20Guangxi,0.0,0.0,2747.189886378737,0.0,0.0,0.0,0.0,2747.189886378737
cement_Region7Jilin_cement_Region21Hainan,0.0,0.0,2469.0376525289576,0.0,0.0,0.0,0.0,2469.0376525289576
cement_Region7Jilin_cement_Region22Chongqing,0.0,0.0,2432.716657139441,0.0,0.0,0.0,0.0,2432.716657139441
cement_Region7Jilin_cement_Region23Sichuan,0.0,0.0,2548.953076860056,0.0,0.0,0.0,0.0,2548.953076860056
cement_Region7Jilin_cement_Region24Guizhou,0.0,0.0,2869.0733112728317,0.0,0.0,0.0,0.0,2869.0733112728317
cement_Region7Jilin_cement_Region25Yunnan,0.0,0.0,1949.260023640409,0.0,0.0,0.0,0.0,1949.260023640409
cement_Region7Jilin_cement_Region27Shaanxi,0.0,0.0,2098.972269199972,0.0,0.0,0.0,0.0,2098.972269199972
cement_Region7Jilin_cement_Region28Gansu,0.0,0.0,2276.4759446189087,0.0,0.0,0.0,0.0,2276.4759446189087
cement_Region7Jilin_cement_Region29Qinghai,0.0,0.0,2238.20963222221,0.0,0.0,0.0,0.0,2238.20963222221
cement_Region7Jilin_cement_Region30Ningxia,0.0,0.0,2232.102667251356,0.0,0.0,0.0,0.0,2232.102667251356
cement_Region7Jilin_cement_Region31Xinjiang,0.0,0.0,2316.149385013038,0.0,0.0,0.0,0.0,2316.149385013038
cement_Region8Heilongjiang_cement_Region1Beijing,0.0,0.0,2465.784845835349,0.0,0.0,0.0,0.0,2465.784845835349
cement_Region8Heilongjiang_cement_Region2Tianjin,0.0,0.0,2592.950812756962,0.0,0.0,0.0,0.0,2592.950812756962
cement_Region8Heilongjiang_cement_Region3Hebei,0.0,0.0,2405.223856766467,0.0,0.0,0.0,0.0,2405.223856766467
cement_Region8Heilongjiang_cement_Region4Shanxi,0.0,0.0,2285.165452527676,0.0,0.0,0.0,0.0,2285.165452527676
cement_Region8Heilongjiang_cement_Region5Innermongolia,0.0,0.0,1971.5350397507084,0.0,0.0,0.0,0.0,1971.5350397507084
cement_Region8Heilongjiang_cement_Region6Liaoning,0.0,0.0,2257.0179249056855,0.0,0.0,0.0,0.0,2257.0179249056855
cement_Region8Heilongjiang_cement_Region7Jilin,0.0,0.0,1984.2665143063546,0.0,0.0,0.0,0.0,1984.2665143063546
cement_Region8Heilongjiang_cement_Region9Shanghai,0.0,0.0,2661.45863666481,0.0,0.0,0.0,0.0,2661.45863666481
cement_Region8Heilongjiang_cement_Region10Jiangsu,0.0,0.0,3108.1245295310437,0.0,0.0,0.0,0.0,3108.1245295310437
cement_Region8Heilongjiang_cement_Region11Zhejiang,0.0,0.0,2656.1090043511913,0.0,0.0,0.0,0.0,2656.1090043511913
cement_Region8Heilongjiang_cement_Region12Anhui,0.0,0.0,3606.0620416895845,0.0,0.0,0.0,0.0,3606.0620416895845
cement_Region8Heilongjiang_cement_Region13Fujian,0.0,0.0,2055.707536803113,0.0,0.0,0.0,0.0,2055.707536803113
cement_Region8Heilongjiang_cement_Region14Jiangxi,0.0,0.0,2780.80234255077,0.0,0.0,0.0,0.0,2780.80234255077
cement_Region8Heilongjiang_cement_Region15Shandong,0.0,0.0,2576.0383532170654,0.0,0.0,0.0,0.0,2576.0383532170654
cement_Region8Heilongjiang_cement_Region16Henan,0.0,0.0,2806.3218305228424,0.0,0.0,0.0,0.0,2806.3218305228424
cement_Region8Heilongjiang_cement_Region17Hubei,0.0,0.0,2981.471629333277,0.0,0.0,0.0,0.0,2981.471629333277
cement_Region8Heilongjiang_cement_Region18Hunan,0.0,0.0,3193.9465882743843,0.0,0.0,0.0,0.0,3193.9465882743843
cement_Region8Heilongjiang_cement_Region19Guangdong,0.0,0.0,2855.411331609899,0.0,0.0,0.0,0.0,2855.411331609899
cement_Region8Heilongjiang_cement_Region20Guangxi,0.0,0.0,2772.924048368697,0.0,0.0,0.0,0.0,2772.924048368697
cement_Region8Heilongjiang_cement_Region21Hainan,0.0,0.0,2504.237903378739,0.0,0.0,0.0,0.0,2504.237903378739
cement_Region8Heilongjiang_cement_Region22Chongqing,0.0,0.0,2472.6367793376003,0.0,0.0,0.0,0.0,2472.6367793376003
cement_Region8Heilongjiang_cement_Region23Sichuan,0.0,0.0,2586.557152029843,0.0,0.0,0.0,0.0,2586.557152029843
cement_Region8Heilongjiang_cement_Region24Guizhou,0.0,0.0,2886.870064315713,0.0,0.0,0.0,0.0,2886.870064315713
cement_Region8Heilongjiang_cement_Region25Yunnan,0.0,0.0,1985.7583956463143,0.0,0.0,0.0,0.0,1985.7583956463143
cement_Region8Heilongjiang_cement_Region27Shaanxi,0.0,0.0,2169.2979021881133,0.0,0.0,0.0,0.0,2169.2979021881133
cement_Region8Heilongjiang_cement_Region28Gansu,0.0,0.0,2335.0894966634023,0.0,0.0,0.0,0.0,2335.0894966634023
cement_Region8Heilongjiang_cement_Region29Qinghai,0.0,0.0,2297.062921148765,0.0,0.0,0.0,0.0,2297.062921148765
cement_Region8Heilongjiang_cement_Region30Ningxia,0.0,0.0,2300.9905781749612,0.0,0.0,0.0,0.0,2300.9905781749612
cement_Region8Heilongjiang_cement_Region31Xinjiang,0.0,0.0,2347.975832722556,0.0,0.0,0.0,0.0,2347.975832722556
cement_Region9Shanghai_cement_Region1Beijing,0.0,0.0,1918.6797120369954,0.0,0.0,0.0,0.0,1918.6797120369954
cement_Region9Shanghai_cement_Region2Tianjin,0.0,0.0,1965.2510911264937,0.0,0.0,0.0,0.0,1965.2510911264937
cement_Region9Shanghai_cement_Region3Hebei,0.0,0.0,1842.7705805878045,0.0,0.0,0.0,0.0,1842.7705805878045
cement_Region9Shanghai_cement_Region4Shanxi,0.0,0.0,1835.9872150151684,0.0,0.0,0.0,0.0,1835.9872150151684
cement_Region9Shanghai_cement_Region5Innermongolia,0.0,0.0,1721.0017463490135,0.0,0.0,0.0,0.0,1721.0017463490135
cement_Region9Shanghai_cement_Region6Liaoning,0.0,0.0,1984.7708398465832,0.0,0.0,0.0,0.0,1984.7708398465832
cement_Region9Shanghai_cement_Region7Jilin,0.0,0.0,2014.981124859554,0.0,0.0,0.0,0.0,2014.981124859554
cement_Region9Shanghai_cement_Region8Heilongjiang,0.0,0.0,2024.6794464994928,0.0,0.0,0.0,0.0,2024.6794464994928
cement_Region9Shanghai_cement_Region10Jiangsu,0.0,0.0,3987.818002668319,0.0,0.0,0.0,0.0,3987.818002668319
cement_Region9Shanghai_cement_Region11Zhejiang,0.0,0.0,2293.976982461307,0.0,0.0,0.0,0.0,2293.976982461307
cement_Region9Shanghai_cement_Region12Anhui,0.0,0.0,4233.588727618752,0.0,0.0,0.0,0.0,4233.588727618752
cement_Region9Shanghai_cement_Region13Fujian,0.0,0.0,2339.3740699014024,0.0,0.0,0.0,0.0,2339.3740699014024
cement_Region9Shanghai_cement_Region14Jiangxi,0.0,0.0,2461.8031762802425,0.0,0.0,0.0,0.0,2461.8031762802425
cement_Region9Shanghai_cement_Region15Shandong,0.0,0.0,1984.439810725893,0.0,0.0,0.0,0.0,1984.439810725893
cement_Region9Shanghai_cement_Region16Henan,0.0,0.0,2165.7479674876918,0.0,0.0,0.0,0.0,2165.7479674876918
cement_Region9Shanghai_cement_Region17Hubei,0.0,0.0,2765.458585851075,0.0,0.0,0.0,0.0,2765.458585851075
cement_Region9Shanghai_cement_Region18Hunan,0.0,0.0,2984.9276564197035,0.0,0.0,0.0,0.0,2984.9276564197035
cement_Region9Shanghai_cement_Region19Guangdong,0.0,0.0,2628.2511807912983,0.0,0.0,0.0,0.0,2628.2511807912983
cement_Region9Shanghai_cement_Region20Guangxi,0.0,0.0,2456.9604057602537,0.0,0.0,0.0,0.0,2456.9604057602537
cement_Region9Shanghai_cement_Region21Hainan,0.0,0.0,2132.256412760657,0.0,0.0,0.0,0.0,2132.256412760657
cement_Region9Shanghai_cement_Region22Chongqing,0.0,0.0,2096.7123613681993,0.0,0.0,0.0,0.0,2096.7123613681993
cement_Region9Shanghai_cement_Region23Sichuan,0.0,0.0,2227.5925426888325,0.0,0.0,0.0,0.0,2227.5925426888325
cement_Region9Shanghai_cement_Region24Guizhou,0.0,0.0,2453.790764989007,0.0,0.0,0.0,0.0,2453.790764989007
cement_Region9Shanghai_cement_Region25Yunnan,0.0,0.0,1723.9311266751804,0.0,0.0,0.0,0.0,1723.9311266751804
cement_Region9Shanghai_cement_Region27Shaanxi,0.0,0.0,1787.4627498365403,0.0,0.0,0.0,0.0,1787.4627498365403
cement_Region9Shanghai_cement_Region28Gansu,0.0,0.0,2007.0132245376349,0.0,0.0,0.0,0.0,2007.0132245376349
cement_Region9Shanghai_cement_Region29Qinghai,0.0,0.0,1989.4861984696563,0.0,0.0,0.0,0.0,1989.4861984696563
cement_Region9Shanghai_cement_Region30Ningxia,0.0,0.0,1957.1297843341372,0.0,0.0,0.0,0.0,1957.1297843341372
cement_Region9Shanghai_cement_Region31Xinjiang,0.0,0.0,2215.60599173849,0.0,0.0,0.0,0.0,2215.60599173849
cement_Region10Jiangsu_cement_Region1Beijing,0.0,0.0,1690.0398076910458,0.0,0.0,0.0,0.0,1690.0398076910458
cement_Region10Jiangsu_cement_Region2Tianjin,0.0,0.0,1717.1054745393897,0.0,0.0,0.0,0.0,1717.1054745393897
cement_Region10Jiangsu_cement_Region3Hebei,0.0,0.0,1577.8978044241398,0.0,0.0,0.0,0.0,1577.8978044241398
cement_Region10Jiangsu_cement_Region4Shanxi,0.0,0.0,1610.9184403174645,0.0,0.0,0.0,0.0,1610.9184403174645
cement_Region10Jiangsu_cement_Region5Innermongolia,0.0,0.0,1537.7364067367919,0.0,0.0,0.0,0.0,1537.7364067367919
cement_Region10Jiangsu_cement_Region6Liaoning,0.0,0.0,1816.8487014759978,0.0,0.0,0.0,0.0,1816.8487014759978
cement_Region10Jiangsu_cement_Region7Jilin,0.0,0.0,1868.171824822376,0.0,0.0,0.0,0.0,1868.171824822376
cement_Region10Jiangsu_cement_Region8Heilongjiang,0.0,0.0,1892.9169056474004,0.0,0.0,0.0,0.0,1892.9169056474004
cement_Region10Jiangsu_cement_Region9Shanghai,0.0,0.0,1242.1332752700464,0.0,0.0,0.0,0.0,1242.1332752700464
cement_Region10Jiangsu_cement_Region11Zhejiang,0.0,0.0,608.1836143512528,0.0,0.0,0.0,0.0,608.1836143512528
cement_Region10Jiangsu_cement_Region12Anhui,0.0,0.0,2356.473406460143,0.0,0.0,0.0,0.0,2356.473406460143
cement_Region10Jiangsu_cement_Region13Fujian,0.0,0.0,1778.779837519114,0.0,0.0,0.0,0.0,1778.779837519114
cement_Region10Jiangsu_cement_Region14Jiangxi,0.0,0.0,1853.875782557028,0.0,0.0,0.0,0.0,1853.875782557028
cement_Region10Jiangsu_cement_Region15Shandong,0.0,0.0,1645.4458455669069,0.0,0.0,0.0,0.0,1645.4458455669069
cement_Region10Jiangsu_cement_Region16Henan,0.0,0.0,1800.6241031972072,0.0,0.0,0.0,0.0,1800.6241031972072
cement_Region10Jiangsu_cement_Region17Hubei,0.0,0.0,2202.438554223883,0.0,0.0,0.0,0.0,2202.438554223883
cement_Region10Jiangsu_cement_Region18Hunan,0.0,0.0,2562.3924777042457,0.0,0.0,0.0,0.0,2562.3924777042457
cement_Region10Jiangsu_cement_Region19Guangdong,0.0,0.0,2362.470252071328,0.0,0.0,0.0,0.0,2362.470252071328
cement_Region10Jiangsu_cement_Region20Guangxi,0.0,0.0,2258.2090107433605,0.0,0.0,0.0,0.0,2258.2090107433605
cement_Region10Jiangsu_cement_Region21Hainan,0.0,0.0,1989.5766977738592,0.0,0.0,0.0,0.0,1989.5766977738592
cement_Region10Jiangsu_cement_Region22Chongqing,0.0,0.0,1842.7263859953623,0.0,0.0,0.0,0.0,1842.7263859953623
cement_Region10Jiangsu_cement_Region23Sichuan,0.0,0.0,2014.7090964930512,0.0,0.0,0.0,0.0,2014.7090964930512
cement_Region10Jiangsu_cement_Region24Guizhou,0.0,0.0,2229.9129136125107,0.0,0.0,0.0,0.0,2229.9129136125107
cement_Region10Jiangsu_cement_Region25Yunnan,0.0,0.0,1539.7102019046797,0.0,0.0,0.0,0.0,1539.7102019046797
cement_Region10Jiangsu_cement_Region27Shaanxi,0.0,0.0,1514.0189456368594,0.0,0.0,0.0,0.0,1514.0189456368594
cement_Region10Jiangsu_cement_Region28Gansu,0.0,0.0,1833.7941342904846,0.0,0.0,0.0,0.0,1833.7941342904846
cement_Region10Jiangsu_cement_Region29Qinghai,0.0,0.0,1829.525793074005,0.0,0.0,0.0,0.0,1829.525793074005
cement_Region10Jiangsu_cement_Region30Ningxia,0.0,0.0,1760.111793189052,0.0,0.0,0.0,0.0,1760.111793189052
cement_Region10Jiangsu_cement_Region31Xinjiang,0.0,0.0,2133.6597456834857,0.0,0.0,0.0,0.0,2133.6597456834857
cement_Region11Zhejiang_cement_Region1Beijing,0.0,0.0,1907.0552569103397,0.0,0.0,0.0,0.0,1907.0552569103397
cement_Region11Zhejiang_cement_Region2Tianjin,0.0,0.0,1949.1078933315478,0.0,0.0,0.0,0.0,1949.1078933315478
cement_Region11Zhejiang_cement_Region3Hebei,0.0,0.0,1833.18719901916,0.0,0.0,0.0,0.0,1833.18719901916
cement_Region11Zhejiang_cement_Region4Shanxi,0.0,0.0,1828.0519183448473,0.0,0.0,0.0,0.0,1828.0519183448473
cement_Region11Zhejiang_cement_Region5Innermongolia,0.0,0.0,1718.9316977033704,0.0,0.0,0.0,0.0,1718.9316977033704
cement_Region11Zhejiang_cement_Region6Liaoning,0.0,0.0,1987.1517604891937,0.0,0.0,0.0,0.0,1987.1517604891937
cement_Region11Zhejiang_cement_Region7Jilin,0.0,0.0,2017.800052751844,0.0,0.0,0.0,0.0,2017.800052751844
cement_Region11Zhejiang_cement_Region8Heilongjiang,0.0,0.0,2027.2790933073954,0.0,0.0,0.0,0.0,2027.2790933073954
cement_Region11Zhejiang_cement_Region9Shanghai,0.0,0.0,1759.887811131273,0.0,0.0,0.0,0.0,1759.887811131273
cement_Region11Zhejiang_cement_Region10Jiangsu,0.0,0.0,3170.8115410298274,0.0,0.0,0.0,0.0,3170.8115410298274
cement_Region11Zhejiang_cement_Region12Anhui,0.0,0.0,4085.89834286158,0.0,0.0,0.0,0.0,4085.89834286158
cement_Region11Zhejiang_cement_Region13Fujian,0.0,0.0,2404.1803236132564,0.0,0.0,0.0,0.0,2404.1803236132564
cement_Region11Zhejiang_cement_Region14Jiangxi,0.0,0.0,2607.6986650487825,0.0,0.0,0.0,0.0,2607.6986650487825
cement_Region11Zhejiang_cement_Region15Shandong,0.0,0.0,1962.792926690577,0.0,0.0,0.0,0.0,1962.792926690577
cement_Region11Zhejiang_cement_Region16Henan,0.0,0.0,2113.2992080163326,0.0,0.0,0.0,0.0,2113.2992080163326
cement_Region11Zhejiang_cement_Region17Hubei,0.0,0.0,2729.812015469511,0.0,0.0,0.0,0.0,2729.812015469511
cement_Region11Zhejiang_cement_Region18Hunan,0.0,0.0,3023.2777263997577,0.0,0.0,0.0,0.0,3023.2777263997577
cement_Region11Zhejiang_cement_Region19Guangdong,0.0,0.0,2614.1514104042844,0.0,0.0,0.0,0.0,2614.1514104042844
cement_Region11Zhejiang_cement_Region20Guangxi,0.0,0.0,2422.620450189637,0.0,0.0,0.0,0.0,2422.620450189637
cement_Region11Zhejiang_cement_Region21Hainan,0.0,0.0,2090.602115444894,0.0,0.0,0.0,0.0,2090.602115444894
cement_Region11Zhejiang_cement_Region22Chongqing,0.0,0.0,2084.2159162221124,0.0,0.0,0.0,0.0,2084.2159162221124
cement_Region11Zhejiang_cement_Region23Sichuan,0.0,0.0,2204.0972288711273,0.0,0.0,0.0,0.0,2204.0972288711273
cement_Region11Zhejiang_cement_Region24Guizhou,0.0,0.0,2413.092577126275,0.0,0.0,0.0,0.0,2413.092577126275
cement_Region11Zhejiang_cement_Region25Yunnan,0.0,0.0,1711.2802530592628,0.0,0.0,0.0,0.0,1711.2802530592628
cement_Region11Zhejiang_cement_Region27Shaanxi,0.0,0.0,1765.76333021969,0.0,0.0,0.0,0.0,1765.76333021969
cement_Region11Zhejiang_cement_Region28Gansu,0.0,0.0,1984.2244771196429,0.0,0.0,0.0,0.0,1984.2244771196429
cement_Region11Zhejiang_cement_Region29Qinghai,0.0,0.0,1967.8652501842716,0.0,0.0,0.0,0.0,1967.8652501842716
cement_Region11Zhejiang_cement_Region30Ningxia,0.0,0.0,1939.732361358932,0.0,0.0,0.0,0.0,1939.732361358932
cement_Region11Zhejiang_cement_Region31Xinjiang,0.0,0.0,2206.640774602157,0.0,0.0,0.0,0.0,2206.640774602157
cement_Region12Anhui_cement_Region1Beijing,0.0,0.0,1505.2826115753235,0.0,0.0,0.0,0.0,1505.2826115753235
cement_Region12Anhui_cement_Region2Tianjin,0.0,0.0,1514.3085037036521,0.0,0.0,0.0,0.0,1514.3085037036521
cement_Region12Anhui_cement_Region3Hebei,0.0,0.0,1363.2551733179469,0.0,0.0,0.0,0.0,1363.2551733179469
cement_Region12Anhui_cement_Region4Shanxi,0.0,0.0,1392.7404995747174,0.0,0.0,0.0,0.0,1392.7404995747174
cement_Region12Anhui_cement_Region5Innermongolia,0.0,0.0,1404.0459327233903,0.0,0.0,0.0,0.0,1404.0459327233903
cement_Region12Anhui_cement_Region6Liaoning,0.0,0.0,1671.7255146565199,0.0,0.0,0.0,0.0,1671.7255146565199
cement_Region12Anhui_cement_Region7Jilin,0.0,0.0,1737.9409212481655,0.0,0.0,0.0,0.0,1737.9409212481655
cement_Region12Anhui_cement_Region8Heilongjiang,0.0,0.0,1776.1752069415688,0.0,0.0,0.0,0.0,1776.1752069415688
cement_Region12Anhui_cement_Region9Shanghai,0.0,0.0,1031.9424325789405,0.0,0.0,0.0,0.0,1031.9424325789405
cement_Region12Anhui_cement_Region10Jiangsu,0.0,0.0,3030.79799401776,0.0,0.0,0.0,0.0,3030.79799401776
cement_Region12Anhui_cement_Region11Zhejiang,0.0,0.0,954.8510675887362,0.0,0.0,0.0,0.0,954.8510675887362
cement_Region12Anhui_cement_Region13Fujian,0.0,0.0,1442.6413324407238,0.0,0.0,0.0,0.0,1442.6413324407238
cement_Region12Anhui_cement_Region14Jiangxi,0.0,0.0,1911.419474089322,0.0,0.0,0.0,0.0,1911.419474089322
cement_Region12Anhui_cement_Region15Shandong,0.0,0.0,1292.1663093146312,0.0,0.0,0.0,0.0,1292.1663093146312
cement_Region12Anhui_cement_Region16Henan,0.0,0.0,1391.1778689604357,0.0,0.0,0.0,0.0,1391.1778689604357
cement_Region12Anhui_cement_Region17Hubei,0.0,0.0,968.2926705018922,0.0,0.0,0.0,0.0,968.2926705018922
cement_Region12Anhui_cement_Region18Hunan,0.0,0.0,1687.8140047635493,0.0,0.0,0.0,0.0,1687.8140047635493
cement_Region12Anhui_cement_Region19Guangdong,0.0,0.0,1977.9996819744063,0.0,0.0,0.0,0.0,1977.9996819744063
cement_Region12Anhui_cement_Region20Guangxi,0.0,0.0,1978.1689136387956,0.0,0.0,0.0,0.0,1978.1689136387956
cement_Region12Anhui_cement_Region21Hainan,0.0,0.0,1793.285611432846,0.0,0.0,0.0,0.0,1793.285611432846
cement_Region12Anhui_cement_Region22Chongqing,0.0,0.0,1436.828434622366,0.0,0.0,0.0,0.0,1436.828434622366
cement_Region12Anhui_cement_Region23Sichuan,0.0,0.0,1739.6567520417523,0.0,0.0,0.0,0.0,1739.6567520417523
cement_Region12Anhui_cement_Region24Guizhou,0.0,0.0,1899.344575117079,0.0,0.0,0.0,0.0,1899.344575117079
cement_Region12Anhui_cement_Region25Yunnan,0.0,0.0,1356.5669805704001,0.0,0.0,0.0,0.0,1356.5669805704001
cement_Region12Anhui_cement_Region27Shaanxi,0.0,0.0,1147.818358599686,0.0,0.0,0.0,0.0,1147.818358599686
cement_Region12Anhui_cement_Region28Gansu,0.0,0.0,1650.3142136228141,0.0,0.0,0.0,0.0,1650.3142136228141
cement_Region12Anhui_cement_Region29Qinghai,0.0,0.0,1663.5383131392032,0.0,0.0,0.0,0.0,1663.5383131392032
cement_Region12Anhui_cement_Region30Ningxia,0.0,0.0,1565.1747099260633,0.0,0.0,0.0,0.0,1565.1747099260633
cement_Region12Anhui_cement_Region31Xinjiang,0.0,0.0,2039.0755849328675,0.0,0.0,0.0,0.0,2039.0755849328675
cement_Region13Fujian_cement_Region1Beijing,0.0,0.0,2284.4522809354407,0.0,0.0,0.0,0.0,2284.4522809354407
cement_Region13Fujian_cement_Region2Tianjin,0.0,0.0,2339.116794327939,0.0,0.0,0.0,0.0,2339.116794327939
cement_Region13Fujian_cement_Region3Hebei,0.0,0.0,2226.8188538758964,0.0,0.0,0.0,0.0,2226.8188538758964
cement_Region13Fujian_cement_Region4Shanxi,0.0,0.0,2160.497665501882,0.0,0.0,0.0,0.0,2160.497665501882
cement_Region13Fujian_cement_Region5Innermongolia,0.0,0.0,2015.6168316667415,0.0,0.0,0.0,0.0,2015.6168316667415
cement_Region13Fujian_cement_Region6Liaoning,0.0,0.0,2307.0267015443583,0.0,0.0,0.0,0.0,2307.0267015443583
cement_Region13Fujian_cement_Region7Jilin,0.0,0.0,2306.8080626835585,0.0,0.0,0.0,0.0,2306.8080626835585
cement_Region13Fujian_cement_Region8Heilongjiang,0.0,0.0,2291.845828868678,0.0,0.0,0.0,0.0,2291.845828868678
cement_Region13Fujian_cement_Region9Shanghai,0.0,0.0,2925.913983911072,0.0,0.0,0.0,0.0,2925.913983911072
cement_Region13Fujian_cement_Region10Jiangsu,0.0,0.0,3471.501714498414,0.0,0.0,0.0,0.0,3471.501714498414
cement_Region13Fujian_cement_Region11Zhejiang,0.0,0.0,3856.586228690078,0.0,0.0,0.0,0.0,3856.586228690078
cement_Region13Fujian_cement_Region12Anhui,0.0,0.0,3984.6146265905686,0.0,0.0,0.0,0.0,3984.6146265905686
cement_Region13Fujian_cement_Region14Jiangxi,0.0,0.0,4630.204879414843,0.0,0.0,0.0,0.0,4630.204879414843
cement_Region13Fujian_cement_Region15Shandong,0.0,0.0,2405.4467603091375,0.0,0.0,0.0,0.0,2405.4467603091375
cement_Region13Fujian_cement_Region16Henan,0.0,0.0,2558.9958559581696,0.0,0.0,0.0,0.0,2558.9958559581696
cement_Region13Fujian_cement_Region17Hubei,0.0,0.0,3577.7143577549195,0.0,0.0,0.0,0.0,3577.7143577549195
cement_Region13Fujian_cement_Region18Hunan,0.0,0.0,4296.729743201431,0.0,0.0,0.0,0.0,4296.729743201431
cement_Region13Fujian_cement_Region19Guangdong,0.0,0.0,3535.0039157732795,0.0,0.0,0.0,0.0,3535.0039157732795
cement_Region13Fujian_cement_Region20Guangxi,0.0,0.0,2876.891622069856,0.0,0.0,0.0,0.0,2876.891622069856
cement_Region13Fujian_cement_Region21Hainan,0.0,0.0,2332.1007167351177,0.0,0.0,0.0,0.0,2332.1007167351177
cement_Region13Fujian_cement_Region22Chongqing,0.0,0.0,2434.962646958651,0.0,0.0,0.0,0.0,2434.962646958651
cement_Region13Fujian_cement_Region23Sichuan,0.0,0.0,2531.0499852139533,0.0,0.0,0.0,0.0,2531.0499852139533
cement_Region13Fujian_cement_Region24Guizhou,0.0,0.0,3091.155874621904,0.0,0.0,0.0,0.0,3091.155874621904
cement_Region13Fujian_cement_Region25Yunnan,0.0,0.0,1955.3439865330952,0.0,0.0,0.0,0.0,1955.3439865330952
cement_Region13Fujian_cement_Region27Shaanxi,0.0,0.0,2083.5150407124693,0.0,0.0,0.0,0.0,2083.5150407124693
cement_Region13Fujian_cement_Region28Gansu,0.0,0.0,2230.354075731755,0.0,0.0,0.0,0.0,2230.354075731755
cement_Region13Fujian_cement_Region29Qinghai,0.0,0.0,2194.588406021316,0.0,0.0,0.0,0.0,2194.588406021316
cement_Region13Fujian_cement_Region30Ningxia,0.0,0.0,2219.2306100755895,0.0,0.0,0.0,0.0,2219.2306100755895
cement_Region13Fujian_cement_Region31Xinjiang,0.0,0.0,2346.1773800363867,0.0,0.0,0.0,0.0,2346.1773800363867
cement_Region14Jiangxi_cement_Region1Beijing,0.0,0.0,1812.9372245602954,0.0,0.0,0.0,0.0,1812.9372245602954
cement_Region14Jiangxi_cement_Region2Tianjin,0.0,0.0,1848.8822085138352,0.0,0.0,0.0,0.0,1848.8822085138352
cement_Region14Jiangxi_cement_Region3Hebei,0.0,0.0,1692.3826103517933,0.0,0.0,0.0,0.0,1692.3826103517933
cement_Region14Jiangxi_cement_Region4Shanxi,0.0,0.0,1664.944729680763,0.0,0.0,0.0,0.0,1664.944729680763
cement_Region14Jiangxi_cement_Region5Innermongolia,0.0,0.0,1610.6397325626476,0.0,0.0,0.0,0.0,1610.6397325626476
cement_Region14Jiangxi_cement_Region6Liaoning,0.0,0.0,1921.1403005471595,0.0,0.0,0.0,0.0,1921.1403005471595
cement_Region14Jiangxi_cement_Region7Jilin,0.0,0.0,1959.3789137246404,0.0,0.0,0.0,0.0,1959.3789137246404
cement_Region14Jiangxi_cement_Region8Heilongjiang,0.0,0.0,1976.7283090171034,0.0,0.0,0.0,0.0,1976.7283090171034
cement_Region14Jiangxi_cement_Region9Shanghai,0.0,0.0,1733.8441581209331,0.0,0.0,0.0,0.0,1733.8441581209331
cement_Region14Jiangxi_cement_Region10Jiangsu,0.0,0.0,2058.314567581919,0.0,0.0,0.0,0.0,2058.314567581919
cement_Region14Jiangxi_cement_Region11Zhejiang,0.0,0.0,1638.2418862663735,0.0,0.0,0.0,0.0,1638.2418862663735
cement_Region14Jiangxi_cement_Region12Anhui,0.0,0.0,2584.8563674251063,0.0,0.0,0.0,0.0,2584.8563674251063
cement_Region14Jiangxi_cement_Region13Fujian,0.0,0.0,1993.3628812446295,0.0,0.0,0.0,0.0,1993.3628812446295
cement_Region14Jiangxi_cement_Region15Shandong,0.0,0.0,1820.274530938881,0.0,0.0,0.0,0.0,1820.274530938881
cement_Region14Jiangxi_cement_Region16Henan,0.0,0.0,1830.2806128988072,0.0,0.0,0.0,0.0,1830.2806128988072
cement_Region14Jiangxi_cement_Region17Hubei,0.0,0.0,2192.4546419910344,0.0,0.0,0.0,0.0,2192.4546419910344
cement_Region14Jiangxi_cement_Region18Hunan,0.0,0.0,3098.3400281024387,0.0,0.0,0.0,0.0,3098.3400281024387
cement_Region14Jiangxi_cement_Region19Guangdong,0.0,0.0,2482.5065085082297,0.0,0.0,0.0,0.0,2482.5065085082297
cement_Region14Jiangxi_cement_Region20Guangxi,0.0,0.0,2231.309444392758,0.0,0.0,0.0,0.0,2231.309444392758
cement_Region14Jiangxi_cement_Region21Hainan,0.0,0.0,1858.0523456484414,0.0,0.0,0.0,0.0,1858.0523456484414
cement_Region14Jiangxi_cement_Region22Chongqing,0.0,0.0,1799.7899627244399,0.0,0.0,0.0,0.0,1799.7899627244399
cement_Region14Jiangxi_cement_Region23Sichuan,0.0,0.0,1980.4710578131348,0.0,0.0,0.0,0.0,1980.4710578131348
cement_Region14Jiangxi_cement_Region24Guizhou,0.0,0.0,2163.735154127823,0.0,0.0,0.0,0.0,2163.735154127823
cement_Region14Jiangxi_cement_Region25Yunnan,0.0,0.0,1465.6755891235725,0.0,0.0,0.0,0.0,1465.6755891235725
cement_Region14Jiangxi_cement_Region27Shaanxi,0.0,0.0,1523.6581083020328,0.0,0.0,0.0,0.0,1523.6581083020328
cement_Region14Jiangxi_cement_Region28Gansu,0.0,0.0,1811.4815906265317,0.0,0.0,0.0,0.0,1811.4815906265317
cement_Region14Jiangxi_cement_Region29Qinghai,0.0,0.0,1811.4040770152121,0.0,0.0,0.0,0.0,1811.4040770152121
cement_Region14Jiangxi_cement_Region30Ningxia,0.0,0.0,1773.844141159002,0.0,0.0,0.0,0.0,1773.844141159002
cement_Region14Jiangxi_cement_Region31Xinjiang,0.0,0.0,2129.1295628552634,0.0,0.0,0.0,0.0,2129.1295628552634
cement_Region15Shandong_cement_Region1Beijing,0.0,0.0,1598.0357144857064,0.0,0.0,0.0,0.0,1598.0357144857064
cement_Region15Shandong_cement_Region2Tianjin,0.0,0.0,1698.2301821910864,0.0,0.0,0.0,0.0,1698.2301821910864
cement_Region15Shandong_cement_Region3Hebei,0.0,0.0,1303.7819294971864,0.0,0.0,0.0,0.0,1303.7819294971864
cement_Region15Shandong_cement_Region4Shanxi,0.0,0.0,1460.0938284790063,0.0,0.0,0.0,0.0,1460.0938284790063
cement_Region15Shandong_cement_Region5Innermongolia,0.0,0.0,1374.5876498558334,0.0,0.0,0.0,0.0,1374.5876498558334
cement_Region15Shandong_cement_Region6Liaoning,0.0,0.0,1801.5359084449478,0.0,0.0,0.0,0.0,1801.5359084449478
cement_Region15Shandong_cement_Region7Jilin,0.0,0.0,1864.6150652191805,0.0,0.0,0.0,0.0,1864.6150652191805
cement_Region15Shandong_cement_Region8Heilongjiang,0.0,0.0,1894.8913940456325,0.0,0.0,0.0,0.0,1894.8913940456325
cement_Region15Shandong_cement_Region9Shanghai,0.0,0.0,2091.752296896526,0.0,0.0,0.0,0.0,2091.752296896526
cement_Region15Shandong_cement_Region10Jiangsu,0.0,0.0,3951.6208611172306,0.0,0.0,0.0,0.0,3951.6208611172306
cement_Region15Shandong_cement_Region11Zhejiang,0.0,0.0,1060.0466019425867,0.0,0.0,0.0,0.0,1060.0466019425867
cement_Region15Shandong_cement_Region12Anhui,0.0,0.0,1777.109534776657,0.0,0.0,0.0,0.0,1777.109534776657
cement_Region15Shandong_cement_Region13Fujian,0.0,0.0,1987.9550088159817,0.0,0.0,0.0,0.0,1987.9550088159817
cement_Region15Shandong_cement_Region14Jiangxi,0.0,0.0,2697.162212182154,0.0,0.0,0.0,0.0,2697.162212182154
cement_Region15Shandong_cement_Region16Henan,0.0,0.0,2170.786835531284,0.0,0.0,0.0,0.0,2170.786835531284
cement_Region15Shandong_cement_Region17Hubei,0.0,0.0,3108.3521732263534,0.0,0.0,0.0,0.0,3108.3521732263534
cement_Region15Shandong_cement_Region18Hunan,0.0,0.0,3576.2069933361204,0.0,0.0,0.0,0.0,3576.2069933361204
cement_Region15Shandong_cement_Region19Guangdong,0.0,0.0,2760.4245244684444,0.0,0.0,0.0,0.0,2760.4245244684444
cement_Region15Shandong_cement_Region20Guangxi,0.0,0.0,2578.6946014290334,0.0,0.0,0.0,0.0,2578.6946014290334
cement_Region15Shandong_cement_Region21Hainan,0.0,0.0,2219.3398600390137,0.0,0.0,0.0,0.0,2219.3398600390137
cement_Region15Shandong_cement_Region22Chongqing,0.0,0.0,2102.626094122141,0.0,0.0,0.0,0.0,2102.626094122141
cement_Region15Shandong_cement_Region23Sichuan,0.0,0.0,2240.1788785713147,0.0,0.0,0.0,0.0,2240.1788785713147
cement_Region15Shandong_cement_Region24Guizhou,0.0,0.0,2665.3079459852497,0.0,0.0,0.0,0.0,2665.3079459852497
cement_Region15Shandong_cement_Region25Yunnan,0.0,0.0,1618.6516416330305,0.0,0.0,0.0,0.0,1618.6516416330305
cement_Region15Shandong_cement_Region27Shaanxi,0.0,0.0,1575.4319275977314,0.0,0.0,0.0,0.0,1575.4319275977314
cement_Region15Shandong_cement_Region28Gansu,0.0,0.0,1926.4510302822318,0.0,0.0,0.0,0.0,1926.4510302822318
cement_Region15Shandong_cement_Region29Qinghai,0.0,0.0,1902.3855561482765,0.0,0.0,0.0,0.0,1902.3855561482765
cement_Region15Shandong_cement_Region30Ningxia,0.0,0.0,1787.671725643237,0.0,0.0,0.0,0.0,1787.671725643237
cement_Region15Shandong_cement_Region31Xinjiang,0.0,0.0,2193.002798819129,0.0,0.0,0.0,0.0,2193.002798819129
cement_Region16Henan_cement_Region1Beijing,0.0,0.0,1649.2470093460793,0.0,0.0,0.0,0.0,1649.2470093460793
cement_Region16Henan_cement_Region2Tianjin,0.0,0.0,1724.779875778863,0.0,0.0,0.0,0.0,1724.779875778863
cement_Region16Henan_cement_Region3Hebei,0.0,0.0,1323.4101640137444,0.0,0.0,0.0,0.0,1323.4101640137444
cement_Region16Henan_cement_Region4Shanxi,0.0,0.0,1274.5105910884995,0.0,0.0,0.0,0.0,1274.5105910884995
cement_Region16Henan_cement_Region5Innermongolia,0.0,0.0,1278.3001612632609,0.0,0.0,0.0,0.0,1278.3001612632609
cement_Region16Henan_cement_Region6Liaoning,0.0,0.0,1813.2979416960857,0.0,0.0,0.0,0.0,1813.2979416960857
cement_Region16Henan_cement_Region7Jilin,0.0,0.0,1869.8962985306925,0.0,0.0,0.0,0.0,1869.8962985306925
cement_Region16Henan_cement_Region8Heilongjiang,0.0,0.0,1901.6276019351676,0.0,0.0,0.0,0.0,1901.6276019351676
cement_Region16Henan_cement_Region9Shanghai,0.0,0.0,2010.0256946180361,0.0,0.0,0.0,0.0,2010.0256946180361
cement_Region16Henan_cement_Region10Jiangsu,0.0,0.0,3719.50126730189,0.0,0.0,0.0,0.0,3719.50126730189
cement_Region16Henan_cement_Region11Zhejiang,0.0,0.0,1947.5925600293049,0.0,0.0,0.0,0.0,1947.5925600293049
cement_Region16Henan_cement_Region12Anhui,0.0,0.0,5237.087232000333,0.0,0.0,0.0,0.0,5237.087232000333
cement_Region16Henan_cement_Region13Fujian,0.0,0.0,1933.1085409845973,0.0,0.0,0.0,0.0,1933.1085409845973
cement_Region16Henan_cement_Region14Jiangxi,0.0,0.0,3566.194151426147,0.0,0.0,0.0,0.0,3566.194151426147
cement_Region16Henan_cement_Region15Shandong,0.0,0.0,1638.3257615242696,0.0,0.0,0.0,0.0,1638.3257615242696
cement_Region16Henan_cement_Region17Hubei,0.0,0.0,4329.124339567574,0.0,0.0,0.0,0.0,4329.124339567574
cement_Region16Henan_cement_Region18Hunan,0.0,0.0,4307.124346817779,0.0,0.0,0.0,0.0,4307.124346817779
cement_Region16Henan_cement_Region19Guangdong,0.0,0.0,2653.2414705482242,0.0,0.0,0.0,0.0,2653.2414705482242
cement_Region16Henan_cement_Region20Guangxi,0.0,0.0,2467.5172562488788,0.0,0.0,0.0,0.0,2467.5172562488788
cement_Region16Henan_cement_Region21Hainan,0.0,0.0,2064.653468718982,0.0,0.0,0.0,0.0,2064.653468718982
cement_Region16Henan_cement_Region22Chongqing,0.0,0.0,1698.481278551239,0.0,0.0,0.0,0.0,1698.481278551239
cement_Region16Henan_cement_Region23Sichuan,0.0,0.0,1989.8413696662808,0.0,0.0,0.0,0.0,1989.8413696662808
cement_Region16Henan_cement_Region24Guizhou,0.0,0.0,2487.740327314167,0.0,0.0,0.0,0.0,2487.740327314167
cement_Region16Henan_cement_Region25Yunnan,0.0,0.0,1462.2252809688762,0.0,0.0,0.0,0.0,1462.2252809688762
cement_Region16Henan_cement_Region27Shaanxi,0.0,0.0,1022.1231015213655,0.0,0.0,0.0,0.0,1022.1231015213655
cement_Region16Henan_cement_Region28Gansu,0.0,0.0,1716.0561480505203,0.0,0.0,0.0,0.0,1716.0561480505203
cement_Region16Henan_cement_Region29Qinghai,0.0,0.0,1716.8170555680658,0.0,0.0,0.0,0.0,1716.8170555680658
cement_Region16Henan_cement_Region30Ningxia,0.0,0.0,1576.1231539372588,0.0,0.0,0.0,0.0,1576.1231539372588
cement_Region16Henan_cement_Region31Xinjiang,0.0,0.0,2127.5265317576864,0.0,0.0,0.0,0.0,2127.5265317576864
cement_Region17Hubei_cement_Region1Beijing,0.0,0.0,1693.8153802154752,0.0,0.0,0.0,0.0,1693.8153802154752
cement_Region17Hubei_cement_Region2Tianjin,0.0,0.0,1746.9968474601956,0.0,0.0,0.0,0.0,1746.9968474601956
cement_Region17Hubei_cement_Region3Hebei,0.0,0.0,1533.202999786604,0.0,0.0,0.0,0.0,1533.202999786604
cement_Region17Hubei_cement_Region4Shanxi,0.0,0.0,1498.3839010069562,0.0,0.0,0.0,0.0,1498.3839010069562
cement_Region17Hubei_cement_Region5Innermongolia,0.0,0.0,1468.4359787038638,0.0,0.0,0.0,0.0,1468.4359787038638
cement_Region17Hubei_cement_Region6Liaoning,0.0,0.0,1848.0041161758434,0.0,0.0,0.0,0.0,1848.0041161758434
cement_Region17Hubei_cement_Region7Jilin,0.0,0.0,1893.8009271430863,0.0,0.0,0.0,0.0,1893.8009271430863
cement_Region17Hubei_cement_Region8Heilongjiang,0.0,0.0,1917.5966696883293,0.0,0.0,0.0,0.0,1917.5966696883293
cement_Region17Hubei_cement_Region9Shanghai,0.0,0.0,1685.3029294725977,0.0,0.0,0.0,0.0,1685.3029294725977
cement_Region17Hubei_cement_Region10Jiangsu,0.0,0.0,1983.3457851307812,0.0,0.0,0.0,0.0,1983.3457851307812
cement_Region17Hubei_cement_Region11Zhejiang,0.0,0.0,1602.1083837317015,0.0,0.0,0.0,0.0,1602.1083837317015
cement_Region17Hubei_cement_Region12Anhui,0.0,0.0,2549.031724037549,0.0,0.0,0.0,0.0,2549.031724037549
cement_Region17Hubei_cement_Region13Fujian,0.0,0.0,1777.80815315856,0.0,0.0,0.0,0.0,1777.80815315856
cement_Region17Hubei_cement_Region14Jiangxi,0.0,0.0,1887.4038747413574,0.0,0.0,0.0,0.0,1887.4038747413574
cement_Region17Hubei_cement_Region15Shandong,0.0,0.0,1675.28334059666,0.0,0.0,0.0,0.0,1675.28334059666
cement_Region17Hubei_cement_Region16Henan,0.0,0.0,1607.2786201463987,0.0,0.0,0.0,0.0,1607.2786201463987
cement_Region17Hubei_cement_Region18Hunan,0.0,0.0,4102.189143277967,0.0,0.0,0.0,0.0,4102.189143277967
cement_Region17Hubei_cement_Region19Guangdong,0.0,0.0,2475.246008601935,0.0,0.0,0.0,0.0,2475.246008601935
cement_Region17Hubei_cement_Region20Guangxi,0.0,0.0,2243.0853491175317,0.0,0.0,0.0,0.0,2243.0853491175317
cement_Region17Hubei_cement_Region21Hainan,0.0,0.0,1864.7815316366994,0.0,0.0,0.0,0.0,1864.7815316366994
cement_Region17Hubei_cement_Region22Chongqing,0.0,0.0,1566.1477416861997,0.0,0.0,0.0,0.0,1566.1477416861997
cement_Region17Hubei_cement_Region23Sichuan,0.0,0.0,1829.1362471494383,0.0,0.0,0.0,0.0,1829.1362471494383
cement_Region17Hubei_cement_Region24Guizhou,0.0,0.0,2161.713819470149,0.0,0.0,0.0,0.0,2161.713819470149
cement_Region17Hubei_cement_Region25Yunnan,0.0,0.0,1358.3291867783576,0.0,0.0,0.0,0.0,1358.3291867783576
cement_Region17Hubei_cement_Region27Shaanxi,0.0,0.0,1258.2123615027133,0.0,0.0,0.0,0.0,1258.2123615027133
cement_Region17Hubei_cement_Region28Gansu,0.0,0.0,1691.9365516792684,0.0,0.0,0.0,0.0,1691.9365516792684
cement_Region17Hubei_cement_Region29Qinghai,0.0,0.0,1700.1199665023837,0.0,0.0,0.0,0.0,1700.1199665023837
cement_Region17Hubei_cement_Region30Ningxia,0.0,0.0,1635.4901931529005,0.0,0.0,0.0,0.0,1635.4901931529005
cement_Region17Hubei_cement_Region31Xinjiang,0.0,0.0,2087.5509067602306,0.0,0.0,0.0,0.0,2087.5509067602306
cement_Region18Hunan_cement_Region1Beijing,0.0,0.0,1713.4641691288411,0.0,0.0,0.0,0.0,1713.4641691288411
cement_Region18Hunan_cement_Region2Tianjin,0.0,0.0,1752.5678162592465,0.0,0.0,0.0,0.0,1752.5678162592465
cement_Region18Hunan_cement_Region3Hebei,0.0,0.0,1576.0455534240905,0.0,0.0,0.0,0.0,1576.0455534240905
cement_Region18Hunan_cement_Region4Shanxi,0.0,0.0,1541.3506450999462,0.0,0.0,0.0,0.0,1541.3506450999462
cement_Region18Hunan_cement_Region5Innermongolia,0.0,0.0,1517.5914718397937,0.0,0.0,0.0,0.0,1517.5914718397937
cement_Region18Hunan_cement_Region6Liaoning,0.0,0.0,1845.3720860594458,0.0,0.0,0.0,0.0,1845.3720860594458
cement_Region18Hunan_cement_Region7Jilin,0.0,0.0,1889.0046087607075,0.0,0.0,0.0,0.0,1889.0046087607075
cement_Region18Hunan_cement_Region8Heilongjiang,0.0,0.0,1912.4600160346681,0.0,0.0,0.0,0.0,1912.4600160346681
cement_Region18Hunan_cement_Region9Shanghai,0.0,0.0,1632.3074533964666,0.0,0.0,0.0,0.0,1632.3074533964666
cement_Region18Hunan_cement_Region10Jiangsu,0.0,0.0,1779.426810949143,0.0,0.0,0.0,0.0,1779.426810949143
cement_Region18Hunan_cement_Region11Zhejiang,0.0,0.0,1513.6199570894244,0.0,0.0,0.0,0.0,1513.6199570894244
cement_Region18Hunan_cement_Region12Anhui,0.0,0.0,2074.376364145511,0.0,0.0,0.0,0.0,2074.376364145511
cement_Region18Hunan_cement_Region13Fujian,0.0,0.0,1432.0277115304043,0.0,0.0,0.0,0.0,1432.0277115304043
cement_Region18Hunan_cement_Region14Jiangxi,0.0,0.0,1154.233044805905,0.0,0.0,0.0,0.0,1154.233044805905
cement_Region18Hunan_cement_Region15Shandong,0.0,0.0,1687.6259836721295,0.0,0.0,0.0,0.0,1687.6259836721295
cement_Region18Hunan_cement_Region16Henan,0.0,0.0,1631.8803148453092,0.0,0.0,0.0,0.0,1631.8803148453092
cement_Region18Hunan_cement_Region17Hubei,0.0,0.0,1588.0595477787913,0.0,0.0,0.0,0.0,1588.0595477787913
cement_Region18Hunan_cement_Region19Guangdong,0.0,0.0,2046.6370364854993,0.0,0.0,0.0,0.0,2046.6370364854993
cement_Region18Hunan_cement_Region20Guangxi,0.0,0.0,2025.8732762138466,0.0,0.0,0.0,0.0,2025.8732762138466
cement_Region18Hunan_cement_Region21Hainan,0.0,0.0,1647.7015683504535,0.0,0.0,0.0,0.0,1647.7015683504535
cement_Region18Hunan_cement_Region22Chongqing,0.0,0.0,1390.1895584654915,0.0,0.0,0.0,0.0,1390.1895584654915
cement_Region18Hunan_cement_Region23Sichuan,0.0,0.0,1694.1008763218197,0.0,0.0,0.0,0.0,1694.1008763218197
cement_Region18Hunan_cement_Region24Guizhou,0.0,0.0,1783.0871950950884,0.0,0.0,0.0,0.0,1783.0871950950884
cement_Region18Hunan_cement_Region25Yunnan,0.0,0.0,1233.4111503358663,0.0,0.0,0.0,0.0,1233.4111503358663
cement_Region18Hunan_cement_Region27Shaanxi,0.0,0.0,1329.0661880278772,0.0,0.0,0.0,0.0,1329.0661880278772
cement_Region18Hunan_cement_Region28Gansu,0.0,0.0,1685.8663119606103,0.0,0.0,0.0,0.0,1685.8663119606103
cement_Region18Hunan_cement_Region29Qinghai,0.0,0.0,1696.3777787806132,0.0,0.0,0.0,0.0,1696.3777787806132
cement_Region18Hunan_cement_Region30Ningxia,0.0,0.0,1633.9937148958288,0.0,0.0,0.0,0.0,1633.9937148958288
cement_Region18Hunan_cement_Region31Xinjiang,0.0,0.0,2056.4845421887326,0.0,0.0,0.0,0.0,2056.4845421887326
cement_Region19Guangdong_cement_Region1Beijing,0.0,0.0,1963.1022340583545,0.0,0.0,0.0,0.0,1963.1022340583545
cement_Region19Guangdong_cement_Region2Tianjin,0.0,0.0,1999.9387583063317,0.0,0.0,0.0,0.0,1999.9387583063317
cement_Region19Guangdong_cement_Region3Hebei,0.0,0.0,1882.7069384410443,0.0,0.0,0.0,0.0,1882.7069384410443
cement_Region19Guangdong_cement_Region4Shanxi,0.0,0.0,1839.9659956065225,0.0,0.0,0.0,0.0,1839.9659956065225
cement_Region19Guangdong_cement_Region5Innermongolia,0.0,0.0,1772.2569331506643,0.0,0.0,0.0,0.0,1772.2569331506643
cement_Region19Guangdong_cement_Region6Liaoning,0.0,0.0,2023.0527691576394,0.0,0.0,0.0,0.0,2023.0527691576394
cement_Region19Guangdong_cement_Region7Jilin,0.0,0.0,2052.5351792504994,0.0,0.0,0.0,0.0,2052.5351792504994
cement_Region19Guangdong_cement_Region8Heilongjiang,0.0,0.0,2064.22232469217,0.0,0.0,0.0,0.0,2064.22232469217
cement_Region19Guangdong_cement_Region9Shanghai,0.0,0.0,1949.6746938294316,0.0,0.0,0.0,0.0,1949.6746938294316
cement_Region19Guangdong_cement_Region10Jiangsu,0.0,0.0,2164.6847169724515,0.0,0.0,0.0,0.0,2164.6847169724515
cement_Region19Guangdong_cement_Region11Zhejiang,0.0,0.0,1923.2967129061512,0.0,0.0,0.0,0.0,1923.2967129061512
cement_Region19Guangdong_cement_Region12Anhui,0.0,0.0,2483.165847948881,0.0,0.0,0.0,0.0,2483.165847948881
cement_Region19Guangdong_cement_Region13Fujian,0.0,0.0,1165.6605281358063,0.0,0.0,0.0,0.0,1165.6605281358063
cement_Region19Guangdong_cement_Region14Jiangxi,0.0,0.0,2118.842209412928,0.0,0.0,0.0,0.0,2118.842209412928
cement_Region19Guangdong_cement_Region15Shandong,0.0,0.0,1978.7259807072494,0.0,0.0,0.0,0.0,1978.7259807072494
cement_Region19Guangdong_cement_Region16Henan,0.0,0.0,2014.2295576685724,0.0,0.0,0.0,0.0,2014.2295576685724
cement_Region19Guangdong_cement_Region17Hubei,0.0,0.0,2213.250847555138,0.0,0.0,0.0,0.0,2213.250847555138
cement_Region19Guangdong_cement_Region18Hunan,0.0,0.0,3258.936211847087,0.0,0.0,0.0,0.0,3258.936211847087
cement_Region19Guangdong_cement_Region20Guangxi,0.0,0.0,2198.906295793702,0.0,0.0,0.0,0.0,2198.906295793702
cement_Region19Guangdong_cement_Region21Hainan,0.0,0.0,1349.0726470694876,0.0,0.0,0.0,0.0,1349.0726470694876
cement_Region19Guangdong_cement_Region22Chongqing,0.0,0.0,1784.0187960552078,0.0,0.0,0.0,0.0,1784.0187960552078
cement_Region19Guangdong_cement_Region23Sichuan,0.0,0.0,1986.9877591498066,0.0,0.0,0.0,0.0,1986.9877591498066
cement_Region19Guangdong_cement_Region24Guizhou,0.0,0.0,2322.5903539206347,0.0,0.0,0.0,0.0,2322.5903539206347
cement_Region19Guangdong_cement_Region25Yunnan,0.0,0.0,1228.0279002694554,0.0,0.0,0.0,0.0,1228.0279002694554
cement_Region19Guangdong_cement_Region27Shaanxi,0.0,0.0,1692.1586596056586,0.0,0.0,0.0,0.0,1692.1586596056586
cement_Region19Guangdong_cement_Region28Gansu,0.0,0.0,1913.4902450314519,0.0,0.0,0.0,0.0,1913.4902450314519
cement_Region19Guangdong_cement_Region29Qinghai,0.0,0.0,1904.7426491571287,0.0,0.0,0.0,0.0,1904.7426491571287
cement_Region19Guangdong_cement_Region30Ningxia,0.0,0.0,1887.9940248166256,0.0,0.0,0.0,0.0,1887.9940248166256
cement_Region19Guangdong_cement_Region31Xinjiang,0.0,0.0,2156.6490046689187,0.0,0.0,0.0,0.0,2156.6490046689187
cement_Region20Guangxi_cement_Region1Beijing,0.0,0.0,1992.1200306227338,0.0,0.0,0.0,0.0,1992.1200306227338
cement_Region20Guangxi_cement_Region2Tianjin,0.0,0.0,2024.610976645881,0.0,0.0,0.0,0.0,2024.610976645881
cement_Region20Guangxi_cement_Region3Hebei,0.0,0.0,1914.127141626981,0.0,0.0,0.0,0.0,1914.127141626981
cement_Region20Guangxi_cement_Region4Shanxi,0.0,0.0,1866.2304989606776,0.0,0.0,0.0,0.0,1866.2304989606776
cement_Region20Guangxi_cement_Region5Innermongolia,0.0,0.0,1795.7323225094951,0.0,0.0,0.0,0.0,1795.7323225094951
cement_Region20Guangxi_cement_Region6Liaoning,0.0,0.0,2042.0733747438069,0.0,0.0,0.0,0.0,2042.0733747438069
cement_Region20Guangxi_cement_Region7Jilin,0.0,0.0,2070.6921535127526,0.0,0.0,0.0,0.0,2070.6921535127526
cement_Region20Guangxi_cement_Region8Heilongjiang,0.0,0.0,2082.4598808140245,0.0,0.0,0.0,0.0,2082.4598808140245
cement_Region20Guangxi_cement_Region9Shanghai,0.0,0.0,2024.5945937490128,0.0,0.0,0.0,0.0,2024.5945937490128
cement_Region20Guangxi_cement_Region10Jiangsu,0.0,0.0,2196.828604525845,0.0,0.0,0.0,0.0,2196.828604525845
cement_Region20Guangxi_cement_Region11Zhejiang,0.0,0.0,1994.0699007223375,0.0,0.0,0.0,0.0,1994.0699007223375
cement_Region20Guangxi_cement_Region12Anhui,0.0,0.0,2473.296983489897,0.0,0.0,0.0,0.0,2473.296983489897
cement_Region20Guangxi_cement_Region13Fujian,0.0,0.0,1389.8609539566382,0.0,0.0,0.0,0.0,1389.8609539566382
cement_Region20Guangxi_cement_Region14Jiangxi,0.0,0.0,2041.5177564368332,0.0,0.0,0.0,0.0,2041.5177564368332
cement_Region20Guangxi_cement_Region15Shandong,0.0,0.0,2007.3650215093617,0.0,0.0,0.0,0.0,2007.3650215093617
cement_Region20Guangxi_cement_Region16Henan,0.0,0.0,2042.7263672239349,0.0,0.0,0.0,0.0,2042.7263672239349
cement_Region20Guangxi_cement_Region17Hubei,0.0,0.0,2197.238485231228,0.0,0.0,0.0,0.0,2197.238485231228
cement_Region20Guangxi_cement_Region18Hunan,0.0,0.0,2951.886735773097,0.0,0.0,0.0,0.0,2951.886735773097
cement_Region20Guangxi_cement_Region19Guangdong,0.0,0.0,1848.8770555303893,0.0,0.0,0.0,0.0,1848.8770555303893
cement_Region20Guangxi_cement_Region21Hainan,0.0,0.0,1197.0546899733172,0.0,0.0,0.0,0.0,1197.0546899733172
cement_Region20Guangxi_cement_Region22Chongqing,0.0,0.0,1554.3869090464502,0.0,0.0,0.0,0.0,1554.3869090464502
cement_Region20Guangxi_cement_Region23Sichuan,0.0,0.0,1865.494224714766,0.0,0.0,0.0,0.0,1865.494224714766
cement_Region20Guangxi_cement_Region24Guizhou,0.0,0.0,3155.726033333959,0.0,0.0,0.0,0.0,3155.726033333959
cement_Region20Guangxi_cement_Region25Yunnan,0.0,0.0,3170.1872279858762,0.0,0.0,0.0,0.0,3170.1872279858762
cement_Region20Guangxi_cement_Region27Shaanxi,0.0,0.0,1663.7151132856545,0.0,0.0,0.0,0.0,1663.7151132856545
cement_Region20Guangxi_cement_Region28Gansu,0.0,0.0,1823.527479986177,0.0,0.0,0.0,0.0,1823.527479986177
cement_Region20Guangxi_cement_Region29Qinghai,0.0,0.0,1823.4874135868813,0.0,0.0,0.0,0.0,1823.4874135868813
cement_Region20Guangxi_cement_Region30Ningxia,0.0,0.0,1854.7878346755986,0.0,0.0,0.0,0.0,1854.7878346755986
cement_Region20Guangxi_cement_Region31Xinjiang,0.0,0.0,2129.710156466679,0.0,0.0,0.0,0.0,2129.710156466679
cement_Region21Hainan_cement_Region1Beijing,0.0,0.0,2289.149084421754,0.0,0.0,0.0,0.0,2289.149084421754
cement_Region21Hainan_cement_Region2Tianjin,0.0,0.0,2331.5462833098422,0.0,0.0,0.0,0.0,2331.5462833098422
cement_Region21Hainan_cement_Region3Hebei,0.0,0.0,2241.216959565674,0.0,0.0,0.0,0.0,2241.216959565674
cement_Region21Hainan_cement_Region4Shanxi,0.0,0.0,2184.1899739863534,0.0,0.0,0.0,0.0,2184.1899739863534
cement_Region21Hainan_cement_Region5Innermongolia,0.0,0.0,2057.678912876754,0.0,0.0,0.0,0.0,2057.678912876754
cement_Region21Hainan_cement_Region6Liaoning,0.0,0.0,2282.4322918904095,0.0,0.0,0.0,0.0,2282.4322918904095
cement_Region21Hainan_cement_Region7Jilin,0.0,0.0,2290.1078172764483,0.0,0.0,0.0,0.0,2290.1078172764483
cement_Region21Hainan_cement_Region8Heilongjiang,0.0,0.0,2286.1335534226546,0.0,0.0,0.0,0.0,2286.1335534226546
cement_Region21Hainan_cement_Region9Shanghai,0.0,0.0,2451.249916977819,0.0,0.0,0.0,0.0,2451.249916977819
cement_Region21Hainan_cement_Region10Jiangsu,0.0,0.0,2729.234140715969,0.0,0.0,0.0,0.0,2729.234140715969
cement_Region21Hainan_cement_Region11Zhejiang,0.0,0.0,2480.3632597534297,0.0,0.0,0.0,0.0,2480.3632597534297
cement_Region21Hainan_cement_Region12Anhui,0.0,0.0,3186.798235578867,0.0,0.0,0.0,0.0,3186.798235578867
cement_Region21Hainan_cement_Region13Fujian,0.0,0.0,1562.8742858773912,0.0,0.0,0.0,0.0,1562.8742858773912
cement_Region21Hainan_cement_Region14Jiangxi,0.0,0.0,2834.0076433925083,0.0,0.0,0.0,0.0,2834.0076433925083
cement_Region21Hainan_cement_Region15Shandong,0.0,0.0,2351.76100607643,0.0,0.0,0.0,0.0,2351.76100607643
cement_Region21Hainan_cement_Region16Henan,0.0,0.0,2486.612328327568,0.0,0.0,0.0,0.0,2486.612328327568
cement_Region21Hainan_cement_Region17Hubei,0.0,0.0,2984.4572007007664,0.0,0.0,0.0,0.0,2984.4572007007664
cement_Region21Hainan_cement_Region18Hunan,0.0,0.0,4471.050505099653,0.0,0.0,0.0,0.0,4471.050505099653
cement_Region21Hainan_cement_Region19Guangdong,0.0,0.0,8431.004282119093,0.0,0.0,0.0,0.0,8431.004282119093
cement_Region21Hainan_cement_Region20Guangxi,0.0,0.0,167998.65276888045,0.0,0.0,0.0,0.0,167998.65276888045
cement_Region21Hainan_cement_Region22Chongqing,0.0,0.0,2206.1866461499285,0.0,0.0,0.0,0.0,2206.1866461499285
cement_Region21Hainan_cement_Region23Sichuan,0.0,0.0,2418.723767082915,0.0,0.0,0.0,0.0,2418.723767082915
cement_Region21Hainan_cement_Region24Guizhou,0.0,0.0,3970.993697968225,0.0,0.0,0.0,0.0,3970.993697968225
cement_Region21Hainan_cement_Region25Yunnan,0.0,0.0,4040.664893334342,0.0,0.0,0.0,0.0,4040.664893334342
cement_Region21Hainan_cement_Region27Shaanxi,0.0,0.0,2043.6572071135854,0.0,0.0,0.0,0.0,2043.6572071135854
cement_Region21Hainan_cement_Region28Gansu,0.0,0.0,2177.5112125227006,0.0,0.0,0.0,0.0,2177.5112125227006
cement_Region21Hainan_cement_Region29Qinghai,0.0,0.0,2145.4326441502685,0.0,0.0,0.0,0.0,2145.4326441502685
cement_Region21Hainan_cement_Region30Ningxia,0.0,0.0,2185.2305970330467,0.0,0.0,0.0,0.0,2185.2305970330467
cement_Region21Hainan_cement_Region31Xinjiang,0.0,0.0,2300.3283076544703,0.0,0.0,0.0,0.0,2300.3283076544703
cement_Region22Chongqing_cement_Region1Beijing,0.0,0.0,2104.9158431218375,0.0,0.0,0.0,0.0,2104.9158431218375
cement_Region22Chongqing_cement_Region2Tianjin,0.0,0.0,2168.2561069309204,0.0,0.0,0.0,0.0,2168.2561069309204
cement_Region22Chongqing_cement_Region3Hebei,0.0,0.0,2016.6682917024118,0.0,0.0,0.0,0.0,2016.6682917024118
cement_Region22Chongqing_cement_Region4Shanxi,0.0,0.0,1883.712473045224,0.0,0.0,0.0,0.0,1883.712473045224
cement_Region22Chongqing_cement_Region5Innermongolia,0.0,0.0,1757.191274766934,0.0,0.0,0.0,0.0,1757.191274766934
cement_Region22Chongqing_cement_Region6Liaoning,0.0,0.0,2157.8806032216808,0.0,0.0,0.0,0.0,2157.8806032216808
cement_Region22Chongqing_cement_Region7Jilin,0.0,0.0,2171.673095730538,0.0,0.0,0.0,0.0,2171.673095730538
cement_Region22Chongqing_cement_Region8Heilongjiang,0.0,0.0,2173.352544812287,0.0,0.0,0.0,0.0,2173.352544812287
cement_Region22Chongqing_cement_Region9Shanghai,0.0,0.0,2314.379333647998,0.0,0.0,0.0,0.0,2314.379333647998
cement_Region22Chongqing_cement_Region10Jiangsu,0.0,0.0,2603.7277167868137,0.0,0.0,0.0,0.0,2603.7277167868137
cement_Region22Chongqing_cement_Region11Zhejiang,0.0,0.0,2339.416400077217,0.0,0.0,0.0,0.0,2339.416400077217
cement_Region22Chongqing_cement_Region12Anhui,0.0,0.0,2967.3580934018105,0.0,0.0,0.0,0.0,2967.3580934018105
cement_Region22Chongqing_cement_Region13Fujian,0.0,0.0,1856.1886253770147,0.0,0.0,0.0,0.0,1856.1886253770147
cement_Region22Chongqing_cement_Region14Jiangxi,0.0,0.0,2673.9557771618356,0.0,0.0,0.0,0.0,2673.9557771618356
cement_Region22Chongqing_cement_Region15Shandong,0.0,0.0,2201.1552974035517,0.0,0.0,0.0,0.0,2201.1552974035517
cement_Region22Chongqing_cement_Region16Henan,0.0,0.0,2273.010754829541,0.0,0.0,0.0,0.0,2273.010754829541
cement_Region22Chongqing_cement_Region17Hubei,0.0,0.0,2878.1461226473625,0.0,0.0,0.0,0.0,2878.1461226473625
cement_Region22Chongqing_cement_Region18Hunan,0.0,0.0,4139.705005250963,0.0,0.0,0.0,0.0,4139.705005250963
cement_Region22Chongqing_cement_Region19Guangdong,0.0,0.0,3053.433184109911,0.0,0.0,0.0,0.0,3053.433184109911
cement_Region22Chongqing_cement_Region20Guangxi,0.0,0.0,3221.0977728860626,0.0,0.0,0.0,0.0,3221.0977728860626
cement_Region22Chongqing_cement_Region21Hainan,0.0,0.0,2139.6776944126514,0.0,0.0,0.0,0.0,2139.6776944126514
cement_Region22Chongqing_cement_Region23Sichuan,0.0,0.0,2079.6796481918063,0.0,0.0,0.0,0.0,2079.6796481918063
cement_Region22Chongqing_cement_Region24Guizhou,0.0,0.0,3308.457769172812,0.0,0.0,0.0,0.0,3308.457769172812
cement_Region22Chongqing_cement_Region25Yunnan,0.0,0.0,3578.434091165939,0.0,0.0,0.0,0.0,3578.434091165939
cement_Region22Chongqing_cement_Region27Shaanxi,0.0,0.0,1576.99618354987,0.0,0.0,0.0,0.0,1576.99618354987
cement_Region22Chongqing_cement_Region28Gansu,0.0,0.0,1777.6922926417187,0.0,0.0,0.0,0.0,1777.6922926417187
cement_Region22Chongqing_cement_Region29Qinghai,0.0,0.0,1762.746939409618,0.0,0.0,0.0,0.0,1762.746939409618
cement_Region22Chongqing_cement_Region30Ningxia,0.0,0.0,1818.2181611542787,0.0,0.0,0.0,0.0,1818.2181611542787
cement_Region22Chongqing_cement_Region31Xinjiang,0.0,0.0,2180.1703677627575,0.0,0.0,0.0,0.0,2180.1703677627575
cement_Region23Sichuan_cement_Region1Beijing,0.0,0.0,2043.1756888114376,0.0,0.0,0.0,0.0,2043.1756888114376
cement_Region23Sichuan_cement_Region2Tianjin,0.0,0.0,2094.8521003727715,0.0,0.0,0.0,0.0,2094.8521003727715
cement_Region23Sichuan_cement_Region3Hebei,0.0,0.0,1961.221443064734,0.0,0.0,0.0,0.0,1961.221443064734
cement_Region23Sichuan_cement_Region4Shanxi,0.0,0.0,1829.2704147008055,0.0,0.0,0.0,0.0,1829.2704147008055
cement_Region23Sichuan_cement_Region5Innermongolia,0.0,0.0,1706.9267659599816,0.0,0.0,0.0,0.0,1706.9267659599816
cement_Region23Sichuan_cement_Region6Liaoning,0.0,0.0,2095.8393521862904,0.0,0.0,0.0,0.0,2095.8393521862904
cement_Region23Sichuan_cement_Region7Jilin,0.0,0.0,2115.749789934557,0.0,0.0,0.0,0.0,2115.749789934557
cement_Region23Sichuan_cement_Region8Heilongjiang,0.0,0.0,2123.28575676947,0.0,0.0,0.0,0.0,2123.28575676947
cement_Region23Sichuan_cement_Region9Shanghai,0.0,0.0,2215.4794479442007,0.0,0.0,0.0,0.0,2215.4794479442007
cement_Region23Sichuan_cement_Region10Jiangsu,0.0,0.0,2425.716968947653,0.0,0.0,0.0,0.0,2425.716968947653
cement_Region23Sichuan_cement_Region11Zhejiang,0.0,0.0,2209.252185994264,0.0,0.0,0.0,0.0,2209.252185994264
cement_Region23Sichuan_cement_Region12Anhui,0.0,0.0,2763.573732548485,0.0,0.0,0.0,0.0,2763.573732548485
cement_Region23Sichuan_cement_Region13Fujian,0.0,0.0,1809.9017078329684,0.0,0.0,0.0,0.0,1809.9017078329684
cement_Region23Sichuan_cement_Region14Jiangxi,0.0,0.0,2390.1904106093675,0.0,0.0,0.0,0.0,2390.1904106093675
cement_Region23Sichuan_cement_Region15Shandong,0.0,0.0,2100.712719178002,0.0,0.0,0.0,0.0,2100.712719178002
cement_Region23Sichuan_cement_Region16Henan,0.0,0.0,2202.9978373870513,0.0,0.0,0.0,0.0,2202.9978373870513
cement_Region23Sichuan_cement_Region17Hubei,0.0,0.0,2489.248456247453,0.0,0.0,0.0,0.0,2489.248456247453
cement_Region23Sichuan_cement_Region18Hunan,0.0,0.0,3168.564907739005,0.0,0.0,0.0,0.0,3168.564907739005
cement_Region23Sichuan_cement_Region19Guangdong,0.0,0.0,2705.2927969144957,0.0,0.0,0.0,0.0,2705.2927969144957
cement_Region23Sichuan_cement_Region20Guangxi,0.0,0.0,2737.4840493663596,0.0,0.0,0.0,0.0,2737.4840493663596
cement_Region23Sichuan_cement_Region21Hainan,0.0,0.0,2086.26699807341,0.0,0.0,0.0,0.0,2086.26699807341
cement_Region23Sichuan_cement_Region22Chongqing,0.0,0.0,2114.325117075048,0.0,0.0,0.0,0.0,2114.325117075048
cement_Region23Sichuan_cement_Region24Guizhou,0.0,0.0,3346.7863507322727,0.0,0.0,0.0,0.0,3346.7863507322727
cement_Region23Sichuan_cement_Region25Yunnan,0.0,0.0,9192.370580353789,0.0,0.0,0.0,0.0,9192.370580353789
cement_Region23Sichuan_cement_Region27Shaanxi,0.0,0.0,1320.842295730388,0.0,0.0,0.0,0.0,1320.842295730388
cement_Region23Sichuan_cement_Region28Gansu,0.0,0.0,1617.8308771797126,0.0,0.0,0.0,0.0,1617.8308771797126
cement_Region23Sichuan_cement_Region29Qinghai,0.0,0.0,1583.5366023685608,0.0,0.0,0.0,0.0,1583.5366023685608
cement_Region23Sichuan_cement_Region30Ningxia,0.0,0.0,1722.795980944908,0.0,0.0,0.0,0.0,1722.795980944908
cement_Region23Sichuan_cement_Region31Xinjiang,0.0,0.0,2129.9142301530514,0.0,0.0,0.0,0.0,2129.9142301530514
cement_Region24Guizhou_cement_Region1Beijing,0.0,0.0,1984.9653747797397,0.0,0.0,0.0,0.0,1984.9653747797397
cement_Region24Guizhou_cement_Region2Tianjin,0.0,0.0,2021.2578316350755,0.0,0.0,0.0,0.0,2021.2578316350755
cement_Region24Guizhou_cement_Region3Hebei,0.0,0.0,1898.1593995090373,0.0,0.0,0.0,0.0,1898.1593995090373
cement_Region24Guizhou_cement_Region4Shanxi,0.0,0.0,1809.1529596712849,0.0,0.0,0.0,0.0,1809.1529596712849
cement_Region24Guizhou_cement_Region5Innermongolia,0.0,0.0,1736.6574511510178,0.0,0.0,0.0,0.0,1736.6574511510178
cement_Region24Guizhou_cement_Region6Liaoning,0.0,0.0,2045.9463138900558,0.0,0.0,0.0,0.0,2045.9463138900558
cement_Region24Guizhou_cement_Region7Jilin,0.0,0.0,2070.798094060817,0.0,0.0,0.0,0.0,2070.798094060817
cement_Region24Guizhou_cement_Region8Heilongjiang,0.0,0.0,2081.2368591235427,0.0,0.0,0.0,0.0,2081.2368591235427
cement_Region24Guizhou_cement_Region9Shanghai,0.0,0.0,1987.6279297896335,0.0,0.0,0.0,0.0,1987.6279297896335
cement_Region24Guizhou_cement_Region10Jiangsu,0.0,0.0,2144.7775603825244,0.0,0.0,0.0,0.0,2144.7775603825244
cement_Region24Guizhou_cement_Region11Zhejiang,0.0,0.0,1929.8784901130964,0.0,0.0,0.0,0.0,1929.8784901130964
cement_Region24Guizhou_cement_Region12Anhui,0.0,0.0,2411.7076863110533,0.0,0.0,0.0,0.0,2411.7076863110533
cement_Region24Guizhou_cement_Region13Fujian,0.0,0.0,1634.1401169572725,0.0,0.0,0.0,0.0,1634.1401169572725
cement_Region24Guizhou_cement_Region14Jiangxi,0.0,0.0,1878.6621484694617,0.0,0.0,0.0,0.0,1878.6621484694617
cement_Region24Guizhou_cement_Region15Shandong,0.0,0.0,2001.3290965975734,0.0,0.0,0.0,0.0,2001.3290965975734
cement_Region24Guizhou_cement_Region16Henan,0.0,0.0,2042.4230503645847,0.0,0.0,0.0,0.0,2042.4230503645847
cement_Region24Guizhou_cement_Region17Hubei,0.0,0.0,2207.9456232998746,0.0,0.0,0.0,0.0,2207.9456232998746
cement_Region24Guizhou_cement_Region18Hunan,0.0,0.0,2453.9241110821613,0.0,0.0,0.0,0.0,2453.9241110821613
cement_Region24Guizhou_cement_Region19Guangdong,0.0,0.0,2395.7470700728627,0.0,0.0,0.0,0.0,2395.7470700728627
cement_Region24Guizhou_cement_Region20Guangxi,0.0,0.0,3445.9507509968353,0.0,0.0,0.0,0.0,3445.9507509968353
cement_Region24Guizhou_cement_Region21Hainan,0.0,0.0,1783.8757309923071,0.0,0.0,0.0,0.0,1783.8757309923071
cement_Region24Guizhou_cement_Region22Chongqing,0.0,0.0,1959.1746786470876,0.0,0.0,0.0,0.0,1959.1746786470876
cement_Region24Guizhou_cement_Region23Sichuan,0.0,0.0,1723.1808432726648,0.0,0.0,0.0,0.0,1723.1808432726648
cement_Region24Guizhou_cement_Region25Yunnan,0.0,0.0,3695.766188353582,0.0,0.0,0.0,0.0,3695.766188353582
cement_Region24Guizhou_cement_Region27Shaanxi,0.0,0.0,1517.3497818489736,0.0,0.0,0.0,0.0,1517.3497818489736
cement_Region24Guizhou_cement_Region28Gansu,0.0,0.0,1756.248540144034,0.0,0.0,0.0,0.0,1756.248540144034
cement_Region24Guizhou_cement_Region29Qinghai,0.0,0.0,1743.5075890117866,0.0,0.0,0.0,0.0,1743.5075890117866
cement_Region24Guizhou_cement_Region30Ningxia,0.0,0.0,1747.4898715396762,0.0,0.0,0.0,0.0,1747.4898715396762
cement_Region24Guizhou_cement_Region31Xinjiang,0.0,0.0,2109.005543128852,0.0,0.0,0.0,0.0,2109.005543128852
cement_Region25Yunnan_cement_Region1Beijing,0.0,0.0,2347.1664425144536,0.0,0.0,0.0,0.0,2347.1664425144536
cement_Region25Yunnan_cement_Region2Tianjin,0.0,0.0,2396.484775247394,0.0,0.0,0.0,0.0,2396.484775247394
cement_Region25Yunnan_cement_Region3Hebei,0.0,0.0,2289.621914325401,0.0,0.0,0.0,0.0,2289.621914325401
cement_Region25Yunnan_cement_Region4Shanxi,0.0,0.0,2195.961489066359,0.0,0.0,0.0,0.0,2195.961489066359
cement_Region25Yunnan_cement_Region5Innermongolia,0.0,0.0,2060.7687706853408,0.0,0.0,0.0,0.0,2060.7687706853408
cement_Region25Yunnan_cement_Region6Liaoning,0.0,0.0,2388.9726506437946,0.0,0.0,0.0,0.0,2388.9726506437946
cement_Region25Yunnan_cement_Region7Jilin,0.0,0.0,2386.170707666531,0.0,0.0,0.0,0.0,2386.170707666531
cement_Region25Yunnan_cement_Region8Heilongjiang,0.0,0.0,2373.480757564646,0.0,0.0,0.0,0.0,2373.480757564646
cement_Region25Yunnan_cement_Region9Shanghai,0.0,0.0,2527.6793520995993,0.0,0.0,0.0,0.0,2527.6793520995993
cement_Region25Yunnan_cement_Region10Jiangsu,0.0,0.0,2685.2499702067958,0.0,0.0,0.0,0.0,2685.2499702067958
cement_Region25Yunnan_cement_Region11Zhejiang,0.0,0.0,2542.7832239621357,0.0,0.0,0.0,0.0,2542.7832239621357
cement_Region25Yunnan_cement_Region12Anhui,0.0,0.0,2976.906639978519,0.0,0.0,0.0,0.0,2976.906639978519
cement_Region25Yunnan_cement_Region13Fujian,0.0,0.0,2227.9694733018523,0.0,0.0,0.0,0.0,2227.9694733018523
cement_Region25Yunnan_cement_Region14Jiangxi,0.0,0.0,2663.7128760361934,0.0,0.0,0.0,0.0,2663.7128760361934
cement_Region25Yunnan_cement_Region15Shandong,0.0,0.0,2419.2166575187644,0.0,0.0,0.0,0.0,2419.2166575187644
cement_Region25Yunnan_cement_Region16Henan,0.0,0.0,2500.1724227692303,0.0,0.0,0.0,0.0,2500.1724227692303
cement_Region25Yunnan_cement_Region17Hubei,0.0,0.0,2765.462963668335,0.0,0.0,0.0,0.0,2765.462963668335
cement_Region25Yunnan_cement_Region18Hunan,0.0,0.0,3137.280639367935,0.0,0.0,0.0,0.0,3137.280639367935
cement_Region25Yunnan_cement_Region19Guangdong,0.0,0.0,2999.8276325324105,0.0,0.0,0.0,0.0,2999.8276325324105
cement_Region25Yunnan_cement_Region20Guangxi,0.0,0.0,3573.118540713491,0.0,0.0,0.0,0.0,3573.118540713491
cement_Region25Yunnan_cement_Region21Hainan,0.0,0.0,2311.688014086115,0.0,0.0,0.0,0.0,2311.688014086115
cement_Region25Yunnan_cement_Region22Chongqing,0.0,0.0,2159.4938733526405,0.0,0.0,0.0,0.0,2159.4938733526405
cement_Region25Yunnan_cement_Region23Sichuan,0.0,0.0,2305.468519595882,0.0,0.0,0.0,0.0,2305.468519595882
cement_Region25Yunnan_cement_Region24Guizhou,0.0,0.0,3483.0008230516005,0.0,0.0,0.0,0.0,3483.0008230516005
cement_Region25Yunnan_cement_Region27Shaanxi,0.0,0.0,2008.723768297658,0.0,0.0,0.0,0.0,2008.723768297658
cement_Region25Yunnan_cement_Region28Gansu,0.0,0.0,2135.186918349201,0.0,0.0,0.0,0.0,2135.186918349201
cement_Region25Yunnan_cement_Region29Qinghai,0.0,0.0,2071.2791599517977,0.0,0.0,0.0,0.0,2071.2791599517977
cement_Region25Yunnan_cement_Region30Ningxia,0.0,0.0,2142.797649596841,0.0,0.0,0.0,0.0,2142.797649596841
cement_Region25Yunnan_cement_Region31Xinjiang,0.0,0.0,2333.0249327446904,0.0,0.0,0.0,0.0,2333.0249327446904
cement_Region27Shaanxi_cement_Region1Beijing,0.0,0.0,2332.8579940452846,0.0,0.0,0.0,0.0,2332.8579940452846
cement_Region27Shaanxi_cement_Region2Tianjin,0.0,0.0,2468.16259093196,0.0,0.0,0.0,0.0,2468.16259093196
cement_Region27Shaanxi_cement_Region3Hebei,0.0,0.0,2178.8706791640634,0.0,0.0,0.0,0.0,2178.8706791640634
cement_Region27Shaanxi_cement_Region4Shanxi,0.0,0.0,1990.8069826397243,0.0,0.0,0.0,0.0,1990.8069826397243
cement_Region27Shaanxi_cement_Region5Innermongolia,0.0,0.0,1682.1487266942268,0.0,0.0,0.0,0.0,1682.1487266942268
cement_Region27Shaanxi_cement_Region6Liaoning,0.0,0.0,2287.6909968924797,0.0,0.0,0.0,0.0,2287.6909968924797
cement_Region27Shaanxi_cement_Region7Jilin,0.0,0.0,2275.4266758571016,0.0,0.0,0.0,0.0,2275.4266758571016
cement_Region27Shaanxi_cement_Region8Heilongjiang,0.0,0.0,2258.546285283486,0.0,0.0,0.0,0.0,2258.546285283486
cement_Region27Shaanxi_cement_Region9Shanghai,0.0,0.0,2804.794696348098,0.0,0.0,0.0,0.0,2804.794696348098
cement_Region27Shaanxi_cement_Region10Jiangsu,0.0,0.0,3884.3228418444733,0.0,0.0,0.0,0.0,3884.3228418444733
cement_Region27Shaanxi_cement_Region11Zhejiang,0.0,0.0,2936.3643394353476,0.0,0.0,0.0,0.0,2936.3643394353476
cement_Region27Shaanxi_cement_Region12Anhui,0.0,0.0,4420.543441329365,0.0,0.0,0.0,0.0,4420.543441329365
cement_Region27Shaanxi_cement_Region13Fujian,0.0,0.0,2221.1809462053693,0.0,0.0,0.0,0.0,2221.1809462053693
cement_Region27Shaanxi_cement_Region14Jiangxi,0.0,0.0,4335.686635169875,0.0,0.0,0.0,0.0,4335.686635169875
cement_Region27Shaanxi_cement_Region15Shandong,0.0,0.0,2730.149651572394,0.0,0.0,0.0,0.0,2730.149651572394
cement_Region27Shaanxi_cement_Region16Henan,0.0,0.0,3556.4186987195744,0.0,0.0,0.0,0.0,3556.4186987195744
cement_Region27Shaanxi_cement_Region17Hubei,0.0,0.0,4928.194124320106,0.0,0.0,0.0,0.0,4928.194124320106
cement_Region27Shaanxi_cement_Region18Hunan,0.0,0.0,4814.9493067052645,0.0,0.0,0.0,0.0,4814.9493067052645
cement_Region27Shaanxi_cement_Region19Guangdong,0.0,0.0,3494.2262261906376,0.0,0.0,0.0,0.0,3494.2262261906376
cement_Region27Shaanxi_cement_Region20Guangxi,0.0,0.0,3286.097926166492,0.0,0.0,0.0,0.0,3286.097926166492
cement_Region27Shaanxi_cement_Region21Hainan,0.0,0.0,2479.822670944407,0.0,0.0,0.0,0.0,2479.822670944407
cement_Region27Shaanxi_cement_Region22Chongqing,0.0,0.0,3485.3026354169497,0.0,0.0,0.0,0.0,3485.3026354169497
cement_Region27Shaanxi_cement_Region23Sichuan,0.0,0.0,4358.054685531481,0.0,0.0,0.0,0.0,4358.054685531481
cement_Region27Shaanxi_cement_Region24Guizhou,0.0,0.0,4003.431901497869,0.0,0.0,0.0,0.0,4003.431901497869
cement_Region27Shaanxi_cement_Region25Yunnan,0.0,0.0,3568.865913496484,0.0,0.0,0.0,0.0,3568.865913496484
cement_Region27Shaanxi_cement_Region28Gansu,0.0,0.0,2039.32506055182,0.0,0.0,0.0,0.0,2039.32506055182
cement_Region27Shaanxi_cement_Region29Qinghai,0.0,0.0,1937.7879928989094,0.0,0.0,0.0,0.0,1937.7879928989094
cement_Region27Shaanxi_cement_Region30Ningxia,0.0,0.0,1939.1474520601523,0.0,0.0,0.0,0.0,1939.1474520601523
cement_Region27Shaanxi_cement_Region31Xinjiang,0.0,0.0,2304.5503920848355,0.0,0.0,0.0,0.0,2304.5503920848355
cement_Region28Gansu_cement_Region1Beijing,0.0,0.0,2376.0719508248444,0.0,0.0,0.0,0.0,2376.0719508248444
cement_Region28Gansu_cement_Region2Tianjin,0.0,0.0,2455.429705623356,0.0,0.0,0.0,0.0,2455.429705623356
cement_Region28Gansu_cement_Region3Hebei,0.0,0.0,2338.825320768024,0.0,0.0,0.0,0.0,2338.825320768024
cement_Region28Gansu_cement_Region4Shanxi,0.0,0.0,2184.3015107805413,0.0,0.0,0.0,0.0,2184.3015107805413
cement_Region28Gansu_cement_Region5Innermongolia,0.0,0.0,1794.9878687528108,0.0,0.0,0.0,0.0,1794.9878687528108
cement_Region28Gansu_cement_Region6Liaoning,0.0,0.0,2256.851215144273,0.0,0.0,0.0,0.0,2256.851215144273
cement_Region28Gansu_cement_Region7Jilin,0.0,0.0,2252.1951345975863,0.0,0.0,0.0,0.0,2252.1951345975863
cement_Region28Gansu_cement_Region8Heilongjiang,0.0,0.0,2249.353542972944,0.0,0.0,0.0,0.0,2249.353542972944
cement_Region28Gansu_cement_Region9Shanghai,0.0,0.0,2594.7508622216424,0.0,0.0,0.0,0.0,2594.7508622216424
cement_Region28Gansu_cement_Region10Jiangsu,0.0,0.0,3347.5752654996245,0.0,0.0,0.0,0.0,3347.5752654996245
cement_Region28Gansu_cement_Region11Zhejiang,0.0,0.0,2740.5526679337368,0.0,0.0,0.0,0.0,2740.5526679337368
cement_Region28Gansu_cement_Region12Anhui,0.0,0.0,4035.889953000906,0.0,0.0,0.0,0.0,4035.889953000906
cement_Region28Gansu_cement_Region13Fujian,0.0,0.0,2054.438043838157,0.0,0.0,0.0,0.0,2054.438043838157
cement_Region28Gansu_cement_Region14Jiangxi,0.0,0.0,3792.8195142512864,0.0,0.0,0.0,0.0,3792.8195142512864
cement_Region28Gansu_cement_Region15Shandong,0.0,0.0,2442.883887256618,0.0,0.0,0.0,0.0,2442.883887256618
cement_Region28Gansu_cement_Region16Henan,0.0,0.0,3174.223428204098,0.0,0.0,0.0,0.0,3174.223428204098
cement_Region28Gansu_cement_Region17Hubei,0.0,0.0,4207.155129061409,0.0,0.0,0.0,0.0,4207.155129061409
cement_Region28Gansu_cement_Region18Hunan,0.0,0.0,4305.96668263671,0.0,0.0,0.0,0.0,4305.96668263671
cement_Region28Gansu_cement_Region19Guangdong,0.0,0.0,3170.5370612964625,0.0,0.0,0.0,0.0,3170.5370612964625
cement_Region28Gansu_cement_Region20Guangxi,0.0,0.0,3332.406964202977,0.0,0.0,0.0,0.0,3332.406964202977
cement_Region28Gansu_cement_Region21Hainan,0.0,0.0,2445.107506749755,0.0,0.0,0.0,0.0,2445.107506749755
cement_Region28Gansu_cement_Region22Chongqing,0.0,0.0,6424.440403085913,0.0,0.0,0.0,0.0,6424.440403085913
cement_Region28Gansu_cement_Region23Sichuan,0.0,0.0,189030.9548817418,0.0,0.0,0.0,0.0,189030.9548817418
cement_Region28Gansu_cement_Region24Guizhou,0.0,0.0,1654.2263817838434,0.0,0.0,0.0,0.0,1654.2263817838434
cement_Region28Gansu_cement_Region25Yunnan,0.0,0.0,10849.120748910416,0.0,0.0,0.0,0.0,10849.120748910416
cement_Region28Gansu_cement_Region27Shaanxi,0.0,0.0,36600.82756801413,0.0,0.0,0.0,0.0,36600.82756801413
cement_Region28Gansu_cement_Region29Qinghai,0.0,0.0,1562.7452156468216,0.0,0.0,0.0,0.0,1562.7452156468216
cement_Region28Gansu_cement_Region30Ningxia,0.0,0.0,3268.32257843758,0.0,0.0,0.0,0.0,3268.32257843758
cement_Region28Gansu_cement_Region31Xinjiang,0.0,0.0,2250.667373519052,0.0,0.0,0.0,0.0,2250.667373519052
cement_Region29Qinghai_cement_Region1Beijing,0.0,0.0,2453.9095372916445,0.0,0.0,0.0,0.0,2453.9095372916445
cement_Region29Qinghai_cement_Region2Tianjin,0.0,0.0,2523.182499654725,0.0,0.0,0.0,0.0,2523.182499654725
cement_Region29Qinghai_cement_Region3Hebei,0.0,0.0,2414.8675117358284,0.0,0.0,0.0,0.0,2414.8675117358284
cement_Region29Qinghai_cement_Region4Shanxi,0.0,0.0,2291.3940103240366,0.0,0.0,0.0,0.0,2291.3940103240366
cement_Region29Qinghai_cement_Region5Innermongolia,0.0,0.0,1954.187061007403,0.0,0.0,0.0,0.0,1954.187061007403
cement_Region29Qinghai_cement_Region6Liaoning,0.0,0.0,2317.1478167194823,0.0,0.0,0.0,0.0,2317.1478167194823
cement_Region29Qinghai_cement_Region7Jilin,0.0,0.0,2310.3835241233533,0.0,0.0,0.0,0.0,2310.3835241233533
cement_Region29Qinghai_cement_Region8Heilongjiang,0.0,0.0,2306.1542299343782,0.0,0.0,0.0,0.0,2306.1542299343782
cement_Region29Qinghai_cement_Region9Shanghai,0.0,0.0,2578.3038593963324,0.0,0.0,0.0,0.0,2578.3038593963324
cement_Region29Qinghai_cement_Region10Jiangsu,0.0,0.0,3125.442115641074,0.0,0.0,0.0,0.0,3125.442115641074
cement_Region29Qinghai_cement_Region11Zhejiang,0.0,0.0,2647.832138773603,0.0,0.0,0.0,0.0,2647.832138773603
cement_Region29Qinghai_cement_Region12Anhui,0.0,0.0,3966.4408369665075,0.0,0.0,0.0,0.0,3966.4408369665075
cement_Region29Qinghai_cement_Region13Fujian,0.0,0.0,2047.4945982432218,0.0,0.0,0.0,0.0,2047.4945982432218
cement_Region29Qinghai_cement_Region14Jiangxi,0.0,0.0,3233.633053528895,0.0,0.0,0.0,0.0,3233.633053528895
cement_Region29Qinghai_cement_Region15Shandong,0.0,0.0,2506.2967575833636,0.0,0.0,0.0,0.0,2506.2967575833636
cement_Region29Qinghai_cement_Region16Henan,0.0,0.0,3070.046014728031,0.0,0.0,0.0,0.0,3070.046014728031
cement_Region29Qinghai_cement_Region17Hubei,0.0,0.0,3701.0031368022783,0.0,0.0,0.0,0.0,3701.0031368022783
cement_Region29Qinghai_cement_Region18Hunan,0.0,0.0,4202.553598966942,0.0,0.0,0.0,0.0,4202.553598966942
cement_Region29Qinghai_cement_Region19Guangdong,0.0,0.0,3108.7656812613077,0.0,0.0,0.0,0.0,3108.7656812613077
cement_Region29Qinghai_cement_Region20Guangxi,0.0,0.0,3212.888025981253,0.0,0.0,0.0,0.0,3212.888025981253
cement_Region29Qinghai_cement_Region21Hainan,0.0,0.0,2477.798144763041,0.0,0.0,0.0,0.0,2477.798144763041
cement_Region29Qinghai_cement_Region22Chongqing,0.0,0.0,3581.7974009428603,0.0,0.0,0.0,0.0,3581.7974009428603
cement_Region29Qinghai_cement_Region23Sichuan,0.0,0.0,4655.444450192483,0.0,0.0,0.0,0.0,4655.444450192483
cement_Region29Qinghai_cement_Region24Guizhou,0.0,0.0,3966.4532638846713,0.0,0.0,0.0,0.0,3966.4532638846713
cement_Region29Qinghai_cement_Region25Yunnan,0.0,0.0,4073.3232053972833,0.0,0.0,0.0,0.0,4073.3232053972833
cement_Region29Qinghai_cement_Region27Shaanxi,0.0,0.0,3760.640041564441,0.0,0.0,0.0,0.0,3760.640041564441
cement_Region29Qinghai_cement_Region28Gansu,0.0,0.0,3010.456821205444,0.0,0.0,0.0,0.0,3010.456821205444
cement_Region29Qinghai_cement_Region30Ningxia,0.0,0.0,2329.3449879887276,0.0,0.0,0.0,0.0,2329.3449879887276
cement_Region29Qinghai_cement_Region31Xinjiang,0.0,0.0,2309.4123854351833,0.0,0.0,0.0,0.0,2309.4123854351833
cement_Region30Ningxia_cement_Region1Beijing,0.0,0.0,2399.9227143268395,0.0,0.0,0.0,0.0,2399.9227143268395
cement_Region30Ningxia_cement_Region2Tianjin,0.0,0.0,2507.8816014636523,0.0,0.0,0.0,0.0,2507.8816014636523
cement_Region30Ningxia_cement_Region3Hebei,0.0,0.0,2352.086062800361,0.0,0.0,0.0,0.0,2352.086062800361
cement_Region30Ningxia_cement_Region4Shanxi,0.0,0.0,2178.824730804194,0.0,0.0,0.0,0.0,2178.824730804194
cement_Region30Ningxia_cement_Region5Innermongolia,0.0,0.0,1562.174829627511,0.0,0.0,0.0,0.0,1562.174829627511
cement_Region30Ningxia_cement_Region6Liaoning,0.0,0.0,2270.1712425618944,0.0,0.0,0.0,0.0,2270.1712425618944
cement_Region30Ningxia_cement_Region7Jilin,0.0,0.0,2255.598981384607,0.0,0.0,0.0,0.0,2255.598981384607
cement_Region30Ningxia_cement_Region8Heilongjiang,0.0,0.0,2242.62114315351,0.0,0.0,0.0,0.0,2242.62114315351
cement_Region30Ningxia_cement_Region9Shanghai,0.0,0.0,2568.0389566833546,0.0,0.0,0.0,0.0,2568.0389566833546
cement_Region30Ningxia_cement_Region10Jiangsu,0.0,0.0,3049.0172936710733,0.0,0.0,0.0,0.0,3049.0172936710733
cement_Region30Ningxia_cement_Region11Zhejiang,0.0,0.0,2555.1766410985247,0.0,0.0,0.0,0.0,2555.1766410985247
cement_Region30Ningxia_cement_Region12Anhui,0.0,0.0,3709.1755737552767,0.0,0.0,0.0,0.0,3709.1755737552767
cement_Region30Ningxia_cement_Region13Fujian,0.0,0.0,2035.17672853999,0.0,0.0,0.0,0.0,2035.17672853999
cement_Region30Ningxia_cement_Region14Jiangxi,0.0,0.0,2929.001316824104,0.0,0.0,0.0,0.0,2929.001316824104
cement_Region30Ningxia_cement_Region15Shandong,0.0,0.0,2561.694251991128,0.0,0.0,0.0,0.0,2561.694251991128
cement_Region30Ningxia_cement_Region16Henan,0.0,0.0,3092.7529227623,0.0,0.0,0.0,0.0,3092.7529227623
cement_Region30Ningxia_cement_Region17Hubei,0.0,0.0,3269.3380338983893,0.0,0.0,0.0,0.0,3269.3380338983893
cement_Region30Ningxia_cement_Region18Hunan,0.0,0.0,3804.461377032739,0.0,0.0,0.0,0.0,3804.461377032739
cement_Region30Ningxia_cement_Region19Guangdong,0.0,0.0,3011.6949204605494,0.0,0.0,0.0,0.0,3011.6949204605494
cement_Region30Ningxia_cement_Region20Guangxi,0.0,0.0,2945.393058776695,0.0,0.0,0.0,0.0,2945.393058776695
cement_Region30Ningxia_cement_Region21Hainan,0.0,0.0,2443.391487708965,0.0,0.0,0.0,0.0,2443.391487708965
cement_Region30Ningxia_cement_Region22Chongqing,0.0,0.0,2226.48324703869,0.0,0.0,0.0,0.0,2226.48324703869
cement_Region30Ningxia_cement_Region23Sichuan,0.0,0.0,2612.112392367998,0.0,0.0,0.0,0.0,2612.112392367998
cement_Region30Ningxia_cement_Region24Guizhou,0.0,0.0,3407.216025796065,0.0,0.0,0.0,0.0,3407.216025796065
cement_Region30Ningxia_cement_Region25Yunnan,0.0,0.0,2039.8265731509705,0.0,0.0,0.0,0.0,2039.8265731509705
cement_Region30Ningxia_cement_Region27Shaanxi,0.0,0.0,1600.5111025194656,0.0,0.0,0.0,0.0,1600.5111025194656
cement_Region30Ningxia_cement_Region28Gansu,0.0,0.0,2342.093857930569,0.0,0.0,0.0,0.0,2342.093857930569
cement_Region30Ningxia_cement_Region29Qinghai,0.0,0.0,1990.586809789003,0.0,0.0,0.0,0.0,1990.586809789003
cement_Region30Ningxia_cement_Region31Xinjiang,0.0,0.0,2297.7951055610683,0.0,0.0,0.0,0.0,2297.7951055610683
cement_Region31Xinjiang_cement_Region1Beijing,0.0,0.0,3079.9493140645677,0.0,0.0,0.0,0.0,3079.9493140645677
cement_Region31Xinjiang_cement_Region2Tianjin,0.0,0.0,3084.5337314561357,0.0,0.0,0.0,0.0,3084.5337314561357
cement_Region31Xinjiang_cement_Region3Hebei,0.0,0.0,3045.980910171,0.0,0.0,0.0,0.0,3045.980910171
cement_Region31Xinjiang_cement_Region4Shanxi,0.0,0.0,3037.0956362038696,0.0,0.0,0.0,0.0,3037.0956362038696
cement_Region31Xinjiang_cement_Region5Innermongolia,0.0,0.0,2916.2162640576985,0.0,0.0,0.0,0.0,2916.2162640576985
cement_Region31Xinjiang_cement_Region6Liaoning,0.0,0.0,2756.6330074730927,0.0,0.0,0.0,0.0,2756.6330074730927
cement_Region31Xinjiang_cement_Region7Jilin,0.0,0.0,2714.140501014565,0.0,0.0,0.0,0.0,2714.140501014565
cement_Region31Xinjiang_cement_Region8Heilongjiang,0.0,0.0,2691.287177253473,0.0,0.0,0.0,0.0,2691.287177253473
cement_Region31Xinjiang_cement_Region9Shanghai,0.0,0.0,2908.392336145156,0.0,0.0,0.0,0.0,2908.392336145156
cement_Region31Xinjiang_cement_Region10Jiangsu,0.0,0.0,3214.6093440896684,0.0,0.0,0.0,0.0,3214.6093440896684
cement_Region31Xinjiang_cement_Region11Zhejiang,0.0,0.0,2868.8907311946896,0.0,0.0,0.0,0.0,2868.8907311946896
cement_Region31Xinjiang_cement_Region12Anhui,0.0,0.0,3681.239743655143,0.0,0.0,0.0,0.0,3681.239743655143
cement_Region31Xinjiang_cement_Region13Fujian,0.0,0.0,2412.419116555103,0.0,0.0,0.0,0.0,2412.419116555103
cement_Region31Xinjiang_cement_Region14Jiangxi,0.0,0.0,3024.1311945365787,0.0,0.0,0.0,0.0,3024.1311945365787
cement_Region31Xinjiang_cement_Region15Shandong,0.0,0.0,2987.3102563128937,0.0,0.0,0.0,0.0,2987.3102563128937
cement_Region31Xinjiang_cement_Region16Henan,0.0,0.0,3316.28168187728,0.0,0.0,0.0,0.0,3316.28168187728
cement_Region31Xinjiang_cement_Region17Hubei,0.0,0.0,3286.757832739526,0.0,0.0,0.0,0.0,3286.757832739526
cement_Region31Xinjiang_cement_Region18Hunan,0.0,0.0,3524.045878635792,0.0,0.0,0.0,0.0,3524.045878635792
cement_Region31Xinjiang_cement_Region19Guangdong,0.0,0.0,3237.3573350151287,0.0,0.0,0.0,0.0,3237.3573350151287
cement_Region31Xinjiang_cement_Region20Guangxi,0.0,0.0,3279.2886111636208,0.0,0.0,0.0,0.0,3279.2886111636208
cement_Region31Xinjiang_cement_Region21Hainan,0.0,0.0,2838.248763078129,0.0,0.0,0.0,0.0,2838.248763078129
cement_Region31Xinjiang_cement_Region22Chongqing,0.0,0.0,2631.487073179017,0.0,0.0,0.0,0.0,2631.487073179017
cement_Region31Xinjiang_cement_Region23Sichuan,0.0,0.0,2942.308132793592,0.0,0.0,0.0,0.0,2942.308132793592
cement_Region31Xinjiang_cement_Region24Guizhou,0.0,0.0,3452.8558360258735,0.0,0.0,0.0,0.0,3452.8558360258735
cement_Region31Xinjiang_cement_Region25Yunnan,0.0,0.0,2008.344612843656,0.0,0.0,0.0,0.0,2008.344612843656
cement_Region31Xinjiang_cement_Region27Shaanxi,0.0,0.0,2427.9473294502577,0.0,0.0,0.0,0.0,2427.9473294502577
cement_Region31Xinjiang_cement_Region28Gansu,0.0,0.0,3382.1004193918407,0.0,0.0,0.0,0.0,3382.1004193918407
cement_Region31Xinjiang_cement_Region29Qinghai,0.0,0.0,3661.9149189696104,0.0,0.0,0.0,0.0,3661.9149189696104
cement_Region31Xinjiang_cement_Region30Ningxia,0.0,0.0,3040.3137768313395,0.0,0.0,0.0,0.0,3040.3137768313395
crudesteel_Region1Beijing_crudesteel_Region2Tianjin,0.0,0.0,101759.5961588359,0.0,0.0,0.0,0.0,101759.5961588359
crudesteel_Region1Beijing_crudesteel_Region3Hebei,0.0,0.0,2672.529549398555,0.0,0.0,0.0,0.0,2672.529549398555
crudesteel_Region1Beijing_crudesteel_Region4Shanxi,0.0,0.0,1814.1060626846413,0.0,0.0,0.0,0.0,1814.1060626846413
crudesteel_Region1Beijing_crudesteel_Region5Innermongolia,0.0,0.0,881.9102039029195,0.0,0.0,0.0,0.0,881.9102039029195
crudesteel_Region1Beijing_crudesteel_Region6Liaoning,0.0,0.0,2121.414010903963,0.0,0.0,0.0,0.0,2121.414010903963
crudesteel_Region1Beijing_crudesteel_Region7Jilin,0.0,0.0,1176.7906911494174,0.0,0.0,0.0,0.0,1176.7906911494174
crudesteel_Region1Beijing_crudesteel_Region8Heilongjiang,0.0,0.0,1123.4637549820893,0.0,0.0,0.0,0.0,1123.4637549820893
crudesteel_Region1Beijing_crudesteel_Region9Shanghai,0.0,0.0,9282.658739298007,0.0,0.0,0.0,0.0,9282.658739298007
crudesteel_Region1Beijing_crudesteel_Region10Jiangsu,0.0,0.0,8623.308605360735,0.0,0.0,0.0,0.0,8623.308605360735
crudesteel_Region1Beijing_crudesteel_Region11Zhejiang,0.0,0.0,8408.360793712993,0.0,0.0,0.0,0.0,8408.360793712993
crudesteel_Region1Beijing_crudesteel_Region12Anhui,0.0,0.0,5391.050247109812,0.0,0.0,0.0,0.0,5391.050247109812
crudesteel_Region1Beijing_crudesteel_Region13Fujian,0.0,0.0,2936.752716151942,0.0,0.0,0.0,0.0,2936.752716151942
crudesteel_Region1Beijing_crudesteel_Region14Jiangxi,0.0,0.0,3719.9432624361643,0.0,0.0,0.0,0.0,3719.9432624361643
crudesteel_Region1Beijing_crudesteel_Region15Shandong,0.0,0.0,5442.6536553561355,0.0,0.0,0.0,0.0,5442.6536553561355
crudesteel_Region1Beijing_crudesteel_Region16Henan,0.0,0.0,2574.5482728015195,0.0,0.0,0.0,0.0,2574.5482728015195
crudesteel_Region1Beijing_crudesteel_Region17Hubei,0.0,0.0,3400.766972401288,0.0,0.0,0.0,0.0,3400.766972401288
crudesteel_Region1Beijing_crudesteel_Region18Hunan,0.0,0.0,3301.9207731456263,0.0,0.0,0.0,0.0,3301.9207731456263
crudesteel_Region1Beijing_crudesteel_Region19Guangdong,0.0,0.0,4129.6179789686275,0.0,0.0,0.0,0.0,4129.6179789686275
crudesteel_Region1Beijing_crudesteel_Region20Guangxi,0.0,0.0,2874.6718124998724,0.0,0.0,0.0,0.0,2874.6718124998724
crudesteel_Region1Beijing_crudesteel_Region21Hainan,0.0,0.0,3490.749285721174,0.0,0.0,0.0,0.0,3490.749285721174
crudesteel_Region1Beijing_crudesteel_Region22Chongqing,0.0,0.0,2166.2588084086938,0.0,0.0,0.0,0.0,2166.2588084086938
crudesteel_Region1Beijing_crudesteel_Region23Sichuan,0.0,0.0,1981.8062862326965,0.0,0.0,0.0,0.0,1981.8062862326965
crudesteel_Region1Beijing_crudesteel_Region24Guizhou,0.0,0.0,2329.976175779,0.0,0.0,0.0,0.0,2329.976175779
crudesteel_Region1Beijing_crudesteel_Region25Yunnan,0.0,0.0,2765.983358482036,0.0,0.0,0.0,0.0,2765.983358482036
crudesteel_Region1Beijing_crudesteel_Region27Shaanxi,0.0,0.0,1511.6780836244952,0.0,0.0,0.0,0.0,1511.6780836244952
crudesteel_Region1Beijing_crudesteel_Region28Gansu,0.0,0.0,1156.0566111477042,0.0,0.0,0.0,0.0,1156.0566111477042
crudesteel_Region1Beijing_crudesteel_Region29Qinghai,0.0,0.0,1301.9766873607869,0.0,0.0,0.0,0.0,1301.9766873607869
crudesteel_Region1Beijing_crudesteel_Region30Ningxia,0.0,0.0,1234.5919533559688,0.0,0.0,0.0,0.0,1234.5919533559688
crudesteel_Region1Beijing_crudesteel_Region31Xinjiang,0.0,0.0,1641.7122373716845,0.0,0.0,0.0,0.0,1641.7122373716845
crudesteel_Region2Tianjin_crudesteel_Region1Beijing,0.0,0.0,1035.923446708638,0.0,0.0,0.0,0.0,1035.923446708638
crudesteel_Region2Tianjin_crudesteel_Region3Hebei,0.0,0.0,1712.9579251232353,0.0,0.0,0.0,0.0,1712.9579251232353
crudesteel_Region2Tianjin_crudesteel_Region4Shanxi,0.0,0.0,1471.0422287408096,0.0,0.0,0.0,0.0,1471.0422287408096
crudesteel_Region2Tianjin_crudesteel_Region5Innermongolia,0.0,0.0,900.1808127021383,0.0,0.0,0.0,0.0,900.1808127021383
crudesteel_Region2Tianjin_crudesteel_Region6Liaoning,0.0,0.0,1551.8827950384182,0.0,0.0,0.0,0.0,1551.8827950384182
crudesteel_Region2Tianjin_crudesteel_Region7Jilin,0.0,0.0,1069.2863400019753,0.0,0.0,0.0,0.0,1069.2863400019753
crudesteel_Region2Tianjin_crudesteel_Region8Heilongjiang,0.0,0.0,1055.3797241454076,0.0,0.0,0.0,0.0,1055.3797241454076
crudesteel_Region2Tianjin_crudesteel_Region9Shanghai,0.0,0.0,7413.836350111593,0.0,0.0,0.0,0.0,7413.836350111593
crudesteel_Region2Tianjin_crudesteel_Region10Jiangsu,0.0,0.0,7184.587427232542,0.0,0.0,0.0,0.0,7184.587427232542
crudesteel_Region2Tianjin_crudesteel_Region11Zhejiang,0.0,0.0,6872.078943363539,0.0,0.0,0.0,0.0,6872.078943363539
crudesteel_Region2Tianjin_crudesteel_Region12Anhui,0.0,0.0,4186.229927476596,0.0,0.0,0.0,0.0,4186.229927476596
crudesteel_Region2Tianjin_crudesteel_Region13Fujian,0.0,0.0,2685.8418371756434,0.0,0.0,0.0,0.0,2685.8418371756434
crudesteel_Region2Tianjin_crudesteel_Region14Jiangxi,0.0,0.0,3290.562961843086,0.0,0.0,0.0,0.0,3290.562961843086
crudesteel_Region2Tianjin_crudesteel_Region15Shandong,0.0,0.0,2635.8372374830556,0.0,0.0,0.0,0.0,2635.8372374830556
crudesteel_Region2Tianjin_crudesteel_Region16Henan,0.0,0.0,2094.1088652837943,0.0,0.0,0.0,0.0,2094.1088652837943
crudesteel_Region2Tianjin_crudesteel_Region17Hubei,0.0,0.0,2855.897711255453,0.0,0.0,0.0,0.0,2855.897711255453
crudesteel_Region2Tianjin_crudesteel_Region18Hunan,0.0,0.0,2916.3662577842865,0.0,0.0,0.0,0.0,2916.3662577842865
crudesteel_Region2Tianjin_crudesteel_Region19Guangdong,0.0,0.0,3733.1781022853384,0.0,0.0,0.0,0.0,3733.1781022853384
crudesteel_Region2Tianjin_crudesteel_Region20Guangxi,0.0,0.0,2695.7315562354684,0.0,0.0,0.0,0.0,2695.7315562354684
crudesteel_Region2Tianjin_crudesteel_Region21Hainan,0.0,0.0,3253.1178946432733,0.0,0.0,0.0,0.0,3253.1178946432733
crudesteel_Region2Tianjin_crudesteel_Region22Chongqing,0.0,0.0,2020.73462545497,0.0,0.0,0.0,0.0,2020.73462545497
crudesteel_Region2Tianjin_crudesteel_Region23Sichuan,0.0,0.0,1864.7533450185667,0.0,0.0,0.0,0.0,1864.7533450185667
crudesteel_Region2Tianjin_crudesteel_Region24Guizhou,0.0,0.0,2179.5717227329833,0.0,0.0,0.0,0.0,2179.5717227329833
crudesteel_Region2Tianjin_crudesteel_Region25Yunnan,0.0,0.0,2580.4271718884956,0.0,0.0,0.0,0.0,2580.4271718884956
crudesteel_Region2Tianjin_crudesteel_Region27Shaanxi,0.0,0.0,1394.7605251539355,0.0,0.0,0.0,0.0,1394.7605251539355
crudesteel_Region2Tianjin_crudesteel_Region28Gansu,0.0,0.0,1118.4057990839144,0.0,0.0,0.0,0.0,1118.4057990839144
crudesteel_Region2Tianjin_crudesteel_Region29Qinghai,0.0,0.0,1256.6546174293098,0.0,0.0,0.0,0.0,1256.6546174293098
crudesteel_Region2Tianjin_crudesteel_Region30Ningxia,0.0,0.0,1169.8428216020416,0.0,0.0,0.0,0.0,1169.8428216020416
crudesteel_Region2Tianjin_crudesteel_Region31Xinjiang,0.0,0.0,1612.114162626961,0.0,0.0,0.0,0.0,1612.114162626961
crudesteel_Region3Hebei_crudesteel_Region1Beijing,0.0,0.0,1419.9515322335465,0.0,0.0,0.0,0.0,1419.9515322335465
crudesteel_Region3Hebei_crudesteel_Region2Tianjin,0.0,0.0,2271.8884103116407,0.0,0.0,0.0,0.0,2271.8884103116407
crudesteel_Region3Hebei_crudesteel_Region4Shanxi,0.0,0.0,1150.4654498642956,0.0,0.0,0.0,0.0,1150.4654498642956
crudesteel_Region3Hebei_crudesteel_Region5Innermongolia,0.0,0.0,902.0903343667103,0.0,0.0,0.0,0.0,902.0903343667103
crudesteel_Region3Hebei_crudesteel_Region6Liaoning,0.0,0.0,1463.8043891540735,0.0,0.0,0.0,0.0,1463.8043891540735
crudesteel_Region3Hebei_crudesteel_Region7Jilin,0.0,0.0,1226.5085864727807,0.0,0.0,0.0,0.0,1226.5085864727807
crudesteel_Region3Hebei_crudesteel_Region8Heilongjiang,0.0,0.0,1216.7775095626635,0.0,0.0,0.0,0.0,1216.7775095626635
crudesteel_Region3Hebei_crudesteel_Region9Shanghai,0.0,0.0,7504.342292847441,0.0,0.0,0.0,0.0,7504.342292847441
crudesteel_Region3Hebei_crudesteel_Region10Jiangsu,0.0,0.0,5736.345867597358,0.0,0.0,0.0,0.0,5736.345867597358
crudesteel_Region3Hebei_crudesteel_Region11Zhejiang,0.0,0.0,7111.926867854301,0.0,0.0,0.0,0.0,7111.926867854301
crudesteel_Region3Hebei_crudesteel_Region12Anhui,0.0,0.0,5628.714084987401,0.0,0.0,0.0,0.0,5628.714084987401
crudesteel_Region3Hebei_crudesteel_Region13Fujian,0.0,0.0,2528.1910870150514,0.0,0.0,0.0,0.0,2528.1910870150514
crudesteel_Region3Hebei_crudesteel_Region14Jiangxi,0.0,0.0,3932.929023008924,0.0,0.0,0.0,0.0,3932.929023008924
crudesteel_Region3Hebei_crudesteel_Region15Shandong,0.0,0.0,5362.519639579388,0.0,0.0,0.0,0.0,5362.519639579388
crudesteel_Region3Hebei_crudesteel_Region16Henan,0.0,0.0,2447.54013912026,0.0,0.0,0.0,0.0,2447.54013912026
crudesteel_Region3Hebei_crudesteel_Region17Hubei,0.0,0.0,3463.3495414935323,0.0,0.0,0.0,0.0,3463.3495414935323
crudesteel_Region3Hebei_crudesteel_Region18Hunan,0.0,0.0,3484.1271354017854,0.0,0.0,0.0,0.0,3484.1271354017854
crudesteel_Region3Hebei_crudesteel_Region19Guangdong,0.0,0.0,4440.390535125876,0.0,0.0,0.0,0.0,4440.390535125876
crudesteel_Region3Hebei_crudesteel_Region20Guangxi,0.0,0.0,2817.1042764347276,0.0,0.0,0.0,0.0,2817.1042764347276
crudesteel_Region3Hebei_crudesteel_Region21Hainan,0.0,0.0,3527.220778968417,0.0,0.0,0.0,0.0,3527.220778968417
crudesteel_Region3Hebei_crudesteel_Region22Chongqing,0.0,0.0,2040.275825574453,0.0,0.0,0.0,0.0,2040.275825574453
crudesteel_Region3Hebei_crudesteel_Region23Sichuan,0.0,0.0,1845.136083535467,0.0,0.0,0.0,0.0,1845.136083535467
crudesteel_Region3Hebei_crudesteel_Region24Guizhou,0.0,0.0,2237.593345245659,0.0,0.0,0.0,0.0,2237.593345245659
crudesteel_Region3Hebei_crudesteel_Region25Yunnan,0.0,0.0,2765.71348110798,0.0,0.0,0.0,0.0,2765.71348110798
crudesteel_Region3Hebei_crudesteel_Region27Shaanxi,0.0,0.0,1264.5326602389941,0.0,0.0,0.0,0.0,1264.5326602389941
crudesteel_Region3Hebei_crudesteel_Region28Gansu,0.0,0.0,1003.9598847224073,0.0,0.0,0.0,0.0,1003.9598847224073
crudesteel_Region3Hebei_crudesteel_Region29Qinghai,0.0,0.0,1160.9243676019141,0.0,0.0,0.0,0.0,1160.9243676019141
crudesteel_Region3Hebei_crudesteel_Region30Ningxia,0.0,0.0,1054.696684407428,0.0,0.0,0.0,0.0,1054.696684407428
crudesteel_Region3Hebei_crudesteel_Region31Xinjiang,0.0,0.0,1613.6676043381358,0.0,0.0,0.0,0.0,1613.6676043381358
crudesteel_Region4Shanxi_crudesteel_Region1Beijing,0.0,0.0,2069.386217448984,0.0,0.0,0.0,0.0,2069.386217448984
crudesteel_Region4Shanxi_crudesteel_Region2Tianjin,0.0,0.0,2907.3146808200436,0.0,0.0,0.0,0.0,2907.3146808200436
crudesteel_Region4Shanxi_crudesteel_Region3Hebei,0.0,0.0,12187.177053095584,0.0,0.0,0.0,0.0,12187.177053095584
crudesteel_Region4Shanxi_crudesteel_Region5Innermongolia,0.0,0.0,841.8093441188329,0.0,0.0,0.0,0.0,841.8093441188329
crudesteel_Region4Shanxi_crudesteel_Region6Liaoning,0.0,0.0,1670.010680951467,0.0,0.0,0.0,0.0,1670.010680951467
crudesteel_Region4Shanxi_crudesteel_Region7Jilin,0.0,0.0,1378.9346385340377,0.0,0.0,0.0,0.0,1378.9346385340377
crudesteel_Region4Shanxi_crudesteel_Region8Heilongjiang,0.0,0.0,1349.5764882955864,0.0,0.0,0.0,0.0,1349.5764882955864
crudesteel_Region4Shanxi_crudesteel_Region9Shanghai,0.0,0.0,8962.840198065498,0.0,0.0,0.0,0.0,8962.840198065498
crudesteel_Region4Shanxi_crudesteel_Region10Jiangsu,0.0,0.0,8099.379212152602,0.0,0.0,0.0,0.0,8099.379212152602
crudesteel_Region4Shanxi_crudesteel_Region11Zhejiang,0.0,0.0,9052.071316839627,0.0,0.0,0.0,0.0,9052.071316839627
crudesteel_Region4Shanxi_crudesteel_Region12Anhui,0.0,0.0,5306.757569641531,0.0,0.0,0.0,0.0,5306.757569641531
crudesteel_Region4Shanxi_crudesteel_Region13Fujian,0.0,0.0,2590.583412458313,0.0,0.0,0.0,0.0,2590.583412458313
crudesteel_Region4Shanxi_crudesteel_Region14Jiangxi,0.0,0.0,4630.542756726178,0.0,0.0,0.0,0.0,4630.542756726178
crudesteel_Region4Shanxi_crudesteel_Region15Shandong,0.0,0.0,3923.5401012457596,0.0,0.0,0.0,0.0,3923.5401012457596
crudesteel_Region4Shanxi_crudesteel_Region16Henan,0.0,0.0,3417.465671057692,0.0,0.0,0.0,0.0,3417.465671057692
crudesteel_Region4Shanxi_crudesteel_Region17Hubei,0.0,0.0,4259.30177098853,0.0,0.0,0.0,0.0,4259.30177098853
crudesteel_Region4Shanxi_crudesteel_Region18Hunan,0.0,0.0,4066.9685170750627,0.0,0.0,0.0,0.0,4066.9685170750627
crudesteel_Region4Shanxi_crudesteel_Region19Guangdong,0.0,0.0,5111.052950254418,0.0,0.0,0.0,0.0,5111.052950254418
crudesteel_Region4Shanxi_crudesteel_Region20Guangxi,0.0,0.0,3014.4578736523026,0.0,0.0,0.0,0.0,3014.4578736523026
crudesteel_Region4Shanxi_crudesteel_Region21Hainan,0.0,0.0,3866.2227909931853,0.0,0.0,0.0,0.0,3866.2227909931853
crudesteel_Region4Shanxi_crudesteel_Region22Chongqing,0.0,0.0,2205.2905886773997,0.0,0.0,0.0,0.0,2205.2905886773997
crudesteel_Region4Shanxi_crudesteel_Region23Sichuan,0.0,0.0,1941.079975453276,0.0,0.0,0.0,0.0,1941.079975453276
crudesteel_Region4Shanxi_crudesteel_Region24Guizhou,0.0,0.0,2402.613069474474,0.0,0.0,0.0,0.0,2402.613069474474
crudesteel_Region4Shanxi_crudesteel_Region25Yunnan,0.0,0.0,3129.013268693009,0.0,0.0,0.0,0.0,3129.013268693009
crudesteel_Region4Shanxi_crudesteel_Region27Shaanxi,0.0,0.0,1252.6483498607736,0.0,0.0,0.0,0.0,1252.6483498607736
crudesteel_Region4Shanxi_crudesteel_Region28Gansu,0.0,0.0,950.3706410237925,0.0,0.0,0.0,0.0,950.3706410237925
crudesteel_Region4Shanxi_crudesteel_Region29Qinghai,0.0,0.0,1133.6008823092664,0.0,0.0,0.0,0.0,1133.6008823092664
crudesteel_Region4Shanxi_crudesteel_Region30Ningxia,0.0,0.0,996.8170999534335,0.0,0.0,0.0,0.0,996.8170999534335
crudesteel_Region4Shanxi_crudesteel_Region31Xinjiang,0.0,0.0,1639.2241322631726,0.0,0.0,0.0,0.0,1639.2241322631726
crudesteel_Region5Innermongolia_crudesteel_Region1Beijing,0.0,0.0,4.550308982639433e9,0.0,0.0,0.0,0.0,4.550308982639433e9
crudesteel_Region5Innermongolia_crudesteel_Region2Tianjin,0.0,0.0,2.6315273838300347e9,0.0,0.0,0.0,0.0,2.6315273838300347e9
crudesteel_Region5Innermongolia_crudesteel_Region3Hebei,0.0,0.0,3.127612088618329e9,0.0,0.0,0.0,0.0,3.127612088618329e9
crudesteel_Region5Innermongolia_crudesteel_Region4Shanxi,0.0,0.0,6.656097735849227e8,0.0,0.0,0.0,0.0,6.656097735849227e8
crudesteel_Region5Innermongolia_crudesteel_Region6Liaoning,0.0,0.0,3828.966464156407,0.0,0.0,0.0,0.0,3828.966464156407
crudesteel_Region5Innermongolia_crudesteel_Region7Jilin,0.0,0.0,1873.500979842569,0.0,0.0,0.0,0.0,1873.500979842569
crudesteel_Region5Innermongolia_crudesteel_Region8Heilongjiang,0.0,0.0,1606.0705221371406,0.0,0.0,0.0,0.0,1606.0705221371406
crudesteel_Region5Innermongolia_crudesteel_Region9Shanghai,0.0,0.0,3625.320019042485,0.0,0.0,0.0,0.0,3625.320019042485
crudesteel_Region5Innermongolia_crudesteel_Region10Jiangsu,0.0,0.0,24623.18711152068,0.0,0.0,0.0,0.0,24623.18711152068
crudesteel_Region5Innermongolia_crudesteel_Region11Zhejiang,0.0,0.0,38564.503697503525,0.0,0.0,0.0,0.0,38564.503697503525
crudesteel_Region5Innermongolia_crudesteel_Region12Anhui,0.0,0.0,11991.34748811387,0.0,0.0,0.0,0.0,11991.34748811387
crudesteel_Region5Innermongolia_crudesteel_Region13Fujian,0.0,0.0,3325.7389140043833,0.0,0.0,0.0,0.0,3325.7389140043833
crudesteel_Region5Innermongolia_crudesteel_Region14Jiangxi,0.0,0.0,6833.405784309078,0.0,0.0,0.0,0.0,6833.405784309078
crudesteel_Region5Innermongolia_crudesteel_Region15Shandong,0.0,0.0,71313.87657197443,0.0,0.0,0.0,0.0,71313.87657197443
crudesteel_Region5Innermongolia_crudesteel_Region16Henan,0.0,0.0,9782.256098285234,0.0,0.0,0.0,0.0,9782.256098285234
crudesteel_Region5Innermongolia_crudesteel_Region17Hubei,0.0,0.0,7667.586075415046,0.0,0.0,0.0,0.0,7667.586075415046
crudesteel_Region5Innermongolia_crudesteel_Region18Hunan,0.0,0.0,6313.088901231409,0.0,0.0,0.0,0.0,6313.088901231409
crudesteel_Region5Innermongolia_crudesteel_Region19Guangdong,0.0,0.0,6867.101656717982,0.0,0.0,0.0,0.0,6867.101656717982
crudesteel_Region5Innermongolia_crudesteel_Region20Guangxi,0.0,0.0,3884.9327479597123,0.0,0.0,0.0,0.0,3884.9327479597123
crudesteel_Region5Innermongolia_crudesteel_Region21Hainan,0.0,0.0,4890.271673833366,0.0,0.0,0.0,0.0,4890.271673833366
crudesteel_Region5Innermongolia_crudesteel_Region22Chongqing,0.0,0.0,3192.4454956363898,0.0,0.0,0.0,0.0,3192.4454956363898
crudesteel_Region5Innermongolia_crudesteel_Region23Sichuan,0.0,0.0,2764.7271921316583,0.0,0.0,0.0,0.0,2764.7271921316583
crudesteel_Region5Innermongolia_crudesteel_Region24Guizhou,0.0,0.0,3274.981364609334,0.0,0.0,0.0,0.0,3274.981364609334
crudesteel_Region5Innermongolia_crudesteel_Region25Yunnan,0.0,0.0,4080.2354247669136,0.0,0.0,0.0,0.0,4080.2354247669136
crudesteel_Region5Innermongolia_crudesteel_Region27Shaanxi,0.0,0.0,2423.6519389743926,0.0,0.0,0.0,0.0,2423.6519389743926
crudesteel_Region5Innermongolia_crudesteel_Region28Gansu,0.0,0.0,1320.6405168477875,0.0,0.0,0.0,0.0,1320.6405168477875
crudesteel_Region5Innermongolia_crudesteel_Region29Qinghai,0.0,0.0,1534.7229606391309,0.0,0.0,0.0,0.0,1534.7229606391309
crudesteel_Region5Innermongolia_crudesteel_Region30Ningxia,0.0,0.0,1593.6524848851113,0.0,0.0,0.0,0.0,1593.6524848851113
crudesteel_Region5Innermongolia_crudesteel_Region31Xinjiang,0.0,0.0,1877.4354812341574,0.0,0.0,0.0,0.0,1877.4354812341574
crudesteel_Region6Liaoning_crudesteel_Region1Beijing,0.0,0.0,2682.397619656935,0.0,0.0,0.0,0.0,2682.397619656935
crudesteel_Region6Liaoning_crudesteel_Region2Tianjin,0.0,0.0,7812.077645951641,0.0,0.0,0.0,0.0,7812.077645951641
crudesteel_Region6Liaoning_crudesteel_Region3Hebei,0.0,0.0,2864.941850391665,0.0,0.0,0.0,0.0,2864.941850391665
crudesteel_Region6Liaoning_crudesteel_Region4Shanxi,0.0,0.0,2392.4999477482033,0.0,0.0,0.0,0.0,2392.4999477482033
crudesteel_Region6Liaoning_crudesteel_Region5Innermongolia,0.0,0.0,1574.966153955334,0.0,0.0,0.0,0.0,1574.966153955334
crudesteel_Region6Liaoning_crudesteel_Region7Jilin,0.0,0.0,736.8002960925332,0.0,0.0,0.0,0.0,736.8002960925332
crudesteel_Region6Liaoning_crudesteel_Region8Heilongjiang,0.0,0.0,865.6642512961115,0.0,0.0,0.0,0.0,865.6642512961115
crudesteel_Region6Liaoning_crudesteel_Region9Shanghai,0.0,0.0,7058.896458999376,0.0,0.0,0.0,0.0,7058.896458999376
crudesteel_Region6Liaoning_crudesteel_Region10Jiangsu,0.0,0.0,5934.664539876891,0.0,0.0,0.0,0.0,5934.664539876891
crudesteel_Region6Liaoning_crudesteel_Region11Zhejiang,0.0,0.0,6413.1485558089835,0.0,0.0,0.0,0.0,6413.1485558089835
crudesteel_Region6Liaoning_crudesteel_Region12Anhui,0.0,0.0,4052.9028828193277,0.0,0.0,0.0,0.0,4052.9028828193277
crudesteel_Region6Liaoning_crudesteel_Region13Fujian,0.0,0.0,3280.1568762271154,0.0,0.0,0.0,0.0,3280.1568762271154
crudesteel_Region6Liaoning_crudesteel_Region14Jiangxi,0.0,0.0,3546.2976112260303,0.0,0.0,0.0,0.0,3546.2976112260303
crudesteel_Region6Liaoning_crudesteel_Region15Shandong,0.0,0.0,3480.148605520422,0.0,0.0,0.0,0.0,3480.148605520422
crudesteel_Region6Liaoning_crudesteel_Region16Henan,0.0,0.0,2778.3066558542787,0.0,0.0,0.0,0.0,2778.3066558542787
crudesteel_Region6Liaoning_crudesteel_Region17Hubei,0.0,0.0,3273.520220660046,0.0,0.0,0.0,0.0,3273.520220660046
crudesteel_Region6Liaoning_crudesteel_Region18Hunan,0.0,0.0,3248.894663255299,0.0,0.0,0.0,0.0,3248.894663255299
crudesteel_Region6Liaoning_crudesteel_Region19Guangdong,0.0,0.0,3741.5097828055705,0.0,0.0,0.0,0.0,3741.5097828055705
crudesteel_Region6Liaoning_crudesteel_Region20Guangxi,0.0,0.0,2966.802692711903,0.0,0.0,0.0,0.0,2966.802692711903
crudesteel_Region6Liaoning_crudesteel_Region21Hainan,0.0,0.0,3433.9376485610583,0.0,0.0,0.0,0.0,3433.9376485610583
crudesteel_Region6Liaoning_crudesteel_Region22Chongqing,0.0,0.0,2402.776446389967,0.0,0.0,0.0,0.0,2402.776446389967
crudesteel_Region6Liaoning_crudesteel_Region23Sichuan,0.0,0.0,2243.895468269163,0.0,0.0,0.0,0.0,2243.895468269163
crudesteel_Region6Liaoning_crudesteel_Region24Guizhou,0.0,0.0,2519.055829753036,0.0,0.0,0.0,0.0,2519.055829753036
crudesteel_Region6Liaoning_crudesteel_Region25Yunnan,0.0,0.0,2834.3798068228084,0.0,0.0,0.0,0.0,2834.3798068228084
crudesteel_Region6Liaoning_crudesteel_Region27Shaanxi,0.0,0.0,1917.6932761932778,0.0,0.0,0.0,0.0,1917.6932761932778
crudesteel_Region6Liaoning_crudesteel_Region28Gansu,0.0,0.0,1487.396929079161,0.0,0.0,0.0,0.0,1487.396929079161
crudesteel_Region6Liaoning_crudesteel_Region29Qinghai,0.0,0.0,1607.3053050382534,0.0,0.0,0.0,0.0,1607.3053050382534
crudesteel_Region6Liaoning_crudesteel_Region30Ningxia,0.0,0.0,1652.541298979045,0.0,0.0,0.0,0.0,1652.541298979045
crudesteel_Region6Liaoning_crudesteel_Region31Xinjiang,0.0,0.0,1830.5364017030067,0.0,0.0,0.0,0.0,1830.5364017030067
crudesteel_Region7Jilin_crudesteel_Region1Beijing,0.0,0.0,4283.617509658601,0.0,0.0,0.0,0.0,4283.617509658601
crudesteel_Region7Jilin_crudesteel_Region2Tianjin,0.0,0.0,11099.631490814634,0.0,0.0,0.0,0.0,11099.631490814634
crudesteel_Region7Jilin_crudesteel_Region3Hebei,0.0,0.0,4008.392592028718,0.0,0.0,0.0,0.0,4008.392592028718
crudesteel_Region7Jilin_crudesteel_Region4Shanxi,0.0,0.0,3184.6506738394182,0.0,0.0,0.0,0.0,3184.6506738394182
crudesteel_Region7Jilin_crudesteel_Region5Innermongolia,0.0,0.0,2085.3478892441676,0.0,0.0,0.0,0.0,2085.3478892441676
crudesteel_Region7Jilin_crudesteel_Region6Liaoning,0.0,0.0,1.098904927186554e9,0.0,0.0,0.0,0.0,1.098904927186554e9
crudesteel_Region7Jilin_crudesteel_Region8Heilongjiang,0.0,0.0,952.922104946899,0.0,0.0,0.0,0.0,952.922104946899
crudesteel_Region7Jilin_crudesteel_Region9Shanghai,0.0,0.0,8620.92192448845,0.0,0.0,0.0,0.0,8620.92192448845
crudesteel_Region7Jilin_crudesteel_Region10Jiangsu,0.0,0.0,7510.92523214073,0.0,0.0,0.0,0.0,7510.92523214073
crudesteel_Region7Jilin_crudesteel_Region11Zhejiang,0.0,0.0,7937.655051518528,0.0,0.0,0.0,0.0,7937.655051518528
crudesteel_Region7Jilin_crudesteel_Region12Anhui,0.0,0.0,5120.425771662213,0.0,0.0,0.0,0.0,5120.425771662213
crudesteel_Region7Jilin_crudesteel_Region13Fujian,0.0,0.0,3874.4383360181996,0.0,0.0,0.0,0.0,3874.4383360181996
crudesteel_Region7Jilin_crudesteel_Region14Jiangxi,0.0,0.0,4262.490571079667,0.0,0.0,0.0,0.0,4262.490571079667
crudesteel_Region7Jilin_crudesteel_Region15Shandong,0.0,0.0,4888.7243147814515,0.0,0.0,0.0,0.0,4888.7243147814515
crudesteel_Region7Jilin_crudesteel_Region16Henan,0.0,0.0,3565.7516710864634,0.0,0.0,0.0,0.0,3565.7516710864634
crudesteel_Region7Jilin_crudesteel_Region17Hubei,0.0,0.0,4019.103861766418,0.0,0.0,0.0,0.0,4019.103861766418
crudesteel_Region7Jilin_crudesteel_Region18Hunan,0.0,0.0,3869.1480473031706,0.0,0.0,0.0,0.0,3869.1480473031706
crudesteel_Region7Jilin_crudesteel_Region19Guangdong,0.0,0.0,4299.174665755933,0.0,0.0,0.0,0.0,4299.174665755933
crudesteel_Region7Jilin_crudesteel_Region20Guangxi,0.0,0.0,3384.6393796975017,0.0,0.0,0.0,0.0,3384.6393796975017
crudesteel_Region7Jilin_crudesteel_Region21Hainan,0.0,0.0,3852.001029297944,0.0,0.0,0.0,0.0,3852.001029297944
crudesteel_Region7Jilin_crudesteel_Region22Chongqing,0.0,0.0,2798.273960385648,0.0,0.0,0.0,0.0,2798.273960385648
crudesteel_Region7Jilin_crudesteel_Region23Sichuan,0.0,0.0,2609.027203018047,0.0,0.0,0.0,0.0,2609.027203018047
crudesteel_Region7Jilin_crudesteel_Region24Guizhou,0.0,0.0,2899.503149103434,0.0,0.0,0.0,0.0,2899.503149103434
crudesteel_Region7Jilin_crudesteel_Region25Yunnan,0.0,0.0,3199.6126528531504,0.0,0.0,0.0,0.0,3199.6126528531504
crudesteel_Region7Jilin_crudesteel_Region27Shaanxi,0.0,0.0,2350.18380501129,0.0,0.0,0.0,0.0,2350.18380501129
crudesteel_Region7Jilin_crudesteel_Region28Gansu,0.0,0.0,1768.7205641681312,0.0,0.0,0.0,0.0,1768.7205641681312
crudesteel_Region7Jilin_crudesteel_Region29Qinghai,0.0,0.0,1886.6554158344568,0.0,0.0,0.0,0.0,1886.6554158344568
crudesteel_Region7Jilin_crudesteel_Region30Ningxia,0.0,0.0,2015.8558287428123,0.0,0.0,0.0,0.0,2015.8558287428123
crudesteel_Region7Jilin_crudesteel_Region31Xinjiang,0.0,0.0,2014.9826029823032,0.0,0.0,0.0,0.0,2014.9826029823032
crudesteel_Region8Heilongjiang_crudesteel_Region1Beijing,0.0,0.0,4259.262125676624,0.0,0.0,0.0,0.0,4259.262125676624
crudesteel_Region8Heilongjiang_crudesteel_Region2Tianjin,0.0,0.0,6341.866572658231,0.0,0.0,0.0,0.0,6341.866572658231
crudesteel_Region8Heilongjiang_crudesteel_Region3Hebei,0.0,0.0,4119.863139568236,0.0,0.0,0.0,0.0,4119.863139568236
crudesteel_Region8Heilongjiang_crudesteel_Region4Shanxi,0.0,0.0,3384.2967898319307,0.0,0.0,0.0,0.0,3384.2967898319307
crudesteel_Region8Heilongjiang_crudesteel_Region5Innermongolia,0.0,0.0,2325.862627019282,0.0,0.0,0.0,0.0,2325.862627019282
crudesteel_Region8Heilongjiang_crudesteel_Region6Liaoning,0.0,0.0,13200.342117926448,0.0,0.0,0.0,0.0,13200.342117926448
crudesteel_Region8Heilongjiang_crudesteel_Region7Jilin,0.0,0.0,5908.057037129267,0.0,0.0,0.0,0.0,5908.057037129267
crudesteel_Region8Heilongjiang_crudesteel_Region9Shanghai,0.0,0.0,7871.317273136505,0.0,0.0,0.0,0.0,7871.317273136505
crudesteel_Region8Heilongjiang_crudesteel_Region10Jiangsu,0.0,0.0,6623.623620014488,0.0,0.0,0.0,0.0,6623.623620014488
crudesteel_Region8Heilongjiang_crudesteel_Region11Zhejiang,0.0,0.0,7058.353676266162,0.0,0.0,0.0,0.0,7058.353676266162
crudesteel_Region8Heilongjiang_crudesteel_Region12Anhui,0.0,0.0,4855.022380877591,0.0,0.0,0.0,0.0,4855.022380877591
crudesteel_Region8Heilongjiang_crudesteel_Region13Fujian,0.0,0.0,3823.8573973458183,0.0,0.0,0.0,0.0,3823.8573973458183
crudesteel_Region8Heilongjiang_crudesteel_Region14Jiangxi,0.0,0.0,4277.483734861112,0.0,0.0,0.0,0.0,4277.483734861112
crudesteel_Region8Heilongjiang_crudesteel_Region15Shandong,0.0,0.0,4748.162559627576,0.0,0.0,0.0,0.0,4748.162559627576
crudesteel_Region8Heilongjiang_crudesteel_Region16Henan,0.0,0.0,3694.669190668016,0.0,0.0,0.0,0.0,3694.669190668016
crudesteel_Region8Heilongjiang_crudesteel_Region17Hubei,0.0,0.0,4099.270420092465,0.0,0.0,0.0,0.0,4099.270420092465
crudesteel_Region8Heilongjiang_crudesteel_Region18Hunan,0.0,0.0,3933.8755026988015,0.0,0.0,0.0,0.0,3933.8755026988015
crudesteel_Region8Heilongjiang_crudesteel_Region19Guangdong,0.0,0.0,4357.165994369058,0.0,0.0,0.0,0.0,4357.165994369058
crudesteel_Region8Heilongjiang_crudesteel_Region20Guangxi,0.0,0.0,3490.172690485836,0.0,0.0,0.0,0.0,3490.172690485836
crudesteel_Region8Heilongjiang_crudesteel_Region21Hainan,0.0,0.0,3947.9560936802204,0.0,0.0,0.0,0.0,3947.9560936802204
crudesteel_Region8Heilongjiang_crudesteel_Region22Chongqing,0.0,0.0,2932.8769058375074,0.0,0.0,0.0,0.0,2932.8769058375074
crudesteel_Region8Heilongjiang_crudesteel_Region23Sichuan,0.0,0.0,2746.558970497518,0.0,0.0,0.0,0.0,2746.558970497518
crudesteel_Region8Heilongjiang_crudesteel_Region24Guizhou,0.0,0.0,3022.921903468473,0.0,0.0,0.0,0.0,3022.921903468473
crudesteel_Region8Heilongjiang_crudesteel_Region25Yunnan,0.0,0.0,3301.627770545246,0.0,0.0,0.0,0.0,3301.627770545246
crudesteel_Region8Heilongjiang_crudesteel_Region27Shaanxi,0.0,0.0,2521.856602744701,0.0,0.0,0.0,0.0,2521.856602744701
crudesteel_Region8Heilongjiang_crudesteel_Region28Gansu,0.0,0.0,1907.3208302497214,0.0,0.0,0.0,0.0,1907.3208302497214
crudesteel_Region8Heilongjiang_crudesteel_Region29Qinghai,0.0,0.0,2018.588393616508,0.0,0.0,0.0,0.0,2018.588393616508
crudesteel_Region8Heilongjiang_crudesteel_Region30Ningxia,0.0,0.0,2189.3603504096304,0.0,0.0,0.0,0.0,2189.3603504096304
crudesteel_Region8Heilongjiang_crudesteel_Region31Xinjiang,0.0,0.0,2101.4086496038703,0.0,0.0,0.0,0.0,2101.4086496038703
crudesteel_Region9Shanghai_crudesteel_Region1Beijing,0.0,0.0,1033.9739406847507,0.0,0.0,0.0,0.0,1033.9739406847507
crudesteel_Region9Shanghai_crudesteel_Region2Tianjin,0.0,0.0,1033.0586754903018,0.0,0.0,0.0,0.0,1033.0586754903018
crudesteel_Region9Shanghai_crudesteel_Region3Hebei,0.0,0.0,1028.6396423033073,0.0,0.0,0.0,0.0,1028.6396423033073
crudesteel_Region9Shanghai_crudesteel_Region4Shanxi,0.0,0.0,1069.5819881910318,0.0,0.0,0.0,0.0,1069.5819881910318
crudesteel_Region9Shanghai_crudesteel_Region5Innermongolia,0.0,0.0,1021.790077257317,0.0,0.0,0.0,0.0,1021.790077257317
crudesteel_Region9Shanghai_crudesteel_Region6Liaoning,0.0,0.0,1122.5628440349994,0.0,0.0,0.0,0.0,1122.5628440349994
crudesteel_Region9Shanghai_crudesteel_Region7Jilin,0.0,0.0,1080.9742414825878,0.0,0.0,0.0,0.0,1080.9742414825878
crudesteel_Region9Shanghai_crudesteel_Region8Heilongjiang,0.0,0.0,1102.2261107623062,0.0,0.0,0.0,0.0,1102.2261107623062
crudesteel_Region9Shanghai_crudesteel_Region10Jiangsu,0.0,0.0,872.8660183314407,0.0,0.0,0.0,0.0,872.8660183314407
crudesteel_Region9Shanghai_crudesteel_Region11Zhejiang,0.0,0.0,1787.6814608906957,0.0,0.0,0.0,0.0,1787.6814608906957
crudesteel_Region9Shanghai_crudesteel_Region12Anhui,0.0,0.0,766.7335048119435,0.0,0.0,0.0,0.0,766.7335048119435
crudesteel_Region9Shanghai_crudesteel_Region13Fujian,0.0,0.0,1254.3376361457663,0.0,0.0,0.0,0.0,1254.3376361457663
crudesteel_Region9Shanghai_crudesteel_Region14Jiangxi,0.0,0.0,1099.8117125510457,0.0,0.0,0.0,0.0,1099.8117125510457
crudesteel_Region9Shanghai_crudesteel_Region15Shandong,0.0,0.0,943.9039721648204,0.0,0.0,0.0,0.0,943.9039721648204
crudesteel_Region9Shanghai_crudesteel_Region16Henan,0.0,0.0,966.6988545856502,0.0,0.0,0.0,0.0,966.6988545856502
crudesteel_Region9Shanghai_crudesteel_Region17Hubei,0.0,0.0,1034.3133413158712,0.0,0.0,0.0,0.0,1034.3133413158712
crudesteel_Region9Shanghai_crudesteel_Region18Hunan,0.0,0.0,1225.4463890370012,0.0,0.0,0.0,0.0,1225.4463890370012
crudesteel_Region9Shanghai_crudesteel_Region19Guangdong,0.0,0.0,1940.7443259805789,0.0,0.0,0.0,0.0,1940.7443259805789
crudesteel_Region9Shanghai_crudesteel_Region20Guangxi,0.0,0.0,1635.244435832421,0.0,0.0,0.0,0.0,1635.244435832421
crudesteel_Region9Shanghai_crudesteel_Region21Hainan,0.0,0.0,1987.2667647604562,0.0,0.0,0.0,0.0,1987.2667647604562
crudesteel_Region9Shanghai_crudesteel_Region22Chongqing,0.0,0.0,1228.90721936645,0.0,0.0,0.0,0.0,1228.90721936645
crudesteel_Region9Shanghai_crudesteel_Region23Sichuan,0.0,0.0,1263.7891625869315,0.0,0.0,0.0,0.0,1263.7891625869315
crudesteel_Region9Shanghai_crudesteel_Region24Guizhou,0.0,0.0,1333.0024100869857,0.0,0.0,0.0,0.0,1333.0024100869857
crudesteel_Region9Shanghai_crudesteel_Region25Yunnan,0.0,0.0,1651.5621690002981,0.0,0.0,0.0,0.0,1651.5621690002981
crudesteel_Region9Shanghai_crudesteel_Region27Shaanxi,0.0,0.0,961.2777808893002,0.0,0.0,0.0,0.0,961.2777808893002
crudesteel_Region9Shanghai_crudesteel_Region28Gansu,0.0,0.0,961.9485154205823,0.0,0.0,0.0,0.0,961.9485154205823
crudesteel_Region9Shanghai_crudesteel_Region29Qinghai,0.0,0.0,1064.8817455670608,0.0,0.0,0.0,0.0,1064.8817455670608
crudesteel_Region9Shanghai_crudesteel_Region30Ningxia,0.0,0.0,1055.7915759129755,0.0,0.0,0.0,0.0,1055.7915759129755
crudesteel_Region9Shanghai_crudesteel_Region31Xinjiang,0.0,0.0,1458.7620029346851,0.0,0.0,0.0,0.0,1458.7620029346851
crudesteel_Region10Jiangsu_crudesteel_Region1Beijing,0.0,0.0,1108.0658464191872,0.0,0.0,0.0,0.0,1108.0658464191872
crudesteel_Region10Jiangsu_crudesteel_Region2Tianjin,0.0,0.0,1132.91935396375,0.0,0.0,0.0,0.0,1132.91935396375
crudesteel_Region10Jiangsu_crudesteel_Region3Hebei,0.0,0.0,1096.636642215582,0.0,0.0,0.0,0.0,1096.636642215582
crudesteel_Region10Jiangsu_crudesteel_Region4Shanxi,0.0,0.0,1129.973913987339,0.0,0.0,0.0,0.0,1129.973913987339
crudesteel_Region10Jiangsu_crudesteel_Region5Innermongolia,0.0,0.0,1049.8803064485223,0.0,0.0,0.0,0.0,1049.8803064485223
crudesteel_Region10Jiangsu_crudesteel_Region6Liaoning,0.0,0.0,1212.6604498512993,0.0,0.0,0.0,0.0,1212.6604498512993
crudesteel_Region10Jiangsu_crudesteel_Region7Jilin,0.0,0.0,1146.0202301302984,0.0,0.0,0.0,0.0,1146.0202301302984
crudesteel_Region10Jiangsu_crudesteel_Region8Heilongjiang,0.0,0.0,1160.8987162274861,0.0,0.0,0.0,0.0,1160.8987162274861
crudesteel_Region10Jiangsu_crudesteel_Region9Shanghai,0.0,0.0,30611.725484726747,0.0,0.0,0.0,0.0,30611.725484726747
crudesteel_Region10Jiangsu_crudesteel_Region11Zhejiang,0.0,0.0,29539.607510452148,0.0,0.0,0.0,0.0,29539.607510452148
crudesteel_Region10Jiangsu_crudesteel_Region12Anhui,0.0,0.0,868.6939084112926,0.0,0.0,0.0,0.0,868.6939084112926
crudesteel_Region10Jiangsu_crudesteel_Region13Fujian,0.0,0.0,1674.2895750452435,0.0,0.0,0.0,0.0,1674.2895750452435
crudesteel_Region10Jiangsu_crudesteel_Region14Jiangxi,0.0,0.0,1445.6022556997673,0.0,0.0,0.0,0.0,1445.6022556997673
crudesteel_Region10Jiangsu_crudesteel_Region15Shandong,0.0,0.0,1046.010223636787,0.0,0.0,0.0,0.0,1046.010223636787
crudesteel_Region10Jiangsu_crudesteel_Region16Henan,0.0,0.0,966.0370130798082,0.0,0.0,0.0,0.0,966.0370130798082
crudesteel_Region10Jiangsu_crudesteel_Region17Hubei,0.0,0.0,1167.8632537756907,0.0,0.0,0.0,0.0,1167.8632537756907
crudesteel_Region10Jiangsu_crudesteel_Region18Hunan,0.0,0.0,1459.5128323609995,0.0,0.0,0.0,0.0,1459.5128323609995
crudesteel_Region10Jiangsu_crudesteel_Region19Guangdong,0.0,0.0,2529.327827265171,0.0,0.0,0.0,0.0,2529.327827265171
crudesteel_Region10Jiangsu_crudesteel_Region20Guangxi,0.0,0.0,1875.967960104545,0.0,0.0,0.0,0.0,1875.967960104545
crudesteel_Region10Jiangsu_crudesteel_Region21Hainan,0.0,0.0,2377.025920901718,0.0,0.0,0.0,0.0,2377.025920901718
crudesteel_Region10Jiangsu_crudesteel_Region22Chongqing,0.0,0.0,1310.9712942131487,0.0,0.0,0.0,0.0,1310.9712942131487
crudesteel_Region10Jiangsu_crudesteel_Region23Sichuan,0.0,0.0,1333.6535106333572,0.0,0.0,0.0,0.0,1333.6535106333572
crudesteel_Region10Jiangsu_crudesteel_Region24Guizhou,0.0,0.0,1459.4089908133205,0.0,0.0,0.0,0.0,1459.4089908133205
crudesteel_Region10Jiangsu_crudesteel_Region25Yunnan,0.0,0.0,1878.7990502729508,0.0,0.0,0.0,0.0,1878.7990502729508
crudesteel_Region10Jiangsu_crudesteel_Region27Shaanxi,0.0,0.0,944.0018631839395,0.0,0.0,0.0,0.0,944.0018631839395
crudesteel_Region10Jiangsu_crudesteel_Region28Gansu,0.0,0.0,954.030008338201,0.0,0.0,0.0,0.0,954.030008338201
crudesteel_Region10Jiangsu_crudesteel_Region29Qinghai,0.0,0.0,1072.048752685748,0.0,0.0,0.0,0.0,1072.048752685748
crudesteel_Region10Jiangsu_crudesteel_Region30Ningxia,0.0,0.0,1061.517736747713,0.0,0.0,0.0,0.0,1061.517736747713
crudesteel_Region10Jiangsu_crudesteel_Region31Xinjiang,0.0,0.0,1502.6767438015977,0.0,0.0,0.0,0.0,1502.6767438015977
crudesteel_Region11Zhejiang_crudesteel_Region1Beijing,0.0,0.0,1086.122885876246,0.0,0.0,0.0,0.0,1086.122885876246
crudesteel_Region11Zhejiang_crudesteel_Region2Tianjin,0.0,0.0,1091.4451968673068,0.0,0.0,0.0,0.0,1091.4451968673068
crudesteel_Region11Zhejiang_crudesteel_Region3Hebei,0.0,0.0,1082.1074507036649,0.0,0.0,0.0,0.0,1082.1074507036649
crudesteel_Region11Zhejiang_crudesteel_Region4Shanxi,0.0,0.0,1116.7607331837107,0.0,0.0,0.0,0.0,1116.7607331837107
crudesteel_Region11Zhejiang_crudesteel_Region5Innermongolia,0.0,0.0,1054.6285448707558,0.0,0.0,0.0,0.0,1054.6285448707558
crudesteel_Region11Zhejiang_crudesteel_Region6Liaoning,0.0,0.0,1171.4639665817956,0.0,0.0,0.0,0.0,1171.4639665817956
crudesteel_Region11Zhejiang_crudesteel_Region7Jilin,0.0,0.0,1122.8350173999797,0.0,0.0,0.0,0.0,1122.8350173999797
crudesteel_Region11Zhejiang_crudesteel_Region8Heilongjiang,0.0,0.0,1140.180802794041,0.0,0.0,0.0,0.0,1140.180802794041
crudesteel_Region11Zhejiang_crudesteel_Region9Shanghai,0.0,0.0,6444.148314585699,0.0,0.0,0.0,0.0,6444.148314585699
crudesteel_Region11Zhejiang_crudesteel_Region10Jiangsu,0.0,0.0,85321.14020987776,0.0,0.0,0.0,0.0,85321.14020987776
crudesteel_Region11Zhejiang_crudesteel_Region12Anhui,0.0,0.0,735.3568538459101,0.0,0.0,0.0,0.0,735.3568538459101
crudesteel_Region11Zhejiang_crudesteel_Region13Fujian,0.0,0.0,1133.0752011667305,0.0,0.0,0.0,0.0,1133.0752011667305
crudesteel_Region11Zhejiang_crudesteel_Region14Jiangxi,0.0,0.0,1024.1914201747527,0.0,0.0,0.0,0.0,1024.1914201747527
crudesteel_Region11Zhejiang_crudesteel_Region15Shandong,0.0,0.0,1005.2537618129962,0.0,0.0,0.0,0.0,1005.2537618129962
crudesteel_Region11Zhejiang_crudesteel_Region16Henan,0.0,0.0,992.7167207779842,0.0,0.0,0.0,0.0,992.7167207779842
crudesteel_Region11Zhejiang_crudesteel_Region17Hubei,0.0,0.0,1022.8339240166666,0.0,0.0,0.0,0.0,1022.8339240166666
crudesteel_Region11Zhejiang_crudesteel_Region18Hunan,0.0,0.0,1179.8930945566328,0.0,0.0,0.0,0.0,1179.8930945566328
crudesteel_Region11Zhejiang_crudesteel_Region19Guangdong,0.0,0.0,1911.4711081258417,0.0,0.0,0.0,0.0,1911.4711081258417
crudesteel_Region11Zhejiang_crudesteel_Region20Guangxi,0.0,0.0,1647.481922659896,0.0,0.0,0.0,0.0,1647.481922659896
crudesteel_Region11Zhejiang_crudesteel_Region21Hainan,0.0,0.0,2066.598318024695,0.0,0.0,0.0,0.0,2066.598318024695
crudesteel_Region11Zhejiang_crudesteel_Region22Chongqing,0.0,0.0,1226.032908860093,0.0,0.0,0.0,0.0,1226.032908860093
crudesteel_Region11Zhejiang_crudesteel_Region23Sichuan,0.0,0.0,1261.1963051498203,0.0,0.0,0.0,0.0,1261.1963051498203
crudesteel_Region11Zhejiang_crudesteel_Region24Guizhou,0.0,0.0,1312.3165323952376,0.0,0.0,0.0,0.0,1312.3165323952376
crudesteel_Region11Zhejiang_crudesteel_Region25Yunnan,0.0,0.0,1671.9519136934025,0.0,0.0,0.0,0.0,1671.9519136934025
crudesteel_Region11Zhejiang_crudesteel_Region27Shaanxi,0.0,0.0,952.2653724226675,0.0,0.0,0.0,0.0,952.2653724226675
crudesteel_Region11Zhejiang_crudesteel_Region28Gansu,0.0,0.0,960.9146895099045,0.0,0.0,0.0,0.0,960.9146895099045
crudesteel_Region11Zhejiang_crudesteel_Region29Qinghai,0.0,0.0,1065.9568079224491,0.0,0.0,0.0,0.0,1065.9568079224491
crudesteel_Region11Zhejiang_crudesteel_Region30Ningxia,0.0,0.0,1066.2941569477628,0.0,0.0,0.0,0.0,1066.2941569477628
crudesteel_Region11Zhejiang_crudesteel_Region31Xinjiang,0.0,0.0,1464.5330327044194,0.0,0.0,0.0,0.0,1464.5330327044194
crudesteel_Region12Anhui_crudesteel_Region1Beijing,0.0,0.0,1270.6100922006715,0.0,0.0,0.0,0.0,1270.6100922006715
crudesteel_Region12Anhui_crudesteel_Region2Tianjin,0.0,0.0,1340.505049320729,0.0,0.0,0.0,0.0,1340.505049320729
crudesteel_Region12Anhui_crudesteel_Region3Hebei,0.0,0.0,1255.3706986912666,0.0,0.0,0.0,0.0,1255.3706986912666
crudesteel_Region12Anhui_crudesteel_Region4Shanxi,0.0,0.0,1215.1204885749728,0.0,0.0,0.0,0.0,1215.1204885749728
crudesteel_Region12Anhui_crudesteel_Region5Innermongolia,0.0,0.0,1121.4432625638522,0.0,0.0,0.0,0.0,1121.4432625638522
crudesteel_Region12Anhui_crudesteel_Region6Liaoning,0.0,0.0,1337.9668267298707,0.0,0.0,0.0,0.0,1337.9668267298707
crudesteel_Region12Anhui_crudesteel_Region7Jilin,0.0,0.0,1241.6390708949866,0.0,0.0,0.0,0.0,1241.6390708949866
crudesteel_Region12Anhui_crudesteel_Region8Heilongjiang,0.0,0.0,1245.9942376231452,0.0,0.0,0.0,0.0,1245.9942376231452
crudesteel_Region12Anhui_crudesteel_Region9Shanghai,0.0,0.0,62697.07143342036,0.0,0.0,0.0,0.0,62697.07143342036
crudesteel_Region12Anhui_crudesteel_Region10Jiangsu,0.0,0.0,859647.6998945714,0.0,0.0,0.0,0.0,859647.6998945714
crudesteel_Region12Anhui_crudesteel_Region11Zhejiang,0.0,0.0,249113.66068842326,0.0,0.0,0.0,0.0,249113.66068842326
crudesteel_Region12Anhui_crudesteel_Region13Fujian,0.0,0.0,2135.535718218694,0.0,0.0,0.0,0.0,2135.535718218694
crudesteel_Region12Anhui_crudesteel_Region14Jiangxi,0.0,0.0,2169.074444575313,0.0,0.0,0.0,0.0,2169.074444575313
crudesteel_Region12Anhui_crudesteel_Region15Shandong,0.0,0.0,1297.3668949877801,0.0,0.0,0.0,0.0,1297.3668949877801
crudesteel_Region12Anhui_crudesteel_Region16Henan,0.0,0.0,1037.533268150859,0.0,0.0,0.0,0.0,1037.533268150859
crudesteel_Region12Anhui_crudesteel_Region17Hubei,0.0,0.0,1387.670577280783,0.0,0.0,0.0,0.0,1387.670577280783
crudesteel_Region12Anhui_crudesteel_Region18Hunan,0.0,0.0,1849.295775138553,0.0,0.0,0.0,0.0,1849.295775138553
crudesteel_Region12Anhui_crudesteel_Region19Guangdong,0.0,0.0,3260.956141423715,0.0,0.0,0.0,0.0,3260.956141423715
crudesteel_Region12Anhui_crudesteel_Region20Guangxi,0.0,0.0,2082.6505125003428,0.0,0.0,0.0,0.0,2082.6505125003428
crudesteel_Region12Anhui_crudesteel_Region21Hainan,0.0,0.0,2738.192733605557,0.0,0.0,0.0,0.0,2738.192733605557
crudesteel_Region12Anhui_crudesteel_Region22Chongqing,0.0,0.0,1400.368970004748,0.0,0.0,0.0,0.0,1400.368970004748
crudesteel_Region12Anhui_crudesteel_Region23Sichuan,0.0,0.0,1406.4855706107344,0.0,0.0,0.0,0.0,1406.4855706107344
crudesteel_Region12Anhui_crudesteel_Region24Guizhou,0.0,0.0,1574.3110116219716,0.0,0.0,0.0,0.0,1574.3110116219716
crudesteel_Region12Anhui_crudesteel_Region25Yunnan,0.0,0.0,2106.26716443024,0.0,0.0,0.0,0.0,2106.26716443024
crudesteel_Region12Anhui_crudesteel_Region27Shaanxi,0.0,0.0,954.3256211140914,0.0,0.0,0.0,0.0,954.3256211140914
crudesteel_Region12Anhui_crudesteel_Region28Gansu,0.0,0.0,959.312504348764,0.0,0.0,0.0,0.0,959.312504348764
crudesteel_Region12Anhui_crudesteel_Region29Qinghai,0.0,0.0,1089.0961489584622,0.0,0.0,0.0,0.0,1089.0961489584622
crudesteel_Region12Anhui_crudesteel_Region30Ningxia,0.0,0.0,1100.2983661007854,0.0,0.0,0.0,0.0,1100.2983661007854
crudesteel_Region12Anhui_crudesteel_Region31Xinjiang,0.0,0.0,1543.5129564976066,0.0,0.0,0.0,0.0,1543.5129564976066
crudesteel_Region13Fujian_crudesteel_Region1Beijing,0.0,0.0,1563.6334891108054,0.0,0.0,0.0,0.0,1563.6334891108054
crudesteel_Region13Fujian_crudesteel_Region2Tianjin,0.0,0.0,1605.2610174976512,0.0,0.0,0.0,0.0,1605.2610174976512
crudesteel_Region13Fujian_crudesteel_Region3Hebei,0.0,0.0,1559.7138166434704,0.0,0.0,0.0,0.0,1559.7138166434704
crudesteel_Region13Fujian_crudesteel_Region4Shanxi,0.0,0.0,1519.7097071650837,0.0,0.0,0.0,0.0,1519.7097071650837
crudesteel_Region13Fujian_crudesteel_Region5Innermongolia,0.0,0.0,1377.8843234540145,0.0,0.0,0.0,0.0,1377.8843234540145
crudesteel_Region13Fujian_crudesteel_Region6Liaoning,0.0,0.0,1539.0001861586425,0.0,0.0,0.0,0.0,1539.0001861586425
crudesteel_Region13Fujian_crudesteel_Region7Jilin,0.0,0.0,1442.1445458015587,0.0,0.0,0.0,0.0,1442.1445458015587
crudesteel_Region13Fujian_crudesteel_Region8Heilongjiang,0.0,0.0,1433.2792880305167,0.0,0.0,0.0,0.0,1433.2792880305167
crudesteel_Region13Fujian_crudesteel_Region9Shanghai,0.0,0.0,4913.797293832847,0.0,0.0,0.0,0.0,4913.797293832847
crudesteel_Region13Fujian_crudesteel_Region10Jiangsu,0.0,0.0,2060.485966829037,0.0,0.0,0.0,0.0,2060.485966829037
crudesteel_Region13Fujian_crudesteel_Region11Zhejiang,0.0,0.0,72154.81450465423,0.0,0.0,0.0,0.0,72154.81450465423
crudesteel_Region13Fujian_crudesteel_Region12Anhui,0.0,0.0,1289.4998806186977,0.0,0.0,0.0,0.0,1289.4998806186977
crudesteel_Region13Fujian_crudesteel_Region14Jiangxi,0.0,0.0,2603.3571935212576,0.0,0.0,0.0,0.0,2603.3571935212576
crudesteel_Region13Fujian_crudesteel_Region15Shandong,0.0,0.0,1579.230129002215,0.0,0.0,0.0,0.0,1579.230129002215
crudesteel_Region13Fujian_crudesteel_Region16Henan,0.0,0.0,1496.7643680239944,0.0,0.0,0.0,0.0,1496.7643680239944
crudesteel_Region13Fujian_crudesteel_Region17Hubei,0.0,0.0,1486.1811270707776,0.0,0.0,0.0,0.0,1486.1811270707776
crudesteel_Region13Fujian_crudesteel_Region18Hunan,0.0,0.0,1883.1325147661153,0.0,0.0,0.0,0.0,1883.1325147661153
crudesteel_Region13Fujian_crudesteel_Region19Guangdong,0.0,0.0,4083.7164277207976,0.0,0.0,0.0,0.0,4083.7164277207976
crudesteel_Region13Fujian_crudesteel_Region20Guangxi,0.0,0.0,1801.9930866702593,0.0,0.0,0.0,0.0,1801.9930866702593
crudesteel_Region13Fujian_crudesteel_Region21Hainan,0.0,0.0,2512.566673574712,0.0,0.0,0.0,0.0,2512.566673574712
crudesteel_Region13Fujian_crudesteel_Region22Chongqing,0.0,0.0,1526.747013620099,0.0,0.0,0.0,0.0,1526.747013620099
crudesteel_Region13Fujian_crudesteel_Region23Sichuan,0.0,0.0,1549.7704297708108,0.0,0.0,0.0,0.0,1549.7704297708108
crudesteel_Region13Fujian_crudesteel_Region24Guizhou,0.0,0.0,1540.953474340579,0.0,0.0,0.0,0.0,1540.953474340579
crudesteel_Region13Fujian_crudesteel_Region25Yunnan,0.0,0.0,1992.2297174675928,0.0,0.0,0.0,0.0,1992.2297174675928
crudesteel_Region13Fujian_crudesteel_Region27Shaanxi,0.0,0.0,1287.7663638442473,0.0,0.0,0.0,0.0,1287.7663638442473
crudesteel_Region13Fujian_crudesteel_Region28Gansu,0.0,0.0,1190.0879224646797,0.0,0.0,0.0,0.0,1190.0879224646797
crudesteel_Region13Fujian_crudesteel_Region29Qinghai,0.0,0.0,1288.0491332636902,0.0,0.0,0.0,0.0,1288.0491332636902
crudesteel_Region13Fujian_crudesteel_Region30Ningxia,0.0,0.0,1329.5570385504766,0.0,0.0,0.0,0.0,1329.5570385504766
crudesteel_Region13Fujian_crudesteel_Region31Xinjiang,0.0,0.0,1617.580901953741,0.0,0.0,0.0,0.0,1617.580901953741
crudesteel_Region14Jiangxi_crudesteel_Region1Beijing,0.0,0.0,1483.135163317923,0.0,0.0,0.0,0.0,1483.135163317923
crudesteel_Region14Jiangxi_crudesteel_Region2Tianjin,0.0,0.0,1564.2354285037109,0.0,0.0,0.0,0.0,1564.2354285037109
crudesteel_Region14Jiangxi_crudesteel_Region3Hebei,0.0,0.0,1463.838098322034,0.0,0.0,0.0,0.0,1463.838098322034
crudesteel_Region14Jiangxi_crudesteel_Region4Shanxi,0.0,0.0,1384.1020964706101,0.0,0.0,0.0,0.0,1384.1020964706101
crudesteel_Region14Jiangxi_crudesteel_Region5Innermongolia,0.0,0.0,1242.7191564781856,0.0,0.0,0.0,0.0,1242.7191564781856
crudesteel_Region14Jiangxi_crudesteel_Region6Liaoning,0.0,0.0,1491.6216255772931,0.0,0.0,0.0,0.0,1491.6216255772931
crudesteel_Region14Jiangxi_crudesteel_Region7Jilin,0.0,0.0,1377.3098650612992,0.0,0.0,0.0,0.0,1377.3098650612992
crudesteel_Region14Jiangxi_crudesteel_Region8Heilongjiang,0.0,0.0,1369.336545109835,0.0,0.0,0.0,0.0,1369.336545109835
crudesteel_Region14Jiangxi_crudesteel_Region9Shanghai,0.0,0.0,9804.671291924476,0.0,0.0,0.0,0.0,9804.671291924476
crudesteel_Region14Jiangxi_crudesteel_Region10Jiangsu,0.0,0.0,3984.328898143829,0.0,0.0,0.0,0.0,3984.328898143829
crudesteel_Region14Jiangxi_crudesteel_Region11Zhejiang,0.0,0.0,30120.151032606816,0.0,0.0,0.0,0.0,30120.151032606816
crudesteel_Region14Jiangxi_crudesteel_Region12Anhui,0.0,0.0,2349.458771116364,0.0,0.0,0.0,0.0,2349.458771116364
crudesteel_Region14Jiangxi_crudesteel_Region13Fujian,0.0,0.0,3152.046531621674,0.0,0.0,0.0,0.0,3152.046531621674
crudesteel_Region14Jiangxi_crudesteel_Region15Shandong,0.0,0.0,1610.229693917494,0.0,0.0,0.0,0.0,1610.229693917494
crudesteel_Region14Jiangxi_crudesteel_Region16Henan,0.0,0.0,1323.1770397418195,0.0,0.0,0.0,0.0,1323.1770397418195
crudesteel_Region14Jiangxi_crudesteel_Region17Hubei,0.0,0.0,1896.4004117202053,0.0,0.0,0.0,0.0,1896.4004117202053
crudesteel_Region14Jiangxi_crudesteel_Region18Hunan,0.0,0.0,68555.38867145093,0.0,0.0,0.0,0.0,68555.38867145093
crudesteel_Region14Jiangxi_crudesteel_Region19Guangdong,0.0,0.0,8331.115732145823,0.0,0.0,0.0,0.0,8331.115732145823
crudesteel_Region14Jiangxi_crudesteel_Region20Guangxi,0.0,0.0,2054.7450743645545,0.0,0.0,0.0,0.0,2054.7450743645545
crudesteel_Region14Jiangxi_crudesteel_Region21Hainan,0.0,0.0,3144.205297626605,0.0,0.0,0.0,0.0,3144.205297626605
crudesteel_Region14Jiangxi_crudesteel_Region22Chongqing,0.0,0.0,1369.4126007452721,0.0,0.0,0.0,0.0,1369.4126007452721
crudesteel_Region14Jiangxi_crudesteel_Region23Sichuan,0.0,0.0,1389.4121238397054,0.0,0.0,0.0,0.0,1389.4121238397054
crudesteel_Region14Jiangxi_crudesteel_Region24Guizhou,0.0,0.0,1474.7574556953386,0.0,0.0,0.0,0.0,1474.7574556953386
crudesteel_Region14Jiangxi_crudesteel_Region25Yunnan,0.0,0.0,2136.618756424543,0.0,0.0,0.0,0.0,2136.618756424543
crudesteel_Region14Jiangxi_crudesteel_Region27Shaanxi,0.0,0.0,1049.13538456349,0.0,0.0,0.0,0.0,1049.13538456349
crudesteel_Region14Jiangxi_crudesteel_Region28Gansu,0.0,0.0,1014.0209963478419,0.0,0.0,0.0,0.0,1014.0209963478419
crudesteel_Region14Jiangxi_crudesteel_Region29Qinghai,0.0,0.0,1140.5673738353207,0.0,0.0,0.0,0.0,1140.5673738353207
crudesteel_Region14Jiangxi_crudesteel_Region30Ningxia,0.0,0.0,1175.4870751040055,0.0,0.0,0.0,0.0,1175.4870751040055
crudesteel_Region14Jiangxi_crudesteel_Region31Xinjiang,0.0,0.0,1568.5638309480437,0.0,0.0,0.0,0.0,1568.5638309480437
crudesteel_Region15Shandong_crudesteel_Region1Beijing,0.0,0.0,1190.4166770991046,0.0,0.0,0.0,0.0,1190.4166770991046
crudesteel_Region15Shandong_crudesteel_Region2Tianjin,0.0,0.0,1426.311281788212,0.0,0.0,0.0,0.0,1426.311281788212
crudesteel_Region15Shandong_crudesteel_Region3Hebei,0.0,0.0,1229.1935786326626,0.0,0.0,0.0,0.0,1229.1935786326626
crudesteel_Region15Shandong_crudesteel_Region4Shanxi,0.0,0.0,1216.4801338744733,0.0,0.0,0.0,0.0,1216.4801338744733
crudesteel_Region15Shandong_crudesteel_Region5Innermongolia,0.0,0.0,1018.4178269215755,0.0,0.0,0.0,0.0,1018.4178269215755
crudesteel_Region15Shandong_crudesteel_Region6Liaoning,0.0,0.0,1236.1894362558328,0.0,0.0,0.0,0.0,1236.1894362558328
crudesteel_Region15Shandong_crudesteel_Region7Jilin,0.0,0.0,1119.1656776717527,0.0,0.0,0.0,0.0,1119.1656776717527
crudesteel_Region15Shandong_crudesteel_Region8Heilongjiang,0.0,0.0,1135.8613924038402,0.0,0.0,0.0,0.0,1135.8613924038402
crudesteel_Region15Shandong_crudesteel_Region9Shanghai,0.0,0.0,14232.095094290675,0.0,0.0,0.0,0.0,14232.095094290675
crudesteel_Region15Shandong_crudesteel_Region10Jiangsu,0.0,0.0,10484.41372825336,0.0,0.0,0.0,0.0,10484.41372825336
crudesteel_Region15Shandong_crudesteel_Region11Zhejiang,0.0,0.0,137010.96513969288,0.0,0.0,0.0,0.0,137010.96513969288
crudesteel_Region15Shandong_crudesteel_Region12Anhui,0.0,0.0,174146.08598418327,0.0,0.0,0.0,0.0,174146.08598418327
crudesteel_Region15Shandong_crudesteel_Region13Fujian,0.0,0.0,2506.5093412914175,0.0,0.0,0.0,0.0,2506.5093412914175
crudesteel_Region15Shandong_crudesteel_Region14Jiangxi,0.0,0.0,3222.110289859534,0.0,0.0,0.0,0.0,3222.110289859534
crudesteel_Region15Shandong_crudesteel_Region16Henan,0.0,0.0,1789.611209832399,0.0,0.0,0.0,0.0,1789.611209832399
crudesteel_Region15Shandong_crudesteel_Region17Hubei,0.0,0.0,2780.07426691139,0.0,0.0,0.0,0.0,2780.07426691139
crudesteel_Region15Shandong_crudesteel_Region18Hunan,0.0,0.0,2817.121431572627,0.0,0.0,0.0,0.0,2817.121431572627
crudesteel_Region15Shandong_crudesteel_Region19Guangdong,0.0,0.0,3748.1802199792955,0.0,0.0,0.0,0.0,3748.1802199792955
crudesteel_Region15Shandong_crudesteel_Region20Guangxi,0.0,0.0,2588.215634870149,0.0,0.0,0.0,0.0,2588.215634870149
crudesteel_Region15Shandong_crudesteel_Region21Hainan,0.0,0.0,3193.6814659695638,0.0,0.0,0.0,0.0,3193.6814659695638
crudesteel_Region15Shandong_crudesteel_Region22Chongqing,0.0,0.0,1843.2894978976333,0.0,0.0,0.0,0.0,1843.2894978976333
crudesteel_Region15Shandong_crudesteel_Region23Sichuan,0.0,0.0,1706.021811053362,0.0,0.0,0.0,0.0,1706.021811053362
crudesteel_Region15Shandong_crudesteel_Region24Guizhou,0.0,0.0,2040.7311522058858,0.0,0.0,0.0,0.0,2040.7311522058858
crudesteel_Region15Shandong_crudesteel_Region25Yunnan,0.0,0.0,2446.2987310305584,0.0,0.0,0.0,0.0,2446.2987310305584
crudesteel_Region15Shandong_crudesteel_Region27Shaanxi,0.0,0.0,1180.4382866962958,0.0,0.0,0.0,0.0,1180.4382866962958
crudesteel_Region15Shandong_crudesteel_Region28Gansu,0.0,0.0,1027.3455025500264,0.0,0.0,0.0,0.0,1027.3455025500264
crudesteel_Region15Shandong_crudesteel_Region29Qinghai,0.0,0.0,1159.378767575086,0.0,0.0,0.0,0.0,1159.378767575086
crudesteel_Region15Shandong_crudesteel_Region30Ningxia,0.0,0.0,1072.1248517810093,0.0,0.0,0.0,0.0,1072.1248517810093
crudesteel_Region15Shandong_crudesteel_Region31Xinjiang,0.0,0.0,1582.0260233507984,0.0,0.0,0.0,0.0,1582.0260233507984
crudesteel_Region16Henan_crudesteel_Region1Beijing,0.0,0.0,1739.9021992995358,0.0,0.0,0.0,0.0,1739.9021992995358
crudesteel_Region16Henan_crudesteel_Region2Tianjin,0.0,0.0,2105.3883434979307,0.0,0.0,0.0,0.0,2105.3883434979307
crudesteel_Region16Henan_crudesteel_Region3Hebei,0.0,0.0,1939.323669048707,0.0,0.0,0.0,0.0,1939.323669048707
crudesteel_Region16Henan_crudesteel_Region4Shanxi,0.0,0.0,1446.9371349400515,0.0,0.0,0.0,0.0,1446.9371349400515
crudesteel_Region16Henan_crudesteel_Region5Innermongolia,0.0,0.0,1115.7297812029838,0.0,0.0,0.0,0.0,1115.7297812029838
crudesteel_Region16Henan_crudesteel_Region6Liaoning,0.0,0.0,1608.429207991633,0.0,0.0,0.0,0.0,1608.429207991633
crudesteel_Region16Henan_crudesteel_Region7Jilin,0.0,0.0,1398.6959135264735,0.0,0.0,0.0,0.0,1398.6959135264735
crudesteel_Region16Henan_crudesteel_Region8Heilongjiang,0.0,0.0,1373.2804717805404,0.0,0.0,0.0,0.0,1373.2804717805404
crudesteel_Region16Henan_crudesteel_Region9Shanghai,0.0,0.0,39493.29899116318,0.0,0.0,0.0,0.0,39493.29899116318
crudesteel_Region16Henan_crudesteel_Region10Jiangsu,0.0,0.0,43998.96812854761,0.0,0.0,0.0,0.0,43998.96812854761
crudesteel_Region16Henan_crudesteel_Region11Zhejiang,0.0,0.0,25828.35038450368,0.0,0.0,0.0,0.0,25828.35038450368
crudesteel_Region16Henan_crudesteel_Region12Anhui,0.0,0.0,19221.222719644855,0.0,0.0,0.0,0.0,19221.222719644855
crudesteel_Region16Henan_crudesteel_Region13Fujian,0.0,0.0,3001.168030645509,0.0,0.0,0.0,0.0,3001.168030645509
crudesteel_Region16Henan_crudesteel_Region14Jiangxi,0.0,0.0,5679.845161560985,0.0,0.0,0.0,0.0,5679.845161560985
crudesteel_Region16Henan_crudesteel_Region15Shandong,0.0,0.0,4201.220018668767,0.0,0.0,0.0,0.0,4201.220018668767
crudesteel_Region16Henan_crudesteel_Region17Hubei,0.0,0.0,5445.063563386084,0.0,0.0,0.0,0.0,5445.063563386084
crudesteel_Region16Henan_crudesteel_Region18Hunan,0.0,0.0,4035.1718008770017,0.0,0.0,0.0,0.0,4035.1718008770017
crudesteel_Region16Henan_crudesteel_Region19Guangdong,0.0,0.0,5847.010010000068,0.0,0.0,0.0,0.0,5847.010010000068
crudesteel_Region16Henan_crudesteel_Region20Guangxi,0.0,0.0,2872.4867593760364,0.0,0.0,0.0,0.0,2872.4867593760364
crudesteel_Region16Henan_crudesteel_Region21Hainan,0.0,0.0,3862.349788349219,0.0,0.0,0.0,0.0,3862.349788349219
crudesteel_Region16Henan_crudesteel_Region22Chongqing,0.0,0.0,1927.4695819491676,0.0,0.0,0.0,0.0,1927.4695819491676
crudesteel_Region16Henan_crudesteel_Region23Sichuan,0.0,0.0,1708.55619448468,0.0,0.0,0.0,0.0,1708.55619448468
crudesteel_Region16Henan_crudesteel_Region24Guizhou,0.0,0.0,2131.6932309107633,0.0,0.0,0.0,0.0,2131.6932309107633
crudesteel_Region16Henan_crudesteel_Region25Yunnan,0.0,0.0,2842.6082345017685,0.0,0.0,0.0,0.0,2842.6082345017685
crudesteel_Region16Henan_crudesteel_Region27Shaanxi,0.0,0.0,926.2743907696067,0.0,0.0,0.0,0.0,926.2743907696067
crudesteel_Region16Henan_crudesteel_Region28Gansu,0.0,0.0,923.8385799073205,0.0,0.0,0.0,0.0,923.8385799073205
crudesteel_Region16Henan_crudesteel_Region29Qinghai,0.0,0.0,1103.7442799365404,0.0,0.0,0.0,0.0,1103.7442799365404
crudesteel_Region16Henan_crudesteel_Region30Ningxia,0.0,0.0,1080.2362019775162,0.0,0.0,0.0,0.0,1080.2362019775162
crudesteel_Region16Henan_crudesteel_Region31Xinjiang,0.0,0.0,1643.7152976079196,0.0,0.0,0.0,0.0,1643.7152976079196
crudesteel_Region17Hubei_crudesteel_Region1Beijing,0.0,0.0,1451.5497417356758,0.0,0.0,0.0,0.0,1451.5497417356758
crudesteel_Region17Hubei_crudesteel_Region2Tianjin,0.0,0.0,1574.8285338858482,0.0,0.0,0.0,0.0,1574.8285338858482
crudesteel_Region17Hubei_crudesteel_Region3Hebei,0.0,0.0,1426.198892885981,0.0,0.0,0.0,0.0,1426.198892885981
crudesteel_Region17Hubei_crudesteel_Region4Shanxi,0.0,0.0,1312.50220848317,0.0,0.0,0.0,0.0,1312.50220848317
crudesteel_Region17Hubei_crudesteel_Region5Innermongolia,0.0,0.0,1169.9510468405854,0.0,0.0,0.0,0.0,1169.9510468405854
crudesteel_Region17Hubei_crudesteel_Region6Liaoning,0.0,0.0,1499.4008262464026,0.0,0.0,0.0,0.0,1499.4008262464026
crudesteel_Region17Hubei_crudesteel_Region7Jilin,0.0,0.0,1372.2578806706965,0.0,0.0,0.0,0.0,1372.2578806706965
crudesteel_Region17Hubei_crudesteel_Region8Heilongjiang,0.0,0.0,1361.5591316014136,0.0,0.0,0.0,0.0,1361.5591316014136
crudesteel_Region17Hubei_crudesteel_Region9Shanghai,0.0,0.0,10483.501332174828,0.0,0.0,0.0,0.0,10483.501332174828
crudesteel_Region17Hubei_crudesteel_Region10Jiangsu,0.0,0.0,5196.825595881432,0.0,0.0,0.0,0.0,5196.825595881432
crudesteel_Region17Hubei_crudesteel_Region11Zhejiang,0.0,0.0,13249.346126161196,0.0,0.0,0.0,0.0,13249.346126161196
crudesteel_Region17Hubei_crudesteel_Region12Anhui,0.0,0.0,2353.9412920762306,0.0,0.0,0.0,0.0,2353.9412920762306
crudesteel_Region17Hubei_crudesteel_Region13Fujian,0.0,0.0,1629.7595440451844,0.0,0.0,0.0,0.0,1629.7595440451844
crudesteel_Region17Hubei_crudesteel_Region14Jiangxi,0.0,0.0,5288.702792859326,0.0,0.0,0.0,0.0,5288.702792859326
crudesteel_Region17Hubei_crudesteel_Region15Shandong,0.0,0.0,1650.9791911939433,0.0,0.0,0.0,0.0,1650.9791911939433
crudesteel_Region17Hubei_crudesteel_Region16Henan,0.0,0.0,1144.0241107507773,0.0,0.0,0.0,0.0,1144.0241107507773
crudesteel_Region17Hubei_crudesteel_Region18Hunan,0.0,0.0,2979.7163571698547,0.0,0.0,0.0,0.0,2979.7163571698547
crudesteel_Region17Hubei_crudesteel_Region19Guangdong,0.0,0.0,7543.064550034995,0.0,0.0,0.0,0.0,7543.064550034995
crudesteel_Region17Hubei_crudesteel_Region20Guangxi,0.0,0.0,2237.144835958526,0.0,0.0,0.0,0.0,2237.144835958526
crudesteel_Region17Hubei_crudesteel_Region21Hainan,0.0,0.0,3287.594605981233,0.0,0.0,0.0,0.0,3287.594605981233
crudesteel_Region17Hubei_crudesteel_Region22Chongqing,0.0,0.0,1317.6517433284369,0.0,0.0,0.0,0.0,1317.6517433284369
crudesteel_Region17Hubei_crudesteel_Region23Sichuan,0.0,0.0,1340.1525871712008,0.0,0.0,0.0,0.0,1340.1525871712008
crudesteel_Region17Hubei_crudesteel_Region24Guizhou,0.0,0.0,1513.7953773368527,0.0,0.0,0.0,0.0,1513.7953773368527
crudesteel_Region17Hubei_crudesteel_Region25Yunnan,0.0,0.0,2449.837665382844,0.0,0.0,0.0,0.0,2449.837665382844
crudesteel_Region17Hubei_crudesteel_Region27Shaanxi,0.0,0.0,896.9284854263448,0.0,0.0,0.0,0.0,896.9284854263448
crudesteel_Region17Hubei_crudesteel_Region28Gansu,0.0,0.0,924.132218801837,0.0,0.0,0.0,0.0,924.132218801837
crudesteel_Region17Hubei_crudesteel_Region29Qinghai,0.0,0.0,1069.9191527886126,0.0,0.0,0.0,0.0,1069.9191527886126
crudesteel_Region17Hubei_crudesteel_Region30Ningxia,0.0,0.0,1094.320461303702,0.0,0.0,0.0,0.0,1094.320461303702
crudesteel_Region17Hubei_crudesteel_Region31Xinjiang,0.0,0.0,1563.3159925264079,0.0,0.0,0.0,0.0,1563.3159925264079
crudesteel_Region18Hunan_crudesteel_Region1Beijing,0.0,0.0,1607.4644256311274,0.0,0.0,0.0,0.0,1607.4644256311274
crudesteel_Region18Hunan_crudesteel_Region2Tianjin,0.0,0.0,1720.2051359832137,0.0,0.0,0.0,0.0,1720.2051359832137
crudesteel_Region18Hunan_crudesteel_Region3Hebei,0.0,0.0,1603.5103914507397,0.0,0.0,0.0,0.0,1603.5103914507397
crudesteel_Region18Hunan_crudesteel_Region4Shanxi,0.0,0.0,1477.3993878073234,0.0,0.0,0.0,0.0,1477.3993878073234
crudesteel_Region18Hunan_crudesteel_Region5Innermongolia,0.0,0.0,1295.7827175081502,0.0,0.0,0.0,0.0,1295.7827175081502
crudesteel_Region18Hunan_crudesteel_Region6Liaoning,0.0,0.0,1603.4500123685225,0.0,0.0,0.0,0.0,1603.4500123685225
crudesteel_Region18Hunan_crudesteel_Region7Jilin,0.0,0.0,1469.682850205044,0.0,0.0,0.0,0.0,1469.682850205044
crudesteel_Region18Hunan_crudesteel_Region8Heilongjiang,0.0,0.0,1452.7036150651713,0.0,0.0,0.0,0.0,1452.7036150651713
crudesteel_Region18Hunan_crudesteel_Region9Shanghai,0.0,0.0,5770.573775016421,0.0,0.0,0.0,0.0,5770.573775016421
crudesteel_Region18Hunan_crudesteel_Region10Jiangsu,0.0,0.0,3541.748370419392,0.0,0.0,0.0,0.0,3541.748370419392
crudesteel_Region18Hunan_crudesteel_Region11Zhejiang,0.0,0.0,7267.435741761501,0.0,0.0,0.0,0.0,7267.435741761501
crudesteel_Region18Hunan_crudesteel_Region12Anhui,0.0,0.0,2621.4919602634054,0.0,0.0,0.0,0.0,2621.4919602634054
crudesteel_Region18Hunan_crudesteel_Region13Fujian,0.0,0.0,4437.83627413446,0.0,0.0,0.0,0.0,4437.83627413446
crudesteel_Region18Hunan_crudesteel_Region14Jiangxi,0.0,0.0,4101.55992145742,0.0,0.0,0.0,0.0,4101.55992145742
crudesteel_Region18Hunan_crudesteel_Region15Shandong,0.0,0.0,1824.4934166698217,0.0,0.0,0.0,0.0,1824.4934166698217
crudesteel_Region18Hunan_crudesteel_Region16Henan,0.0,0.0,1429.8725901242965,0.0,0.0,0.0,0.0,1429.8725901242965
crudesteel_Region18Hunan_crudesteel_Region17Hubei,0.0,0.0,2160.881066857496,0.0,0.0,0.0,0.0,2160.881066857496
crudesteel_Region18Hunan_crudesteel_Region19Guangdong,0.0,0.0,4.363258315393424e8,0.0,0.0,0.0,0.0,4.363258315393424e8
crudesteel_Region18Hunan_crudesteel_Region20Guangxi,0.0,0.0,2150.4117285450793,0.0,0.0,0.0,0.0,2150.4117285450793
crudesteel_Region18Hunan_crudesteel_Region21Hainan,0.0,0.0,3768.189728515638,0.0,0.0,0.0,0.0,3768.189728515638
crudesteel_Region18Hunan_crudesteel_Region22Chongqing,0.0,0.0,1290.4198162368468,0.0,0.0,0.0,0.0,1290.4198162368468
crudesteel_Region18Hunan_crudesteel_Region23Sichuan,0.0,0.0,1337.7857809837542,0.0,0.0,0.0,0.0,1337.7857809837542
crudesteel_Region18Hunan_crudesteel_Region24Guizhou,0.0,0.0,1386.186677487569,0.0,0.0,0.0,0.0,1386.186677487569
crudesteel_Region18Hunan_crudesteel_Region25Yunnan,0.0,0.0,2676.5766544177104,0.0,0.0,0.0,0.0,2676.5766544177104
crudesteel_Region18Hunan_crudesteel_Region27Shaanxi,0.0,0.0,1068.4716359627757,0.0,0.0,0.0,0.0,1068.4716359627757
crudesteel_Region18Hunan_crudesteel_Region28Gansu,0.0,0.0,1023.5704150159197,0.0,0.0,0.0,0.0,1023.5704150159197
crudesteel_Region18Hunan_crudesteel_Region29Qinghai,0.0,0.0,1160.8888617803652,0.0,0.0,0.0,0.0,1160.8888617803652
crudesteel_Region18Hunan_crudesteel_Region30Ningxia,0.0,0.0,1203.1999401472356,0.0,0.0,0.0,0.0,1203.1999401472356
crudesteel_Region18Hunan_crudesteel_Region31Xinjiang,0.0,0.0,1607.7232830023152,0.0,0.0,0.0,0.0,1607.7232830023152
crudesteel_Region19Guangdong_crudesteel_Region1Beijing,0.0,0.0,1413.9639896284366,0.0,0.0,0.0,0.0,1413.9639896284366
crudesteel_Region19Guangdong_crudesteel_Region2Tianjin,0.0,0.0,1465.9232295660288,0.0,0.0,0.0,0.0,1465.9232295660288
crudesteel_Region19Guangdong_crudesteel_Region3Hebei,0.0,0.0,1371.890931954887,0.0,0.0,0.0,0.0,1371.890931954887
crudesteel_Region19Guangdong_crudesteel_Region4Shanxi,0.0,0.0,1319.171270262546,0.0,0.0,0.0,0.0,1319.171270262546
crudesteel_Region19Guangdong_crudesteel_Region5Innermongolia,0.0,0.0,1243.4711153258033,0.0,0.0,0.0,0.0,1243.4711153258033
crudesteel_Region19Guangdong_crudesteel_Region6Liaoning,0.0,0.0,1464.4324592289017,0.0,0.0,0.0,0.0,1464.4324592289017
crudesteel_Region19Guangdong_crudesteel_Region7Jilin,0.0,0.0,1390.3432234527506,0.0,0.0,0.0,0.0,1390.3432234527506
crudesteel_Region19Guangdong_crudesteel_Region8Heilongjiang,0.0,0.0,1391.3714659366988,0.0,0.0,0.0,0.0,1391.3714659366988
crudesteel_Region19Guangdong_crudesteel_Region9Shanghai,0.0,0.0,2219.12789720426,0.0,0.0,0.0,0.0,2219.12789720426
crudesteel_Region19Guangdong_crudesteel_Region10Jiangsu,0.0,0.0,1752.2526064792946,0.0,0.0,0.0,0.0,1752.2526064792946
crudesteel_Region19Guangdong_crudesteel_Region11Zhejiang,0.0,0.0,2066.8892941568533,0.0,0.0,0.0,0.0,2066.8892941568533
crudesteel_Region19Guangdong_crudesteel_Region12Anhui,0.0,0.0,1451.4300121285416,0.0,0.0,0.0,0.0,1451.4300121285416
crudesteel_Region19Guangdong_crudesteel_Region13Fujian,0.0,0.0,1550.183912050087,0.0,0.0,0.0,0.0,1550.183912050087
crudesteel_Region19Guangdong_crudesteel_Region14Jiangxi,0.0,0.0,1263.2528898899714,0.0,0.0,0.0,0.0,1263.2528898899714
crudesteel_Region19Guangdong_crudesteel_Region15Shandong,0.0,0.0,1468.0777621772968,0.0,0.0,0.0,0.0,1468.0777621772968
crudesteel_Region19Guangdong_crudesteel_Region16Henan,0.0,0.0,1251.1595162705098,0.0,0.0,0.0,0.0,1251.1595162705098
crudesteel_Region19Guangdong_crudesteel_Region17Hubei,0.0,0.0,1243.296507720826,0.0,0.0,0.0,0.0,1243.296507720826
crudesteel_Region19Guangdong_crudesteel_Region18Hunan,0.0,0.0,1063.5862768792454,0.0,0.0,0.0,0.0,1063.5862768792454
crudesteel_Region19Guangdong_crudesteel_Region20Guangxi,0.0,0.0,1119.14573902643,0.0,0.0,0.0,0.0,1119.14573902643
crudesteel_Region19Guangdong_crudesteel_Region21Hainan,0.0,0.0,2234.1924857607655,0.0,0.0,0.0,0.0,2234.1924857607655
crudesteel_Region19Guangdong_crudesteel_Region22Chongqing,0.0,0.0,1098.2973534531677,0.0,0.0,0.0,0.0,1098.2973534531677
crudesteel_Region19Guangdong_crudesteel_Region23Sichuan,0.0,0.0,1166.1741639416364,0.0,0.0,0.0,0.0,1166.1741639416364
crudesteel_Region19Guangdong_crudesteel_Region24Guizhou,0.0,0.0,1007.7544974322611,0.0,0.0,0.0,0.0,1007.7544974322611
crudesteel_Region19Guangdong_crudesteel_Region25Yunnan,0.0,0.0,1523.1820312200407,0.0,0.0,0.0,0.0,1523.1820312200407
crudesteel_Region19Guangdong_crudesteel_Region27Shaanxi,0.0,0.0,1086.3061989596417,0.0,0.0,0.0,0.0,1086.3061989596417
crudesteel_Region19Guangdong_crudesteel_Region28Gansu,0.0,0.0,1048.9588546108248,0.0,0.0,0.0,0.0,1048.9588546108248
crudesteel_Region19Guangdong_crudesteel_Region29Qinghai,0.0,0.0,1142.3989751305835,0.0,0.0,0.0,0.0,1142.3989751305835
crudesteel_Region19Guangdong_crudesteel_Region30Ningxia,0.0,0.0,1180.8511094489586,0.0,0.0,0.0,0.0,1180.8511094489586
crudesteel_Region19Guangdong_crudesteel_Region31Xinjiang,0.0,0.0,1503.4940245882856,0.0,0.0,0.0,0.0,1503.4940245882856
crudesteel_Region20Guangxi_crudesteel_Region1Beijing,0.0,0.0,1706.6353354389803,0.0,0.0,0.0,0.0,1706.6353354389803
crudesteel_Region20Guangxi_crudesteel_Region2Tianjin,0.0,0.0,1778.1170829860653,0.0,0.0,0.0,0.0,1778.1170829860653
crudesteel_Region20Guangxi_crudesteel_Region3Hebei,0.0,0.0,1701.2134903567685,0.0,0.0,0.0,0.0,1701.2134903567685
crudesteel_Region20Guangxi_crudesteel_Region4Shanxi,0.0,0.0,1608.6762702072904,0.0,0.0,0.0,0.0,1608.6762702072904
crudesteel_Region20Guangxi_crudesteel_Region5Innermongolia,0.0,0.0,1451.4551657983798,0.0,0.0,0.0,0.0,1451.4551657983798
crudesteel_Region20Guangxi_crudesteel_Region6Liaoning,0.0,0.0,1694.461005413225,0.0,0.0,0.0,0.0,1694.461005413225
crudesteel_Region20Guangxi_crudesteel_Region7Jilin,0.0,0.0,1581.2575432805238,0.0,0.0,0.0,0.0,1581.2575432805238
crudesteel_Region20Guangxi_crudesteel_Region8Heilongjiang,0.0,0.0,1564.8834396692848,0.0,0.0,0.0,0.0,1564.8834396692848
crudesteel_Region20Guangxi_crudesteel_Region9Shanghai,0.0,0.0,2978.114962294272,0.0,0.0,0.0,0.0,2978.114962294272
crudesteel_Region20Guangxi_crudesteel_Region10Jiangsu,0.0,0.0,2392.205437745611,0.0,0.0,0.0,0.0,2392.205437745611
crudesteel_Region20Guangxi_crudesteel_Region11Zhejiang,0.0,0.0,2953.183714473316,0.0,0.0,0.0,0.0,2953.183714473316
crudesteel_Region20Guangxi_crudesteel_Region12Anhui,0.0,0.0,2046.1155628795143,0.0,0.0,0.0,0.0,2046.1155628795143
crudesteel_Region20Guangxi_crudesteel_Region13Fujian,0.0,0.0,2557.0286266365083,0.0,0.0,0.0,0.0,2557.0286266365083
crudesteel_Region20Guangxi_crudesteel_Region14Jiangxi,0.0,0.0,2027.7225497825693,0.0,0.0,0.0,0.0,2027.7225497825693
crudesteel_Region20Guangxi_crudesteel_Region15Shandong,0.0,0.0,1844.465397416509,0.0,0.0,0.0,0.0,1844.465397416509
crudesteel_Region20Guangxi_crudesteel_Region16Henan,0.0,0.0,1622.206241580362,0.0,0.0,0.0,0.0,1622.206241580362
crudesteel_Region20Guangxi_crudesteel_Region17Hubei,0.0,0.0,1839.7948771563651,0.0,0.0,0.0,0.0,1839.7948771563651
crudesteel_Region20Guangxi_crudesteel_Region18Hunan,0.0,0.0,1707.7904972201645,0.0,0.0,0.0,0.0,1707.7904972201645
crudesteel_Region20Guangxi_crudesteel_Region19Guangdong,0.0,0.0,8.198964313727528e9,0.0,0.0,0.0,0.0,8.198964313727528e9
crudesteel_Region20Guangxi_crudesteel_Region21Hainan,0.0,0.0,4.438878129353068e8,0.0,0.0,0.0,0.0,4.438878129353068e8
crudesteel_Region20Guangxi_crudesteel_Region22Chongqing,0.0,0.0,1242.1509560382954,0.0,0.0,0.0,0.0,1242.1509560382954
crudesteel_Region20Guangxi_crudesteel_Region23Sichuan,0.0,0.0,1272.1222580185897,0.0,0.0,0.0,0.0,1272.1222580185897
crudesteel_Region20Guangxi_crudesteel_Region24Guizhou,0.0,0.0,1070.459423877148,0.0,0.0,0.0,0.0,1070.459423877148
crudesteel_Region20Guangxi_crudesteel_Region25Yunnan,0.0,0.0,2911.383374355387,0.0,0.0,0.0,0.0,2911.383374355387
crudesteel_Region20Guangxi_crudesteel_Region27Shaanxi,0.0,0.0,1279.094410527593,0.0,0.0,0.0,0.0,1279.094410527593
crudesteel_Region20Guangxi_crudesteel_Region28Gansu,0.0,0.0,1078.1936982073325,0.0,0.0,0.0,0.0,1078.1936982073325
crudesteel_Region20Guangxi_crudesteel_Region29Qinghai,0.0,0.0,1194.889531068393,0.0,0.0,0.0,0.0,1194.889531068393
crudesteel_Region20Guangxi_crudesteel_Region30Ningxia,0.0,0.0,1311.4038504574628,0.0,0.0,0.0,0.0,1311.4038504574628
crudesteel_Region20Guangxi_crudesteel_Region31Xinjiang,0.0,0.0,1597.6006719106786,0.0,0.0,0.0,0.0,1597.6006719106786
crudesteel_Region21Hainan_crudesteel_Region1Beijing,0.0,0.0,1446.8606996163155,0.0,0.0,0.0,0.0,1446.8606996163155
crudesteel_Region21Hainan_crudesteel_Region2Tianjin,0.0,0.0,1494.5680938432463,0.0,0.0,0.0,0.0,1494.5680938432463
crudesteel_Region21Hainan_crudesteel_Region3Hebei,0.0,0.0,1425.2587454170243,0.0,0.0,0.0,0.0,1425.2587454170243
crudesteel_Region21Hainan_crudesteel_Region4Shanxi,0.0,0.0,1368.2269006699596,0.0,0.0,0.0,0.0,1368.2269006699596
crudesteel_Region21Hainan_crudesteel_Region5Innermongolia,0.0,0.0,1280.6889800121623,0.0,0.0,0.0,0.0,1280.6889800121623
crudesteel_Region21Hainan_crudesteel_Region6Liaoning,0.0,0.0,1468.6269787239755,0.0,0.0,0.0,0.0,1468.6269787239755
crudesteel_Region21Hainan_crudesteel_Region7Jilin,0.0,0.0,1393.4145222253846,0.0,0.0,0.0,0.0,1393.4145222253846
crudesteel_Region21Hainan_crudesteel_Region8Heilongjiang,0.0,0.0,1381.9508198538674,0.0,0.0,0.0,0.0,1381.9508198538674
crudesteel_Region21Hainan_crudesteel_Region9Shanghai,0.0,0.0,2088.325720707893,0.0,0.0,0.0,0.0,2088.325720707893
crudesteel_Region21Hainan_crudesteel_Region10Jiangsu,0.0,0.0,1767.2934531213764,0.0,0.0,0.0,0.0,1767.2934531213764
crudesteel_Region21Hainan_crudesteel_Region11Zhejiang,0.0,0.0,2020.5078356458591,0.0,0.0,0.0,0.0,2020.5078356458591
crudesteel_Region21Hainan_crudesteel_Region12Anhui,0.0,0.0,1560.0185997478557,0.0,0.0,0.0,0.0,1560.0185997478557
crudesteel_Region21Hainan_crudesteel_Region13Fujian,0.0,0.0,1649.7973209790473,0.0,0.0,0.0,0.0,1649.7973209790473
crudesteel_Region21Hainan_crudesteel_Region14Jiangxi,0.0,0.0,1446.1729375503398,0.0,0.0,0.0,0.0,1446.1729375503398
crudesteel_Region21Hainan_crudesteel_Region15Shandong,0.0,0.0,1509.2897801050249,0.0,0.0,0.0,0.0,1509.2897801050249
crudesteel_Region21Hainan_crudesteel_Region16Henan,0.0,0.0,1337.9616672334755,0.0,0.0,0.0,0.0,1337.9616672334755
crudesteel_Region21Hainan_crudesteel_Region17Hubei,0.0,0.0,1379.2578953102613,0.0,0.0,0.0,0.0,1379.2578953102613
crudesteel_Region21Hainan_crudesteel_Region18Hunan,0.0,0.0,1253.3763730730088,0.0,0.0,0.0,0.0,1253.3763730730088
crudesteel_Region21Hainan_crudesteel_Region19Guangdong,0.0,0.0,2083.5338672369453,0.0,0.0,0.0,0.0,2083.5338672369453
crudesteel_Region21Hainan_crudesteel_Region20Guangxi,0.0,0.0,886.6561310498057,0.0,0.0,0.0,0.0,886.6561310498057
crudesteel_Region21Hainan_crudesteel_Region22Chongqing,0.0,0.0,1105.0214119463694,0.0,0.0,0.0,0.0,1105.0214119463694
crudesteel_Region21Hainan_crudesteel_Region23Sichuan,0.0,0.0,1144.9118573596047,0.0,0.0,0.0,0.0,1144.9118573596047
crudesteel_Region21Hainan_crudesteel_Region24Guizhou,0.0,0.0,1000.1152768905307,0.0,0.0,0.0,0.0,1000.1152768905307
crudesteel_Region21Hainan_crudesteel_Region25Yunnan,0.0,0.0,1385.6427384262538,0.0,0.0,0.0,0.0,1385.6427384262538
crudesteel_Region21Hainan_crudesteel_Region27Shaanxi,0.0,0.0,1155.6177484832779,0.0,0.0,0.0,0.0,1155.6177484832779
crudesteel_Region21Hainan_crudesteel_Region28Gansu,0.0,0.0,1031.9349296217997,0.0,0.0,0.0,0.0,1031.9349296217997
crudesteel_Region21Hainan_crudesteel_Region29Qinghai,0.0,0.0,1120.6283122627367,0.0,0.0,0.0,0.0,1120.6283122627367
crudesteel_Region21Hainan_crudesteel_Region30Ningxia,0.0,0.0,1206.13355756774,0.0,0.0,0.0,0.0,1206.13355756774
crudesteel_Region21Hainan_crudesteel_Region31Xinjiang,0.0,0.0,1438.0149321554377,0.0,0.0,0.0,0.0,1438.0149321554377
crudesteel_Region22Chongqing_crudesteel_Region1Beijing,0.0,0.0,2066.5646828463587,0.0,0.0,0.0,0.0,2066.5646828463587
crudesteel_Region22Chongqing_crudesteel_Region2Tianjin,0.0,0.0,2222.1257301941805,0.0,0.0,0.0,0.0,2222.1257301941805
crudesteel_Region22Chongqing_crudesteel_Region3Hebei,0.0,0.0,2153.2461421990906,0.0,0.0,0.0,0.0,2153.2461421990906
crudesteel_Region22Chongqing_crudesteel_Region4Shanxi,0.0,0.0,1948.1121332803577,0.0,0.0,0.0,0.0,1948.1121332803577
crudesteel_Region22Chongqing_crudesteel_Region5Innermongolia,0.0,0.0,1556.6612330392034,0.0,0.0,0.0,0.0,1556.6612330392034
crudesteel_Region22Chongqing_crudesteel_Region6Liaoning,0.0,0.0,1935.1762081422348,0.0,0.0,0.0,0.0,1935.1762081422348
crudesteel_Region22Chongqing_crudesteel_Region7Jilin,0.0,0.0,1737.3145600756288,0.0,0.0,0.0,0.0,1737.3145600756288
crudesteel_Region22Chongqing_crudesteel_Region8Heilongjiang,0.0,0.0,1692.9275617267936,0.0,0.0,0.0,0.0,1692.9275617267936
crudesteel_Region22Chongqing_crudesteel_Region9Shanghai,0.0,0.0,5610.018486191548,0.0,0.0,0.0,0.0,5610.018486191548
crudesteel_Region22Chongqing_crudesteel_Region10Jiangsu,0.0,0.0,4321.9064611519225,0.0,0.0,0.0,0.0,4321.9064611519225
crudesteel_Region22Chongqing_crudesteel_Region11Zhejiang,0.0,0.0,5560.356024475978,0.0,0.0,0.0,0.0,5560.356024475978
crudesteel_Region22Chongqing_crudesteel_Region12Anhui,0.0,0.0,3343.688152879612,0.0,0.0,0.0,0.0,3343.688152879612
crudesteel_Region22Chongqing_crudesteel_Region13Fujian,0.0,0.0,3695.723021039249,0.0,0.0,0.0,0.0,3695.723021039249
crudesteel_Region22Chongqing_crudesteel_Region14Jiangxi,0.0,0.0,4156.896706427124,0.0,0.0,0.0,0.0,4156.896706427124
crudesteel_Region22Chongqing_crudesteel_Region15Shandong,0.0,0.0,2475.2702809044063,0.0,0.0,0.0,0.0,2475.2702809044063
crudesteel_Region22Chongqing_crudesteel_Region16Henan,0.0,0.0,2197.2973119968474,0.0,0.0,0.0,0.0,2197.2973119968474
crudesteel_Region22Chongqing_crudesteel_Region17Hubei,0.0,0.0,3664.66667056339,0.0,0.0,0.0,0.0,3664.66667056339
crudesteel_Region22Chongqing_crudesteel_Region18Hunan,0.0,0.0,5504.430756048276,0.0,0.0,0.0,0.0,5504.430756048276
crudesteel_Region22Chongqing_crudesteel_Region19Guangdong,0.0,0.0,4354.804756120006,0.0,0.0,0.0,0.0,4354.804756120006
crudesteel_Region22Chongqing_crudesteel_Region20Guangxi,0.0,0.0,2763.516238735446,0.0,0.0,0.0,0.0,2763.516238735446
crudesteel_Region22Chongqing_crudesteel_Region21Hainan,0.0,0.0,7845.01878457888,0.0,0.0,0.0,0.0,7845.01878457888
crudesteel_Region22Chongqing_crudesteel_Region23Sichuan,0.0,0.0,1308.0224971520092,0.0,0.0,0.0,0.0,1308.0224971520092
crudesteel_Region22Chongqing_crudesteel_Region24Guizhou,0.0,0.0,4502.428127893657,0.0,0.0,0.0,0.0,4502.428127893657
crudesteel_Region22Chongqing_crudesteel_Region25Yunnan,0.0,0.0,10847.518841223327,0.0,0.0,0.0,0.0,10847.518841223327
crudesteel_Region22Chongqing_crudesteel_Region27Shaanxi,0.0,0.0,1232.202806429949,0.0,0.0,0.0,0.0,1232.202806429949
crudesteel_Region22Chongqing_crudesteel_Region28Gansu,0.0,0.0,919.1279591189577,0.0,0.0,0.0,0.0,919.1279591189577
crudesteel_Region22Chongqing_crudesteel_Region29Qinghai,0.0,0.0,1103.0837102768505,0.0,0.0,0.0,0.0,1103.0837102768505
crudesteel_Region22Chongqing_crudesteel_Region30Ningxia,0.0,0.0,1276.6446983802261,0.0,0.0,0.0,0.0,1276.6446983802261
crudesteel_Region22Chongqing_crudesteel_Region31Xinjiang,0.0,0.0,1666.719245645984,0.0,0.0,0.0,0.0,1666.719245645984
crudesteel_Region23Sichuan_crudesteel_Region1Beijing,0.0,0.0,2268.9474387223786,0.0,0.0,0.0,0.0,2268.9474387223786
crudesteel_Region23Sichuan_crudesteel_Region2Tianjin,0.0,0.0,2458.6783250131084,0.0,0.0,0.0,0.0,2458.6783250131084
crudesteel_Region23Sichuan_crudesteel_Region3Hebei,0.0,0.0,2428.986979242341,0.0,0.0,0.0,0.0,2428.986979242341
crudesteel_Region23Sichuan_crudesteel_Region4Shanxi,0.0,0.0,2215.754180108265,0.0,0.0,0.0,0.0,2215.754180108265
crudesteel_Region23Sichuan_crudesteel_Region5Innermongolia,0.0,0.0,1674.407053823355,0.0,0.0,0.0,0.0,1674.407053823355
crudesteel_Region23Sichuan_crudesteel_Region6Liaoning,0.0,0.0,2049.3556550692206,0.0,0.0,0.0,0.0,2049.3556550692206
crudesteel_Region23Sichuan_crudesteel_Region7Jilin,0.0,0.0,1814.4989683947122,0.0,0.0,0.0,0.0,1814.4989683947122
crudesteel_Region23Sichuan_crudesteel_Region8Heilongjiang,0.0,0.0,1756.7828125236977,0.0,0.0,0.0,0.0,1756.7828125236977
crudesteel_Region23Sichuan_crudesteel_Region9Shanghai,0.0,0.0,5614.337802215904,0.0,0.0,0.0,0.0,5614.337802215904
crudesteel_Region23Sichuan_crudesteel_Region10Jiangsu,0.0,0.0,4538.949408633904,0.0,0.0,0.0,0.0,4538.949408633904
crudesteel_Region23Sichuan_crudesteel_Region11Zhejiang,0.0,0.0,5554.227280590526,0.0,0.0,0.0,0.0,5554.227280590526
crudesteel_Region23Sichuan_crudesteel_Region12Anhui,0.0,0.0,3672.4088040310085,0.0,0.0,0.0,0.0,3672.4088040310085
crudesteel_Region23Sichuan_crudesteel_Region13Fujian,0.0,0.0,3798.073161250008,0.0,0.0,0.0,0.0,3798.073161250008
crudesteel_Region23Sichuan_crudesteel_Region14Jiangxi,0.0,0.0,4144.644879607238,0.0,0.0,0.0,0.0,4144.644879607238
crudesteel_Region23Sichuan_crudesteel_Region15Shandong,0.0,0.0,2794.7893330766374,0.0,0.0,0.0,0.0,2794.7893330766374
crudesteel_Region23Sichuan_crudesteel_Region16Henan,0.0,0.0,2583.738588034628,0.0,0.0,0.0,0.0,2583.738588034628
crudesteel_Region23Sichuan_crudesteel_Region17Hubei,0.0,0.0,3973.9915434800473,0.0,0.0,0.0,0.0,3973.9915434800473
crudesteel_Region23Sichuan_crudesteel_Region18Hunan,0.0,0.0,4942.143275061749,0.0,0.0,0.0,0.0,4942.143275061749
crudesteel_Region23Sichuan_crudesteel_Region19Guangdong,0.0,0.0,10012.33264459932,0.0,0.0,0.0,0.0,10012.33264459932
crudesteel_Region23Sichuan_crudesteel_Region20Guangxi,0.0,0.0,4132.9443908285775,0.0,0.0,0.0,0.0,4132.9443908285775
crudesteel_Region23Sichuan_crudesteel_Region21Hainan,0.0,0.0,6800.741460737547,0.0,0.0,0.0,0.0,6800.741460737547
crudesteel_Region23Sichuan_crudesteel_Region22Chongqing,0.0,0.0,3849.1594767731744,0.0,0.0,0.0,0.0,3849.1594767731744
crudesteel_Region23Sichuan_crudesteel_Region24Guizhou,0.0,0.0,5029.593137702927,0.0,0.0,0.0,0.0,5029.593137702927
crudesteel_Region23Sichuan_crudesteel_Region25Yunnan,0.0,0.0,32578.255008226242,0.0,0.0,0.0,0.0,32578.255008226242
crudesteel_Region23Sichuan_crudesteel_Region27Shaanxi,0.0,0.0,1459.6829380054687,0.0,0.0,0.0,0.0,1459.6829380054687
crudesteel_Region23Sichuan_crudesteel_Region28Gansu,0.0,0.0,898.8040817938726,0.0,0.0,0.0,0.0,898.8040817938726
crudesteel_Region23Sichuan_crudesteel_Region29Qinghai,0.0,0.0,1065.2701749495027,0.0,0.0,0.0,0.0,1065.2701749495027
crudesteel_Region23Sichuan_crudesteel_Region30Ningxia,0.0,0.0,1373.28370269886,0.0,0.0,0.0,0.0,1373.28370269886
crudesteel_Region23Sichuan_crudesteel_Region31Xinjiang,0.0,0.0,1708.8486740458327,0.0,0.0,0.0,0.0,1708.8486740458327
crudesteel_Region24Guizhou_crudesteel_Region1Beijing,0.0,0.0,2004.1141495612628,0.0,0.0,0.0,0.0,2004.1141495612628
crudesteel_Region24Guizhou_crudesteel_Region2Tianjin,0.0,0.0,2123.240258297687,0.0,0.0,0.0,0.0,2123.240258297687
crudesteel_Region24Guizhou_crudesteel_Region3Hebei,0.0,0.0,2059.933958775516,0.0,0.0,0.0,0.0,2059.933958775516
crudesteel_Region24Guizhou_crudesteel_Region4Shanxi,0.0,0.0,1894.8892194711443,0.0,0.0,0.0,0.0,1894.8892194711443
crudesteel_Region24Guizhou_crudesteel_Region5Innermongolia,0.0,0.0,1587.460032891292,0.0,0.0,0.0,0.0,1587.460032891292
crudesteel_Region24Guizhou_crudesteel_Region6Liaoning,0.0,0.0,1902.1085969368173,0.0,0.0,0.0,0.0,1902.1085969368173
crudesteel_Region24Guizhou_crudesteel_Region7Jilin,0.0,0.0,1729.1467197552945,0.0,0.0,0.0,0.0,1729.1467197552945
crudesteel_Region24Guizhou_crudesteel_Region8Heilongjiang,0.0,0.0,1691.8076123714613,0.0,0.0,0.0,0.0,1691.8076123714613
crudesteel_Region24Guizhou_crudesteel_Region9Shanghai,0.0,0.0,4495.396331990915,0.0,0.0,0.0,0.0,4495.396331990915
crudesteel_Region24Guizhou_crudesteel_Region10Jiangsu,0.0,0.0,3527.5474921361456,0.0,0.0,0.0,0.0,3527.5474921361456
crudesteel_Region24Guizhou_crudesteel_Region11Zhejiang,0.0,0.0,4573.580609813747,0.0,0.0,0.0,0.0,4573.580609813747
crudesteel_Region24Guizhou_crudesteel_Region12Anhui,0.0,0.0,2951.684650359098,0.0,0.0,0.0,0.0,2951.684650359098
crudesteel_Region24Guizhou_crudesteel_Region13Fujian,0.0,0.0,3842.842946228231,0.0,0.0,0.0,0.0,3842.842946228231
crudesteel_Region24Guizhou_crudesteel_Region14Jiangxi,0.0,0.0,3311.0040767239866,0.0,0.0,0.0,0.0,3311.0040767239866
crudesteel_Region24Guizhou_crudesteel_Region15Shandong,0.0,0.0,2318.629208455959,0.0,0.0,0.0,0.0,2318.629208455959
crudesteel_Region24Guizhou_crudesteel_Region16Henan,0.0,0.0,2040.311459363544,0.0,0.0,0.0,0.0,2040.311459363544
crudesteel_Region24Guizhou_crudesteel_Region17Hubei,0.0,0.0,2799.0248625528784,0.0,0.0,0.0,0.0,2799.0248625528784
crudesteel_Region24Guizhou_crudesteel_Region18Hunan,0.0,0.0,3306.0614032669555,0.0,0.0,0.0,0.0,3306.0614032669555
crudesteel_Region24Guizhou_crudesteel_Region19Guangdong,0.0,0.0,176487.42501189772,0.0,0.0,0.0,0.0,176487.42501189772
crudesteel_Region24Guizhou_crudesteel_Region20Guangxi,0.0,0.0,4779.441266058259,0.0,0.0,0.0,0.0,4779.441266058259
crudesteel_Region24Guizhou_crudesteel_Region21Hainan,0.0,0.0,12266.217926925354,0.0,0.0,0.0,0.0,12266.217926925354
crudesteel_Region24Guizhou_crudesteel_Region22Chongqing,0.0,0.0,1556.1973907766755,0.0,0.0,0.0,0.0,1556.1973907766755
crudesteel_Region24Guizhou_crudesteel_Region23Sichuan,0.0,0.0,1390.0307130237707,0.0,0.0,0.0,0.0,1390.0307130237707
crudesteel_Region24Guizhou_crudesteel_Region25Yunnan,0.0,0.0,1.1982129573271751e9,0.0,0.0,0.0,0.0,1.1982129573271751e9
crudesteel_Region24Guizhou_crudesteel_Region27Shaanxi,0.0,0.0,1344.639734894656,0.0,0.0,0.0,0.0,1344.639734894656
crudesteel_Region24Guizhou_crudesteel_Region28Gansu,0.0,0.0,1036.449319523906,0.0,0.0,0.0,0.0,1036.449319523906
crudesteel_Region24Guizhou_crudesteel_Region29Qinghai,0.0,0.0,1192.7674733428312,0.0,0.0,0.0,0.0,1192.7674733428312
crudesteel_Region24Guizhou_crudesteel_Region30Ningxia,0.0,0.0,1351.3199396807363,0.0,0.0,0.0,0.0,1351.3199396807363
crudesteel_Region24Guizhou_crudesteel_Region31Xinjiang,0.0,0.0,1675.029530701745,0.0,0.0,0.0,0.0,1675.029530701745
crudesteel_Region25Yunnan_crudesteel_Region1Beijing,0.0,0.0,1730.9720191517592,0.0,0.0,0.0,0.0,1730.9720191517592
crudesteel_Region25Yunnan_crudesteel_Region2Tianjin,0.0,0.0,1805.7766166885474,0.0,0.0,0.0,0.0,1805.7766166885474
crudesteel_Region25Yunnan_crudesteel_Region3Hebei,0.0,0.0,1705.0694893884681,0.0,0.0,0.0,0.0,1705.0694893884681
crudesteel_Region25Yunnan_crudesteel_Region4Shanxi,0.0,0.0,1583.9037574908384,0.0,0.0,0.0,0.0,1583.9037574908384
crudesteel_Region25Yunnan_crudesteel_Region5Innermongolia,0.0,0.0,1450.2791254455997,0.0,0.0,0.0,0.0,1450.2791254455997
crudesteel_Region25Yunnan_crudesteel_Region6Liaoning,0.0,0.0,1746.2369419746237,0.0,0.0,0.0,0.0,1746.2369419746237
crudesteel_Region25Yunnan_crudesteel_Region7Jilin,0.0,0.0,1639.0414409622088,0.0,0.0,0.0,0.0,1639.0414409622088
crudesteel_Region25Yunnan_crudesteel_Region8Heilongjiang,0.0,0.0,1623.9496116532723,0.0,0.0,0.0,0.0,1623.9496116532723
crudesteel_Region25Yunnan_crudesteel_Region9Shanghai,0.0,0.0,2631.3057678846562,0.0,0.0,0.0,0.0,2631.3057678846562
crudesteel_Region25Yunnan_crudesteel_Region10Jiangsu,0.0,0.0,2202.411979868326,0.0,0.0,0.0,0.0,2202.411979868326
crudesteel_Region25Yunnan_crudesteel_Region11Zhejiang,0.0,0.0,2581.8572316158925,0.0,0.0,0.0,0.0,2581.8572316158925
crudesteel_Region25Yunnan_crudesteel_Region12Anhui,0.0,0.0,1954.5967643647916,0.0,0.0,0.0,0.0,1954.5967643647916
crudesteel_Region25Yunnan_crudesteel_Region13Fujian,0.0,0.0,2190.4068282796616,0.0,0.0,0.0,0.0,2190.4068282796616
crudesteel_Region25Yunnan_crudesteel_Region14Jiangxi,0.0,0.0,1875.268040044455,0.0,0.0,0.0,0.0,1875.268040044455
crudesteel_Region25Yunnan_crudesteel_Region15Shandong,0.0,0.0,1837.8095967552354,0.0,0.0,0.0,0.0,1837.8095967552354
crudesteel_Region25Yunnan_crudesteel_Region16Henan,0.0,0.0,1623.9591824886575,0.0,0.0,0.0,0.0,1623.9591824886575
crudesteel_Region25Yunnan_crudesteel_Region17Hubei,0.0,0.0,1716.9833454952714,0.0,0.0,0.0,0.0,1716.9833454952714
crudesteel_Region25Yunnan_crudesteel_Region18Hunan,0.0,0.0,1624.5896715217355,0.0,0.0,0.0,0.0,1624.5896715217355
crudesteel_Region25Yunnan_crudesteel_Region19Guangdong,0.0,0.0,2953.3184366155815,0.0,0.0,0.0,0.0,2953.3184366155815
crudesteel_Region25Yunnan_crudesteel_Region20Guangxi,0.0,0.0,1776.0980484512847,0.0,0.0,0.0,0.0,1776.0980484512847
crudesteel_Region25Yunnan_crudesteel_Region21Hainan,0.0,0.0,2987.1690597120523,0.0,0.0,0.0,0.0,2987.1690597120523
crudesteel_Region25Yunnan_crudesteel_Region22Chongqing,0.0,0.0,1028.1869078328277,0.0,0.0,0.0,0.0,1028.1869078328277
crudesteel_Region25Yunnan_crudesteel_Region23Sichuan,0.0,0.0,900.1652093467089,0.0,0.0,0.0,0.0,900.1652093467089
crudesteel_Region25Yunnan_crudesteel_Region24Guizhou,0.0,0.0,90976.37470791895,0.0,0.0,0.0,0.0,90976.37470791895
crudesteel_Region25Yunnan_crudesteel_Region27Shaanxi,0.0,0.0,1184.7853398072825,0.0,0.0,0.0,0.0,1184.7853398072825
crudesteel_Region25Yunnan_crudesteel_Region28Gansu,0.0,0.0,997.4614733572395,0.0,0.0,0.0,0.0,997.4614733572395
crudesteel_Region25Yunnan_crudesteel_Region29Qinghai,0.0,0.0,1084.7621578449182,0.0,0.0,0.0,0.0,1084.7621578449182
crudesteel_Region25Yunnan_crudesteel_Region30Ningxia,0.0,0.0,1240.9013373635892,0.0,0.0,0.0,0.0,1240.9013373635892
crudesteel_Region25Yunnan_crudesteel_Region31Xinjiang,0.0,0.0,1567.8577253298783,0.0,0.0,0.0,0.0,1567.8577253298783
crudesteel_Region27Shaanxi_crudesteel_Region1Beijing,0.0,0.0,3241.5918336385166,0.0,0.0,0.0,0.0,3241.5918336385166
crudesteel_Region27Shaanxi_crudesteel_Region2Tianjin,0.0,0.0,3989.7304348267744,0.0,0.0,0.0,0.0,3989.7304348267744
crudesteel_Region27Shaanxi_crudesteel_Region3Hebei,0.0,0.0,5319.6685145520605,0.0,0.0,0.0,0.0,5319.6685145520605
crudesteel_Region27Shaanxi_crudesteel_Region4Shanxi,0.0,0.0,4946.862110068709,0.0,0.0,0.0,0.0,4946.862110068709
crudesteel_Region27Shaanxi_crudesteel_Region5Innermongolia,0.0,0.0,1767.594696123465,0.0,0.0,0.0,0.0,1767.594696123465
crudesteel_Region27Shaanxi_crudesteel_Region6Liaoning,0.0,0.0,2264.186330368164,0.0,0.0,0.0,0.0,2264.186330368164
crudesteel_Region27Shaanxi_crudesteel_Region7Jilin,0.0,0.0,1856.174067042578,0.0,0.0,0.0,0.0,1856.174067042578
crudesteel_Region27Shaanxi_crudesteel_Region8Heilongjiang,0.0,0.0,1757.6787819582253,0.0,0.0,0.0,0.0,1757.6787819582253
crudesteel_Region27Shaanxi_crudesteel_Region9Shanghai,0.0,0.0,173578.34210502513,0.0,0.0,0.0,0.0,173578.34210502513
crudesteel_Region27Shaanxi_crudesteel_Region10Jiangsu,0.0,0.0,2.4774118163830966e7,0.0,0.0,0.0,0.0,2.4774118163830966e7
crudesteel_Region27Shaanxi_crudesteel_Region11Zhejiang,0.0,0.0,2.137012691961433e8,0.0,0.0,0.0,0.0,2.137012691961433e8
crudesteel_Region27Shaanxi_crudesteel_Region12Anhui,0.0,0.0,6.021472510537635e8,0.0,0.0,0.0,0.0,6.021472510537635e8
crudesteel_Region27Shaanxi_crudesteel_Region13Fujian,0.0,0.0,3307.9903507347535,0.0,0.0,0.0,0.0,3307.9903507347535
crudesteel_Region27Shaanxi_crudesteel_Region14Jiangxi,0.0,0.0,17238.70042769456,0.0,0.0,0.0,0.0,17238.70042769456
crudesteel_Region27Shaanxi_crudesteel_Region15Shandong,0.0,0.0,9490.419002658524,0.0,0.0,0.0,0.0,9490.419002658524
crudesteel_Region27Shaanxi_crudesteel_Region16Henan,0.0,0.0,78630.42147144847,0.0,0.0,0.0,0.0,78630.42147144847
crudesteel_Region27Shaanxi_crudesteel_Region17Hubei,0.0,0.0,3.195024697216294e7,0.0,0.0,0.0,0.0,3.195024697216294e7
crudesteel_Region27Shaanxi_crudesteel_Region18Hunan,0.0,0.0,3723.9030572528645,0.0,0.0,0.0,0.0,3723.9030572528645
crudesteel_Region27Shaanxi_crudesteel_Region19Guangdong,0.0,0.0,21643.571030551266,0.0,0.0,0.0,0.0,21643.571030551266
crudesteel_Region27Shaanxi_crudesteel_Region20Guangxi,0.0,0.0,4761.598716325532,0.0,0.0,0.0,0.0,4761.598716325532
crudesteel_Region27Shaanxi_crudesteel_Region21Hainan,0.0,0.0,6536.334886430331,0.0,0.0,0.0,0.0,6536.334886430331
crudesteel_Region27Shaanxi_crudesteel_Region22Chongqing,0.0,0.0,4927.233098604094,0.0,0.0,0.0,0.0,4927.233098604094
crudesteel_Region27Shaanxi_crudesteel_Region23Sichuan,0.0,0.0,3063.9319676220753,0.0,0.0,0.0,0.0,3063.9319676220753
crudesteel_Region27Shaanxi_crudesteel_Region24Guizhou,0.0,0.0,4221.238204644604,0.0,0.0,0.0,0.0,4221.238204644604
crudesteel_Region27Shaanxi_crudesteel_Region25Yunnan,0.0,0.0,9320.658649426525,0.0,0.0,0.0,0.0,9320.658649426525
crudesteel_Region27Shaanxi_crudesteel_Region28Gansu,0.0,0.0,880.290037011801,0.0,0.0,0.0,0.0,880.290037011801
crudesteel_Region27Shaanxi_crudesteel_Region29Qinghai,0.0,0.0,1180.204637947224,0.0,0.0,0.0,0.0,1180.204637947224
crudesteel_Region27Shaanxi_crudesteel_Region30Ningxia,0.0,0.0,1305.2344525071562,0.0,0.0,0.0,0.0,1305.2344525071562
crudesteel_Region27Shaanxi_crudesteel_Region31Xinjiang,0.0,0.0,1829.270310821619,0.0,0.0,0.0,0.0,1829.270310821619
crudesteel_Region28Gansu_crudesteel_Region1Beijing,0.0,0.0,7557.4730911965,0.0,0.0,0.0,0.0,7557.4730911965
crudesteel_Region28Gansu_crudesteel_Region2Tianjin,0.0,0.0,9903.909430634187,0.0,0.0,0.0,0.0,9903.909430634187
crudesteel_Region28Gansu_crudesteel_Region3Hebei,0.0,0.0,46707.56062251458,0.0,0.0,0.0,0.0,46707.56062251458
crudesteel_Region28Gansu_crudesteel_Region4Shanxi,0.0,0.0,4.418157593625839e9,0.0,0.0,0.0,0.0,4.418157593625839e9
crudesteel_Region28Gansu_crudesteel_Region5Innermongolia,0.0,0.0,4230.709333238961,0.0,0.0,0.0,0.0,4230.709333238961
crudesteel_Region28Gansu_crudesteel_Region6Liaoning,0.0,0.0,3396.3917869376023,0.0,0.0,0.0,0.0,3396.3917869376023
crudesteel_Region28Gansu_crudesteel_Region7Jilin,0.0,0.0,2560.342077218204,0.0,0.0,0.0,0.0,2560.342077218204
crudesteel_Region28Gansu_crudesteel_Region8Heilongjiang,0.0,0.0,2326.664893948475,0.0,0.0,0.0,0.0,2326.664893948475
crudesteel_Region28Gansu_crudesteel_Region9Shanghai,0.0,0.0,1.2568465026483114e10,0.0,0.0,0.0,0.0,1.2568465026483114e10
crudesteel_Region28Gansu_crudesteel_Region10Jiangsu,0.0,0.0,3.0588300125679092e10,0.0,0.0,0.0,0.0,3.0588300125679092e10
crudesteel_Region28Gansu_crudesteel_Region11Zhejiang,0.0,0.0,1.749700258963012e10,0.0,0.0,0.0,0.0,1.749700258963012e10
crudesteel_Region28Gansu_crudesteel_Region12Anhui,0.0,0.0,5.94454958585107e9,0.0,0.0,0.0,0.0,5.94454958585107e9
crudesteel_Region28Gansu_crudesteel_Region13Fujian,0.0,0.0,4750.243884564124,0.0,0.0,0.0,0.0,4750.243884564124
crudesteel_Region28Gansu_crudesteel_Region14Jiangxi,0.0,0.0,27433.704359842217,0.0,0.0,0.0,0.0,27433.704359842217
crudesteel_Region28Gansu_crudesteel_Region15Shandong,0.0,0.0,56625.25279006218,0.0,0.0,0.0,0.0,56625.25279006218
crudesteel_Region28Gansu_crudesteel_Region16Henan,0.0,0.0,1.1517823045124128e10,0.0,0.0,0.0,0.0,1.1517823045124128e10
crudesteel_Region28Gansu_crudesteel_Region17Hubei,0.0,0.0,1.1620682944270786e10,0.0,0.0,0.0,0.0,1.1620682944270786e10
crudesteel_Region28Gansu_crudesteel_Region18Hunan,0.0,0.0,3859.6459537484925,0.0,0.0,0.0,0.0,3859.6459537484925
crudesteel_Region28Gansu_crudesteel_Region19Guangdong,0.0,0.0,30318.33145958239,0.0,0.0,0.0,0.0,30318.33145958239
crudesteel_Region28Gansu_crudesteel_Region20Guangxi,0.0,0.0,13850.958067079411,0.0,0.0,0.0,0.0,13850.958067079411
crudesteel_Region28Gansu_crudesteel_Region21Hainan,0.0,0.0,16149.03178106013,0.0,0.0,0.0,0.0,16149.03178106013
crudesteel_Region28Gansu_crudesteel_Region22Chongqing,0.0,0.0,5.1340228858256445e9,0.0,0.0,0.0,0.0,5.1340228858256445e9
crudesteel_Region28Gansu_crudesteel_Region23Sichuan,0.0,0.0,8.401914743751186e9,0.0,0.0,0.0,0.0,8.401914743751186e9
crudesteel_Region28Gansu_crudesteel_Region24Guizhou,0.0,0.0,7269.96418749897,0.0,0.0,0.0,0.0,7269.96418749897
crudesteel_Region28Gansu_crudesteel_Region25Yunnan,0.0,0.0,71162.54898843267,0.0,0.0,0.0,0.0,71162.54898843267
crudesteel_Region28Gansu_crudesteel_Region27Shaanxi,0.0,0.0,1.4233215718160416e6,0.0,0.0,0.0,0.0,1.4233215718160416e6
crudesteel_Region28Gansu_crudesteel_Region29Qinghai,0.0,0.0,1.5145334794747385e8,0.0,0.0,0.0,0.0,1.5145334794747385e8
crudesteel_Region28Gansu_crudesteel_Region30Ningxia,0.0,0.0,4.279451299560286e8,0.0,0.0,0.0,0.0,4.279451299560286e8
crudesteel_Region28Gansu_crudesteel_Region31Xinjiang,0.0,0.0,2497.051457515881,0.0,0.0,0.0,0.0,2497.051457515881
crudesteel_Region29Qinghai_crudesteel_Region1Beijing,0.0,0.0,4375.207880597764,0.0,0.0,0.0,0.0,4375.207880597764
crudesteel_Region29Qinghai_crudesteel_Region2Tianjin,0.0,0.0,5068.777954872084,0.0,0.0,0.0,0.0,5068.777954872084
crudesteel_Region29Qinghai_crudesteel_Region3Hebei,0.0,0.0,5894.308462877036,0.0,0.0,0.0,0.0,5894.308462877036
crudesteel_Region29Qinghai_crudesteel_Region4Shanxi,0.0,0.0,6452.562809821785,0.0,0.0,0.0,0.0,6452.562809821785
crudesteel_Region29Qinghai_crudesteel_Region5Innermongolia,0.0,0.0,2880.063309575471,0.0,0.0,0.0,0.0,2880.063309575471
crudesteel_Region29Qinghai_crudesteel_Region6Liaoning,0.0,0.0,2883.1321239409995,0.0,0.0,0.0,0.0,2883.1321239409995
crudesteel_Region29Qinghai_crudesteel_Region7Jilin,0.0,0.0,2327.770877184069,0.0,0.0,0.0,0.0,2327.770877184069
crudesteel_Region29Qinghai_crudesteel_Region8Heilongjiang,0.0,0.0,2164.739546831912,0.0,0.0,0.0,0.0,2164.739546831912
crudesteel_Region29Qinghai_crudesteel_Region9Shanghai,0.0,0.0,16078.518424737184,0.0,0.0,0.0,0.0,16078.518424737184
crudesteel_Region29Qinghai_crudesteel_Region10Jiangsu,0.0,0.0,15744.073957290188,0.0,0.0,0.0,0.0,15744.073957290188
crudesteel_Region29Qinghai_crudesteel_Region11Zhejiang,0.0,0.0,15433.971386945004,0.0,0.0,0.0,0.0,15433.971386945004
crudesteel_Region29Qinghai_crudesteel_Region12Anhui,0.0,0.0,16388.679596859794,0.0,0.0,0.0,0.0,16388.679596859794
crudesteel_Region29Qinghai_crudesteel_Region13Fujian,0.0,0.0,3367.126091510655,0.0,0.0,0.0,0.0,3367.126091510655
crudesteel_Region29Qinghai_crudesteel_Region14Jiangxi,0.0,0.0,11816.289361600411,0.0,0.0,0.0,0.0,11816.289361600411
crudesteel_Region29Qinghai_crudesteel_Region15Shandong,0.0,0.0,6102.640413355799,0.0,0.0,0.0,0.0,6102.640413355799
crudesteel_Region29Qinghai_crudesteel_Region16Henan,0.0,0.0,11669.818556462455,0.0,0.0,0.0,0.0,11669.818556462455
crudesteel_Region29Qinghai_crudesteel_Region17Hubei,0.0,0.0,14196.174911208454,0.0,0.0,0.0,0.0,14196.174911208454
crudesteel_Region29Qinghai_crudesteel_Region18Hunan,0.0,0.0,9411.3152883933,0.0,0.0,0.0,0.0,9411.3152883933
crudesteel_Region29Qinghai_crudesteel_Region19Guangdong,0.0,0.0,13819.034127202183,0.0,0.0,0.0,0.0,13819.034127202183
crudesteel_Region29Qinghai_crudesteel_Region20Guangxi,0.0,0.0,4394.361433859305,0.0,0.0,0.0,0.0,4394.361433859305
crudesteel_Region29Qinghai_crudesteel_Region21Hainan,0.0,0.0,9063.833963223253,0.0,0.0,0.0,0.0,9063.833963223253
crudesteel_Region29Qinghai_crudesteel_Region22Chongqing,0.0,0.0,9205.815021104092,0.0,0.0,0.0,0.0,9205.815021104092
crudesteel_Region29Qinghai_crudesteel_Region23Sichuan,0.0,0.0,103796.8121239775,0.0,0.0,0.0,0.0,103796.8121239775
crudesteel_Region29Qinghai_crudesteel_Region24Guizhou,0.0,0.0,8601.12407119434,0.0,0.0,0.0,0.0,8601.12407119434
crudesteel_Region29Qinghai_crudesteel_Region25Yunnan,0.0,0.0,105816.61076342248,0.0,0.0,0.0,0.0,105816.61076342248
crudesteel_Region29Qinghai_crudesteel_Region27Shaanxi,0.0,0.0,7313.570801103449,0.0,0.0,0.0,0.0,7313.570801103449
crudesteel_Region29Qinghai_crudesteel_Region28Gansu,0.0,0.0,1559.227621900882,0.0,0.0,0.0,0.0,1559.227621900882
crudesteel_Region29Qinghai_crudesteel_Region30Ningxia,0.0,0.0,7184.045242192737,0.0,0.0,0.0,0.0,7184.045242192737
crudesteel_Region29Qinghai_crudesteel_Region31Xinjiang,0.0,0.0,2257.0952267836565,0.0,0.0,0.0,0.0,2257.0952267836565
crudesteel_Region30Ningxia_crudesteel_Region1Beijing,0.0,0.0,4407.933900185614,0.0,0.0,0.0,0.0,4407.933900185614
crudesteel_Region30Ningxia_crudesteel_Region2Tianjin,0.0,0.0,5535.992140526807,0.0,0.0,0.0,0.0,5535.992140526807
crudesteel_Region30Ningxia_crudesteel_Region3Hebei,0.0,0.0,9591.281629571218,0.0,0.0,0.0,0.0,9591.281629571218
crudesteel_Region30Ningxia_crudesteel_Region4Shanxi,0.0,0.0,22100.95593585785,0.0,0.0,0.0,0.0,22100.95593585785
crudesteel_Region30Ningxia_crudesteel_Region5Innermongolia,0.0,0.0,2226.5674898421476,0.0,0.0,0.0,0.0,2226.5674898421476
crudesteel_Region30Ningxia_crudesteel_Region6Liaoning,0.0,0.0,2532.415151811144,0.0,0.0,0.0,0.0,2532.415151811144
crudesteel_Region30Ningxia_crudesteel_Region7Jilin,0.0,0.0,1995.4655542442233,0.0,0.0,0.0,0.0,1995.4655542442233
crudesteel_Region30Ningxia_crudesteel_Region8Heilongjiang,0.0,0.0,1863.1006868067138,0.0,0.0,0.0,0.0,1863.1006868067138
crudesteel_Region30Ningxia_crudesteel_Region9Shanghai,0.0,0.0,15459.893494858872,0.0,0.0,0.0,0.0,15459.893494858872
crudesteel_Region30Ningxia_crudesteel_Region10Jiangsu,0.0,0.0,14991.537138881593,0.0,0.0,0.0,0.0,14991.537138881593
crudesteel_Region30Ningxia_crudesteel_Region11Zhejiang,0.0,0.0,14089.590584042946,0.0,0.0,0.0,0.0,14089.590584042946
crudesteel_Region30Ningxia_crudesteel_Region12Anhui,0.0,0.0,13232.115311997231,0.0,0.0,0.0,0.0,13232.115311997231
crudesteel_Region30Ningxia_crudesteel_Region13Fujian,0.0,0.0,3567.9355652141103,0.0,0.0,0.0,0.0,3567.9355652141103
crudesteel_Region30Ningxia_crudesteel_Region14Jiangxi,0.0,0.0,10088.253781542691,0.0,0.0,0.0,0.0,10088.253781542691
crudesteel_Region30Ningxia_crudesteel_Region15Shandong,0.0,0.0,8030.2832228092675,0.0,0.0,0.0,0.0,8030.2832228092675
crudesteel_Region30Ningxia_crudesteel_Region16Henan,0.0,0.0,14247.38686160891,0.0,0.0,0.0,0.0,14247.38686160891
crudesteel_Region30Ningxia_crudesteel_Region17Hubei,0.0,0.0,10912.346883745347,0.0,0.0,0.0,0.0,10912.346883745347
crudesteel_Region30Ningxia_crudesteel_Region18Hunan,0.0,0.0,8001.5551954232515,0.0,0.0,0.0,0.0,8001.5551954232515
crudesteel_Region30Ningxia_crudesteel_Region19Guangdong,0.0,0.0,9769.817752548262,0.0,0.0,0.0,0.0,9769.817752548262
crudesteel_Region30Ningxia_crudesteel_Region20Guangxi,0.0,0.0,4666.144872955895,0.0,0.0,0.0,0.0,4666.144872955895
crudesteel_Region30Ningxia_crudesteel_Region21Hainan,0.0,0.0,5738.92537886076,0.0,0.0,0.0,0.0,5738.92537886076
crudesteel_Region30Ningxia_crudesteel_Region22Chongqing,0.0,0.0,4433.235491127581,0.0,0.0,0.0,0.0,4433.235491127581
crudesteel_Region30Ningxia_crudesteel_Region23Sichuan,0.0,0.0,3392.6132809446694,0.0,0.0,0.0,0.0,3392.6132809446694
crudesteel_Region30Ningxia_crudesteel_Region24Guizhou,0.0,0.0,4260.572025092989,0.0,0.0,0.0,0.0,4260.572025092989
crudesteel_Region30Ningxia_crudesteel_Region25Yunnan,0.0,0.0,8344.114294827516,0.0,0.0,0.0,0.0,8344.114294827516
crudesteel_Region30Ningxia_crudesteel_Region27Shaanxi,0.0,0.0,4470.632355772519,0.0,0.0,0.0,0.0,4470.632355772519
crudesteel_Region30Ningxia_crudesteel_Region28Gansu,0.0,0.0,902.2512010801445,0.0,0.0,0.0,0.0,902.2512010801445
crudesteel_Region30Ningxia_crudesteel_Region29Qinghai,0.0,0.0,1271.513026423499,0.0,0.0,0.0,0.0,1271.513026423499
crudesteel_Region30Ningxia_crudesteel_Region31Xinjiang,0.0,0.0,1953.508782652923,0.0,0.0,0.0,0.0,1953.508782652923
crudesteel_Region31Xinjiang_crudesteel_Region1Beijing,0.0,0.0,55803.05963226517,0.0,0.0,0.0,0.0,55803.05963226517
crudesteel_Region31Xinjiang_crudesteel_Region2Tianjin,0.0,0.0,5666.752215039652,0.0,0.0,0.0,0.0,5666.752215039652
crudesteel_Region31Xinjiang_crudesteel_Region3Hebei,0.0,0.0,6823.615706040399,0.0,0.0,0.0,0.0,6823.615706040399
crudesteel_Region31Xinjiang_crudesteel_Region4Shanxi,0.0,0.0,595522.9250464371,0.0,0.0,0.0,0.0,595522.9250464371
crudesteel_Region31Xinjiang_crudesteel_Region5Innermongolia,0.0,0.0,32911.886847821355,0.0,0.0,0.0,0.0,32911.886847821355
crudesteel_Region31Xinjiang_crudesteel_Region6Liaoning,0.0,0.0,3018.103601208077,0.0,0.0,0.0,0.0,3018.103601208077
crudesteel_Region31Xinjiang_crudesteel_Region7Jilin,0.0,0.0,2407.8508980826678,0.0,0.0,0.0,0.0,2407.8508980826678
crudesteel_Region31Xinjiang_crudesteel_Region8Heilongjiang,0.0,0.0,2167.4750763135753,0.0,0.0,0.0,0.0,2167.4750763135753
crudesteel_Region31Xinjiang_crudesteel_Region9Shanghai,0.0,0.0,6399.257133594624,0.0,0.0,0.0,0.0,6399.257133594624
crudesteel_Region31Xinjiang_crudesteel_Region10Jiangsu,0.0,0.0,6416.238325003525,0.0,0.0,0.0,0.0,6416.238325003525
crudesteel_Region31Xinjiang_crudesteel_Region11Zhejiang,0.0,0.0,3135.4837508591386,0.0,0.0,0.0,0.0,3135.4837508591386
crudesteel_Region31Xinjiang_crudesteel_Region12Anhui,0.0,0.0,73737.56797298162,0.0,0.0,0.0,0.0,73737.56797298162
crudesteel_Region31Xinjiang_crudesteel_Region13Fujian,0.0,0.0,1388.0656515304026,0.0,0.0,0.0,0.0,1388.0656515304026
crudesteel_Region31Xinjiang_crudesteel_Region14Jiangxi,0.0,0.0,10146.315211293306,0.0,0.0,0.0,0.0,10146.315211293306
crudesteel_Region31Xinjiang_crudesteel_Region15Shandong,0.0,0.0,3020.4636436279943,0.0,0.0,0.0,0.0,3020.4636436279943
crudesteel_Region31Xinjiang_crudesteel_Region16Henan,0.0,0.0,18124.30375082104,0.0,0.0,0.0,0.0,18124.30375082104
crudesteel_Region31Xinjiang_crudesteel_Region17Hubei,0.0,0.0,6085.68487437752,0.0,0.0,0.0,0.0,6085.68487437752
crudesteel_Region31Xinjiang_crudesteel_Region18Hunan,0.0,0.0,5304.18248158237,0.0,0.0,0.0,0.0,5304.18248158237
crudesteel_Region31Xinjiang_crudesteel_Region19Guangdong,0.0,0.0,6527.436356674515,0.0,0.0,0.0,0.0,6527.436356674515
crudesteel_Region31Xinjiang_crudesteel_Region20Guangxi,0.0,0.0,3599.9004263061597,0.0,0.0,0.0,0.0,3599.9004263061597
crudesteel_Region31Xinjiang_crudesteel_Region21Hainan,0.0,0.0,5829.835033130198,0.0,0.0,0.0,0.0,5829.835033130198
crudesteel_Region31Xinjiang_crudesteel_Region22Chongqing,0.0,0.0,5713.098545104723,0.0,0.0,0.0,0.0,5713.098545104723
crudesteel_Region31Xinjiang_crudesteel_Region23Sichuan,0.0,0.0,5521.518609382963,0.0,0.0,0.0,0.0,5521.518609382963
crudesteel_Region31Xinjiang_crudesteel_Region24Guizhou,0.0,0.0,5461.966685548772,0.0,0.0,0.0,0.0,5461.966685548772
crudesteel_Region31Xinjiang_crudesteel_Region25Yunnan,0.0,0.0,6461.7494769285695,0.0,0.0,0.0,0.0,6461.7494769285695
crudesteel_Region31Xinjiang_crudesteel_Region27Shaanxi,0.0,0.0,5234.65094353834,0.0,0.0,0.0,0.0,5234.65094353834
crudesteel_Region31Xinjiang_crudesteel_Region28Gansu,0.0,0.0,3881.591108615128,0.0,0.0,0.0,0.0,3881.591108615128
crudesteel_Region31Xinjiang_crudesteel_Region29Qinghai,0.0,0.0,13520.39901019774,0.0,0.0,0.0,0.0,13520.39901019774
crudesteel_Region31Xinjiang_crudesteel_Region30Ningxia,0.0,0.0,1586.1595328790338,0.0,0.0,0.0,0.0,1586.1595328790338
dri_Region1Beijing_dri_Region2Tianjin,0.0,0.0,833715.2635127716,0.0,0.0,0.0,0.0,833715.2635127716
dri_Region1Beijing_dri_Region3Hebei,0.0,0.0,655298.6734942083,0.0,0.0,0.0,0.0,655298.6734942083
dri_Region1Beijing_dri_Region4Shanxi,0.0,0.0,533727.3003907697,0.0,0.0,0.0,0.0,533727.3003907697
dri_Region1Beijing_dri_Region5Innermongolia,0.0,0.0,406034.94731303235,0.0,0.0,0.0,0.0,406034.94731303235
dri_Region1Beijing_dri_Region6Liaoning,0.0,0.0,569702.1022682233,0.0,0.0,0.0,0.0,569702.1022682233
dri_Region1Beijing_dri_Region7Jilin,0.0,0.0,544887.9091875434,0.0,0.0,0.0,0.0,544887.9091875434
dri_Region1Beijing_dri_Region8Heilongjiang,0.0,0.0,517409.42436945485,0.0,0.0,0.0,0.0,517409.42436945485
dri_Region1Beijing_dri_Region9Shanghai,0.0,0.0,1.1787391059289312e6,0.0,0.0,0.0,0.0,1.1787391059289312e6
dri_Region1Beijing_dri_Region10Jiangsu,0.0,0.0,916914.9523329899,0.0,0.0,0.0,0.0,916914.9523329899
dri_Region1Beijing_dri_Region11Zhejiang,0.0,0.0,1.1539527666004766e6,0.0,0.0,0.0,0.0,1.1539527666004766e6
dri_Region1Beijing_dri_Region12Anhui,0.0,0.0,823352.8503876836,0.0,0.0,0.0,0.0,823352.8503876836
dri_Region1Beijing_dri_Region13Fujian,0.0,0.0,926508.5184490088,0.0,0.0,0.0,0.0,926508.5184490088
dri_Region1Beijing_dri_Region14Jiangxi,0.0,0.0,726732.0880093706,0.0,0.0,0.0,0.0,726732.0880093706
dri_Region1Beijing_dri_Region15Shandong,0.0,0.0,958994.8532686306,0.0,0.0,0.0,0.0,958994.8532686306
dri_Region1Beijing_dri_Region16Henan,0.0,0.0,568582.5568486556,0.0,0.0,0.0,0.0,568582.5568486556
dri_Region1Beijing_dri_Region17Hubei,0.0,0.0,721765.3627543949,0.0,0.0,0.0,0.0,721765.3627543949
dri_Region1Beijing_dri_Region18Hunan,0.0,0.0,670951.8365287787,0.0,0.0,0.0,0.0,670951.8365287787
dri_Region1Beijing_dri_Region19Guangdong,0.0,0.0,716073.0755526338,0.0,0.0,0.0,0.0,716073.0755526338
dri_Region1Beijing_dri_Region20Guangxi,0.0,0.0,656908.7355283743,0.0,0.0,0.0,0.0,656908.7355283743
dri_Region1Beijing_dri_Region21Hainan,0.0,0.0,644871.2438817002,0.0,0.0,0.0,0.0,644871.2438817002
dri_Region1Beijing_dri_Region22Chongqing,0.0,0.0,610015.5938954633,0.0,0.0,0.0,0.0,610015.5938954633
dri_Region1Beijing_dri_Region23Sichuan,0.0,0.0,598572.9138306935,0.0,0.0,0.0,0.0,598572.9138306935
dri_Region1Beijing_dri_Region24Guizhou,0.0,0.0,613047.5030202101,0.0,0.0,0.0,0.0,613047.5030202101
dri_Region1Beijing_dri_Region25Yunnan,0.0,0.0,644056.6811615269,0.0,0.0,0.0,0.0,644056.6811615269
dri_Region1Beijing_dri_Region27Shaanxi,0.0,0.0,480598.2283309708,0.0,0.0,0.0,0.0,480598.2283309708
dri_Region1Beijing_dri_Region28Gansu,0.0,0.0,454607.4845615296,0.0,0.0,0.0,0.0,454607.4845615296
dri_Region1Beijing_dri_Region29Qinghai,0.0,0.0,494638.1060110113,0.0,0.0,0.0,0.0,494638.1060110113
dri_Region1Beijing_dri_Region30Ningxia,0.0,0.0,505845.51976075175,0.0,0.0,0.0,0.0,505845.51976075175
dri_Region1Beijing_dri_Region31Xinjiang,0.0,0.0,533107.167741365,0.0,0.0,0.0,0.0,533107.167741365
dri_Region2Tianjin_dri_Region1Beijing,0.0,0.0,489780.15359959716,0.0,0.0,0.0,0.0,489780.15359959716
dri_Region2Tianjin_dri_Region3Hebei,0.0,0.0,601203.8219851257,0.0,0.0,0.0,0.0,601203.8219851257
dri_Region2Tianjin_dri_Region4Shanxi,0.0,0.0,513922.8774404482,0.0,0.0,0.0,0.0,513922.8774404482
dri_Region2Tianjin_dri_Region5Innermongolia,0.0,0.0,423961.00167339516,0.0,0.0,0.0,0.0,423961.00167339516
dri_Region2Tianjin_dri_Region6Liaoning,0.0,0.0,547704.8514661667,0.0,0.0,0.0,0.0,547704.8514661667
dri_Region2Tianjin_dri_Region7Jilin,0.0,0.0,532065.5427750531,0.0,0.0,0.0,0.0,532065.5427750531
dri_Region2Tianjin_dri_Region8Heilongjiang,0.0,0.0,507942.52929068415,0.0,0.0,0.0,0.0,507942.52929068415
dri_Region2Tianjin_dri_Region9Shanghai,0.0,0.0,1.2301146283733884e6,0.0,0.0,0.0,0.0,1.2301146283733884e6
dri_Region2Tianjin_dri_Region10Jiangsu,0.0,0.0,912627.4948760804,0.0,0.0,0.0,0.0,912627.4948760804
dri_Region2Tianjin_dri_Region11Zhejiang,0.0,0.0,1.2004859593927374e6,0.0,0.0,0.0,0.0,1.2004859593927374e6
dri_Region2Tianjin_dri_Region12Anhui,0.0,0.0,805214.2879024544,0.0,0.0,0.0,0.0,805214.2879024544
dri_Region2Tianjin_dri_Region13Fujian,0.0,0.0,935710.8528080921,0.0,0.0,0.0,0.0,935710.8528080921
dri_Region2Tianjin_dri_Region14Jiangxi,0.0,0.0,713748.033727443,0.0,0.0,0.0,0.0,713748.033727443
dri_Region2Tianjin_dri_Region15Shandong,0.0,0.0,920832.873066995,0.0,0.0,0.0,0.0,920832.873066995
dri_Region2Tianjin_dri_Region16Henan,0.0,0.0,549887.4928322656,0.0,0.0,0.0,0.0,549887.4928322656
dri_Region2Tianjin_dri_Region17Hubei,0.0,0.0,701942.7261313911,0.0,0.0,0.0,0.0,701942.7261313911
dri_Region2Tianjin_dri_Region18Hunan,0.0,0.0,657629.1530388735,0.0,0.0,0.0,0.0,657629.1530388735
dri_Region2Tianjin_dri_Region19Guangdong,0.0,0.0,705069.6077717548,0.0,0.0,0.0,0.0,705069.6077717548
dri_Region2Tianjin_dri_Region20Guangxi,0.0,0.0,648392.991864692,0.0,0.0,0.0,0.0,648392.991864692
dri_Region2Tianjin_dri_Region21Hainan,0.0,0.0,637642.4088843126,0.0,0.0,0.0,0.0,637642.4088843126
dri_Region2Tianjin_dri_Region22Chongqing,0.0,0.0,600639.8099847117,0.0,0.0,0.0,0.0,600639.8099847117
dri_Region2Tianjin_dri_Region23Sichuan,0.0,0.0,589905.4535003334,0.0,0.0,0.0,0.0,589905.4535003334
dri_Region2Tianjin_dri_Region24Guizhou,0.0,0.0,604716.4281128681,0.0,0.0,0.0,0.0,604716.4281128681
dri_Region2Tianjin_dri_Region25Yunnan,0.0,0.0,635608.3313038925,0.0,0.0,0.0,0.0,635608.3313038925
dri_Region2Tianjin_dri_Region27Shaanxi,0.0,0.0,473256.591060808,0.0,0.0,0.0,0.0,473256.591060808
dri_Region2Tianjin_dri_Region28Gansu,0.0,0.0,452168.5370536842,0.0,0.0,0.0,0.0,452168.5370536842
dri_Region2Tianjin_dri_Region29Qinghai,0.0,0.0,490522.14421902347,0.0,0.0,0.0,0.0,490522.14421902347
dri_Region2Tianjin_dri_Region30Ningxia,0.0,0.0,500098.140181774,0.0,0.0,0.0,0.0,500098.140181774
dri_Region2Tianjin_dri_Region31Xinjiang,0.0,0.0,530178.6908736243,0.0,0.0,0.0,0.0,530178.6908736243
dri_Region3Hebei_dri_Region1Beijing,0.0,0.0,585597.8559197489,0.0,0.0,0.0,0.0,585597.8559197489
dri_Region3Hebei_dri_Region2Tianjin,0.0,0.0,651521.4965637685,0.0,0.0,0.0,0.0,651521.4965637685
dri_Region3Hebei_dri_Region4Shanxi,0.0,0.0,421551.62558113213,0.0,0.0,0.0,0.0,421551.62558113213
dri_Region3Hebei_dri_Region5Innermongolia,0.0,0.0,422368.23856770166,0.0,0.0,0.0,0.0,422368.23856770166
dri_Region3Hebei_dri_Region6Liaoning,0.0,0.0,573934.4919636587,0.0,0.0,0.0,0.0,573934.4919636587
dri_Region3Hebei_dri_Region7Jilin,0.0,0.0,551629.0024501559,0.0,0.0,0.0,0.0,551629.0024501559
dri_Region3Hebei_dri_Region8Heilongjiang,0.0,0.0,525615.754668481,0.0,0.0,0.0,0.0,525615.754668481
dri_Region3Hebei_dri_Region9Shanghai,0.0,0.0,1.2342421617268706e6,0.0,0.0,0.0,0.0,1.2342421617268706e6
dri_Region3Hebei_dri_Region10Jiangsu,0.0,0.0,940772.5822187285,0.0,0.0,0.0,0.0,940772.5822187285
dri_Region3Hebei_dri_Region11Zhejiang,0.0,0.0,1.201680141520977e6,0.0,0.0,0.0,0.0,1.201680141520977e6
dri_Region3Hebei_dri_Region12Anhui,0.0,0.0,844414.8302184463,0.0,0.0,0.0,0.0,844414.8302184463
dri_Region3Hebei_dri_Region13Fujian,0.0,0.0,968450.8368119604,0.0,0.0,0.0,0.0,968450.8368119604
dri_Region3Hebei_dri_Region14Jiangxi,0.0,0.0,739231.399728103,0.0,0.0,0.0,0.0,739231.399728103
dri_Region3Hebei_dri_Region15Shandong,0.0,0.0,1.0514056672448833e6,0.0,0.0,0.0,0.0,1.0514056672448833e6
dri_Region3Hebei_dri_Region16Henan,0.0,0.0,509957.50343396177,0.0,0.0,0.0,0.0,509957.50343396177
dri_Region3Hebei_dri_Region17Hubei,0.0,0.0,736527.4879702628,0.0,0.0,0.0,0.0,736527.4879702628
dri_Region3Hebei_dri_Region18Hunan,0.0,0.0,673113.2051154225,0.0,0.0,0.0,0.0,673113.2051154225
dri_Region3Hebei_dri_Region19Guangdong,0.0,0.0,729029.3123164074,0.0,0.0,0.0,0.0,729029.3123164074
dri_Region3Hebei_dri_Region20Guangxi,0.0,0.0,659727.0888668618,0.0,0.0,0.0,0.0,659727.0888668618
dri_Region3Hebei_dri_Region21Hainan,0.0,0.0,646730.41700618,0.0,0.0,0.0,0.0,646730.41700618
dri_Region3Hebei_dri_Region22Chongqing,0.0,0.0,603958.2534540871,0.0,0.0,0.0,0.0,603958.2534540871
dri_Region3Hebei_dri_Region23Sichuan,0.0,0.0,591494.2433467393,0.0,0.0,0.0,0.0,591494.2433467393
dri_Region3Hebei_dri_Region24Guizhou,0.0,0.0,609389.1020636527,0.0,0.0,0.0,0.0,609389.1020636527
dri_Region3Hebei_dri_Region25Yunnan,0.0,0.0,649656.9950019921,0.0,0.0,0.0,0.0,649656.9950019921
dri_Region3Hebei_dri_Region27Shaanxi,0.0,0.0,440424.3432017204,0.0,0.0,0.0,0.0,440424.3432017204
dri_Region3Hebei_dri_Region28Gansu,0.0,0.0,429368.44228190667,0.0,0.0,0.0,0.0,429368.44228190667
dri_Region3Hebei_dri_Region29Qinghai,0.0,0.0,476031.3090583324,0.0,0.0,0.0,0.0,476031.3090583324
dri_Region3Hebei_dri_Region30Ningxia,0.0,0.0,481325.1152035449,0.0,0.0,0.0,0.0,481325.1152035449
dri_Region3Hebei_dri_Region31Xinjiang,0.0,0.0,530131.4801265581,0.0,0.0,0.0,0.0,530131.4801265581
dri_Region4Shanxi_dri_Region1Beijing,0.0,0.0,773111.8593643308,0.0,0.0,0.0,0.0,773111.8593643308
dri_Region4Shanxi_dri_Region2Tianjin,0.0,0.0,842724.7852400906,0.0,0.0,0.0,0.0,842724.7852400906
dri_Region4Shanxi_dri_Region3Hebei,0.0,0.0,1.4632407089099786e6,0.0,0.0,0.0,0.0,1.4632407089099786e6
dri_Region4Shanxi_dri_Region5Innermongolia,0.0,0.0,438729.48396197613,0.0,0.0,0.0,0.0,438729.48396197613
dri_Region4Shanxi_dri_Region6Liaoning,0.0,0.0,634835.1329555368,0.0,0.0,0.0,0.0,634835.1329555368
dri_Region4Shanxi_dri_Region7Jilin,0.0,0.0,596596.6177438905,0.0,0.0,0.0,0.0,596596.6177438905
dri_Region4Shanxi_dri_Region8Heilongjiang,0.0,0.0,562305.4625219948,0.0,0.0,0.0,0.0,562305.4625219948
dri_Region4Shanxi_dri_Region9Shanghai,0.0,0.0,1.2842887778197057e6,0.0,0.0,0.0,0.0,1.2842887778197057e6
dri_Region4Shanxi_dri_Region10Jiangsu,0.0,0.0,1.0215354274686646e6,0.0,0.0,0.0,0.0,1.0215354274686646e6
dri_Region4Shanxi_dri_Region11Zhejiang,0.0,0.0,1.2464697593157035e6,0.0,0.0,0.0,0.0,1.2464697593157035e6
dri_Region4Shanxi_dri_Region12Anhui,0.0,0.0,972030.9365271876,0.0,0.0,0.0,0.0,972030.9365271876
dri_Region4Shanxi_dri_Region13Fujian,0.0,0.0,1.0363190913519613e6,0.0,0.0,0.0,0.0,1.0363190913519613e6
dri_Region4Shanxi_dri_Region14Jiangxi,0.0,0.0,816922.7914092998,0.0,0.0,0.0,0.0,816922.7914092998
dri_Region4Shanxi_dri_Region15Shandong,0.0,0.0,1.2672258734591592e6,0.0,0.0,0.0,0.0,1.2672258734591592e6
dri_Region4Shanxi_dri_Region16Henan,0.0,0.0,651199.40421647,0.0,0.0,0.0,0.0,651199.40421647
dri_Region4Shanxi_dri_Region17Hubei,0.0,0.0,855647.9806019353,0.0,0.0,0.0,0.0,855647.9806019353
dri_Region4Shanxi_dri_Region18Hunan,0.0,0.0,746654.0728371317,0.0,0.0,0.0,0.0,746654.0728371317
dri_Region4Shanxi_dri_Region19Guangdong,0.0,0.0,785231.255863352,0.0,0.0,0.0,0.0,785231.255863352
dri_Region4Shanxi_dri_Region20Guangxi,0.0,0.0,705434.5123188496,0.0,0.0,0.0,0.0,705434.5123188496
dri_Region4Shanxi_dri_Region21Hainan,0.0,0.0,683559.6448180283,0.0,0.0,0.0,0.0,683559.6448180283
dri_Region4Shanxi_dri_Region22Chongqing,0.0,0.0,655620.2706634881,0.0,0.0,0.0,0.0,655620.2706634881
dri_Region4Shanxi_dri_Region23Sichuan,0.0,0.0,638640.4387208597,0.0,0.0,0.0,0.0,638640.4387208597
dri_Region4Shanxi_dri_Region24Guizhou,0.0,0.0,653373.1252848787,0.0,0.0,0.0,0.0,653373.1252848787
dri_Region4Shanxi_dri_Region25Yunnan,0.0,0.0,701757.0227264123,0.0,0.0,0.0,0.0,701757.0227264123
dri_Region4Shanxi_dri_Region27Shaanxi,0.0,0.0,451993.59768082574,0.0,0.0,0.0,0.0,451993.59768082574
dri_Region4Shanxi_dri_Region28Gansu,0.0,0.0,433691.6136103545,0.0,0.0,0.0,0.0,433691.6136103545
dri_Region4Shanxi_dri_Region29Qinghai,0.0,0.0,491110.94291961275,0.0,0.0,0.0,0.0,491110.94291961275
dri_Region4Shanxi_dri_Region30Ningxia,0.0,0.0,504199.33373138454,0.0,0.0,0.0,0.0,504199.33373138454
dri_Region4Shanxi_dri_Region31Xinjiang,0.0,0.0,547214.1885469661,0.0,0.0,0.0,0.0,547214.1885469661
dri_Region5Innermongolia_dri_Region1Beijing,0.0,0.0,2.303469997249378e6,0.0,0.0,0.0,0.0,2.303469997249378e6
dri_Region5Innermongolia_dri_Region2Tianjin,0.0,0.0,1.710954392408007e6,0.0,0.0,0.0,0.0,1.710954392408007e6
dri_Region5Innermongolia_dri_Region3Hebei,0.0,0.0,1.8543151946731552e6,0.0,0.0,0.0,0.0,1.8543151946731552e6
dri_Region5Innermongolia_dri_Region4Shanxi,0.0,0.0,1.455443527808657e6,0.0,0.0,0.0,0.0,1.455443527808657e6
dri_Region5Innermongolia_dri_Region6Liaoning,0.0,0.0,763123.6271613894,0.0,0.0,0.0,0.0,763123.6271613894
dri_Region5Innermongolia_dri_Region7Jilin,0.0,0.0,686478.8290966429,0.0,0.0,0.0,0.0,686478.8290966429
dri_Region5Innermongolia_dri_Region8Heilongjiang,0.0,0.0,626576.2257338855,0.0,0.0,0.0,0.0,626576.2257338855
dri_Region5Innermongolia_dri_Region9Shanghai,0.0,0.0,1.3845810687088186e6,0.0,0.0,0.0,0.0,1.3845810687088186e6
dri_Region5Innermongolia_dri_Region10Jiangsu,0.0,0.0,1.1603972217424896e6,0.0,0.0,0.0,0.0,1.1603972217424896e6
dri_Region5Innermongolia_dri_Region11Zhejiang,0.0,0.0,1.344379797768552e6,0.0,0.0,0.0,0.0,1.344379797768552e6
dri_Region5Innermongolia_dri_Region12Anhui,0.0,0.0,1.0603673257217668e6,0.0,0.0,0.0,0.0,1.0603673257217668e6
dri_Region5Innermongolia_dri_Region13Fujian,0.0,0.0,1.06839003106446e6,0.0,0.0,0.0,0.0,1.06839003106446e6
dri_Region5Innermongolia_dri_Region14Jiangxi,0.0,0.0,892726.6189570916,0.0,0.0,0.0,0.0,892726.6189570916
dri_Region5Innermongolia_dri_Region15Shandong,0.0,0.0,1.531592038920483e6,0.0,0.0,0.0,0.0,1.531592038920483e6
dri_Region5Innermongolia_dri_Region16Henan,0.0,0.0,871652.6303021801,0.0,0.0,0.0,0.0,871652.6303021801
dri_Region5Innermongolia_dri_Region17Hubei,0.0,0.0,956265.2372600023,0.0,0.0,0.0,0.0,956265.2372600023
dri_Region5Innermongolia_dri_Region18Hunan,0.0,0.0,828515.2198789928,0.0,0.0,0.0,0.0,828515.2198789928
dri_Region5Innermongolia_dri_Region19Guangdong,0.0,0.0,835943.4205485783,0.0,0.0,0.0,0.0,835943.4205485783
dri_Region5Innermongolia_dri_Region20Guangxi,0.0,0.0,755270.6358186017,0.0,0.0,0.0,0.0,755270.6358186017
dri_Region5Innermongolia_dri_Region21Hainan,0.0,0.0,726572.5888438878,0.0,0.0,0.0,0.0,726572.5888438878
dri_Region5Innermongolia_dri_Region22Chongqing,0.0,0.0,736650.4822082481,0.0,0.0,0.0,0.0,736650.4822082481
dri_Region5Innermongolia_dri_Region23Sichuan,0.0,0.0,717216.5831937185,0.0,0.0,0.0,0.0,717216.5831937185
dri_Region5Innermongolia_dri_Region24Guizhou,0.0,0.0,717444.0804963182,0.0,0.0,0.0,0.0,717444.0804963182
dri_Region5Innermongolia_dri_Region25Yunnan,0.0,0.0,751082.7305063738,0.0,0.0,0.0,0.0,751082.7305063738
dri_Region5Innermongolia_dri_Region27Shaanxi,0.0,0.0,597224.4336771035,0.0,0.0,0.0,0.0,597224.4336771035
dri_Region5Innermongolia_dri_Region28Gansu,0.0,0.0,501036.2691450433,0.0,0.0,0.0,0.0,501036.2691450433
dri_Region5Innermongolia_dri_Region29Qinghai,0.0,0.0,560998.9045318824,0.0,0.0,0.0,0.0,560998.9045318824
dri_Region5Innermongolia_dri_Region30Ningxia,0.0,0.0,638794.6389874317,0.0,0.0,0.0,0.0,638794.6389874317
dri_Region5Innermongolia_dri_Region31Xinjiang,0.0,0.0,587410.8878626227,0.0,0.0,0.0,0.0,587410.8878626227
dri_Region6Liaoning_dri_Region1Beijing,0.0,0.0,708094.5302657611,0.0,0.0,0.0,0.0,708094.5302657611
dri_Region6Liaoning_dri_Region2Tianjin,0.0,0.0,769828.8110264239,0.0,0.0,0.0,0.0,769828.8110264239
dri_Region6Liaoning_dri_Region3Hebei,0.0,0.0,696261.761149182,0.0,0.0,0.0,0.0,696261.761149182
dri_Region6Liaoning_dri_Region4Shanxi,0.0,0.0,618241.0871335504,0.0,0.0,0.0,0.0,618241.0871335504
dri_Region6Liaoning_dri_Region5Innermongolia,0.0,0.0,531894.8276618312,0.0,0.0,0.0,0.0,531894.8276618312
dri_Region6Liaoning_dri_Region7Jilin,0.0,0.0,492066.8303478551,0.0,0.0,0.0,0.0,492066.8303478551
dri_Region6Liaoning_dri_Region8Heilongjiang,0.0,0.0,473918.69766147697,0.0,0.0,0.0,0.0,473918.69766147697
dri_Region6Liaoning_dri_Region9Shanghai,0.0,0.0,990353.0463206647,0.0,0.0,0.0,0.0,990353.0463206647
dri_Region6Liaoning_dri_Region10Jiangsu,0.0,0.0,837161.9501327212,0.0,0.0,0.0,0.0,837161.9501327212
dri_Region6Liaoning_dri_Region11Zhejiang,0.0,0.0,981204.1581216557,0.0,0.0,0.0,0.0,981204.1581216557
dri_Region6Liaoning_dri_Region12Anhui,0.0,0.0,784435.230888402,0.0,0.0,0.0,0.0,784435.230888402
dri_Region6Liaoning_dri_Region13Fujian,0.0,0.0,873035.8834776677,0.0,0.0,0.0,0.0,873035.8834776677
dri_Region6Liaoning_dri_Region14Jiangxi,0.0,0.0,718945.5699090641,0.0,0.0,0.0,0.0,718945.5699090641
dri_Region6Liaoning_dri_Region15Shandong,0.0,0.0,793211.7697051098,0.0,0.0,0.0,0.0,793211.7697051098
dri_Region6Liaoning_dri_Region16Henan,0.0,0.0,624309.2705604994,0.0,0.0,0.0,0.0,624309.2705604994
dri_Region6Liaoning_dri_Region17Hubei,0.0,0.0,711436.5550752324,0.0,0.0,0.0,0.0,711436.5550752324
dri_Region6Liaoning_dri_Region18Hunan,0.0,0.0,674900.1009289722,0.0,0.0,0.0,0.0,674900.1009289722
dri_Region6Liaoning_dri_Region19Guangdong,0.0,0.0,705032.3060857899,0.0,0.0,0.0,0.0,705032.3060857899
dri_Region6Liaoning_dri_Region20Guangxi,0.0,0.0,658482.058900194,0.0,0.0,0.0,0.0,658482.058900194
dri_Region6Liaoning_dri_Region21Hainan,0.0,0.0,647303.7818292452,0.0,0.0,0.0,0.0,647303.7818292452
dri_Region6Liaoning_dri_Region22Chongqing,0.0,0.0,624255.6541491484,0.0,0.0,0.0,0.0,624255.6541491484
dri_Region6Liaoning_dri_Region23Sichuan,0.0,0.0,614039.2186435336,0.0,0.0,0.0,0.0,614039.2186435336
dri_Region6Liaoning_dri_Region24Guizhou,0.0,0.0,624623.3399089421,0.0,0.0,0.0,0.0,624623.3399089421
dri_Region6Liaoning_dri_Region25Yunnan,0.0,0.0,643103.4134090295,0.0,0.0,0.0,0.0,643103.4134090295
dri_Region6Liaoning_dri_Region27Shaanxi,0.0,0.0,537329.3001593427,0.0,0.0,0.0,0.0,537329.3001593427
dri_Region6Liaoning_dri_Region28Gansu,0.0,0.0,501975.09100488585,0.0,0.0,0.0,0.0,501975.09100488585
dri_Region6Liaoning_dri_Region29Qinghai,0.0,0.0,530589.866167512,0.0,0.0,0.0,0.0,530589.866167512
dri_Region6Liaoning_dri_Region30Ningxia,0.0,0.0,556094.3521288449,0.0,0.0,0.0,0.0,556094.3521288449
dri_Region6Liaoning_dri_Region31Xinjiang,0.0,0.0,550822.8477786575,0.0,0.0,0.0,0.0,550822.8477786575
dri_Region7Jilin_dri_Region1Beijing,0.0,0.0,771339.8178323996,0.0,0.0,0.0,0.0,771339.8178323996
dri_Region7Jilin_dri_Region2Tianjin,0.0,0.0,813463.0285021826,0.0,0.0,0.0,0.0,813463.0285021826
dri_Region7Jilin_dri_Region3Hebei,0.0,0.0,738446.4390292275,0.0,0.0,0.0,0.0,738446.4390292275
dri_Region7Jilin_dri_Region4Shanxi,0.0,0.0,656725.9596992367,0.0,0.0,0.0,0.0,656725.9596992367
dri_Region7Jilin_dri_Region5Innermongolia,0.0,0.0,572321.8760871466,0.0,0.0,0.0,0.0,572321.8760871466
dri_Region7Jilin_dri_Region6Liaoning,0.0,0.0,998202.3610347916,0.0,0.0,0.0,0.0,998202.3610347916
dri_Region7Jilin_dri_Region8Heilongjiang,0.0,0.0,441427.11526648875,0.0,0.0,0.0,0.0,441427.11526648875
dri_Region7Jilin_dri_Region9Shanghai,0.0,0.0,982128.6608385087,0.0,0.0,0.0,0.0,982128.6608385087
dri_Region7Jilin_dri_Region10Jiangsu,0.0,0.0,852995.123116917,0.0,0.0,0.0,0.0,852995.123116917
dri_Region7Jilin_dri_Region11Zhejiang,0.0,0.0,974093.3602794048,0.0,0.0,0.0,0.0,974093.3602794048
dri_Region7Jilin_dri_Region12Anhui,0.0,0.0,803316.3394567098,0.0,0.0,0.0,0.0,803316.3394567098
dri_Region7Jilin_dri_Region13Fujian,0.0,0.0,875116.0981644345,0.0,0.0,0.0,0.0,875116.0981644345
dri_Region7Jilin_dri_Region14Jiangxi,0.0,0.0,734734.0636881761,0.0,0.0,0.0,0.0,734734.0636881761
dri_Region7Jilin_dri_Region15Shandong,0.0,0.0,831230.7721476281,0.0,0.0,0.0,0.0,831230.7721476281
dri_Region7Jilin_dri_Region16Henan,0.0,0.0,656221.3037733525,0.0,0.0,0.0,0.0,656221.3037733525
dri_Region7Jilin_dri_Region17Hubei,0.0,0.0,730228.9718657862,0.0,0.0,0.0,0.0,730228.9718657862
dri_Region7Jilin_dri_Region18Hunan,0.0,0.0,691481.36373451,0.0,0.0,0.0,0.0,691481.36373451
dri_Region7Jilin_dri_Region19Guangdong,0.0,0.0,716240.0004125991,0.0,0.0,0.0,0.0,716240.0004125991
dri_Region7Jilin_dri_Region20Guangxi,0.0,0.0,670629.6805399344,0.0,0.0,0.0,0.0,670629.6805399344
dri_Region7Jilin_dri_Region21Hainan,0.0,0.0,658252.5262041038,0.0,0.0,0.0,0.0,658252.5262041038
dri_Region7Jilin_dri_Region22Chongqing,0.0,0.0,640112.597030091,0.0,0.0,0.0,0.0,640112.597030091
dri_Region7Jilin_dri_Region23Sichuan,0.0,0.0,629823.6058166339,0.0,0.0,0.0,0.0,629823.6058166339
dri_Region7Jilin_dri_Region24Guizhou,0.0,0.0,639003.4644361361,0.0,0.0,0.0,0.0,639003.4644361361
dri_Region7Jilin_dri_Region25Yunnan,0.0,0.0,653994.356597815,0.0,0.0,0.0,0.0,653994.356597815
dri_Region7Jilin_dri_Region27Shaanxi,0.0,0.0,563889.2109157018,0.0,0.0,0.0,0.0,563889.2109157018
dri_Region7Jilin_dri_Region28Gansu,0.0,0.0,524525.2813164218,0.0,0.0,0.0,0.0,524525.2813164218
dri_Region7Jilin_dri_Region29Qinghai,0.0,0.0,550500.6933408525,0.0,0.0,0.0,0.0,550500.6933408525
dri_Region7Jilin_dri_Region30Ningxia,0.0,0.0,581448.4761230466,0.0,0.0,0.0,0.0,581448.4761230466
dri_Region7Jilin_dri_Region31Xinjiang,0.0,0.0,563762.9325386557,0.0,0.0,0.0,0.0,563762.9325386557
dri_Region8Heilongjiang_dri_Region1Beijing,0.0,0.0,820092.2247389441,0.0,0.0,0.0,0.0,820092.2247389441
dri_Region8Heilongjiang_dri_Region2Tianjin,0.0,0.0,853774.4809120632,0.0,0.0,0.0,0.0,853774.4809120632
dri_Region8Heilongjiang_dri_Region3Hebei,0.0,0.0,779679.5310885911,0.0,0.0,0.0,0.0,779679.5310885911
dri_Region8Heilongjiang_dri_Region4Shanxi,0.0,0.0,695848.5550581769,0.0,0.0,0.0,0.0,695848.5550581769
dri_Region8Heilongjiang_dri_Region5Innermongolia,0.0,0.0,615830.6547164214,0.0,0.0,0.0,0.0,615830.6547164214
dri_Region8Heilongjiang_dri_Region6Liaoning,0.0,0.0,1.0945844749130283e6,0.0,0.0,0.0,0.0,1.0945844749130283e6
dri_Region8Heilongjiang_dri_Region7Jilin,0.0,0.0,1.2525401195965295e6,0.0,0.0,0.0,0.0,1.2525401195965295e6
dri_Region8Heilongjiang_dri_Region9Shanghai,0.0,0.0,994654.6862728863,0.0,0.0,0.0,0.0,994654.6862728863
dri_Region8Heilongjiang_dri_Region10Jiangsu,0.0,0.0,873035.3970242837,0.0,0.0,0.0,0.0,873035.3970242837
dri_Region8Heilongjiang_dri_Region11Zhejiang,0.0,0.0,985234.7784620199,0.0,0.0,0.0,0.0,985234.7784620199
dri_Region8Heilongjiang_dri_Region12Anhui,0.0,0.0,827283.3899384796,0.0,0.0,0.0,0.0,827283.3899384796
dri_Region8Heilongjiang_dri_Region13Fujian,0.0,0.0,891466.3964165463,0.0,0.0,0.0,0.0,891466.3964165463
dri_Region8Heilongjiang_dri_Region14Jiangxi,0.0,0.0,758237.6973343007,0.0,0.0,0.0,0.0,758237.6973343007
dri_Region8Heilongjiang_dri_Region15Shandong,0.0,0.0,866865.8671415778,0.0,0.0,0.0,0.0,866865.8671415778
dri_Region8Heilongjiang_dri_Region16Henan,0.0,0.0,691212.4525904772,0.0,0.0,0.0,0.0,691212.4525904772
dri_Region8Heilongjiang_dri_Region17Hubei,0.0,0.0,755877.4791300261,0.0,0.0,0.0,0.0,755877.4791300261
dri_Region8Heilongjiang_dri_Region18Hunan,0.0,0.0,715090.0519152299,0.0,0.0,0.0,0.0,715090.0519152299
dri_Region8Heilongjiang_dri_Region19Guangdong,0.0,0.0,734950.1888012295,0.0,0.0,0.0,0.0,734950.1888012295
dri_Region8Heilongjiang_dri_Region20Guangxi,0.0,0.0,689144.7783090743,0.0,0.0,0.0,0.0,689144.7783090743
dri_Region8Heilongjiang_dri_Region21Hainan,0.0,0.0,675355.9803544927,0.0,0.0,0.0,0.0,675355.9803544927
dri_Region8Heilongjiang_dri_Region22Chongqing,0.0,0.0,661611.8963853864,0.0,0.0,0.0,0.0,661611.8963853864
dri_Region8Heilongjiang_dri_Region23Sichuan,0.0,0.0,651232.2251853859,0.0,0.0,0.0,0.0,651232.2251853859
dri_Region8Heilongjiang_dri_Region24Guizhou,0.0,0.0,658760.4276771338,0.0,0.0,0.0,0.0,658760.4276771338
dri_Region8Heilongjiang_dri_Region25Yunnan,0.0,0.0,671617.7478574608,0.0,0.0,0.0,0.0,671617.7478574608
dri_Region8Heilongjiang_dri_Region27Shaanxi,0.0,0.0,593450.312343049,0.0,0.0,0.0,0.0,593450.312343049
dri_Region8Heilongjiang_dri_Region28Gansu,0.0,0.0,549521.6111068999,0.0,0.0,0.0,0.0,549521.6111068999
dri_Region8Heilongjiang_dri_Region29Qinghai,0.0,0.0,573574.4516430716,0.0,0.0,0.0,0.0,573574.4516430716
dri_Region8Heilongjiang_dri_Region30Ningxia,0.0,0.0,610909.134949295,0.0,0.0,0.0,0.0,610909.134949295
dri_Region8Heilongjiang_dri_Region31Xinjiang,0.0,0.0,581516.5428716389,0.0,0.0,0.0,0.0,581516.5428716389
dri_Region9Shanghai_dri_Region1Beijing,0.0,0.0,442820.7459469517,0.0,0.0,0.0,0.0,442820.7459469517
dri_Region9Shanghai_dri_Region2Tianjin,0.0,0.0,437043.3093975544,0.0,0.0,0.0,0.0,437043.3093975544
dri_Region9Shanghai_dri_Region3Hebei,0.0,0.0,437886.234174926,0.0,0.0,0.0,0.0,437886.234174926
dri_Region9Shanghai_dri_Region4Shanxi,0.0,0.0,433894.3995556962,0.0,0.0,0.0,0.0,433894.3995556962
dri_Region9Shanghai_dri_Region5Innermongolia,0.0,0.0,426268.01992177527,0.0,0.0,0.0,0.0,426268.01992177527
dri_Region9Shanghai_dri_Region6Liaoning,0.0,0.0,463497.8355779013,0.0,0.0,0.0,0.0,463497.8355779013
dri_Region9Shanghai_dri_Region7Jilin,0.0,0.0,465726.2433831964,0.0,0.0,0.0,0.0,465726.2433831964
dri_Region9Shanghai_dri_Region8Heilongjiang,0.0,0.0,458293.4419345189,0.0,0.0,0.0,0.0,458293.4419345189
dri_Region9Shanghai_dri_Region10Jiangsu,0.0,0.0,365282.123880193,0.0,0.0,0.0,0.0,365282.123880193
dri_Region9Shanghai_dri_Region11Zhejiang,0.0,0.0,678376.4800152006,0.0,0.0,0.0,0.0,678376.4800152006
dri_Region9Shanghai_dri_Region12Anhui,0.0,0.0,377315.2069442086,0.0,0.0,0.0,0.0,377315.2069442086
dri_Region9Shanghai_dri_Region13Fujian,0.0,0.0,705456.0421277655,0.0,0.0,0.0,0.0,705456.0421277655
dri_Region9Shanghai_dri_Region14Jiangxi,0.0,0.0,431377.9860074381,0.0,0.0,0.0,0.0,431377.9860074381
dri_Region9Shanghai_dri_Region15Shandong,0.0,0.0,419717.2829418703,0.0,0.0,0.0,0.0,419717.2829418703
dri_Region9Shanghai_dri_Region16Henan,0.0,0.0,396389.47592787683,0.0,0.0,0.0,0.0,396389.47592787683
dri_Region9Shanghai_dri_Region17Hubei,0.0,0.0,427342.6017540455,0.0,0.0,0.0,0.0,427342.6017540455
dri_Region9Shanghai_dri_Region18Hunan,0.0,0.0,451583.7178992145,0.0,0.0,0.0,0.0,451583.7178992145
dri_Region9Shanghai_dri_Region19Guangdong,0.0,0.0,535679.6899837175,0.0,0.0,0.0,0.0,535679.6899837175
dri_Region9Shanghai_dri_Region20Guangxi,0.0,0.0,514696.1246298383,0.0,0.0,0.0,0.0,514696.1246298383
dri_Region9Shanghai_dri_Region21Hainan,0.0,0.0,518859.8913180226,0.0,0.0,0.0,0.0,518859.8913180226
dri_Region9Shanghai_dri_Region22Chongqing,0.0,0.0,469417.1465139557,0.0,0.0,0.0,0.0,469417.1465139557
dri_Region9Shanghai_dri_Region23Sichuan,0.0,0.0,478014.3120131355,0.0,0.0,0.0,0.0,478014.3120131355
dri_Region9Shanghai_dri_Region24Guizhou,0.0,0.0,479584.76518306055,0.0,0.0,0.0,0.0,479584.76518306055
dri_Region9Shanghai_dri_Region25Yunnan,0.0,0.0,522771.99560980476,0.0,0.0,0.0,0.0,522771.99560980476
dri_Region9Shanghai_dri_Region27Shaanxi,0.0,0.0,391980.80195802083,0.0,0.0,0.0,0.0,391980.80195802083
dri_Region9Shanghai_dri_Region28Gansu,0.0,0.0,406623.7803916404,0.0,0.0,0.0,0.0,406623.7803916404
dri_Region9Shanghai_dri_Region29Qinghai,0.0,0.0,433724.53732002265,0.0,0.0,0.0,0.0,433724.53732002265
dri_Region9Shanghai_dri_Region30Ningxia,0.0,0.0,442235.4599085253,0.0,0.0,0.0,0.0,442235.4599085253
dri_Region9Shanghai_dri_Region31Xinjiang,0.0,0.0,485027.6508221241,0.0,0.0,0.0,0.0,485027.6508221241
dri_Region10Jiangsu_dri_Region1Beijing,0.0,0.0,503416.89071480423,0.0,0.0,0.0,0.0,503416.89071480423
dri_Region10Jiangsu_dri_Region2Tianjin,0.0,0.0,504322.67375153746,0.0,0.0,0.0,0.0,504322.67375153746
dri_Region10Jiangsu_dri_Region3Hebei,0.0,0.0,498741.2827820779,0.0,0.0,0.0,0.0,498741.2827820779
dri_Region10Jiangsu_dri_Region4Shanxi,0.0,0.0,481357.5640546793,0.0,0.0,0.0,0.0,481357.5640546793
dri_Region10Jiangsu_dri_Region5Innermongolia,0.0,0.0,460419.1427838727,0.0,0.0,0.0,0.0,460419.1427838727
dri_Region10Jiangsu_dri_Region6Liaoning,0.0,0.0,513910.9505047545,0.0,0.0,0.0,0.0,513910.9505047545
dri_Region10Jiangsu_dri_Region7Jilin,0.0,0.0,507991.1826604019,0.0,0.0,0.0,0.0,507991.1826604019
dri_Region10Jiangsu_dri_Region8Heilongjiang,0.0,0.0,493931.0187396978,0.0,0.0,0.0,0.0,493931.0187396978
dri_Region10Jiangsu_dri_Region9Shanghai,0.0,0.0,4.892382071679283e6,0.0,0.0,0.0,0.0,4.892382071679283e6
dri_Region10Jiangsu_dri_Region11Zhejiang,0.0,0.0,1.754928238056804e8,0.0,0.0,0.0,0.0,1.754928238056804e8
dri_Region10Jiangsu_dri_Region12Anhui,0.0,0.0,456792.7002417152,0.0,0.0,0.0,0.0,456792.7002417152
dri_Region10Jiangsu_dri_Region13Fujian,0.0,0.0,982485.1812961895,0.0,0.0,0.0,0.0,982485.1812961895
dri_Region10Jiangsu_dri_Region14Jiangxi,0.0,0.0,560741.7473170335,0.0,0.0,0.0,0.0,560741.7473170335
dri_Region10Jiangsu_dri_Region15Shandong,0.0,0.0,510234.66163132834,0.0,0.0,0.0,0.0,510234.66163132834
dri_Region10Jiangsu_dri_Region16Henan,0.0,0.0,429534.7373966884,0.0,0.0,0.0,0.0,429534.7373966884
dri_Region10Jiangsu_dri_Region17Hubei,0.0,0.0,517691.15599292045,0.0,0.0,0.0,0.0,517691.15599292045
dri_Region10Jiangsu_dri_Region18Hunan,0.0,0.0,531215.6233945084,0.0,0.0,0.0,0.0,531215.6233945084
dri_Region10Jiangsu_dri_Region19Guangdong,0.0,0.0,632156.7883202198,0.0,0.0,0.0,0.0,632156.7883202198
dri_Region10Jiangsu_dri_Region20Guangxi,0.0,0.0,579707.93317656,0.0,0.0,0.0,0.0,579707.93317656
dri_Region10Jiangsu_dri_Region21Hainan,0.0,0.0,579198.5533118644,0.0,0.0,0.0,0.0,579198.5533118644
dri_Region10Jiangsu_dri_Region22Chongqing,0.0,0.0,518067.2013544719,0.0,0.0,0.0,0.0,518067.2013544719
dri_Region10Jiangsu_dri_Region23Sichuan,0.0,0.0,522272.6637400797,0.0,0.0,0.0,0.0,522272.6637400797
dri_Region10Jiangsu_dri_Region24Guizhou,0.0,0.0,530399.1787649451,0.0,0.0,0.0,0.0,530399.1787649451
dri_Region10Jiangsu_dri_Region25Yunnan,0.0,0.0,580144.56285811,0.0,0.0,0.0,0.0,580144.56285811
dri_Region10Jiangsu_dri_Region27Shaanxi,0.0,0.0,412219.56632589624,0.0,0.0,0.0,0.0,412219.56632589624
dri_Region10Jiangsu_dri_Region28Gansu,0.0,0.0,426422.58988052135,0.0,0.0,0.0,0.0,426422.58988052135
dri_Region10Jiangsu_dri_Region29Qinghai,0.0,0.0,458778.9052891385,0.0,0.0,0.0,0.0,458778.9052891385
dri_Region10Jiangsu_dri_Region30Ningxia,0.0,0.0,473181.86217957723,0.0,0.0,0.0,0.0,473181.86217957723
dri_Region10Jiangsu_dri_Region31Xinjiang,0.0,0.0,507706.8855872802,0.0,0.0,0.0,0.0,507706.8855872802
dri_Region11Zhejiang_dri_Region1Beijing,0.0,0.0,442321.62314820226,0.0,0.0,0.0,0.0,442321.62314820226
dri_Region11Zhejiang_dri_Region2Tianjin,0.0,0.0,436763.63624111813,0.0,0.0,0.0,0.0,436763.63624111813
dri_Region11Zhejiang_dri_Region3Hebei,0.0,0.0,436810.42055153294,0.0,0.0,0.0,0.0,436810.42055153294
dri_Region11Zhejiang_dri_Region4Shanxi,0.0,0.0,432888.06771706813,0.0,0.0,0.0,0.0,432888.06771706813
dri_Region11Zhejiang_dri_Region5Innermongolia,0.0,0.0,425716.30781349423,0.0,0.0,0.0,0.0,425716.30781349423
dri_Region11Zhejiang_dri_Region6Liaoning,0.0,0.0,463937.3406424326,0.0,0.0,0.0,0.0,463937.3406424326
dri_Region11Zhejiang_dri_Region7Jilin,0.0,0.0,465904.33088407863,0.0,0.0,0.0,0.0,465904.33088407863
dri_Region11Zhejiang_dri_Region8Heilongjiang,0.0,0.0,458439.6538619222,0.0,0.0,0.0,0.0,458439.6538619222
dri_Region11Zhejiang_dri_Region9Shanghai,0.0,0.0,553527.419189476,0.0,0.0,0.0,0.0,553527.419189476
dri_Region11Zhejiang_dri_Region10Jiangsu,0.0,0.0,311759.5277424098,0.0,0.0,0.0,0.0,311759.5277424098
dri_Region11Zhejiang_dri_Region12Anhui,0.0,0.0,335909.33399476577,0.0,0.0,0.0,0.0,335909.33399476577
dri_Region11Zhejiang_dri_Region13Fujian,0.0,0.0,716607.078721754,0.0,0.0,0.0,0.0,716607.078721754
dri_Region11Zhejiang_dri_Region14Jiangxi,0.0,0.0,376161.6341523946,0.0,0.0,0.0,0.0,376161.6341523946
dri_Region11Zhejiang_dri_Region15Shandong,0.0,0.0,418473.4330713001,0.0,0.0,0.0,0.0,418473.4330713001
dri_Region11Zhejiang_dri_Region16Henan,0.0,0.0,387044.27783975296,0.0,0.0,0.0,0.0,387044.27783975296
dri_Region11Zhejiang_dri_Region17Hubei,0.0,0.0,400383.9208410581,0.0,0.0,0.0,0.0,400383.9208410581
dri_Region11Zhejiang_dri_Region18Hunan,0.0,0.0,419506.89724263793,0.0,0.0,0.0,0.0,419506.89724263793
dri_Region11Zhejiang_dri_Region19Guangdong,0.0,0.0,521146.8638243672,0.0,0.0,0.0,0.0,521146.8638243672
dri_Region11Zhejiang_dri_Region20Guangxi,0.0,0.0,502681.31989480974,0.0,0.0,0.0,0.0,502681.31989480974
dri_Region11Zhejiang_dri_Region21Hainan,0.0,0.0,508843.4461124006,0.0,0.0,0.0,0.0,508843.4461124006
dri_Region11Zhejiang_dri_Region22Chongqing,0.0,0.0,459387.7459166687,0.0,0.0,0.0,0.0,459387.7459166687
dri_Region11Zhejiang_dri_Region23Sichuan,0.0,0.0,470193.3986559265,0.0,0.0,0.0,0.0,470193.3986559265
dri_Region11Zhejiang_dri_Region24Guizhou,0.0,0.0,467216.99210166675,0.0,0.0,0.0,0.0,467216.99210166675
dri_Region11Zhejiang_dri_Region25Yunnan,0.0,0.0,516727.4764559319,0.0,0.0,0.0,0.0,516727.4764559319
dri_Region11Zhejiang_dri_Region27Shaanxi,0.0,0.0,381250.3934856737,0.0,0.0,0.0,0.0,381250.3934856737
dri_Region11Zhejiang_dri_Region28Gansu,0.0,0.0,401314.10744143615,0.0,0.0,0.0,0.0,401314.10744143615
dri_Region11Zhejiang_dri_Region29Qinghai,0.0,0.0,429078.25884139584,0.0,0.0,0.0,0.0,429078.25884139584
dri_Region11Zhejiang_dri_Region30Ningxia,0.0,0.0,438083.9366107829,0.0,0.0,0.0,0.0,438083.9366107829
dri_Region11Zhejiang_dri_Region31Xinjiang,0.0,0.0,482997.58183736843,0.0,0.0,0.0,0.0,482997.58183736843
dri_Region12Anhui_dri_Region1Beijing,0.0,0.0,524833.5491726161,0.0,0.0,0.0,0.0,524833.5491726161
dri_Region12Anhui_dri_Region2Tianjin,0.0,0.0,530713.4412134929,0.0,0.0,0.0,0.0,530713.4412134929
dri_Region12Anhui_dri_Region3Hebei,0.0,0.0,519015.85154644353,0.0,0.0,0.0,0.0,519015.85154644353
dri_Region12Anhui_dri_Region4Shanxi,0.0,0.0,488413.3680758358,0.0,0.0,0.0,0.0,488413.3680758358
dri_Region12Anhui_dri_Region5Innermongolia,0.0,0.0,468476.9483562838,0.0,0.0,0.0,0.0,468476.9483562838
dri_Region12Anhui_dri_Region6Liaoning,0.0,0.0,529084.1594538594,0.0,0.0,0.0,0.0,529084.1594538594
dri_Region12Anhui_dri_Region7Jilin,0.0,0.0,520290.98101066577,0.0,0.0,0.0,0.0,520290.98101066577
dri_Region12Anhui_dri_Region8Heilongjiang,0.0,0.0,504353.44399490324,0.0,0.0,0.0,0.0,504353.44399490324
dri_Region12Anhui_dri_Region9Shanghai,0.0,0.0,2.3925274952474465e6,0.0,0.0,0.0,0.0,2.3925274952474465e6
dri_Region12Anhui_dri_Region10Jiangsu,0.0,0.0,1.100568860944959e6,0.0,0.0,0.0,0.0,1.100568860944959e6
dri_Region12Anhui_dri_Region11Zhejiang,0.0,0.0,6.546573924818154e6,0.0,0.0,0.0,0.0,6.546573924818154e6
dri_Region12Anhui_dri_Region13Fujian,0.0,0.0,1.0792494670719209e6,0.0,0.0,0.0,0.0,1.0792494670719209e6
dri_Region12Anhui_dri_Region14Jiangxi,0.0,0.0,598976.0692407237,0.0,0.0,0.0,0.0,598976.0692407237
dri_Region12Anhui_dri_Region15Shandong,0.0,0.0,548451.9319570798,0.0,0.0,0.0,0.0,548451.9319570798
dri_Region12Anhui_dri_Region16Henan,0.0,0.0,424066.4079038836,0.0,0.0,0.0,0.0,424066.4079038836
dri_Region12Anhui_dri_Region17Hubei,0.0,0.0,535984.4767897702,0.0,0.0,0.0,0.0,535984.4767897702
dri_Region12Anhui_dri_Region18Hunan,0.0,0.0,546584.7137034184,0.0,0.0,0.0,0.0,546584.7137034184
dri_Region12Anhui_dri_Region19Guangdong,0.0,0.0,667476.1941613938,0.0,0.0,0.0,0.0,667476.1941613938
dri_Region12Anhui_dri_Region20Guangxi,0.0,0.0,597283.630158256,0.0,0.0,0.0,0.0,597283.630158256
dri_Region12Anhui_dri_Region21Hainan,0.0,0.0,595000.6127076594,0.0,0.0,0.0,0.0,595000.6127076594
dri_Region12Anhui_dri_Region22Chongqing,0.0,0.0,526246.55293738,0.0,0.0,0.0,0.0,526246.55293738
dri_Region12Anhui_dri_Region23Sichuan,0.0,0.0,530392.4253584575,0.0,0.0,0.0,0.0,530392.4253584575
dri_Region12Anhui_dri_Region24Guizhou,0.0,0.0,540162.0706332466,0.0,0.0,0.0,0.0,540162.0706332466
dri_Region12Anhui_dri_Region25Yunnan,0.0,0.0,597732.963574338,0.0,0.0,0.0,0.0,597732.963574338
dri_Region12Anhui_dri_Region27Shaanxi,0.0,0.0,403816.6985585174,0.0,0.0,0.0,0.0,403816.6985585174
dri_Region12Anhui_dri_Region28Gansu,0.0,0.0,423410.20429578715,0.0,0.0,0.0,0.0,423410.20429578715
dri_Region12Anhui_dri_Region29Qinghai,0.0,0.0,459375.3032429202,0.0,0.0,0.0,0.0,459375.3032429202
dri_Region12Anhui_dri_Region30Ningxia,0.0,0.0,477667.1004243664,0.0,0.0,0.0,0.0,477667.1004243664
dri_Region12Anhui_dri_Region31Xinjiang,0.0,0.0,511993.21877916704,0.0,0.0,0.0,0.0,511993.21877916704
dri_Region13Fujian_dri_Region1Beijing,0.0,0.0,463307.6025578865,0.0,0.0,0.0,0.0,463307.6025578865
dri_Region13Fujian_dri_Region2Tianjin,0.0,0.0,461015.29105870496,0.0,0.0,0.0,0.0,461015.29105870496
dri_Region13Fujian_dri_Region3Hebei,0.0,0.0,455613.14780510135,0.0,0.0,0.0,0.0,455613.14780510135
dri_Region13Fujian_dri_Region4Shanxi,0.0,0.0,443137.0099657849,0.0,0.0,0.0,0.0,443137.0099657849
dri_Region13Fujian_dri_Region5Innermongolia,0.0,0.0,435803.327114032,0.0,0.0,0.0,0.0,435803.327114032
dri_Region13Fujian_dri_Region6Liaoning,0.0,0.0,473140.1779309247,0.0,0.0,0.0,0.0,473140.1779309247
dri_Region13Fujian_dri_Region7Jilin,0.0,0.0,472587.69234307547,0.0,0.0,0.0,0.0,472587.69234307547
dri_Region13Fujian_dri_Region8Heilongjiang,0.0,0.0,464794.0217142313,0.0,0.0,0.0,0.0,464794.0217142313
dri_Region13Fujian_dri_Region9Shanghai,0.0,0.0,552093.697878416,0.0,0.0,0.0,0.0,552093.697878416
dri_Region13Fujian_dri_Region10Jiangsu,0.0,0.0,434645.3659873246,0.0,0.0,0.0,0.0,434645.3659873246
dri_Region13Fujian_dri_Region11Zhejiang,0.0,0.0,557835.945172,0.0,0.0,0.0,0.0,557835.945172
dri_Region13Fujian_dri_Region12Anhui,0.0,0.0,421096.5903771817,0.0,0.0,0.0,0.0,421096.5903771817
dri_Region13Fujian_dri_Region14Jiangxi,0.0,0.0,453714.6147972503,0.0,0.0,0.0,0.0,453714.6147972503
dri_Region13Fujian_dri_Region15Shandong,0.0,0.0,459071.71082631336,0.0,0.0,0.0,0.0,459071.71082631336
dri_Region13Fujian_dri_Region16Henan,0.0,0.0,411821.4827650951,0.0,0.0,0.0,0.0,411821.4827650951
dri_Region13Fujian_dri_Region17Hubei,0.0,0.0,404651.9981460994,0.0,0.0,0.0,0.0,404651.9981460994
dri_Region13Fujian_dri_Region18Hunan,0.0,0.0,385232.515155235,0.0,0.0,0.0,0.0,385232.515155235
dri_Region13Fujian_dri_Region19Guangdong,0.0,0.0,443351.338230844,0.0,0.0,0.0,0.0,443351.338230844
dri_Region13Fujian_dri_Region20Guangxi,0.0,0.0,459363.3095436102,0.0,0.0,0.0,0.0,459363.3095436102
dri_Region13Fujian_dri_Region21Hainan,0.0,0.0,461836.05133789295,0.0,0.0,0.0,0.0,461836.05133789295
dri_Region13Fujian_dri_Region22Chongqing,0.0,0.0,443773.8754309085,0.0,0.0,0.0,0.0,443773.8754309085
dri_Region13Fujian_dri_Region23Sichuan,0.0,0.0,459077.8167290344,0.0,0.0,0.0,0.0,459077.8167290344
dri_Region13Fujian_dri_Region24Guizhou,0.0,0.0,435904.2945526794,0.0,0.0,0.0,0.0,435904.2945526794
dri_Region13Fujian_dri_Region25Yunnan,0.0,0.0,496997.7311994834,0.0,0.0,0.0,0.0,496997.7311994834
dri_Region13Fujian_dri_Region27Shaanxi,0.0,0.0,388567.5479098059,0.0,0.0,0.0,0.0,388567.5479098059
dri_Region13Fujian_dri_Region28Gansu,0.0,0.0,404844.47901260573,0.0,0.0,0.0,0.0,404844.47901260573
dri_Region13Fujian_dri_Region29Qinghai,0.0,0.0,430085.540593625,0.0,0.0,0.0,0.0,430085.540593625
dri_Region13Fujian_dri_Region30Ningxia,0.0,0.0,439826.02763918723,0.0,0.0,0.0,0.0,439826.02763918723
dri_Region13Fujian_dri_Region31Xinjiang,0.0,0.0,479713.0798997247,0.0,0.0,0.0,0.0,479713.0798997247
dri_Region14Jiangxi_dri_Region1Beijing,0.0,0.0,551473.408118386,0.0,0.0,0.0,0.0,551473.408118386
dri_Region14Jiangxi_dri_Region2Tianjin,0.0,0.0,558651.9761498504,0.0,0.0,0.0,0.0,558651.9761498504
dri_Region14Jiangxi_dri_Region3Hebei,0.0,0.0,547996.8846635972,0.0,0.0,0.0,0.0,547996.8846635972
dri_Region14Jiangxi_dri_Region4Shanxi,0.0,0.0,514862.4384456876,0.0,0.0,0.0,0.0,514862.4384456876
dri_Region14Jiangxi_dri_Region5Innermongolia,0.0,0.0,487837.6280000106,0.0,0.0,0.0,0.0,487837.6280000106
dri_Region14Jiangxi_dri_Region6Liaoning,0.0,0.0,545698.9954273726,0.0,0.0,0.0,0.0,545698.9954273726
dri_Region14Jiangxi_dri_Region7Jilin,0.0,0.0,534501.827355757,0.0,0.0,0.0,0.0,534501.827355757
dri_Region14Jiangxi_dri_Region8Heilongjiang,0.0,0.0,518050.2218704764,0.0,0.0,0.0,0.0,518050.2218704764
dri_Region14Jiangxi_dri_Region9Shanghai,0.0,0.0,1.2666118328204718e6,0.0,0.0,0.0,0.0,1.2666118328204718e6
dri_Region14Jiangxi_dri_Region10Jiangsu,0.0,0.0,740076.9223350106,0.0,0.0,0.0,0.0,740076.9223350106
dri_Region14Jiangxi_dri_Region11Zhejiang,0.0,0.0,2.0716241641682484e6,0.0,0.0,0.0,0.0,2.0716241641682484e6
dri_Region14Jiangxi_dri_Region12Anhui,0.0,0.0,662526.233794042,0.0,0.0,0.0,0.0,662526.233794042
dri_Region14Jiangxi_dri_Region13Fujian,0.0,0.0,2.4900123127161404e6,0.0,0.0,0.0,0.0,2.4900123127161404e6
dri_Region14Jiangxi_dri_Region15Shandong,0.0,0.0,584835.7434652161,0.0,0.0,0.0,0.0,584835.7434652161
dri_Region14Jiangxi_dri_Region16Henan,0.0,0.0,478101.25981285475,0.0,0.0,0.0,0.0,478101.25981285475
dri_Region14Jiangxi_dri_Region17Hubei,0.0,0.0,546398.4160324449,0.0,0.0,0.0,0.0,546398.4160324449
dri_Region14Jiangxi_dri_Region18Hunan,0.0,0.0,493292.9189634257,0.0,0.0,0.0,0.0,493292.9189634257
dri_Region14Jiangxi_dri_Region19Guangdong,0.0,0.0,726792.6753390628,0.0,0.0,0.0,0.0,726792.6753390628
dri_Region14Jiangxi_dri_Region20Guangxi,0.0,0.0,603770.8292047707,0.0,0.0,0.0,0.0,603770.8292047707
dri_Region14Jiangxi_dri_Region21Hainan,0.0,0.0,602083.2833065079,0.0,0.0,0.0,0.0,602083.2833065079
dri_Region14Jiangxi_dri_Region22Chongqing,0.0,0.0,524565.8936044681,0.0,0.0,0.0,0.0,524565.8936044681
dri_Region14Jiangxi_dri_Region23Sichuan,0.0,0.0,532234.225373044,0.0,0.0,0.0,0.0,532234.225373044
dri_Region14Jiangxi_dri_Region24Guizhou,0.0,0.0,531329.9530441207,0.0,0.0,0.0,0.0,531329.9530441207
dri_Region14Jiangxi_dri_Region25Yunnan,0.0,0.0,612559.1609963267,0.0,0.0,0.0,0.0,612559.1609963267
dri_Region14Jiangxi_dri_Region27Shaanxi,0.0,0.0,423677.1561035529,0.0,0.0,0.0,0.0,423677.1561035529
dri_Region14Jiangxi_dri_Region28Gansu,0.0,0.0,435145.8480858129,0.0,0.0,0.0,0.0,435145.8480858129
dri_Region14Jiangxi_dri_Region29Qinghai,0.0,0.0,469325.0683160154,0.0,0.0,0.0,0.0,469325.0683160154
dri_Region14Jiangxi_dri_Region30Ningxia,0.0,0.0,489894.5629360401,0.0,0.0,0.0,0.0,489894.5629360401
dri_Region14Jiangxi_dri_Region31Xinjiang,0.0,0.0,516558.01444654184,0.0,0.0,0.0,0.0,516558.01444654184
dri_Region15Shandong_dri_Region1Beijing,0.0,0.0,497911.97909175185,0.0,0.0,0.0,0.0,497911.97909175185
dri_Region15Shandong_dri_Region2Tianjin,0.0,0.0,498012.1053760906,0.0,0.0,0.0,0.0,498012.1053760906
dri_Region15Shandong_dri_Region3Hebei,0.0,0.0,488827.8579829413,0.0,0.0,0.0,0.0,488827.8579829413
dri_Region15Shandong_dri_Region4Shanxi,0.0,0.0,463379.31523924577,0.0,0.0,0.0,0.0,463379.31523924577
dri_Region15Shandong_dri_Region5Innermongolia,0.0,0.0,443230.40078832774,0.0,0.0,0.0,0.0,443230.40078832774
dri_Region15Shandong_dri_Region6Liaoning,0.0,0.0,528525.8376382617,0.0,0.0,0.0,0.0,528525.8376382617
dri_Region15Shandong_dri_Region7Jilin,0.0,0.0,519849.1428701526,0.0,0.0,0.0,0.0,519849.1428701526
dri_Region15Shandong_dri_Region8Heilongjiang,0.0,0.0,501439.34041086637,0.0,0.0,0.0,0.0,501439.34041086637
dri_Region15Shandong_dri_Region9Shanghai,0.0,0.0,1.3087891807970142e6,0.0,0.0,0.0,0.0,1.3087891807970142e6
dri_Region15Shandong_dri_Region10Jiangsu,0.0,0.0,890491.4995669108,0.0,0.0,0.0,0.0,890491.4995669108
dri_Region15Shandong_dri_Region11Zhejiang,0.0,0.0,1.265205521131782e6,0.0,0.0,0.0,0.0,1.265205521131782e6
dri_Region15Shandong_dri_Region12Anhui,0.0,0.0,771099.6768168155,0.0,0.0,0.0,0.0,771099.6768168155
dri_Region15Shandong_dri_Region13Fujian,0.0,0.0,924252.3227143363,0.0,0.0,0.0,0.0,924252.3227143363
dri_Region15Shandong_dri_Region14Jiangxi,0.0,0.0,680266.4175136039,0.0,0.0,0.0,0.0,680266.4175136039
dri_Region15Shandong_dri_Region16Henan,0.0,0.0,460342.59487833164,0.0,0.0,0.0,0.0,460342.59487833164
dri_Region15Shandong_dri_Region17Hubei,0.0,0.0,658306.4604838344,0.0,0.0,0.0,0.0,658306.4604838344
dri_Region15Shandong_dri_Region18Hunan,0.0,0.0,623739.4086208168,0.0,0.0,0.0,0.0,623739.4086208168
dri_Region15Shandong_dri_Region19Guangdong,0.0,0.0,686263.6866881973,0.0,0.0,0.0,0.0,686263.6866881973
dri_Region15Shandong_dri_Region20Guangxi,0.0,0.0,628907.4469096401,0.0,0.0,0.0,0.0,628907.4469096401
dri_Region15Shandong_dri_Region21Hainan,0.0,0.0,620993.269678484,0.0,0.0,0.0,0.0,620993.269678484
dri_Region15Shandong_dri_Region22Chongqing,0.0,0.0,573091.9573019788,0.0,0.0,0.0,0.0,573091.9573019788
dri_Region15Shandong_dri_Region23Sichuan,0.0,0.0,564044.6839219523,0.0,0.0,0.0,0.0,564044.6839219523
dri_Region15Shandong_dri_Region24Guizhou,0.0,0.0,581794.0636995531,0.0,0.0,0.0,0.0,581794.0636995531
dri_Region15Shandong_dri_Region25Yunnan,0.0,0.0,619892.9849641984,0.0,0.0,0.0,0.0,619892.9849641984
dri_Region15Shandong_dri_Region27Shaanxi,0.0,0.0,429957.5283796434,0.0,0.0,0.0,0.0,429957.5283796434
dri_Region15Shandong_dri_Region28Gansu,0.0,0.0,431517.486969242,0.0,0.0,0.0,0.0,431517.486969242
dri_Region15Shandong_dri_Region29Qinghai,0.0,0.0,470057.56290301884,0.0,0.0,0.0,0.0,470057.56290301884
dri_Region15Shandong_dri_Region30Ningxia,0.0,0.0,474752.89418953075,0.0,0.0,0.0,0.0,474752.89418953075
dri_Region15Shandong_dri_Region31Xinjiang,0.0,0.0,521001.4801133523,0.0,0.0,0.0,0.0,521001.4801133523
dri_Region16Henan_dri_Region1Beijing,0.0,0.0,719630.3636310729,0.0,0.0,0.0,0.0,719630.3636310729
dri_Region16Henan_dri_Region2Tianjin,0.0,0.0,764303.934403651,0.0,0.0,0.0,0.0,764303.934403651
dri_Region16Henan_dri_Region3Hebei,0.0,0.0,842152.3757417786,0.0,0.0,0.0,0.0,842152.3757417786
dri_Region16Henan_dri_Region4Shanxi,0.0,0.0,625634.4195392593,0.0,0.0,0.0,0.0,625634.4195392593
dri_Region16Henan_dri_Region5Innermongolia,0.0,0.0,516277.3619216817,0.0,0.0,0.0,0.0,516277.3619216817
dri_Region16Henan_dri_Region6Liaoning,0.0,0.0,629381.5868495369,0.0,0.0,0.0,0.0,629381.5868495369
dri_Region16Henan_dri_Region7Jilin,0.0,0.0,594895.1584357476,0.0,0.0,0.0,0.0,594895.1584357476
dri_Region16Henan_dri_Region8Heilongjiang,0.0,0.0,562895.9882534761,0.0,0.0,0.0,0.0,562895.9882534761
dri_Region16Henan_dri_Region9Shanghai,0.0,0.0,2.8758130639495985e6,0.0,0.0,0.0,0.0,2.8758130639495985e6
dri_Region16Henan_dri_Region10Jiangsu,0.0,0.0,2.1716783207833865e6,0.0,0.0,0.0,0.0,2.1716783207833865e6
dri_Region16Henan_dri_Region11Zhejiang,0.0,0.0,2.845523901725524e6,0.0,0.0,0.0,0.0,2.845523901725524e6
dri_Region16Henan_dri_Region12Anhui,0.0,0.0,2.217750426983252e6,0.0,0.0,0.0,0.0,2.217750426983252e6
dri_Region16Henan_dri_Region13Fujian,0.0,0.0,1.3260660910116301e6,0.0,0.0,0.0,0.0,1.3260660910116301e6
dri_Region16Henan_dri_Region14Jiangxi,0.0,0.0,973522.2037614412,0.0,0.0,0.0,0.0,973522.2037614412
dri_Region16Henan_dri_Region15Shandong,0.0,0.0,1.3822558172718934e6,0.0,0.0,0.0,0.0,1.3822558172718934e6
dri_Region16Henan_dri_Region17Hubei,0.0,0.0,1.2555268009254602e6,0.0,0.0,0.0,0.0,1.2555268009254602e6
dri_Region16Henan_dri_Region18Hunan,0.0,0.0,828269.6558184754,0.0,0.0,0.0,0.0,828269.6558184754
dri_Region16Henan_dri_Region19Guangdong,0.0,0.0,858521.942682374,0.0,0.0,0.0,0.0,858521.942682374
dri_Region16Henan_dri_Region20Guangxi,0.0,0.0,730241.156186438,0.0,0.0,0.0,0.0,730241.156186438
dri_Region16Henan_dri_Region21Hainan,0.0,0.0,700416.6152337746,0.0,0.0,0.0,0.0,700416.6152337746
dri_Region16Henan_dri_Region22Chongqing,0.0,0.0,656108.9031506277,0.0,0.0,0.0,0.0,656108.9031506277
dri_Region16Henan_dri_Region23Sichuan,0.0,0.0,637533.5178516172,0.0,0.0,0.0,0.0,637533.5178516172
dri_Region16Henan_dri_Region24Guizhou,0.0,0.0,659112.4020797772,0.0,0.0,0.0,0.0,659112.4020797772
dri_Region16Henan_dri_Region25Yunnan,0.0,0.0,710651.0050103556,0.0,0.0,0.0,0.0,710651.0050103556
dri_Region16Henan_dri_Region27Shaanxi,0.0,0.0,418864.41990292876,0.0,0.0,0.0,0.0,418864.41990292876
dri_Region16Henan_dri_Region28Gansu,0.0,0.0,443086.79452252365,0.0,0.0,0.0,0.0,443086.79452252365
dri_Region16Henan_dri_Region29Qinghai,0.0,0.0,497552.045156286,0.0,0.0,0.0,0.0,497552.045156286
dri_Region16Henan_dri_Region30Ningxia,0.0,0.0,529603.3905439456,0.0,0.0,0.0,0.0,529603.3905439456
dri_Region16Henan_dri_Region31Xinjiang,0.0,0.0,548686.3037027408,0.0,0.0,0.0,0.0,548686.3037027408
dri_Region17Hubei_dri_Region1Beijing,0.0,0.0,558014.5011856285,0.0,0.0,0.0,0.0,558014.5011856285
dri_Region17Hubei_dri_Region2Tianjin,0.0,0.0,569654.6093826263,0.0,0.0,0.0,0.0,569654.6093826263
dri_Region17Hubei_dri_Region3Hebei,0.0,0.0,553454.5581698566,0.0,0.0,0.0,0.0,553454.5581698566
dri_Region17Hubei_dri_Region4Shanxi,0.0,0.0,507979.99473033356,0.0,0.0,0.0,0.0,507979.99473033356
dri_Region17Hubei_dri_Region5Innermongolia,0.0,0.0,480303.48214703123,0.0,0.0,0.0,0.0,480303.48214703123
dri_Region17Hubei_dri_Region6Liaoning,0.0,0.0,552489.1707691462,0.0,0.0,0.0,0.0,552489.1707691462
dri_Region17Hubei_dri_Region7Jilin,0.0,0.0,539480.5984135559,0.0,0.0,0.0,0.0,539480.5984135559
dri_Region17Hubei_dri_Region8Heilongjiang,0.0,0.0,521303.7775482566,0.0,0.0,0.0,0.0,521303.7775482566
dri_Region17Hubei_dri_Region9Shanghai,0.0,0.0,1.3679606950999554e6,0.0,0.0,0.0,0.0,1.3679606950999554e6
dri_Region17Hubei_dri_Region10Jiangsu,0.0,0.0,879865.9882440758,0.0,0.0,0.0,0.0,879865.9882440758
dri_Region17Hubei_dri_Region11Zhejiang,0.0,0.0,1.5946079549874286e6,0.0,0.0,0.0,0.0,1.5946079549874286e6
dri_Region17Hubei_dri_Region12Anhui,0.0,0.0,815554.3020208972,0.0,0.0,0.0,0.0,815554.3020208972
dri_Region17Hubei_dri_Region13Fujian,0.0,0.0,1.3197011627953055e6,0.0,0.0,0.0,0.0,1.3197011627953055e6
dri_Region17Hubei_dri_Region14Jiangxi,0.0,0.0,738300.5378744075,0.0,0.0,0.0,0.0,738300.5378744075
dri_Region17Hubei_dri_Region15Shandong,0.0,0.0,607761.8076919066,0.0,0.0,0.0,0.0,607761.8076919066
dri_Region17Hubei_dri_Region16Henan,0.0,0.0,444466.0262090642,0.0,0.0,0.0,0.0,444466.0262090642
dri_Region17Hubei_dri_Region18Hunan,0.0,0.0,544752.3566310974,0.0,0.0,0.0,0.0,544752.3566310974
dri_Region17Hubei_dri_Region19Guangdong,0.0,0.0,748615.6886223471,0.0,0.0,0.0,0.0,748615.6886223471
dri_Region17Hubei_dri_Region20Guangxi,0.0,0.0,628954.5786495067,0.0,0.0,0.0,0.0,628954.5786495067
dri_Region17Hubei_dri_Region21Hainan,0.0,0.0,621607.3505411573,0.0,0.0,0.0,0.0,621607.3505411573
dri_Region17Hubei_dri_Region22Chongqing,0.0,0.0,524764.935896234,0.0,0.0,0.0,0.0,524764.935896234
dri_Region17Hubei_dri_Region23Sichuan,0.0,0.0,533869.8193301489,0.0,0.0,0.0,0.0,533869.8193301489
dri_Region17Hubei_dri_Region24Guizhou,0.0,0.0,546277.9988347685,0.0,0.0,0.0,0.0,546277.9988347685
dri_Region17Hubei_dri_Region25Yunnan,0.0,0.0,634947.3613331155,0.0,0.0,0.0,0.0,634947.3613331155
dri_Region17Hubei_dri_Region27Shaanxi,0.0,0.0,389927.6222307386,0.0,0.0,0.0,0.0,389927.6222307386
dri_Region17Hubei_dri_Region28Gansu,0.0,0.0,418702.0091552721,0.0,0.0,0.0,0.0,418702.0091552721
dri_Region17Hubei_dri_Region29Qinghai,0.0,0.0,459930.42852490494,0.0,0.0,0.0,0.0,459930.42852490494
dri_Region17Hubei_dri_Region30Ningxia,0.0,0.0,482026.10386196023,0.0,0.0,0.0,0.0,482026.10386196023
dri_Region17Hubei_dri_Region31Xinjiang,0.0,0.0,517555.18873710337,0.0,0.0,0.0,0.0,517555.18873710337
dri_Region18Hunan_dri_Region1Beijing,0.0,0.0,583498.1400538157,0.0,0.0,0.0,0.0,583498.1400538157
dri_Region18Hunan_dri_Region2Tianjin,0.0,0.0,594298.8470605641,0.0,0.0,0.0,0.0,594298.8470605641
dri_Region18Hunan_dri_Region3Hebei,0.0,0.0,586166.1884170251,0.0,0.0,0.0,0.0,586166.1884170251
dri_Region18Hunan_dri_Region4Shanxi,0.0,0.0,543889.4025685402,0.0,0.0,0.0,0.0,543889.4025685402
dri_Region18Hunan_dri_Region5Innermongolia,0.0,0.0,506853.65988279565,0.0,0.0,0.0,0.0,506853.65988279565
dri_Region18Hunan_dri_Region6Liaoning,0.0,0.0,568582.301950331,0.0,0.0,0.0,0.0,568582.301950331
dri_Region18Hunan_dri_Region7Jilin,0.0,0.0,553663.852110779,0.0,0.0,0.0,0.0,553663.852110779
dri_Region18Hunan_dri_Region8Heilongjiang,0.0,0.0,534787.2336176307,0.0,0.0,0.0,0.0,534787.2336176307
dri_Region18Hunan_dri_Region9Shanghai,0.0,0.0,1.1042327772373087e6,0.0,0.0,0.0,0.0,1.1042327772373087e6
dri_Region18Hunan_dri_Region10Jiangsu,0.0,0.0,806566.3110759624,0.0,0.0,0.0,0.0,806566.3110759624
dri_Region18Hunan_dri_Region11Zhejiang,0.0,0.0,1.3435422163412652e6,0.0,0.0,0.0,0.0,1.3435422163412652e6
dri_Region18Hunan_dri_Region12Anhui,0.0,0.0,759789.2157658071,0.0,0.0,0.0,0.0,759789.2157658071
dri_Region18Hunan_dri_Region13Fujian,0.0,0.0,1.566944744210782e6,0.0,0.0,0.0,0.0,1.566944744210782e6
dri_Region18Hunan_dri_Region14Jiangxi,0.0,0.0,876559.4238073005,0.0,0.0,0.0,0.0,876559.4238073005
dri_Region18Hunan_dri_Region15Shandong,0.0,0.0,633475.1273156902,0.0,0.0,0.0,0.0,633475.1273156902
dri_Region18Hunan_dri_Region16Henan,0.0,0.0,515379.0157443756,0.0,0.0,0.0,0.0,515379.0157443756
dri_Region18Hunan_dri_Region17Hubei,0.0,0.0,710033.4322798012,0.0,0.0,0.0,0.0,710033.4322798012
dri_Region18Hunan_dri_Region19Guangdong,0.0,0.0,927513.6631424134,0.0,0.0,0.0,0.0,927513.6631424134
dri_Region18Hunan_dri_Region20Guangxi,0.0,0.0,670225.466157748,0.0,0.0,0.0,0.0,670225.466157748
dri_Region18Hunan_dri_Region21Hainan,0.0,0.0,650285.448117056,0.0,0.0,0.0,0.0,650285.448117056
dri_Region18Hunan_dri_Region22Chongqing,0.0,0.0,538123.8937284322,0.0,0.0,0.0,0.0,538123.8937284322
dri_Region18Hunan_dri_Region23Sichuan,0.0,0.0,549080.9136030657,0.0,0.0,0.0,0.0,549080.9136030657
dri_Region18Hunan_dri_Region24Guizhou,0.0,0.0,552675.0413636408,0.0,0.0,0.0,0.0,552675.0413636408
dri_Region18Hunan_dri_Region25Yunnan,0.0,0.0,678347.709701276,0.0,0.0,0.0,0.0,678347.709701276
dri_Region18Hunan_dri_Region27Shaanxi,0.0,0.0,438023.65609035717,0.0,0.0,0.0,0.0,438023.65609035717
dri_Region18Hunan_dri_Region28Gansu,0.0,0.0,445114.8746158555,0.0,0.0,0.0,0.0,445114.8746158555
dri_Region18Hunan_dri_Region29Qinghai,0.0,0.0,481433.0663786071,0.0,0.0,0.0,0.0,481433.0663786071
dri_Region18Hunan_dri_Region30Ningxia,0.0,0.0,506107.80040107557,0.0,0.0,0.0,0.0,506107.80040107557
dri_Region18Hunan_dri_Region31Xinjiang,0.0,0.0,526403.3446044567,0.0,0.0,0.0,0.0,526403.3446044567
dri_Region19Guangdong_dri_Region1Beijing,0.0,0.0,545051.353087598,0.0,0.0,0.0,0.0,545051.353087598
dri_Region19Guangdong_dri_Region2Tianjin,0.0,0.0,550768.0403251583,0.0,0.0,0.0,0.0,550768.0403251583
dri_Region19Guangdong_dri_Region3Hebei,0.0,0.0,544014.8020451451,0.0,0.0,0.0,0.0,544014.8020451451
dri_Region19Guangdong_dri_Region4Shanxi,0.0,0.0,519377.686521971,0.0,0.0,0.0,0.0,519377.686521971
dri_Region19Guangdong_dri_Region5Innermongolia,0.0,0.0,495687.5672326783,0.0,0.0,0.0,0.0,495687.5672326783
dri_Region19Guangdong_dri_Region6Liaoning,0.0,0.0,540095.8547788523,0.0,0.0,0.0,0.0,540095.8547788523
dri_Region19Guangdong_dri_Region7Jilin,0.0,0.0,531362.3118192186,0.0,0.0,0.0,0.0,531362.3118192186
dri_Region19Guangdong_dri_Region8Heilongjiang,0.0,0.0,517720.9099694784,0.0,0.0,0.0,0.0,517720.9099694784
dri_Region19Guangdong_dri_Region9Shanghai,0.0,0.0,745546.8268651522,0.0,0.0,0.0,0.0,745546.8268651522
dri_Region19Guangdong_dri_Region10Jiangsu,0.0,0.0,616070.4656528798,0.0,0.0,0.0,0.0,616070.4656528798
dri_Region19Guangdong_dri_Region11Zhejiang,0.0,0.0,777840.2584360515,0.0,0.0,0.0,0.0,777840.2584360515
dri_Region19Guangdong_dri_Region12Anhui,0.0,0.0,591271.6842900406,0.0,0.0,0.0,0.0,591271.6842900406
dri_Region19Guangdong_dri_Region13Fujian,0.0,0.0,944365.5495700822,0.0,0.0,0.0,0.0,944365.5495700822
dri_Region19Guangdong_dri_Region14Jiangxi,0.0,0.0,562538.5154529674,0.0,0.0,0.0,0.0,562538.5154529674
dri_Region19Guangdong_dri_Region15Shandong,0.0,0.0,565708.9353580455,0.0,0.0,0.0,0.0,565708.9353580455
dri_Region19Guangdong_dri_Region16Henan,0.0,0.0,503918.63065634575,0.0,0.0,0.0,0.0,503918.63065634575
dri_Region19Guangdong_dri_Region17Hubei,0.0,0.0,553672.3781412,0.0,0.0,0.0,0.0,553672.3781412
dri_Region19Guangdong_dri_Region18Hunan,0.0,0.0,510145.1255272805,0.0,0.0,0.0,0.0,510145.1255272805
dri_Region19Guangdong_dri_Region20Guangxi,0.0,0.0,495893.8449478362,0.0,0.0,0.0,0.0,495893.8449478362
dri_Region19Guangdong_dri_Region21Hainan,0.0,0.0,499997.1600739599,0.0,0.0,0.0,0.0,499997.1600739599
dri_Region19Guangdong_dri_Region22Chongqing,0.0,0.0,503308.73937632295,0.0,0.0,0.0,0.0,503308.73937632295
dri_Region19Guangdong_dri_Region23Sichuan,0.0,0.0,513263.3048902911,0.0,0.0,0.0,0.0,513263.3048902911
dri_Region19Guangdong_dri_Region24Guizhou,0.0,0.0,478922.2119015744,0.0,0.0,0.0,0.0,478922.2119015744
dri_Region19Guangdong_dri_Region25Yunnan,0.0,0.0,596001.448023756,0.0,0.0,0.0,0.0,596001.448023756
dri_Region19Guangdong_dri_Region27Shaanxi,0.0,0.0,453744.9695443671,0.0,0.0,0.0,0.0,453744.9695443671
dri_Region19Guangdong_dri_Region28Gansu,0.0,0.0,450959.33882349764,0.0,0.0,0.0,0.0,450959.33882349764
dri_Region19Guangdong_dri_Region29Qinghai,0.0,0.0,476225.30533437355,0.0,0.0,0.0,0.0,476225.30533437355
dri_Region19Guangdong_dri_Region30Ningxia,0.0,0.0,495689.1286465095,0.0,0.0,0.0,0.0,495689.1286465095
dri_Region19Guangdong_dri_Region31Xinjiang,0.0,0.0,512978.2697476467,0.0,0.0,0.0,0.0,512978.2697476467
dri_Region20Guangxi_dri_Region1Beijing,0.0,0.0,575595.3345670579,0.0,0.0,0.0,0.0,575595.3345670579
dri_Region20Guangxi_dri_Region2Tianjin,0.0,0.0,582241.9085745994,0.0,0.0,0.0,0.0,582241.9085745994
dri_Region20Guangxi_dri_Region3Hebei,0.0,0.0,579131.9879635468,0.0,0.0,0.0,0.0,579131.9879635468
dri_Region20Guangxi_dri_Region4Shanxi,0.0,0.0,551923.3000988107,0.0,0.0,0.0,0.0,551923.3000988107
dri_Region20Guangxi_dri_Region5Innermongolia,0.0,0.0,520647.5144389077,0.0,0.0,0.0,0.0,520647.5144389077
dri_Region20Guangxi_dri_Region6Liaoning,0.0,0.0,563057.0799962594,0.0,0.0,0.0,0.0,563057.0799962594
dri_Region20Guangxi_dri_Region7Jilin,0.0,0.0,551447.2219646958,0.0,0.0,0.0,0.0,551447.2219646958
dri_Region20Guangxi_dri_Region8Heilongjiang,0.0,0.0,535795.4984336803,0.0,0.0,0.0,0.0,535795.4984336803
dri_Region20Guangxi_dri_Region9Shanghai,0.0,0.0,770303.8186384836,0.0,0.0,0.0,0.0,770303.8186384836
dri_Region20Guangxi_dri_Region10Jiangsu,0.0,0.0,666572.8761173666,0.0,0.0,0.0,0.0,666572.8761173666
dri_Region20Guangxi_dri_Region11Zhejiang,0.0,0.0,799117.243637218,0.0,0.0,0.0,0.0,799117.243637218
dri_Region20Guangxi_dri_Region12Anhui,0.0,0.0,647687.940494821,0.0,0.0,0.0,0.0,647687.940494821
dri_Region20Guangxi_dri_Region13Fujian,0.0,0.0,889868.859897307,0.0,0.0,0.0,0.0,889868.859897307
dri_Region20Guangxi_dri_Region14Jiangxi,0.0,0.0,649510.2287165503,0.0,0.0,0.0,0.0,649510.2287165503
dri_Region20Guangxi_dri_Region15Shandong,0.0,0.0,603832.4701672519,0.0,0.0,0.0,0.0,603832.4701672519
dri_Region20Guangxi_dri_Region16Henan,0.0,0.0,547569.2416160296,0.0,0.0,0.0,0.0,547569.2416160296
dri_Region20Guangxi_dri_Region17Hubei,0.0,0.0,623087.4480315916,0.0,0.0,0.0,0.0,623087.4480315916
dri_Region20Guangxi_dri_Region18Hunan,0.0,0.0,600966.6752320426,0.0,0.0,0.0,0.0,600966.6752320426
dri_Region20Guangxi_dri_Region19Guangdong,0.0,0.0,828892.6887863644,0.0,0.0,0.0,0.0,828892.6887863644
dri_Region20Guangxi_dri_Region21Hainan,0.0,0.0,616287.9675631977,0.0,0.0,0.0,0.0,616287.9675631977
dri_Region20Guangxi_dri_Region22Chongqing,0.0,0.0,528878.6117459786,0.0,0.0,0.0,0.0,528878.6117459786
dri_Region20Guangxi_dri_Region23Sichuan,0.0,0.0,536442.388706146,0.0,0.0,0.0,0.0,536442.388706146
dri_Region20Guangxi_dri_Region24Guizhou,0.0,0.0,503542.4269359759,0.0,0.0,0.0,0.0,503542.4269359759
dri_Region20Guangxi_dri_Region25Yunnan,0.0,0.0,709149.723630573,0.0,0.0,0.0,0.0,709149.723630573
dri_Region20Guangxi_dri_Region27Shaanxi,0.0,0.0,478947.6692061952,0.0,0.0,0.0,0.0,478947.6692061952
dri_Region20Guangxi_dri_Region28Gansu,0.0,0.0,454688.35165414214,0.0,0.0,0.0,0.0,454688.35165414214
dri_Region20Guangxi_dri_Region29Qinghai,0.0,0.0,484540.29494542215,0.0,0.0,0.0,0.0,484540.29494542215
dri_Region20Guangxi_dri_Region30Ningxia,0.0,0.0,514861.8283876232,0.0,0.0,0.0,0.0,514861.8283876232
dri_Region20Guangxi_dri_Region31Xinjiang,0.0,0.0,523213.7389182931,0.0,0.0,0.0,0.0,523213.7389182931
dri_Region21Hainan_dri_Region1Beijing,0.0,0.0,579108.6921122998,0.0,0.0,0.0,0.0,579108.6921122998
dri_Region21Hainan_dri_Region2Tianjin,0.0,0.0,585320.5272615037,0.0,0.0,0.0,0.0,585320.5272615037
dri_Region21Hainan_dri_Region3Hebei,0.0,0.0,583335.7113148224,0.0,0.0,0.0,0.0,583335.7113148224
dri_Region21Hainan_dri_Region4Shanxi,0.0,0.0,558751.3950085542,0.0,0.0,0.0,0.0,558751.3950085542
dri_Region21Hainan_dri_Region5Innermongolia,0.0,0.0,528284.2753369719,0.0,0.0,0.0,0.0,528284.2753369719
dri_Region21Hainan_dri_Region6Liaoning,0.0,0.0,566027.1018845955,0.0,0.0,0.0,0.0,566027.1018845955
dri_Region21Hainan_dri_Region7Jilin,0.0,0.0,554606.2125633028,0.0,0.0,0.0,0.0,554606.2125633028
dri_Region21Hainan_dri_Region8Heilongjiang,0.0,0.0,539313.8908071015,0.0,0.0,0.0,0.0,539313.8908071015
dri_Region21Hainan_dri_Region9Shanghai,0.0,0.0,762876.7173503102,0.0,0.0,0.0,0.0,762876.7173503102
dri_Region21Hainan_dri_Region10Jiangsu,0.0,0.0,662930.4998899145,0.0,0.0,0.0,0.0,662930.4998899145
dri_Region21Hainan_dri_Region11Zhejiang,0.0,0.0,788505.5231797439,0.0,0.0,0.0,0.0,788505.5231797439
dri_Region21Hainan_dri_Region12Anhui,0.0,0.0,646405.3395927094,0.0,0.0,0.0,0.0,646405.3395927094
dri_Region21Hainan_dri_Region13Fujian,0.0,0.0,910496.2801248587,0.0,0.0,0.0,0.0,910496.2801248587
dri_Region21Hainan_dri_Region14Jiangxi,0.0,0.0,648356.2319131974,0.0,0.0,0.0,0.0,648356.2319131974
dri_Region21Hainan_dri_Region15Shandong,0.0,0.0,605616.3138421078,0.0,0.0,0.0,0.0,605616.3138421078
dri_Region21Hainan_dri_Region16Henan,0.0,0.0,556495.0059273737,0.0,0.0,0.0,0.0,556495.0059273737
dri_Region21Hainan_dri_Region17Hubei,0.0,0.0,625628.5253561425,0.0,0.0,0.0,0.0,625628.5253561425
dri_Region21Hainan_dri_Region18Hunan,0.0,0.0,607194.3862026754,0.0,0.0,0.0,0.0,607194.3862026754
dri_Region21Hainan_dri_Region19Guangdong,0.0,0.0,859109.9994771241,0.0,0.0,0.0,0.0,859109.9994771241
dri_Region21Hainan_dri_Region20Guangxi,0.0,0.0,634886.7799752322,0.0,0.0,0.0,0.0,634886.7799752322
dri_Region21Hainan_dri_Region22Chongqing,0.0,0.0,557869.4316519336,0.0,0.0,0.0,0.0,557869.4316519336
dri_Region21Hainan_dri_Region23Sichuan,0.0,0.0,555841.270025777,0.0,0.0,0.0,0.0,555841.270025777
dri_Region21Hainan_dri_Region24Guizhou,0.0,0.0,550831.3378879239,0.0,0.0,0.0,0.0,550831.3378879239
dri_Region21Hainan_dri_Region25Yunnan,0.0,0.0,659549.1159364248,0.0,0.0,0.0,0.0,659549.1159364248
dri_Region21Hainan_dri_Region27Shaanxi,0.0,0.0,499161.1304815316,0.0,0.0,0.0,0.0,499161.1304815316
dri_Region21Hainan_dri_Region28Gansu,0.0,0.0,476114.1394007602,0.0,0.0,0.0,0.0,476114.1394007602
dri_Region21Hainan_dri_Region29Qinghai,0.0,0.0,500646.53556708863,0.0,0.0,0.0,0.0,500646.53556708863
dri_Region21Hainan_dri_Region30Ningxia,0.0,0.0,526990.139875216,0.0,0.0,0.0,0.0,526990.139875216
dri_Region21Hainan_dri_Region31Xinjiang,0.0,0.0,528923.7881871867,0.0,0.0,0.0,0.0,528923.7881871867
dri_Region22Chongqing_dri_Region1Beijing,0.0,0.0,629452.1028696835,0.0,0.0,0.0,0.0,629452.1028696835
dri_Region22Chongqing_dri_Region2Tianjin,0.0,0.0,640129.531066595,0.0,0.0,0.0,0.0,640129.531066595
dri_Region22Chongqing_dri_Region3Hebei,0.0,0.0,643919.5278088925,0.0,0.0,0.0,0.0,643919.5278088925
dri_Region22Chongqing_dri_Region4Shanxi,0.0,0.0,597801.0462213927,0.0,0.0,0.0,0.0,597801.0462213927
dri_Region22Chongqing_dri_Region5Innermongolia,0.0,0.0,541005.8164787025,0.0,0.0,0.0,0.0,541005.8164787025
dri_Region22Chongqing_dri_Region6Liaoning,0.0,0.0,599438.6354032219,0.0,0.0,0.0,0.0,599438.6354032219
dri_Region22Chongqing_dri_Region7Jilin,0.0,0.0,580448.1241463129,0.0,0.0,0.0,0.0,580448.1241463129
dri_Region22Chongqing_dri_Region8Heilongjiang,0.0,0.0,558934.216186544,0.0,0.0,0.0,0.0,558934.216186544
dri_Region22Chongqing_dri_Region9Shanghai,0.0,0.0,976576.634286326,0.0,0.0,0.0,0.0,976576.634286326
dri_Region22Chongqing_dri_Region10Jiangsu,0.0,0.0,822026.0196513169,0.0,0.0,0.0,0.0,822026.0196513169
dri_Region22Chongqing_dri_Region11Zhejiang,0.0,0.0,1.0147680468645891e6,0.0,0.0,0.0,0.0,1.0147680468645891e6
dri_Region22Chongqing_dri_Region12Anhui,0.0,0.0,802942.8792062019,0.0,0.0,0.0,0.0,802942.8792062019
dri_Region22Chongqing_dri_Region13Fujian,0.0,0.0,1.0502432630731247e6,0.0,0.0,0.0,0.0,1.0502432630731247e6
dri_Region22Chongqing_dri_Region14Jiangxi,0.0,0.0,799294.326418226,0.0,0.0,0.0,0.0,799294.326418226
dri_Region22Chongqing_dri_Region15Shandong,0.0,0.0,688604.6836012293,0.0,0.0,0.0,0.0,688604.6836012293
dri_Region22Chongqing_dri_Region16Henan,0.0,0.0,599981.1115143497,0.0,0.0,0.0,0.0,599981.1115143497
dri_Region22Chongqing_dri_Region17Hubei,0.0,0.0,803990.8129627611,0.0,0.0,0.0,0.0,803990.8129627611
dri_Region22Chongqing_dri_Region18Hunan,0.0,0.0,771858.6685961137,0.0,0.0,0.0,0.0,771858.6685961137
dri_Region22Chongqing_dri_Region19Guangdong,0.0,0.0,887369.1347652893,0.0,0.0,0.0,0.0,887369.1347652893
dri_Region22Chongqing_dri_Region20Guangxi,0.0,0.0,819500.3369957735,0.0,0.0,0.0,0.0,819500.3369957735
dri_Region22Chongqing_dri_Region21Hainan,0.0,0.0,721174.525490888,0.0,0.0,0.0,0.0,721174.525490888
dri_Region22Chongqing_dri_Region23Sichuan,0.0,0.0,582028.6708466265,0.0,0.0,0.0,0.0,582028.6708466265
dri_Region22Chongqing_dri_Region24Guizhou,0.0,0.0,689623.5362457379,0.0,0.0,0.0,0.0,689623.5362457379
dri_Region22Chongqing_dri_Region25Yunnan,0.0,0.0,1.045024534609611e6,0.0,0.0,0.0,0.0,1.045024534609611e6
dri_Region22Chongqing_dri_Region27Shaanxi,0.0,0.0,445282.9970721271,0.0,0.0,0.0,0.0,445282.9970721271
dri_Region22Chongqing_dri_Region28Gansu,0.0,0.0,419967.60154661484,0.0,0.0,0.0,0.0,419967.60154661484
dri_Region22Chongqing_dri_Region29Qinghai,0.0,0.0,475305.85999075265,0.0,0.0,0.0,0.0,475305.85999075265
dri_Region22Chongqing_dri_Region30Ningxia,0.0,0.0,524545.0682398137,0.0,0.0,0.0,0.0,524545.0682398137
dri_Region22Chongqing_dri_Region31Xinjiang,0.0,0.0,539005.1250831694,0.0,0.0,0.0,0.0,539005.1250831694
dri_Region23Sichuan_dri_Region1Beijing,0.0,0.0,642094.9586181204,0.0,0.0,0.0,0.0,642094.9586181204
dri_Region23Sichuan_dri_Region2Tianjin,0.0,0.0,653631.8289731788,0.0,0.0,0.0,0.0,653631.8289731788
dri_Region23Sichuan_dri_Region3Hebei,0.0,0.0,658739.1101272946,0.0,0.0,0.0,0.0,658739.1101272946
dri_Region23Sichuan_dri_Region4Shanxi,0.0,0.0,612420.2206228412,0.0,0.0,0.0,0.0,612420.2206228412
dri_Region23Sichuan_dri_Region5Innermongolia,0.0,0.0,550444.440869344,0.0,0.0,0.0,0.0,550444.440869344
dri_Region23Sichuan_dri_Region6Liaoning,0.0,0.0,608726.6821463251,0.0,0.0,0.0,0.0,608726.6821463251
dri_Region23Sichuan_dri_Region7Jilin,0.0,0.0,588542.407967735,0.0,0.0,0.0,0.0,588542.407967735
dri_Region23Sichuan_dri_Region8Heilongjiang,0.0,0.0,566237.7039336787,0.0,0.0,0.0,0.0,566237.7039336787
dri_Region23Sichuan_dri_Region9Shanghai,0.0,0.0,918112.5300214317,0.0,0.0,0.0,0.0,918112.5300214317
dri_Region23Sichuan_dri_Region10Jiangsu,0.0,0.0,798131.6703854437,0.0,0.0,0.0,0.0,798131.6703854437
dri_Region23Sichuan_dri_Region11Zhejiang,0.0,0.0,945278.6742897984,0.0,0.0,0.0,0.0,945278.6742897984
dri_Region23Sichuan_dri_Region12Anhui,0.0,0.0,781431.3644679126,0.0,0.0,0.0,0.0,781431.3644679126
dri_Region23Sichuan_dri_Region13Fujian,0.0,0.0,955770.4488615593,0.0,0.0,0.0,0.0,955770.4488615593
dri_Region23Sichuan_dri_Region14Jiangxi,0.0,0.0,769865.3723311869,0.0,0.0,0.0,0.0,769865.3723311869
dri_Region23Sichuan_dri_Region15Shandong,0.0,0.0,701091.7292413117,0.0,0.0,0.0,0.0,701091.7292413117
dri_Region23Sichuan_dri_Region16Henan,0.0,0.0,616778.0934316727,0.0,0.0,0.0,0.0,616778.0934316727
dri_Region23Sichuan_dri_Region17Hubei,0.0,0.0,776241.9680686106,0.0,0.0,0.0,0.0,776241.9680686106
dri_Region23Sichuan_dri_Region18Hunan,0.0,0.0,743395.3546345788,0.0,0.0,0.0,0.0,743395.3546345788
dri_Region23Sichuan_dri_Region19Guangdong,0.0,0.0,832006.5768656125,0.0,0.0,0.0,0.0,832006.5768656125
dri_Region23Sichuan_dri_Region20Guangxi,0.0,0.0,783819.7216449551,0.0,0.0,0.0,0.0,783819.7216449551
dri_Region23Sichuan_dri_Region21Hainan,0.0,0.0,714935.2763618743,0.0,0.0,0.0,0.0,714935.2763618743
dri_Region23Sichuan_dri_Region22Chongqing,0.0,0.0,673820.7882398926,0.0,0.0,0.0,0.0,673820.7882398926
dri_Region23Sichuan_dri_Region24Guizhou,0.0,0.0,692887.2650659563,0.0,0.0,0.0,0.0,692887.2650659563
dri_Region23Sichuan_dri_Region25Yunnan,0.0,0.0,1.3307491930015197e6,0.0,0.0,0.0,0.0,1.3307491930015197e6
dri_Region23Sichuan_dri_Region27Shaanxi,0.0,0.0,458341.27542400267,0.0,0.0,0.0,0.0,458341.27542400267
dri_Region23Sichuan_dri_Region28Gansu,0.0,0.0,405967.1678162051,0.0,0.0,0.0,0.0,405967.1678162051
dri_Region23Sichuan_dri_Region29Qinghai,0.0,0.0,461939.9910210199,0.0,0.0,0.0,0.0,461939.9910210199
dri_Region23Sichuan_dri_Region30Ningxia,0.0,0.0,533067.9557308595,0.0,0.0,0.0,0.0,533067.9557308595
dri_Region23Sichuan_dri_Region31Xinjiang,0.0,0.0,544937.9132086715,0.0,0.0,0.0,0.0,544937.9132086715
dri_Region24Guizhou_dri_Region1Beijing,0.0,0.0,618303.2370761873,0.0,0.0,0.0,0.0,618303.2370761873
dri_Region24Guizhou_dri_Region2Tianjin,0.0,0.0,627947.6628935273,0.0,0.0,0.0,0.0,627947.6628935273
dri_Region24Guizhou_dri_Region3Hebei,0.0,0.0,628953.5506519049,0.0,0.0,0.0,0.0,628953.5506519049
dri_Region24Guizhou_dri_Region4Shanxi,0.0,0.0,592394.608266653,0.0,0.0,0.0,0.0,592394.608266653
dri_Region24Guizhou_dri_Region5Innermongolia,0.0,0.0,544580.1947340999,0.0,0.0,0.0,0.0,544580.1947340999
dri_Region24Guizhou_dri_Region6Liaoning,0.0,0.0,593986.32708957,0.0,0.0,0.0,0.0,593986.32708957
dri_Region24Guizhou_dri_Region7Jilin,0.0,0.0,577072.420268317,0.0,0.0,0.0,0.0,577072.420268317
dri_Region24Guizhou_dri_Region8Heilongjiang,0.0,0.0,557170.3837750053,0.0,0.0,0.0,0.0,557170.3837750053
dri_Region24Guizhou_dri_Region9Shanghai,0.0,0.0,898459.2379205347,0.0,0.0,0.0,0.0,898459.2379205347
dri_Region24Guizhou_dri_Region10Jiangsu,0.0,0.0,767279.9223874337,0.0,0.0,0.0,0.0,767279.9223874337
dri_Region24Guizhou_dri_Region11Zhejiang,0.0,0.0,946876.1223450456,0.0,0.0,0.0,0.0,946876.1223450456
dri_Region24Guizhou_dri_Region12Anhui,0.0,0.0,749420.2942194233,0.0,0.0,0.0,0.0,749420.2942194233
dri_Region24Guizhou_dri_Region13Fujian,0.0,0.0,1.058005715345499e6,0.0,0.0,0.0,0.0,1.058005715345499e6
dri_Region24Guizhou_dri_Region14Jiangxi,0.0,0.0,772837.7603603218,0.0,0.0,0.0,0.0,772837.7603603218
dri_Region24Guizhou_dri_Region15Shandong,0.0,0.0,666262.5140609683,0.0,0.0,0.0,0.0,666262.5140609683
dri_Region24Guizhou_dri_Region16Henan,0.0,0.0,594949.7675813943,0.0,0.0,0.0,0.0,594949.7675813943
dri_Region24Guizhou_dri_Region17Hubei,0.0,0.0,741410.1567037416,0.0,0.0,0.0,0.0,741410.1567037416
dri_Region24Guizhou_dri_Region18Hunan,0.0,0.0,738744.8561476398,0.0,0.0,0.0,0.0,738744.8561476398
dri_Region24Guizhou_dri_Region19Guangdong,0.0,0.0,997629.4765496161,0.0,0.0,0.0,0.0,997629.4765496161
dri_Region24Guizhou_dri_Region20Guangxi,0.0,0.0,983319.0914038521,0.0,0.0,0.0,0.0,983319.0914038521
dri_Region24Guizhou_dri_Region21Hainan,0.0,0.0,744327.3738491479,0.0,0.0,0.0,0.0,744327.3738491479
dri_Region24Guizhou_dri_Region22Chongqing,0.0,0.0,587706.31929651,0.0,0.0,0.0,0.0,587706.31929651
dri_Region24Guizhou_dri_Region23Sichuan,0.0,0.0,584978.8485746386,0.0,0.0,0.0,0.0,584978.8485746386
dri_Region24Guizhou_dri_Region25Yunnan,0.0,0.0,1.8165261002069344e6,0.0,0.0,0.0,0.0,1.8165261002069344e6
dri_Region24Guizhou_dri_Region27Shaanxi,0.0,0.0,481898.3500677889,0.0,0.0,0.0,0.0,481898.3500677889
dri_Region24Guizhou_dri_Region28Gansu,0.0,0.0,449155.95249207196,0.0,0.0,0.0,0.0,449155.95249207196
dri_Region24Guizhou_dri_Region29Qinghai,0.0,0.0,492140.0156231718,0.0,0.0,0.0,0.0,492140.0156231718
dri_Region24Guizhou_dri_Region30Ningxia,0.0,0.0,533975.2581288443,0.0,0.0,0.0,0.0,533975.2581288443
dri_Region24Guizhou_dri_Region31Xinjiang,0.0,0.0,539499.4472916888,0.0,0.0,0.0,0.0,539499.4472916888
dri_Region25Yunnan_dri_Region1Beijing,0.0,0.0,572180.8099665584,0.0,0.0,0.0,0.0,572180.8099665584
dri_Region25Yunnan_dri_Region2Tianjin,0.0,0.0,578187.4547384763,0.0,0.0,0.0,0.0,578187.4547384763
dri_Region25Yunnan_dri_Region3Hebei,0.0,0.0,574141.6724452276,0.0,0.0,0.0,0.0,574141.6724452276
dri_Region25Yunnan_dri_Region4Shanxi,0.0,0.0,546756.7187270367,0.0,0.0,0.0,0.0,546756.7187270367
dri_Region25Yunnan_dri_Region5Innermongolia,0.0,0.0,517817.16777292604,0.0,0.0,0.0,0.0,517817.16777292604
dri_Region25Yunnan_dri_Region6Liaoning,0.0,0.0,561455.6928579072,0.0,0.0,0.0,0.0,561455.6928579072
dri_Region25Yunnan_dri_Region7Jilin,0.0,0.0,551024.7117108316,0.0,0.0,0.0,0.0,551024.7117108316
dri_Region25Yunnan_dri_Region8Heilongjiang,0.0,0.0,536499.4853033506,0.0,0.0,0.0,0.0,536499.4853033506
dri_Region25Yunnan_dri_Region9Shanghai,0.0,0.0,714891.2639289938,0.0,0.0,0.0,0.0,714891.2639289938
dri_Region25Yunnan_dri_Region10Jiangsu,0.0,0.0,639522.6448328316,0.0,0.0,0.0,0.0,639522.6448328316
dri_Region25Yunnan_dri_Region11Zhejiang,0.0,0.0,727396.2352915464,0.0,0.0,0.0,0.0,727396.2352915464
dri_Region25Yunnan_dri_Region12Anhui,0.0,0.0,623518.7595711648,0.0,0.0,0.0,0.0,623518.7595711648
dri_Region25Yunnan_dri_Region13Fujian,0.0,0.0,764856.2488636596,0.0,0.0,0.0,0.0,764856.2488636596
dri_Region25Yunnan_dri_Region14Jiangxi,0.0,0.0,615223.4877346028,0.0,0.0,0.0,0.0,615223.4877346028
dri_Region25Yunnan_dri_Region15Shandong,0.0,0.0,596395.6019420002,0.0,0.0,0.0,0.0,596395.6019420002
dri_Region25Yunnan_dri_Region16Henan,0.0,0.0,545726.0408230623,0.0,0.0,0.0,0.0,545726.0408230623
dri_Region25Yunnan_dri_Region17Hubei,0.0,0.0,599531.8362304886,0.0,0.0,0.0,0.0,599531.8362304886
dri_Region25Yunnan_dri_Region18Hunan,0.0,0.0,580813.6981763185,0.0,0.0,0.0,0.0,580813.6981763185
dri_Region25Yunnan_dri_Region19Guangdong,0.0,0.0,660003.9651541566,0.0,0.0,0.0,0.0,660003.9651541566
dri_Region25Yunnan_dri_Region20Guangxi,0.0,0.0,646962.3378310257,0.0,0.0,0.0,0.0,646962.3378310257
dri_Region25Yunnan_dri_Region21Hainan,0.0,0.0,597958.5440993508,0.0,0.0,0.0,0.0,597958.5440993508
dri_Region25Yunnan_dri_Region22Chongqing,0.0,0.0,502847.6210847829,0.0,0.0,0.0,0.0,502847.6210847829
dri_Region25Yunnan_dri_Region23Sichuan,0.0,0.0,483364.9544297883,0.0,0.0,0.0,0.0,483364.9544297883
dri_Region25Yunnan_dri_Region24Guizhou,0.0,0.0,539382.5991870234,0.0,0.0,0.0,0.0,539382.5991870234
dri_Region25Yunnan_dri_Region27Shaanxi,0.0,0.0,463735.3654461452,0.0,0.0,0.0,0.0,463735.3654461452
dri_Region25Yunnan_dri_Region28Gansu,0.0,0.0,438106.5910519459,0.0,0.0,0.0,0.0,438106.5910519459
dri_Region25Yunnan_dri_Region29Qinghai,0.0,0.0,465830.3835036316,0.0,0.0,0.0,0.0,465830.3835036316
dri_Region25Yunnan_dri_Region30Ningxia,0.0,0.0,504192.0509108774,0.0,0.0,0.0,0.0,504192.0509108774
dri_Region25Yunnan_dri_Region31Xinjiang,0.0,0.0,518859.0382863831,0.0,0.0,0.0,0.0,518859.0382863831
dri_Region27Shaanxi_dri_Region1Beijing,0.0,0.0,943376.9958344793,0.0,0.0,0.0,0.0,943376.9958344793
dri_Region27Shaanxi_dri_Region2Tianjin,0.0,0.0,988566.4229414144,0.0,0.0,0.0,0.0,988566.4229414144
dri_Region27Shaanxi_dri_Region3Hebei,0.0,0.0,1.2475023378211148e6,0.0,0.0,0.0,0.0,1.2475023378211148e6
dri_Region27Shaanxi_dri_Region4Shanxi,0.0,0.0,1.1421132783666814e6,0.0,0.0,0.0,0.0,1.1421132783666814e6
dri_Region27Shaanxi_dri_Region5Innermongolia,0.0,0.0,673589.7680797159,0.0,0.0,0.0,0.0,673589.7680797159
dri_Region27Shaanxi_dri_Region6Liaoning,0.0,0.0,737352.8211162881,0.0,0.0,0.0,0.0,737352.8211162881
dri_Region27Shaanxi_dri_Region7Jilin,0.0,0.0,680789.5813727764,0.0,0.0,0.0,0.0,680789.5813727764
dri_Region27Shaanxi_dri_Region8Heilongjiang,0.0,0.0,635906.1905204685,0.0,0.0,0.0,0.0,635906.1905204685
dri_Region27Shaanxi_dri_Region9Shanghai,0.0,0.0,2.7720771516088843e6,0.0,0.0,0.0,0.0,2.7720771516088843e6
dri_Region27Shaanxi_dri_Region10Jiangsu,0.0,0.0,2.4850973063136125e6,0.0,0.0,0.0,0.0,2.4850973063136125e6
dri_Region27Shaanxi_dri_Region11Zhejiang,0.0,0.0,3.7665028734497037e6,0.0,0.0,0.0,0.0,3.7665028734497037e6
dri_Region27Shaanxi_dri_Region12Anhui,0.0,0.0,3.7880736258570226e6,0.0,0.0,0.0,0.0,3.7880736258570226e6
dri_Region27Shaanxi_dri_Region13Fujian,0.0,0.0,1.7552101658421257e6,0.0,0.0,0.0,0.0,1.7552101658421257e6
dri_Region27Shaanxi_dri_Region14Jiangxi,0.0,0.0,1.4940033306387046e6,0.0,0.0,0.0,0.0,1.4940033306387046e6
dri_Region27Shaanxi_dri_Region15Shandong,0.0,0.0,1.5655884014594029e6,0.0,0.0,0.0,0.0,1.5655884014594029e6
dri_Region27Shaanxi_dri_Region16Henan,0.0,0.0,1.676496369588837e6,0.0,0.0,0.0,0.0,1.676496369588837e6
dri_Region27Shaanxi_dri_Region17Hubei,0.0,0.0,4.495138407969983e6,0.0,0.0,0.0,0.0,4.495138407969983e6
dri_Region27Shaanxi_dri_Region18Hunan,0.0,0.0,1.2821624350306825e6,0.0,0.0,0.0,0.0,1.2821624350306825e6
dri_Region27Shaanxi_dri_Region19Guangdong,0.0,0.0,1.103022668128057e6,0.0,0.0,0.0,0.0,1.103022668128057e6
dri_Region27Shaanxi_dri_Region20Guangxi,0.0,0.0,943108.1760290018,0.0,0.0,0.0,0.0,943108.1760290018
dri_Region27Shaanxi_dri_Region21Hainan,0.0,0.0,829523.8375162788,0.0,0.0,0.0,0.0,829523.8375162788
dri_Region27Shaanxi_dri_Region22Chongqing,0.0,0.0,1.1864894942163092e6,0.0,0.0,0.0,0.0,1.1864894942163092e6
dri_Region27Shaanxi_dri_Region23Sichuan,0.0,0.0,1.0622999961839912e6,0.0,0.0,0.0,0.0,1.0622999961839912e6
dri_Region27Shaanxi_dri_Region24Guizhou,0.0,0.0,952910.7738482226,0.0,0.0,0.0,0.0,952910.7738482226
dri_Region27Shaanxi_dri_Region25Yunnan,0.0,0.0,1.0932865152816914e6,0.0,0.0,0.0,0.0,1.0932865152816914e6
dri_Region27Shaanxi_dri_Region28Gansu,0.0,0.0,474857.16521065275,0.0,0.0,0.0,0.0,474857.16521065275
dri_Region27Shaanxi_dri_Region29Qinghai,0.0,0.0,577631.1411202806,0.0,0.0,0.0,0.0,577631.1411202806
dri_Region27Shaanxi_dri_Region30Ningxia,0.0,0.0,715163.5315249861,0.0,0.0,0.0,0.0,715163.5315249861
dri_Region27Shaanxi_dri_Region31Xinjiang,0.0,0.0,605371.5745437565,0.0,0.0,0.0,0.0,605371.5745437565
dri_Region28Gansu_dri_Region1Beijing,0.0,0.0,1.0978983152391387e6,0.0,0.0,0.0,0.0,1.0978983152391387e6
dri_Region28Gansu_dri_Region2Tianjin,0.0,0.0,1.1297261536371368e6,0.0,0.0,0.0,0.0,1.1297261536371368e6
dri_Region28Gansu_dri_Region3Hebei,0.0,0.0,1.4858518588134877e6,0.0,0.0,0.0,0.0,1.4858518588134877e6
dri_Region28Gansu_dri_Region4Shanxi,0.0,0.0,1.4403007003966942e6,0.0,0.0,0.0,0.0,1.4403007003966942e6
dri_Region28Gansu_dri_Region5Innermongolia,0.0,0.0,871382.4134444203,0.0,0.0,0.0,0.0,871382.4134444203
dri_Region28Gansu_dri_Region6Liaoning,0.0,0.0,808750.4574289831,0.0,0.0,0.0,0.0,808750.4574289831
dri_Region28Gansu_dri_Region7Jilin,0.0,0.0,737685.9360692131,0.0,0.0,0.0,0.0,737685.9360692131
dri_Region28Gansu_dri_Region8Heilongjiang,0.0,0.0,683830.5049744626,0.0,0.0,0.0,0.0,683830.5049744626
dri_Region28Gansu_dri_Region9Shanghai,0.0,0.0,1.9012760817429365e6,0.0,0.0,0.0,0.0,1.9012760817429365e6
dri_Region28Gansu_dri_Region10Jiangsu,0.0,0.0,1.6721614800456497e6,0.0,0.0,0.0,0.0,1.6721614800456497e6
dri_Region28Gansu_dri_Region11Zhejiang,0.0,0.0,1.9856716336364916e6,0.0,0.0,0.0,0.0,1.9856716336364916e6
dri_Region28Gansu_dri_Region12Anhui,0.0,0.0,1.8025774926158735e6,0.0,0.0,0.0,0.0,1.8025774926158735e6
dri_Region28Gansu_dri_Region13Fujian,0.0,0.0,1.515480664738209e6,0.0,0.0,0.0,0.0,1.515480664738209e6
dri_Region28Gansu_dri_Region14Jiangxi,0.0,0.0,1.3184375703202384e6,0.0,0.0,0.0,0.0,1.3184375703202384e6
dri_Region28Gansu_dri_Region15Shandong,0.0,0.0,1.5090911640158584e6,0.0,0.0,0.0,0.0,1.5090911640158584e6
dri_Region28Gansu_dri_Region16Henan,0.0,0.0,1.380070534918172e6,0.0,0.0,0.0,0.0,1.380070534918172e6
dri_Region28Gansu_dri_Region17Hubei,0.0,0.0,1.7923739639096858e6,0.0,0.0,0.0,0.0,1.7923739639096858e6
dri_Region28Gansu_dri_Region18Hunan,0.0,0.0,1.198055415446433e6,0.0,0.0,0.0,0.0,1.198055415446433e6
dri_Region28Gansu_dri_Region19Guangdong,0.0,0.0,1.0855532320438235e6,0.0,0.0,0.0,0.0,1.0855532320438235e6
dri_Region28Gansu_dri_Region20Guangxi,0.0,0.0,1.095125695814669e6,0.0,0.0,0.0,0.0,1.095125695814669e6
dri_Region28Gansu_dri_Region21Hainan,0.0,0.0,910040.0516992346,0.0,0.0,0.0,0.0,910040.0516992346
dri_Region28Gansu_dri_Region22Chongqing,0.0,0.0,1.7404125091007703e6,0.0,0.0,0.0,0.0,1.7404125091007703e6
dri_Region28Gansu_dri_Region23Sichuan,0.0,0.0,2.3533956592122507e6,0.0,0.0,0.0,0.0,2.3533956592122507e6
dri_Region28Gansu_dri_Region24Guizhou,0.0,0.0,1.1937545024383692e6,0.0,0.0,0.0,0.0,1.1937545024383692e6
dri_Region28Gansu_dri_Region25Yunnan,0.0,0.0,1.5670616943992074e6,0.0,0.0,0.0,0.0,1.5670616943992074e6
dri_Region28Gansu_dri_Region27Shaanxi,0.0,0.0,1.2160650237919132e6,0.0,0.0,0.0,0.0,1.2160650237919132e6
dri_Region28Gansu_dri_Region29Qinghai,0.0,0.0,2.351477445067741e6,0.0,0.0,0.0,0.0,2.351477445067741e6
dri_Region28Gansu_dri_Region30Ningxia,0.0,0.0,2.9665509665210797e6,0.0,0.0,0.0,0.0,2.9665509665210797e6
dri_Region28Gansu_dri_Region31Xinjiang,0.0,0.0,688002.6058444701,0.0,0.0,0.0,0.0,688002.6058444701
dri_Region29Qinghai_dri_Region1Beijing,0.0,0.0,863941.5000228097,0.0,0.0,0.0,0.0,863941.5000228097
dri_Region29Qinghai_dri_Region2Tianjin,0.0,0.0,881404.8239926655,0.0,0.0,0.0,0.0,881404.8239926655
dri_Region29Qinghai_dri_Region3Hebei,0.0,0.0,969344.0779285377,0.0,0.0,0.0,0.0,969344.0779285377
dri_Region29Qinghai_dri_Region4Shanxi,0.0,0.0,912707.0074912555,0.0,0.0,0.0,0.0,912707.0074912555
dri_Region29Qinghai_dri_Region5Innermongolia,0.0,0.0,712457.2459130785,0.0,0.0,0.0,0.0,712457.2459130785
dri_Region29Qinghai_dri_Region6Liaoning,0.0,0.0,728532.0281185956,0.0,0.0,0.0,0.0,728532.0281185956
dri_Region29Qinghai_dri_Region7Jilin,0.0,0.0,682983.3215885154,0.0,0.0,0.0,0.0,682983.3215885154
dri_Region29Qinghai_dri_Region8Heilongjiang,0.0,0.0,643310.223248375,0.0,0.0,0.0,0.0,643310.223248375
dri_Region29Qinghai_dri_Region9Shanghai,0.0,0.0,1.210112094496185e6,0.0,0.0,0.0,0.0,1.210112094496185e6
dri_Region29Qinghai_dri_Region10Jiangsu,0.0,0.0,1.0813494783885996e6,0.0,0.0,0.0,0.0,1.0813494783885996e6
dri_Region29Qinghai_dri_Region11Zhejiang,0.0,0.0,1.2372813126422954e6,0.0,0.0,0.0,0.0,1.2372813126422954e6
dri_Region29Qinghai_dri_Region12Anhui,0.0,0.0,1.0867835484328053e6,0.0,0.0,0.0,0.0,1.0867835484328053e6
dri_Region29Qinghai_dri_Region13Fujian,0.0,0.0,1.1382848598769424e6,0.0,0.0,0.0,0.0,1.1382848598769424e6
dri_Region29Qinghai_dri_Region14Jiangxi,0.0,0.0,972844.0533016075,0.0,0.0,0.0,0.0,972844.0533016075
dri_Region29Qinghai_dri_Region15Shandong,0.0,0.0,998192.480385686,0.0,0.0,0.0,0.0,998192.480385686
dri_Region29Qinghai_dri_Region16Henan,0.0,0.0,903145.009788,0.0,0.0,0.0,0.0,903145.009788
dri_Region29Qinghai_dri_Region17Hubei,0.0,0.0,1.0612212743089874e6,0.0,0.0,0.0,0.0,1.0612212743089874e6
dri_Region29Qinghai_dri_Region18Hunan,0.0,0.0,915571.0947982798,0.0,0.0,0.0,0.0,915571.0947982798
dri_Region29Qinghai_dri_Region19Guangdong,0.0,0.0,912411.1190768445,0.0,0.0,0.0,0.0,912411.1190768445
dri_Region29Qinghai_dri_Region20Guangxi,0.0,0.0,887064.0154702909,0.0,0.0,0.0,0.0,887064.0154702909
dri_Region29Qinghai_dri_Region21Hainan,0.0,0.0,803616.8080623923,0.0,0.0,0.0,0.0,803616.8080623923
dri_Region29Qinghai_dri_Region22Chongqing,0.0,0.0,984847.7288999725,0.0,0.0,0.0,0.0,984847.7288999725
dri_Region29Qinghai_dri_Region23Sichuan,0.0,0.0,1.0975290315753706e6,0.0,0.0,0.0,0.0,1.0975290315753706e6
dri_Region29Qinghai_dri_Region24Guizhou,0.0,0.0,881034.1546230273,0.0,0.0,0.0,0.0,881034.1546230273
dri_Region29Qinghai_dri_Region25Yunnan,0.0,0.0,1.14389634841404e6,0.0,0.0,0.0,0.0,1.14389634841404e6
dri_Region29Qinghai_dri_Region27Shaanxi,0.0,0.0,741521.6615500603,0.0,0.0,0.0,0.0,741521.6615500603
dri_Region29Qinghai_dri_Region28Gansu,0.0,0.0,408010.67921144894,0.0,0.0,0.0,0.0,408010.67921144894
dri_Region29Qinghai_dri_Region30Ningxia,0.0,0.0,866656.8127364854,0.0,0.0,0.0,0.0,866656.8127364854
dri_Region29Qinghai_dri_Region31Xinjiang,0.0,0.0,639634.1236872964,0.0,0.0,0.0,0.0,639634.1236872964
dri_Region30Ningxia_dri_Region1Beijing,0.0,0.0,869289.8641581672,0.0,0.0,0.0,0.0,869289.8641581672
dri_Region30Ningxia_dri_Region2Tianjin,0.0,0.0,898626.6618257744,0.0,0.0,0.0,0.0,898626.6618257744
dri_Region30Ningxia_dri_Region3Hebei,0.0,0.0,1.0178588068830771e6,0.0,0.0,0.0,0.0,1.0178588068830771e6
dri_Region30Ningxia_dri_Region4Shanxi,0.0,0.0,914127.0030915703,0.0,0.0,0.0,0.0,914127.0030915703
dri_Region30Ningxia_dri_Region5Innermongolia,0.0,0.0,626371.554894311,0.0,0.0,0.0,0.0,626371.554894311
dri_Region30Ningxia_dri_Region6Liaoning,0.0,0.0,702442.1114575875,0.0,0.0,0.0,0.0,702442.1114575875
dri_Region30Ningxia_dri_Region7Jilin,0.0,0.0,655931.5055989453,0.0,0.0,0.0,0.0,655931.5055989453
dri_Region30Ningxia_dri_Region8Heilongjiang,0.0,0.0,615324.3345082727,0.0,0.0,0.0,0.0,615324.3345082727
dri_Region30Ningxia_dri_Region9Shanghai,0.0,0.0,1.1847598582035857e6,0.0,0.0,0.0,0.0,1.1847598582035857e6
dri_Region30Ningxia_dri_Region10Jiangsu,0.0,0.0,1.0403003089914982e6,0.0,0.0,0.0,0.0,1.0403003089914982e6
dri_Region30Ningxia_dri_Region11Zhejiang,0.0,0.0,1.1930405917787363e6,0.0,0.0,0.0,0.0,1.1930405917787363e6
dri_Region30Ningxia_dri_Region12Anhui,0.0,0.0,1.0081327215940706e6,0.0,0.0,0.0,0.0,1.0081327215940706e6
dri_Region30Ningxia_dri_Region13Fujian,0.0,0.0,1.0762303012964656e6,0.0,0.0,0.0,0.0,1.0762303012964656e6
dri_Region30Ningxia_dri_Region14Jiangxi,0.0,0.0,901695.6967296357,0.0,0.0,0.0,0.0,901695.6967296357
dri_Region30Ningxia_dri_Region15Shandong,0.0,0.0,1.0851042503493794e6,0.0,0.0,0.0,0.0,1.0851042503493794e6
dri_Region30Ningxia_dri_Region16Henan,0.0,0.0,821811.6476186973,0.0,0.0,0.0,0.0,821811.6476186973
dri_Region30Ningxia_dri_Region17Hubei,0.0,0.0,966016.6534406526,0.0,0.0,0.0,0.0,966016.6534406526
dri_Region30Ningxia_dri_Region18Hunan,0.0,0.0,843360.7249162283,0.0,0.0,0.0,0.0,843360.7249162283
dri_Region30Ningxia_dri_Region19Guangdong,0.0,0.0,853021.9359924895,0.0,0.0,0.0,0.0,853021.9359924895
dri_Region30Ningxia_dri_Region20Guangxi,0.0,0.0,791964.4854371076,0.0,0.0,0.0,0.0,791964.4854371076
dri_Region30Ningxia_dri_Region21Hainan,0.0,0.0,738247.5238021434,0.0,0.0,0.0,0.0,738247.5238021434
dri_Region30Ningxia_dri_Region22Chongqing,0.0,0.0,799968.2268530596,0.0,0.0,0.0,0.0,799968.2268530596
dri_Region30Ningxia_dri_Region23Sichuan,0.0,0.0,778233.9718265962,0.0,0.0,0.0,0.0,778233.9718265962
dri_Region30Ningxia_dri_Region24Guizhou,0.0,0.0,763222.2716051143,0.0,0.0,0.0,0.0,763222.2716051143
dri_Region30Ningxia_dri_Region25Yunnan,0.0,0.0,843282.9258143744,0.0,0.0,0.0,0.0,843282.9258143744
dri_Region30Ningxia_dri_Region27Shaanxi,0.0,0.0,581725.5791117774,0.0,0.0,0.0,0.0,581725.5791117774
dri_Region30Ningxia_dri_Region28Gansu,0.0,0.0,381291.44610887335,0.0,0.0,0.0,0.0,381291.44610887335
dri_Region30Ningxia_dri_Region29Qinghai,0.0,0.0,502804.4758425675,0.0,0.0,0.0,0.0,502804.4758425675
dri_Region30Ningxia_dri_Region31Xinjiang,0.0,0.0,586297.1650663195,0.0,0.0,0.0,0.0,586297.1650663195
dri_Region31Xinjiang_dri_Region1Beijing,0.0,0.0,705349.4526856325,0.0,0.0,0.0,0.0,705349.4526856325
dri_Region31Xinjiang_dri_Region2Tianjin,0.0,0.0,707475.1278216859,0.0,0.0,0.0,0.0,707475.1278216859
dri_Region31Xinjiang_dri_Region3Hebei,0.0,0.0,710105.6814789376,0.0,0.0,0.0,0.0,710105.6814789376
dri_Region31Xinjiang_dri_Region4Shanxi,0.0,0.0,687846.2077048027,0.0,0.0,0.0,0.0,687846.2077048027
dri_Region31Xinjiang_dri_Region5Innermongolia,0.0,0.0,640600.9629190157,0.0,0.0,0.0,0.0,640600.9629190157
dri_Region31Xinjiang_dri_Region6Liaoning,0.0,0.0,658163.1644606176,0.0,0.0,0.0,0.0,658163.1644606176
dri_Region31Xinjiang_dri_Region7Jilin,0.0,0.0,640558.587081074,0.0,0.0,0.0,0.0,640558.587081074
dri_Region31Xinjiang_dri_Region8Heilongjiang,0.0,0.0,615096.0661126697,0.0,0.0,0.0,0.0,615096.0661126697
dri_Region31Xinjiang_dri_Region9Shanghai,0.0,0.0,786725.5486627794,0.0,0.0,0.0,0.0,786725.5486627794
dri_Region31Xinjiang_dri_Region10Jiangsu,0.0,0.0,738410.7021268556,0.0,0.0,0.0,0.0,738410.7021268556
dri_Region31Xinjiang_dri_Region11Zhejiang,0.0,0.0,792366.8432336708,0.0,0.0,0.0,0.0,792366.8432336708
dri_Region31Xinjiang_dri_Region12Anhui,0.0,0.0,731888.6899761865,0.0,0.0,0.0,0.0,731888.6899761865
dri_Region31Xinjiang_dri_Region13Fujian,0.0,0.0,798028.2290325087,0.0,0.0,0.0,0.0,798028.2290325087
dri_Region31Xinjiang_dri_Region14Jiangxi,0.0,0.0,716862.7530454174,0.0,0.0,0.0,0.0,716862.7530454174
dri_Region31Xinjiang_dri_Region15Shandong,0.0,0.0,716898.1395362131,0.0,0.0,0.0,0.0,716898.1395362131
dri_Region31Xinjiang_dri_Region16Henan,0.0,0.0,678579.7068759875,0.0,0.0,0.0,0.0,678579.7068759875
dri_Region31Xinjiang_dri_Region17Hubei,0.0,0.0,721597.3932702224,0.0,0.0,0.0,0.0,721597.3932702224
dri_Region31Xinjiang_dri_Region18Hunan,0.0,0.0,699078.1477929802,0.0,0.0,0.0,0.0,699078.1477929802
dri_Region31Xinjiang_dri_Region19Guangdong,0.0,0.0,713168.3286943424,0.0,0.0,0.0,0.0,713168.3286943424
dri_Region31Xinjiang_dri_Region20Guangxi,0.0,0.0,695632.5969450927,0.0,0.0,0.0,0.0,695632.5969450927
dri_Region31Xinjiang_dri_Region21Hainan,0.0,0.0,678309.4442748831,0.0,0.0,0.0,0.0,678309.4442748831
dri_Region31Xinjiang_dri_Region22Chongqing,0.0,0.0,690534.8060902169,0.0,0.0,0.0,0.0,690534.8060902169
dri_Region31Xinjiang_dri_Region23Sichuan,0.0,0.0,690345.1205540702,0.0,0.0,0.0,0.0,690345.1205540702
dri_Region31Xinjiang_dri_Region24Guizhou,0.0,0.0,679562.2601111153,0.0,0.0,0.0,0.0,679562.2601111153
dri_Region31Xinjiang_dri_Region25Yunnan,0.0,0.0,702873.353569739,0.0,0.0,0.0,0.0,702873.353569739
dri_Region31Xinjiang_dri_Region27Shaanxi,0.0,0.0,623661.9326509236,0.0,0.0,0.0,0.0,623661.9326509236
dri_Region31Xinjiang_dri_Region28Gansu,0.0,0.0,574236.6348947923,0.0,0.0,0.0,0.0,574236.6348947923
dri_Region31Xinjiang_dri_Region29Qinghai,0.0,0.0,608584.634353694,0.0,0.0,0.0,0.0,608584.634353694
dri_Region31Xinjiang_dri_Region30Ningxia,0.0,0.0,654553.2909749686,0.0,0.0,0.0,0.0,654553.2909749686
Region1Beijing_gasdri_transforms_dri_Region1Beijing,1928.6193206488338,578.58579619465,0.0,0.0,0.0,0.0,0.0,2507.2051168434837
Region2Tianjin_gasdri_transforms_dri_Region2Tianjin,1993.3762038557188,598.012861156716,0.0,0.0,0.0,0.0,0.0,2591.389065012435
Region3Hebei_gasdri_transforms_dri_Region3Hebei,1994.4944444542925,598.3483333362877,0.0,0.0,0.0,0.0,0.0,2592.8427777905804
Region4Shanxi_gasdri_transforms_dri_Region4Shanxi,1912.3183962624216,573.6955188787268,0.0,0.0,0.0,0.0,0.0,2486.0139151411486
Region5Innermongolia_gasdri_transforms_dri_Region5Innermongolia,2162.4758936765793,648.7427681029737,0.0,0.0,0.0,0.0,0.0,2811.2186617795533
Region6Liaoning_gasdri_transforms_dri_Region6Liaoning,1856.3883848954993,556.9165154686497,0.0,0.0,0.0,0.0,0.0,2413.304900364149
Region7Jilin_gasdri_transforms_dri_Region7Jilin,1910.1587021261562,573.0476106378468,0.0,0.0,0.0,0.0,0.0,2483.206312764003
Region8Heilongjiang_gasdri_transforms_dri_Region8Heilongjiang,1787.2716914778157,536.1815074433447,0.0,0.0,0.0,0.0,0.0,2323.4531989211605
Region9Shanghai_gasdri_transforms_dri_Region9Shanghai,2611.87945234631,783.5638357038929,0.0,0.0,0.0,0.0,0.0,3395.4432880502027
Region10Jiangsu_gasdri_transforms_dri_Region10Jiangsu,2247.309260610837,674.1927781832511,0.0,0.0,0.0,0.0,0.0,2921.502038794088
Region11Zhejiang_gasdri_transforms_dri_Region11Zhejiang,2664.730067461585,799.4190202384754,0.0,0.0,0.0,0.0,0.0,3464.14908770006
Region12Anhui_gasdri_transforms_dri_Region12Anhui,2221.1262633537676,666.3378790061306,0.0,0.0,0.0,0.0,0.0,2887.4641423598982
Region13Fujian_gasdri_transforms_dri_Region13Fujian,2624.710877623058,787.4132632869173,0.0,0.0,0.0,0.0,0.0,3412.1241409099753
Region14Jiangxi_gasdri_transforms_dri_Region14Jiangxi,2299.4611973614333,689.8383592084298,0.0,0.0,0.0,0.0,0.0,2989.299556569863
Region15Shandong_gasdri_transforms_dri_Region15Shandong,2180.8838164858375,654.2651449457512,0.0,0.0,0.0,0.0,0.0,2835.1489614315888
Region16Henan_gasdri_transforms_dri_Region16Henan,1853.6193994934301,556.085819848029,0.0,0.0,0.0,0.0,0.0,2409.7052193414593
Region17Hubei_gasdri_transforms_dri_Region17Hubei,2203.8780981481227,661.1634294444367,0.0,0.0,0.0,0.0,0.0,2865.0415275925593
Region18Hunan_gasdri_transforms_dri_Region18Hunan,2161.1370370214186,648.3411111064254,0.0,0.0,0.0,0.0,0.0,2809.478148127844
Region19Guangdong_gasdri_transforms_dri_Region19Guangdong,2164.754230472063,649.4262691416197,0.0,0.0,0.0,0.0,0.0,2814.180499613683
Region20Guangxi_gasdri_transforms_dri_Region20Guangxi,2263.2981606396656,678.9894481919005,0.0,0.0,0.0,0.0,0.0,2942.287608831566
Region22Chongqing_gasdri_transforms_dri_Region22Chongqing,2226.9188521983274,668.0756556594981,0.0,0.0,0.0,0.0,0.0,2894.9945078578257
Region23Sichuan_gasdri_transforms_dri_Region23Sichuan,2160.518891891557,648.1556675674669,0.0,0.0,0.0,0.0,0.0,2808.674559459024
Region24Guizhou_gasdri_transforms_dri_Region24Guizhou,2243.6523783143116,673.0957134942934,0.0,0.0,0.0,0.0,0.0,2916.748091808605
Region25Yunnan_gasdri_transforms_dri_Region25Yunnan,2703.180803309568,810.9542410974395,0.0,0.0,0.0,0.0,0.0,3514.1350444070076
Region27Shaanxi_gasdri_transforms_dri_Region27Shaanxi,2076.932435336523,623.0797306009569,0.0,0.0,0.0,0.0,0.0,2700.01216593748
Region28Gansu_gasdri_transforms_dri_Region28Gansu,1746.2169989576814,523.8650996873043,0.0,0.0,0.0,0.0,0.0,2270.0820986449858
Region29Qinghai_gasdri_transforms_dri_Region29Qinghai,1793.25445750442,537.9763372513514,0.0,0.0,0.0,0.0,0.0,2331.2307947557715
Region30Ningxia_gasdri_transforms_dri_Region30Ningxia,2176.946084473687,653.0838253423101,0.0,0.0,0.0,0.0,0.0,2830.0299098159967
Region31Xinjiang_gasdri_transforms_dri_Region31Xinjiang,2300.7117075641145,690.2135122692342,0.0,0.0,0.0,0.0,0.0,2990.925219833349
Region1Beijing_gasdriccs_transforms_dri_Region1Beijing,1423.403968220577,427.11911256104315,0.0,0.0,0.0,0.0,0.0,1850.5230807816201
Region2Tianjin_gasdriccs_transforms_dri_Region2Tianjin,15678.484065594374,4704.623810182739,0.0,0.0,0.0,0.0,0.0,20383.107875777114
Region3Hebei_gasdriccs_transforms_dri_Region3Hebei,1974.8246861662763,592.5832625529606,0.0,0.0,0.0,0.0,0.0,2567.4079487192366
Region4Shanxi_gasdriccs_transforms_dri_Region4Shanxi,8611.234574245107,2583.9627762205155,0.0,0.0,0.0,0.0,0.0,11195.197350465623
Region5Innermongolia_gasdriccs_transforms_dri_Region5Innermongolia,43617.35593924984,13088.207407712223,0.0,0.0,0.0,0.0,0.0,56705.563346962066
Region6Liaoning_gasdriccs_transforms_dri_Region6Liaoning,18400.556172912256,5521.432705452458,0.0,0.0,0.0,0.0,0.0,23921.988878364715
Region7Jilin_gasdriccs_transforms_dri_Region7Jilin,9405.600795664448,2822.3272905229796,0.0,0.0,0.0,0.0,0.0,12227.928086187429
Region8Heilongjiang_gasdriccs_transforms_dri_Region8Heilongjiang,17609.503349863346,5284.06243860408,0.0,0.0,0.0,0.0,0.0,22893.565788467426
Region9Shanghai_gasdriccs_transforms_dri_Region9Shanghai,602204.9083650941,180702.9007811114,0.0,0.0,0.0,0.0,0.0,782907.8091462055
Region10Jiangsu_gasdriccs_transforms_dri_Region10Jiangsu,10802.509184315113,3241.4959064679156,0.0,0.0,0.0,0.0,0.0,14044.005090783028
Region11Zhejiang_gasdriccs_transforms_dri_Region11Zhejiang,8.026817686409604e6,2.408597505312893e6,0.0,0.0,0.0,0.0,0.0,1.0435415191722497e7
Region12Anhui_gasdriccs_transforms_dri_Region12Anhui,2760.4746914616376,828.3323123921505,0.0,0.0,0.0,0.0,0.0,3588.807003853788
Region13Fujian_gasdriccs_transforms_dri_Region13Fujian,1.4939367715825588e6,448283.80582522793,0.0,0.0,0.0,0.0,0.0,1.9422205774077866e6
Region14Jiangxi_gasdriccs_transforms_dri_Region14Jiangxi,999.3356298427252,299.86943755865053,0.0,0.0,0.0,0.0,0.0,1299.2050674013758
Region15Shandong_gasdriccs_transforms_dri_Region15Shandong,13215.664417985327,3965.608487919941,0.0,0.0,0.0,0.0,0.0,17181.27290590527
Region16Henan_gasdriccs_transforms_dri_Region16Henan,2109.6359575320257,633.0359182111764,0.0,0.0,0.0,0.0,0.0,2742.6718757432022
Region17Hubei_gasdriccs_transforms_dri_Region17Hubei,2026.8769382114288,608.2025190653072,0.0,0.0,0.0,0.0,0.0,2635.079457276736
Region18Hunan_gasdriccs_transforms_dri_Region18Hunan,2136.6589883852807,641.1446864979362,0.0,0.0,0.0,0.0,0.0,2777.803674883217
Region19Guangdong_gasdriccs_transforms_dri_Region19Guangdong,9162.703644301702,2749.4414351720566,0.0,0.0,0.0,0.0,0.0,11912.14507947376
Region20Guangxi_gasdriccs_transforms_dri_Region20Guangxi,13547.44794088686,4065.1663696091664,0.0,0.0,0.0,0.0,0.0,17612.614310496025
Region22Chongqing_gasdriccs_transforms_dri_Region22Chongqing,2745.382882722429,823.8037315398125,0.0,0.0,0.0,0.0,0.0,3569.186614262241
Region23Sichuan_gasdriccs_transforms_dri_Region23Sichuan,24373.20706456026,7313.638857348121,0.0,0.0,0.0,0.0,0.0,31686.84592190838
Region24Guizhou_gasdriccs_transforms_dri_Region24Guizhou,7829.602321051253,2349.4193284102644,0.0,0.0,0.0,0.0,0.0,10179.021649461518
Region25Yunnan_gasdriccs_transforms_dri_Region25Yunnan,6710.769666447735,2013.6925627079245,0.0,0.0,0.0,0.0,0.0,8724.462229155659
Region27Shaanxi_gasdriccs_transforms_dri_Region27Shaanxi,1754.1130410446801,526.3545853109877,0.0,0.0,0.0,0.0,0.0,2280.4676263556676
Region28Gansu_gasdriccs_transforms_dri_Region28Gansu,28238.143136506184,8473.38556454495,0.0,0.0,0.0,0.0,0.0,36711.52870105113
Region29Qinghai_gasdriccs_transforms_dri_Region29Qinghai,9569.272005333381,2871.439913071714,0.0,0.0,0.0,0.0,0.0,12440.711918405095
Region30Ningxia_gasdriccs_transforms_dri_Region30Ningxia,28950.323998386677,8687.088817100594,0.0,0.0,0.0,0.0,0.0,37637.412815487274
Region31Xinjiang_gasdriccs_transforms_dri_Region31Xinjiang,6.1492841530027485e9,1.845208281665552e9,0.0,0.0,0.0,0.0,0.0,7.994492434668301e9
Region1Beijing_h2dri_transforms_dri_Region1Beijing,650373.4491411817,195112.03474235447,0.0,0.0,0.0,0.0,0.0,845485.4838835362
Region2Tianjin_h2dri_transforms_dri_Region2Tianjin,1.628776826650082e6,488633.04799502454,0.0,0.0,0.0,0.0,0.0,2.1174098746451065e6
Region3Hebei_h2dri_transforms_dri_Region3Hebei,5.859551655442592e9,1.7578654966327772e9,0.0,0.0,0.0,0.0,0.0,7.617417152075369e9
Region4Shanxi_h2dri_transforms_dri_Region4Shanxi,2.1097852260875251e9,6.329355678262575e8,0.0,0.0,0.0,0.0,0.0,2.7427207939137826e9
Region5Innermongolia_h2dri_transforms_dri_Region5Innermongolia,3.0017502260513e10,9.005250678153898e9,0.0,0.0,0.0,0.0,0.0,3.90227529386669e10
Region6Liaoning_h2dri_transforms_dri_Region6Liaoning,4.1734653753806218e6,1.2520396126141862e6,0.0,0.0,0.0,0.0,0.0,5.425504987994808e6
Region7Jilin_h2dri_transforms_dri_Region7Jilin,6.973040727182623e9,2.0919122181547866e9,0.0,0.0,0.0,0.0,0.0,9.06495294533741e9
Region8Heilongjiang_h2dri_transforms_dri_Region8Heilongjiang,3.43280415676847e9,1.0298412470305408e9,0.0,0.0,0.0,0.0,0.0,4.46264540379901e9
Region9Shanghai_h2dri_transforms_dri_Region9Shanghai,5.824526103505659e7,1.7473578310516972e7,0.0,0.0,0.0,0.0,0.0,7.571883934557356e7
Region10Jiangsu_h2dri_transforms_dri_Region10Jiangsu,6.928353604787129e8,2.0785060814361385e8,0.0,0.0,0.0,0.0,0.0,9.006859686223267e8
Region11Zhejiang_h2dri_transforms_dri_Region11Zhejiang,1.1454664645808136e8,3.436399393742441e7,0.0,0.0,0.0,0.0,0.0,1.489106403955058e8
Region12Anhui_h2dri_transforms_dri_Region12Anhui,7.975188996501416e9,2.3925566989504247e9,0.0,0.0,0.0,0.0,0.0,1.0367745695451841e10
Region13Fujian_h2dri_transforms_dri_Region13Fujian,8.843440435665548e9,2.653032130699664e9,0.0,0.0,0.0,0.0,0.0,1.1496472566365211e10
Region14Jiangxi_h2dri_transforms_dri_Region14Jiangxi,9.035909476294043e9,2.7107728428882127e9,0.0,0.0,0.0,0.0,0.0,1.1746682319182255e10
Region15Shandong_h2dri_transforms_dri_Region15Shandong,1.4116661353071144e10,4.234998405921343e9,0.0,0.0,0.0,0.0,0.0,1.8351659758992485e10
Region16Henan_h2dri_transforms_dri_Region16Henan,1.5902578657211134e9,4.77077359716334e8,0.0,0.0,0.0,0.0,0.0,2.0673352254374475e9
Region17Hubei_h2dri_transforms_dri_Region17Hubei,6.398242805791496e6,1.9194728417374485e6,0.0,0.0,0.0,0.0,0.0,8.317715647528945e6
Region18Hunan_h2dri_transforms_dri_Region18Hunan,1.002835297244071e10,3.0085058917322125e9,0.0,0.0,0.0,0.0,0.0,1.3036858864172922e10
Region19Guangdong_h2dri_transforms_dri_Region19Guangdong,977833.9913585724,293350.19740757166,0.0,0.0,0.0,0.0,0.0,1.271184188766144e6
Region20Guangxi_h2dri_transforms_dri_Region20Guangxi,2.3104198077232273e10,6.931259423169681e9,0.0,0.0,0.0,0.0,0.0,3.0035457500401955e10
Region22Chongqing_h2dri_transforms_dri_Region22Chongqing,9.835336045565078e6,2.9506008136695228e6,0.0,0.0,0.0,0.0,0.0,1.2785936859234601e7
Region23Sichuan_h2dri_transforms_dri_Region23Sichuan,23211.086281950054,6963.325884585015,0.0,0.0,0.0,0.0,0.0,30174.41216653507
Region24Guizhou_h2dri_transforms_dri_Region24Guizhou,7.752395560455849e9,2.325718668136754e9,0.0,0.0,0.0,0.0,0.0,1.0078114228592602e10
Region25Yunnan_h2dri_transforms_dri_Region25Yunnan,4.1387548184736567e9,1.2416264455420969e9,0.0,0.0,0.0,0.0,0.0,5.380381264015754e9
Region27Shaanxi_h2dri_transforms_dri_Region27Shaanxi,6.628690459438477e9,1.9886071378315427e9,0.0,0.0,0.0,0.0,0.0,8.61729759727002e9
Region28Gansu_h2dri_transforms_dri_Region28Gansu,8.538036940176149e10,2.5614110820528442e10,0.0,0.0,0.0,0.0,0.0,1.1099448022228993e11
Region29Qinghai_h2dri_transforms_dri_Region29Qinghai,357683.21768421505,107304.96530526453,0.0,0.0,0.0,0.0,0.0,464988.18298947957
Region30Ningxia_h2dri_transforms_dri_Region30Ningxia,118953.94373720502,35686.1831211615,0.0,0.0,0.0,0.0,0.0,154640.1268583665
Region31Xinjiang_h2dri_transforms_dri_Region31Xinjiang,1.0143129045797918e7,3.0429387137393747e6,0.0,0.0,0.0,0.0,0.0,1.3186067759537293e7
Region1Beijing_methanol_coal_transforms_methanol_Region1Beijing,75479.36987879877,910669.2662236876,0.0,0.0,0.0,0.0,0.0,986148.6361024863
Region2Tianjin_methanol_coal_transforms_methanol_Region2Tianjin,25258.937292474435,1.7010915740759482e6,0.0,0.0,0.0,0.0,0.0,1.7263505113684225e6
Region3Hebei_methanol_coal_transforms_methanol_Region3Hebei,134218.96103111378,1.7090030496009088e6,0.0,0.0,0.0,0.0,0.0,1.8432220106320225e6
Region4Shanxi_methanol_coal_transforms_methanol_Region4Shanxi,71479.97939728446,1.9571020219086683e6,0.0,0.0,0.0,0.0,0.0,2.028582001305953e6
Region5Innermongolia_methanol_coal_transforms_methanol_Region5Innermongolia,11004.21382293856,1.7430737045457205e6,0.0,0.0,0.0,0.0,0.0,1.754077918368659e6
Region6Liaoning_methanol_coal_transforms_methanol_Region6Liaoning,21268.833944921058,1.8408630442975936e6,0.0,0.0,0.0,0.0,0.0,1.8621318782425148e6
Region7Jilin_methanol_coal_transforms_methanol_Region7Jilin,130843.8064276787,1.5281501751778887e6,0.0,0.0,0.0,0.0,0.0,1.6589939816055675e6
Region8Heilongjiang_methanol_coal_transforms_methanol_Region8Heilongjiang,46219.97776080953,2.237598607104947e6,0.0,0.0,0.0,0.0,0.0,2.2838185848657563e6
Region9Shanghai_methanol_coal_transforms_methanol_Region9Shanghai,44870.186943014945,2.084662739073667e8,0.0,0.0,0.0,0.0,0.0,2.0851114409430972e8
Region10Jiangsu_methanol_coal_transforms_methanol_Region10Jiangsu,209244.25126422467,2.0053296042948144e6,0.0,0.0,0.0,0.0,0.0,2.214573855559039e6
Region11Zhejiang_methanol_coal_transforms_methanol_Region11Zhejiang,26484.170370479245,5.3583567620736726e7,0.0,0.0,0.0,0.0,0.0,5.361005179110721e7
Region12Anhui_methanol_coal_transforms_methanol_Region12Anhui,83113.43436242928,1.6985396587217934e6,0.0,0.0,0.0,0.0,0.0,1.7816530930842226e6
Region13Fujian_methanol_coal_transforms_methanol_Region13Fujian,18361.856752415373,6.5181813000100955e7,0.0,0.0,0.0,0.0,0.0,6.520017485685337e7
Region14Jiangxi_methanol_coal_transforms_methanol_Region14Jiangxi,75285.4855551368,897038.1454351442,0.0,0.0,0.0,0.0,0.0,972323.630990281
Region15Shandong_methanol_coal_transforms_methanol_Region15Shandong,13245.514774948666,1.9358387913973138e6,0.0,0.0,0.0,0.0,0.0,1.9490843061722624e6
Region16Henan_methanol_coal_transforms_methanol_Region16Henan,389936.2397036143,1.7075831204240804e6,0.0,0.0,0.0,0.0,0.0,2.097519360127695e6
Region17Hubei_methanol_coal_transforms_methanol_Region17Hubei,26015.94366885243,1.8411228162520383e6,0.0,0.0,0.0,0.0,0.0,1.8671387599208907e6
Region18Hunan_methanol_coal_transforms_methanol_Region18Hunan,52762.45965778823,1.5927819382794069e6,0.0,0.0,0.0,0.0,0.0,1.6455443979371951e6
Region19Guangdong_methanol_coal_transforms_methanol_Region19Guangdong,76046.4085450522,902598.5491694727,0.0,0.0,0.0,0.0,0.0,978644.9577145248
Region20Guangxi_methanol_coal_transforms_methanol_Region20Guangxi,25813.196417794155,1.6959873629061782e6,0.0,0.0,0.0,0.0,0.0,1.7218005593239723e6
Region21Hainan_methanol_coal_transforms_methanol_Region21Hainan,40519.99044864772,2.3215731710026374e8,0.0,0.0,0.0,0.0,0.0,2.321978370907124e8
Region22Chongqing_methanol_coal_transforms_methanol_Region22Chongqing,11314.681708493135,1.7552628735852768e6,0.0,0.0,0.0,0.0,0.0,1.7665775552937698e6
Region23Sichuan_methanol_coal_transforms_methanol_Region23Sichuan,54210.73553750884,1.7608581802896992e6,0.0,0.0,0.0,0.0,0.0,1.815068915827208e6
Region24Guizhou_methanol_coal_transforms_methanol_Region24Guizhou,60220.17357716402,1.6787955432167104e6,0.0,0.0,0.0,0.0,0.0,1.7390157167938745e6
Region25Yunnan_methanol_coal_transforms_methanol_Region25Yunnan,24413.93058864845,1.610673431186396e6,0.0,0.0,0.0,0.0,0.0,1.6350873617750444e6
Region26Tibet_methanol_coal_transforms_methanol_Region26Tibet,75808.09286309643,901424.5254317847,0.0,0.0,0.0,0.0,0.0,977232.6182948811
Region27Shaanxi_methanol_coal_transforms_methanol_Region27Shaanxi,8794.14479939094,1.952275515038503e6,0.0,0.0,0.0,0.0,0.0,1.9610696598378941e6
Region28Gansu_methanol_coal_transforms_methanol_Region28Gansu,44361.273432726906,1.6351665156174088e6,0.0,0.0,0.0,0.0,0.0,1.6795277890501358e6
Region29Qinghai_methanol_coal_transforms_methanol_Region29Qinghai,23701.859445360533,1.8130081108412722e8,0.0,0.0,0.0,0.0,0.0,1.8132451294357258e8
Region30Ningxia_methanol_coal_transforms_methanol_Region30Ningxia,60822.65058543647,1.998944806732785e8,0.0,0.0,0.0,0.0,0.0,1.9995530332386395e8
Region31Xinjiang_methanol_coal_transforms_methanol_Region31Xinjiang,63382.04893183514,6.6203579713412e8,0.0,0.0,0.0,0.0,0.0,6.620991791830518e8
Region1Beijing_methanol_coal_ccs_transforms_methanol_Region1Beijing,69051.70457524671,925141.3652662925,0.0,0.0,0.0,0.0,0.0,994193.0698415391
Region2Tianjin_methanol_coal_ccs_transforms_methanol_Region2Tianjin,131662.05829691645,1.5410565111314226e6,0.0,0.0,0.0,0.0,0.0,1.6727185694283391e6
Region3Hebei_methanol_coal_ccs_transforms_methanol_Region3Hebei,122167.44691342334,1.5195940101994618e6,0.0,0.0,0.0,0.0,0.0,1.641761457112885e6
Region4Shanxi_methanol_coal_ccs_transforms_methanol_Region4Shanxi,81376.396009828,915626.7192682141,0.0,0.0,0.0,0.0,0.0,997003.115278042
Region5Innermongolia_methanol_coal_ccs_transforms_methanol_Region5Innermongolia,173902.28323880018,1.3972918186808305e6,0.0,0.0,0.0,0.0,0.0,1.5711941019196308e6
Region6Liaoning_methanol_coal_ccs_transforms_methanol_Region6Liaoning,122334.18834388287,1.5169159353133277e6,0.0,0.0,0.0,0.0,0.0,1.6392501236572105e6
Region7Jilin_methanol_coal_ccs_transforms_methanol_Region7Jilin,205595.13164099518,1.4491462525182604e6,0.0,0.0,0.0,0.0,0.0,1.6547413841592555e6
Region8Heilongjiang_methanol_coal_ccs_transforms_methanol_Region8Heilongjiang,199013.03425925015,1.4719177186654683e6,0.0,0.0,0.0,0.0,0.0,1.6709307529247184e6
Region9Shanghai_methanol_coal_ccs_transforms_methanol_Region9Shanghai,209541.41171425558,1.7493105579573882e6,0.0,0.0,0.0,0.0,0.0,1.9588519696716438e6
Region10Jiangsu_methanol_coal_ccs_transforms_methanol_Region10Jiangsu,127763.53875143394,1.5349463371991278e6,0.0,0.0,0.0,0.0,0.0,1.6627098759505616e6
Region11Zhejiang_methanol_coal_ccs_transforms_methanol_Region11Zhejiang,69170.00544015341,1.3863599790057025e6,0.0,0.0,0.0,0.0,0.0,1.455529984445856e6
Region12Anhui_methanol_coal_ccs_transforms_methanol_Region12Anhui,144447.65408224406,1.4804698291069167e6,0.0,0.0,0.0,0.0,0.0,1.6249174831891607e6
Region13Fujian_methanol_coal_ccs_transforms_methanol_Region13Fujian,115873.07759969658,1.4939123764210532e6,0.0,0.0,0.0,0.0,0.0,1.6097854540207498e6
Region14Jiangxi_methanol_coal_ccs_transforms_methanol_Region14Jiangxi,102017.26797286436,887297.2861930011,0.0,0.0,0.0,0.0,0.0,989314.5541658654
Region15Shandong_methanol_coal_ccs_transforms_methanol_Region15Shandong,186741.10143836477,1.252277666076239e6,0.0,0.0,0.0,0.0,0.0,1.4390187675146037e6
Region16Henan_methanol_coal_ccs_transforms_methanol_Region16Henan,132186.9800325361,1.5437684833779829e6,0.0,0.0,0.0,0.0,0.0,1.675955463410519e6
Region17Hubei_methanol_coal_ccs_transforms_methanol_Region17Hubei,123101.30988048021,1.3081787315024573e6,0.0,0.0,0.0,0.0,0.0,1.4312800413829375e6
Region18Hunan_methanol_coal_ccs_transforms_methanol_Region18Hunan,145791.99978313473,1.2163358283156932e6,0.0,0.0,0.0,0.0,0.0,1.362127828098828e6
Region19Guangdong_methanol_coal_ccs_transforms_methanol_Region19Guangdong,86586.38791468732,931204.9123141157,0.0,0.0,0.0,0.0,0.0,1.017791300228803e6
Region20Guangxi_methanol_coal_ccs_transforms_methanol_Region20Guangxi,143107.510795846,1.2846299932763204e6,0.0,0.0,0.0,0.0,0.0,1.4277375040721665e6
Region21Hainan_methanol_coal_ccs_transforms_methanol_Region21Hainan,194253.13686090475,1.9085877554670323e6,0.0,0.0,0.0,0.0,0.0,2.1028408923279373e6
Region22Chongqing_methanol_coal_ccs_transforms_methanol_Region22Chongqing,122673.17728547,1.4927181213122369e6,0.0,0.0,0.0,0.0,0.0,1.615391298597707e6
Region23Sichuan_methanol_coal_ccs_transforms_methanol_Region23Sichuan,66764.00905899964,964375.1918106587,0.0,0.0,0.0,0.0,0.0,1.0311392008696583e6
Region24Guizhou_methanol_coal_ccs_transforms_methanol_Region24Guizhou,69620.95390973732,924030.0422644683,0.0,0.0,0.0,0.0,0.0,993650.9961742056
Region25Yunnan_methanol_coal_ccs_transforms_methanol_Region25Yunnan,125894.04028432272,1.5874537653773502e6,0.0,0.0,0.0,0.0,0.0,1.713347805661673e6
Region26Tibet_methanol_coal_ccs_transforms_methanol_Region26Tibet,92852.50528209991,956031.2420380949,0.0,0.0,0.0,0.0,0.0,1.0488837473201947e6
Region27Shaanxi_methanol_coal_ccs_transforms_methanol_Region27Shaanxi,126353.3624482959,1.5911733741442056e6,0.0,0.0,0.0,0.0,0.0,1.7175267365925014e6
Region28Gansu_methanol_coal_ccs_transforms_methanol_Region28Gansu,162020.06328654633,1.1704858361242616e6,0.0,0.0,0.0,0.0,0.0,1.332505899410808e6
Region29Qinghai_methanol_coal_ccs_transforms_methanol_Region29Qinghai,105424.4455354339,1.6822678181143561e6,0.0,0.0,0.0,0.0,0.0,1.78769226364979e6
Region30Ningxia_methanol_coal_ccs_transforms_methanol_Region30Ningxia,91168.81273190428,916143.9111773961,0.0,0.0,0.0,0.0,0.0,1.0073127239093004e6
Region31Xinjiang_methanol_coal_ccs_transforms_methanol_Region31Xinjiang,95108.12284192149,1.785804580525418e6,0.0,0.0,0.0,0.0,0.0,1.8809127033673394e6
Region3Hebei_methanol_cog_transforms_methanol_Region3Hebei,0.0,614305.6407131264,0.0,0.0,0.0,0.0,0.0,614305.6407131264
Region4Shanxi_methanol_cog_transforms_methanol_Region4Shanxi,0.0,617151.9581036947,0.0,0.0,0.0,0.0,0.0,617151.9581036947
Region5Innermongolia_methanol_cog_transforms_methanol_Region5Innermongolia,0.0,616944.9258417004,0.0,0.0,0.0,0.0,0.0,616944.9258417004
Region7Jilin_methanol_cog_transforms_methanol_Region7Jilin,0.0,594767.9329208089,0.0,0.0,0.0,0.0,0.0,594767.9329208089
Region8Heilongjiang_methanol_cog_transforms_methanol_Region8Heilongjiang,0.0,616389.3376586033,0.0,0.0,0.0,0.0,0.0,616389.3376586033
Region10Jiangsu_methanol_cog_transforms_methanol_Region10Jiangsu,0.0,614299.6669848708,0.0,0.0,0.0,0.0,0.0,614299.6669848708
Region12Anhui_methanol_cog_transforms_methanol_Region12Anhui,0.0,612841.0713070928,0.0,0.0,0.0,0.0,0.0,612841.0713070928
Region15Shandong_methanol_cog_transforms_methanol_Region15Shandong,0.0,612859.525739541,0.0,0.0,0.0,0.0,0.0,612859.525739541
Region16Henan_methanol_cog_transforms_methanol_Region16Henan,0.0,599594.5075725736,0.0,0.0,0.0,0.0,0.0,599594.5075725736
Region23Sichuan_methanol_cog_transforms_methanol_Region23Sichuan,0.0,600794.7966672512,0.0,0.0,0.0,0.0,0.0,600794.7966672512
Region25Yunnan_methanol_cog_transforms_methanol_Region25Yunnan,0.0,614277.9746232724,0.0,0.0,0.0,0.0,0.0,614277.9746232724
Region27Shaanxi_methanol_cog_transforms_methanol_Region27Shaanxi,0.0,613958.1130461082,0.0,0.0,0.0,0.0,0.0,613958.1130461082
Region30Ningxia_methanol_cog_transforms_methanol_Region30Ningxia,0.0,611303.4646928833,0.0,0.0,0.0,0.0,0.0,611303.4646928833
Region5Innermongolia_methanol_gas_transforms_methanol_Region5Innermongolia,0.0,644595.8630346612,0.0,0.0,0.0,0.0,0.0,644595.8630346612
Region8Heilongjiang_methanol_gas_transforms_methanol_Region8Heilongjiang,0.0,760423.8831910158,0.0,0.0,0.0,0.0,0.0,760423.8831910158
Region15Shandong_methanol_gas_transforms_methanol_Region15Shandong,0.0,958945.8012424911,0.0,0.0,0.0,0.0,0.0,958945.8012424911
Region21Hainan_methanol_gas_transforms_methanol_Region21Hainan,0.0,676528.2405703681,0.0,0.0,0.0,0.0,0.0,676528.2405703681
Region22Chongqing_methanol_gas_transforms_methanol_Region22Chongqing,0.0,1.900606111432477e6,0.0,0.0,0.0,0.0,0.0,1.900606111432477e6
Region23Sichuan_methanol_gas_transforms_methanol_Region23Sichuan,0.0,2.127375620192886e6,0.0,0.0,0.0,0.0,0.0,2.127375620192886e6
Region27Shaanxi_methanol_gas_transforms_methanol_Region27Shaanxi,0.0,1.9283617851944384e6,0.0,0.0,0.0,0.0,0.0,1.9283617851944384e6
Region28Gansu_methanol_gas_transforms_methanol_Region28Gansu,0.0,1.29398204753718e6,0.0,0.0,0.0,0.0,0.0,1.29398204753718e6
Region29Qinghai_methanol_gas_transforms_methanol_Region29Qinghai,0.0,1.6107525570396402e8,0.0,0.0,0.0,0.0,0.0,1.6107525570396402e8
Region31Xinjiang_methanol_gas_transforms_methanol_Region31Xinjiang,0.0,654264.7891565072,0.0,0.0,0.0,0.0,0.0,654264.7891565072
Region1Beijing_methanol_gas_ccs_transforms_methanol_Region1Beijing,89167.23594605693,883602.1566131249,0.0,0.0,0.0,0.0,0.0,972769.3925591818
Region2Tianjin_methanol_gas_ccs_transforms_methanol_Region2Tianjin,162808.8658280104,1.1134785620238893e6,0.0,0.0,0.0,0.0,0.0,1.2762874278518998e6
Region3Hebei_methanol_gas_ccs_transforms_methanol_Region3Hebei,80387.9566585592,973176.1515989533,0.0,0.0,0.0,0.0,0.0,1.0535641082575126e6
Region4Shanxi_methanol_gas_ccs_transforms_methanol_Region4Shanxi,91764.91440367076,888054.5299317365,0.0,0.0,0.0,0.0,0.0,979819.4443354073
Region5Innermongolia_methanol_gas_ccs_transforms_methanol_Region5Innermongolia,67957.59149850045,937221.8453989549,0.0,0.0,0.0,0.0,0.0,1.0051794368974554e6
Region6Liaoning_methanol_gas_ccs_transforms_methanol_Region6Liaoning,110894.99286956538,1.0295766861770042e6,0.0,0.0,0.0,0.0,0.0,1.1404716790465696e6
Region7Jilin_methanol_gas_ccs_transforms_methanol_Region7Jilin,152268.8836505805,1.1697120305319198e6,0.0,0.0,0.0,0.0,0.0,1.3219809141825002e6
Region8Heilongjiang_methanol_gas_ccs_transforms_methanol_Region8Heilongjiang,151174.3997245717,1.1752143195561573e6,0.0,0.0,0.0,0.0,0.0,1.326388719280729e6
Region9Shanghai_methanol_gas_ccs_transforms_methanol_Region9Shanghai,79394.14582737564,1.0151986485980604e6,0.0,0.0,0.0,0.0,0.0,1.094592794425436e6
Region10Jiangsu_methanol_gas_ccs_transforms_methanol_Region10Jiangsu,162039.29338917462,1.111723870159073e6,0.0,0.0,0.0,0.0,0.0,1.2737631635482477e6
Region11Zhejiang_methanol_gas_ccs_transforms_methanol_Region11Zhejiang,102050.88997912018,1.0037349845884976e6,0.0,0.0,0.0,0.0,0.0,1.1057858745676177e6
Region12Anhui_methanol_gas_ccs_transforms_methanol_Region12Anhui,151895.2281833903,1.2087406675420378e6,0.0,0.0,0.0,0.0,0.0,1.3606358957254281e6
Region13Fujian_methanol_gas_ccs_transforms_methanol_Region13Fujian,99548.67334160725,1.0056869900776467e6,0.0,0.0,0.0,0.0,0.0,1.105235663419254e6
Region14Jiangxi_methanol_gas_ccs_transforms_methanol_Region14Jiangxi,104734.47913830132,867844.0779457598,0.0,0.0,0.0,0.0,0.0,972578.5570840611
Region15Shandong_methanol_gas_ccs_transforms_methanol_Region15Shandong,213166.43808522905,1.4253274958463914e6,0.0,0.0,0.0,0.0,0.0,1.6384939339316206e6
Region16Henan_methanol_gas_ccs_transforms_methanol_Region16Henan,151020.3740346431,1.2541598390114643e6,0.0,0.0,0.0,0.0,0.0,1.4051802130461074e6
Region17Hubei_methanol_gas_ccs_transforms_methanol_Region17Hubei,121033.76454526589,1.2406653029250195e6,0.0,0.0,0.0,0.0,0.0,1.3616990674702853e6
Region18Hunan_methanol_gas_ccs_transforms_methanol_Region18Hunan,150300.45025335552,1.2468652278549583e6,0.0,0.0,0.0,0.0,0.0,1.3971656781083138e6
Region19Guangdong_methanol_gas_ccs_transforms_methanol_Region19Guangdong,99899.25951697909,889262.9811113182,0.0,0.0,0.0,0.0,0.0,989162.2406282973
Region20Guangxi_methanol_gas_ccs_transforms_methanol_Region20Guangxi,142107.9038683555,1.521912580212141e6,0.0,0.0,0.0,0.0,0.0,1.6640204840804965e6
Region21Hainan_methanol_gas_ccs_transforms_methanol_Region21Hainan,63385.51825816813,1.0948534472013207e6,0.0,0.0,0.0,0.0,0.0,1.1582389654594888e6
Region22Chongqing_methanol_gas_ccs_transforms_methanol_Region22Chongqing,97859.7461377496,1.7082515908956465e6,0.0,0.0,0.0,0.0,0.0,1.8061113370333961e6
Region23Sichuan_methanol_gas_ccs_transforms_methanol_Region23Sichuan,211475.69925565703,1.4168915178420849e6,0.0,0.0,0.0,0.0,0.0,1.628367217097742e6
Region24Guizhou_methanol_gas_ccs_transforms_methanol_Region24Guizhou,73488.7347806414,899559.0939093928,0.0,0.0,0.0,0.0,0.0,973047.8286900342
Region25Yunnan_methanol_gas_ccs_transforms_methanol_Region25Yunnan,116933.95910391366,1.0363047508738253e6,0.0,0.0,0.0,0.0,0.0,1.153238709977739e6
Region26Tibet_methanol_gas_ccs_transforms_methanol_Region26Tibet,94977.28881023859,886088.6168882655,0.0,0.0,0.0,0.0,0.0,981065.9056985041
Region27Shaanxi_methanol_gas_ccs_transforms_methanol_Region27Shaanxi,156182.3407561043,1.4524933068577687e6,0.0,0.0,0.0,0.0,0.0,1.608675647613873e6
Region28Gansu_methanol_gas_ccs_transforms_methanol_Region28Gansu,152889.28052057826,1.2356570882614627e6,0.0,0.0,0.0,0.0,0.0,1.3885463687820411e6
Region29Qinghai_methanol_gas_ccs_transforms_methanol_Region29Qinghai,137686.22972040199,1.3424058307466893e6,0.0,0.0,0.0,0.0,0.0,1.4800920604670914e6
Region30Ningxia_methanol_gas_ccs_transforms_methanol_Region30Ningxia,92510.24668824328,903714.6947311459,0.0,0.0,0.0,0.0,0.0,996224.9414193891
Region31Xinjiang_methanol_gas_ccs_transforms_methanol_Region31Xinjiang,103882.60776687418,999309.3776750423,0.0,0.0,0.0,0.0,0.0,1.1031919854419164e6
Region1Beijing_methanol_h2_transforms_methanol_Region1Beijing,7.532830349044973e6,6.001055778540982e6,0.0,0.0,0.0,0.0,0.0,1.3533886127585955e7
Region2Tianjin_methanol_h2_transforms_methanol_Region2Tianjin,1.9494319754649073e8,1.471778047968619e8,0.0,0.0,0.0,0.0,0.0,3.421210023433526e8
Region3Hebei_methanol_h2_transforms_methanol_Region3Hebei,1.0564749115060141e9,7.929730521815028e8,0.0,0.0,0.0,0.0,0.0,1.849447963687517e9
Region4Shanxi_methanol_h2_transforms_methanol_Region4Shanxi,1.9013502404869983e9,1.4276469757568083e9,0.0,0.0,0.0,0.0,0.0,3.328997216243807e9
Region5Innermongolia_methanol_h2_transforms_methanol_Region5Innermongolia,5.834182067284409e9,4.376078824775724e9,0.0,0.0,0.0,0.0,0.0,1.0210260892060133e10
Region6Liaoning_methanol_h2_transforms_methanol_Region6Liaoning,1.1686958438525747e8,9.182941335080418e7,0.0,0.0,0.0,0.0,0.0,2.0869899773606163e8
Region7Jilin_methanol_h2_transforms_methanol_Region7Jilin,1.7107243984672403e9,1.330662239074476e9,0.0,0.0,0.0,0.0,0.0,3.0413866375417166e9
Region8Heilongjiang_methanol_h2_transforms_methanol_Region8Heilongjiang,1.9252034455083737e9,1.5685990797205899e9,0.0,0.0,0.0,0.0,0.0,3.493802525228964e9
Region9Shanghai_methanol_h2_transforms_methanol_Region9Shanghai,1.1253894493961048e6,1.2666173626722672e6,0.0,0.0,0.0,0.0,0.0,2.392006812068372e6
Region10Jiangsu_methanol_h2_transforms_methanol_Region10Jiangsu,1.0804893179211926e9,8.10858474772546e8,0.0,0.0,0.0,0.0,0.0,1.8913477926937387e9
Region11Zhejiang_methanol_h2_transforms_methanol_Region11Zhejiang,7.422136906331105e6,5.98311658561685e6,0.0,0.0,0.0,0.0,0.0,1.3405253491947956e7
Region12Anhui_methanol_h2_transforms_methanol_Region12Anhui,1.518120441198492e9,1.1394341641774423e9,0.0,0.0,0.0,0.0,0.0,2.6575546053759346e9
Region13Fujian_methanol_h2_transforms_methanol_Region13Fujian,1.5211409817351347e7,1.192086402271465e7,0.0,0.0,0.0,0.0,0.0,2.7132273840065997e7
Region14Jiangxi_methanol_h2_transforms_methanol_Region14Jiangxi,201706.06692956123,2.0696243967096964e6,0.0,0.0,0.0,0.0,0.0,2.2713304636392575e6
Region15Shandong_methanol_h2_transforms_methanol_Region15Shandong,3.260913195840529e9,2.4463881232920604e9,0.0,0.0,0.0,0.0,0.0,5.707301319132589e9
Region16Henan_methanol_h2_transforms_methanol_Region16Henan,1.6048693991323457e9,1.204670794727763e9,0.0,0.0,0.0,0.0,0.0,2.8095401938601084e9
Region17Hubei_methanol_h2_transforms_methanol_Region17Hubei,1.7963455283030814e8,1.360176473541895e8,0.0,0.0,0.0,0.0,0.0,3.156522001844976e8
Region18Hunan_methanol_h2_transforms_methanol_Region18Hunan,5.1739819011645615e7,4.312231925545209e7,0.0,0.0,0.0,0.0,0.0,9.486213826709771e7
Region19Guangdong_methanol_h2_transforms_methanol_Region19Guangdong,69559.66343137756,392858.4326498696,0.0,0.0,0.0,0.0,0.0,462418.09608124715
Region20Guangxi_methanol_h2_transforms_methanol_Region20Guangxi,2.0970192785736022e9,1.5789057770681574e9,0.0,0.0,0.0,0.0,0.0,3.67592505564176e9
Region21Hainan_methanol_h2_transforms_methanol_Region21Hainan,1.2370694372759728e8,9.551986879339932e7,0.0,0.0,0.0,0.0,0.0,2.192268125209966e8
Region22Chongqing_methanol_h2_transforms_methanol_Region22Chongqing,6.280302140952411e8,4.7227557724811167e8,0.0,0.0,0.0,0.0,0.0,1.1003057913433528e9
Region23Sichuan_methanol_h2_transforms_methanol_Region23Sichuan,6.705653572279851e8,5.073415116624037e8,0.0,0.0,0.0,0.0,0.0,1.177906868890389e9
Region24Guizhou_methanol_h2_transforms_methanol_Region24Guizhou,2.939058078564852e8,2.2356229055781025e8,0.0,0.0,0.0,0.0,0.0,5.1746809841429543e8
Region25Yunnan_methanol_h2_transforms_methanol_Region25Yunnan,1.2912758922328608e9,9.689387045656989e8,0.0,0.0,0.0,0.0,0.0,2.2602145967985597e9
Region26Tibet_methanol_h2_transforms_methanol_Region26Tibet,59903.130695737804,400583.0444104291,0.0,0.0,0.0,0.0,0.0,460486.17510616686
Region27Shaanxi_methanol_h2_transforms_methanol_Region27Shaanxi,4.452080042682612e9,3.3396465176234565e9,0.0,0.0,0.0,0.0,0.0,7.791726560306068e9
Region28Gansu_methanol_h2_transforms_methanol_Region28Gansu,4.2206358284605056e7,3.65735546272322e7,0.0,0.0,0.0,0.0,0.0,7.877991291183725e7
Region29Qinghai_methanol_h2_transforms_methanol_Region29Qinghai,1.7970188311538517e6,1.8380093742294721e6,0.0,0.0,0.0,0.0,0.0,3.635028205383324e6
Region30Ningxia_methanol_h2_transforms_methanol_Region30Ningxia,1.2076158486053338e9,9.085596957023742e8,0.0,0.0,0.0,0.0,0.0,2.116175544307708e9
Region31Xinjiang_methanol_h2_transforms_methanol_Region31Xinjiang,558658.177566264,854420.8758332242,0.0,0.0,0.0,0.0,0.0,1.4130790533994883e6
Region1Beijing_bfbof_transforms_crudesteel_Region1Beijing,921.6906047500447,924.7158622435645,0.0,0.0,0.0,0.0,0.0,1846.4064669936092
Region2Tianjin_bfbof_transforms_crudesteel_Region2Tianjin,1156.1051687592899,731.0813703459888,0.0,0.0,0.0,0.0,0.0,1887.1865391052788
Region3Hebei_bfbof_transforms_crudesteel_Region3Hebei,878.7051861355146,1004.2418966763063,0.0,0.0,0.0,0.0,0.0,1882.947082811821
Region4Shanxi_bfbof_transforms_crudesteel_Region4Shanxi,909.5901203117339,996.4526697848712,0.0,0.0,0.0,0.0,0.0,1906.0427900966051
Region5Innermongolia_bfbof_transforms_crudesteel_Region5Innermongolia,994.6830420071611,1027.8508535578505,0.0,0.0,0.0,0.0,0.0,2022.5338955650118
Region6Liaoning_bfbof_transforms_crudesteel_Region6Liaoning,941.3143737819088,861.5923089166193,0.0,0.0,0.0,0.0,0.0,1802.9066826985281
Region7Jilin_bfbof_transforms_crudesteel_Region7Jilin,912.9773711301559,814.2387042579195,0.0,0.0,0.0,0.0,0.0,1727.2160753880753
Region8Heilongjiang_bfbof_transforms_crudesteel_Region8Heilongjiang,931.6596204171487,818.4461858331781,0.0,0.0,0.0,0.0,0.0,1750.1058062503269
Region9Shanghai_bfbof_transforms_crudesteel_Region9Shanghai,1045.5680488867006,1036.7234984965617,0.0,0.0,0.0,0.0,0.0,2082.2915473832622
Region10Jiangsu_bfbof_transforms_crudesteel_Region10Jiangsu,876.1383509870004,985.7591147863665,0.0,0.0,0.0,0.0,0.0,1861.897465773367
Region11Zhejiang_bfbof_transforms_crudesteel_Region11Zhejiang,1061.302494750701,1002.725078671161,0.0,0.0,0.0,0.0,0.0,2064.027573421862
Region12Anhui_bfbof_transforms_crudesteel_Region12Anhui,916.0093616829444,922.578225817993,0.0,0.0,0.0,0.0,0.0,1838.5875875009374
Region13Fujian_bfbof_transforms_crudesteel_Region13Fujian,986.9335266039099,1003.2732098783891,0.0,0.0,0.0,0.0,0.0,1990.206736482299
Region14Jiangxi_bfbof_transforms_crudesteel_Region14Jiangxi,909.3312247776759,852.2835552925916,0.0,0.0,0.0,0.0,0.0,1761.6147800702674
Region15Shandong_bfbof_transforms_crudesteel_Region15Shandong,1169.2766289306726,715.6233075018082,0.0,0.0,0.0,0.0,0.0,1884.899936432481
Region16Henan_bfbof_transforms_crudesteel_Region16Henan,1129.9108934419676,686.5822995940575,0.0,0.0,0.0,0.0,0.0,1816.493193036025
Region17Hubei_bfbof_transforms_crudesteel_Region17Hubei,890.6039676013768,864.6610155442162,0.0,0.0,0.0,0.0,0.0,1755.2649831455929
Region18Hunan_bfbof_transforms_crudesteel_Region18Hunan,899.7131862794645,827.9700281343414,0.0,0.0,0.0,0.0,0.0,1727.683214413806
Region19Guangdong_bfbof_transforms_crudesteel_Region19Guangdong,968.0483712158068,991.321431854957,0.0,0.0,0.0,0.0,0.0,1959.3698030707637
Region20Guangxi_bfbof_transforms_crudesteel_Region20Guangxi,862.6641532014917,859.0180833358289,0.0,0.0,0.0,0.0,0.0,1721.6822365373205
Region22Chongqing_bfbof_transforms_crudesteel_Region22Chongqing,935.5241824522516,837.3712542727757,0.0,0.0,0.0,0.0,0.0,1772.8954367250271
Region23Sichuan_bfbof_transforms_crudesteel_Region23Sichuan,879.6325487933021,801.1534814273467,0.0,0.0,0.0,0.0,0.0,1680.7860302206489
Region24Guizhou_bfbof_transforms_crudesteel_Region24Guizhou,1020.4569124222656,905.636839953932,0.0,0.0,0.0,0.0,0.0,1926.0937523761977
Region25Yunnan_bfbof_transforms_crudesteel_Region25Yunnan,1055.7199043513908,1035.9156284070175,0.0,0.0,0.0,0.0,0.0,2091.6355327584083
Region27Shaanxi_bfbof_transforms_crudesteel_Region27Shaanxi,963.2842698683419,881.1240779135611,0.0,0.0,0.0,0.0,0.0,1844.408347781903
Region28Gansu_bfbof_transforms_crudesteel_Region28Gansu,884.5596043660031,762.04663344846,0.0,0.0,0.0,0.0,0.0,1646.6062378144632
Region29Qinghai_bfbof_transforms_crudesteel_Region29Qinghai,897.844861867481,801.2362400847263,0.0,0.0,0.0,0.0,0.0,1699.0811019522073
Region30Ningxia_bfbof_transforms_crudesteel_Region30Ningxia,994.2483250973848,877.5846060725509,0.0,0.0,0.0,0.0,0.0,1871.8329311699358
Region31Xinjiang_bfbof_transforms_crudesteel_Region31Xinjiang,1032.682611800429,986.7154329815174,0.0,0.0,0.0,0.0,0.0,2019.3980447819463
Region1Beijing_bfbofccs_transforms_crudesteel_Region1Beijing,124184.35188732728,37257.37319726627,0.0,0.0,0.0,0.0,0.0,161441.72508459355
Region2Tianjin_bfbofccs_transforms_crudesteel_Region2Tianjin,1636.2573863191938,490.9044590754032,0.0,0.0,0.0,0.0,0.0,2127.161845394597
Region3Hebei_bfbofccs_transforms_crudesteel_Region3Hebei,4247.787807644427,1274.4070666471475,0.0,0.0,0.0,0.0,0.0,5522.194874291574
Region4Shanxi_bfbofccs_transforms_crudesteel_Region4Shanxi,2406.596954840486,722.0191555474597,0.0,0.0,0.0,0.0,0.0,3128.616110387946
Region5Innermongolia_bfbofccs_transforms_crudesteel_Region5Innermongolia,1234.214850858628,370.28500455330493,0.0,0.0,0.0,0.0,0.0,1604.499855411933
Region6Liaoning_bfbofccs_transforms_crudesteel_Region6Liaoning,977.6462094300322,293.3101403361653,0.0,0.0,0.0,0.0,0.0,1270.9563497661975
Region7Jilin_bfbofccs_transforms_crudesteel_Region7Jilin,1015.8610806120024,304.7752379565455,0.0,0.0,0.0,0.0,0.0,1320.636318568548
Region8Heilongjiang_bfbofccs_transforms_crudesteel_Region8Heilongjiang,1321.8087596524847,396.5646356029653,0.0,0.0,0.0,0.0,0.0,1718.37339525545
Region9Shanghai_bfbofccs_transforms_crudesteel_Region9Shanghai,57393.58958883001,17219.03246217277,0.0,0.0,0.0,0.0,0.0,74612.62205100278
Region10Jiangsu_bfbofccs_transforms_crudesteel_Region10Jiangsu,1188.5090684370782,356.5725088396923,0.0,0.0,0.0,0.0,0.0,1545.0815772767705
Region11Zhejiang_bfbofccs_transforms_crudesteel_Region11Zhejiang,14659.977509866556,4398.237337053461,0.0,0.0,0.0,0.0,0.0,19058.21484692002
Region12Anhui_bfbofccs_transforms_crudesteel_Region12Anhui,2572.894967553826,771.9113281719623,0.0,0.0,0.0,0.0,0.0,3344.8062957257885
Region13Fujian_bfbofccs_transforms_crudesteel_Region13Fujian,21737.77143328592,6521.6933571600375,0.0,0.0,0.0,0.0,0.0,28259.46479044596
Region14Jiangxi_bfbofccs_transforms_crudesteel_Region14Jiangxi,75145.62246949464,22544.937892231683,0.0,0.0,0.0,0.0,0.0,97690.56036172633
Region15Shandong_bfbofccs_transforms_crudesteel_Region15Shandong,2296.0759262664465,688.861006834288,0.0,0.0,0.0,0.0,0.0,2984.9369331007347
Region16Henan_bfbofccs_transforms_crudesteel_Region16Henan,1206.9076539572434,362.092390826503,0.0,0.0,0.0,0.0,0.0,1569.0000447837465
Region17Hubei_bfbofccs_transforms_crudesteel_Region17Hubei,1542.974483800395,462.91803518827237,0.0,0.0,0.0,0.0,0.0,2005.8925189886675
Region18Hunan_bfbofccs_transforms_crudesteel_Region18Hunan,1486.2604649837244,445.9028852723906,0.0,0.0,0.0,0.0,0.0,1932.163350256115
Region19Guangdong_bfbofccs_transforms_crudesteel_Region19Guangdong,228417.52638063175,68529.06099538984,0.0,0.0,0.0,0.0,0.0,296946.5873760216
Region20Guangxi_bfbofccs_transforms_crudesteel_Region20Guangxi,1044.9668165196304,313.50744333033884,0.0,0.0,0.0,0.0,0.0,1358.4742598499693
Region22Chongqing_bfbofccs_transforms_crudesteel_Region22Chongqing,1428.7691851354543,428.65454410587546,0.0,0.0,0.0,0.0,0.0,1857.4237292413297
Region23Sichuan_bfbofccs_transforms_crudesteel_Region23Sichuan,1098.2390361645516,329.4899961898035,0.0,0.0,0.0,0.0,0.0,1427.7290323543552
Region24Guizhou_bfbofccs_transforms_crudesteel_Region24Guizhou,1129.0356504500267,338.72949322955327,0.0,0.0,0.0,0.0,0.0,1467.76514367958
Region25Yunnan_bfbofccs_transforms_crudesteel_Region25Yunnan,1337.6593587291297,401.3200792335323,0.0,0.0,0.0,0.0,0.0,1738.979437962662
Region27Shaanxi_bfbofccs_transforms_crudesteel_Region27Shaanxi,24232.819136721577,7270.2492099636665,0.0,0.0,0.0,0.0,0.0,31503.068346685242
Region28Gansu_bfbofccs_transforms_crudesteel_Region28Gansu,838.6085453072008,251.5965261651887,0.0,0.0,0.0,0.0,0.0,1090.2050714723894
Region29Qinghai_bfbofccs_transforms_crudesteel_Region29Qinghai,168773.68231524213,50634.9147242078,0.0,0.0,0.0,0.0,0.0,219408.59703944993
Region30Ningxia_bfbofccs_transforms_crudesteel_Region30Ningxia,1127.5856083337917,338.2944564519304,0.0,0.0,0.0,0.0,0.0,1465.880064785722
Region31Xinjiang_bfbofccs_transforms_crudesteel_Region31Xinjiang,19647.551373656763,5894.592537753476,0.0,0.0,0.0,0.0,0.0,25542.14391141024
Region1Beijing_drieaf_transforms_crudesteel_Region1Beijing,597271.102311232,179289.33631765735,0.0,0.0,0.0,0.0,0.0,776560.4386288894
Region2Tianjin_drieaf_transforms_crudesteel_Region2Tianjin,4.244801690138351e6,1.274208102283845e6,0.0,0.0,0.0,0.0,0.0,5.519009792422196e6
Region3Hebei_drieaf_transforms_crudesteel_Region3Hebei,4.1437740493189635e9,1.2438815410252223e9,0.0,0.0,0.0,0.0,0.0,5.387655590344186e9
Region4Shanxi_drieaf_transforms_crudesteel_Region4Shanxi,1.4862835705451875e9,4.461538385361684e8,0.0,0.0,0.0,0.0,0.0,1.9324374090813558e9
Region5Innermongolia_drieaf_transforms_crudesteel_Region5Innermongolia,2.1191492052347363e10,6.361279711916206e9,0.0,0.0,0.0,0.0,0.0,2.755277176426357e10
Region6Liaoning_drieaf_transforms_crudesteel_Region6Liaoning,3.7537512986510834e6,1.126804187298517e6,0.0,0.0,0.0,0.0,0.0,4.8805554859496e6
Region7Jilin_drieaf_transforms_crudesteel_Region7Jilin,4.925040164699556e9,1.4784026534179502e9,0.0,0.0,0.0,0.0,0.0,6.403442818117506e9
Region8Heilongjiang_drieaf_transforms_crudesteel_Region8Heilongjiang,2.4198578516278887e9,7.263949428033084e8,0.0,0.0,0.0,0.0,0.0,3.146252794431197e9
Region9Shanghai_drieaf_transforms_crudesteel_Region9Shanghai,6.641845839988481e7,1.9937548091104664e7,0.0,0.0,0.0,0.0,0.0,8.635600649098948e7
Region10Jiangsu_drieaf_transforms_crudesteel_Region10Jiangsu,2.1426442149403047e7,6.431807227488075e6,0.0,0.0,0.0,0.0,0.0,2.785824937689112e7
Region11Zhejiang_drieaf_transforms_crudesteel_Region11Zhejiang,5.783816704140751e8,1.736190909380406e8,0.0,0.0,0.0,0.0,0.0,7.520007613521158e8
Region12Anhui_drieaf_transforms_crudesteel_Region12Anhui,5.624932162761876e9,1.6884968155849395e9,0.0,0.0,0.0,0.0,0.0,7.313428978346815e9
Region13Fujian_drieaf_transforms_crudesteel_Region13Fujian,6.258618767400226e9,1.8787173876825268e9,0.0,0.0,0.0,0.0,0.0,8.137336155082752e9
Region14Jiangxi_drieaf_transforms_crudesteel_Region14Jiangxi,6.380797844924434e9,1.915393204805526e9,0.0,0.0,0.0,0.0,0.0,8.2961910497299595e9
Region15Shandong_drieaf_transforms_crudesteel_Region15Shandong,9.978573579719164e9,2.995376517601051e9,0.0,0.0,0.0,0.0,0.0,1.2973950097320215e10
Region16Henan_drieaf_transforms_crudesteel_Region16Henan,1.1134488852606742e9,3.342360125737286e8,0.0,0.0,0.0,0.0,0.0,1.4476848978344028e9
Region17Hubei_drieaf_transforms_crudesteel_Region17Hubei,8.604763561791593e6,2.5829850836481093e6,0.0,0.0,0.0,0.0,0.0,1.1187748645439703e7
Region18Hunan_drieaf_transforms_crudesteel_Region18Hunan,7.081870351133676e9,2.1258417328900366e9,0.0,0.0,0.0,0.0,0.0,9.207712084023712e9
Region19Guangdong_drieaf_transforms_crudesteel_Region19Guangdong,4.09192604690026e6,1.2283177645306385e6,0.0,0.0,0.0,0.0,0.0,5.3202438114308985e6
Region20Guangxi_drieaf_transforms_crudesteel_Region20Guangxi,1.6321204881683575e10,4.899312857792899e9,0.0,0.0,0.0,0.0,0.0,2.1220517739476475e10
Region22Chongqing_drieaf_transforms_crudesteel_Region22Chongqing,6.518841570334086e6,1.956831285127411e6,0.0,0.0,0.0,0.0,0.0,8.475672855461497e6
Region23Sichuan_drieaf_transforms_crudesteel_Region23Sichuan,304273.9454106659,91337.20603647474,0.0,0.0,0.0,0.0,0.0,395611.1514471406
Region24Guizhou_drieaf_transforms_crudesteel_Region24Guizhou,5.473172941098909e9,1.6429416061888227e9,0.0,0.0,0.0,0.0,0.0,7.116114547287732e9
Region25Yunnan_drieaf_transforms_crudesteel_Region25Yunnan,2.9279435059183054e9,8.789125171472672e8,0.0,0.0,0.0,0.0,0.0,3.8068560230655727e9
Region27Shaanxi_drieaf_transforms_crudesteel_Region27Shaanxi,4.661937635779471e9,1.399424317431089e9,0.0,0.0,0.0,0.0,0.0,6.06136195321056e9
Region28Gansu_drieaf_transforms_crudesteel_Region28Gansu,6.028601539804235e10,1.80967062496836e10,0.0,0.0,0.0,0.0,0.0,7.838272164772595e10
Region29Qinghai_drieaf_transforms_crudesteel_Region29Qinghai,992385.6573872617,297895.15212709847,0.0,0.0,0.0,0.0,0.0,1.2902808095143603e6
Region30Ningxia_drieaf_transforms_crudesteel_Region30Ningxia,418152.8223487189,125521.4620431959,0.0,0.0,0.0,0.0,0.0,543674.2843919147
Region31Xinjiang_drieaf_transforms_crudesteel_Region31Xinjiang,3.174224944208399e9,9.528414841565899e8,0.0,0.0,0.0,0.0,0.0,4.127066428364989e9
Region1Beijing_scrapeaf100_transforms_crudesteel_Region1Beijing,21327.809023603226,6405.655175770232,0.0,0.0,0.0,0.0,0.0,27733.46419937346
Region2Tianjin_scrapeaf100_transforms_crudesteel_Region2Tianjin,3.6286704176267446e6,1.089845253964494e6,0.0,0.0,0.0,0.0,0.0,4.718515671591239e6
Region3Hebei_scrapeaf100_transforms_crudesteel_Region3Hebei,1.902569372491194e8,5.714231281175066e7,0.0,0.0,0.0,0.0,0.0,2.4739925006087005e8
Region4Shanxi_scrapeaf100_transforms_crudesteel_Region4Shanxi,6.454917687936575e7,1.938688444328362e7,0.0,0.0,0.0,0.0,0.0,8.393606132264937e7
Region5Innermongolia_scrapeaf100_transforms_crudesteel_Region5Innermongolia,9.401177035209041e8,2.823576405212252e8,0.0,0.0,0.0,0.0,0.0,1.2224753440421293e9
Region6Liaoning_scrapeaf100_transforms_crudesteel_Region6Liaoning,1.439051361577096e6,432208.80270842643,0.0,0.0,0.0,0.0,0.0,1.8712601642855224e6
Region7Jilin_scrapeaf100_transforms_crudesteel_Region7Jilin,2.19055787770616e8,6.5791841963812225e7,0.0,0.0,0.0,0.0,0.0,2.848476297344282e8
Region8Heilongjiang_scrapeaf100_transforms_crudesteel_Region8Heilongjiang,1.0457869921920787e8,3.140946569745971e7,0.0,0.0,0.0,0.0,0.0,1.3598816491666758e8
Region9Shanghai_scrapeaf100_transforms_crudesteel_Region9Shanghai,2.5237225641334236e7,7.579820546619938e6,0.0,0.0,0.0,0.0,0.0,3.2817046187954172e7
Region10Jiangsu_scrapeaf100_transforms_crudesteel_Region10Jiangsu,1.5932461835578042e6,478520.1166556114,0.0,0.0,0.0,0.0,0.0,2.0717663002134156e6
Region11Zhejiang_scrapeaf100_transforms_crudesteel_Region11Zhejiang,3.186339859327911e8,9.569944286859785e7,0.0,0.0,0.0,0.0,0.0,4.14333428801389e8
Region12Anhui_scrapeaf100_transforms_crudesteel_Region12Anhui,917877.1624534026,275677.8527922885,0.0,0.0,0.0,0.0,0.0,1.1935550152456912e6
Region13Fujian_scrapeaf100_transforms_crudesteel_Region13Fujian,2.87666004596695e8,8.639843076232918e7,0.0,0.0,0.0,0.0,0.0,3.7406443535902417e8
Region14Jiangxi_scrapeaf100_transforms_crudesteel_Region14Jiangxi,2.821926374741899e8,8.475454402279748e7,0.0,0.0,0.0,0.0,0.0,3.6694718149698734e8
Region15Shandong_scrapeaf100_transforms_crudesteel_Region15Shandong,4.5230521198708963e8,1.3584664130227974e8,0.0,0.0,0.0,0.0,0.0,5.881518532893693e8
Region16Henan_scrapeaf100_transforms_crudesteel_Region16Henan,4.080274138898446e7,1.2254812075385213e7,0.0,0.0,0.0,0.0,0.0,5.305755346436967e7
Region17Hubei_scrapeaf100_transforms_crudesteel_Region17Hubei,3.810525114957291e6,1.1444640140023567e6,0.0,0.0,0.0,0.0,0.0,4.954989128959648e6
Region18Hunan_scrapeaf100_transforms_crudesteel_Region18Hunan,3.1621488195846957e8,9.497288226048803e7,0.0,0.0,0.0,0.0,0.0,4.111877642189576e8
Region19Guangdong_scrapeaf100_transforms_crudesteel_Region19Guangdong,3.9213550228363154e6,1.1777509855918775e6,0.0,0.0,0.0,0.0,0.0,5.099106008428193e6
Region20Guangxi_scrapeaf100_transforms_crudesteel_Region20Guangxi,7.316046267666593e8,2.197322265441757e8,0.0,0.0,0.0,0.0,0.0,9.51336853310835e8
Region22Chongqing_scrapeaf100_transforms_crudesteel_Region22Chongqing,223422.26334690614,67103.28172980895,0.0,0.0,0.0,0.0,0.0,290525.54507671506
Region23Sichuan_scrapeaf100_transforms_crudesteel_Region23Sichuan,20243.60968094433,6080.0236435681345,0.0,0.0,0.0,0.0,0.0,26323.633324512462
Region24Guizhou_scrapeaf100_transforms_crudesteel_Region24Guizhou,2.4179617555199108e8,7.26217550847324e7,0.0,0.0,0.0,0.0,0.0,3.1441793063672346e8
Region25Yunnan_scrapeaf100_transforms_crudesteel_Region25Yunnan,1.3744503094932806e8,4.128063379178362e7,0.0,0.0,0.0,0.0,0.0,1.787256647411117e8
Region27Shaanxi_scrapeaf100_transforms_crudesteel_Region27Shaanxi,1.6962163581496865e8,5.094464734649064e7,0.0,0.0,0.0,0.0,0.0,2.2056628316145927e8
Region28Gansu_scrapeaf100_transforms_crudesteel_Region28Gansu,2.675732711954096e9,8.036372173221376e8,0.0,0.0,0.0,0.0,0.0,3.4793699292762337e9
Region29Qinghai_scrapeaf100_transforms_crudesteel_Region29Qinghai,13746.86862926412,4128.773850526642,0.0,0.0,0.0,0.0,0.0,17875.64247979076
Region30Ningxia_scrapeaf100_transforms_crudesteel_Region30Ningxia,11759.161214388207,3531.7801192002876,0.0,0.0,0.0,0.0,0.0,15290.941333588495
Region31Xinjiang_scrapeaf100_transforms_crudesteel_Region31Xinjiang,1.4175127578809595e8,4.2573983685767576e7,0.0,0.0,0.0,0.0,0.0,1.8432525947386354e8
Region1Beijing_scrapeaf56_transforms_crudesteel_Region1Beijing,1487.632094964947,720.9303013596692,0.0,0.0,0.0,0.0,0.0,2208.562396324616
Region2Tianjin_scrapeaf56_transforms_crudesteel_Region2Tianjin,1479.988433710103,716.6079128530854,0.0,0.0,0.0,0.0,0.0,2196.5963465631885
Region3Hebei_scrapeaf56_transforms_crudesteel_Region3Hebei,1613.7262940756953,764.5671065918739,0.0,0.0,0.0,0.0,0.0,2378.293400667569
Region4Shanxi_scrapeaf56_transforms_crudesteel_Region4Shanxi,1611.3167364595568,771.6654182219168,0.0,0.0,0.0,0.0,0.0,2382.9821546814737
Region5Innermongolia_scrapeaf56_transforms_crudesteel_Region5Innermongolia,1253.863502876819,376.385789290329,0.0,0.0,0.0,0.0,0.0,1630.249292167148
Region6Liaoning_scrapeaf56_transforms_crudesteel_Region6Liaoning,1423.0235386648271,691.6188758305183,0.0,0.0,0.0,0.0,0.0,2114.6424144953453
Region7Jilin_scrapeaf56_transforms_crudesteel_Region7Jilin,1342.8597504300928,659.6398768622719,0.0,0.0,0.0,0.0,0.0,2002.4996272923647
Region8Heilongjiang_scrapeaf56_transforms_crudesteel_Region8Heilongjiang,1344.1086059945972,675.3793731857866,0.0,0.0,0.0,0.0,0.0,2019.4879791803837
Region9Shanghai_scrapeaf56_transforms_crudesteel_Region9Shanghai,1623.297061265719,850.2449683876423,0.0,0.0,0.0,0.0,0.0,2473.542029653361
Region10Jiangsu_scrapeaf56_transforms_crudesteel_Region10Jiangsu,1532.790915894862,768.0229303305804,0.0,0.0,0.0,0.0,0.0,2300.8138462254424
Region11Zhejiang_scrapeaf56_transforms_crudesteel_Region11Zhejiang,1579.9691432516704,827.2544783759586,0.0,0.0,0.0,0.0,0.0,2407.2236216276287
Region12Anhui_scrapeaf56_transforms_crudesteel_Region12Anhui,1461.128437637633,735.148258351381,0.0,0.0,0.0,0.0,0.0,2196.276695989014
Region13Fujian_scrapeaf56_transforms_crudesteel_Region13Fujian,1489.9288273708758,853.8505988861808,0.0,0.0,0.0,0.0,0.0,2343.7794262570565
Region14Jiangxi_scrapeaf56_transforms_crudesteel_Region14Jiangxi,1350.12291501269,697.4323747881017,0.0,0.0,0.0,0.0,0.0,2047.5552898007918
Region15Shandong_scrapeaf56_transforms_crudesteel_Region15Shandong,1467.316342489312,708.3835863932885,0.0,0.0,0.0,0.0,0.0,2175.6999288826005
Region16Henan_scrapeaf56_transforms_crudesteel_Region16Henan,1404.820079541177,685.494801197722,0.0,0.0,0.0,0.0,0.0,2090.314880738899
Region17Hubei_scrapeaf56_transforms_crudesteel_Region17Hubei,1385.6925472971518,697.187467339146,0.0,0.0,0.0,0.0,0.0,2082.880014636298
Region18Hunan_scrapeaf56_transforms_crudesteel_Region18Hunan,1316.1129592066745,683.3275238234131,0.0,0.0,0.0,0.0,0.0,1999.4404830300878
Region19Guangdong_scrapeaf56_transforms_crudesteel_Region19Guangdong,1455.9006259870996,883.3361341029776,0.0,0.0,0.0,0.0,0.0,2339.236760090077
Region20Guangxi_scrapeaf56_transforms_crudesteel_Region20Guangxi,1341.3624419819557,701.6620688130997,0.0,0.0,0.0,0.0,0.0,2043.0245107950554
Region22Chongqing_scrapeaf56_transforms_crudesteel_Region22Chongqing,1331.2437027641292,709.28370290869,0.0,0.0,0.0,0.0,0.0,2040.5274056728192
Region23Sichuan_scrapeaf56_transforms_crudesteel_Region23Sichuan,1263.856188704583,662.3925134087481,0.0,0.0,0.0,0.0,0.0,1926.248702113331
Region24Guizhou_scrapeaf56_transforms_crudesteel_Region24Guizhou,1372.6592721812817,831.3093742483801,0.0,0.0,0.0,0.0,0.0,2203.968646429662
Region25Yunnan_scrapeaf56_transforms_crudesteel_Region25Yunnan,1454.4852982596428,917.2799856124996,0.0,0.0,0.0,0.0,0.0,2371.7652838721424
Region27Shaanxi_scrapeaf56_transforms_crudesteel_Region27Shaanxi,1424.5911928872524,731.3230208748846,0.0,0.0,0.0,0.0,0.0,2155.914213762137
Region28Gansu_scrapeaf56_transforms_crudesteel_Region28Gansu,1258.9005108457181,627.3212991200761,0.0,0.0,0.0,0.0,0.0,1886.2218099657944
Region29Qinghai_scrapeaf56_transforms_crudesteel_Region29Qinghai,985.2058405298578,295.7399087304819,0.0,0.0,0.0,0.0,0.0,1280.9457492603397
Region30Ningxia_scrapeaf56_transforms_crudesteel_Region30Ningxia,1076.618178663455,323.1801404306213,0.0,0.0,0.0,0.0,0.0,1399.7983190940763
Region31Xinjiang_scrapeaf56_transforms_crudesteel_Region31Xinjiang,1662.217370378611,762.63512517877,0.0,0.0,0.0,0.0,0.0,2424.8524955573807
steelscrap_source_Region1Beijing_steelscrap_source_Region2Tianjin,0.0,0.0,1.0099595712339279e6,0.0,0.0,0.0,0.0,1.0099595712339279e6
steelscrap_source_Region1Beijing_steelscrap_source_Region3Hebei,0.0,0.0,632150.6832164638,0.0,0.0,0.0,0.0,632150.6832164638
steelscrap_source_Region1Beijing_steelscrap_source_Region4Shanxi,0.0,0.0,488257.9867573996,0.0,0.0,0.0,0.0,488257.9867573996
steelscrap_source_Region1Beijing_steelscrap_source_Region5Innermongolia,0.0,0.0,444186.6878774542,0.0,0.0,0.0,0.0,444186.6878774542
steelscrap_source_Region1Beijing_steelscrap_source_Region6Liaoning,0.0,0.0,512126.0623543265,0.0,0.0,0.0,0.0,512126.0623543265
steelscrap_source_Region1Beijing_steelscrap_source_Region7Jilin,0.0,0.0,480414.15087732364,0.0,0.0,0.0,0.0,480414.15087732364
steelscrap_source_Region1Beijing_steelscrap_source_Region8Heilongjiang,0.0,0.0,471431.53499222506,0.0,0.0,0.0,0.0,471431.53499222506
steelscrap_source_Region1Beijing_steelscrap_source_Region9Shanghai,0.0,0.0,1.4457238820942726e6,0.0,0.0,0.0,0.0,1.4457238820942726e6
steelscrap_source_Region1Beijing_steelscrap_source_Region10Jiangsu,0.0,0.0,1.089777683717579e6,0.0,0.0,0.0,0.0,1.089777683717579e6
steelscrap_source_Region1Beijing_steelscrap_source_Region11Zhejiang,0.0,0.0,1.368172426817929e6,0.0,0.0,0.0,0.0,1.368172426817929e6
steelscrap_source_Region1Beijing_steelscrap_source_Region12Anhui,0.0,0.0,879381.5310242459,0.0,0.0,0.0,0.0,879381.5310242459
steelscrap_source_Region1Beijing_steelscrap_source_Region13Fujian,0.0,0.0,950646.3325400578,0.0,0.0,0.0,0.0,950646.3325400578
steelscrap_source_Region1Beijing_steelscrap_source_Region14Jiangxi,0.0,0.0,739537.1107106786,0.0,0.0,0.0,0.0,739537.1107106786
steelscrap_source_Region1Beijing_steelscrap_source_Region15Shandong,0.0,0.0,1.110633266552874e6,0.0,0.0,0.0,0.0,1.110633266552874e6
steelscrap_source_Region1Beijing_steelscrap_source_Region16Henan,0.0,0.0,529935.8920514627,0.0,0.0,0.0,0.0,529935.8920514627
steelscrap_source_Region1Beijing_steelscrap_source_Region17Hubei,0.0,0.0,703761.3799282279,0.0,0.0,0.0,0.0,703761.3799282279
steelscrap_source_Region1Beijing_steelscrap_source_Region18Hunan,0.0,0.0,674730.6776253552,0.0,0.0,0.0,0.0,674730.6776253552
steelscrap_source_Region1Beijing_steelscrap_source_Region19Guangdong,0.0,0.0,773861.6021572637,0.0,0.0,0.0,0.0,773861.6021572637
steelscrap_source_Region1Beijing_steelscrap_source_Region20Guangxi,0.0,0.0,676758.9940357793,0.0,0.0,0.0,0.0,676758.9940357793
steelscrap_source_Region1Beijing_steelscrap_source_Region21Hainan,0.0,0.0,668792.2298179432,0.0,0.0,0.0,0.0,668792.2298179432
steelscrap_source_Region1Beijing_steelscrap_source_Region22Chongqing,0.0,0.0,597163.4672676,0.0,0.0,0.0,0.0,597163.4672676
steelscrap_source_Region1Beijing_steelscrap_source_Region23Sichuan,0.0,0.0,579508.6437595154,0.0,0.0,0.0,0.0,579508.6437595154
steelscrap_source_Region1Beijing_steelscrap_source_Region24Guizhou,0.0,0.0,612582.2114004883,0.0,0.0,0.0,0.0,612582.2114004883
steelscrap_source_Region1Beijing_steelscrap_source_Region25Yunnan,0.0,0.0,744252.1979940537,0.0,0.0,0.0,0.0,744252.1979940537
steelscrap_source_Region1Beijing_steelscrap_source_Region27Shaanxi,0.0,0.0,435463.3294999433,0.0,0.0,0.0,0.0,435463.3294999433
steelscrap_source_Region1Beijing_steelscrap_source_Region28Gansu,0.0,0.0,420140.9684158935,0.0,0.0,0.0,0.0,420140.9684158935
steelscrap_source_Region1Beijing_steelscrap_source_Region29Qinghai,0.0,0.0,464684.3976968038,0.0,0.0,0.0,0.0,464684.3976968038
steelscrap_source_Region1Beijing_steelscrap_source_Region30Ningxia,0.0,0.0,452480.75425427477,0.0,0.0,0.0,0.0,452480.75425427477
steelscrap_source_Region1Beijing_steelscrap_source_Region31Xinjiang,0.0,0.0,549589.8679505907,0.0,0.0,0.0,0.0,549589.8679505907
steelscrap_source_Region2Tianjin_steelscrap_source_Region1Beijing,0.0,0.0,375098.1863933465,0.0,0.0,0.0,0.0,375098.1863933465
steelscrap_source_Region2Tianjin_steelscrap_source_Region3Hebei,0.0,0.0,524463.7987956482,0.0,0.0,0.0,0.0,524463.7987956482
steelscrap_source_Region2Tianjin_steelscrap_source_Region4Shanxi,0.0,0.0,454092.44336799986,0.0,0.0,0.0,0.0,454092.44336799986
steelscrap_source_Region2Tianjin_steelscrap_source_Region5Innermongolia,0.0,0.0,446955.98184623965,0.0,0.0,0.0,0.0,446955.98184623965
steelscrap_source_Region2Tianjin_steelscrap_source_Region6Liaoning,0.0,0.0,480112.9203496227,0.0,0.0,0.0,0.0,480112.9203496227
steelscrap_source_Region2Tianjin_steelscrap_source_Region7Jilin,0.0,0.0,462272.29293291055,0.0,0.0,0.0,0.0,462272.29293291055
steelscrap_source_Region2Tianjin_steelscrap_source_Region8Heilongjiang,0.0,0.0,457705.18220865814,0.0,0.0,0.0,0.0,457705.18220865814
steelscrap_source_Region2Tianjin_steelscrap_source_Region9Shanghai,0.0,0.0,1.4863276268089125e6,0.0,0.0,0.0,0.0,1.4863276268089125e6
steelscrap_source_Region2Tianjin_steelscrap_source_Region10Jiangsu,0.0,0.0,1.0573035558868013e6,0.0,0.0,0.0,0.0,1.0573035558868013e6
steelscrap_source_Region2Tianjin_steelscrap_source_Region11Zhejiang,0.0,0.0,1.3965913681985647e6,0.0,0.0,0.0,0.0,1.3965913681985647e6
steelscrap_source_Region2Tianjin_steelscrap_source_Region12Anhui,0.0,0.0,832005.3182660851,0.0,0.0,0.0,0.0,832005.3182660851
steelscrap_source_Region2Tianjin_steelscrap_source_Region13Fujian,0.0,0.0,940291.5523441933,0.0,0.0,0.0,0.0,940291.5523441933
steelscrap_source_Region2Tianjin_steelscrap_source_Region14Jiangxi,0.0,0.0,711449.0854725625,0.0,0.0,0.0,0.0,711449.0854725625
steelscrap_source_Region2Tianjin_steelscrap_source_Region15Shandong,0.0,0.0,924159.647581206,0.0,0.0,0.0,0.0,924159.647581206
steelscrap_source_Region2Tianjin_steelscrap_source_Region16Henan,0.0,0.0,494881.1182069888,0.0,0.0,0.0,0.0,494881.1182069888
steelscrap_source_Region2Tianjin_steelscrap_source_Region17Hubei,0.0,0.0,668478.5168575689,0.0,0.0,0.0,0.0,668478.5168575689
steelscrap_source_Region2Tianjin_steelscrap_source_Region18Hunan,0.0,0.0,650105.9607377774,0.0,0.0,0.0,0.0,650105.9607377774
steelscrap_source_Region2Tianjin_steelscrap_source_Region19Guangdong,0.0,0.0,751407.7778914669,0.0,0.0,0.0,0.0,751407.7778914669
steelscrap_source_Region2Tianjin_steelscrap_source_Region20Guangxi,0.0,0.0,661060.1909333202,0.0,0.0,0.0,0.0,661060.1909333202
steelscrap_source_Region2Tianjin_steelscrap_source_Region21Hainan,0.0,0.0,655537.299245276,0.0,0.0,0.0,0.0,655537.299245276
steelscrap_source_Region2Tianjin_steelscrap_source_Region22Chongqing,0.0,0.0,582655.9701444319,0.0,0.0,0.0,0.0,582655.9701444319
steelscrap_source_Region2Tianjin_steelscrap_source_Region23Sichuan,0.0,0.0,566077.041580942,0.0,0.0,0.0,0.0,566077.041580942
steelscrap_source_Region2Tianjin_steelscrap_source_Region24Guizhou,0.0,0.0,598041.6226748334,0.0,0.0,0.0,0.0,598041.6226748334
steelscrap_source_Region2Tianjin_steelscrap_source_Region25Yunnan,0.0,0.0,727087.5921167468,0.0,0.0,0.0,0.0,727087.5921167468
steelscrap_source_Region2Tianjin_steelscrap_source_Region27Shaanxi,0.0,0.0,423453.3072061941,0.0,0.0,0.0,0.0,423453.3072061941
steelscrap_source_Region2Tianjin_steelscrap_source_Region28Gansu,0.0,0.0,416007.31277411955,0.0,0.0,0.0,0.0,416007.31277411955
steelscrap_source_Region2Tianjin_steelscrap_source_Region29Qinghai,0.0,0.0,458786.2085325528,0.0,0.0,0.0,0.0,458786.2085325528
steelscrap_source_Region2Tianjin_steelscrap_source_Region30Ningxia,0.0,0.0,444405.5713155737,0.0,0.0,0.0,0.0,444405.5713155737
steelscrap_source_Region2Tianjin_steelscrap_source_Region31Xinjiang,0.0,0.0,545374.9296410719,0.0,0.0,0.0,0.0,545374.9296410719
steelscrap_source_Region3Hebei_steelscrap_source_Region1Beijing,0.0,0.0,506359.0299887603,0.0,0.0,0.0,0.0,506359.0299887603
steelscrap_source_Region3Hebei_steelscrap_source_Region2Tianjin,0.0,0.0,594949.2506409454,0.0,0.0,0.0,0.0,594949.2506409454
steelscrap_source_Region3Hebei_steelscrap_source_Region4Shanxi,0.0,0.0,365797.44875586045,0.0,0.0,0.0,0.0,365797.44875586045
steelscrap_source_Region3Hebei_steelscrap_source_Region5Innermongolia,0.0,0.0,450502.7602899622,0.0,0.0,0.0,0.0,450502.7602899622
steelscrap_source_Region3Hebei_steelscrap_source_Region6Liaoning,0.0,0.0,527399.7378697582,0.0,0.0,0.0,0.0,527399.7378697582
steelscrap_source_Region3Hebei_steelscrap_source_Region7Jilin,0.0,0.0,500721.0686283218,0.0,0.0,0.0,0.0,500721.0686283218
steelscrap_source_Region3Hebei_steelscrap_source_Region8Heilongjiang,0.0,0.0,490080.02439226606,0.0,0.0,0.0,0.0,490080.02439226606
steelscrap_source_Region3Hebei_steelscrap_source_Region9Shanghai,0.0,0.0,1.4826447278672457e6,0.0,0.0,0.0,0.0,1.4826447278672457e6
steelscrap_source_Region3Hebei_steelscrap_source_Region10Jiangsu,0.0,0.0,1.1184360610982464e6,0.0,0.0,0.0,0.0,1.1184360610982464e6
steelscrap_source_Region3Hebei_steelscrap_source_Region11Zhejiang,0.0,0.0,1.3952115645027568e6,0.0,0.0,0.0,0.0,1.3952115645027568e6
steelscrap_source_Region3Hebei_steelscrap_source_Region12Anhui,0.0,0.0,894084.9009198337,0.0,0.0,0.0,0.0,894084.9009198337
steelscrap_source_Region3Hebei_steelscrap_source_Region13Fujian,0.0,0.0,976119.389250846,0.0,0.0,0.0,0.0,976119.389250846
steelscrap_source_Region3Hebei_steelscrap_source_Region14Jiangxi,0.0,0.0,739979.4963379903,0.0,0.0,0.0,0.0,739979.4963379903
steelscrap_source_Region3Hebei_steelscrap_source_Region15Shandong,0.0,0.0,1.1006402190446816e6,0.0,0.0,0.0,0.0,1.1006402190446816e6
steelscrap_source_Region3Hebei_steelscrap_source_Region16Henan,0.0,0.0,456507.7131082275,0.0,0.0,0.0,0.0,456507.7131082275
steelscrap_source_Region3Hebei_steelscrap_source_Region17Hubei,0.0,0.0,697133.1918195153,0.0,0.0,0.0,0.0,697133.1918195153
steelscrap_source_Region3Hebei_steelscrap_source_Region18Hunan,0.0,0.0,664679.5669395688,0.0,0.0,0.0,0.0,664679.5669395688
steelscrap_source_Region3Hebei_steelscrap_source_Region19Guangdong,0.0,0.0,782021.7064508819,0.0,0.0,0.0,0.0,782021.7064508819
steelscrap_source_Region3Hebei_steelscrap_source_Region20Guangxi,0.0,0.0,671147.3665501528,0.0,0.0,0.0,0.0,671147.3665501528
steelscrap_source_Region3Hebei_steelscrap_source_Region21Hainan,0.0,0.0,663424.7708029776,0.0,0.0,0.0,0.0,663424.7708029776
steelscrap_source_Region3Hebei_steelscrap_source_Region22Chongqing,0.0,0.0,579262.2342016023,0.0,0.0,0.0,0.0,579262.2342016023
steelscrap_source_Region3Hebei_steelscrap_source_Region23Sichuan,0.0,0.0,560189.5274489332,0.0,0.0,0.0,0.0,560189.5274489332
steelscrap_source_Region3Hebei_steelscrap_source_Region24Guizhou,0.0,0.0,599512.9649124246,0.0,0.0,0.0,0.0,599512.9649124246
steelscrap_source_Region3Hebei_steelscrap_source_Region25Yunnan,0.0,0.0,747581.5468735944,0.0,0.0,0.0,0.0,747581.5468735944
steelscrap_source_Region3Hebei_steelscrap_source_Region27Shaanxi,0.0,0.0,383693.2834378132,0.0,0.0,0.0,0.0,383693.2834378132
steelscrap_source_Region3Hebei_steelscrap_source_Region28Gansu,0.0,0.0,387808.21635153895,0.0,0.0,0.0,0.0,387808.21635153895
steelscrap_source_Region3Hebei_steelscrap_source_Region29Qinghai,0.0,0.0,438000.84724612744,0.0,0.0,0.0,0.0,438000.84724612744
steelscrap_source_Region3Hebei_steelscrap_source_Region30Ningxia,0.0,0.0,418678.16390726593,0.0,0.0,0.0,0.0,418678.16390726593
steelscrap_source_Region3Hebei_steelscrap_source_Region31Xinjiang,0.0,0.0,545803.7915020968,0.0,0.0,0.0,0.0,545803.7915020968
steelscrap_source_Region4Shanxi_steelscrap_source_Region1Beijing,0.0,0.0,706206.183578576,0.0,0.0,0.0,0.0,706206.183578576
steelscrap_source_Region4Shanxi_steelscrap_source_Region2Tianjin,0.0,0.0,810659.6891120661,0.0,0.0,0.0,0.0,810659.6891120661
steelscrap_source_Region4Shanxi_steelscrap_source_Region3Hebei,0.0,0.0,1.6250006886857653e6,0.0,0.0,0.0,0.0,1.6250006886857653e6
steelscrap_source_Region4Shanxi_steelscrap_source_Region5Innermongolia,0.0,0.0,479338.5972088736,0.0,0.0,0.0,0.0,479338.5972088736
steelscrap_source_Region4Shanxi_steelscrap_source_Region6Liaoning,0.0,0.0,596780.4976761327,0.0,0.0,0.0,0.0,596780.4976761327
steelscrap_source_Region4Shanxi_steelscrap_source_Region7Jilin,0.0,0.0,551919.1228498202,0.0,0.0,0.0,0.0,551919.1228498202
steelscrap_source_Region4Shanxi_steelscrap_source_Region8Heilongjiang,0.0,0.0,532043.5588888241,0.0,0.0,0.0,0.0,532043.5588888241
steelscrap_source_Region4Shanxi_steelscrap_source_Region9Shanghai,0.0,0.0,1.5683703349699373e6,0.0,0.0,0.0,0.0,1.5683703349699373e6
steelscrap_source_Region4Shanxi_steelscrap_source_Region10Jiangsu,0.0,0.0,1.2200906953474493e6,0.0,0.0,0.0,0.0,1.2200906953474493e6
steelscrap_source_Region4Shanxi_steelscrap_source_Region11Zhejiang,0.0,0.0,1.4783045125134985e6,0.0,0.0,0.0,0.0,1.4783045125134985e6
steelscrap_source_Region4Shanxi_steelscrap_source_Region12Anhui,0.0,0.0,1.0580010176294674e6,0.0,0.0,0.0,0.0,1.0580010176294674e6
steelscrap_source_Region4Shanxi_steelscrap_source_Region13Fujian,0.0,0.0,1.0696461220468492e6,0.0,0.0,0.0,0.0,1.0696461220468492e6
steelscrap_source_Region4Shanxi_steelscrap_source_Region14Jiangxi,0.0,0.0,833423.8780188783,0.0,0.0,0.0,0.0,833423.8780188783
steelscrap_source_Region4Shanxi_steelscrap_source_Region15Shandong,0.0,0.0,1.4343385742472648e6,0.0,0.0,0.0,0.0,1.4343385742472648e6
steelscrap_source_Region4Shanxi_steelscrap_source_Region16Henan,0.0,0.0,590802.1210570289,0.0,0.0,0.0,0.0,590802.1210570289
steelscrap_source_Region4Shanxi_steelscrap_source_Region17Hubei,0.0,0.0,826004.159775331,0.0,0.0,0.0,0.0,826004.159775331
steelscrap_source_Region4Shanxi_steelscrap_source_Region18Hunan,0.0,0.0,747361.8028747963,0.0,0.0,0.0,0.0,747361.8028747963
steelscrap_source_Region4Shanxi_steelscrap_source_Region19Guangdong,0.0,0.0,858005.6054367484,0.0,0.0,0.0,0.0,858005.6054367484
steelscrap_source_Region4Shanxi_steelscrap_source_Region20Guangxi,0.0,0.0,721552.57915449,0.0,0.0,0.0,0.0,721552.57915449
steelscrap_source_Region4Shanxi_steelscrap_source_Region21Hainan,0.0,0.0,704023.3450501122,0.0,0.0,0.0,0.0,704023.3450501122
steelscrap_source_Region4Shanxi_steelscrap_source_Region22Chongqing,0.0,0.0,623959.0978866696,0.0,0.0,0.0,0.0,623959.0978866696
steelscrap_source_Region4Shanxi_steelscrap_source_Region23Sichuan,0.0,0.0,596669.8749739152,0.0,0.0,0.0,0.0,596669.8749739152
steelscrap_source_Region4Shanxi_steelscrap_source_Region24Guizhou,0.0,0.0,640987.4058677094,0.0,0.0,0.0,0.0,640987.4058677094
steelscrap_source_Region4Shanxi_steelscrap_source_Region25Yunnan,0.0,0.0,819652.7718628393,0.0,0.0,0.0,0.0,819652.7718628393
steelscrap_source_Region4Shanxi_steelscrap_source_Region27Shaanxi,0.0,0.0,379403.612422559,0.0,0.0,0.0,0.0,379403.612422559
steelscrap_source_Region4Shanxi_steelscrap_source_Region28Gansu,0.0,0.0,382073.44055660046,0.0,0.0,0.0,0.0,382073.44055660046
steelscrap_source_Region4Shanxi_steelscrap_source_Region29Qinghai,0.0,0.0,442505.4543824663,0.0,0.0,0.0,0.0,442505.4543824663
steelscrap_source_Region4Shanxi_steelscrap_source_Region30Ningxia,0.0,0.0,421331.31143069523,0.0,0.0,0.0,0.0,421331.31143069523
steelscrap_source_Region4Shanxi_steelscrap_source_Region31Xinjiang,0.0,0.0,560933.0121010784,0.0,0.0,0.0,0.0,560933.0121010784
steelscrap_source_Region5Innermongolia_steelscrap_source_Region1Beijing,0.0,0.0,3.591996736867181e6,0.0,0.0,0.0,0.0,3.591996736867181e6
steelscrap_source_Region5Innermongolia_steelscrap_source_Region2Tianjin,0.0,0.0,2.1985290615635416e6,0.0,0.0,0.0,0.0,2.1985290615635416e6
steelscrap_source_Region5Innermongolia_steelscrap_source_Region3Hebei,0.0,0.0,3.1915939001375623e6,0.0,0.0,0.0,0.0,3.1915939001375623e6
steelscrap_source_Region5Innermongolia_steelscrap_source_Region4Shanxi,0.0,0.0,1.4922299974313076e6,0.0,0.0,0.0,0.0,1.4922299974313076e6
steelscrap_source_Region5Innermongolia_steelscrap_source_Region6Liaoning,0.0,0.0,684437.5204777938,0.0,0.0,0.0,0.0,684437.5204777938
steelscrap_source_Region5Innermongolia_steelscrap_source_Region7Jilin,0.0,0.0,595269.3415840146,0.0,0.0,0.0,0.0,595269.3415840146
steelscrap_source_Region5Innermongolia_steelscrap_source_Region8Heilongjiang,0.0,0.0,557637.6005380721,0.0,0.0,0.0,0.0,557637.6005380721
steelscrap_source_Region5Innermongolia_steelscrap_source_Region9Shanghai,0.0,0.0,1.7273063869002e6,0.0,0.0,0.0,0.0,1.7273063869002e6
steelscrap_source_Region5Innermongolia_steelscrap_source_Region10Jiangsu,0.0,0.0,1.3771525705740503e6,0.0,0.0,0.0,0.0,1.3771525705740503e6
steelscrap_source_Region5Innermongolia_steelscrap_source_Region11Zhejiang,0.0,0.0,1.6110071700131635e6,0.0,0.0,0.0,0.0,1.6110071700131635e6
steelscrap_source_Region5Innermongolia_steelscrap_source_Region12Anhui,0.0,0.0,1.1293080996764465e6,0.0,0.0,0.0,0.0,1.1293080996764465e6
steelscrap_source_Region5Innermongolia_steelscrap_source_Region13Fujian,0.0,0.0,1.0975410849828548e6,0.0,0.0,0.0,0.0,1.0975410849828548e6
steelscrap_source_Region5Innermongolia_steelscrap_source_Region14Jiangxi,0.0,0.0,895195.137355317,0.0,0.0,0.0,0.0,895195.137355317
steelscrap_source_Region5Innermongolia_steelscrap_source_Region15Shandong,0.0,0.0,2.3284239209645623e6,0.0,0.0,0.0,0.0,2.3284239209645623e6
steelscrap_source_Region5Innermongolia_steelscrap_source_Region16Henan,0.0,0.0,784626.5852867527,0.0,0.0,0.0,0.0,784626.5852867527
steelscrap_source_Region5Innermongolia_steelscrap_source_Region17Hubei,0.0,0.0,913706.093317111,0.0,0.0,0.0,0.0,913706.093317111
steelscrap_source_Region5Innermongolia_steelscrap_source_Region18Hunan,0.0,0.0,813009.627614679,0.0,0.0,0.0,0.0,813009.627614679
steelscrap_source_Region5Innermongolia_steelscrap_source_Region19Guangdong,0.0,0.0,896439.9669294019,0.0,0.0,0.0,0.0,896439.9669294019
steelscrap_source_Region5Innermongolia_steelscrap_source_Region20Guangxi,0.0,0.0,760617.8908383916,0.0,0.0,0.0,0.0,760617.8908383916
steelscrap_source_Region5Innermongolia_steelscrap_source_Region21Hainan,0.0,0.0,736628.4581222053,0.0,0.0,0.0,0.0,736628.4581222053
steelscrap_source_Region5Innermongolia_steelscrap_source_Region22Chongqing,0.0,0.0,686394.6243443992,0.0,0.0,0.0,0.0,686394.6243443992
steelscrap_source_Region5Innermongolia_steelscrap_source_Region23Sichuan,0.0,0.0,656635.2686694904,0.0,0.0,0.0,0.0,656635.2686694904
steelscrap_source_Region5Innermongolia_steelscrap_source_Region24Guizhou,0.0,0.0,689528.6293603692,0.0,0.0,0.0,0.0,689528.6293603692
steelscrap_source_Region5Innermongolia_steelscrap_source_Region25Yunnan,0.0,0.0,859777.1707402016,0.0,0.0,0.0,0.0,859777.1707402016
steelscrap_source_Region5Innermongolia_steelscrap_source_Region27Shaanxi,0.0,0.0,487895.3008879826,0.0,0.0,0.0,0.0,487895.3008879826
steelscrap_source_Region5Innermongolia_steelscrap_source_Region28Gansu,0.0,0.0,406372.3546230056,0.0,0.0,0.0,0.0,406372.3546230056
steelscrap_source_Region5Innermongolia_steelscrap_source_Region29Qinghai,0.0,0.0,473212.3940277464,0.0,0.0,0.0,0.0,473212.3940277464
steelscrap_source_Region5Innermongolia_steelscrap_source_Region30Ningxia,0.0,0.0,467168.62346008024,0.0,0.0,0.0,0.0,467168.62346008024
steelscrap_source_Region5Innermongolia_steelscrap_source_Region31Xinjiang,0.0,0.0,578406.8821960471,0.0,0.0,0.0,0.0,578406.8821960471
steelscrap_source_Region6Liaoning_steelscrap_source_Region1Beijing,0.0,0.0,718383.6858744199,0.0,0.0,0.0,0.0,718383.6858744199
steelscrap_source_Region6Liaoning_steelscrap_source_Region2Tianjin,0.0,0.0,821796.5913597087,0.0,0.0,0.0,0.0,821796.5913597087
steelscrap_source_Region6Liaoning_steelscrap_source_Region3Hebei,0.0,0.0,718255.1901875075,0.0,0.0,0.0,0.0,718255.1901875075
steelscrap_source_Region6Liaoning_steelscrap_source_Region4Shanxi,0.0,0.0,619274.315615072,0.0,0.0,0.0,0.0,619274.315615072
steelscrap_source_Region6Liaoning_steelscrap_source_Region5Innermongolia,0.0,0.0,571415.9756646388,0.0,0.0,0.0,0.0,571415.9756646388
steelscrap_source_Region6Liaoning_steelscrap_source_Region7Jilin,0.0,0.0,375889.0471637143,0.0,0.0,0.0,0.0,375889.0471637143
steelscrap_source_Region6Liaoning_steelscrap_source_Region8Heilongjiang,0.0,0.0,397969.51662094385,0.0,0.0,0.0,0.0,397969.51662094385
steelscrap_source_Region6Liaoning_steelscrap_source_Region9Shanghai,0.0,0.0,1.1952681049111348e6,0.0,0.0,0.0,0.0,1.1952681049111348e6
steelscrap_source_Region6Liaoning_steelscrap_source_Region10Jiangsu,0.0,0.0,985425.0149909777,0.0,0.0,0.0,0.0,985425.0149909777
steelscrap_source_Region6Liaoning_steelscrap_source_Region11Zhejiang,0.0,0.0,1.1587236373446763e6,0.0,0.0,0.0,0.0,1.1587236373446763e6
steelscrap_source_Region6Liaoning_steelscrap_source_Region12Anhui,0.0,0.0,863312.3872295269,0.0,0.0,0.0,0.0,863312.3872295269
steelscrap_source_Region6Liaoning_steelscrap_source_Region13Fujian,0.0,0.0,929168.5291127103,0.0,0.0,0.0,0.0,929168.5291127103
steelscrap_source_Region6Liaoning_steelscrap_source_Region14Jiangxi,0.0,0.0,760483.6551665675,0.0,0.0,0.0,0.0,760483.6551665675
steelscrap_source_Region6Liaoning_steelscrap_source_Region15Shandong,0.0,0.0,875397.2473798464,0.0,0.0,0.0,0.0,875397.2473798464
steelscrap_source_Region6Liaoning_steelscrap_source_Region16Henan,0.0,0.0,629653.5748990522,0.0,0.0,0.0,0.0,629653.5748990522
steelscrap_source_Region6Liaoning_steelscrap_source_Region17Hubei,0.0,0.0,732953.9579371877,0.0,0.0,0.0,0.0,732953.9579371877
steelscrap_source_Region6Liaoning_steelscrap_source_Region18Hunan,0.0,0.0,706172.1008779841,0.0,0.0,0.0,0.0,706172.1008779841
steelscrap_source_Region6Liaoning_steelscrap_source_Region19Guangdong,0.0,0.0,778936.1839664903,0.0,0.0,0.0,0.0,778936.1839664903
steelscrap_source_Region6Liaoning_steelscrap_source_Region20Guangxi,0.0,0.0,698800.3233731049,0.0,0.0,0.0,0.0,698800.3233731049
steelscrap_source_Region6Liaoning_steelscrap_source_Region21Hainan,0.0,0.0,689322.2576728677,0.0,0.0,0.0,0.0,689322.2576728677
steelscrap_source_Region6Liaoning_steelscrap_source_Region22Chongqing,0.0,0.0,637315.6006478136,0.0,0.0,0.0,0.0,637315.6006478136
steelscrap_source_Region6Liaoning_steelscrap_source_Region23Sichuan,0.0,0.0,621906.0712323932,0.0,0.0,0.0,0.0,621906.0712323932
steelscrap_source_Region6Liaoning_steelscrap_source_Region24Guizhou,0.0,0.0,646143.3929101244,0.0,0.0,0.0,0.0,646143.3929101244
steelscrap_source_Region6Liaoning_steelscrap_source_Region25Yunnan,0.0,0.0,751186.6306278919,0.0,0.0,0.0,0.0,751186.6306278919
steelscrap_source_Region6Liaoning_steelscrap_source_Region27Shaanxi,0.0,0.0,523837.47751057043,0.0,0.0,0.0,0.0,523837.47751057043
steelscrap_source_Region6Liaoning_steelscrap_source_Region28Gansu,0.0,0.0,489668.54884189117,0.0,0.0,0.0,0.0,489668.54884189117
steelscrap_source_Region6Liaoning_steelscrap_source_Region29Qinghai,0.0,0.0,523979.34147827164,0.0,0.0,0.0,0.0,523979.34147827164
steelscrap_source_Region6Liaoning_steelscrap_source_Region30Ningxia,0.0,0.0,535480.1047269786,0.0,0.0,0.0,0.0,535480.1047269786
steelscrap_source_Region6Liaoning_steelscrap_source_Region31Xinjiang,0.0,0.0,581661.8507716683,0.0,0.0,0.0,0.0,581661.8507716683
steelscrap_source_Region7Jilin_steelscrap_source_Region1Beijing,0.0,0.0,854037.0033536337,0.0,0.0,0.0,0.0,854037.0033536337
steelscrap_source_Region7Jilin_steelscrap_source_Region2Tianjin,0.0,0.0,950660.4786440346,0.0,0.0,0.0,0.0,950660.4786440346
steelscrap_source_Region7Jilin_steelscrap_source_Region3Hebei,0.0,0.0,815205.1690561709,0.0,0.0,0.0,0.0,815205.1690561709
steelscrap_source_Region7Jilin_steelscrap_source_Region4Shanxi,0.0,0.0,697341.2542195916,0.0,0.0,0.0,0.0,697341.2542195916
steelscrap_source_Region7Jilin_steelscrap_source_Region5Innermongolia,0.0,0.0,638490.2064594942,0.0,0.0,0.0,0.0,638490.2064594942
steelscrap_source_Region7Jilin_steelscrap_source_Region6Liaoning,0.0,0.0,1.4369206023984044e6,0.0,0.0,0.0,0.0,1.4369206023984044e6
steelscrap_source_Region7Jilin_steelscrap_source_Region8Heilongjiang,0.0,0.0,384215.14259888703,0.0,0.0,0.0,0.0,384215.14259888703
steelscrap_source_Region7Jilin_steelscrap_source_Region9Shanghai,0.0,0.0,1.2323944676496668e6,0.0,0.0,0.0,0.0,1.2323944676496668e6
steelscrap_source_Region7Jilin_steelscrap_source_Region10Jiangsu,0.0,0.0,1.0424304970486325e6,0.0,0.0,0.0,0.0,1.0424304970486325e6
steelscrap_source_Region7Jilin_steelscrap_source_Region11Zhejiang,0.0,0.0,1.1978775959255984e6,0.0,0.0,0.0,0.0,1.1978775959255984e6
steelscrap_source_Region7Jilin_steelscrap_source_Region12Anhui,0.0,0.0,924093.3426658902,0.0,0.0,0.0,0.0,924093.3426658902
steelscrap_source_Region7Jilin_steelscrap_source_Region13Fujian,0.0,0.0,968124.6146686666,0.0,0.0,0.0,0.0,968124.6146686666
steelscrap_source_Region7Jilin_steelscrap_source_Region14Jiangxi,0.0,0.0,808852.1646983775,0.0,0.0,0.0,0.0,808852.1646983775
steelscrap_source_Region7Jilin_steelscrap_source_Region15Shandong,0.0,0.0,977829.5371812584,0.0,0.0,0.0,0.0,977829.5371812584
steelscrap_source_Region7Jilin_steelscrap_source_Region16Henan,0.0,0.0,698645.4754029795,0.0,0.0,0.0,0.0,698645.4754029795
steelscrap_source_Region7Jilin_steelscrap_source_Region17Hubei,0.0,0.0,786533.3108653799,0.0,0.0,0.0,0.0,786533.3108653799
steelscrap_source_Region7Jilin_steelscrap_source_Region18Hunan,0.0,0.0,750926.6396738079,0.0,0.0,0.0,0.0,750926.6396738079
steelscrap_source_Region7Jilin_steelscrap_source_Region19Guangdong,0.0,0.0,814320.4590621451,0.0,0.0,0.0,0.0,814320.4590621451
steelscrap_source_Region7Jilin_steelscrap_source_Region20Guangxi,0.0,0.0,731304.2623889411,0.0,0.0,0.0,0.0,731304.2623889411
steelscrap_source_Region7Jilin_steelscrap_source_Region21Hainan,0.0,0.0,718308.5639638626,0.0,0.0,0.0,0.0,718308.5639638626
steelscrap_source_Region7Jilin_steelscrap_source_Region22Chongqing,0.0,0.0,674648.2989647218,0.0,0.0,0.0,0.0,674648.2989647218
steelscrap_source_Region7Jilin_steelscrap_source_Region23Sichuan,0.0,0.0,658709.2476128289,0.0,0.0,0.0,0.0,658709.2476128289
steelscrap_source_Region7Jilin_steelscrap_source_Region24Guizhou,0.0,0.0,680430.0027213725,0.0,0.0,0.0,0.0,680430.0027213725
steelscrap_source_Region7Jilin_steelscrap_source_Region25Yunnan,0.0,0.0,779137.3812046774,0.0,0.0,0.0,0.0,779137.3812046774
steelscrap_source_Region7Jilin_steelscrap_source_Region27Shaanxi,0.0,0.0,573903.5097336427,0.0,0.0,0.0,0.0,573903.5097336427
steelscrap_source_Region7Jilin_steelscrap_source_Region28Gansu,0.0,0.0,528901.4757459676,0.0,0.0,0.0,0.0,528901.4757459676
steelscrap_source_Region7Jilin_steelscrap_source_Region29Qinghai,0.0,0.0,560867.8801642415,0.0,0.0,0.0,0.0,560867.8801642415
steelscrap_source_Region7Jilin_steelscrap_source_Region30Ningxia,0.0,0.0,582912.2654654873,0.0,0.0,0.0,0.0,582912.2654654873
steelscrap_source_Region7Jilin_steelscrap_source_Region31Xinjiang,0.0,0.0,605445.4515721515,0.0,0.0,0.0,0.0,605445.4515721515
steelscrap_source_Region8Heilongjiang_steelscrap_source_Region1Beijing,0.0,0.0,925010.5701819324,0.0,0.0,0.0,0.0,925010.5701819324
steelscrap_source_Region8Heilongjiang_steelscrap_source_Region2Tianjin,0.0,0.0,1.0135358229575538e6,0.0,0.0,0.0,0.0,1.0135358229575538e6
steelscrap_source_Region8Heilongjiang_steelscrap_source_Region3Hebei,0.0,0.0,872910.8168691868,0.0,0.0,0.0,0.0,872910.8168691868
steelscrap_source_Region8Heilongjiang_steelscrap_source_Region4Shanxi,0.0,0.0,748738.8785365935,0.0,0.0,0.0,0.0,748738.8785365935
steelscrap_source_Region8Heilongjiang_steelscrap_source_Region5Innermongolia,0.0,0.0,688097.7548844477,0.0,0.0,0.0,0.0,688097.7548844477
steelscrap_source_Region8Heilongjiang_steelscrap_source_Region6Liaoning,0.0,0.0,1.4641077267009509e6,0.0,0.0,0.0,0.0,1.4641077267009509e6
steelscrap_source_Region8Heilongjiang_steelscrap_source_Region7Jilin,0.0,0.0,1.3137552455628708e6,0.0,0.0,0.0,0.0,1.3137552455628708e6
steelscrap_source_Region8Heilongjiang_steelscrap_source_Region9Shanghai,0.0,0.0,1.2454284862578711e6,0.0,0.0,0.0,0.0,1.2454284862578711e6
steelscrap_source_Region8Heilongjiang_steelscrap_source_Region10Jiangsu,0.0,0.0,1.0746753548647568e6,0.0,0.0,0.0,0.0,1.0746753548647568e6
steelscrap_source_Region8Heilongjiang_steelscrap_source_Region11Zhejiang,0.0,0.0,1.2177158721421245e6,0.0,0.0,0.0,0.0,1.2177158721421245e6
steelscrap_source_Region8Heilongjiang_steelscrap_source_Region12Anhui,0.0,0.0,961635.645699089,0.0,0.0,0.0,0.0,961635.645699089
steelscrap_source_Region8Heilongjiang_steelscrap_source_Region13Fujian,0.0,0.0,992212.0228318147,0.0,0.0,0.0,0.0,992212.0228318147
steelscrap_source_Region8Heilongjiang_steelscrap_source_Region14Jiangxi,0.0,0.0,840930.800056214,0.0,0.0,0.0,0.0,840930.800056214
steelscrap_source_Region8Heilongjiang_steelscrap_source_Region15Shandong,0.0,0.0,1.0298472004119521e6,0.0,0.0,0.0,0.0,1.0298472004119521e6
steelscrap_source_Region8Heilongjiang_steelscrap_source_Region16Henan,0.0,0.0,745009.8323020127,0.0,0.0,0.0,0.0,745009.8323020127
steelscrap_source_Region8Heilongjiang_steelscrap_source_Region17Hubei,0.0,0.0,822186.3862819448,0.0,0.0,0.0,0.0,822186.3862819448
steelscrap_source_Region8Heilongjiang_steelscrap_source_Region18Hunan,0.0,0.0,781480.6315234858,0.0,0.0,0.0,0.0,781480.6315234858
steelscrap_source_Region8Heilongjiang_steelscrap_source_Region19Guangdong,0.0,0.0,838182.8132013249,0.0,0.0,0.0,0.0,838182.8132013249
steelscrap_source_Region8Heilongjiang_steelscrap_source_Region20Guangxi,0.0,0.0,754074.4652912109,0.0,0.0,0.0,0.0,754074.4652912109
steelscrap_source_Region8Heilongjiang_steelscrap_source_Region21Hainan,0.0,0.0,738810.8440466856,0.0,0.0,0.0,0.0,738810.8440466856
steelscrap_source_Region8Heilongjiang_steelscrap_source_Region22Chongqing,0.0,0.0,701216.9657073878,0.0,0.0,0.0,0.0,701216.9657073878
steelscrap_source_Region8Heilongjiang_steelscrap_source_Region23Sichuan,0.0,0.0,685088.0575122567,0.0,0.0,0.0,0.0,685088.0575122567
steelscrap_source_Region8Heilongjiang_steelscrap_source_Region24Guizhou,0.0,0.0,704808.3682344444,0.0,0.0,0.0,0.0,704808.3682344444
steelscrap_source_Region8Heilongjiang_steelscrap_source_Region25Yunnan,0.0,0.0,798444.403113255,0.0,0.0,0.0,0.0,798444.403113255
steelscrap_source_Region8Heilongjiang_steelscrap_source_Region27Shaanxi,0.0,0.0,609922.426050095,0.0,0.0,0.0,0.0,609922.426050095
steelscrap_source_Region8Heilongjiang_steelscrap_source_Region28Gansu,0.0,0.0,557925.3496933202,0.0,0.0,0.0,0.0,557925.3496933202
steelscrap_source_Region8Heilongjiang_steelscrap_source_Region29Qinghai,0.0,0.0,587993.8862934343,0.0,0.0,0.0,0.0,587993.8862934343
steelscrap_source_Region8Heilongjiang_steelscrap_source_Region30Ningxia,0.0,0.0,618668.4812576965,0.0,0.0,0.0,0.0,618668.4812576965
steelscrap_source_Region8Heilongjiang_steelscrap_source_Region31Xinjiang,0.0,0.0,625283.4470368457,0.0,0.0,0.0,0.0,625283.4470368457
steelscrap_source_Region9Shanghai_steelscrap_source_Region1Beijing,0.0,0.0,401814.8651367359,0.0,0.0,0.0,0.0,401814.8651367359
steelscrap_source_Region9Shanghai_steelscrap_source_Region2Tianjin,0.0,0.0,396191.1516698826,0.0,0.0,0.0,0.0,396191.1516698826
steelscrap_source_Region9Shanghai_steelscrap_source_Region3Hebei,0.0,0.0,395411.5016234372,0.0,0.0,0.0,0.0,395411.5016234372
steelscrap_source_Region9Shanghai_steelscrap_source_Region4Shanxi,0.0,0.0,399193.4451401981,0.0,0.0,0.0,0.0,399193.4451401981
steelscrap_source_Region9Shanghai_steelscrap_source_Region5Innermongolia,0.0,0.0,428901.7875100981,0.0,0.0,0.0,0.0,428901.7875100981
steelscrap_source_Region9Shanghai_steelscrap_source_Region6Liaoning,0.0,0.0,431613.124001461,0.0,0.0,0.0,0.0,431613.124001461
steelscrap_source_Region9Shanghai_steelscrap_source_Region7Jilin,0.0,0.0,433013.60014952,0.0,0.0,0.0,0.0,433013.60014952
steelscrap_source_Region9Shanghai_steelscrap_source_Region8Heilongjiang,0.0,0.0,435091.89282493084,0.0,0.0,0.0,0.0,435091.89282493084
steelscrap_source_Region9Shanghai_steelscrap_source_Region10Jiangsu,0.0,0.0,332895.11960405443,0.0,0.0,0.0,0.0,332895.11960405443
steelscrap_source_Region9Shanghai_steelscrap_source_Region11Zhejiang,0.0,0.0,550773.3576438454,0.0,0.0,0.0,0.0,550773.3576438454
steelscrap_source_Region9Shanghai_steelscrap_source_Region12Anhui,0.0,0.0,329587.0917527875,0.0,0.0,0.0,0.0,329587.0917527875
steelscrap_source_Region9Shanghai_steelscrap_source_Region13Fujian,0.0,0.0,570928.9716274436,0.0,0.0,0.0,0.0,570928.9716274436
steelscrap_source_Region9Shanghai_steelscrap_source_Region14Jiangxi,0.0,0.0,375697.63401342795,0.0,0.0,0.0,0.0,375697.63401342795
steelscrap_source_Region9Shanghai_steelscrap_source_Region15Shandong,0.0,0.0,353850.81541961327,0.0,0.0,0.0,0.0,353850.81541961327
steelscrap_source_Region9Shanghai_steelscrap_source_Region16Henan,0.0,0.0,351267.8347118861,0.0,0.0,0.0,0.0,351267.8347118861
steelscrap_source_Region9Shanghai_steelscrap_source_Region17Hubei,0.0,0.0,369881.7555749116,0.0,0.0,0.0,0.0,369881.7555749116
steelscrap_source_Region9Shanghai_steelscrap_source_Region18Hunan,0.0,0.0,410053.3354060285,0.0,0.0,0.0,0.0,410053.3354060285
steelscrap_source_Region9Shanghai_steelscrap_source_Region19Guangdong,0.0,0.0,518333.27408979,0.0,0.0,0.0,0.0,518333.27408979
steelscrap_source_Region9Shanghai_steelscrap_source_Region20Guangxi,0.0,0.0,493902.6564600122,0.0,0.0,0.0,0.0,493902.6564600122
steelscrap_source_Region9Shanghai_steelscrap_source_Region21Hainan,0.0,0.0,502417.4205417186,0.0,0.0,0.0,0.0,502417.4205417186
steelscrap_source_Region9Shanghai_steelscrap_source_Region22Chongqing,0.0,0.0,435099.49833469844,0.0,0.0,0.0,0.0,435099.49833469844
steelscrap_source_Region9Shanghai_steelscrap_source_Region23Sichuan,0.0,0.0,448188.94522173627,0.0,0.0,0.0,0.0,448188.94522173627
steelscrap_source_Region9Shanghai_steelscrap_source_Region24Guizhou,0.0,0.0,451887.15847446554,0.0,0.0,0.0,0.0,451887.15847446554
steelscrap_source_Region9Shanghai_steelscrap_source_Region25Yunnan,0.0,0.0,570130.9039716625,0.0,0.0,0.0,0.0,570130.9039716625
steelscrap_source_Region9Shanghai_steelscrap_source_Region27Shaanxi,0.0,0.0,352317.997623828,0.0,0.0,0.0,0.0,352317.997623828
steelscrap_source_Region9Shanghai_steelscrap_source_Region28Gansu,0.0,0.0,379973.3768678648,0.0,0.0,0.0,0.0,379973.3768678648
steelscrap_source_Region9Shanghai_steelscrap_source_Region29Qinghai,0.0,0.0,410354.8033568202,0.0,0.0,0.0,0.0,410354.8033568202
steelscrap_source_Region9Shanghai_steelscrap_source_Region30Ningxia,0.0,0.0,410906.3164035056,0.0,0.0,0.0,0.0,410906.3164035056
steelscrap_source_Region9Shanghai_steelscrap_source_Region31Xinjiang,0.0,0.0,500301.9253719203,0.0,0.0,0.0,0.0,500301.9253719203
steelscrap_source_Region10Jiangsu_steelscrap_source_Region1Beijing,0.0,0.0,434644.6355498098,0.0,0.0,0.0,0.0,434644.6355498098
steelscrap_source_Region10Jiangsu_steelscrap_source_Region2Tianjin,0.0,0.0,433717.6697368836,0.0,0.0,0.0,0.0,433717.6697368836
steelscrap_source_Region10Jiangsu_steelscrap_source_Region3Hebei,0.0,0.0,425826.3945571435,0.0,0.0,0.0,0.0,425826.3945571435
steelscrap_source_Region10Jiangsu_steelscrap_source_Region4Shanxi,0.0,0.0,423338.74600788613,0.0,0.0,0.0,0.0,423338.74600788613
steelscrap_source_Region10Jiangsu_steelscrap_source_Region5Innermongolia,0.0,0.0,451641.10488437745,0.0,0.0,0.0,0.0,451641.10488437745
steelscrap_source_Region10Jiangsu_steelscrap_source_Region6Liaoning,0.0,0.0,463931.6666826373,0.0,0.0,0.0,0.0,463931.6666826373
steelscrap_source_Region10Jiangsu_steelscrap_source_Region7Jilin,0.0,0.0,459590.33696465014,0.0,0.0,0.0,0.0,459590.33696465014
steelscrap_source_Region10Jiangsu_steelscrap_source_Region8Heilongjiang,0.0,0.0,458377.29157158395,0.0,0.0,0.0,0.0,458377.29157158395
steelscrap_source_Region10Jiangsu_steelscrap_source_Region9Shanghai,0.0,0.0,5.650144324446686e6,0.0,0.0,0.0,0.0,5.650144324446686e6
steelscrap_source_Region10Jiangsu_steelscrap_source_Region11Zhejiang,0.0,0.0,1.855313155143573e7,0.0,0.0,0.0,0.0,1.855313155143573e7
steelscrap_source_Region10Jiangsu_steelscrap_source_Region12Anhui,0.0,0.0,327566.3318388721,0.0,0.0,0.0,0.0,327566.3318388721
steelscrap_source_Region10Jiangsu_steelscrap_source_Region13Fujian,0.0,0.0,796812.963769106,0.0,0.0,0.0,0.0,796812.963769106
steelscrap_source_Region10Jiangsu_steelscrap_source_Region14Jiangxi,0.0,0.0,455897.6423260621,0.0,0.0,0.0,0.0,455897.6423260621
steelscrap_source_Region10Jiangsu_steelscrap_source_Region15Shandong,0.0,0.0,393362.9548161198,0.0,0.0,0.0,0.0,393362.9548161198
steelscrap_source_Region10Jiangsu_steelscrap_source_Region16Henan,0.0,0.0,353155.63757295476,0.0,0.0,0.0,0.0,353155.63757295476
steelscrap_source_Region10Jiangsu_steelscrap_source_Region17Hubei,0.0,0.0,400904.1634592537,0.0,0.0,0.0,0.0,400904.1634592537
steelscrap_source_Region10Jiangsu_steelscrap_source_Region18Hunan,0.0,0.0,456871.79820303316,0.0,0.0,0.0,0.0,456871.79820303316
steelscrap_source_Region10Jiangsu_steelscrap_source_Region19Guangdong,0.0,0.0,604789.8448270494,0.0,0.0,0.0,0.0,604789.8448270494
steelscrap_source_Region10Jiangsu_steelscrap_source_Region20Guangxi,0.0,0.0,543186.2507450975,0.0,0.0,0.0,0.0,543186.2507450975
steelscrap_source_Region10Jiangsu_steelscrap_source_Region21Hainan,0.0,0.0,552061.321595198,0.0,0.0,0.0,0.0,552061.321595198
steelscrap_source_Region10Jiangsu_steelscrap_source_Region22Chongqing,0.0,0.0,461183.1139706118,0.0,0.0,0.0,0.0,461183.1139706118
steelscrap_source_Region10Jiangsu_steelscrap_source_Region23Sichuan,0.0,0.0,472602.094158033,0.0,0.0,0.0,0.0,472602.094158033
steelscrap_source_Region10Jiangsu_steelscrap_source_Region24Guizhou,0.0,0.0,483986.6855953794,0.0,0.0,0.0,0.0,483986.6855953794
steelscrap_source_Region10Jiangsu_steelscrap_source_Region25Yunnan,0.0,0.0,624409.1569786645,0.0,0.0,0.0,0.0,624409.1569786645
steelscrap_source_Region10Jiangsu_steelscrap_source_Region27Shaanxi,0.0,0.0,350808.7770707775,0.0,0.0,0.0,0.0,350808.7770707775
steelscrap_source_Region10Jiangsu_steelscrap_source_Region28Gansu,0.0,0.0,385297.6950049439,0.0,0.0,0.0,0.0,385297.6950049439
steelscrap_source_Region10Jiangsu_steelscrap_source_Region29Qinghai,0.0,0.0,420934.02902563516,0.0,0.0,0.0,0.0,420934.02902563516
steelscrap_source_Region10Jiangsu_steelscrap_source_Region30Ningxia,0.0,0.0,422587.5637655114,0.0,0.0,0.0,0.0,422587.5637655114
steelscrap_source_Region10Jiangsu_steelscrap_source_Region31Xinjiang,0.0,0.0,517664.92227859393,0.0,0.0,0.0,0.0,517664.92227859393
steelscrap_source_Region11Zhejiang_steelscrap_source_Region1Beijing,0.0,0.0,407258.9790796992,0.0,0.0,0.0,0.0,407258.9790796992
steelscrap_source_Region11Zhejiang_steelscrap_source_Region2Tianjin,0.0,0.0,402449.32600529754,0.0,0.0,0.0,0.0,402449.32600529754
steelscrap_source_Region11Zhejiang_steelscrap_source_Region3Hebei,0.0,0.0,400771.0213415995,0.0,0.0,0.0,0.0,400771.0213415995
steelscrap_source_Region11Zhejiang_steelscrap_source_Region4Shanxi,0.0,0.0,403430.3234886697,0.0,0.0,0.0,0.0,403430.3234886697
steelscrap_source_Region11Zhejiang_steelscrap_source_Region5Innermongolia,0.0,0.0,431313.86031989194,0.0,0.0,0.0,0.0,431313.86031989194
steelscrap_source_Region11Zhejiang_steelscrap_source_Region6Liaoning,0.0,0.0,436768.85559562675,0.0,0.0,0.0,0.0,436768.85559562675
steelscrap_source_Region11Zhejiang_steelscrap_source_Region7Jilin,0.0,0.0,437167.79965990933,0.0,0.0,0.0,0.0,437167.79965990933
steelscrap_source_Region11Zhejiang_steelscrap_source_Region8Heilongjiang,0.0,0.0,438716.4253205147,0.0,0.0,0.0,0.0,438716.4253205147
steelscrap_source_Region11Zhejiang_steelscrap_source_Region9Shanghai,0.0,0.0,533237.7558342332,0.0,0.0,0.0,0.0,533237.7558342332
steelscrap_source_Region11Zhejiang_steelscrap_source_Region10Jiangsu,0.0,0.0,317307.3686796441,0.0,0.0,0.0,0.0,317307.3686796441
steelscrap_source_Region11Zhejiang_steelscrap_source_Region12Anhui,0.0,0.0,307875.5261229216,0.0,0.0,0.0,0.0,307875.5261229216
steelscrap_source_Region11Zhejiang_steelscrap_source_Region13Fujian,0.0,0.0,562228.3264945284,0.0,0.0,0.0,0.0,562228.3264945284
steelscrap_source_Region11Zhejiang_steelscrap_source_Region14Jiangxi,0.0,0.0,329880.0925503172,0.0,0.0,0.0,0.0,329880.0925503172
steelscrap_source_Region11Zhejiang_steelscrap_source_Region15Shandong,0.0,0.0,361485.65460762015,0.0,0.0,0.0,0.0,361485.65460762015
steelscrap_source_Region11Zhejiang_steelscrap_source_Region16Henan,0.0,0.0,348369.2032020794,0.0,0.0,0.0,0.0,348369.2032020794
steelscrap_source_Region11Zhejiang_steelscrap_source_Region17Hubei,0.0,0.0,351295.14439324435,0.0,0.0,0.0,0.0,351295.14439324435
steelscrap_source_Region11Zhejiang_steelscrap_source_Region18Hunan,0.0,0.0,381783.78861058236,0.0,0.0,0.0,0.0,381783.78861058236
steelscrap_source_Region11Zhejiang_steelscrap_source_Region19Guangdong,0.0,0.0,504263.81325101014,0.0,0.0,0.0,0.0,504263.81325101014
steelscrap_source_Region11Zhejiang_steelscrap_source_Region20Guangxi,0.0,0.0,481123.6994430166,0.0,0.0,0.0,0.0,481123.6994430166
steelscrap_source_Region11Zhejiang_steelscrap_source_Region21Hainan,0.0,0.0,491109.8401492657,0.0,0.0,0.0,0.0,491109.8401492657
steelscrap_source_Region11Zhejiang_steelscrap_source_Region22Chongqing,0.0,0.0,426566.98124611273,0.0,0.0,0.0,0.0,426566.98124611273
steelscrap_source_Region11Zhejiang_steelscrap_source_Region23Sichuan,0.0,0.0,440952.3776328406,0.0,0.0,0.0,0.0,440952.3776328406
steelscrap_source_Region11Zhejiang_steelscrap_source_Region24Guizhou,0.0,0.0,439438.640360616,0.0,0.0,0.0,0.0,439438.640360616
steelscrap_source_Region11Zhejiang_steelscrap_source_Region25Yunnan,0.0,0.0,565431.364557115,0.0,0.0,0.0,0.0,565431.364557115
steelscrap_source_Region11Zhejiang_steelscrap_source_Region27Shaanxi,0.0,0.0,343937.6761281048,0.0,0.0,0.0,0.0,343937.6761281048
steelscrap_source_Region11Zhejiang_steelscrap_source_Region28Gansu,0.0,0.0,375517.34155842813,0.0,0.0,0.0,0.0,375517.34155842813
steelscrap_source_Region11Zhejiang_steelscrap_source_Region29Qinghai,0.0,0.0,406303.7158262785,0.0,0.0,0.0,0.0,406303.7158262785
steelscrap_source_Region11Zhejiang_steelscrap_source_Region30Ningxia,0.0,0.0,408557.9301596873,0.0,0.0,0.0,0.0,408557.9301596873
steelscrap_source_Region11Zhejiang_steelscrap_source_Region31Xinjiang,0.0,0.0,497818.86977525515,0.0,0.0,0.0,0.0,497818.86977525515
steelscrap_source_Region12Anhui_steelscrap_source_Region1Beijing,0.0,0.0,470962.57644996047,0.0,0.0,0.0,0.0,470962.57644996047
steelscrap_source_Region12Anhui_steelscrap_source_Region2Tianjin,0.0,0.0,478135.3806951738,0.0,0.0,0.0,0.0,478135.3806951738
steelscrap_source_Region12Anhui_steelscrap_source_Region3Hebei,0.0,0.0,459999.80488910817,0.0,0.0,0.0,0.0,459999.80488910817
steelscrap_source_Region12Anhui_steelscrap_source_Region4Shanxi,0.0,0.0,438486.4459528914,0.0,0.0,0.0,0.0,438486.4459528914
steelscrap_source_Region12Anhui_steelscrap_source_Region5Innermongolia,0.0,0.0,469640.49023395573,0.0,0.0,0.0,0.0,469640.49023395573
steelscrap_source_Region12Anhui_steelscrap_source_Region6Liaoning,0.0,0.0,491351.35118155426,0.0,0.0,0.0,0.0,491351.35118155426
steelscrap_source_Region12Anhui_steelscrap_source_Region7Jilin,0.0,0.0,481831.7676134829,0.0,0.0,0.0,0.0,481831.7676134829
steelscrap_source_Region12Anhui_steelscrap_source_Region8Heilongjiang,0.0,0.0,477645.1921049388,0.0,0.0,0.0,0.0,477645.1921049388
steelscrap_source_Region12Anhui_steelscrap_source_Region9Shanghai,0.0,0.0,3.60857947240002e6,0.0,0.0,0.0,0.0,3.60857947240002e6
steelscrap_source_Region12Anhui_steelscrap_source_Region10Jiangsu,0.0,0.0,2.3436596132622226e6,0.0,0.0,0.0,0.0,2.3436596132622226e6
steelscrap_source_Region12Anhui_steelscrap_source_Region11Zhejiang,0.0,0.0,2.3588670950682485e8,0.0,0.0,0.0,0.0,2.3588670950682485e8
steelscrap_source_Region12Anhui_steelscrap_source_Region13Fujian,0.0,0.0,956136.3059488585,0.0,0.0,0.0,0.0,956136.3059488585
steelscrap_source_Region12Anhui_steelscrap_source_Region14Jiangxi,0.0,0.0,504974.2481770686,0.0,0.0,0.0,0.0,504974.2481770686
steelscrap_source_Region12Anhui_steelscrap_source_Region15Shandong,0.0,0.0,450933.45297215687,0.0,0.0,0.0,0.0,450933.45297215687
steelscrap_source_Region12Anhui_steelscrap_source_Region16Henan,0.0,0.0,355500.27387100854,0.0,0.0,0.0,0.0,355500.27387100854
steelscrap_source_Region12Anhui_steelscrap_source_Region17Hubei,0.0,0.0,417481.4795736853,0.0,0.0,0.0,0.0,417481.4795736853
steelscrap_source_Region12Anhui_steelscrap_source_Region18Hunan,0.0,0.0,483059.4161833112,0.0,0.0,0.0,0.0,483059.4161833112
steelscrap_source_Region12Anhui_steelscrap_source_Region19Guangdong,0.0,0.0,663147.1068116785,0.0,0.0,0.0,0.0,663147.1068116785
steelscrap_source_Region12Anhui_steelscrap_source_Region20Guangxi,0.0,0.0,570139.9242970205,0.0,0.0,0.0,0.0,570139.9242970205
steelscrap_source_Region12Anhui_steelscrap_source_Region21Hainan,0.0,0.0,576679.7488133302,0.0,0.0,0.0,0.0,576679.7488133302
steelscrap_source_Region12Anhui_steelscrap_source_Region22Chongqing,0.0,0.0,474455.807010669,0.0,0.0,0.0,0.0,474455.807010669
steelscrap_source_Region12Anhui_steelscrap_source_Region23Sichuan,0.0,0.0,484945.4777472176,0.0,0.0,0.0,0.0,484945.4777472176
steelscrap_source_Region12Anhui_steelscrap_source_Region24Guizhou,0.0,0.0,499853.5568821922,0.0,0.0,0.0,0.0,499853.5568821922
steelscrap_source_Region12Anhui_steelscrap_source_Region25Yunnan,0.0,0.0,659653.3423184939,0.0,0.0,0.0,0.0,659653.3423184939
steelscrap_source_Region12Anhui_steelscrap_source_Region27Shaanxi,0.0,0.0,344354.69520008145,0.0,0.0,0.0,0.0,344354.69520008145
steelscrap_source_Region12Anhui_steelscrap_source_Region28Gansu,0.0,0.0,384603.325224428,0.0,0.0,0.0,0.0,384603.325224428
steelscrap_source_Region12Anhui_steelscrap_source_Region29Qinghai,0.0,0.0,424268.62019486894,0.0,0.0,0.0,0.0,424268.62019486894
steelscrap_source_Region12Anhui_steelscrap_source_Region30Ningxia,0.0,0.0,431362.02451903437,0.0,0.0,0.0,0.0,431362.02451903437
steelscrap_source_Region12Anhui_steelscrap_source_Region31Xinjiang,0.0,0.0,526726.1239070568,0.0,0.0,0.0,0.0,526726.1239070568
steelscrap_source_Region13Fujian_steelscrap_source_Region1Beijing,0.0,0.0,469504.3972516727,0.0,0.0,0.0,0.0,469504.3972516727
steelscrap_source_Region13Fujian_steelscrap_source_Region2Tianjin,0.0,0.0,469089.3635880045,0.0,0.0,0.0,0.0,469089.3635880045
steelscrap_source_Region13Fujian_steelscrap_source_Region3Hebei,0.0,0.0,459431.04589200707,0.0,0.0,0.0,0.0,459431.04589200707
steelscrap_source_Region13Fujian_steelscrap_source_Region4Shanxi,0.0,0.0,448388.09216344584,0.0,0.0,0.0,0.0,448388.09216344584
steelscrap_source_Region13Fujian_steelscrap_source_Region5Innermongolia,0.0,0.0,466662.3450288151,0.0,0.0,0.0,0.0,466662.3450288151
steelscrap_source_Region13Fujian_steelscrap_source_Region6Liaoning,0.0,0.0,481427.4227929879,0.0,0.0,0.0,0.0,481427.4227929879
steelscrap_source_Region13Fujian_steelscrap_source_Region7Jilin,0.0,0.0,476368.2507877352,0.0,0.0,0.0,0.0,476368.2507877352
steelscrap_source_Region13Fujian_steelscrap_source_Region8Heilongjiang,0.0,0.0,474172.4699593398,0.0,0.0,0.0,0.0,474172.4699593398
steelscrap_source_Region13Fujian_steelscrap_source_Region9Shanghai,0.0,0.0,621670.6511214615,0.0,0.0,0.0,0.0,621670.6511214615
steelscrap_source_Region13Fujian_steelscrap_source_Region10Jiangsu,0.0,0.0,480550.7102480074,0.0,0.0,0.0,0.0,480550.7102480074
steelscrap_source_Region13Fujian_steelscrap_source_Region11Zhejiang,0.0,0.0,627116.0852597614,0.0,0.0,0.0,0.0,627116.0852597614
steelscrap_source_Region13Fujian_steelscrap_source_Region12Anhui,0.0,0.0,440445.30424357834,0.0,0.0,0.0,0.0,440445.30424357834
steelscrap_source_Region13Fujian_steelscrap_source_Region14Jiangxi,0.0,0.0,350732.34476257925,0.0,0.0,0.0,0.0,350732.34476257925
steelscrap_source_Region13Fujian_steelscrap_source_Region15Shandong,0.0,0.0,455557.71262726386,0.0,0.0,0.0,0.0,455557.71262726386
steelscrap_source_Region13Fujian_steelscrap_source_Region16Henan,0.0,0.0,409524.4891378038,0.0,0.0,0.0,0.0,409524.4891378038
steelscrap_source_Region13Fujian_steelscrap_source_Region17Hubei,0.0,0.0,399005.73321548355,0.0,0.0,0.0,0.0,399005.73321548355
steelscrap_source_Region13Fujian_steelscrap_source_Region18Hunan,0.0,0.0,388790.8969424643,0.0,0.0,0.0,0.0,388790.8969424643
steelscrap_source_Region13Fujian_steelscrap_source_Region19Guangdong,0.0,0.0,470753.84379192395,0.0,0.0,0.0,0.0,470753.84379192395
steelscrap_source_Region13Fujian_steelscrap_source_Region20Guangxi,0.0,0.0,468346.1501325547,0.0,0.0,0.0,0.0,468346.1501325547
steelscrap_source_Region13Fujian_steelscrap_source_Region21Hainan,0.0,0.0,468693.4829005593,0.0,0.0,0.0,0.0,468693.4829005593
steelscrap_source_Region13Fujian_steelscrap_source_Region22Chongqing,0.0,0.0,439488.63371412037,0.0,0.0,0.0,0.0,439488.63371412037
steelscrap_source_Region13Fujian_steelscrap_source_Region23Sichuan,0.0,0.0,456964.0647869481,0.0,0.0,0.0,0.0,456964.0647869481
steelscrap_source_Region13Fujian_steelscrap_source_Region24Guizhou,0.0,0.0,435092.8642451417,0.0,0.0,0.0,0.0,435092.8642451417
steelscrap_source_Region13Fujian_steelscrap_source_Region25Yunnan,0.0,0.0,570167.8093243964,0.0,0.0,0.0,0.0,570167.8093243964
steelscrap_source_Region13Fujian_steelscrap_source_Region27Shaanxi,0.0,0.0,379254.85737353616,0.0,0.0,0.0,0.0,379254.85737353616
steelscrap_source_Region13Fujian_steelscrap_source_Region28Gansu,0.0,0.0,400961.48763658333,0.0,0.0,0.0,0.0,400961.48763658333
steelscrap_source_Region13Fujian_steelscrap_source_Region29Qinghai,0.0,0.0,429236.54795793846,0.0,0.0,0.0,0.0,429236.54795793846
steelscrap_source_Region13Fujian_steelscrap_source_Region30Ningxia,0.0,0.0,437093.290643545,0.0,0.0,0.0,0.0,437093.290643545
steelscrap_source_Region13Fujian_steelscrap_source_Region31Xinjiang,0.0,0.0,510125.309652615,0.0,0.0,0.0,0.0,510125.309652615
steelscrap_source_Region14Jiangxi_steelscrap_source_Region1Beijing,0.0,0.0,525459.8836147357,0.0,0.0,0.0,0.0,525459.8836147357
steelscrap_source_Region14Jiangxi_steelscrap_source_Region2Tianjin,0.0,0.0,535920.9192253363,0.0,0.0,0.0,0.0,535920.9192253363
steelscrap_source_Region14Jiangxi_steelscrap_source_Region3Hebei,0.0,0.0,516673.1268143002,0.0,0.0,0.0,0.0,516673.1268143002
steelscrap_source_Region14Jiangxi_steelscrap_source_Region4Shanxi,0.0,0.0,486676.07932323526,0.0,0.0,0.0,0.0,486676.07932323526
steelscrap_source_Region14Jiangxi_steelscrap_source_Region5Innermongolia,0.0,0.0,500929.31121246226,0.0,0.0,0.0,0.0,500929.31121246226
steelscrap_source_Region14Jiangxi_steelscrap_source_Region6Liaoning,0.0,0.0,529951.7339722998,0.0,0.0,0.0,0.0,529951.7339722998
steelscrap_source_Region14Jiangxi_steelscrap_source_Region7Jilin,0.0,0.0,515591.2800545763,0.0,0.0,0.0,0.0,515591.2800545763
steelscrap_source_Region14Jiangxi_steelscrap_source_Region8Heilongjiang,0.0,0.0,507978.56200374826,0.0,0.0,0.0,0.0,507978.56200374826
steelscrap_source_Region14Jiangxi_steelscrap_source_Region9Shanghai,0.0,0.0,1.5549096014376916e6,0.0,0.0,0.0,0.0,1.5549096014376916e6
steelscrap_source_Region14Jiangxi_steelscrap_source_Region10Jiangsu,0.0,0.0,837955.8263716432,0.0,0.0,0.0,0.0,837955.8263716432
steelscrap_source_Region14Jiangxi_steelscrap_source_Region11Zhejiang,0.0,0.0,4.330306766171793e6,0.0,0.0,0.0,0.0,4.330306766171793e6
steelscrap_source_Region14Jiangxi_steelscrap_source_Region12Anhui,0.0,0.0,661533.3294562637,0.0,0.0,0.0,0.0,661533.3294562637
steelscrap_source_Region14Jiangxi_steelscrap_source_Region13Fujian,0.0,0.0,3.728347462869987e6,0.0,0.0,0.0,0.0,3.728347462869987e6
steelscrap_source_Region14Jiangxi_steelscrap_source_Region15Shandong,0.0,0.0,536889.5580880959,0.0,0.0,0.0,0.0,536889.5580880959
steelscrap_source_Region14Jiangxi_steelscrap_source_Region16Henan,0.0,0.0,435258.441137722,0.0,0.0,0.0,0.0,435258.441137722
steelscrap_source_Region14Jiangxi_steelscrap_source_Region17Hubei,0.0,0.0,454290.087785343,0.0,0.0,0.0,0.0,454290.087785343
steelscrap_source_Region14Jiangxi_steelscrap_source_Region18Hunan,0.0,0.0,436894.07436743175,0.0,0.0,0.0,0.0,436894.07436743175
steelscrap_source_Region14Jiangxi_steelscrap_source_Region19Guangdong,0.0,0.0,770975.6288575081,0.0,0.0,0.0,0.0,770975.6288575081
steelscrap_source_Region14Jiangxi_steelscrap_source_Region20Guangxi,0.0,0.0,574111.7155984537,0.0,0.0,0.0,0.0,574111.7155984537
steelscrap_source_Region14Jiangxi_steelscrap_source_Region21Hainan,0.0,0.0,581024.2061210494,0.0,0.0,0.0,0.0,581024.2061210494
steelscrap_source_Region14Jiangxi_steelscrap_source_Region22Chongqing,0.0,0.0,478823.8948356109,0.0,0.0,0.0,0.0,478823.8948356109
steelscrap_source_Region14Jiangxi_steelscrap_source_Region23Sichuan,0.0,0.0,493077.75156733557,0.0,0.0,0.0,0.0,493077.75156733557
steelscrap_source_Region14Jiangxi_steelscrap_source_Region24Guizhou,0.0,0.0,489889.6341450867,0.0,0.0,0.0,0.0,489889.6341450867
steelscrap_source_Region14Jiangxi_steelscrap_source_Region25Yunnan,0.0,0.0,688940.5357173181,0.0,0.0,0.0,0.0,688940.5357173181
steelscrap_source_Region14Jiangxi_steelscrap_source_Region27Shaanxi,0.0,0.0,377008.7999027133,0.0,0.0,0.0,0.0,377008.7999027133
steelscrap_source_Region14Jiangxi_steelscrap_source_Region28Gansu,0.0,0.0,405139.47298997,0.0,0.0,0.0,0.0,405139.47298997
steelscrap_source_Region14Jiangxi_steelscrap_source_Region29Qinghai,0.0,0.0,443282.5777020848,0.0,0.0,0.0,0.0,443282.5777020848
steelscrap_source_Region14Jiangxi_steelscrap_source_Region30Ningxia,0.0,0.0,456012.3111908658,0.0,0.0,0.0,0.0,456012.3111908658
steelscrap_source_Region14Jiangxi_steelscrap_source_Region31Xinjiang,0.0,0.0,537208.5396613088,0.0,0.0,0.0,0.0,537208.5396613088
steelscrap_source_Region15Shandong_steelscrap_source_Region1Beijing,0.0,0.0,459271.15753133444,0.0,0.0,0.0,0.0,459271.15753133444
steelscrap_source_Region15Shandong_steelscrap_source_Region2Tianjin,0.0,0.0,476784.92099105974,0.0,0.0,0.0,0.0,476784.92099105974
steelscrap_source_Region15Shandong_steelscrap_source_Region3Hebei,0.0,0.0,455422.6911481649,0.0,0.0,0.0,0.0,455422.6911481649
steelscrap_source_Region15Shandong_steelscrap_source_Region4Shanxi,0.0,0.0,432320.98872947047,0.0,0.0,0.0,0.0,432320.98872947047
steelscrap_source_Region15Shandong_steelscrap_source_Region5Innermongolia,0.0,0.0,470707.4244418549,0.0,0.0,0.0,0.0,470707.4244418549
steelscrap_source_Region15Shandong_steelscrap_source_Region6Liaoning,0.0,0.0,495139.22119652235,0.0,0.0,0.0,0.0,495139.22119652235
steelscrap_source_Region15Shandong_steelscrap_source_Region7Jilin,0.0,0.0,479767.906550794,0.0,0.0,0.0,0.0,479767.906550794
steelscrap_source_Region15Shandong_steelscrap_source_Region8Heilongjiang,0.0,0.0,473868.1895759685,0.0,0.0,0.0,0.0,473868.1895759685
steelscrap_source_Region15Shandong_steelscrap_source_Region9Shanghai,0.0,0.0,1.6146384432681557e6,0.0,0.0,0.0,0.0,1.6146384432681557e6
steelscrap_source_Region15Shandong_steelscrap_source_Region10Jiangsu,0.0,0.0,1.062682336341104e6,0.0,0.0,0.0,0.0,1.062682336341104e6
steelscrap_source_Region15Shandong_steelscrap_source_Region11Zhejiang,0.0,0.0,1.4992581311075962e6,0.0,0.0,0.0,0.0,1.4992581311075962e6
steelscrap_source_Region15Shandong_steelscrap_source_Region12Anhui,0.0,0.0,798279.6041662749,0.0,0.0,0.0,0.0,798279.6041662749
steelscrap_source_Region15Shandong_steelscrap_source_Region13Fujian,0.0,0.0,919457.1672456583,0.0,0.0,0.0,0.0,919457.1672456583
steelscrap_source_Region15Shandong_steelscrap_source_Region14Jiangxi,0.0,0.0,675827.9898728825,0.0,0.0,0.0,0.0,675827.9898728825
steelscrap_source_Region15Shandong_steelscrap_source_Region16Henan,0.0,0.0,420780.21884362394,0.0,0.0,0.0,0.0,420780.21884362394
steelscrap_source_Region15Shandong_steelscrap_source_Region17Hubei,0.0,0.0,622356.9109008614,0.0,0.0,0.0,0.0,622356.9109008614
steelscrap_source_Region15Shandong_steelscrap_source_Region18Hunan,0.0,0.0,615367.5956264623,0.0,0.0,0.0,0.0,615367.5956264623
steelscrap_source_Region15Shandong_steelscrap_source_Region19Guangdong,0.0,0.0,731622.5641121119,0.0,0.0,0.0,0.0,731622.5641121119
steelscrap_source_Region15Shandong_steelscrap_source_Region20Guangxi,0.0,0.0,640246.6727009122,0.0,0.0,0.0,0.0,640246.6727009122
steelscrap_source_Region15Shandong_steelscrap_source_Region21Hainan,0.0,0.0,637386.8783001347,0.0,0.0,0.0,0.0,637386.8783001347
steelscrap_source_Region15Shandong_steelscrap_source_Region22Chongqing,0.0,0.0,555276.9168157435,0.0,0.0,0.0,0.0,555276.9168157435
steelscrap_source_Region15Shandong_steelscrap_source_Region23Sichuan,0.0,0.0,542731.0323665264,0.0,0.0,0.0,0.0,542731.0323665264
steelscrap_source_Region15Shandong_steelscrap_source_Region24Guizhou,0.0,0.0,574244.1958931074,0.0,0.0,0.0,0.0,574244.1958931074
steelscrap_source_Region15Shandong_steelscrap_source_Region25Yunnan,0.0,0.0,709828.5076261454,0.0,0.0,0.0,0.0,709828.5076261454
steelscrap_source_Region15Shandong_steelscrap_source_Region27Shaanxi,0.0,0.0,391128.3161514933,0.0,0.0,0.0,0.0,391128.3161514933
steelscrap_source_Region15Shandong_steelscrap_source_Region28Gansu,0.0,0.0,404962.642002334,0.0,0.0,0.0,0.0,404962.642002334
steelscrap_source_Region15Shandong_steelscrap_source_Region29Qinghai,0.0,0.0,446637.74573058996,0.0,0.0,0.0,0.0,446637.74573058996
steelscrap_source_Region15Shandong_steelscrap_source_Region30Ningxia,0.0,0.0,434360.3592262757,0.0,0.0,0.0,0.0,434360.3592262757
steelscrap_source_Region15Shandong_steelscrap_source_Region31Xinjiang,0.0,0.0,542473.3456849614,0.0,0.0,0.0,0.0,542473.3456849614
steelscrap_source_Region16Henan_steelscrap_source_Region1Beijing,0.0,0.0,665198.1390146695,0.0,0.0,0.0,0.0,665198.1390146695
steelscrap_source_Region16Henan_steelscrap_source_Region2Tianjin,0.0,0.0,725476.9986752272,0.0,0.0,0.0,0.0,725476.9986752272
steelscrap_source_Region16Henan_steelscrap_source_Region3Hebei,0.0,0.0,786648.2667112477,0.0,0.0,0.0,0.0,786648.2667112477
steelscrap_source_Region16Henan_steelscrap_source_Region4Shanxi,0.0,0.0,560477.633023157,0.0,0.0,0.0,0.0,560477.633023157
steelscrap_source_Region16Henan_steelscrap_source_Region5Innermongolia,0.0,0.0,536512.2901444011,0.0,0.0,0.0,0.0,536512.2901444011
steelscrap_source_Region16Henan_steelscrap_source_Region6Liaoning,0.0,0.0,599543.6059629377,0.0,0.0,0.0,0.0,599543.6059629377
steelscrap_source_Region16Henan_steelscrap_source_Region7Jilin,0.0,0.0,559172.3351916125,0.0,0.0,0.0,0.0,559172.3351916125
steelscrap_source_Region16Henan_steelscrap_source_Region8Heilongjiang,0.0,0.0,540044.8345122943,0.0,0.0,0.0,0.0,540044.8345122943
steelscrap_source_Region16Henan_steelscrap_source_Region9Shanghai,0.0,0.0,6.179289702770389e6,0.0,0.0,0.0,0.0,6.179289702770389e6
steelscrap_source_Region16Henan_steelscrap_source_Region10Jiangsu,0.0,0.0,4.669154949464692e6,0.0,0.0,0.0,0.0,4.669154949464692e6
steelscrap_source_Region16Henan_steelscrap_source_Region11Zhejiang,0.0,0.0,6.121317484843284e6,0.0,0.0,0.0,0.0,6.121317484843284e6
steelscrap_source_Region16Henan_steelscrap_source_Region12Anhui,0.0,0.0,3.2231726315809465e6,0.0,0.0,0.0,0.0,3.2231726315809465e6
steelscrap_source_Region16Henan_steelscrap_source_Region13Fujian,0.0,0.0,1.389719334368682e6,0.0,0.0,0.0,0.0,1.389719334368682e6
steelscrap_source_Region16Henan_steelscrap_source_Region14Jiangxi,0.0,0.0,989638.0168735749,0.0,0.0,0.0,0.0,989638.0168735749
steelscrap_source_Region16Henan_steelscrap_source_Region15Shandong,0.0,0.0,1.4092225170155773e6,0.0,0.0,0.0,0.0,1.4092225170155773e6
steelscrap_source_Region16Henan_steelscrap_source_Region17Hubei,0.0,0.0,1.1418473825874082e6,0.0,0.0,0.0,0.0,1.1418473825874082e6
steelscrap_source_Region16Henan_steelscrap_source_Region18Hunan,0.0,0.0,816579.9327570552,0.0,0.0,0.0,0.0,816579.9327570552
steelscrap_source_Region16Henan_steelscrap_source_Region19Guangdong,0.0,0.0,951635.2109005133,0.0,0.0,0.0,0.0,951635.2109005133
steelscrap_source_Region16Henan_steelscrap_source_Region20Guangxi,0.0,0.0,736026.0879062616,0.0,0.0,0.0,0.0,736026.0879062616
steelscrap_source_Region16Henan_steelscrap_source_Region21Hainan,0.0,0.0,712777.5764227769,0.0,0.0,0.0,0.0,712777.5764227769
steelscrap_source_Region16Henan_steelscrap_source_Region22Chongqing,0.0,0.0,616897.004213152,0.0,0.0,0.0,0.0,616897.004213152
steelscrap_source_Region16Henan_steelscrap_source_Region23Sichuan,0.0,0.0,588501.7965430479,0.0,0.0,0.0,0.0,588501.7965430479
steelscrap_source_Region16Henan_steelscrap_source_Region24Guizhou,0.0,0.0,635753.580980377,0.0,0.0,0.0,0.0,635753.580980377
steelscrap_source_Region16Henan_steelscrap_source_Region25Yunnan,0.0,0.0,829062.017434793,0.0,0.0,0.0,0.0,829062.017434793
steelscrap_source_Region16Henan_steelscrap_source_Region27Shaanxi,0.0,0.0,339697.44962259044,0.0,0.0,0.0,0.0,339697.44962259044
steelscrap_source_Region16Henan_steelscrap_source_Region28Gansu,0.0,0.0,394811.5371161449,0.0,0.0,0.0,0.0,394811.5371161449
steelscrap_source_Region16Henan_steelscrap_source_Region29Qinghai,0.0,0.0,453496.1664999664,0.0,0.0,0.0,0.0,453496.1664999664
steelscrap_source_Region16Henan_steelscrap_source_Region30Ningxia,0.0,0.0,462756.84077656467,0.0,0.0,0.0,0.0,462756.84077656467
steelscrap_source_Region16Henan_steelscrap_source_Region31Xinjiang,0.0,0.0,568879.2038330736,0.0,0.0,0.0,0.0,568879.2038330736
steelscrap_source_Region17Hubei_steelscrap_source_Region1Beijing,0.0,0.0,533910.3849429886,0.0,0.0,0.0,0.0,533910.3849429886
steelscrap_source_Region17Hubei_steelscrap_source_Region2Tianjin,0.0,0.0,552165.2960915763,0.0,0.0,0.0,0.0,552165.2960915763
steelscrap_source_Region17Hubei_steelscrap_source_Region3Hebei,0.0,0.0,524723.788792629,0.0,0.0,0.0,0.0,524723.788792629
steelscrap_source_Region17Hubei_steelscrap_source_Region4Shanxi,0.0,0.0,479086.2638732428,0.0,0.0,0.0,0.0,479086.2638732428
steelscrap_source_Region17Hubei_steelscrap_source_Region5Innermongolia,0.0,0.0,498263.77300225286,0.0,0.0,0.0,0.0,498263.77300225286
steelscrap_source_Region17Hubei_steelscrap_source_Region6Liaoning,0.0,0.0,539300.1937328833,0.0,0.0,0.0,0.0,539300.1937328833
steelscrap_source_Region17Hubei_steelscrap_source_Region7Jilin,0.0,0.0,521462.90322085604,0.0,0.0,0.0,0.0,521462.90322085604
steelscrap_source_Region17Hubei_steelscrap_source_Region8Heilongjiang,0.0,0.0,512220.63695134874,0.0,0.0,0.0,0.0,512220.63695134874
steelscrap_source_Region17Hubei_steelscrap_source_Region9Shanghai,0.0,0.0,1.9881855650954216e6,0.0,0.0,0.0,0.0,1.9881855650954216e6
steelscrap_source_Region17Hubei_steelscrap_source_Region10Jiangsu,0.0,0.0,1.2057424642041046e6,0.0,0.0,0.0,0.0,1.2057424642041046e6
steelscrap_source_Region17Hubei_steelscrap_source_Region11Zhejiang,0.0,0.0,2.7096141882143174e6,0.0,0.0,0.0,0.0,2.7096141882143174e6
steelscrap_source_Region17Hubei_steelscrap_source_Region12Anhui,0.0,0.0,969468.6759404278,0.0,0.0,0.0,0.0,969468.6759404278
steelscrap_source_Region17Hubei_steelscrap_source_Region13Fujian,0.0,0.0,1.4074852642769672e6,0.0,0.0,0.0,0.0,1.4074852642769672e6
steelscrap_source_Region17Hubei_steelscrap_source_Region14Jiangxi,0.0,0.0,752061.4140812305,0.0,0.0,0.0,0.0,752061.4140812305
steelscrap_source_Region17Hubei_steelscrap_source_Region15Shandong,0.0,0.0,565120.3195887856,0.0,0.0,0.0,0.0,565120.3195887856
steelscrap_source_Region17Hubei_steelscrap_source_Region16Henan,0.0,0.0,401318.77320387913,0.0,0.0,0.0,0.0,401318.77320387913
steelscrap_source_Region17Hubei_steelscrap_source_Region18Hunan,0.0,0.0,526134.9964741415,0.0,0.0,0.0,0.0,526134.9964741415
steelscrap_source_Region17Hubei_steelscrap_source_Region19Guangdong,0.0,0.0,829016.6359209116,0.0,0.0,0.0,0.0,829016.6359209116
steelscrap_source_Region17Hubei_steelscrap_source_Region20Guangxi,0.0,0.0,618082.6485335971,0.0,0.0,0.0,0.0,618082.6485335971
steelscrap_source_Region17Hubei_steelscrap_source_Region21Hainan,0.0,0.0,618294.7956778579,0.0,0.0,0.0,0.0,618294.7956778579
steelscrap_source_Region17Hubei_steelscrap_source_Region22Chongqing,0.0,0.0,478573.48118241003,0.0,0.0,0.0,0.0,478573.48118241003
steelscrap_source_Region17Hubei_steelscrap_source_Region23Sichuan,0.0,0.0,491157.9083441569,0.0,0.0,0.0,0.0,491157.9083441569
steelscrap_source_Region17Hubei_steelscrap_source_Region24Guizhou,0.0,0.0,512430.92652150086,0.0,0.0,0.0,0.0,512430.92652150086
steelscrap_source_Region17Hubei_steelscrap_source_Region25Yunnan,0.0,0.0,734798.8977163944,0.0,0.0,0.0,0.0,734798.8977163944
steelscrap_source_Region17Hubei_steelscrap_source_Region27Shaanxi,0.0,0.0,337632.92636409024,0.0,0.0,0.0,0.0,337632.92636409024
steelscrap_source_Region17Hubei_steelscrap_source_Region28Gansu,0.0,0.0,384909.97017312236,0.0,0.0,0.0,0.0,384909.97017312236
steelscrap_source_Region17Hubei_steelscrap_source_Region29Qinghai,0.0,0.0,430558.74227550207,0.0,0.0,0.0,0.0,430558.74227550207
steelscrap_source_Region17Hubei_steelscrap_source_Region30Ningxia,0.0,0.0,443316.62208107003,0.0,0.0,0.0,0.0,443316.62208107003
steelscrap_source_Region17Hubei_steelscrap_source_Region31Xinjiang,0.0,0.0,539666.1447175337,0.0,0.0,0.0,0.0,539666.1447175337
steelscrap_source_Region18Hunan_steelscrap_source_Region1Beijing,0.0,0.0,561779.4394602034,0.0,0.0,0.0,0.0,561779.4394602034
steelscrap_source_Region18Hunan_steelscrap_source_Region2Tianjin,0.0,0.0,577740.7010041106,0.0,0.0,0.0,0.0,577740.7010041106
steelscrap_source_Region18Hunan_steelscrap_source_Region3Hebei,0.0,0.0,557811.0748446685,0.0,0.0,0.0,0.0,557811.0748446685
steelscrap_source_Region18Hunan_steelscrap_source_Region4Shanxi,0.0,0.0,515652.30899810645,0.0,0.0,0.0,0.0,515652.30899810645
steelscrap_source_Region18Hunan_steelscrap_source_Region5Innermongolia,0.0,0.0,521587.0113159155,0.0,0.0,0.0,0.0,521587.0113159155
steelscrap_source_Region18Hunan_steelscrap_source_Region6Liaoning,0.0,0.0,557987.5156161155,0.0,0.0,0.0,0.0,557987.5156161155
steelscrap_source_Region18Hunan_steelscrap_source_Region7Jilin,0.0,0.0,539143.6497325534,0.0,0.0,0.0,0.0,539143.6497325534
steelscrap_source_Region18Hunan_steelscrap_source_Region8Heilongjiang,0.0,0.0,528755.5012535204,0.0,0.0,0.0,0.0,528755.5012535204
steelscrap_source_Region18Hunan_steelscrap_source_Region9Shanghai,0.0,0.0,1.2730696984542594e6,0.0,0.0,0.0,0.0,1.2730696984542594e6
steelscrap_source_Region18Hunan_steelscrap_source_Region10Jiangsu,0.0,0.0,903717.2230787282,0.0,0.0,0.0,0.0,903717.2230787282
steelscrap_source_Region18Hunan_steelscrap_source_Region11Zhejiang,0.0,0.0,1.6448002299002926e6,0.0,0.0,0.0,0.0,1.6448002299002926e6
steelscrap_source_Region18Hunan_steelscrap_source_Region12Anhui,0.0,0.0,776332.7109908455,0.0,0.0,0.0,0.0,776332.7109908455
steelscrap_source_Region18Hunan_steelscrap_source_Region13Fujian,0.0,0.0,1.6734606813596669e6,0.0,0.0,0.0,0.0,1.6734606813596669e6
steelscrap_source_Region18Hunan_steelscrap_source_Region14Jiangxi,0.0,0.0,837818.7170022056,0.0,0.0,0.0,0.0,837818.7170022056
steelscrap_source_Region18Hunan_steelscrap_source_Region15Shandong,0.0,0.0,593331.9747793312,0.0,0.0,0.0,0.0,593331.9747793312
steelscrap_source_Region18Hunan_steelscrap_source_Region16Henan,0.0,0.0,470786.7926379364,0.0,0.0,0.0,0.0,470786.7926379364
steelscrap_source_Region18Hunan_steelscrap_source_Region17Hubei,0.0,0.0,597744.3293467058,0.0,0.0,0.0,0.0,597744.3293467058
steelscrap_source_Region18Hunan_steelscrap_source_Region19Guangdong,0.0,0.0,1.2202326028508372e6,0.0,0.0,0.0,0.0,1.2202326028508372e6
steelscrap_source_Region18Hunan_steelscrap_source_Region20Guangxi,0.0,0.0,629837.659474539,0.0,0.0,0.0,0.0,629837.659474539
steelscrap_source_Region18Hunan_steelscrap_source_Region21Hainan,0.0,0.0,625284.8687098359,0.0,0.0,0.0,0.0,625284.8687098359
steelscrap_source_Region18Hunan_steelscrap_source_Region22Chongqing,0.0,0.0,473458.32422810904,0.0,0.0,0.0,0.0,473458.32422810904
steelscrap_source_Region18Hunan_steelscrap_source_Region23Sichuan,0.0,0.0,494531.1372893274,0.0,0.0,0.0,0.0,494531.1372893274
steelscrap_source_Region18Hunan_steelscrap_source_Region24Guizhou,0.0,0.0,493147.787438713,0.0,0.0,0.0,0.0,493147.787438713
steelscrap_source_Region18Hunan_steelscrap_source_Region25Yunnan,0.0,0.0,772623.2026786276,0.0,0.0,0.0,0.0,772623.2026786276
steelscrap_source_Region18Hunan_steelscrap_source_Region27Shaanxi,0.0,0.0,385582.1240068792,0.0,0.0,0.0,0.0,385582.1240068792
steelscrap_source_Region18Hunan_steelscrap_source_Region28Gansu,0.0,0.0,412088.1408198952,0.0,0.0,0.0,0.0,412088.1408198952
steelscrap_source_Region18Hunan_steelscrap_source_Region29Qinghai,0.0,0.0,453127.44177155424,0.0,0.0,0.0,0.0,453127.44177155424
steelscrap_source_Region18Hunan_steelscrap_source_Region30Ningxia,0.0,0.0,468802.72720226354,0.0,0.0,0.0,0.0,468802.72720226354
steelscrap_source_Region18Hunan_steelscrap_source_Region31Xinjiang,0.0,0.0,548100.2084533679,0.0,0.0,0.0,0.0,548100.2084533679
steelscrap_source_Region19Guangdong_steelscrap_source_Region1Beijing,0.0,0.0,529312.1089988725,0.0,0.0,0.0,0.0,529312.1089988725
steelscrap_source_Region19Guangdong_steelscrap_source_Region2Tianjin,0.0,0.0,537782.2830539708,0.0,0.0,0.0,0.0,537782.2830539708
steelscrap_source_Region19Guangdong_steelscrap_source_Region3Hebei,0.0,0.0,521827.49774616567,0.0,0.0,0.0,0.0,521827.49774616567
steelscrap_source_Region19Guangdong_steelscrap_source_Region4Shanxi,0.0,0.0,499131.1946706427,0.0,0.0,0.0,0.0,499131.1946706427
steelscrap_source_Region19Guangdong_steelscrap_source_Region5Innermongolia,0.0,0.0,506701.6538272274,0.0,0.0,0.0,0.0,506701.6538272274
steelscrap_source_Region19Guangdong_steelscrap_source_Region6Liaoning,0.0,0.0,534131.8768471054,0.0,0.0,0.0,0.0,534131.8768471054
steelscrap_source_Region19Guangdong_steelscrap_source_Region7Jilin,0.0,0.0,523030.94360095786,0.0,0.0,0.0,0.0,523030.94360095786
steelscrap_source_Region19Guangdong_steelscrap_source_Region8Heilongjiang,0.0,0.0,516678.82454451633,0.0,0.0,0.0,0.0,516678.82454451633
steelscrap_source_Region19Guangdong_steelscrap_source_Region9Shanghai,0.0,0.0,741257.5927486027,0.0,0.0,0.0,0.0,741257.5927486027
steelscrap_source_Region19Guangdong_steelscrap_source_Region10Jiangsu,0.0,0.0,616802.8025539812,0.0,0.0,0.0,0.0,616802.8025539812
steelscrap_source_Region19Guangdong_steelscrap_source_Region11Zhejiang,0.0,0.0,761366.095932229,0.0,0.0,0.0,0.0,761366.095932229
steelscrap_source_Region19Guangdong_steelscrap_source_Region12Anhui,0.0,0.0,563901.6756516102,0.0,0.0,0.0,0.0,563901.6756516102
steelscrap_source_Region19Guangdong_steelscrap_source_Region13Fujian,0.0,0.0,785892.6875140676,0.0,0.0,0.0,0.0,785892.6875140676
steelscrap_source_Region19Guangdong_steelscrap_source_Region14Jiangxi,0.0,0.0,500668.4157506475,0.0,0.0,0.0,0.0,500668.4157506475
steelscrap_source_Region19Guangdong_steelscrap_source_Region15Shandong,0.0,0.0,537386.6402101809,0.0,0.0,0.0,0.0,537386.6402101809
steelscrap_source_Region19Guangdong_steelscrap_source_Region16Henan,0.0,0.0,469919.0014934406,0.0,0.0,0.0,0.0,469919.0014934406
steelscrap_source_Region19Guangdong_steelscrap_source_Region17Hubei,0.0,0.0,491917.5323596493,0.0,0.0,0.0,0.0,491917.5323596493
steelscrap_source_Region19Guangdong_steelscrap_source_Region18Hunan,0.0,0.0,439297.22110569454,0.0,0.0,0.0,0.0,439297.22110569454
steelscrap_source_Region19Guangdong_steelscrap_source_Region20Guangxi,0.0,0.0,424164.84256023634,0.0,0.0,0.0,0.0,424164.84256023634
steelscrap_source_Region19Guangdong_steelscrap_source_Region21Hainan,0.0,0.0,430850.6402993107,0.0,0.0,0.0,0.0,430850.6402993107
steelscrap_source_Region19Guangdong_steelscrap_source_Region22Chongqing,0.0,0.0,453298.18344230385,0.0,0.0,0.0,0.0,453298.18344230385
steelscrap_source_Region19Guangdong_steelscrap_source_Region23Sichuan,0.0,0.0,469990.7052589804,0.0,0.0,0.0,0.0,469990.7052589804
steelscrap_source_Region19Guangdong_steelscrap_source_Region24Guizhou,0.0,0.0,422039.3633995565,0.0,0.0,0.0,0.0,422039.3633995565
steelscrap_source_Region19Guangdong_steelscrap_source_Region25Yunnan,0.0,0.0,620522.3118484935,0.0,0.0,0.0,0.0,620522.3118484935
steelscrap_source_Region19Guangdong_steelscrap_source_Region27Shaanxi,0.0,0.0,417422.96383122186,0.0,0.0,0.0,0.0,417422.96383122186
steelscrap_source_Region19Guangdong_steelscrap_source_Region28Gansu,0.0,0.0,428155.121945474,0.0,0.0,0.0,0.0,428155.121945474
steelscrap_source_Region19Guangdong_steelscrap_source_Region29Qinghai,0.0,0.0,456704.3669381793,0.0,0.0,0.0,0.0,456704.3669381793
steelscrap_source_Region19Guangdong_steelscrap_source_Region30Ningxia,0.0,0.0,471231.57069386425,0.0,0.0,0.0,0.0,471231.57069386425
steelscrap_source_Region19Guangdong_steelscrap_source_Region31Xinjiang,0.0,0.0,532706.7606497689,0.0,0.0,0.0,0.0,532706.7606497689
steelscrap_source_Region20Guangxi_steelscrap_source_Region1Beijing,0.0,0.0,579058.6802088516,0.0,0.0,0.0,0.0,579058.6802088516
steelscrap_source_Region20Guangxi_steelscrap_source_Region2Tianjin,0.0,0.0,589156.9995825111,0.0,0.0,0.0,0.0,589156.9995825111
steelscrap_source_Region20Guangxi_steelscrap_source_Region3Hebei,0.0,0.0,578314.5034177409,0.0,0.0,0.0,0.0,578314.5034177409
steelscrap_source_Region20Guangxi_steelscrap_source_Region4Shanxi,0.0,0.0,548681.2963869442,0.0,0.0,0.0,0.0,548681.2963869442
steelscrap_source_Region20Guangxi_steelscrap_source_Region5Innermongolia,0.0,0.0,546044.8507610634,0.0,0.0,0.0,0.0,546044.8507610634
steelscrap_source_Region20Guangxi_steelscrap_source_Region6Liaoning,0.0,0.0,572329.7153024086,0.0,0.0,0.0,0.0,572329.7153024086
steelscrap_source_Region20Guangxi_steelscrap_source_Region7Jilin,0.0,0.0,556416.0564374379,0.0,0.0,0.0,0.0,556416.0564374379
steelscrap_source_Region20Guangxi_steelscrap_source_Region8Heilongjiang,0.0,0.0,546914.2769385284,0.0,0.0,0.0,0.0,546914.2769385284
steelscrap_source_Region20Guangxi_steelscrap_source_Region9Shanghai,0.0,0.0,822428.3931939311,0.0,0.0,0.0,0.0,822428.3931939311
steelscrap_source_Region20Guangxi_steelscrap_source_Region10Jiangsu,0.0,0.0,707711.5034741127,0.0,0.0,0.0,0.0,707711.5034741127
steelscrap_source_Region20Guangxi_steelscrap_source_Region11Zhejiang,0.0,0.0,848847.2615457559,0.0,0.0,0.0,0.0,848847.2615457559
steelscrap_source_Region20Guangxi_steelscrap_source_Region12Anhui,0.0,0.0,660313.3192847843,0.0,0.0,0.0,0.0,660313.3192847843
steelscrap_source_Region20Guangxi_steelscrap_source_Region13Fujian,0.0,0.0,872789.7257071137,0.0,0.0,0.0,0.0,872789.7257071137
steelscrap_source_Region20Guangxi_steelscrap_source_Region14Jiangxi,0.0,0.0,633486.7121312979,0.0,0.0,0.0,0.0,633486.7121312979
steelscrap_source_Region20Guangxi_steelscrap_source_Region15Shandong,0.0,0.0,599895.0442107662,0.0,0.0,0.0,0.0,599895.0442107662
steelscrap_source_Region20Guangxi_steelscrap_source_Region16Henan,0.0,0.0,533851.32945889,0.0,0.0,0.0,0.0,533851.32945889
steelscrap_source_Region20Guangxi_steelscrap_source_Region17Hubei,0.0,0.0,593350.9238939699,0.0,0.0,0.0,0.0,593350.9238939699
steelscrap_source_Region20Guangxi_steelscrap_source_Region18Hunan,0.0,0.0,567341.7283269378,0.0,0.0,0.0,0.0,567341.7283269378
steelscrap_source_Region20Guangxi_steelscrap_source_Region19Guangdong,0.0,0.0,993766.3567078103,0.0,0.0,0.0,0.0,993766.3567078103
steelscrap_source_Region20Guangxi_steelscrap_source_Region21Hainan,0.0,0.0,558224.9503169454,0.0,0.0,0.0,0.0,558224.9503169454
steelscrap_source_Region20Guangxi_steelscrap_source_Region22Chongqing,0.0,0.0,478235.5106987708,0.0,0.0,0.0,0.0,478235.5106987708
steelscrap_source_Region20Guangxi_steelscrap_source_Region23Sichuan,0.0,0.0,490696.4995242722,0.0,0.0,0.0,0.0,490696.4995242722
steelscrap_source_Region20Guangxi_steelscrap_source_Region24Guizhou,0.0,0.0,433755.2345064101,0.0,0.0,0.0,0.0,433755.2345064101
steelscrap_source_Region20Guangxi_steelscrap_source_Region25Yunnan,0.0,0.0,813090.6893424436,0.0,0.0,0.0,0.0,813090.6893424436
steelscrap_source_Region20Guangxi_steelscrap_source_Region27Shaanxi,0.0,0.0,450794.35584608454,0.0,0.0,0.0,0.0,450794.35584608454
steelscrap_source_Region20Guangxi_steelscrap_source_Region28Gansu,0.0,0.0,432447.3730737136,0.0,0.0,0.0,0.0,432447.3730737136
steelscrap_source_Region20Guangxi_steelscrap_source_Region29Qinghai,0.0,0.0,466698.39445064834,0.0,0.0,0.0,0.0,466698.39445064834
steelscrap_source_Region20Guangxi_steelscrap_source_Region30Ningxia,0.0,0.0,496651.37482218014,0.0,0.0,0.0,0.0,496651.37482218014
steelscrap_source_Region20Guangxi_steelscrap_source_Region31Xinjiang,0.0,0.0,549219.8444203375,0.0,0.0,0.0,0.0,549219.8444203375
steelscrap_source_Region21Hainan_steelscrap_source_Region1Beijing,0.0,0.0,586830.6329425523,0.0,0.0,0.0,0.0,586830.6329425523
steelscrap_source_Region21Hainan_steelscrap_source_Region2Tianjin,0.0,0.0,596245.2628715022,0.0,0.0,0.0,0.0,596245.2628715022
steelscrap_source_Region21Hainan_steelscrap_source_Region3Hebei,0.0,0.0,587114.0074295084,0.0,0.0,0.0,0.0,587114.0074295084
steelscrap_source_Region21Hainan_steelscrap_source_Region4Shanxi,0.0,0.0,560900.8903911049,0.0,0.0,0.0,0.0,560900.8903911049
steelscrap_source_Region21Hainan_steelscrap_source_Region5Innermongolia,0.0,0.0,555905.4676633611,0.0,0.0,0.0,0.0,555905.4676633611
steelscrap_source_Region21Hainan_steelscrap_source_Region6Liaoning,0.0,0.0,578668.3379923697,0.0,0.0,0.0,0.0,578668.3379923697
steelscrap_source_Region21Hainan_steelscrap_source_Region7Jilin,0.0,0.0,562916.4576035833,0.0,0.0,0.0,0.0,562916.4576035833
steelscrap_source_Region21Hainan_steelscrap_source_Region8Heilongjiang,0.0,0.0,553379.1065896024,0.0,0.0,0.0,0.0,553379.1065896024
steelscrap_source_Region21Hainan_steelscrap_source_Region9Shanghai,0.0,0.0,814080.0412679124,0.0,0.0,0.0,0.0,814080.0412679124
steelscrap_source_Region21Hainan_steelscrap_source_Region10Jiangsu,0.0,0.0,704608.031665642,0.0,0.0,0.0,0.0,704608.031665642
steelscrap_source_Region21Hainan_steelscrap_source_Region11Zhejiang,0.0,0.0,836949.393489234,0.0,0.0,0.0,0.0,836949.393489234
steelscrap_source_Region21Hainan_steelscrap_source_Region12Anhui,0.0,0.0,662650.629130382,0.0,0.0,0.0,0.0,662650.629130382
steelscrap_source_Region21Hainan_steelscrap_source_Region13Fujian,0.0,0.0,892574.3548621236,0.0,0.0,0.0,0.0,892574.3548621236
steelscrap_source_Region21Hainan_steelscrap_source_Region14Jiangxi,0.0,0.0,640136.4402761627,0.0,0.0,0.0,0.0,640136.4402761627
steelscrap_source_Region21Hainan_steelscrap_source_Region15Shandong,0.0,0.0,606832.5316702309,0.0,0.0,0.0,0.0,606832.5316702309
steelscrap_source_Region21Hainan_steelscrap_source_Region16Henan,0.0,0.0,548772.2305240358,0.0,0.0,0.0,0.0,548772.2305240358
steelscrap_source_Region21Hainan_steelscrap_source_Region17Hubei,0.0,0.0,605371.0160826169,0.0,0.0,0.0,0.0,605371.0160826169
steelscrap_source_Region21Hainan_steelscrap_source_Region18Hunan,0.0,0.0,586566.1408739536,0.0,0.0,0.0,0.0,586566.1408739536
steelscrap_source_Region21Hainan_steelscrap_source_Region19Guangdong,0.0,0.0,1.0827256698602904e6,0.0,0.0,0.0,0.0,1.0827256698602904e6
steelscrap_source_Region21Hainan_steelscrap_source_Region20Guangxi,0.0,0.0,581394.7297881629,0.0,0.0,0.0,0.0,581394.7297881629
steelscrap_source_Region21Hainan_steelscrap_source_Region22Chongqing,0.0,0.0,524845.4299975318,0.0,0.0,0.0,0.0,524845.4299975318
steelscrap_source_Region21Hainan_steelscrap_source_Region23Sichuan,0.0,0.0,527190.9171894777,0.0,0.0,0.0,0.0,527190.9171894777
steelscrap_source_Region21Hainan_steelscrap_source_Region24Guizhou,0.0,0.0,508359.68112504913,0.0,0.0,0.0,0.0,508359.68112504913
steelscrap_source_Region21Hainan_steelscrap_source_Region25Yunnan,0.0,0.0,751218.7980911194,0.0,0.0,0.0,0.0,751218.7980911194
steelscrap_source_Region21Hainan_steelscrap_source_Region27Shaanxi,0.0,0.0,480836.7799354339,0.0,0.0,0.0,0.0,480836.7799354339
steelscrap_source_Region21Hainan_steelscrap_source_Region28Gansu,0.0,0.0,462100.86706810293,0.0,0.0,0.0,0.0,462100.86706810293
steelscrap_source_Region21Hainan_steelscrap_source_Region29Qinghai,0.0,0.0,491083.98454018106,0.0,0.0,0.0,0.0,491083.98454018106
steelscrap_source_Region21Hainan_steelscrap_source_Region30Ningxia,0.0,0.0,518282.31517369364,0.0,0.0,0.0,0.0,518282.31517369364
steelscrap_source_Region21Hainan_steelscrap_source_Region31Xinjiang,0.0,0.0,558427.4815851677,0.0,0.0,0.0,0.0,558427.4815851677
steelscrap_source_Region22Chongqing_steelscrap_source_Region1Beijing,0.0,0.0,637462.6857683872,0.0,0.0,0.0,0.0,637462.6857683872
steelscrap_source_Region22Chongqing_steelscrap_source_Region2Tianjin,0.0,0.0,655969.3463238378,0.0,0.0,0.0,0.0,655969.3463238378
steelscrap_source_Region22Chongqing_steelscrap_source_Region3Hebei,0.0,0.0,650952.3066813475,0.0,0.0,0.0,0.0,650952.3066813475
steelscrap_source_Region22Chongqing_steelscrap_source_Region4Shanxi,0.0,0.0,594390.5300234451,0.0,0.0,0.0,0.0,594390.5300234451
steelscrap_source_Region22Chongqing_steelscrap_source_Region5Innermongolia,0.0,0.0,573261.9915566236,0.0,0.0,0.0,0.0,573261.9915566236
steelscrap_source_Region22Chongqing_steelscrap_source_Region6Liaoning,0.0,0.0,610915.5715699135,0.0,0.0,0.0,0.0,610915.5715699135
steelscrap_source_Region22Chongqing_steelscrap_source_Region7Jilin,0.0,0.0,584764.7276659786,0.0,0.0,0.0,0.0,584764.7276659786
steelscrap_source_Region22Chongqing_steelscrap_source_Region8Heilongjiang,0.0,0.0,569657.4285035267,0.0,0.0,0.0,0.0,569657.4285035267
steelscrap_source_Region22Chongqing_steelscrap_source_Region9Shanghai,0.0,0.0,1.1427051617425582e6,0.0,0.0,0.0,0.0,1.1427051617425582e6
steelscrap_source_Region22Chongqing_steelscrap_source_Region10Jiangsu,0.0,0.0,953946.5307598618,0.0,0.0,0.0,0.0,953946.5307598618
steelscrap_source_Region22Chongqing_steelscrap_source_Region11Zhejiang,0.0,0.0,1.1872329577444016e6,0.0,0.0,0.0,0.0,1.1872329577444016e6
steelscrap_source_Region22Chongqing_steelscrap_source_Region12Anhui,0.0,0.0,880763.5264107148,0.0,0.0,0.0,0.0,880763.5264107148
steelscrap_source_Region22Chongqing_steelscrap_source_Region13Fujian,0.0,0.0,1.1197440165958593e6,0.0,0.0,0.0,0.0,1.1197440165958593e6
steelscrap_source_Region22Chongqing_steelscrap_source_Region14Jiangxi,0.0,0.0,844130.0424890342,0.0,0.0,0.0,0.0,844130.0424890342
steelscrap_source_Region22Chongqing_steelscrap_source_Region15Shandong,0.0,0.0,696070.4897319387,0.0,0.0,0.0,0.0,696070.4897319387
steelscrap_source_Region22Chongqing_steelscrap_source_Region16Henan,0.0,0.0,593772.7102603551,0.0,0.0,0.0,0.0,593772.7102603551
steelscrap_source_Region22Chongqing_steelscrap_source_Region17Hubei,0.0,0.0,808417.6487800032,0.0,0.0,0.0,0.0,808417.6487800032
steelscrap_source_Region22Chongqing_steelscrap_source_Region18Hunan,0.0,0.0,808096.0869056928,0.0,0.0,0.0,0.0,808096.0869056928
steelscrap_source_Region22Chongqing_steelscrap_source_Region19Guangdong,0.0,0.0,1.0832874329881791e6,0.0,0.0,0.0,0.0,1.0832874329881791e6
steelscrap_source_Region22Chongqing_steelscrap_source_Region20Guangxi,0.0,0.0,863937.2623340884,0.0,0.0,0.0,0.0,863937.2623340884
steelscrap_source_Region22Chongqing_steelscrap_source_Region21Hainan,0.0,0.0,741738.216980587,0.0,0.0,0.0,0.0,741738.216980587
steelscrap_source_Region22Chongqing_steelscrap_source_Region23Sichuan,0.0,0.0,484442.7796532038,0.0,0.0,0.0,0.0,484442.7796532038
steelscrap_source_Region22Chongqing_steelscrap_source_Region24Guizhou,0.0,0.0,634962.4815902722,0.0,0.0,0.0,0.0,634962.4815902722
steelscrap_source_Region22Chongqing_steelscrap_source_Region25Yunnan,0.0,0.0,1.3757650269336281e6,0.0,0.0,0.0,0.0,1.3757650269336281e6
steelscrap_source_Region22Chongqing_steelscrap_source_Region27Shaanxi,0.0,0.0,393510.99224758305,0.0,0.0,0.0,0.0,393510.99224758305
steelscrap_source_Region22Chongqing_steelscrap_source_Region28Gansu,0.0,0.0,378991.93946359743,0.0,0.0,0.0,0.0,378991.93946359743
steelscrap_source_Region22Chongqing_steelscrap_source_Region29Qinghai,0.0,0.0,438178.6670343906,0.0,0.0,0.0,0.0,438178.6670343906
steelscrap_source_Region22Chongqing_steelscrap_source_Region30Ningxia,0.0,0.0,484124.1882685062,0.0,0.0,0.0,0.0,484124.1882685062
steelscrap_source_Region22Chongqing_steelscrap_source_Region31Xinjiang,0.0,0.0,563567.6045003895,0.0,0.0,0.0,0.0,563567.6045003895
steelscrap_source_Region23Sichuan_steelscrap_source_Region1Beijing,0.0,0.0,660482.6362285159,0.0,0.0,0.0,0.0,660482.6362285159
steelscrap_source_Region23Sichuan_steelscrap_source_Region2Tianjin,0.0,0.0,680569.5771534478,0.0,0.0,0.0,0.0,680569.5771534478
steelscrap_source_Region23Sichuan_steelscrap_source_Region3Hebei,0.0,0.0,680912.5281541874,0.0,0.0,0.0,0.0,680912.5281541874
steelscrap_source_Region23Sichuan_steelscrap_source_Region4Shanxi,0.0,0.0,622728.2285052729,0.0,0.0,0.0,0.0,622728.2285052729
steelscrap_source_Region23Sichuan_steelscrap_source_Region5Innermongolia,0.0,0.0,590694.4523491453,0.0,0.0,0.0,0.0,590694.4523491453
steelscrap_source_Region23Sichuan_steelscrap_source_Region6Liaoning,0.0,0.0,625286.0560937434,0.0,0.0,0.0,0.0,625286.0560937434
steelscrap_source_Region23Sichuan_steelscrap_source_Region7Jilin,0.0,0.0,596098.1539883207,0.0,0.0,0.0,0.0,596098.1539883207
steelscrap_source_Region23Sichuan_steelscrap_source_Region8Heilongjiang,0.0,0.0,579280.4481228668,0.0,0.0,0.0,0.0,579280.4481228668
steelscrap_source_Region23Sichuan_steelscrap_source_Region9Shanghai,0.0,0.0,1.078005420024397e6,0.0,0.0,0.0,0.0,1.078005420024397e6
steelscrap_source_Region23Sichuan_steelscrap_source_Region10Jiangsu,0.0,0.0,929360.577645661,0.0,0.0,0.0,0.0,929360.577645661
steelscrap_source_Region23Sichuan_steelscrap_source_Region11Zhejiang,0.0,0.0,1.109189054380647e6,0.0,0.0,0.0,0.0,1.109189054380647e6
steelscrap_source_Region23Sichuan_steelscrap_source_Region12Anhui,0.0,0.0,870423.8814050031,0.0,0.0,0.0,0.0,870423.8814050031
steelscrap_source_Region23Sichuan_steelscrap_source_Region13Fujian,0.0,0.0,1.034840665895677e6,0.0,0.0,0.0,0.0,1.034840665895677e6
steelscrap_source_Region23Sichuan_steelscrap_source_Region14Jiangxi,0.0,0.0,831659.6072053706,0.0,0.0,0.0,0.0,831659.6072053706
steelscrap_source_Region23Sichuan_steelscrap_source_Region15Shandong,0.0,0.0,727043.7612050676,0.0,0.0,0.0,0.0,727043.7612050676
steelscrap_source_Region23Sichuan_steelscrap_source_Region16Henan,0.0,0.0,628668.3978395833,0.0,0.0,0.0,0.0,628668.3978395833
steelscrap_source_Region23Sichuan_steelscrap_source_Region17Hubei,0.0,0.0,812673.8229728737,0.0,0.0,0.0,0.0,812673.8229728737
steelscrap_source_Region23Sichuan_steelscrap_source_Region18Hunan,0.0,0.0,797523.0832550525,0.0,0.0,0.0,0.0,797523.0832550525
steelscrap_source_Region23Sichuan_steelscrap_source_Region19Guangdong,0.0,0.0,994567.3132508225,0.0,0.0,0.0,0.0,994567.3132508225
steelscrap_source_Region23Sichuan_steelscrap_source_Region20Guangxi,0.0,0.0,850471.0948001316,0.0,0.0,0.0,0.0,850471.0948001316
steelscrap_source_Region23Sichuan_steelscrap_source_Region21Hainan,0.0,0.0,755037.3978419723,0.0,0.0,0.0,0.0,755037.3978419723
steelscrap_source_Region23Sichuan_steelscrap_source_Region22Chongqing,0.0,0.0,689372.5691885229,0.0,0.0,0.0,0.0,689372.5691885229
steelscrap_source_Region23Sichuan_steelscrap_source_Region24Guizhou,0.0,0.0,706205.3520994852,0.0,0.0,0.0,0.0,706205.3520994852
steelscrap_source_Region23Sichuan_steelscrap_source_Region25Yunnan,0.0,0.0,2.121309505323439e6,0.0,0.0,0.0,0.0,2.121309505323439e6
steelscrap_source_Region23Sichuan_steelscrap_source_Region27Shaanxi,0.0,0.0,418398.04140331165,0.0,0.0,0.0,0.0,418398.04140331165
steelscrap_source_Region23Sichuan_steelscrap_source_Region28Gansu,0.0,0.0,365578.85180215596,0.0,0.0,0.0,0.0,365578.85180215596
steelscrap_source_Region23Sichuan_steelscrap_source_Region29Qinghai,0.0,0.0,422256.7304800922,0.0,0.0,0.0,0.0,422256.7304800922
steelscrap_source_Region23Sichuan_steelscrap_source_Region30Ningxia,0.0,0.0,497424.2137314103,0.0,0.0,0.0,0.0,497424.2137314103
steelscrap_source_Region23Sichuan_steelscrap_source_Region31Xinjiang,0.0,0.0,570081.7632989543,0.0,0.0,0.0,0.0,570081.7632989543
steelscrap_source_Region24Guizhou_steelscrap_source_Region1Beijing,0.0,0.0,627787.7561703346,0.0,0.0,0.0,0.0,627787.7561703346
steelscrap_source_Region24Guizhou_steelscrap_source_Region2Tianjin,0.0,0.0,642775.2390421144,0.0,0.0,0.0,0.0,642775.2390421144
steelscrap_source_Region24Guizhou_steelscrap_source_Region3Hebei,0.0,0.0,636094.2996457352,0.0,0.0,0.0,0.0,636094.2996457352
steelscrap_source_Region24Guizhou_steelscrap_source_Region4Shanxi,0.0,0.0,592022.6667768257,0.0,0.0,0.0,0.0,592022.6667768257
steelscrap_source_Region24Guizhou_steelscrap_source_Region5Innermongolia,0.0,0.0,575539.6755861451,0.0,0.0,0.0,0.0,575539.6755861451
steelscrap_source_Region24Guizhou_steelscrap_source_Region6Liaoning,0.0,0.0,606948.5063403395,0.0,0.0,0.0,0.0,606948.5063403395
steelscrap_source_Region24Guizhou_steelscrap_source_Region7Jilin,0.0,0.0,583765.1286542142,0.0,0.0,0.0,0.0,583765.1286542142
steelscrap_source_Region24Guizhou_steelscrap_source_Region8Heilongjiang,0.0,0.0,570047.2641007719,0.0,0.0,0.0,0.0,570047.2641007719
steelscrap_source_Region24Guizhou_steelscrap_source_Region9Shanghai,0.0,0.0,1.0128751626701567e6,0.0,0.0,0.0,0.0,1.0128751626701567e6
steelscrap_source_Region24Guizhou_steelscrap_source_Region10Jiangsu,0.0,0.0,858518.3409919047,0.0,0.0,0.0,0.0,858518.3409919047
steelscrap_source_Region24Guizhou_steelscrap_source_Region11Zhejiang,0.0,0.0,1.0710794023999218e6,0.0,0.0,0.0,0.0,1.0710794023999218e6
steelscrap_source_Region24Guizhou_steelscrap_source_Region12Anhui,0.0,0.0,799029.4985942033,0.0,0.0,0.0,0.0,799029.4985942033
steelscrap_source_Region24Guizhou_steelscrap_source_Region13Fujian,0.0,0.0,1.1078425011270375e6,0.0,0.0,0.0,0.0,1.1078425011270375e6
steelscrap_source_Region24Guizhou_steelscrap_source_Region14Jiangxi,0.0,0.0,797643.0110961201,0.0,0.0,0.0,0.0,797643.0110961201
steelscrap_source_Region24Guizhou_steelscrap_source_Region15Shandong,0.0,0.0,671147.3459946916,0.0,0.0,0.0,0.0,671147.3459946916
steelscrap_source_Region24Guizhou_steelscrap_source_Region16Henan,0.0,0.0,587899.3796098647,0.0,0.0,0.0,0.0,587899.3796098647
steelscrap_source_Region24Guizhou_steelscrap_source_Region17Hubei,0.0,0.0,730148.8372661688,0.0,0.0,0.0,0.0,730148.8372661688
steelscrap_source_Region24Guizhou_steelscrap_source_Region18Hunan,0.0,0.0,745767.3228317716,0.0,0.0,0.0,0.0,745767.3228317716
steelscrap_source_Region24Guizhou_steelscrap_source_Region19Guangdong,0.0,0.0,1.360461721067437e6,0.0,0.0,0.0,0.0,1.360461721067437e6
steelscrap_source_Region24Guizhou_steelscrap_source_Region20Guangxi,0.0,0.0,1.0341215936852525e6,0.0,0.0,0.0,0.0,1.0341215936852525e6
steelscrap_source_Region24Guizhou_steelscrap_source_Region21Hainan,0.0,0.0,748733.5901621672,0.0,0.0,0.0,0.0,748733.5901621672
steelscrap_source_Region24Guizhou_steelscrap_source_Region22Chongqing,0.0,0.0,519378.35019869235,0.0,0.0,0.0,0.0,519378.35019869235
steelscrap_source_Region24Guizhou_steelscrap_source_Region23Sichuan,0.0,0.0,510199.756114995,0.0,0.0,0.0,0.0,510199.756114995
steelscrap_source_Region24Guizhou_steelscrap_source_Region25Yunnan,0.0,0.0,3.4728882388012134e6,0.0,0.0,0.0,0.0,3.4728882388012134e6
steelscrap_source_Region24Guizhou_steelscrap_source_Region27Shaanxi,0.0,0.0,440072.85958494747,0.0,0.0,0.0,0.0,440072.85958494747
steelscrap_source_Region24Guizhou_steelscrap_source_Region28Gansu,0.0,0.0,415569.88219452766,0.0,0.0,0.0,0.0,415569.88219452766
steelscrap_source_Region24Guizhou_steelscrap_source_Region29Qinghai,0.0,0.0,463490.30259759893,0.0,0.0,0.0,0.0,463490.30259759893
steelscrap_source_Region24Guizhou_steelscrap_source_Region30Ningxia,0.0,0.0,503690.27084178996,0.0,0.0,0.0,0.0,503690.27084178996
steelscrap_source_Region24Guizhou_steelscrap_source_Region31Xinjiang,0.0,0.0,566121.1881228557,0.0,0.0,0.0,0.0,566121.1881228557
steelscrap_source_Region25Yunnan_steelscrap_source_Region1Beijing,0.0,0.0,537609.8708837104,0.0,0.0,0.0,0.0,537609.8708837104
steelscrap_source_Region25Yunnan_steelscrap_source_Region2Tianjin,0.0,0.0,546481.3653485697,0.0,0.0,0.0,0.0,546481.3653485697
steelscrap_source_Region25Yunnan_steelscrap_source_Region3Hebei,0.0,0.0,531386.8488298052,0.0,0.0,0.0,0.0,531386.8488298052
steelscrap_source_Region25Yunnan_steelscrap_source_Region4Shanxi,0.0,0.0,499720.58797005034,0.0,0.0,0.0,0.0,499720.58797005034
steelscrap_source_Region25Yunnan_steelscrap_source_Region5Innermongolia,0.0,0.0,505218.0036785689,0.0,0.0,0.0,0.0,505218.0036785689
steelscrap_source_Region25Yunnan_steelscrap_source_Region6Liaoning,0.0,0.0,540827.700820696,0.0,0.0,0.0,0.0,540827.700820696
steelscrap_source_Region25Yunnan_steelscrap_source_Region7Jilin,0.0,0.0,529730.4616814597,0.0,0.0,0.0,0.0,529730.4616814597
steelscrap_source_Region25Yunnan_steelscrap_source_Region8Heilongjiang,0.0,0.0,523251.7643945529,0.0,0.0,0.0,0.0,523251.7643945529
steelscrap_source_Region25Yunnan_steelscrap_source_Region9Shanghai,0.0,0.0,695917.7870670961,0.0,0.0,0.0,0.0,695917.7870670961
steelscrap_source_Region25Yunnan_steelscrap_source_Region10Jiangsu,0.0,0.0,619756.0106556035,0.0,0.0,0.0,0.0,619756.0106556035
steelscrap_source_Region25Yunnan_steelscrap_source_Region11Zhejiang,0.0,0.0,701778.9046014124,0.0,0.0,0.0,0.0,701778.9046014124
steelscrap_source_Region25Yunnan_steelscrap_source_Region12Anhui,0.0,0.0,582867.2029918889,0.0,0.0,0.0,0.0,582867.2029918889
steelscrap_source_Region25Yunnan_steelscrap_source_Region13Fujian,0.0,0.0,691360.2859446565,0.0,0.0,0.0,0.0,691360.2859446565
steelscrap_source_Region25Yunnan_steelscrap_source_Region14Jiangxi,0.0,0.0,554298.159079934,0.0,0.0,0.0,0.0,554298.159079934
steelscrap_source_Region25Yunnan_steelscrap_source_Region15Shandong,0.0,0.0,547621.0110818945,0.0,0.0,0.0,0.0,547621.0110818945
steelscrap_source_Region25Yunnan_steelscrap_source_Region16Henan,0.0,0.0,491854.4193825723,0.0,0.0,0.0,0.0,491854.4193825723
steelscrap_source_Region25Yunnan_steelscrap_source_Region17Hubei,0.0,0.0,524779.0799886307,0.0,0.0,0.0,0.0,524779.0799886307
steelscrap_source_Region25Yunnan_steelscrap_source_Region18Hunan,0.0,0.0,499598.79857420956,0.0,0.0,0.0,0.0,499598.79857420956
steelscrap_source_Region25Yunnan_steelscrap_source_Region19Guangdong,0.0,0.0,601466.7384906438,0.0,0.0,0.0,0.0,601466.7384906438
steelscrap_source_Region25Yunnan_steelscrap_source_Region20Guangxi,0.0,0.0,450927.4563044495,0.0,0.0,0.0,0.0,450927.4563044495
steelscrap_source_Region25Yunnan_steelscrap_source_Region21Hainan,0.0,0.0,502899.7038688633,0.0,0.0,0.0,0.0,502899.7038688633
steelscrap_source_Region25Yunnan_steelscrap_source_Region22Chongqing,0.0,0.0,383694.37913412077,0.0,0.0,0.0,0.0,383694.37913412077
steelscrap_source_Region25Yunnan_steelscrap_source_Region23Sichuan,0.0,0.0,360464.21959008346,0.0,0.0,0.0,0.0,360464.21959008346
steelscrap_source_Region25Yunnan_steelscrap_source_Region24Guizhou,0.0,0.0,324389.48037904914,0.0,0.0,0.0,0.0,324389.48037904914
steelscrap_source_Region25Yunnan_steelscrap_source_Region27Shaanxi,0.0,0.0,388927.28884883336,0.0,0.0,0.0,0.0,388927.28884883336
steelscrap_source_Region25Yunnan_steelscrap_source_Region28Gansu,0.0,0.0,375326.399022091,0.0,0.0,0.0,0.0,375326.399022091
steelscrap_source_Region25Yunnan_steelscrap_source_Region29Qinghai,0.0,0.0,403435.3158169383,0.0,0.0,0.0,0.0,403435.3158169383
steelscrap_source_Region25Yunnan_steelscrap_source_Region30Ningxia,0.0,0.0,441443.5326532463,0.0,0.0,0.0,0.0,441443.5326532463
steelscrap_source_Region25Yunnan_steelscrap_source_Region31Xinjiang,0.0,0.0,515280.74336657947,0.0,0.0,0.0,0.0,515280.74336657947
steelscrap_source_Region27Shaanxi_steelscrap_source_Region1Beijing,0.0,0.0,1.0297356149143276e6,0.0,0.0,0.0,0.0,1.0297356149143276e6
steelscrap_source_Region27Shaanxi_steelscrap_source_Region2Tianjin,0.0,0.0,1.112323223886127e6,0.0,0.0,0.0,0.0,1.112323223886127e6
steelscrap_source_Region27Shaanxi_steelscrap_source_Region3Hebei,0.0,0.0,1.5876413180777114e6,0.0,0.0,0.0,0.0,1.5876413180777114e6
steelscrap_source_Region27Shaanxi_steelscrap_source_Region4Shanxi,0.0,0.0,1.4836879332908373e6,0.0,0.0,0.0,0.0,1.4836879332908373e6
steelscrap_source_Region27Shaanxi_steelscrap_source_Region5Innermongolia,0.0,0.0,760399.4313724992,0.0,0.0,0.0,0.0,760399.4313724992
steelscrap_source_Region27Shaanxi_steelscrap_source_Region6Liaoning,0.0,0.0,763048.6306049244,0.0,0.0,0.0,0.0,763048.6306049244
steelscrap_source_Region27Shaanxi_steelscrap_source_Region7Jilin,0.0,0.0,683433.1764865129,0.0,0.0,0.0,0.0,683433.1764865129
steelscrap_source_Region27Shaanxi_steelscrap_source_Region8Heilongjiang,0.0,0.0,643663.4970046555,0.0,0.0,0.0,0.0,643663.4970046555
steelscrap_source_Region27Shaanxi_steelscrap_source_Region9Shanghai,0.0,0.0,6.773608227793861e6,0.0,0.0,0.0,0.0,6.773608227793861e6
steelscrap_source_Region27Shaanxi_steelscrap_source_Region10Jiangsu,0.0,0.0,7.245572470581813e6,0.0,0.0,0.0,0.0,7.245572470581813e6
steelscrap_source_Region27Shaanxi_steelscrap_source_Region11Zhejiang,0.0,0.0,4.633653187641408e7,0.0,0.0,0.0,0.0,4.633653187641408e7
steelscrap_source_Region27Shaanxi_steelscrap_source_Region12Anhui,0.0,0.0,1.5374535321568718e7,0.0,0.0,0.0,0.0,1.5374535321568718e7
steelscrap_source_Region27Shaanxi_steelscrap_source_Region13Fujian,0.0,0.0,2.244782080170668e6,0.0,0.0,0.0,0.0,2.244782080170668e6
steelscrap_source_Region27Shaanxi_steelscrap_source_Region14Jiangxi,0.0,0.0,1.9516373699056685e6,0.0,0.0,0.0,0.0,1.9516373699056685e6
steelscrap_source_Region27Shaanxi_steelscrap_source_Region15Shandong,0.0,0.0,2.2001450062401206e6,0.0,0.0,0.0,0.0,2.2001450062401206e6
steelscrap_source_Region27Shaanxi_steelscrap_source_Region16Henan,0.0,0.0,3.089840964716642e6,0.0,0.0,0.0,0.0,3.089840964716642e6
steelscrap_source_Region27Shaanxi_steelscrap_source_Region17Hubei,0.0,0.0,8.762768095746007e6,0.0,0.0,0.0,0.0,8.762768095746007e6
steelscrap_source_Region27Shaanxi_steelscrap_source_Region18Hunan,0.0,0.0,1.6031250878771802e6,0.0,0.0,0.0,0.0,1.6031250878771802e6
steelscrap_source_Region27Shaanxi_steelscrap_source_Region19Guangdong,0.0,0.0,1.4290673538432773e6,0.0,0.0,0.0,0.0,1.4290673538432773e6
steelscrap_source_Region27Shaanxi_steelscrap_source_Region20Guangxi,0.0,0.0,1.0434716455888607e6,0.0,0.0,0.0,0.0,1.0434716455888607e6
steelscrap_source_Region27Shaanxi_steelscrap_source_Region21Hainan,0.0,0.0,898776.2986237269,0.0,0.0,0.0,0.0,898776.2986237269
steelscrap_source_Region27Shaanxi_steelscrap_source_Region22Chongqing,0.0,0.0,1.3480990367174777e6,0.0,0.0,0.0,0.0,1.3480990367174777e6
steelscrap_source_Region27Shaanxi_steelscrap_source_Region23Sichuan,0.0,0.0,1.093973989309852e6,0.0,0.0,0.0,0.0,1.093973989309852e6
steelscrap_source_Region27Shaanxi_steelscrap_source_Region24Guizhou,0.0,0.0,1.0113941723496886e6,0.0,0.0,0.0,0.0,1.0113941723496886e6
steelscrap_source_Region27Shaanxi_steelscrap_source_Region25Yunnan,0.0,0.0,1.454323504558443e6,0.0,0.0,0.0,0.0,1.454323504558443e6
steelscrap_source_Region27Shaanxi_steelscrap_source_Region28Gansu,0.0,0.0,426992.5623244691,0.0,0.0,0.0,0.0,426992.5623244691
steelscrap_source_Region27Shaanxi_steelscrap_source_Region29Qinghai,0.0,0.0,533971.8357369599,0.0,0.0,0.0,0.0,533971.8357369599
steelscrap_source_Region27Shaanxi_steelscrap_source_Region30Ningxia,0.0,0.0,664784.0218900819,0.0,0.0,0.0,0.0,664784.0218900819
steelscrap_source_Region27Shaanxi_steelscrap_source_Region31Xinjiang,0.0,0.0,639210.1337130876,0.0,0.0,0.0,0.0,639210.1337130876
steelscrap_source_Region28Gansu_steelscrap_source_Region1Beijing,0.0,0.0,1.3199581893685418e6,0.0,0.0,0.0,0.0,1.3199581893685418e6
steelscrap_source_Region28Gansu_steelscrap_source_Region2Tianjin,0.0,0.0,1.410460937880427e6,0.0,0.0,0.0,0.0,1.410460937880427e6
steelscrap_source_Region28Gansu_steelscrap_source_Region3Hebei,0.0,0.0,2.4546645219529998e6,0.0,0.0,0.0,0.0,2.4546645219529998e6
steelscrap_source_Region28Gansu_steelscrap_source_Region4Shanxi,0.0,0.0,2.3867861846820097e6,0.0,0.0,0.0,0.0,2.3867861846820097e6
steelscrap_source_Region28Gansu_steelscrap_source_Region5Innermongolia,0.0,0.0,1.083189428184797e6,0.0,0.0,0.0,0.0,1.083189428184797e6
steelscrap_source_Region28Gansu_steelscrap_source_Region6Liaoning,0.0,0.0,873050.2749035759,0.0,0.0,0.0,0.0,873050.2749035759
steelscrap_source_Region28Gansu_steelscrap_source_Region7Jilin,0.0,0.0,766434.0931327192,0.0,0.0,0.0,0.0,766434.0931327192
steelscrap_source_Region28Gansu_steelscrap_source_Region8Heilongjiang,0.0,0.0,712810.974911428,0.0,0.0,0.0,0.0,712810.974911428
steelscrap_source_Region28Gansu_steelscrap_source_Region9Shanghai,0.0,0.0,5.006025055944919e6,0.0,0.0,0.0,0.0,5.006025055944919e6
steelscrap_source_Region28Gansu_steelscrap_source_Region10Jiangsu,0.0,0.0,3.6443304835653557e6,0.0,0.0,0.0,0.0,3.6443304835653557e6
steelscrap_source_Region28Gansu_steelscrap_source_Region11Zhejiang,0.0,0.0,5.709755149990147e6,0.0,0.0,0.0,0.0,5.709755149990147e6
steelscrap_source_Region28Gansu_steelscrap_source_Region12Anhui,0.0,0.0,4.241156306162458e6,0.0,0.0,0.0,0.0,4.241156306162458e6
steelscrap_source_Region28Gansu_steelscrap_source_Region13Fujian,0.0,0.0,2.0869269088029345e6,0.0,0.0,0.0,0.0,2.0869269088029345e6
steelscrap_source_Region28Gansu_steelscrap_source_Region14Jiangxi,0.0,0.0,1.7983316440613666e6,0.0,0.0,0.0,0.0,1.7983316440613666e6
steelscrap_source_Region28Gansu_steelscrap_source_Region15Shandong,0.0,0.0,2.7808849149876805e6,0.0,0.0,0.0,0.0,2.7808849149876805e6
steelscrap_source_Region28Gansu_steelscrap_source_Region16Henan,0.0,0.0,2.318863263111349e6,0.0,0.0,0.0,0.0,2.318863263111349e6
steelscrap_source_Region28Gansu_steelscrap_source_Region17Hubei,0.0,0.0,3.3478032113851723e6,0.0,0.0,0.0,0.0,3.3478032113851723e6
steelscrap_source_Region28Gansu_steelscrap_source_Region18Hunan,0.0,0.0,1.5538996335473342e6,0.0,0.0,0.0,0.0,1.5538996335473342e6
steelscrap_source_Region28Gansu_steelscrap_source_Region19Guangdong,0.0,0.0,1.4806232042713217e6,0.0,0.0,0.0,0.0,1.4806232042713217e6
steelscrap_source_Region28Gansu_steelscrap_source_Region20Guangxi,0.0,0.0,1.372091825197178e6,0.0,0.0,0.0,0.0,1.372091825197178e6
steelscrap_source_Region28Gansu_steelscrap_source_Region21Hainan,0.0,0.0,1.0448260910257801e6,0.0,0.0,0.0,0.0,1.0448260910257801e6
steelscrap_source_Region28Gansu_steelscrap_source_Region22Chongqing,0.0,0.0,2.8176645603626077e6,0.0,0.0,0.0,0.0,2.8176645603626077e6
steelscrap_source_Region28Gansu_steelscrap_source_Region23Sichuan,0.0,0.0,3.8928036486811507e6,0.0,0.0,0.0,0.0,3.8928036486811507e6
steelscrap_source_Region28Gansu_steelscrap_source_Region24Guizhou,0.0,0.0,1.4806966833968526e6,0.0,0.0,0.0,0.0,1.4806966833968526e6
steelscrap_source_Region28Gansu_steelscrap_source_Region25Yunnan,0.0,0.0,2.7000958622136004e6,0.0,0.0,0.0,0.0,2.7000958622136004e6
steelscrap_source_Region28Gansu_steelscrap_source_Region27Shaanxi,0.0,0.0,2.342308481096033e6,0.0,0.0,0.0,0.0,2.342308481096033e6
steelscrap_source_Region28Gansu_steelscrap_source_Region29Qinghai,0.0,0.0,2.647344541138247e6,0.0,0.0,0.0,0.0,2.647344541138247e6
steelscrap_source_Region28Gansu_steelscrap_source_Region30Ningxia,0.0,0.0,4.446687469059803e6,0.0,0.0,0.0,0.0,4.446687469059803e6
steelscrap_source_Region28Gansu_steelscrap_source_Region31Xinjiang,0.0,0.0,747339.6406860724,0.0,0.0,0.0,0.0,747339.6406860724
steelscrap_source_Region29Qinghai_steelscrap_source_Region1Beijing,0.0,0.0,955571.9286172467,0.0,0.0,0.0,0.0,955571.9286172467
steelscrap_source_Region29Qinghai_steelscrap_source_Region2Tianjin,0.0,0.0,996056.5500347533,0.0,0.0,0.0,0.0,996056.5500347533
steelscrap_source_Region29Qinghai_steelscrap_source_Region3Hebei,0.0,0.0,1.136651488534384e6,0.0,0.0,0.0,0.0,1.136651488534384e6
steelscrap_source_Region29Qinghai_steelscrap_source_Region4Shanxi,0.0,0.0,1.0473713398181385e6,0.0,0.0,0.0,0.0,1.0473713398181385e6
steelscrap_source_Region29Qinghai_steelscrap_source_Region5Innermongolia,0.0,0.0,822554.5336357991,0.0,0.0,0.0,0.0,822554.5336357991
steelscrap_source_Region29Qinghai_steelscrap_source_Region6Liaoning,0.0,0.0,773863.1551411615,0.0,0.0,0.0,0.0,773863.1551411615
steelscrap_source_Region29Qinghai_steelscrap_source_Region7Jilin,0.0,0.0,705874.9747857226,0.0,0.0,0.0,0.0,705874.9747857226
steelscrap_source_Region29Qinghai_steelscrap_source_Region8Heilongjiang,0.0,0.0,668991.3422008939,0.0,0.0,0.0,0.0,668991.3422008939
steelscrap_source_Region29Qinghai_steelscrap_source_Region9Shanghai,0.0,0.0,1.6214817508388679e6,0.0,0.0,0.0,0.0,1.6214817508388679e6
steelscrap_source_Region29Qinghai_steelscrap_source_Region10Jiangsu,0.0,0.0,1.4211615897047927e6,0.0,0.0,0.0,0.0,1.4211615897047927e6
steelscrap_source_Region29Qinghai_steelscrap_source_Region11Zhejiang,0.0,0.0,1.646080808912655e6,0.0,0.0,0.0,0.0,1.646080808912655e6
steelscrap_source_Region29Qinghai_steelscrap_source_Region12Anhui,0.0,0.0,1.3644480618427403e6,0.0,0.0,0.0,0.0,1.3644480618427403e6
steelscrap_source_Region29Qinghai_steelscrap_source_Region13Fujian,0.0,0.0,1.3289417787107788e6,0.0,0.0,0.0,0.0,1.3289417787107788e6
steelscrap_source_Region29Qinghai_steelscrap_source_Region14Jiangxi,0.0,0.0,1.1407987037074661e6,0.0,0.0,0.0,0.0,1.1407987037074661e6
steelscrap_source_Region29Qinghai_steelscrap_source_Region15Shandong,0.0,0.0,1.1964743896539933e6,0.0,0.0,0.0,0.0,1.1964743896539933e6
steelscrap_source_Region29Qinghai_steelscrap_source_Region16Henan,0.0,0.0,1.0219718023267061e6,0.0,0.0,0.0,0.0,1.0219718023267061e6
steelscrap_source_Region29Qinghai_steelscrap_source_Region17Hubei,0.0,0.0,1.2373748074954916e6,0.0,0.0,0.0,0.0,1.2373748074954916e6
steelscrap_source_Region29Qinghai_steelscrap_source_Region18Hunan,0.0,0.0,1.0508685407417924e6,0.0,0.0,0.0,0.0,1.0508685407417924e6
steelscrap_source_Region29Qinghai_steelscrap_source_Region19Guangdong,0.0,0.0,1.1162192475547083e6,0.0,0.0,0.0,0.0,1.1162192475547083e6
steelscrap_source_Region29Qinghai_steelscrap_source_Region20Guangxi,0.0,0.0,1.0195939658116354e6,0.0,0.0,0.0,0.0,1.0195939658116354e6
steelscrap_source_Region29Qinghai_steelscrap_source_Region21Hainan,0.0,0.0,894360.6277656027,0.0,0.0,0.0,0.0,894360.6277656027
steelscrap_source_Region29Qinghai_steelscrap_source_Region22Chongqing,0.0,0.0,1.0908468271300069e6,0.0,0.0,0.0,0.0,1.0908468271300069e6
steelscrap_source_Region29Qinghai_steelscrap_source_Region23Sichuan,0.0,0.0,1.155953171803673e6,0.0,0.0,0.0,0.0,1.155953171803673e6
steelscrap_source_Region29Qinghai_steelscrap_source_Region24Guizhou,0.0,0.0,978811.8798316665,0.0,0.0,0.0,0.0,978811.8798316665
steelscrap_source_Region29Qinghai_steelscrap_source_Region25Yunnan,0.0,0.0,1.5048049578006894e6,0.0,0.0,0.0,0.0,1.5048049578006894e6
steelscrap_source_Region29Qinghai_steelscrap_source_Region27Shaanxi,0.0,0.0,734194.4203644102,0.0,0.0,0.0,0.0,734194.4203644102
steelscrap_source_Region29Qinghai_steelscrap_source_Region28Gansu,0.0,0.0,335936.4855299491,0.0,0.0,0.0,0.0,335936.4855299491
steelscrap_source_Region29Qinghai_steelscrap_source_Region30Ningxia,0.0,0.0,809262.3697754862,0.0,0.0,0.0,0.0,809262.3697754862
steelscrap_source_Region29Qinghai_steelscrap_source_Region31Xinjiang,0.0,0.0,685414.5852426882,0.0,0.0,0.0,0.0,685414.5852426882
steelscrap_source_Region30Ningxia_steelscrap_source_Region1Beijing,0.0,0.0,980199.2042740498,0.0,0.0,0.0,0.0,980199.2042740498
steelscrap_source_Region30Ningxia_steelscrap_source_Region2Tianjin,0.0,0.0,1.0496732918220237e6,0.0,0.0,0.0,0.0,1.0496732918220237e6
steelscrap_source_Region30Ningxia_steelscrap_source_Region3Hebei,0.0,0.0,1.328657988944897e6,0.0,0.0,0.0,0.0,1.328657988944897e6
steelscrap_source_Region30Ningxia_steelscrap_source_Region4Shanxi,0.0,0.0,1.1680854844335732e6,0.0,0.0,0.0,0.0,1.1680854844335732e6
steelscrap_source_Region30Ningxia_steelscrap_source_Region5Innermongolia,0.0,0.0,786213.9932804981,0.0,0.0,0.0,0.0,786213.9932804981
steelscrap_source_Region30Ningxia_steelscrap_source_Region6Liaoning,0.0,0.0,733918.1266118921,0.0,0.0,0.0,0.0,733918.1266118921
steelscrap_source_Region30Ningxia_steelscrap_source_Region7Jilin,0.0,0.0,662422.5577724469,0.0,0.0,0.0,0.0,662422.5577724469
steelscrap_source_Region30Ningxia_steelscrap_source_Region8Heilongjiang,0.0,0.0,625591.2080682033,0.0,0.0,0.0,0.0,625591.2080682033
steelscrap_source_Region30Ningxia_steelscrap_source_Region9Shanghai,0.0,0.0,1.610312953636542e6,0.0,0.0,0.0,0.0,1.610312953636542e6
steelscrap_source_Region30Ningxia_steelscrap_source_Region10Jiangsu,0.0,0.0,1.392597057806834e6,0.0,0.0,0.0,0.0,1.392597057806834e6
steelscrap_source_Region30Ningxia_steelscrap_source_Region11Zhejiang,0.0,0.0,1.5940062793525702e6,0.0,0.0,0.0,0.0,1.5940062793525702e6
steelscrap_source_Region30Ningxia_steelscrap_source_Region12Anhui,0.0,0.0,1.2625224694831807e6,0.0,0.0,0.0,0.0,1.2625224694831807e6
steelscrap_source_Region30Ningxia_steelscrap_source_Region13Fujian,0.0,0.0,1.2443709733105176e6,0.0,0.0,0.0,0.0,1.2443709733105176e6
steelscrap_source_Region30Ningxia_steelscrap_source_Region14Jiangxi,0.0,0.0,1.0425454520774246e6,0.0,0.0,0.0,0.0,1.0425454520774246e6
steelscrap_source_Region30Ningxia_steelscrap_source_Region15Shandong,0.0,0.0,1.4700008757566204e6,0.0,0.0,0.0,0.0,1.4700008757566204e6
steelscrap_source_Region30Ningxia_steelscrap_source_Region16Henan,0.0,0.0,947492.7194041449,0.0,0.0,0.0,0.0,947492.7194041449
steelscrap_source_Region30Ningxia_steelscrap_source_Region17Hubei,0.0,0.0,1.1106598814390143e6,0.0,0.0,0.0,0.0,1.1106598814390143e6
steelscrap_source_Region30Ningxia_steelscrap_source_Region18Hunan,0.0,0.0,954567.601950157,0.0,0.0,0.0,0.0,954567.601950157
steelscrap_source_Region30Ningxia_steelscrap_source_Region19Guangdong,0.0,0.0,1.0258017313789156e6,0.0,0.0,0.0,0.0,1.0258017313789156e6
steelscrap_source_Region30Ningxia_steelscrap_source_Region20Guangxi,0.0,0.0,880020.6465960629,0.0,0.0,0.0,0.0,880020.6465960629
steelscrap_source_Region30Ningxia_steelscrap_source_Region21Hainan,0.0,0.0,808384.4957586059,0.0,0.0,0.0,0.0,808384.4957586059
steelscrap_source_Region30Ningxia_steelscrap_source_Region22Chongqing,0.0,0.0,851489.5393318257,0.0,0.0,0.0,0.0,851489.5393318257
steelscrap_source_Region30Ningxia_steelscrap_source_Region23Sichuan,0.0,0.0,794613.9574230666,0.0,0.0,0.0,0.0,794613.9574230666
steelscrap_source_Region30Ningxia_steelscrap_source_Region24Guizhou,0.0,0.0,817593.2776854313,0.0,0.0,0.0,0.0,817593.2776854313
steelscrap_source_Region30Ningxia_steelscrap_source_Region25Yunnan,0.0,0.0,1.0958939984561226e6,0.0,0.0,0.0,0.0,1.0958939984561226e6
steelscrap_source_Region30Ningxia_steelscrap_source_Region27Shaanxi,0.0,0.0,572416.3093170901,0.0,0.0,0.0,0.0,572416.3093170901
steelscrap_source_Region30Ningxia_steelscrap_source_Region28Gansu,0.0,0.0,336315.13342087856,0.0,0.0,0.0,0.0,336315.13342087856
steelscrap_source_Region30Ningxia_steelscrap_source_Region29Qinghai,0.0,0.0,458238.6928275461,0.0,0.0,0.0,0.0,458238.6928275461
steelscrap_source_Region30Ningxia_steelscrap_source_Region31Xinjiang,0.0,0.0,619871.8199043534,0.0,0.0,0.0,0.0,619871.8199043534
steelscrap_source_Region31Xinjiang_steelscrap_source_Region1Beijing,0.0,0.0,727881.3567884013,0.0,0.0,0.0,0.0,727881.3567884013
steelscrap_source_Region31Xinjiang_steelscrap_source_Region2Tianjin,0.0,0.0,738607.9321863306,0.0,0.0,0.0,0.0,738607.9321863306
steelscrap_source_Region31Xinjiang_steelscrap_source_Region3Hebei,0.0,0.0,736606.8991869532,0.0,0.0,0.0,0.0,736606.8991869532
steelscrap_source_Region31Xinjiang_steelscrap_source_Region4Shanxi,0.0,0.0,706627.5666736362,0.0,0.0,0.0,0.0,706627.5666736362
steelscrap_source_Region31Xinjiang_steelscrap_source_Region5Innermongolia,0.0,0.0,680100.2514815542,0.0,0.0,0.0,0.0,680100.2514815542
steelscrap_source_Region31Xinjiang_steelscrap_source_Region6Liaoning,0.0,0.0,682042.9569822493,0.0,0.0,0.0,0.0,682042.9569822493
steelscrap_source_Region31Xinjiang_steelscrap_source_Region7Jilin,0.0,0.0,652196.5513988761,0.0,0.0,0.0,0.0,652196.5513988761
steelscrap_source_Region31Xinjiang_steelscrap_source_Region8Heilongjiang,0.0,0.0,632020.4695634944,0.0,0.0,0.0,0.0,632020.4695634944
steelscrap_source_Region31Xinjiang_steelscrap_source_Region9Shanghai,0.0,0.0,864164.3782779339,0.0,0.0,0.0,0.0,864164.3782779339
steelscrap_source_Region31Xinjiang_steelscrap_source_Region10Jiangsu,0.0,0.0,813456.3068829691,0.0,0.0,0.0,0.0,813456.3068829691
steelscrap_source_Region31Xinjiang_steelscrap_source_Region11Zhejiang,0.0,0.0,867540.2138130511,0.0,0.0,0.0,0.0,867540.2138130511
steelscrap_source_Region31Xinjiang_steelscrap_source_Region12Anhui,0.0,0.0,789629.5967256633,0.0,0.0,0.0,0.0,789629.5967256633
steelscrap_source_Region31Xinjiang_steelscrap_source_Region13Fujian,0.0,0.0,837041.892310704,0.0,0.0,0.0,0.0,837041.892310704
steelscrap_source_Region31Xinjiang_steelscrap_source_Region14Jiangxi,0.0,0.0,764434.3814212945,0.0,0.0,0.0,0.0,764434.3814212945
steelscrap_source_Region31Xinjiang_steelscrap_source_Region15Shandong,0.0,0.0,752489.8203247734,0.0,0.0,0.0,0.0,752489.8203247734
steelscrap_source_Region31Xinjiang_steelscrap_source_Region16Henan,0.0,0.0,700946.3788990864,0.0,0.0,0.0,0.0,700946.3788990864
steelscrap_source_Region31Xinjiang_steelscrap_source_Region17Hubei,0.0,0.0,756415.0571359061,0.0,0.0,0.0,0.0,756415.0571359061
steelscrap_source_Region31Xinjiang_steelscrap_source_Region18Hunan,0.0,0.0,740697.6121924211,0.0,0.0,0.0,0.0,740697.6121924211
steelscrap_source_Region31Xinjiang_steelscrap_source_Region19Guangdong,0.0,0.0,783129.6352518636,0.0,0.0,0.0,0.0,783129.6352518636
steelscrap_source_Region31Xinjiang_steelscrap_source_Region20Guangxi,0.0,0.0,743784.6069473755,0.0,0.0,0.0,0.0,743784.6069473755
steelscrap_source_Region31Xinjiang_steelscrap_source_Region21Hainan,0.0,0.0,726979.6948962939,0.0,0.0,0.0,0.0,726979.6948962939
steelscrap_source_Region31Xinjiang_steelscrap_source_Region22Chongqing,0.0,0.0,707438.1759427012,0.0,0.0,0.0,0.0,707438.1759427012
steelscrap_source_Region31Xinjiang_steelscrap_source_Region23Sichuan,0.0,0.0,694478.4811861683,0.0,0.0,0.0,0.0,694478.4811861683
steelscrap_source_Region31Xinjiang_steelscrap_source_Region24Guizhou,0.0,0.0,708424.4179455084,0.0,0.0,0.0,0.0,708424.4179455084
steelscrap_source_Region31Xinjiang_steelscrap_source_Region25Yunnan,0.0,0.0,814316.9369620907,0.0,0.0,0.0,0.0,814316.9369620907
steelscrap_source_Region31Xinjiang_steelscrap_source_Region27Shaanxi,0.0,0.0,617621.8556500026,0.0,0.0,0.0,0.0,617621.8556500026
steelscrap_source_Region31Xinjiang_steelscrap_source_Region28Gansu,0.0,0.0,540477.1549433157,0.0,0.0,0.0,0.0,540477.1549433157
steelscrap_source_Region31Xinjiang_steelscrap_source_Region29Qinghai,0.0,0.0,570268.932671544,0.0,0.0,0.0,0.0,570268.932671544
steelscrap_source_Region31Xinjiang_steelscrap_source_Region30Ningxia,0.0,0.0,624664.8043369454,0.0,0.0,0.0,0.0,624664.8043369454
Region1Beijing_tradcement_transforms_cement_Region1Beijing,3248.189414958344,57146.024054814654,8.453389690261564e7,0.0,0.0,0.0,0.0,8.459429111608541e7
Region2Tianjin_tradcement_transforms_cement_Region2Tianjin,3235.529989531724,113486.29283199203,1.6787587127527192e8,0.0,0.0,0.0,0.0,1.6799259309809345e8
Region3Hebei_tradcement_transforms_cement_Region3Hebei,3242.248668553145,2.821644684926109e6,4.1739495413112774e9,0.0,0.0,0.0,0.0,4.176774428244872e9
Region4Shanxi_tradcement_transforms_cement_Region4Shanxi,3221.0678146779615,1.3559287731358027e6,2.0057728426671717e9,0.0,0.0,0.0,0.0,2.0071319925081222e9
Region5Innermongolia_tradcement_transforms_cement_Region5Innermongolia,7752.52442711497,820495.5650733821,1.2137272654425886e9,0.0,0.0,0.0,0.0,1.214555513532089e9
Region6Liaoning_tradcement_transforms_cement_Region6Liaoning,3226.7517228805414,1.2431065180675224e6,1.838879256700199e9,0.0,0.0,0.0,0.0,1.8401255899699893e9
Region7Jilin_tradcement_transforms_cement_Region7Jilin,3207.400889267693,587889.7768260079,8.696425448014082e8,0.0,0.0,0.0,0.0,8.702336419791235e8
Region8Heilongjiang_tradcement_transforms_cement_Region8Heilongjiang,2545.475250116426,611100.3288979838,9.039770142305161e8,0.0,0.0,0.0,0.0,9.045906600346642e8
Region9Shanghai_tradcement_transforms_cement_Region9Shanghai,3285.483478379914,80504.39614875661,1.1908703075683087e8,0.0,0.0,0.0,0.0,1.1917082063645801e8
Region10Jiangsu_tradcement_transforms_cement_Region10Jiangsu,3323.578039095442,3.2985544913789053e6,4.879423720439767e9,0.0,0.0,0.0,0.0,4.882725598509185e9
Region11Zhejiang_tradcement_transforms_cement_Region11Zhejiang,3327.9595499236366,2.9359116937119206e6,4.342980295415979e9,0.0,0.0,0.0,0.0,4.345919535069242e9
Region12Anhui_tradcement_transforms_cement_Region12Anhui,3350.014675886729,3.4169556462767483e6,5.054569956539818e9,0.0,0.0,0.0,0.0,5.05799026220077e9
Region13Fujian_tradcement_transforms_cement_Region13Fujian,3256.646737812645,2.160402354605402e6,3.1957994091978016e9,0.0,0.0,0.0,0.0,3.197963068199145e9
Region14Jiangxi_tradcement_transforms_cement_Region14Jiangxi,3279.6647799706902,2.40546906784515e6,3.558317092867288e9,0.0,0.0,0.0,0.0,3.560725841599913e9
Region15Shandong_tradcement_transforms_cement_Region15Shandong,3249.137562397016,3.8949130328655234e6,5.761593780331732e9,0.0,0.0,0.0,0.0,5.76549194250216e9
Region16Henan_tradcement_transforms_cement_Region16Henan,3232.1609293390725,2.8575186737161344e6,4.227016541509804e9,0.0,0.0,0.0,0.0,4.229877292344449e9
Region17Hubei_tradcement_transforms_cement_Region17Hubei,3291.9672394603263,2.4082624806050365e6,3.562449280016903e9,0.0,0.0,0.0,0.0,3.5648608344647474e9
Region18Hunan_tradcement_transforms_cement_Region18Hunan,3297.0129652708215,2.670656211625106e6,3.9505981490382547e9,0.0,0.0,0.0,0.0,3.953272102262845e9
Region19Guangdong_tradcement_transforms_cement_Region19Guangdong,3256.395750945071,3.844020081233399e6,5.686309810930582e9,0.0,0.0,0.0,0.0,5.690157087407566e9
Region20Guangxi_tradcement_transforms_cement_Region20Guangxi,3233.9849272953816,3.0140286937015494e6,4.458535743632818e9,0.0,0.0,0.0,0.0,4.461553006311447e9
Region21Hainan_tradcement_transforms_cement_Region21Hainan,91699.2605877268,446323.128196637,6.602284923276045e8,0.0,0.0,0.0,0.0,6.60766514716389e8
Region22Chongqing_tradcement_transforms_cement_Region22Chongqing,3231.743996318706,1.420249416238495e6,2.100919875250533e9,0.0,0.0,0.0,0.0,2.102343356410768e9
Region23Sichuan_tradcement_transforms_cement_Region23Sichuan,3233.0894015421886,3.5639734018024397e6,5.2720476200172205e9,0.0,0.0,0.0,0.0,5.275614826508425e9
Region24Guizhou_tradcement_transforms_cement_Region24Guizhou,3213.9250246531674,2.835877622402048e6,4.19500377367673e9,0.0,0.0,0.0,0.0,4.197842865224157e9
Region25Yunnan_tradcement_transforms_cement_Region25Yunnan,3260.4776715778644,3.271060859714155e6,4.838753457493773e9,0.0,0.0,0.0,0.0,4.84202777883116e9
Region26Tibet_tradcement_transforms_cement_Region26Tibet,189.81819838614916,0.1992713065924545,294.7743148495884,0.0,0.0,0.0,0.0,484.79178454233
Region27Shaanxi_tradcement_transforms_cement_Region27Shaanxi,3076.801442554112,1.6390889383439138e6,2.4246406923301706e9,0.0,0.0,0.0,0.0,2.4262828580699573e9
Region28Gansu_tradcement_transforms_cement_Region28Gansu,3663.7024985909475,1.1887777055897387e6,1.758512751614338e9,0.0,0.0,0.0,0.0,1.7597051930224264e9
Region29Qinghai_tradcement_transforms_cement_Region29Qinghai,3245.9674591536773,310136.28750980867,4.58772581080472e8,0.0,0.0,0.0,0.0,4.5908596333544093e8
Region30Ningxia_tradcement_transforms_cement_Region30Ningxia,3241.6646785385356,475879.14267922245,7.039495581838505e8,0.0,0.0,0.0,0.0,7.044286789912083e8
Region31Xinjiang_tradcement_transforms_cement_Region31Xinjiang,2057.532078739686,1.0573744574177589e6,1.5641330232366529e9,0.0,0.0,0.0,0.0,1.5651924552261493e9
elec_Region3Hebei_elec_Region1Beijing,0.0,4.985055555555555e7,0.0,0.0,0.0,0.0,0.0,4.985055555555555e7
elec_Region3Hebei_elec_Region6Liaoning,0.0,9.574444444444442e6,0.0,0.0,0.0,0.0,0.0,9.574444444444442e6
elec_Region4Shanxi_elec_Region10Jiangsu,3.8413995913322942,6.156253492391686e8,0.0,0.0,0.0,0.0,0.0,6.156253530805682e8
elec_Region5Innermongolia_elec_Region6Liaoning,20.081766111711904,2.5499273144207913e8,0.0,0.0,0.0,0.0,0.0,2.5499275152384523e8
elec_Region5Innermongolia_elec_Region10Jiangsu,71.3569611960107,6.155847506382787e8,0.0,0.0,0.0,0.0,0.0,6.1558482199524e8
elec_Region5Innermongolia_elec_Region12Anhui,118.38633823711248,3.671904089282877e8,0.0,0.0,0.0,0.0,0.0,3.671905273146259e8
elec_Region5Innermongolia_elec_Region14Jiangxi,230.32358300559088,3.999421483499552e8,0.0,0.0,0.0,0.0,0.0,3.999423786735382e8
elec_Region5Innermongolia_elec_Region15Shandong,0.0,4.4052444444444436e8,0.0,0.0,0.0,0.0,0.0,4.4052444444444436e8
elec_Region5Innermongolia_elec_Region18Hunan,384.549080492391,4.003587619177273e8,0.0,0.0,0.0,0.0,0.0,4.003591464668078e8
elec_Region5Innermongolia_elec_Region22Chongqing,242.07731698993828,3.9172569746155494e8,0.0,0.0,0.0,0.0,0.0,3.9172593953887194e8
elec_Region6Liaoning_elec_Region3Hebei,1.086278168744601e9,3.388778928642685e8,0.0,0.0,0.0,0.0,0.0,1.4251560616088696e9
elec_Region8Heilongjiang_elec_Region3Hebei,236.30877793787147,3.90371277717401e8,0.0,0.0,0.0,0.0,0.0,3.9037151402617896e8
elec_Region17Hubei_elec_Region9Shanghai,0.0,1.9005555555555558e8,0.0,0.0,0.0,0.0,0.0,1.9005555555555558e8
elec_Region17Hubei_elec_Region10Jiangsu,0.0,5.288055555555555e7,0.0,0.0,0.0,0.0,0.0,5.288055555555555e7
elec_Region17Hubei_elec_Region19Guangdong,0.0,7.723277777777779e7,0.0,0.0,0.0,0.0,0.0,7.723277777777779e7
elec_Region22Chongqing_elec_Region17Hubei,0.0,3.683333333333334e7,0.0,0.0,0.0,0.0,0.0,3.683333333333334e7
elec_Region23Sichuan_elec_Region9Shanghai,0.0,2.0450597222222224e8,0.0,0.0,0.0,0.0,0.0,2.0450597222222224e8
elec_Region23Sichuan_elec_Region10Jiangsu,812.7193088940036,7.146992303965575e8,0.0,0.0,0.0,0.0,0.0,7.147000431158663e8
elec_Region23Sichuan_elec_Region11Zhejiang,602992.4283152249,5.16905447596932e8,0.0,0.0,0.0,0.0,0.0,5.175084400252472e8
elec_Region23Sichuan_elec_Region13Fujian,925439.6626914723,1.3414344585275385e6,0.0,0.0,0.0,0.0,0.0,2.266874121219011e6
elec_Region23Sichuan_elec_Region14Jiangxi,1.086370246060495e6,477708.5449977105,0.0,0.0,0.0,0.0,0.0,1.5640787910582055e6
elec_Region23Sichuan_elec_Region27Shaanxi,0.0,5.748166666666666e7,0.0,0.0,0.0,0.0,0.0,5.748166666666666e7
elec_Region24Guizhou_elec_Region19Guangdong,99.66868593649563,4.926190911084016e8,0.0,0.0,0.0,0.0,0.0,4.926191907770875e8
elec_Region25Yunnan_elec_Region19Guangdong,69.00674051613201,1.3972015061567237e9,0.0,0.0,0.0,0.0,0.0,1.3972015751634643e9
elec_Region25Yunnan_elec_Region20Guangxi,0.0,7.633472222222221e7,0.0,0.0,0.0,0.0,0.0,7.633472222222221e7
elec_Region25Yunnan_elec_Region24Guizhou,0.0,1.775e7,0.0,0.0,0.0,0.0,0.0,1.775e7
elec_Region26Tibet_elec_Region3Hebei,2.86571383103293e9,4.223019724844708e8,0.0,0.0,0.0,0.0,0.0,3.2880158035174007e9
elec_Region26Tibet_elec_Region16Henan,9.498417352302587e8,4.449316785380745e8,0.0,0.0,0.0,0.0,0.0,1.3947734137683332e9
elec_Region26Tibet_elec_Region19Guangdong,281.002140645914,4.5203372606578976e8,0.0,0.0,0.0,0.0,0.0,4.520340070679304e8
elec_Region27Shaanxi_elec_Region16Henan,0.0,2.3074999999999995e6,0.0,0.0,0.0,0.0,0.0,2.3074999999999995e6
elec_Region27Shaanxi_elec_Region17Hubei,811.1518031369086,3.6961985916054076e8,0.0,0.0,0.0,0.0,0.0,3.696206703123439e8
elec_Region28Gansu_elec_Region15Shandong,198.34465433385128,3.342872910269605e8,0.0,0.0,0.0,0.0,0.0,3.342874893716148e8
elec_Region28Gansu_elec_Region17Hubei,307.9894974837555,3.719703840005822e8,0.0,0.0,0.0,0.0,0.0,3.719706919900797e8
elec_Region28Gansu_elec_Region18Hunan,1779.352082411115,6.358814735898473e8,0.0,0.0,0.0,0.0,0.0,6.358832529419297e8
elec_Region29Qinghai_elec_Region13Fujian,2424.6577877564446,4.709936656138314e8,0.0,0.0,0.0,0.0,0.0,4.7099609027161914e8
elec_Region29Qinghai_elec_Region14Jiangxi,1.8689264082788992e9,4.204218929695079e8,0.0,0.0,0.0,0.0,0.0,2.289348301248407e9
elec_Region29Qinghai_elec_Region16Henan,2226.4366171436945,5.750737922999306e8,0.0,0.0,0.0,0.0,0.0,5.750760187365477e8
elec_Region29Qinghai_elec_Region26Tibet,0.0,3.7621666666666664e7,0.0,0.0,0.0,0.0,0.0,3.7621666666666664e7
elec_Region30Ningxia_elec_Region11Zhejiang,762.0148667311422,6.364394952329469e8,0.0,0.0,0.0,0.0,0.0,6.364402572478136e8
elec_Region30Ningxia_elec_Region13Fujian,1494.304283942777,4.49438126010245e8,0.0,0.0,0.0,0.0,0.0,4.4943962031452894e8
elec_Region30Ningxia_elec_Region15Shandong,6873.230310789788,4.8608690931284773e8,0.0,0.0,0.0,0.0,0.0,4.8609378254315853e8
elec_Region31Xinjiang_elec_Region12Anhui,92.73184066013631,1.09295617576511e9,0.0,0.0,0.0,0.0,0.0,1.0929562684969506e9
elec_Region31Xinjiang_elec_Region14Jiangxi,153.49514938516208,5.827101764071388e8,0.0,0.0,0.0,0.0,0.0,5.827103299022882e8
elec_Region31Xinjiang_elec_Region16Henan,94.37270210115722,7.620028561876457e8,0.0,0.0,0.0,0.0,0.0,7.620029505603478e8
elec_Region31Xinjiang_elec_Region17Hubei,138.06858288914339,5.54411295841585e8,0.0,0.0,0.0,0.0,0.0,5.544114339101679e8
elec_Region31Xinjiang_elec_Region18Hunan,207.03561233406154,5.632023861776189e8,0.0,0.0,0.0,0.0,0.0,5.632025932132312e8
elec_Region31Xinjiang_elec_Region22Chongqing,137.57050948926187,4.9038884400216305e8,0.0,0.0,0.0,0.0,0.0,4.9038898157267255e8
elec_Region31Xinjiang_elec_Region23Sichuan,161.3343139769558,8.782222759794682e8,0.0,0.0,0.0,0.0,0.0,8.782224373137822e8
elec_Region1Beijing_elec_Region2Tianjin,550443.5387716775,1.901613599846753e7,0.0,0.0,0.0,0.0,0.0,1.956657953723921e7
elec_Region1Beijing_elec_Region3Hebei,108953.99938889229,5.582021141156739e8,0.0,0.0,0.0,0.0,0.0,5.583110681150628e8
elec_Region2Tianjin_elec_Region3Hebei,175624.80984096724,2.780569295400747e8,0.0,0.0,0.0,0.0,0.0,2.782325543499157e8
elec_Region2Tianjin_elec_Region15Shandong,90276.7496017668,1.1697498421660098e8,0.0,0.0,0.0,0.0,0.0,1.1706526096620275e8
elec_Region3Hebei_elec_Region4Shanxi,184800.9697030802,4.77869177687403e8,0.0,0.0,0.0,0.0,0.0,4.780539786571061e8
elec_Region3Hebei_elec_Region5Innermongolia,48.918847617881305,7.14058108738594e8,0.0,0.0,0.0,0.0,0.0,7.140581576574416e8
elec_Region3Hebei_elec_Region15Shandong,148572.12024414956,8.463632033642999e8,0.0,0.0,0.0,0.0,0.0,8.46511775484544e8
elec_Region3Hebei_elec_Region16Henan,0.0,4.239166666666666e6,0.0,0.0,0.0,0.0,0.0,4.239166666666666e6
elec_Region3Hebei_elec_Region27Shaanxi,0.0,5.560111111111113e7,0.0,0.0,0.0,0.0,0.0,5.560111111111113e7
elec_Region4Shanxi_elec_Region5Innermongolia,104.80757731233123,6.700488242932806e8,0.0,0.0,0.0,0.0,0.0,6.70048929100858e8
elec_Region4Shanxi_elec_Region16Henan,70.7687706343778,1.9535210127208698e8,0.0,0.0,0.0,0.0,0.0,1.953521720408576e8
elec_Region4Shanxi_elec_Region27Shaanxi,83.76573812909342,7.043857316608032e8,0.0,0.0,0.0,0.0,0.0,7.043858154265413e8
elec_Region4Shanxi_elec_Region28Gansu,46.95152962248487,2.881176905086302e8,0.0,0.0,0.0,0.0,0.0,2.8811773746015984e8
elec_Region5Innermongolia_elec_Region7Jilin,22.170893268865274,1.8034204197329915e8,0.0,0.0,0.0,0.0,0.0,1.8034206414419243e8
elec_Region5Innermongolia_elec_Region8Heilongjiang,14.637254399853308,1.8754680599847493e8,0.0,0.0,0.0,0.0,0.0,1.875468206357293e8
elec_Region6Liaoning_elec_Region7Jilin,5.754029743018483,9.590238165514223e7,0.0,0.0,0.0,0.0,0.0,9.590238740917197e7
elec_Region7Jilin_elec_Region8Heilongjiang,125.01674581601502,9.063537581480725e7,0.0,0.0,0.0,0.0,0.0,9.063550083155307e7
elec_Region9Shanghai_elec_Region10Jiangsu,1.5059275045166705e9,3.821822675958936e8,0.0,0.0,0.0,0.0,0.0,1.888109772112564e9
elec_Region9Shanghai_elec_Region11Zhejiang,81.62199106617153,2.9780577212515104e8,0.0,0.0,0.0,0.0,0.0,2.978058537471421e8
elec_Region10Jiangsu_elec_Region11Zhejiang,0.0,1.48615e7,0.0,0.0,0.0,0.0,0.0,1.48615e7
elec_Region10Jiangsu_elec_Region12Anhui,27.6250878844891,5.041579594335405e8,0.0,0.0,0.0,0.0,0.0,5.041579870586284e8
elec_Region10Jiangsu_elec_Region15Shandong,49.407520990344516,2.4385685754284766e8,0.0,0.0,0.0,0.0,0.0,2.4385690695036864e8
elec_Region11Zhejiang_elec_Region12Anhui,5115.05098619667,4.5524530245087963e8,0.0,0.0,0.0,0.0,0.0,4.552504175018658e8
elec_Region11Zhejiang_elec_Region13Fujian,11576.784006876982,5.82602740542784e8,0.0,0.0,0.0,0.0,0.0,5.826143173267908e8
elec_Region11Zhejiang_elec_Region14Jiangxi,93.90140119812611,2.3006317397434905e8,0.0,0.0,0.0,0.0,0.0,2.3006326787575024e8
elec_Region12Anhui_elec_Region17Hubei,150.5926912163249,2.087436441712821e8,0.0,0.0,0.0,0.0,0.0,2.0874379476397333e8
elec_Region13Fujian_elec_Region14Jiangxi,616.6457808401477,2.2877538290526137e8,0.0,0.0,0.0,0.0,0.0,2.287759995510422e8
elec_Region13Fujian_elec_Region19Guangdong,19.763429262890888,4.187818642937982e7,0.0,0.0,0.0,0.0,0.0,4.187820619280908e7
elec_Region14Jiangxi_elec_Region17Hubei,68248.41287389326,1.4695561055254847e8,0.0,0.0,0.0,0.0,0.0,1.4702385896542236e8
elec_Region14Jiangxi_elec_Region18Hunan,12383.538847073185,2.689066628154783e8,0.0,0.0,0.0,0.0,0.0,2.689190463543254e8
elec_Region15Shandong_elec_Region16Henan,6.707859064334299e7,2.5719498475418603e8,0.0,0.0,0.0,0.0,0.0,3.24273575397529e8
elec_Region16Henan_elec_Region17Hubei,199905.2619167904,2.3264565337968904e8,0.0,0.0,0.0,0.0,0.0,2.3284555864160582e8
elec_Region17Hubei_elec_Region18Hunan,27.782268259672527,8.298895440080886e7,0.0,0.0,0.0,0.0,0.0,8.298898218307711e7
elec_Region17Hubei_elec_Region22Chongqing,906.9412029156259,1.391839962138322e8,0.0,0.0,0.0,0.0,0.0,1.391849031550351e8
elec_Region18Hunan_elec_Region24Guizhou,0.0,2.2836805555555552e7,0.0,0.0,0.0,0.0,0.0,2.2836805555555552e7
elec_Region19Guangdong_elec_Region20Guangxi,14.545857655452917,2.208523545992318e8,0.0,0.0,0.0,0.0,0.0,2.2085236914508948e8
elec_Region19Guangdong_elec_Region21Hainan,3.85763644274187,9.422734714773808e7,0.0,0.0,0.0,0.0,0.0,9.422735100537452e7
elec_Region19Guangdong_elec_Region24Guizhou,13.959355842933448,1.1047891428379646e8,0.0,0.0,0.0,0.0,0.0,1.104789282431523e8
elec_Region20Guangxi_elec_Region24Guizhou,17.84942913819862,2.467616840891846e8,0.0,0.0,0.0,0.0,0.0,2.4676170193861374e8
elec_Region20Guangxi_elec_Region25Yunnan,38.56006507853844,1.3521679958235833e8,0.0,0.0,0.0,0.0,0.0,1.3521683814242342e8
elec_Region22Chongqing_elec_Region23Sichuan,8.321286867785864e8,2.5733390598549917e8,0.0,0.0,0.0,0.0,0.0,1.0894625927640855e9
elec_Region22Chongqing_elec_Region24Guizhou,0.0,1.1970555555555554e7,0.0,0.0,0.0,0.0,0.0,1.1970555555555554e7
elec_Region22Chongqing_elec_Region27Shaanxi,68.5010535987569,2.486359911475773e8,0.0,0.0,0.0,0.0,0.0,2.486360596486309e8
elec_Region23Sichuan_elec_Region26Tibet,43.56329731932409,1.8655589026240546e8,0.0,0.0,0.0,0.0,0.0,1.865559338257028e8
elec_Region23Sichuan_elec_Region28Gansu,30.04696010214611,2.532643817445394e8,0.0,0.0,0.0,0.0,0.0,2.5326441179149953e8
elec_Region24Guizhou_elec_Region25Yunnan,16.831978485104372,7.64447780964235e7,0.0,0.0,0.0,0.0,0.0,7.644479492840199e7
elec_Region27Shaanxi_elec_Region28Gansu,36.32626167607216,3.4902826293394303e8,0.0,0.0,0.0,0.0,0.0,3.4902829926020473e8
elec_Region28Gansu_elec_Region29Qinghai,40.49679651872496,3.543284473043135e8,0.0,0.0,0.0,0.0,0.0,3.5432848780111e8
elec_Region28Gansu_elec_Region30Ningxia,29.495180549527337,3.048594409906587e8,0.0,0.0,0.0,0.0,0.0,3.0485947048583925e8
elec_Region28Gansu_elec_Region31Xinjiang,25.200676641812553,5.557393389228424e8,0.0,0.0,0.0,0.0,0.0,5.557393641235191e8
elec_Region29Qinghai_elec_Region31Xinjiang,27.297169314977104,3.8506939339914703e8,0.0,0.0,0.0,0.0,0.0,3.8506942069631636e8
Erlian,9822.00070856701,7.930455940455896e7,0.0,0.0,0.0,0.0,0.0,7.931438140526752e7
Nanxiang,3.1663438906632514e9,2.1356303242898345e9,0.0,0.0,0.0,0.0,0.0,5.301974214953086e9
Ordos,123735.41037567159,368583.3149517881,0.0,0.0,0.0,0.0,0.0,492318.7253274597
Qaidam,196415.6832645926,822416.0487463998,0.0,0.0,0.0,0.0,0.0,1.0188317320109925e6
Songliao,54809.46851834728,369745.42870348744,0.0,0.0,0.0,0.0,0.0,424554.89722183475
TurpanHami,378892.2962807127,1.1955265564297168e6,0.0,0.0,0.0,0.0,0.0,1.5744188527104296e6
co2captured_Region12Anhui_co2_transported_Region12Anhui_to_Hehuai,0.0,3039.7456166427432,0.0,0.0,0.0,0.0,0.0,3039.7456166427432
co2captured_Region1Beijing_co2_transported_Region1Beijing_to_BohaiOnshore,0.0,1289.9199176586944,0.0,0.0,0.0,0.0,0.0,1289.9199176586944
co2captured_Region1Beijing_co2_transported_Region1Beijing_to_Erlian,1.8565782300526504e6,977918.4287891843,0.0,0.0,0.0,0.0,0.0,2.834496658841835e6
co2captured_Region22Chongqing_co2_transported_Region22Chongqing_to_Jianghan,0.0,4113.954887157263,0.0,0.0,0.0,0.0,0.0,4113.954887157263
co2captured_Region22Chongqing_co2_transported_Region22Chongqing_to_Nanxiang,253431.94607590014,1.109464140164117e6,0.0,0.0,0.0,0.0,0.0,1.3628960862400173e6
co2captured_Region22Chongqing_co2_transported_Region22Chongqing_to_SichuanBasin,0.0,707.6620614478745,0.0,0.0,0.0,0.0,0.0,707.6620614478745
co2_storage_Erlian_co2_transported_Erlian_to_BohaiOffshore,0.0,5960.802749785635,0.0,0.0,0.0,0.0,0.0,5960.802749785635
co2captured_Region13Fujian_co2_transported_Region13Fujian_to_EastChinaSea,0.0,15262.945760085702,0.0,0.0,0.0,0.0,0.0,15262.945760085702
co2captured_Region13Fujian_co2_transported_Region13Fujian_to_PearlRiverMouth,0.0,7270.604467303221,0.0,0.0,0.0,0.0,0.0,7270.604467303221
co2captured_Region28Gansu_co2_transported_Region28Gansu_to_SichuanBasin,0.0,4301.181940345099,0.0,0.0,0.0,0.0,0.0,4301.181940345099
co2captured_Region19Guangdong_co2_transported_Region19Guangdong_to_PearlRiverMouth,0.0,2997.8415734270025,0.0,0.0,0.0,0.0,0.0,2997.8415734270025
co2captured_Region20Guangxi_co2_transported_Region20Guangxi_to_BeibuGulf,0.0,2754.716929436469,0.0,0.0,0.0,0.0,0.0,2754.716929436469
co2captured_Region21Hainan_co2_transported_Region21Hainan_to_BeibuGulf,0.0,1523.0942392510424,0.0,0.0,0.0,0.0,0.0,1523.0942392510424
co2captured_Region21Hainan_co2_transported_Region21Hainan_to_PearlRiverMouth,0.0,5163.341941757739,0.0,0.0,0.0,0.0,0.0,5163.341941757739
co2captured_Region21Hainan_co2_transported_Region21Hainan_to_Qiongdongnan,0.0,2320.4415366921266,0.0,0.0,0.0,0.0,0.0,2320.4415366921266
co2captured_Region3Hebei_co2_transported_Region3Hebei_to_BohaiOnshore,0.0,2011.4982679642153,0.0,0.0,0.0,0.0,0.0,2011.4982679642153
co2captured_Region3Hebei_co2_transported_Region3Hebei_to_Qinshui,0.0,1538.525750338642,0.0,0.0,0.0,0.0,0.0,1538.525750338642
co2captured_Region8Heilongjiang_co2_transported_Region8Heilongjiang_to_Sanjiang,0.0,3475.2715340168315,0.0,0.0,0.0,0.0,0.0,3475.2715340168315
co2captured_Region8Heilongjiang_co2_transported_Region8Heilongjiang_to_Songliao,1.8273974449107256e6,650535.2229869606,0.0,0.0,0.0,0.0,0.0,2.4779326678976864e6
co2captured_Region16Henan_co2_transported_Region16Henan_to_Hehuai,0.0,2127.874791164489,0.0,0.0,0.0,0.0,0.0,2127.874791164489
co2captured_Region16Henan_co2_transported_Region16Henan_to_Nanxiang,2.1224764481192906e6,671817.1379201111,0.0,0.0,0.0,0.0,0.0,2.7942935860394016e6
co2captured_Region16Henan_co2_transported_Region16Henan_to_Qinshui,0.0,1438.9621134988254,0.0,0.0,0.0,0.0,0.0,1438.9621134988254
co2captured_Region17Hubei_co2_transported_Region17Hubei_to_Hehuai,0.0,3089.973954621704,0.0,0.0,0.0,0.0,0.0,3089.973954621704
co2captured_Region17Hubei_co2_transported_Region17Hubei_to_Jianghan,0.0,935.6679055579493,0.0,0.0,0.0,0.0,0.0,935.6679055579493
co2captured_Region17Hubei_co2_transported_Region17Hubei_to_Nanxiang,2.0923106639955717e6,733311.237818752,0.0,0.0,0.0,0.0,0.0,2.825621901814324e6
co2captured_Region18Hunan_co2_transported_Region18Hunan_to_Jianghan,0.0,1433.977419673046,0.0,0.0,0.0,0.0,0.0,1433.977419673046
co2captured_Region5Innermongolia_co2_transported_Region5Innermongolia_to_Erlian,1.8941388817395277e6,1.2196641361441454e6,0.0,0.0,0.0,0.0,0.0,3.1138030178836733e6
co2captured_Region5Innermongolia_co2_transported_Region5Innermongolia_to_Ordos,875352.9538205212,1.4907901640932378e6,0.0,0.0,0.0,0.0,0.0,2.3661431179137593e6
co2captured_Region5Innermongolia_co2_transported_Region5Innermongolia_to_YingenEjina,0.0,5218.175664464064,0.0,0.0,0.0,0.0,0.0,5218.175664464064
co2captured_Region10Jiangsu_co2_transported_Region10Jiangsu_to_Subei,0.0,1364.8447192649448,0.0,0.0,0.0,0.0,0.0,1364.8447192649448
co2captured_Region7Jilin_co2_transported_Region7Jilin_to_NorthYellowSea,0.0,6030.810724386882,0.0,0.0,0.0,0.0,0.0,6030.810724386882
co2captured_Region7Jilin_co2_transported_Region7Jilin_to_Sanjiang,0.0,4551.366331856976,0.0,0.0,0.0,0.0,0.0,4551.366331856976
co2captured_Region7Jilin_co2_transported_Region7Jilin_to_Songliao,1.947216393586351e6,577515.8436362887,0.0,0.0,0.0,0.0,0.0,2.52473223722264e6
co2captured_Region6Liaoning_co2_transported_Region6Liaoning_to_BohaiOffshore,0.0,3878.185278725661,0.0,0.0,0.0,0.0,0.0,3878.185278725661
co2captured_Region6Liaoning_co2_transported_Region6Liaoning_to_Erlian,1.0238454872940329e6,1.3940850035180473e6,0.0,0.0,0.0,0.0,0.0,2.41793049081208e6
co2captured_Region6Liaoning_co2_transported_Region6Liaoning_to_NorthYellowSea,0.0,3679.4847402298224,0.0,0.0,0.0,0.0,0.0,3679.4847402298224
co2captured_Region6Liaoning_co2_transported_Region6Liaoning_to_Songliao,1.9324821777255458e6,839935.8822685119,0.0,0.0,0.0,0.0,0.0,2.7724180599940578e6
co2_storage_Nanxiang_co2_transported_Nanxiang_to_Hehuai,0.0,7646.260685182423,0.0,0.0,0.0,0.0,0.0,7646.260685182423
co2_storage_Nanxiang_co2_transported_Nanxiang_to_Jianghan,0.0,1044.5695193663757,0.0,0.0,0.0,0.0,0.0,1044.5695193663757
co2_storage_Nanxiang_co2_transported_Nanxiang_to_Qinshui,0.0,1907.9723528195868,0.0,0.0,0.0,0.0,0.0,1907.9723528195868
co2captured_Region30Ningxia_co2_transported_Region30Ningxia_to_Ordos,1.148968830743592e6,1.0398779551704641e6,0.0,0.0,0.0,0.0,0.0,2.188846785914056e6
co2captured_Region30Ningxia_co2_transported_Region30Ningxia_to_YingenEjina,0.0,3478.2179090056516,0.0,0.0,0.0,0.0,0.0,3478.2179090056516
co2_storage_Ordos_co2_transported_Ordos_to_Qinshui,0.0,1708.7538063860945,0.0,0.0,0.0,0.0,0.0,1708.7538063860945
co2_storage_Qaidam_co2_transported_Qaidam_to_Tarim,0.0,53753.23402967413,0.0,0.0,0.0,0.0,0.0,53753.23402967413
co2_storage_Qaidam_co2_transported_Qaidam_to_YingenEjina,0.0,3804.270491365424,0.0,0.0,0.0,0.0,0.0,3804.270491365424
co2captured_Region29Qinghai_co2_transported_Region29Qinghai_to_Qaidam,1.6286239222926998e6,1.4553399543682828e6,0.0,0.0,0.0,0.0,0.0,3.0839638766609826e6
co2captured_Region29Qinghai_co2_transported_Region29Qinghai_to_YingenEjina,0.0,3006.014340073554,0.0,0.0,0.0,0.0,0.0,3006.014340073554
co2captured_Region27Shaanxi_co2_transported_Region27Shaanxi_to_Nanxiang,1.798522188209376e6,816812.3542594796,0.0,0.0,0.0,0.0,0.0,2.6153345424688556e6
co2captured_Region27Shaanxi_co2_transported_Region27Shaanxi_to_Ordos,872261.5654724436,1.161222875058026e6,0.0,0.0,0.0,0.0,0.0,2.0334844405304696e6
co2captured_Region27Shaanxi_co2_transported_Region27Shaanxi_to_Qinshui,0.0,2990.801967379794,0.0,0.0,0.0,0.0,0.0,2990.801967379794
co2captured_Region27Shaanxi_co2_transported_Region27Shaanxi_to_SichuanBasin,0.0,3334.7488161499837,0.0,0.0,0.0,0.0,0.0,3334.7488161499837
co2captured_Region15Shandong_co2_transported_Region15Shandong_to_BohaiOffshore,0.0,3067.3750664159047,0.0,0.0,0.0,0.0,0.0,3067.3750664159047
co2captured_Region15Shandong_co2_transported_Region15Shandong_to_BohaiOnshore,0.0,1034.6334802697975,0.0,0.0,0.0,0.0,0.0,1034.6334802697975
co2captured_Region15Shandong_co2_transported_Region15Shandong_to_Hehuai,0.0,3036.280516769379,0.0,0.0,0.0,0.0,0.0,3036.280516769379
co2captured_Region15Shandong_co2_transported_Region15Shandong_to_NorthYellowSea,0.0,5462.90575587711,0.0,0.0,0.0,0.0,0.0,5462.90575587711
co2captured_Region15Shandong_co2_transported_Region15Shandong_to_SouthYellowSea,0.0,5167.987868441825,0.0,0.0,0.0,0.0,0.0,5167.987868441825
co2captured_Region15Shandong_co2_transported_Region15Shandong_to_Subei,0.0,3264.9687250663683,0.0,0.0,0.0,0.0,0.0,3264.9687250663683
co2captured_Region9Shanghai_co2_transported_Region9Shanghai_to_EastChinaSea,0.0,11387.718272320311,0.0,0.0,0.0,0.0,0.0,11387.718272320311
co2captured_Region9Shanghai_co2_transported_Region9Shanghai_to_SouthYellowSea,0.0,4872.877523593279,0.0,0.0,0.0,0.0,0.0,4872.877523593279
co2captured_Region9Shanghai_co2_transported_Region9Shanghai_to_Subei,0.0,1678.0651585558107,0.0,0.0,0.0,0.0,0.0,1678.0651585558107
co2captured_Region4Shanxi_co2_transported_Region4Shanxi_to_Ordos,916663.3203471354,1.2854173439757205e6,0.0,0.0,0.0,0.0,0.0,2.202080664322856e6
co2captured_Region4Shanxi_co2_transported_Region4Shanxi_to_Qinshui,0.0,727.0817918865248,0.0,0.0,0.0,0.0,0.0,727.0817918865248
co2captured_Region23Sichuan_co2_transported_Region23Sichuan_to_SichuanBasin,0.0,1319.3061685016903,0.0,0.0,0.0,0.0,0.0,1319.3061685016903
co2_storage_Songliao_co2_transported_Songliao_to_Erlian,2.0310648966472177e6,1.42771941857707e6,0.0,0.0,0.0,0.0,0.0,3.458784315224288e6
co2captured_Region2Tianjin_co2_transported_Region2Tianjin_to_BohaiOffshore,0.0,1849.576031037825,0.0,0.0,0.0,0.0,0.0,1849.576031037825
co2captured_Region2Tianjin_co2_transported_Region2Tianjin_to_BohaiOnshore,0.0,854.17369860282,0.0,0.0,0.0,0.0,0.0,854.17369860282
co2captured_Region2Tianjin_co2_transported_Region2Tianjin_to_Erlian,1.4634052368686744e6,1.024176766047936e6,0.0,0.0,0.0,0.0,0.0,2.4875820029166103e6
co2captured_Region26Tibet_co2_transported_Region26Tibet_to_Qaidam,110610.24940634768,1.617408155805437e6,0.0,0.0,0.0,0.0,0.0,1.7280184052117846e6
co2captured_Region26Tibet_co2_transported_Region26Tibet_to_Tarim,43885.19446931982,1.903110249240167e6,0.0,0.0,0.0,0.0,0.0,1.9469954437094869e6
co2_storage_TurpanHami_co2_transported_TurpanHami_to_Junggar,0.0,2036.0393554796417,0.0,0.0,0.0,0.0,0.0,2036.0393554796417
co2_storage_TurpanHami_co2_transported_TurpanHami_to_Qaidam,2.546929697189357e6,1.3487663505730156e6,0.0,0.0,0.0,0.0,0.0,3.8956960477623725e6
co2_storage_TurpanHami_co2_transported_TurpanHami_to_YingenEjina,0.0,3454.352464728041,0.0,0.0,0.0,0.0,0.0,3454.352464728041
co2captured_Region31Xinjiang_co2_transported_Region31Xinjiang_to_Junggar,0.0,908.3387915651267,0.0,0.0,0.0,0.0,0.0,908.3387915651267
co2captured_Region31Xinjiang_co2_transported_Region31Xinjiang_to_Qaidam,959187.3046116693,1.5573000540660492e6,0.0,0.0,0.0,0.0,0.0,2.5164873586777183e6
co2captured_Region31Xinjiang_co2_transported_Region31Xinjiang_to_Tarim,0.0,15171.467003659214,0.0,0.0,0.0,0.0,0.0,15171.467003659214
co2captured_Region31Xinjiang_co2_transported_Region31Xinjiang_to_TurpanHami,1.7519001869933011e6,1.0258773182707344e6,0.0,0.0,0.0,0.0,0.0,2.7777775052640354e6
co2captured_Region25Yunnan_co2_transported_Region25Yunnan_to_BeibuGulf,0.0,7868.276922590213,0.0,0.0,0.0,0.0,0.0,7868.276922590213
co2captured_Region11Zhejiang_co2_transported_Region11Zhejiang_to_EastChinaSea,0.0,11427.96315923984,0.0,0.0,0.0,0.0,0.0,11427.96315923984
elec_Region1Beijing,0.0,0.0,0.0,0.0,4.320341541265862e6,0.0,0.0,4.320341541265862e6
elec_Region2Tianjin,0.0,0.0,0.0,0.0,4.201528743597868e6,0.0,0.0,4.201528743597868e6
elec_Region3Hebei,0.0,0.0,0.0,0.0,4.1801510129957935e6,0.0,0.0,4.1801510129957935e6
elec_Region4Shanxi,0.0,0.0,0.0,0.0,4.247949819979619e6,0.0,0.0,4.247949819979619e6
elec_Region5Innermongolia,0.0,0.0,0.0,0.0,4.427162664060053e6,0.0,0.0,4.427162664060053e6
elec_Region6Liaoning,0.0,0.0,0.0,0.0,4.304044660144744e6,0.0,0.0,4.304044660144744e6
elec_Region7Jilin,0.0,0.0,0.0,0.0,4.142691628758856e6,0.0,0.0,4.142691628758856e6
elec_Region8Heilongjiang,0.0,0.0,0.0,0.0,4.070360796739008e6,0.0,0.0,4.070360796739008e6
elec_Region9Shanghai,0.0,0.0,0.0,0.0,4.220222590583792e6,0.0,0.0,4.220222590583792e6
elec_Region10Jiangsu,0.0,0.0,0.0,0.0,4.1440270080971015e6,0.0,0.0,4.1440270080971015e6
elec_Region11Zhejiang,0.0,0.0,0.0,0.0,4.087294033911923e6,0.0,0.0,4.087294033911923e6
elec_Region12Anhui,0.0,0.0,0.0,0.0,4.272774869232965e6,0.0,0.0,4.272774869232965e6
elec_Region13Fujian,0.0,0.0,0.0,0.0,4.1618431341352407e6,0.0,0.0,4.1618431341352407e6
elec_Region14Jiangxi,0.0,0.0,0.0,0.0,4.33678969101109e6,0.0,0.0,4.33678969101109e6
elec_Region15Shandong,0.0,0.0,0.0,0.0,4.133267655678246e6,0.0,0.0,4.133267655678246e6
elec_Region16Henan,0.0,0.0,0.0,0.0,4.213394572104039e6,0.0,0.0,4.213394572104039e6
elec_Region17Hubei,0.0,0.0,0.0,0.0,4.270316248068158e6,0.0,0.0,4.270316248068158e6
elec_Region18Hunan,0.0,0.0,0.0,0.0,4.329083649785813e6,0.0,0.0,4.329083649785813e6
elec_Region19Guangdong,0.0,0.0,0.0,0.0,4.1497524741834383e6,0.0,0.0,4.1497524741834383e6
elec_Region20Guangxi,0.0,0.0,0.0,0.0,4.253899610162534e6,0.0,0.0,4.253899610162534e6
elec_Region21Hainan,0.0,0.0,0.0,0.0,4.093315956659618e6,0.0,0.0,4.093315956659618e6
elec_Region22Chongqing,0.0,0.0,0.0,0.0,4.244248235697056e6,0.0,0.0,4.244248235697056e6
elec_Region23Sichuan,0.0,0.0,0.0,0.0,4.232679186898238e6,0.0,0.0,4.232679186898238e6
elec_Region24Guizhou,0.0,0.0,0.0,0.0,4.312187886332159e6,0.0,0.0,4.312187886332159e6
elec_Region25Yunnan,0.0,0.0,0.0,0.0,4.1414790352147794e6,0.0,0.0,4.1414790352147794e6
elec_Region26Tibet,0.0,0.0,0.0,0.0,4.0865685286190836e6,0.0,0.0,4.0865685286190836e6
elec_Region27Shaanxi,0.0,0.0,0.0,0.0,4.230058845194284e6,0.0,0.0,4.230058845194284e6
elec_Region28Gansu,0.0,0.0,0.0,0.0,4.1301189445059164e6,0.0,0.0,4.1301189445059164e6
elec_Region29Qinghai,0.0,0.0,0.0,0.0,4.213226023077781e6,0.0,0.0,4.213226023077781e6
elec_Region30Ningxia,0.0,0.0,0.0,0.0,4.209291663544586e6,0.0,0.0,4.209291663544586e6
elec_Region31Xinjiang,0.0,0.0,0.0,0.0,4.3924329531884305e6,0.0,0.0,4.3924329531884305e6
natgas_Region1Beijing,0.0,0.0,0.0,0.0,0.0,1.442697394649165e9,0.0,1.442697394649165e9
natgas_Region2Tianjin,0.0,0.0,0.0,0.0,0.0,3.201262544171671e8,0.0,3.201262544171671e8
natgas_Region3Hebei,0.0,0.0,0.0,0.0,0.0,2.0403862976697806e8,0.0,2.0403862976697806e8
natgas_Region4Shanxi,0.0,0.0,0.0,0.0,0.0,5.108600054821238e7,0.0,5.108600054821238e7
natgas_Region5Innermongolia,0.0,0.0,0.0,0.0,0.0,3.9934178619558804e7,0.0,3.9934178619558804e7
natgas_Region6Liaoning,0.0,0.0,0.0,0.0,0.0,3.198023251689542e8,0.0,3.198023251689542e8
natgas_Region7Jilin,0.0,0.0,0.0,0.0,0.0,5.915660196420622e8,0.0,5.915660196420622e8
natgas_Region8Heilongjiang,0.0,0.0,0.0,0.0,0.0,2.1451594540112352e8,0.0,2.1451594540112352e8
natgas_Region9Shanghai,0.0,0.0,0.0,0.0,0.0,7.994921867101277e8,0.0,7.994921867101277e8
natgas_Region10Jiangsu,0.0,0.0,0.0,0.0,0.0,6.756619247902548e8,0.0,6.756619247902548e8
natgas_Region11Zhejiang,0.0,0.0,0.0,0.0,0.0,5.419567918221992e8,0.0,5.419567918221992e8
natgas_Region12Anhui,0.0,0.0,0.0,0.0,0.0,3.813528097149276e8,0.0,3.813528097149276e8
natgas_Region13Fujian,0.0,0.0,0.0,0.0,0.0,2.718542551595978e9,0.0,2.718542551595978e9
natgas_Region14Jiangxi,0.0,0.0,0.0,0.0,0.0,6.681550246137946e7,0.0,6.681550246137946e7
natgas_Region15Shandong,0.0,0.0,0.0,0.0,0.0,4.0867902257719123e8,0.0,4.0867902257719123e8
natgas_Region16Henan,0.0,0.0,0.0,0.0,0.0,8.339488572117469e7,0.0,8.339488572117469e7
natgas_Region17Hubei,0.0,0.0,0.0,0.0,0.0,2.2866454253168565e8,0.0,2.2866454253168565e8
natgas_Region18Hunan,0.0,0.0,0.0,0.0,0.0,2.2655026400655597e8,0.0,2.2655026400655597e8
natgas_Region19Guangdong,0.0,0.0,0.0,0.0,0.0,4.013610654240321e10,0.0,4.013610654240321e10
natgas_Region20Guangxi,0.0,0.0,0.0,0.0,0.0,5.219438616065968e9,0.0,5.219438616065968e9
natgas_Region21Hainan,0.0,0.0,0.0,0.0,0.0,3.0382803895781665e9,0.0,3.0382803895781665e9
natgas_Region22Chongqing,0.0,0.0,0.0,0.0,0.0,2.1476642134901733e9,0.0,2.1476642134901733e9
natgas_Region23Sichuan,0.0,0.0,0.0,0.0,0.0,4.968095997355761e9,0.0,4.968095997355761e9
natgas_Region24Guizhou,0.0,0.0,0.0,0.0,0.0,2.2384627097446594e9,0.0,2.2384627097446594e9
natgas_Region25Yunnan,0.0,0.0,0.0,0.0,0.0,9.871769221116215e8,0.0,9.871769221116215e8
natgas_Region26Tibet,0.0,0.0,0.0,0.0,0.0,4.421836641228454e8,0.0,4.421836641228454e8
natgas_Region27Shaanxi,0.0,0.0,0.0,0.0,0.0,8.553894228025551e9,0.0,8.553894228025551e9
natgas_Region28Gansu,0.0,0.0,0.0,0.0,0.0,4.542629187472038e7,0.0,4.542629187472038e7
natgas_Region29Qinghai,0.0,0.0,0.0,0.0,0.0,1.9949094038271632e9,0.0,1.9949094038271632e9
natgas_Region30Ningxia,0.0,0.0,0.0,0.0,0.0,5.865587627266924e9,0.0,5.865587627266924e9
natgas_Region31Xinjiang,0.0,0.0,0.0,0.0,0.0,9.03690984912268e9,0.0,9.03690984912268e9
coal_Region1Beijing,0.0,0.0,0.0,0.0,0.0,2.2199215323383617e8,0.0,2.2199215323383617e8
coal_Region2Tianjin,0.0,0.0,0.0,0.0,0.0,8.565967639571964e8,0.0,8.565967639571964e8
coal_Region3Hebei,0.0,0.0,0.0,0.0,0.0,1.0124243099902905e10,0.0,1.0124243099902905e10
coal_Region4Shanxi,0.0,0.0,0.0,0.0,0.0,6.137503205963737e9,0.0,6.137503205963737e9
coal_Region5Innermongolia,0.0,0.0,0.0,0.0,0.0,7.809458524345249e9,0.0,7.809458524345249e9
coal_Region6Liaoning,0.0,0.0,0.0,0.0,0.0,5.189452053139717e9,0.0,5.189452053139717e9
coal_Region7Jilin,0.0,0.0,0.0,0.0,0.0,3.1392111854075975e9,0.0,3.1392111854075975e9
coal_Region8Heilongjiang,0.0,0.0,0.0,0.0,0.0,3.998719175031375e9,0.0,3.998719175031375e9
coal_Region9Shanghai,0.0,0.0,0.0,0.0,0.0,4.427318863801776e10,0.0,4.427318863801776e10
coal_Region10Jiangsu,0.0,0.0,0.0,0.0,0.0,1.753616302608973e10,0.0,1.753616302608973e10
coal_Region11Zhejiang,0.0,0.0,0.0,0.0,0.0,2.368997116912162e10,0.0,2.368997116912162e10
coal_Region12Anhui,0.0,0.0,0.0,0.0,0.0,1.7109335534773722e10,0.0,1.7109335534773722e10
coal_Region13Fujian,0.0,0.0,0.0,0.0,0.0,1.804462900450594e10,0.0,1.804462900450594e10
coal_Region14Jiangxi,0.0,0.0,0.0,0.0,0.0,8.77492583574924e9,0.0,8.77492583574924e9
coal_Region15Shandong,0.0,0.0,0.0,0.0,0.0,2.2170873507979446e10,0.0,2.2170873507979446e10
coal_Region16Henan,0.0,0.0,0.0,0.0,0.0,1.6623843838876078e10,0.0,1.6623843838876078e10
coal_Region17Hubei,0.0,0.0,0.0,0.0,0.0,1.6382912802743893e10,0.0,1.6382912802743893e10
coal_Region18Hunan,0.0,0.0,0.0,0.0,0.0,1.3894552964687777e10,0.0,1.3894552964687777e10
coal_Region19Guangdong,0.0,0.0,0.0,0.0,0.0,3.521732653145102e10,0.0,3.521732653145102e10
coal_Region20Guangxi,0.0,0.0,0.0,0.0,0.0,1.0882270083902763e10,0.0,1.0882270083902763e10
coal_Region21Hainan,0.0,0.0,0.0,0.0,0.0,4.791525598297577e9,0.0,4.791525598297577e9
coal_Region22Chongqing,0.0,0.0,0.0,0.0,0.0,4.575488583706007e9,0.0,4.575488583706007e9
coal_Region23Sichuan,0.0,0.0,0.0,0.0,0.0,1.3292643652261845e10,0.0,1.3292643652261845e10
coal_Region24Guizhou,0.0,0.0,0.0,0.0,0.0,7.413135032514583e9,0.0,7.413135032514583e9
coal_Region25Yunnan,0.0,0.0,0.0,0.0,0.0,1.195397521716462e10,0.0,1.195397521716462e10
coal_Region26Tibet,0.0,0.0,0.0,0.0,0.0,4.0340689771489896e7,0.0,4.0340689771489896e7
coal_Region27Shaanxi,0.0,0.0,0.0,0.0,0.0,6.198249883158755e9,0.0,6.198249883158755e9
coal_Region28Gansu,0.0,0.0,0.0,0.0,0.0,3.3244811921052127e9,0.0,3.3244811921052127e9
coal_Region29Qinghai,0.0,0.0,0.0,0.0,0.0,2.7447016578182545e9,0.0,2.7447016578182545e9
coal_Region30Ningxia,0.0,0.0,0.0,0.0,0.0,3.3061040124039536e9,0.0,3.3061040124039536e9
coal_Region31Xinjiang,0.0,0.0,0.0,0.0,0.0,8.414449110841042e9,0.0,8.414449110841042e9
uranium_source,0.0,0.0,0.0,0.0,0.0,2.8899339752509254e10,0.0,2.8899339752509254e10
h2_Region1Beijing,0.0,0.0,0.0,0.0,548962.479551079,0.0,0.0,548962.479551079
h2_Region2Tianjin,0.0,0.0,0.0,0.0,557652.1152695041,0.0,0.0,557652.1152695041
h2_Region3Hebei,0.0,0.0,0.0,0.0,564560.4508826251,0.0,0.0,564560.4508826251
h2_Region4Shanxi,0.0,0.0,0.0,0.0,564084.4176870614,0.0,0.0,564084.4176870614
h2_Region5Innermongolia,0.0,0.0,0.0,0.0,616124.9150977132,0.0,0.0,616124.9150977132
h2_Region6Liaoning,0.0,0.0,0.0,0.0,563705.4584755789,0.0,0.0,563705.4584755789
h2_Region7Jilin,0.0,0.0,0.0,0.0,563880.3822643136,0.0,0.0,563880.3822643136
h2_Region8Heilongjiang,0.0,0.0,0.0,0.0,565266.8104509856,0.0,0.0,565266.8104509856
h2_Region9Shanghai,0.0,0.0,0.0,0.0,563511.0127427274,0.0,0.0,563511.0127427274
h2_Region10Jiangsu,0.0,0.0,0.0,0.0,560611.7205038434,0.0,0.0,560611.7205038434
h2_Region11Zhejiang,0.0,0.0,0.0,0.0,566480.2476395158,0.0,0.0,566480.2476395158
h2_Region12Anhui,0.0,0.0,0.0,0.0,566234.2741900759,0.0,0.0,566234.2741900759
h2_Region13Fujian,0.0,0.0,0.0,0.0,566777.0595166066,0.0,0.0,566777.0595166066
h2_Region14Jiangxi,0.0,0.0,0.0,0.0,554181.871602718,0.0,0.0,554181.871602718
h2_Region15Shandong,0.0,0.0,0.0,0.0,554812.9944046091,0.0,0.0,554812.9944046091
h2_Region16Henan,0.0,0.0,0.0,0.0,566298.9647346383,0.0,0.0,566298.9647346383
h2_Region17Hubei,0.0,0.0,0.0,0.0,567589.8850256688,0.0,0.0,567589.8850256688
h2_Region18Hunan,0.0,0.0,0.0,0.0,573648.7269552443,0.0,0.0,573648.7269552443
h2_Region19Guangdong,0.0,0.0,0.0,0.0,554734.7285948204,0.0,0.0,554734.7285948204
h2_Region20Guangxi,0.0,0.0,0.0,0.0,569645.1631281523,0.0,0.0,569645.1631281523
h2_Region21Hainan,0.0,0.0,0.0,0.0,530868.1050970183,0.0,0.0,530868.1050970183
h2_Region22Chongqing,0.0,0.0,0.0,0.0,562939.3839814082,0.0,0.0,562939.3839814082
h2_Region23Sichuan,0.0,0.0,0.0,0.0,554065.0116523826,0.0,0.0,554065.0116523826
h2_Region24Guizhou,0.0,0.0,0.0,0.0,571894.2943126549,0.0,0.0,571894.2943126549
h2_Region25Yunnan,0.0,0.0,0.0,0.0,568265.6294592957,0.0,0.0,568265.6294592957
h2_Region26Tibet,0.0,0.0,0.0,0.0,601538.0792732198,0.0,0.0,601538.0792732198
h2_Region27Shaanxi,0.0,0.0,0.0,0.0,560421.3651135089,0.0,0.0,560421.3651135089
h2_Region28Gansu,0.0,0.0,0.0,0.0,610639.8351634244,0.0,0.0,610639.8351634244
h2_Region29Qinghai,0.0,0.0,0.0,0.0,618188.5885314154,0.0,0.0,618188.5885314154
h2_Region30Ningxia,0.0,0.0,0.0,0.0,561379.2434711348,0.0,0.0,561379.2434711348
h2_Region31Xinjiang,0.0,0.0,0.0,0.0,600909.4526474443,0.0,0.0,600909.4526474443
co2_sink_national,0.0,0.0,0.0,0.0,0.0,0.0,165456.35871442355,165456.35871442355
biomass_Region1Beijing,0.0,0.0,0.0,0.0,0.0,2.9879978249183416e9,0.0,2.9879978249183416e9
biomass_Region2Tianjin,0.0,0.0,0.0,0.0,0.0,4.112238951166893e9,0.0,4.112238951166893e9
biomass_Region3Hebei,0.0,0.0,0.0,0.0,0.0,3.79990705085858e10,0.0,3.79990705085858e10
biomass_Region4Shanxi,0.0,0.0,0.0,0.0,0.0,2.1435437820250443e10,0.0,2.1435437820250443e10
biomass_Region5Innermongolia,0.0,0.0,0.0,0.0,0.0,2.708288762007452e10,0.0,2.708288762007452e10
biomass_Region6Liaoning,0.0,0.0,0.0,0.0,0.0,2.6748715183420223e10,0.0,2.6748715183420223e10
biomass_Region7Jilin,0.0,0.0,0.0,0.0,0.0,3.382150431709331e10,0.0,3.382150431709331e10
biomass_Region8Heilongjiang,0.0,0.0,0.0,0.0,0.0,3.832922966120513e10,0.0,3.832922966120513e10
biomass_Region9Shanghai,0.0,0.0,0.0,0.0,0.0,3.6665800323913283e9,0.0,3.6665800323913283e9
biomass_Region10Jiangsu,0.0,0.0,0.0,0.0,0.0,3.4525817916787994e10,0.0,3.4525817916787994e10
biomass_Region11Zhejiang,0.0,0.0,0.0,0.0,0.0,2.4660783815217037e10,0.0,2.4660783815217037e10
biomass_Region12Anhui,0.0,0.0,0.0,0.0,0.0,3.3987035846963417e10,0.0,3.3987035846963417e10
biomass_Region13Fujian,0.0,0.0,0.0,0.0,0.0,3.11676919654396e10,0.0,3.11676919654396e10
biomass_Region14Jiangxi,0.0,0.0,0.0,0.0,0.0,2.6500935311939663e10,0.0,2.6500935311939663e10
biomass_Region15Shandong,0.0,0.0,0.0,0.0,0.0,4.666019607380154e10,0.0,4.666019607380154e10
biomass_Region16Henan,0.0,0.0,0.0,0.0,0.0,4.312684721408543e10,0.0,4.312684721408543e10
biomass_Region17Hubei,0.0,0.0,0.0,0.0,0.0,3.6285735712012596e10,0.0,3.6285735712012596e10
biomass_Region18Hunan,0.0,0.0,0.0,0.0,0.0,3.2411203539780975e10,0.0,3.2411203539780975e10
biomass_Region19Guangdong,0.0,0.0,0.0,0.0,0.0,4.241383438293454e10,0.0,4.241383438293454e10
biomass_Region20Guangxi,0.0,0.0,0.0,0.0,0.0,3.1639908622896732e10,0.0,3.1639908622896732e10
biomass_Region21Hainan,0.0,0.0,0.0,0.0,0.0,9.046457923973787e9,0.0,9.046457923973787e9
biomass_Region22Chongqing,0.0,0.0,0.0,0.0,0.0,1.5714359175054775e10,0.0,1.5714359175054775e10
biomass_Region23Sichuan,0.0,0.0,0.0,0.0,0.0,3.608954118757386e10,0.0,3.608954118757386e10
biomass_Region24Guizhou,0.0,0.0,0.0,0.0,0.0,1.8583162004648464e10,0.0,1.8583162004648464e10
biomass_Region25Yunnan,0.0,0.0,0.0,0.0,0.0,3.490193023761642e10,0.0,3.490193023761642e10
biomass_Region26Tibet,0.0,0.0,0.0,0.0,0.0,5.252249378796524e9,0.0,5.252249378796524e9
biomass_Region27Shaanxi,0.0,0.0,0.0,0.0,0.0,2.527767682937513e10,0.0,2.527767682937513e10
biomass_Region28Gansu,0.0,0.0,0.0,0.0,0.0,1.0951781861536235e8,0.0,1.0951781861536235e8
biomass_Region29Qinghai,0.0,0.0,0.0,0.0,0.0,2.345744762499712e9,0.0,2.345744762499712e9
biomass_Region30Ningxia,0.0,0.0,0.0,0.0,0.0,4.628488624273317e9,0.0,4.628488624273317e9
biomass_Region31Xinjiang,0.0,0.0,0.0,0.0,0.0,1.969173447684423e10,0.0,1.969173447684423e10
steelscrap_source_Region1Beijing,0.0,0.0,0.0,0.0,0.0,3.4175852924090857e6,0.0,3.4175852924090857e6
steelscrap_source_Region2Tianjin,0.0,0.0,0.0,0.0,0.0,3.3013518037389135e6,0.0,3.3013518037389135e6
steelscrap_source_Region3Hebei,0.0,0.0,0.0,0.0,0.0,3.5489465326668783e6,0.0,3.5489465326668783e6
steelscrap_source_Region4Shanxi,0.0,0.0,0.0,0.0,0.0,3.184798359672893e6,0.0,3.184798359672893e6
steelscrap_source_Region5Innermongolia,0.0,0.0,0.0,0.0,0.0,2.8404671381709795e6,0.0,2.8404671381709795e6
steelscrap_source_Region6Liaoning,0.0,0.0,0.0,0.0,0.0,2.9317791467317715e6,0.0,2.9317791467317715e6
steelscrap_source_Region7Jilin,0.0,0.0,0.0,0.0,0.0,2.70231896481155e6,0.0,2.70231896481155e6
steelscrap_source_Region8Heilongjiang,0.0,0.0,0.0,0.0,0.0,2.570724157172597e6,0.0,2.570724157172597e6
steelscrap_source_Region9Shanghai,0.0,0.0,0.0,0.0,0.0,5.7775763821732085e6,0.0,5.7775763821732085e6
steelscrap_source_Region10Jiangsu,0.0,0.0,0.0,0.0,0.0,4.983424073511875e6,0.0,4.983424073511875e6
steelscrap_source_Region11Zhejiang,0.0,0.0,0.0,0.0,0.0,5.907493741119495e6,0.0,5.907493741119495e6
steelscrap_source_Region12Anhui,0.0,0.0,0.0,0.0,0.0,4.359009838915552e6,0.0,4.359009838915552e6
steelscrap_source_Region13Fujian,0.0,0.0,0.0,0.0,0.0,6.041823665502775e6,0.0,6.041823665502775e6
steelscrap_source_Region14Jiangxi,0.0,0.0,0.0,0.0,0.0,3.997927976013012e6,0.0,3.997927976013012e6
steelscrap_source_Region15Shandong,0.0,0.0,0.0,0.0,0.0,3.952015972009683e6,0.0,3.952015972009683e6
steelscrap_source_Region16Henan,0.0,0.0,0.0,0.0,0.0,3.4125367594678877e6,0.0,3.4125367594678877e6
steelscrap_source_Region17Hubei,0.0,0.0,0.0,0.0,0.0,3.779019607508266e6,0.0,3.779019607508266e6
steelscrap_source_Region18Hunan,0.0,0.0,0.0,0.0,0.0,3.7160481507880595e6,0.0,3.7160481507880595e6
steelscrap_source_Region19Guangdong,0.0,0.0,0.0,0.0,0.0,5.3787048674141625e6,0.0,5.3787048674141625e6
steelscrap_source_Region20Guangxi,0.0,0.0,0.0,0.0,0.0,3.8384766596919876e6,0.0,3.8384766596919876e6
steelscrap_source_Region21Hainan,0.0,0.0,0.0,0.0,0.0,3.535440556210831e6,0.0,3.535440556210831e6
steelscrap_source_Region22Chongqing,0.0,0.0,0.0,0.0,0.0,3.1296684713816266e6,0.0,3.1296684713816266e6
steelscrap_source_Region23Sichuan,0.0,0.0,0.0,0.0,0.0,3.2150695782868294e6,0.0,3.2150695782868294e6
steelscrap_source_Region24Guizhou,0.0,0.0,0.0,0.0,0.0,3.2241442400178644e6,0.0,3.2241442400178644e6
steelscrap_source_Region25Yunnan,0.0,0.0,0.0,0.0,0.0,4.374889723872909e6,0.0,4.374889723872909e6
steelscrap_source_Region27Shaanxi,0.0,0.0,0.0,0.0,0.0,2.7100466611315506e6,0.0,2.7100466611315506e6
steelscrap_source_Region28Gansu,0.0,0.0,0.0,0.0,0.0,2.304804046923265e6,0.0,2.304804046923265e6
steelscrap_source_Region29Qinghai,0.0,0.0,0.0,0.0,0.0,2.279664154194209e6,0.0,2.279664154194209e6
steelscrap_source_Region30Ningxia,0.0,0.0,0.0,0.0,0.0,2.4945060407005893e6,0.0,2.4945060407005893e6
steelscrap_source_Region31Xinjiang,0.0,0.0,0.0,0.0,0.0,2.5750712354951445e6,0.0,2.5750712354951445e6
aluminumscrap_source_Region1Beijing,0.0,0.0,0.0,0.0,0.0,1.008644348033637e9,0.0,1.008644348033637e9
aluminumscrap_source_Region2Tianjin,0.0,0.0,0.0,0.0,0.0,2.093547756051076e9,0.0,2.093547756051076e9
aluminumscrap_source_Region12Anhui,0.0,0.0,0.0,0.0,0.0,6.0456888109741684e10,0.0,6.0456888109741684e10
aluminumscrap_source_Region9Shanghai,0.0,0.0,0.0,0.0,0.0,1.3992021320594285e9,0.0,1.3992021320594285e9
aluminumscrap_source_Region22Chongqing,0.0,0.0,0.0,0.0,0.0,2.6030050562380337e10,0.0,2.6030050562380337e10
aluminumscrap_source_Region13Fujian,0.0,0.0,0.0,0.0,0.0,3.8616376550883644e10,0.0,3.8616376550883644e10
aluminumscrap_source_Region28Gansu,0.0,0.0,0.0,0.0,0.0,2.0894051274414318e10,0.0,2.0894051274414318e10
aluminumscrap_source_Region19Guangdong,0.0,0.0,0.0,0.0,0.0,4.552911944555899e10,0.0,4.552911944555899e10
aluminumscrap_source_Region20Guangxi,0.0,0.0,0.0,0.0,0.0,5.408888795266916e10,0.0,5.408888795266916e10
aluminumscrap_source_Region24Guizhou,0.0,0.0,0.0,0.0,0.0,4.814263468865486e10,0.0,4.814263468865486e10
aluminumscrap_source_Region21Hainan,0.0,0.0,0.0,0.0,0.0,8.12713803759385e9,0.0,8.12713803759385e9
aluminumscrap_source_Region3Hebei,0.0,0.0,0.0,0.0,0.0,4.717586152092419e10,0.0,4.717586152092419e10
aluminumscrap_source_Region8Heilongjiang,0.0,0.0,0.0,0.0,0.0,9.588379791789764e9,0.0,9.588379791789764e9
aluminumscrap_source_Region16Henan,0.0,0.0,0.0,0.0,0.0,4.677441454265439e10,0.0,4.677441454265439e10
aluminumscrap_source_Region17Hubei,0.0,0.0,0.0,0.0,0.0,3.925737227475845e10,0.0,3.925737227475845e10
aluminumscrap_source_Region18Hunan,0.0,0.0,0.0,0.0,0.0,4.915594066987095e10,0.0,4.915594066987095e10
aluminumscrap_source_Region5Innermongolia,0.0,0.0,0.0,0.0,0.0,1.4353773485699886e10,0.0,1.4353773485699886e10
aluminumscrap_source_Region10Jiangsu,0.0,0.0,0.0,0.0,0.0,5.658656738831459e10,0.0,5.658656738831459e10
aluminumscrap_source_Region14Jiangxi,0.0,0.0,0.0,0.0,0.0,4.3919909726525795e10,0.0,4.3919909726525795e10
aluminumscrap_source_Region7Jilin,0.0,0.0,0.0,0.0,0.0,9.45662923589187e9,0.0,9.45662923589187e9
aluminumscrap_source_Region6Liaoning,0.0,0.0,0.0,0.0,0.0,2.098902714016242e10,0.0,2.098902714016242e10
aluminumscrap_source_Region30Ningxia,0.0,0.0,0.0,0.0,0.0,7.852131829747106e9,0.0,7.852131829747106e9
aluminumscrap_source_Region29Qinghai,0.0,0.0,0.0,0.0,0.0,2.538606699656103e9,0.0,2.538606699656103e9
aluminumscrap_source_Region27Shaanxi,0.0,0.0,0.0,0.0,0.0,2.7094707046578045e10,0.0,2.7094707046578045e10
aluminumscrap_source_Region15Shandong,0.0,0.0,0.0,0.0,0.0,6.3460166723643875e10,0.0,6.3460166723643875e10
aluminumscrap_source_Region4Shanxi,0.0,0.0,0.0,0.0,0.0,2.2329408984133575e10,0.0,2.2329408984133575e10
aluminumscrap_source_Region23Sichuan,0.0,0.0,0.0,0.0,0.0,5.769841943235893e10,0.0,5.769841943235893e10
aluminumscrap_source_Region31Xinjiang,0.0,0.0,0.0,0.0,0.0,1.6000297997612875e10,0.0,1.6000297997612875e10
aluminumscrap_source_Region25Yunnan,0.0,0.0,0.0,0.0,0.0,5.222013254395381e10,0.0,5.222013254395381e10
aluminumscrap_source_Region11Zhejiang,0.0,0.0,0.0,0.0,0.0,5.280358289369527e10,0.0,5.280358289369527e10
bauxite_source_Region1Beijing,0.0,0.0,0.0,0.0,0.0,3080.5430867144632,0.0,3080.5430867144632
bauxite_source_Region2Tianjin,0.0,0.0,0.0,0.0,0.0,3159.453874940398,0.0,3159.453874940398
bauxite_source_Region12Anhui,0.0,0.0,0.0,0.0,0.0,3013.5433739481823,0.0,3013.5433739481823
bauxite_source_Region9Shanghai,0.0,0.0,0.0,0.0,0.0,3049.378079896739,0.0,3049.378079896739
bauxite_source_Region22Chongqing,0.0,0.0,0.0,0.0,0.0,4617.507722619461,0.0,4617.507722619461
bauxite_source_Region13Fujian,0.0,0.0,0.0,0.0,0.0,2883.7759791057597,0.0,2883.7759791057597
bauxite_source_Region28Gansu,0.0,0.0,0.0,0.0,0.0,6753.404748041212,0.0,6753.404748041212
bauxite_source_Region19Guangdong,0.0,0.0,0.0,0.0,0.0,2661.7046345937665,0.0,2661.7046345937665
bauxite_source_Region20Guangxi,0.0,0.0,0.0,0.0,0.0,4639.530576376697,0.0,4639.530576376697
bauxite_source_Region24Guizhou,0.0,0.0,0.0,0.0,0.0,4762.345236444837,0.0,4762.345236444837
bauxite_source_Region21Hainan,0.0,0.0,0.0,0.0,0.0,3643.8378624605684,0.0,3643.8378624605684
bauxite_source_Region3Hebei,0.0,0.0,0.0,0.0,0.0,3368.1725951139606,0.0,3368.1725951139606
bauxite_source_Region8Heilongjiang,0.0,0.0,0.0,0.0,0.0,4009.673377506265,0.0,4009.673377506265
bauxite_source_Region16Henan,0.0,0.0,0.0,0.0,0.0,3283.0283510427876,0.0,3283.0283510427876
bauxite_source_Region17Hubei,0.0,0.0,0.0,0.0,0.0,3405.2635271894424,0.0,3405.2635271894424
bauxite_source_Region18Hunan,0.0,0.0,0.0,0.0,0.0,2967.706517753164,0.0,2967.706517753164
bauxite_source_Region5Innermongolia,0.0,0.0,0.0,0.0,0.0,62261.435783174886,0.0,62261.435783174886
bauxite_source_Region10Jiangsu,0.0,0.0,0.0,0.0,0.0,3020.107348728163,0.0,3020.107348728163
bauxite_source_Region14Jiangxi,0.0,0.0,0.0,0.0,0.0,4281.371215069781,0.0,4281.371215069781
bauxite_source_Region7Jilin,0.0,0.0,0.0,0.0,0.0,3892.6307774641637,0.0,3892.6307774641637
bauxite_source_Region6Liaoning,0.0,0.0,0.0,0.0,0.0,3557.6418346612527,0.0,3557.6418346612527
bauxite_source_Region30Ningxia,0.0,0.0,0.0,0.0,0.0,3284.8846009814274,0.0,3284.8846009814274
bauxite_source_Region29Qinghai,0.0,0.0,0.0,0.0,0.0,4299.995271513066,0.0,4299.995271513066
bauxite_source_Region27Shaanxi,0.0,0.0,0.0,0.0,0.0,3249.9863091647417,0.0,3249.9863091647417
bauxite_source_Region15Shandong,0.0,0.0,0.0,0.0,0.0,3482.857581140354,0.0,3482.857581140354
bauxite_source_Region4Shanxi,0.0,0.0,0.0,0.0,0.0,5038.239102762647,0.0,5038.239102762647
bauxite_source_Region23Sichuan,0.0,0.0,0.0,0.0,0.0,3053.0090191269746,0.0,3053.0090191269746
bauxite_source_Region26Tibet,0.0,0.0,0.0,0.0,0.0,794.1079296336346,0.0,794.1079296336346
bauxite_source_Region31Xinjiang,0.0,0.0,0.0,0.0,0.0,4352.450952773523,0.0,4352.450952773523
bauxite_source_Region25Yunnan,0.0,0.0,0.0,0.0,0.0,4395.643763323484,0.0,4395.643763323484
bauxite_source_Region11Zhejiang,0.0,0.0,0.0,0.0,0.0,3202.7201887426686,0.0,3202.7201887426686
graphite_source_Region1Beijing,0.0,0.0,0.0,0.0,0.0,3325.28398824962,0.0,3325.28398824962
graphite_source_Region2Tianjin,0.0,0.0,0.0,0.0,0.0,3410.4640273536206,0.0,3410.4640273536206
graphite_source_Region12Anhui,0.0,0.0,0.0,0.0,0.0,3252.9613276642694,0.0,3252.9613276642694
graphite_source_Region9Shanghai,0.0,0.0,0.0,0.0,0.0,3291.643005069871,0.0,3291.643005069871
graphite_source_Region22Chongqing,0.0,0.0,0.0,0.0,0.0,4984.356349977832,0.0,4984.356349977832
graphite_source_Region13Fujian,0.0,0.0,0.0,0.0,0.0,3112.8842606927424,0.0,3112.8842606927424
graphite_source_Region28Gansu,0.0,0.0,0.0,0.0,0.0,7289.944676210306,0.0,7289.944676210306
graphite_source_Region19Guangdong,0.0,0.0,0.0,0.0,0.0,2873.1699423507926,0.0,2873.1699423507926
graphite_source_Region20Guangxi,0.0,0.0,0.0,0.0,0.0,5008.12886051024,0.0,5008.12886051024
graphite_source_Region24Guizhou,0.0,0.0,0.0,0.0,0.0,5140.700816542377,0.0,5140.700816542377
graphite_source_Region21Hainan,0.0,0.0,0.0,0.0,0.0,3933.3310259721043,0.0,3933.3310259721043
graphite_source_Region3Hebei,0.0,0.0,0.0,0.0,0.0,3635.7648910988482,0.0,3635.7648910988482
graphite_source_Region8Heilongjiang,0.0,0.0,0.0,0.0,0.0,4328.231193335764,0.0,4328.231193335764
graphite_source_Region16Henan,0.0,0.0,0.0,0.0,0.0,3543.8561647698634,0.0,3543.8561647698634
graphite_source_Region17Hubei,0.0,0.0,0.0,0.0,0.0,3675.8025984341893,0.0,3675.8025984341893
graphite_source_Region18Hunan,0.0,0.0,0.0,0.0,0.0,3203.4828559511816,0.0,3203.4828559511816
graphite_source_Region5Innermongolia,0.0,0.0,0.0,0.0,0.0,67207.94018045648,0.0,67207.94018045648
graphite_source_Region10Jiangsu,0.0,0.0,0.0,0.0,0.0,3260.0467926685837,0.0,3260.0467926685837
graphite_source_Region14Jiangxi,0.0,0.0,0.0,0.0,0.0,4621.514696750606,0.0,4621.514696750606
graphite_source_Region7Jilin,0.0,0.0,0.0,0.0,0.0,4201.889872046815,0.0,4201.889872046815
graphite_source_Region6Liaoning,0.0,0.0,0.0,0.0,0.0,3840.2869545134486,0.0,3840.2869545134486
graphite_source_Region30Ningxia,0.0,0.0,0.0,0.0,0.0,3545.8598887968674,0.0,3545.8598887968674
graphite_source_Region29Qinghai,0.0,0.0,0.0,0.0,0.0,4641.618384621159,0.0,4641.618384621159
graphite_source_Region27Shaanxi,0.0,0.0,0.0,0.0,0.0,3508.1890211190994,0.0,3508.1890211190994
graphite_source_Region15Shandong,0.0,0.0,0.0,0.0,0.0,3759.5612922499568,0.0,3759.5612922499568
graphite_source_Region4Shanxi,0.0,0.0,0.0,0.0,0.0,5438.513711963161,0.0,5438.513711963161
graphite_source_Region23Sichuan,0.0,0.0,0.0,0.0,0.0,3295.56241270182,0.0,3295.56241270182
graphite_source_Region26Tibet,0.0,0.0,0.0,0.0,0.0,857.197678792785,0.0,857.197678792785
graphite_source_Region31Xinjiang,0.0,0.0,0.0,0.0,0.0,4698.2415293324,0.0,4698.2415293324
graphite_source_Region25Yunnan,0.0,0.0,0.0,0.0,0.0,4744.8658930521215,0.0,4744.8658930521215
graphite_source_Region11Zhejiang,0.0,0.0,0.0,0.0,0.0,3457.167733962273,0.0,3457.167733962273
cog_Region3Hebei,0.0,0.0,0.0,0.0,0.0,466319.8605434026,0.0,466319.8605434026
cog_Region4Shanxi,0.0,0.0,0.0,0.0,0.0,937675.1119466334,0.0,937675.1119466334
cog_Region5Innermongolia,0.0,0.0,0.0,0.0,0.0,476589.2497268037,0.0,476589.2497268037
cog_Region7Jilin,0.0,0.0,0.0,0.0,0.0,485269.43045903253,0.0,485269.43045903253
cog_Region8Heilongjiang,0.0,0.0,0.0,0.0,0.0,448101.66590461164,0.0,448101.66590461164
cog_Region10Jiangsu,0.0,0.0,0.0,0.0,0.0,465285.2638738425,0.0,465285.2638738425
cog_Region12Anhui,0.0,0.0,0.0,0.0,0.0,482455.5901591108,0.0,482455.5901591108
cog_Region15Shandong,0.0,0.0,0.0,0.0,0.0,966456.7172128141,0.0,966456.7172128141
cog_Region16Henan,0.0,0.0,0.0,0.0,0.0,457784.5615282783,0.0,457784.5615282783
cog_Region23Sichuan,0.0,0.0,0.0,0.0,0.0,986596.1529040738,0.0,986596.1529040738
cog_Region25Yunnan,0.0,0.0,0.0,0.0,0.0,465407.64887404273,0.0,465407.64887404273
cog_Region27Shaanxi,0.0,0.0,0.0,0.0,0.0,471381.79515369463,0.0,471381.79515369463
cog_Region30Ningxia,0.0,0.0,0.0,0.0,0.0,1.0118177550384421e6,0.0,1.0118177550384421e6
Total,2.500983105186121e12,1.321711095713679e12,3.05239327347746e11,2.316376480302675e9,1.4840237633084837e8,2.1679849657218328e12,165456.35871442355,6.298383438282371e12
