DiscountedFixedCost,DiscountedVariableCost,DiscountedTotalCost
7.771564813999862e11,6.221707886532708e11,1.3993272700532568e12
