FixedCost,VariableCost,TotalCost
4.498078205520933e12,1.5947561449182812e12,6.092834350439214e12
